2021-05-18 15:30:00  INFO  [(5369., 5369., 5305., 5324., 351.,  267, 20210517211500)
 (5323., 5331., 5315., 5328.,  97.,  296, 20210517213000)
 (5326., 5361., 5321., 5322., 133.,  386, 20210517214500)
 (5324., 5340., 5317., 5340., 171.,  495, 20210517220000)
 (5331., 5338., 5300., 5313., 455.,  695, 20210517221500)
 (5313., 5333., 5304., 5315., 100.,  709, 20210517223000)
 (5316., 5324., 5313., 5318.,  40.,  726, 20210517224500)
 (5318., 5323., 5310., 5318.,  31.,  745, 20210517230000)
 (5318., 5386., 5318., 5372., 237.,  808, 20210518091500)
 (5370., 5390., 5364., 5388., 164.,  817, 20210518093000)
 (5387., 5396., 5370., 5374., 182.,  891, 20210518094500)
 (5371., 5377., 5350., 5362., 205., 1001, 20210518100000)
 (5359., 5377., 5359., 5370.,  41., 1006, 20210518101500)
 (5370., 5377., 5352., 5353.,  62., 1044, 20210518104500)
 (5352., 5352., 5306., 5328., 332., 1246, 20210518110000)
 (5323., 5334., 5316., 5320.,  56., 1261, 20210518111500)
 (5320., 5335., 5318., 5327.,  86., 1227, 20210518113000)
 (5335., 5342., 5321., 5324., 198., 1343, 20210518134500)
 (5324., 5324., 5306., 5322., 339., 1491, 20210518140000)
 (5319., 5329., 5319., 5328., 554., 1968, 20210518141500)
 (5326., 5330., 5320., 5322.,  62., 2010, 20210518143000)
 (5323., 5330., 5320., 5329.,  99., 2081, 20210518144500)
 (5329., 5340., 5326., 5333., 102., 2084, 20210518150000)]
2021-05-19 15:30:00  INFO  [(5322., 5322., 5286., 5299., 324., 2326, 20210518211500)
 (5299., 5316., 5288., 5298., 158., 2407, 20210518213000)
 (5304., 5316., 5302., 5311.,  89., 2371, 20210518214500)
 (5311., 5312., 5303., 5304.,  39., 2371, 20210518220000)
 (5304., 5304., 5296., 5297., 136., 2437, 20210518221500)
 (5297., 5301., 5289., 5300.,  69., 2479, 20210518223000)
 (5295., 5299., 5265., 5265., 331., 2775, 20210518224500)
 (5265., 5275., 5262., 5266., 138., 2780, 20210518230000)
 (5266., 5266., 5232., 5239., 595., 3249, 20210519091500)
 (5239., 5280., 5239., 5271., 131., 3184, 20210519093000)
 (5271., 5271., 5255., 5255.,  77., 3212, 20210519094500)
 (5255., 5257., 5215., 5215., 119., 3296, 20210519100000)
 (5215., 5225., 5207., 5220., 644., 3873, 20210519101500)
 (5220., 5220., 5180., 5188., 382., 4084, 20210519104500)
 (5188., 5201., 5169., 5172., 152., 4075, 20210519110000)
 (5172., 5189., 5167., 5186., 120., 4099, 20210519111500)
 (5186., 5186., 5134., 5134., 223., 4206, 20210519113000)
 (5134., 5139., 5100., 5118., 343., 4371, 20210519134500)
 (5118., 5146., 5104., 5132., 336., 4351, 20210519140000)
 (5132., 5148., 5123., 5133., 138., 4375, 20210519141500)
 (5133., 5139., 5093., 5098., 171., 4504, 20210519143000)
 (5098., 5107., 5084., 5088., 109., 4554, 20210519144500)
 (5088., 5097., 5070., 5085., 300., 4694, 20210519150000)]
2021-05-20 15:30:00  INFO  [(5085., 5085., 4902., 4941., 708., 4857, 20210519211500)
 (4941., 4986., 4920., 4971., 326., 4985, 20210519213000)
 (4970., 4970., 4940., 4953., 296., 5139, 20210519214500)
 (4953., 4960., 4919., 4923., 153., 5168, 20210519220000)
 (4922., 4923., 4901., 4907., 217., 5257, 20210519221500)
 (4907., 4911., 4871., 4900., 172., 5311, 20210519223000)
 (4900., 4903., 4853., 4857., 382., 5429, 20210519224500)
 (4857., 4857., 4800., 4831., 375., 5672, 20210519230000)
 (4831., 4868., 4789., 4808., 863., 5790, 20210520091500)
 (4808., 4842., 4793., 4828., 212., 5849, 20210520093000)
 (4828., 4866., 4823., 4864., 139., 5881, 20210520094500)
 (4864., 4872., 4840., 4840., 326., 5761, 20210520100000)
 (4840., 4863., 4840., 4847.,  37., 5769, 20210520101500)
 (4850., 4887., 4839., 4885., 145., 5756, 20210520104500)
 (4885., 4916., 4880., 4908., 118., 5750, 20210520110000)
 (4908., 4924., 4893., 4900., 117., 5760, 20210520111500)
 (4900., 4928., 4900., 4905., 321., 5976, 20210520113000)
 (4905., 5018., 4900., 5013., 495., 5889, 20210520134500)
 (5013., 5020., 4988., 4992., 329., 5984, 20210520140000)
 (4991., 4991., 4965., 4981., 196., 6069, 20210520141500)
 (4981., 5007., 4969., 5007., 138., 6035, 20210520143000)
 (5007., 5007., 4980., 4993.,  46., 6039, 20210520144500)
 (4993., 4998., 4948., 4950., 171., 6063, 20210520150000)]
2021-05-21 15:30:00  INFO  [(4980., 5008., 4950., 4969., 299., 6087, 20210520211500)
 (4969., 4973., 4935., 4951., 139., 6115, 20210520213000)
 (4951., 4970., 4937., 4937.,  80., 6133, 20210520214500)
 (4937., 4947., 4910., 4929., 108., 6148, 20210520220000)
 (4929., 4930., 4888., 4895., 128., 6211, 20210520221500)
 (4895., 4956., 4881., 4935., 197., 6218, 20210520223000)
 (4935., 4935., 4900., 4917.,  67., 6258, 20210520224500)
 (4917., 4960., 4917., 4960., 164., 6189, 20210520230000)
 (4960., 4992., 4929., 4948., 136., 6197, 20210521091500)
 (4949., 4974., 4944., 4958., 513., 6586, 20210521093000)
 (4958., 4958., 4930., 4931., 174., 6653, 20210521094500)
 (4931., 4936., 4920., 4920., 102., 6652, 20210521100000)
 (4920., 4930., 4915., 4918.,  55., 6673, 20210521101500)
 (4918., 4929., 4903., 4929.,  68., 6673, 20210521104500)
 (4929., 4943., 4921., 4938.,  59., 6672, 20210521110000)
 (4938., 4952., 4935., 4935.,  86., 6712, 20210521111500)
 (4935., 4940., 4925., 4935.,  25., 6727, 20210521113000)
 (4935., 4970., 4920., 4920., 156., 6787, 20210521134500)
 (4920., 4933., 4916., 4916., 318., 7051, 20210521140000)
 (4916., 4927., 4909., 4909.,  26., 7067, 20210521141500)
 (4907., 4913., 4895., 4895., 494., 7473, 20210521143000)
 (4900., 4921., 4890., 4902.,  80., 7497, 20210521144500)
 (4902., 4918., 4892., 4892., 122., 7579, 20210521150000)]
2021-05-24 15:30:00  INFO  [(4882., 4892., 4837., 4838., 628., 7747, 20210521211500)
 (4838., 4838., 4806., 4810., 306., 7720, 20210521213000)
 (4810., 4818., 4777., 4787., 382., 7888, 20210521214500)
 (4787., 4810., 4766., 4798., 155., 7936, 20210521220000)
 (4798., 4800., 4755., 4755., 160., 8024, 20210521221500)
 (4754., 4760., 4711., 4717., 628., 8482, 20210521223000)
 (4717., 4745., 4702., 4709., 268., 8506, 20210521224500)
 (4709., 4709., 4626., 4672., 579., 8748, 20210521230000)
 (4682., 4754., 4682., 4700., 910., 8894, 20210524091500)
 (4700., 4704., 4609., 4631., 853., 9464, 20210524093000)
 (4630., 4712., 4628., 4700., 338., 9483, 20210524094500)
 (4700., 4732., 4680., 4725., 184., 9543, 20210524100000)
 (4725., 4741., 4707., 4735., 266., 9591, 20210524101500)
 (4735., 4752., 4720., 4730., 140., 9657, 20210524104500)
 (4727., 4740., 4686., 4701., 154., 9703, 20210524110000)
 (4701., 4728., 4698., 4705., 115., 9716, 20210524111500)
 (4705., 4734., 4705., 4734.,  51., 9709, 20210524113000)
 (4739., 4747., 4696., 4702., 404., 9924, 20210524134500)
 (4702., 4710., 4687., 4702., 161., 9971, 20210524140000)
 (4702., 4725., 4697., 4725., 110., 9939, 20210524141500)
 (4725., 4745., 4715., 4740., 200., 9886, 20210524143000)
 (4740., 4790., 4734., 4775., 299., 9881, 20210524144500)
 (4775., 4783., 4761., 4765., 246., 9988, 20210524150000)]
2021-05-25 15:30:00  INFO  [(4762., 4808., 4762., 4767., 298.,  9994, 20210524211500)
 (4767., 4805., 4765., 4801., 110., 10000, 20210524213000)
 (4801., 4808., 4784., 4799., 279., 10082, 20210524214500)
 (4799., 4806., 4785., 4797., 165., 10164, 20210524220000)
 (4797., 4806., 4777., 4778., 188., 10202, 20210524221500)
 (4778., 4790., 4769., 4769., 160., 10263, 20210524223000)
 (4770., 4770., 4730., 4740., 409., 10288, 20210524224500)
 (4740., 4762., 4728., 4762., 341., 10343, 20210524230000)
 (4762., 4796., 4762., 4783., 378., 10429, 20210525091500)
 (4779., 4780., 4760., 4760., 148., 10508, 20210525093000)
 (4760., 4765., 4738., 4743., 114., 10548, 20210525094500)
 (4743., 4758., 4736., 4740., 105., 10611, 20210525100000)
 (4745., 4745., 4718., 4730., 200., 10637, 20210525101500)
 (4730., 4756., 4726., 4754.,  96., 10634, 20210525104500)
 (4754., 4788., 4754., 4785., 173., 10606, 20210525110000)
 (4785., 4788., 4745., 4751., 100., 10641, 20210525111500)
 (4751., 4773., 4750., 4763.,  64., 10648, 20210525113000)
 (4765., 4776., 4742., 4750., 134., 10666, 20210525134500)
 (4750., 4753., 4736., 4739., 125., 10700, 20210525140000)
 (4739., 4742., 4728., 4738., 117., 10739, 20210525141500)
 (4738., 4747., 4733., 4738., 108., 10762, 20210525143000)
 (4738., 4740., 4732., 4739.,  51., 10770, 20210525144500)
 (4739., 4745., 4711., 4719., 220., 10863, 20210525150000)]
2021-05-26 15:30:00  INFO  [(4675., 4689., 4641., 4644., 1550., 10404, 20210525211500)
 (4647., 4660., 4625., 4632.,  503., 10549, 20210525213000)
 (4632., 4648., 4625., 4648.,  308., 10609, 20210525214500)
 (4648., 4657., 4635., 4640.,  183., 10569, 20210525220000)
 (4640., 4685., 4640., 4662.,  371., 10557, 20210525221500)
 (4662., 4671., 4654., 4670.,  542., 10318, 20210525223000)
 (4670., 4685., 4657., 4666.,  148., 10276, 20210525224500)
 (4666., 4674., 4656., 4667.,  100., 10239, 20210525230000)
 (4667., 4682., 4662., 4662.,  174., 10294, 20210526091500)
 (4661., 4668., 4645., 4653.,  145., 10329, 20210526093000)
 (4653., 4663., 4644., 4649.,  260., 10368, 20210526094500)
 (4649., 4655., 4639., 4653.,  154., 10444, 20210526100000)
 (4653., 4669., 4653., 4658.,   73., 10438, 20210526101500)
 (4658., 4662., 4640., 4640.,  206., 10467, 20210526104500)
 (4640., 4642., 4635., 4642.,  414., 10729, 20210526110000)
 (4642., 4649., 4611., 4641.,  498., 10860, 20210526111500)
 (4641., 4648., 4610., 4615.,  555., 11066, 20210526113000)
 (4610., 4610., 4579., 4597., 1168., 11699, 20210526134500)
 (4597., 4597., 4571., 4580.,  329., 11728, 20210526140000)
 (4580., 4586., 4543., 4543.,  685., 11974, 20210526141500)
 (4543., 4570., 4507., 4526.,  808., 12157, 20210526143000)
 (4526., 4531., 4504., 4506.,  247., 12166, 20210526144500)
 (4506., 4512., 4475., 4476., 1142., 12746, 20210526150000)]
2021-05-27 15:30:00  INFO  [(4500., 4500., 4453., 4475.,  769., 12961, 20210526211500)
 (4475., 4479., 4449., 4470., 1098., 13464, 20210526213000)
 (4473., 4488., 4458., 4477., 1082., 14005, 20210526214500)
 (4477., 4500., 4474., 4496.,  399., 14113, 20210526220000)
 (4496., 4528., 4496., 4509.,  455., 14040, 20210526221500)
 (4509., 4527., 4487., 4490.,  173., 14070, 20210526223000)
 (4497., 4520., 4492., 4506.,  130., 14094, 20210526224500)
 (4506., 4512., 4496., 4505.,  233., 14196, 20210526230000)
 (4507., 4554., 4507., 4536.,  655., 14173, 20210527091500)
 (4536., 4544., 4524., 4527.,  160., 14199, 20210527093000)
 (4527., 4548., 4527., 4546.,  237., 14212, 20210527094500)
 (4546., 4557., 4540., 4549.,  280., 14218, 20210527100000)
 (4549., 4555., 4537., 4548.,  261., 14224, 20210527101500)
 (4548., 4561., 4545., 4557.,  149., 14211, 20210527104500)
 (4557., 4576., 4555., 4574.,  328., 14142, 20210527110000)
 (4574., 4577., 4560., 4568.,  170., 14208, 20210527111500)
 (4570., 4587., 4566., 4587.,  337., 14150, 20210527113000)
 (4582., 4625., 4582., 4617.,  661., 14199, 20210527134500)
 (4617., 4645., 4617., 4643.,  697., 14397, 20210527140000)
 (4643., 4643., 4615., 4617.,  648., 14502, 20210527141500)
 (4617., 4631., 4617., 4625.,  306., 14506, 20210527143000)
 (4625., 4640., 4625., 4638.,  353., 14435, 20210527144500)
 (4637., 4645., 4622., 4623.,  359., 14326, 20210527150000)]
2021-05-28 15:30:00  INFO  [(4617., 4691., 4617., 4684.,  739., 14344, 20210527211500)
 (4684., 4724., 4680., 4719.,  906., 14875, 20210527213000)
 (4719., 4757., 4713., 4738., 1036., 14993, 20210527214500)
 (4738., 4750., 4723., 4745.,  304., 15000, 20210527220000)
 (4745., 4764., 4744., 4750.,  318., 15030, 20210527221500)
 (4750., 4755., 4733., 4742.,  330., 15123, 20210527223000)
 (4742., 4769., 4742., 4760.,  367., 15048, 20210527224500)
 (4760., 4775., 4758., 4765.,  269., 15049, 20210527230000)
 (4765., 4800., 4756., 4760.,  792., 15297, 20210528091500)
 (4760., 4760., 4720., 4723.,  526., 15293, 20210528093000)
 (4723., 4743., 4715., 4718.,  454., 15409, 20210528094500)
 (4718., 4721., 4673., 4678., 1043., 15643, 20210528100000)
 (4678., 4719., 4678., 4710.,  386., 15741, 20210528101500)
 (4710., 4719., 4683., 4695.,  154., 15768, 20210528104500)
 (4695., 4720., 4695., 4695.,  199., 15856, 20210528110000)
 (4695., 4708., 4683., 4693.,  498., 16044, 20210528111500)
 (4693., 4715., 4693., 4715.,  152., 15998, 20210528113000)
 (4715., 4715., 4694., 4698.,  483., 16277, 20210528134500)
 (4698., 4703., 4656., 4664.,  697., 16616, 20210528140000)
 (4664., 4688., 4646., 4655.,  733., 17029, 20210528141500)
 (4655., 4681., 4640., 4678.,  278., 17076, 20210528143000)
 (4678., 4706., 4678., 4693.,  250., 16976, 20210528144500)
 (4693., 4735., 4687., 4734.,  421., 16743, 20210528150000)]
2021-05-31 15:30:00  INFO  [(4728., 4769., 4690., 4764.,  375., 16769, 20210528211500)
 (4764., 4790., 4753., 4759.,  631., 16505, 20210528213000)
 (4759., 4786., 4750., 4786.,  520., 16510, 20210528214500)
 (4786., 4810., 4780., 4798.,  639., 16763, 20210528220000)
 (4798., 4807., 4788., 4800.,  246., 16757, 20210528221500)
 (4802., 4816., 4789., 4802.,  391., 16709, 20210528223000)
 (4802., 4810., 4799., 4804.,   97., 16692, 20210528224500)
 (4804., 4850., 4804., 4850.,  479., 16496, 20210528230000)
 (4921., 4924., 4850., 4905., 1446., 16581, 20210531091500)
 (4905., 4914., 4863., 4873.,  800., 16481, 20210531093000)
 (4873., 4889., 4853., 4868.,  366., 16512, 20210531094500)
 (4868., 4873., 4848., 4866.,  355., 16607, 20210531100000)
 (4866., 4898., 4859., 4870.,  263., 16561, 20210531101500)
 (4870., 4872., 4815., 4830.,  514., 16754, 20210531104500)
 (4830., 4838., 4800., 4810.,  731., 16818, 20210531110000)
 (4810., 4820., 4790., 4812.,  534., 16700, 20210531111500)
 (4818., 4836., 4812., 4822.,  136., 16697, 20210531113000)
 (4822., 4823., 4784., 4802.,  275., 16782, 20210531134500)
 (4802., 4836., 4801., 4831.,  228., 16728, 20210531140000)
 (4831., 4855., 4820., 4848.,  283., 16717, 20210531141500)
 (4848., 4855., 4819., 4825.,  202., 16723, 20210531143000)
 (4825., 4836., 4811., 4820.,  129., 16744, 20210531144500)
 (4820., 4841., 4802., 4818.,  294., 16708, 20210531150000)]
2021-06-01 15:30:00  INFO  [(4802., 4842., 4651., 4679., 2085., 17118, 20210531211500)
 (4679., 4727., 4677., 4727.,  868., 17240, 20210531213000)
 (4727., 4747., 4722., 4731.,  678., 17323, 20210531214500)
 (4731., 4737., 4715., 4731.,  289., 17408, 20210531220000)
 (4731., 4770., 4731., 4756.,  642., 17746, 20210531221500)
 (4757., 4779., 4756., 4763.,  507., 17698, 20210531223000)
 (4760., 4795., 4760., 4773.,  458., 17659, 20210531224500)
 (4773., 4780., 4760., 4763.,  278., 17606, 20210531230000)
 (4763., 4763., 4731., 4763.,  993., 17985, 20210601091500)
 (4764., 4783., 4754., 4761.,  225., 17991, 20210601093000)
 (4761., 4770., 4741., 4750.,  485., 18102, 20210601094500)
 (4748., 4765., 4745., 4753.,  193., 18163, 20210601100000)
 (4753., 4756., 4725., 4754.,  423., 18381, 20210601101500)
 (4750., 4769., 4750., 4752.,  294., 18368, 20210601104500)
 (4752., 4778., 4751., 4760.,  399., 18356, 20210601110000)
 (4760., 4777., 4760., 4760.,   78., 18339, 20210601111500)
 (4760., 4798., 4760., 4795.,  468., 18240, 20210601113000)
 (4795., 4860., 4795., 4855., 1072., 17863, 20210601134500)
 (4855., 4873., 4848., 4865.,  478., 17712, 20210601140000)
 (4865., 4898., 4865., 4882.,  746., 17428, 20210601141500)
 (4882., 4901., 4875., 4886.,  951., 16796, 20210601143000)
 (4886., 4924., 4882., 4919.,  702., 16383, 20210601144500)
 (4922., 4934., 4915., 4927.,  560., 16250, 20210601150000)]
2021-06-02 15:30:00  INFO  [(4926., 4926., 4861., 4881., 938., 16437, 20210601211500)
 (4881., 4939., 4880., 4922., 623., 16311, 20210601213000)
 (4922., 4935., 4910., 4922., 184., 16300, 20210601214500)
 (4922., 4936., 4879., 4908., 361., 16299, 20210601220000)
 (4908., 4908., 4867., 4883., 491., 16306, 20210601221500)
 (4883., 4890., 4853., 4853., 276., 16246, 20210601223000)
 (4854., 4875., 4850., 4866., 274., 16179, 20210601224500)
 (4866., 4866., 4833., 4864., 297., 16143, 20210601230000)
 (4864., 4866., 4828., 4836., 466., 16268, 20210602091500)
 (4836., 4879., 4836., 4864., 278., 16293, 20210602093000)
 (4864., 4869., 4849., 4853., 196., 16350, 20210602094500)
 (4853., 4872., 4852., 4862.,  76., 16329, 20210602100000)
 (4862., 4870., 4852., 4866.,  38., 16326, 20210602101500)
 (4869., 4890., 4869., 4878., 223., 16366, 20210602104500)
 (4878., 4879., 4851., 4856.,  89., 16377, 20210602110000)
 (4856., 4859., 4842., 4857., 192., 16459, 20210602111500)
 (4857., 4857., 4819., 4823., 394., 16539, 20210602113000)
 (4810., 4850., 4797., 4850., 612., 16672, 20210602134500)
 (4850., 4851., 4832., 4835., 560., 16863, 20210602140000)
 (4835., 4846., 4830., 4835., 456., 16860, 20210602141500)
 (4835., 4835., 4806., 4814., 366., 16907, 20210602143000)
 (4814., 4822., 4786., 4807., 584., 16917, 20210602144500)
 (4807., 4831., 4807., 4809., 416., 16765, 20210602150000)]
2021-06-03 15:30:00  INFO  [(4807., 4819., 4779., 4805., 1215., 17267, 20210602211500)
 (4805., 4840., 4798., 4838.,  434., 17274, 20210602213000)
 (4838., 4855., 4832., 4847.,  279., 17278, 20210602214500)
 (4847., 4847., 4802., 4804.,  265., 17256, 20210602220000)
 (4804., 4825., 4799., 4819.,  261., 17297, 20210602221500)
 (4819., 4827., 4810., 4814.,  116., 17322, 20210602223000)
 (4814., 4839., 4814., 4831.,  199., 17370, 20210602224500)
 (4831., 4844., 4818., 4837.,  244., 17341, 20210602230000)
 (4837., 4887., 4830., 4881., 1503., 16958, 20210603091500)
 (4881., 4886., 4855., 4874.,  238., 16946, 20210603093000)
 (4874., 4889., 4859., 4882.,  298., 16898, 20210603094500)
 (4882., 4895., 4873., 4885.,  220., 16849, 20210603100000)
 (4885., 4890., 4868., 4883.,  202., 16865, 20210603101500)
 (4883., 4924., 4879., 4911.,  702., 16640, 20210603104500)
 (4911., 4940., 4911., 4922.,  814., 16508, 20210603110000)
 (4922., 4969., 4922., 4964.,  711., 16374, 20210603111500)
 (4964., 4965., 4900., 4922.,  488., 16305, 20210603113000)
 (4925., 4977., 4925., 4969., 1039., 16595, 20210603134500)
 (4969., 4985., 4957., 4972.,  439., 16626, 20210603140000)
 (4977., 4980., 4938., 4955.,  401., 16760, 20210603141500)
 (4955., 4958., 4928., 4938.,  340., 16789, 20210603143000)
 (4938., 4963., 4938., 4953.,  187., 16731, 20210603144500)
 (4953., 4955., 4925., 4943.,  642., 16655, 20210603150000)]
2021-06-04 15:30:00  INFO  [(4913., 4977., 4904., 4970.,  650., 16654, 20210603211500)
 (4970., 5026., 4968., 5012., 1201., 16454, 20210603213000)
 (5012., 5012., 4938., 4957., 1069., 16338, 20210603214500)
 (4957., 4959., 4930., 4949.,  744., 16395, 20210603220000)
 (4949., 4949., 4904., 4935.,  505., 16420, 20210603221500)
 (4935., 4950., 4925., 4949.,  167., 16381, 20210603223000)
 (4949., 4949., 4926., 4936.,  188., 16351, 20210603224500)
 (4936., 4942., 4915., 4920.,  296., 16304, 20210603230000)
 (4920., 4946., 4900., 4925.,  992., 16367, 20210604091500)
 (4925., 4950., 4924., 4933.,  224., 16308, 20210604093000)
 (4935., 4944., 4895., 4904.,  680., 16465, 20210604094500)
 (4904., 4925., 4895., 4917.,  569., 16503, 20210604100000)
 (4917., 4931., 4911., 4914.,  333., 16566, 20210604101500)
 (4914., 4940., 4914., 4928.,  249., 16565, 20210604104500)
 (4928., 4985., 4928., 4978.,  878., 16492, 20210604110000)
 (4978., 4996., 4974., 4982.,  381., 16430, 20210604111500)
 (4982., 5009., 4975., 5008.,  477., 16366, 20210604113000)
 (5009., 5040., 4990., 5007., 1251., 16223, 20210604134500)
 (5007., 5011., 4982., 4990.,  605., 16312, 20210604140000)
 (4990., 5006., 4970., 4979.,  332., 16323, 20210604141500)
 (4979., 4983., 4960., 4967.,  359., 16362, 20210604143000)
 (4967., 4979., 4946., 4968.,  521., 16482, 20210604144500)
 (4968., 4974., 4939., 4945.,  504., 16431, 20210604150000)]
2021-06-07 15:30:00  INFO  [(4965., 4999., 4951., 4970.,  990., 16472, 20210604211500)
 (4970., 4999., 4967., 4982.,  499., 16485, 20210604213000)
 (4983., 4990., 4962., 4970.,  362., 16502, 20210604214500)
 (4970., 4979., 4965., 4977.,   98., 16517, 20210604220000)
 (4975., 4984., 4969., 4969.,  128., 16499, 20210604221500)
 (4969., 4989., 4969., 4977.,  216., 16584, 20210604223000)
 (4977., 4978., 4956., 4971.,  244., 16616, 20210604224500)
 (4971., 4981., 4967., 4981.,  242., 16707, 20210604230000)
 (4982., 4982., 4890., 4908., 1693., 16712, 20210607091500)
 (4908., 4931., 4898., 4902.,  726., 16855, 20210607093000)
 (4902., 4912., 4888., 4910.,  891., 17218, 20210607094500)
 (4910., 4924., 4900., 4910.,  368., 17206, 20210607100000)
 (4910., 4921., 4901., 4907.,  214., 17219, 20210607101500)
 (4907., 4912., 4864., 4871.,  645., 17472, 20210607104500)
 (4871., 4884., 4845., 4854., 1401., 18107, 20210607110000)
 (4854., 4856., 4826., 4846.,  708., 18156, 20210607111500)
 (4846., 4859., 4828., 4830.,  294., 18175, 20210607113000)
 (4837., 4843., 4813., 4824.,  806., 18459, 20210607134500)
 (4822., 4829., 4816., 4822.,  269., 18574, 20210607140000)
 (4822., 4839., 4819., 4833.,  215., 18570, 20210607141500)
 (4833., 4833., 4805., 4808.,  397., 18744, 20210607143000)
 (4805., 4817., 4800., 4800.,  348., 18786, 20210607144500)
 (4800., 4805., 4770., 4771., 1516., 19555, 20210607150000)]
2021-06-08 15:30:00  INFO  [(4768., 4787., 4753., 4787., 951., 19484, 20210607211500)
 (4787., 4787., 4763., 4771., 363., 19520, 20210607213000)
 (4771., 4793., 4760., 4789., 355., 19543, 20210607214500)
 (4789., 4805., 4785., 4788., 335., 19566, 20210607220000)
 (4788., 4796., 4778., 4791., 626., 19671, 20210607221500)
 (4791., 4791., 4763., 4770., 257., 19682, 20210607223000)
 (4766., 4771., 4757., 4763., 215., 19669, 20210607224500)
 (4763., 4787., 4763., 4775., 286., 19566, 20210607230000)
 (4775., 4816., 4775., 4803., 550., 19543, 20210608091500)
 (4803., 4804., 4775., 4778., 206., 19557, 20210608093000)
 (4778., 4791., 4762., 4775., 261., 19578, 20210608094500)
 (4775., 4781., 4755., 4760., 197., 19615, 20210608100000)
 (4760., 4781., 4750., 4779., 178., 19605, 20210608101500)
 (4779., 4779., 4750., 4751., 648., 19963, 20210608104500)
 (4751., 4753., 4714., 4735., 947., 20320, 20210608110000)
 (4735., 4745., 4725., 4727., 209., 20371, 20210608111500)
 (4727., 4777., 4722., 4775., 363., 20294, 20210608113000)
 (4767., 4804., 4767., 4785., 522., 20179, 20210608134500)
 (4785., 4799., 4773., 4796., 317., 20171, 20210608140000)
 (4796., 4801., 4777., 4800., 404., 20184, 20210608141500)
 (4800., 4823., 4793., 4811., 369., 20143, 20210608143000)
 (4811., 4818., 4800., 4808., 156., 20118, 20210608144500)
 (4808., 4817., 4800., 4808., 220., 20069, 20210608150000)]
2021-06-09 15:30:00  INFO  [(4800., 4844., 4800., 4822., 708., 20131, 20210608211500)
 (4822., 4826., 4809., 4815., 151., 20144, 20210608213000)
 (4815., 4826., 4788., 4794., 477., 20244, 20210608214500)
 (4794., 4802., 4788., 4795., 173., 20281, 20210608220000)
 (4795., 4818., 4793., 4807., 219., 20287, 20210608221500)
 (4807., 4807., 4795., 4802.,  95., 20295, 20210608223000)
 (4804., 4825., 4802., 4819., 189., 20308, 20210608224500)
 (4819., 4822., 4802., 4820., 323., 20229, 20210608230000)
 (4821., 4856., 4821., 4849., 930., 20231, 20210609091500)
 (4849., 4852., 4841., 4848., 409., 20344, 20210609093000)
 (4848., 4850., 4835., 4840., 239., 20249, 20210609094500)
 (4840., 4843., 4819., 4826., 428., 20453, 20210609100000)
 (4826., 4834., 4815., 4831., 172., 20409, 20210609101500)
 (4831., 4847., 4831., 4844., 211., 20312, 20210609104500)
 (4844., 4849., 4840., 4847.,  70., 20288, 20210609110000)
 (4847., 4877., 4840., 4871., 612., 20051, 20210609111500)
 (4871., 4898., 4868., 4895., 409., 19835, 20210609113000)
 (4899., 4899., 4845., 4853., 731., 19825, 20210609134500)
 (4853., 4865., 4844., 4861., 502., 19959, 20210609140000)
 (4861., 4866., 4849., 4851., 286., 19936, 20210609141500)
 (4851., 4855., 4833., 4838., 324., 19935, 20210609143000)
 (4838., 4862., 4838., 4855., 118., 19891, 20210609144500)
 (4855., 4860., 4842., 4850., 173., 19801, 20210609150000)]
2021-06-10 15:30:00  INFO  [(4850., 4889., 4844., 4886.,  320., 19808, 20210609211500)
 (4886., 4890., 4873., 4876.,  400., 19690, 20210609213000)
 (4876., 4894., 4874., 4893.,  538., 19496, 20210609214500)
 (4893., 4897., 4879., 4887.,  276., 19418, 20210609220000)
 (4887., 4890., 4862., 4868.,  234., 19367, 20210609221500)
 (4868., 4888., 4864., 4879.,  842., 19039, 20210609223000)
 (4879., 4886., 4846., 4855.,  244., 18998, 20210609224500)
 (4855., 4886., 4855., 4882.,  390., 18835, 20210609230000)
 (4882., 4929., 4882., 4916., 2185., 18030, 20210610091500)
 (4916., 4928., 4908., 4924.,  234., 18039, 20210610093000)
 (4924., 4930., 4918., 4920.,  794., 17728, 20210610094500)
 (4920., 4927., 4910., 4910.,   77., 17713, 20210610100000)
 (4910., 4949., 4905., 4948., 1258., 17138, 20210610101500)
 (4949., 4970., 4946., 4964., 1580., 16675, 20210610104500)
 (4960., 4977., 4955., 4977., 1026., 16490, 20210610110000)
 (4977., 4979., 4966., 4966.,  398., 16391, 20210610111500)
 (4966., 4976., 4952., 4958.,  181., 16375, 20210610113000)
 (4958., 4959., 4934., 4943.,  369., 16362, 20210610134500)
 (4943., 4957., 4941., 4950.,  179., 16339, 20210610140000)
 (4950., 4955., 4943., 4949.,  129., 16310, 20210610141500)
 (4949., 4972., 4942., 4970.,  345., 16411, 20210610143000)
 (4970., 4975., 4952., 4952.,  215., 16399, 20210610144500)
 (4952., 4956., 4936., 4955.,  514., 16244, 20210610150000)]
2021-06-11 15:30:00  INFO  [(4955., 5009., 4955., 5009., 1082., 15847, 20210610211500)
 (5009., 5014., 4993., 4993.,  701., 15917, 20210610213000)
 (4993., 5008., 4985., 5001.,  264., 15844, 20210610214500)
 (5001., 5010., 5000., 5001.,  207., 15840, 20210610220000)
 (5001., 5014., 4995., 5014.,  224., 15833, 20210610221500)
 (5014., 5018., 5002., 5008.,  365., 15832, 20210610223000)
 (5008., 5017., 4983., 4991.,  339., 15790, 20210610224500)
 (4991., 5004., 4990., 5004.,  194., 15710, 20210610230000)
 (4998., 5018., 4991., 4995.,  283., 15714, 20210611091500)
 (4995., 5006., 4981., 4990.,  245., 15650, 20210611093000)
 (4990., 5002., 4990., 4994.,  215., 15581, 20210611094500)
 (4995., 4999., 4975., 4980.,  149., 15529, 20210611100000)
 (4980., 5002., 4966., 4998.,  255., 15501, 20210611101500)
 (4998., 5020., 4998., 5007.,  483., 15453, 20210611104500)
 (5007., 5013., 4998., 5009.,  117., 15455, 20210611110000)
 (5009., 5026., 5009., 5023.,  339., 15432, 20210611111500)
 (5023., 5038., 5021., 5038.,  631., 15250, 20210611113000)
 (5038., 5042., 5025., 5030.,  340., 15246, 20210611134500)
 (5030., 5047., 5030., 5045.,  667., 15036, 20210611140000)
 (5046., 5050., 5044., 5048.,  456., 14994, 20210611141500)
 (5048., 5059., 5047., 5055.,  820., 15207, 20210611143000)
 (5055., 5063., 5038., 5061., 1677., 15083, 20210611144500)
 (5061., 5080., 5043., 5075.,  533., 14936, 20210611150000)]
2021-06-15 15:30:00  INFO  [(5009., 5026., 5009., 5023.,  339., 15432, 20210611111500)
 (5023., 5038., 5021., 5038.,  631., 15250, 20210611113000)
 (5038., 5042., 5025., 5030.,  340., 15246, 20210611134500)
 (5030., 5047., 5030., 5045.,  667., 15036, 20210611140000)
 (5046., 5050., 5044., 5048.,  456., 14994, 20210611141500)
 (5048., 5059., 5047., 5055.,  820., 15207, 20210611143000)
 (5055., 5063., 5038., 5061., 1677., 15083, 20210611144500)
 (5061., 5080., 5043., 5075.,  533., 14936, 20210611150000)
 (5042., 5076., 4810., 4932., 2480., 15293, 20210615091500)
 (4932., 4964., 4927., 4929., 1381., 15028, 20210615093000)
 (4928., 4933., 4901., 4901.,  818., 15199, 20210615094500)
 (4901., 4960., 4901., 4955.,  617., 15038, 20210615100000)
 (4955., 4966., 4940., 4948.,  285., 15028, 20210615101500)
 (4948., 4950., 4901., 4906.,  443., 15028, 20210615104500)
 (4906., 4921., 4897., 4905.,  597., 15187, 20210615110000)
 (4905., 4925., 4891., 4897.,  303., 15259, 20210615111500)
 (4897., 4910., 4891., 4903.,  257., 15330, 20210615113000)
 (4898., 4929., 4898., 4925.,  827., 15096, 20210615134500)
 (4925., 4935., 4917., 4934.,  140., 15087, 20210615140000)
 (4934., 4979., 4933., 4965.,  710., 14975, 20210615141500)
 (4965., 4972., 4948., 4952.,  241., 14896, 20210615143000)
 (4952., 4963., 4951., 4958.,  128., 14894, 20210615144500)
 (4961., 4968., 4937., 4937.,  360., 14885, 20210615150000)]
2021-06-16 15:30:00  INFO  [(4937., 4949., 4917., 4922.,  443., 15022, 20210615211500)
 (4922., 4940., 4920., 4933.,  258., 14998, 20210615213000)
 (4933., 4941., 4926., 4935.,  127., 15022, 20210615214500)
 (4935., 4939., 4926., 4933.,  178., 15021, 20210615220000)
 (4933., 4934., 4912., 4914.,  211., 15083, 20210615221500)
 (4914., 4925., 4911., 4916.,  140., 15135, 20210615223000)
 (4916., 4917., 4890., 4898.,  435., 15331, 20210615224500)
 (4898., 4917., 4890., 4916.,  307., 15257, 20210615230000)
 (4916., 4917., 4891., 4909.,  405., 15422, 20210616091500)
 (4909., 4915., 4895., 4913.,  162., 15438, 20210616093000)
 (4914., 4927., 4909., 4913.,  306., 15366, 20210616094500)
 (4913., 4922., 4909., 4918.,   87., 15365, 20210616100000)
 (4918., 4923., 4888., 4888.,  313., 15500, 20210616101500)
 (4888., 4888., 4858., 4879., 1215., 16046, 20210616104500)
 (4879., 4881., 4866., 4876.,  316., 16123, 20210616110000)
 (4876., 4878., 4844., 4852., 1598., 16930, 20210616111500)
 (4852., 4858., 4827., 4827.,  589., 17153, 20210616113000)
 (4825., 4833., 4804., 4815., 1977., 17791, 20210616134500)
 (4815., 4815., 4797., 4807.,  945., 18006, 20210616140000)
 (4807., 4823., 4800., 4814.,  270., 17920, 20210616141500)
 (4814., 4816., 4801., 4815.,  186., 17946, 20210616143000)
 (4815., 4815., 4798., 4802.,  657., 18265, 20210616144500)
 (4802., 4822., 4799., 4807.,  518., 18221, 20210616150000)]
2021-06-17 15:30:00  INFO  [(4807., 4807., 4777., 4781., 1197., 18555, 20210616211500)
 (4781., 4788., 4773., 4775.,  510., 18762, 20210616213000)
 (4775., 4811., 4774., 4804.,  430., 18796, 20210616214500)
 (4804., 4828., 4801., 4820.,  473., 18822, 20210616220000)
 (4820., 4847., 4818., 4841.,  555., 18886, 20210616221500)
 (4841., 4861., 4840., 4852.,  390., 18839, 20210616223000)
 (4852., 4870., 4852., 4864.,  327., 18821, 20210616224500)
 (4864., 4875., 4834., 4838.,  797., 18544, 20210616230000)
 (4823., 4838., 4803., 4834.,  900., 18637, 20210617091500)
 (4834., 4849., 4816., 4824.,  274., 18652, 20210617093000)
 (4824., 4848., 4823., 4840.,  224., 18642, 20210617094500)
 (4840., 4858., 4832., 4838.,  223., 18618, 20210617100000)
 (4837., 4847., 4825., 4839.,  155., 18612, 20210617101500)
 (4839., 4867., 4837., 4864.,  259., 18597, 20210617104500)
 (4864., 4897., 4863., 4884.,  356., 18510, 20210617110000)
 (4884., 4890., 4860., 4860.,  252., 18477, 20210617111500)
 (4860., 4863., 4842., 4848.,  325., 18536, 20210617113000)
 (4848., 4885., 4838., 4860.,  583., 18454, 20210617134500)
 (4861., 4869., 4854., 4865.,  191., 18442, 20210617140000)
 (4865., 4871., 4848., 4853.,  247., 18398, 20210617141500)
 (4853., 4861., 4846., 4850.,  105., 18379, 20210617143000)
 (4850., 4885., 4847., 4880.,  240., 18372, 20210617144500)
 (4880., 4891., 4864., 4889.,  340., 18204, 20210617150000)]
2021-06-18 15:30:00  INFO  [(4889., 4904., 4858., 4883.,  483., 18240, 20210617211500)
 (4883., 4905., 4883., 4896.,  292., 18222, 20210617213000)
 (4896., 4908., 4893., 4894.,  368., 18142, 20210617214500)
 (4894., 4896., 4877., 4879.,  165., 18149, 20210617220000)
 (4879., 4885., 4871., 4880.,  175., 18172, 20210617221500)
 (4880., 4890., 4862., 4863.,  291., 18228, 20210617223000)
 (4863., 4885., 4857., 4878.,  293., 18207, 20210617224500)
 (4878., 4886., 4866., 4869.,  285., 18097, 20210617230000)
 (4860., 4881., 4844., 4858.,  723., 18151, 20210618091500)
 (4858., 4867., 4812., 4834.,  833., 18451, 20210618093000)
 (4834., 4876., 4832., 4870.,  552., 18434, 20210618094500)
 (4874., 4905., 4874., 4901.,  817., 18234, 20210618100000)
 (4898., 4902., 4877., 4889.,  173., 18205, 20210618101500)
 (4889., 4933., 4887., 4923., 1297., 17901, 20210618104500)
 (4923., 4927., 4897., 4927.,  507., 17888, 20210618110000)
 (4927., 4936., 4920., 4925.,  272., 17897, 20210618111500)
 (4925., 4929., 4911., 4928.,  213., 17909, 20210618113000)
 (4930., 4942., 4917., 4927.,  242., 17926, 20210618134500)
 (4927., 4949., 4927., 4943.,  245., 17853, 20210618140000)
 (4943., 4949., 4934., 4946.,  283., 17856, 20210618141500)
 (4946., 4946., 4914., 4918.,  314., 17822, 20210618143000)
 (4918., 4921., 4860., 4862.,  585., 17753, 20210618144500)
 (4862., 4872., 4840., 4844.,  934., 17615, 20210618150000)]
2021-06-21 15:30:00  INFO  [(4873., 4873., 4837., 4870.,  670., 17721, 20210618211500)
 (4870., 4870., 4853., 4861.,  163., 17740, 20210618213000)
 (4861., 4862., 4848., 4858.,  118., 17740, 20210618214500)
 (4858., 4858., 4839., 4840.,  168., 17756, 20210618220000)
 (4840., 4870., 4832., 4865.,  284., 17742, 20210618221500)
 (4865., 4870., 4858., 4864.,   83., 17728, 20210618223000)
 (4864., 4867., 4857., 4860.,   51., 17729, 20210618224500)
 (4860., 4860., 4841., 4843.,  282., 17792, 20210618230000)
 (4840., 4843., 4795., 4810., 2093., 18452, 20210621091500)
 (4810., 4810., 4790., 4796.,  708., 18664, 20210621093000)
 (4796., 4806., 4788., 4790.,  396., 18705, 20210621094500)
 (4790., 4808., 4785., 4803.,  363., 18722, 20210621100000)
 (4803., 4826., 4795., 4822.,  300., 18701, 20210621101500)
 (4822., 4826., 4795., 4810.,  252., 18759, 20210621104500)
 (4810., 4820., 4807., 4813.,  223., 18717, 20210621110000)
 (4813., 4823., 4810., 4818.,  161., 18687, 20210621111500)
 (4814., 4814., 4801., 4801.,  120., 18667, 20210621113000)
 (4801., 4801., 4773., 4774., 1326., 19170, 20210621134500)
 (4774., 4777., 4757., 4758., 1883., 18913, 20210621140000)
 (4758., 4764., 4750., 4758.,  405., 18901, 20210621141500)
 (4758., 4759., 4710., 4716., 1687., 19238, 20210621143000)
 (4714., 4729., 4706., 4720., 1234., 19639, 20210621144500)
 (4720., 4743., 4713., 4713., 1105., 19838, 20210621150000)]
2021-06-22 15:30:00  INFO  [(4721., 4721., 4652., 4656., 1042., 20087, 20210621211500)
 (4656., 4667., 4650., 4662.,  592., 20162, 20210621213000)
 (4662., 4686., 4654., 4679.,  465., 20079, 20210621214500)
 (4679., 4693., 4665., 4688.,  443., 20040, 20210621220000)
 (4686., 4713., 4684., 4697.,  422., 19934, 20210621221500)
 (4697., 4732., 4697., 4732.,  688., 20102, 20210621223000)
 (4732., 4740., 4708., 4712.,  221., 20088, 20210621224500)
 (4712., 4730., 4711., 4720.,  153., 20055, 20210621230000)
 (4720., 4740., 4709., 4729.,  356., 20129, 20210622091500)
 (4729., 4730., 4710., 4715.,  325., 20147, 20210622093000)
 (4715., 4724., 4701., 4701.,  211., 20163, 20210622094500)
 (4701., 4717., 4695., 4717.,  365., 20258, 20210622100000)
 (4717., 4725., 4709., 4711.,  140., 20237, 20210622101500)
 (4712., 4717., 4687., 4689.,  424., 20304, 20210622104500)
 (4689., 4704., 4684., 4690.,  196., 20378, 20210622110000)
 (4690., 4696., 4681., 4693.,  198., 20427, 20210622111500)
 (4693., 4734., 4693., 4716.,  377., 20380, 20210622113000)
 (4716., 4728., 4711., 4721.,  284., 20394, 20210622134500)
 (4721., 4727., 4710., 4719.,  271., 20381, 20210622140000)
 (4719., 4743., 4716., 4741.,  235., 20368, 20210622141500)
 (4741., 4743., 4722., 4731.,  258., 20364, 20210622143000)
 (4731., 4741., 4726., 4735.,  263., 20334, 20210622144500)
 (4735., 4742., 4724., 4728.,  213., 20246, 20210622150000)]
2021-06-23 15:30:00  INFO  [(4710., 4730., 4701., 4724.,  612., 20410, 20210622211500)
 (4724., 4729., 4712., 4729.,  202., 20440, 20210622213000)
 (4729., 4729., 4708., 4716.,  190., 20455, 20210622214500)
 (4716., 4722., 4713., 4717.,   91., 20450, 20210622220000)
 (4717., 4730., 4713., 4728.,  191., 20439, 20210622221500)
 (4728., 4736., 4725., 4734.,   76., 20427, 20210622223000)
 (4734., 4739., 4718., 4722.,  114., 20426, 20210622224500)
 (4722., 4727., 4712., 4712.,  103., 20406, 20210622230000)
 (4712., 4723., 4696., 4712.,  588., 20570, 20210623091500)
 (4712., 4728., 4707., 4716.,  292., 20557, 20210623093000)
 (4716., 4726., 4714., 4722.,   92., 20563, 20210623094500)
 (4722., 4727., 4716., 4720.,  120., 20570, 20210623100000)
 (4720., 4729., 4715., 4725.,  113., 20589, 20210623101500)
 (4725., 4743., 4725., 4740.,  281., 20560, 20210623104500)
 (4740., 4768., 4740., 4761.,  554., 20530, 20210623110000)
 (4761., 4805., 4761., 4805., 1128., 20444, 20210623111500)
 (4805., 4806., 4782., 4800.,  381., 20476, 20210623113000)
 (4800., 4801., 4752., 4754.,  478., 20462, 20210623134500)
 (4759., 4771., 4741., 4748.,  512., 20591, 20210623140000)
 (4748., 4751., 4732., 4738.,  500., 20541, 20210623141500)
 (4738., 4761., 4732., 4755.,  353., 20494, 20210623143000)
 (4755., 4782., 4752., 4780.,  367., 20424, 20210623144500)
 (4779., 4779., 4760., 4771.,  434., 20311, 20210623150000)]
2021-06-24 15:30:00  INFO  [(4765., 4839., 4765., 4835., 1013., 20332, 20210623211500)
 (4835., 4843., 4821., 4826.,  432., 20293, 20210623213000)
 (4826., 4839., 4825., 4833.,  237., 20291, 20210623214500)
 (4833., 4838., 4818., 4827.,  210., 20291, 20210623220000)
 (4827., 4827., 4809., 4825.,  202., 20270, 20210623221500)
 (4825., 4840., 4818., 4835.,  275., 20250, 20210623223000)
 (4835., 4842., 4826., 4838.,  134., 20248, 20210623224500)
 (4838., 4841., 4827., 4840.,  186., 20183, 20210623230000)
 (4840., 4841., 4813., 4824.,  577., 20139, 20210624091500)
 (4824., 4841., 4819., 4819.,  245., 20129, 20210624093000)
 (4819., 4827., 4800., 4805.,  417., 20163, 20210624094500)
 (4805., 4811., 4797., 4809.,  296., 20261, 20210624100000)
 (4809., 4814., 4792., 4792.,  132., 20270, 20210624101500)
 (4792., 4814., 4789., 4793.,  233., 20248, 20210624104500)
 (4793., 4796., 4775., 4776.,  465., 20359, 20210624110000)
 (4776., 4798., 4776., 4789.,  379., 20463, 20210624111500)
 (4789., 4790., 4768., 4770.,  364., 20566, 20210624113000)
 (4768., 4783., 4765., 4770.,  482., 20625, 20210624134500)
 (4769., 4770., 4746., 4759.,  938., 20733, 20210624140000)
 (4759., 4787., 4755., 4781.,  810., 20670, 20210624141500)
 (4781., 4785., 4770., 4774.,  688., 20753, 20210624143000)
 (4774., 4777., 4760., 4768.,  537., 20817, 20210624144500)
 (4768., 4772., 4751., 4754.,  541., 20880, 20210624150000)]
2021-06-25 15:30:00  INFO  [(4754., 4798., 4754., 4790.,  728., 20874, 20210624211500)
 (4790., 4795., 4776., 4780.,  263., 20843, 20210624213000)
 (4778., 4804., 4778., 4802.,  420., 20783, 20210624214500)
 (4802., 4810., 4798., 4805.,  348., 20787, 20210624220000)
 (4805., 4816., 4797., 4806.,  465., 20661, 20210624221500)
 (4806., 4826., 4806., 4818.,  490., 20593, 20210624223000)
 (4818., 4834., 4817., 4825.,  431., 20498, 20210624224500)
 (4825., 4825., 4808., 4816.,  424., 20364, 20210624230000)
 (4819., 4838., 4816., 4838.,  344., 20456, 20210625091500)
 (4838., 4845., 4832., 4836.,  603., 20303, 20210625093000)
 (4836., 4838., 4817., 4823.,  447., 20234, 20210625094500)
 (4823., 4830., 4811., 4829.,  422., 20153, 20210625100000)
 (4829., 4832., 4816., 4820.,  246., 20154, 20210625101500)
 (4820., 4823., 4797., 4813.,  633., 20081, 20210625104500)
 (4813., 4826., 4813., 4822.,  336., 19953, 20210625110000)
 (4822., 4842., 4820., 4835.,  313., 19829, 20210625111500)
 (4835., 4855., 4835., 4845.,  761., 19519, 20210625113000)
 (4845., 4878., 4841., 4878., 1404., 18908, 20210625134500)
 (4879., 4886., 4848., 4872.,  598., 18808, 20210625140000)
 (4872., 4887., 4870., 4876.,  364., 18752, 20210625141500)
 (4876., 4888., 4876., 4883.,  340., 18679, 20210625143000)
 (4883., 4888., 4872., 4877.,  186., 18673, 20210625144500)
 (4877., 4880., 4860., 4874.,  459., 18571, 20210625150000)]
2021-06-28 15:30:00  INFO  [(4890., 4906., 4878., 4901., 1001., 18498, 20210625211500)
 (4901., 4914., 4890., 4914.,  297., 18525, 20210625213000)
 (4914., 4916., 4893., 4895.,  300., 18445, 20210625214500)
 (4895., 4913., 4892., 4910.,  212., 18400, 20210625220000)
 (4910., 4911., 4896., 4896.,  187., 18386, 20210625221500)
 (4896., 4909., 4896., 4904.,  156., 18364, 20210625223000)
 (4906., 4917., 4904., 4905.,  145., 18358, 20210625224500)
 (4905., 4915., 4902., 4913.,  136., 18339, 20210625230000)
 (4880., 4893., 4841., 4847., 1182., 18413, 20210628091500)
 (4847., 4867., 4842., 4862.,  394., 18403, 20210628093000)
 (4862., 4866., 4848., 4851.,  537., 18510, 20210628094500)
 (4851., 4865., 4848., 4864.,  529., 18547, 20210628100000)
 (4864., 4883., 4850., 4877.,  467., 18646, 20210628101500)
 (4877., 4907., 4875., 4900.,  456., 18695, 20210628104500)
 (4900., 4917., 4898., 4906.,  481., 18712, 20210628110000)
 (4906., 4913., 4890., 4892.,  366., 18774, 20210628111500)
 (4892., 4898., 4880., 4883.,  221., 18770, 20210628113000)
 (4880., 4907., 4880., 4904.,  707., 19013, 20210628134500)
 (4904., 4907., 4886., 4886.,  188., 19081, 20210628140000)
 (4886., 4890., 4875., 4884.,  320., 19121, 20210628141500)
 (4884., 4899., 4883., 4890.,  164., 19169, 20210628143000)
 (4890., 4893., 4882., 4884.,  139., 19205, 20210628144500)
 (4885., 4898., 4875., 4880.,  252., 19213, 20210628150000)]
2021-06-29 15:30:00  INFO  [(4890., 4960., 4890., 4958., 1644., 19413, 20210628211500)
 (4959., 4968., 4955., 4957.,  907., 19392, 20210628213000)
 (4956., 4962., 4952., 4952.,  243., 19375, 20210628214500)
 (4952., 4965., 4951., 4965.,  559., 19302, 20210628220000)
 (4965., 4968., 4957., 4961.,  216., 19345, 20210628221500)
 (4960., 4968., 4959., 4967.,  271., 19446, 20210628223000)
 (4967., 4969., 4962., 4965.,  142., 19468, 20210628224500)
 (4965., 4970., 4962., 4968.,  135., 19461, 20210628230000)
 (4969., 4983., 4952., 4956.,  877., 19413, 20210629091500)
 (4956., 4959., 4937., 4950.,  560., 19362, 20210629093000)
 (4950., 4954., 4940., 4943.,  294., 19327, 20210629094500)
 (4943., 4950., 4915., 4932.,  455., 19337, 20210629100000)
 (4932., 4937., 4920., 4930.,  659., 19254, 20210629101500)
 (4930., 4941., 4916., 4918.,  386., 19298, 20210629104500)
 (4918., 4919., 4908., 4908.,  452., 19297, 20210629110000)
 (4908., 4918., 4895., 4899.,  443., 19376, 20210629111500)
 (4899., 4902., 4864., 4876.,  755., 19429, 20210629113000)
 (4876., 4912., 4866., 4908.,  585., 19461, 20210629134500)
 (4908., 4912., 4895., 4897.,  391., 19534, 20210629140000)
 (4897., 4906., 4893., 4901.,  213., 19564, 20210629141500)
 (4901., 4905., 4882., 4888.,  513., 19467, 20210629143000)
 (4888., 4889., 4878., 4886.,  173., 19498, 20210629144500)
 (4885., 4890., 4867., 4867.,  347., 19498, 20210629150000)]
2021-06-30 15:30:00  INFO  [(4878., 4908., 4878., 4901., 589., 19528, 20210629211500)
 (4901., 4918., 4901., 4903., 417., 19574, 20210629213000)
 (4903., 4911., 4900., 4906., 254., 19639, 20210629214500)
 (4906., 4908., 4895., 4903., 327., 19750, 20210629220000)
 (4903., 4904., 4890., 4901., 359., 19832, 20210629221500)
 (4901., 4904., 4892., 4899., 243., 19876, 20210629223000)
 (4899., 4911., 4897., 4904., 208., 19880, 20210629224500)
 (4904., 4909., 4896., 4900., 182., 19883, 20210629230000)
 (4900., 4928., 4900., 4912., 680., 19824, 20210630091500)
 (4912., 4929., 4911., 4927., 296., 19812, 20210630093000)
 (4927., 4938., 4920., 4926., 428., 19820, 20210630094500)
 (4930., 4933., 4923., 4929., 241., 19824, 20210630100000)
 (4929., 4935., 4921., 4921., 200., 19879, 20210630101500)
 (4921., 4936., 4917., 4927., 406., 19940, 20210630104500)
 (4927., 4929., 4903., 4903., 291., 19972, 20210630110000)
 (4903., 4912., 4898., 4912., 279., 20009, 20210630111500)
 (4909., 4930., 4903., 4916., 577., 19989, 20210630113000)
 (4916., 4940., 4916., 4928., 830., 20101, 20210630134500)
 (4928., 4941., 4925., 4941., 371., 20158, 20210630140000)
 (4941., 4950., 4937., 4945., 462., 20224, 20210630141500)
 (4945., 4950., 4941., 4950., 280., 20170, 20210630143000)
 (4950., 4955., 4939., 4941., 266., 20171, 20210630144500)
 (4941., 4953., 4940., 4953., 190., 20183, 20210630150000)]
2021-07-01 15:30:00  INFO  [(4964., 4994., 4961., 4993., 1404., 20165, 20210630211500)
 (4993., 4995., 4973., 4974.,  414., 20212, 20210630213000)
 (4974., 4981., 4968., 4979.,  213., 20240, 20210630214500)
 (4979., 4982., 4960., 4968.,  238., 20269, 20210630220000)
 (4968., 4975., 4964., 4970.,  182., 20313, 20210630221500)
 (4970., 4975., 4965., 4967.,  136., 20318, 20210630223000)
 (4967., 4973., 4963., 4972.,  138., 20308, 20210630224500)
 (4972., 4974., 4965., 4970.,   89., 20278, 20210630230000)
 (4970., 4977., 4940., 4966.,  421., 20332, 20210701091500)
 (4966., 4982., 4966., 4977.,  502., 20415, 20210701093000)
 (4977., 4983., 4962., 4967.,  505., 20501, 20210701094500)
 (4967., 4988., 4967., 4988.,  484., 20490, 20210701100000)
 (4988., 4992., 4960., 4962.,  431., 20489, 20210701101500)
 (4962., 4970., 4945., 4947.,  436., 20524, 20210701104500)
 (4947., 4952., 4934., 4949.,  557., 20730, 20210701110000)
 (4949., 4949., 4931., 4939.,  263., 20792, 20210701111500)
 (4939., 4947., 4935., 4942.,  193., 20841, 20210701113000)
 (4942., 4953., 4928., 4937.,  323., 20915, 20210701134500)
 (4937., 4945., 4933., 4938.,  137., 20954, 20210701140000)
 (4938., 4960., 4937., 4948.,  487., 20842, 20210701141500)
 (4948., 4956., 4937., 4937.,  327., 20883, 20210701143000)
 (4937., 4955., 4937., 4954.,  360., 21007, 20210701144500)
 (4954., 4963., 4947., 4950.,  338., 20981, 20210701150000)]
2021-07-02 15:30:00  INFO  [(4950., 4975., 4945., 4964., 660., 21140, 20210701211500)
 (4964., 4969., 4951., 4960., 808., 21198, 20210701213000)
 (4960., 4960., 4934., 4939., 712., 21405, 20210701214500)
 (4939., 4949., 4939., 4940., 656., 21246, 20210701220000)
 (4940., 4944., 4913., 4913., 487., 21355, 20210701221500)
 (4913., 4920., 4883., 4887., 642., 21393, 20210701223000)
 (4887., 4908., 4882., 4900., 375., 21457, 20210701224500)
 (4900., 4934., 4899., 4932., 585., 21371, 20210701230000)
 (4929., 4940., 4915., 4931., 379., 21507, 20210702091500)
 (4931., 4933., 4914., 4917., 205., 21545, 20210702093000)
 (4917., 4921., 4901., 4912., 321., 21621, 20210702094500)
 (4912., 4919., 4907., 4915., 190., 21695, 20210702100000)
 (4915., 4928., 4903., 4925., 269., 21741, 20210702101500)
 (4927., 4928., 4912., 4924., 736., 21759, 20210702104500)
 (4921., 4922., 4907., 4914., 425., 21842, 20210702110000)
 (4914., 4916., 4897., 4897., 213., 21878, 20210702111500)
 (4897., 4915., 4896., 4901., 190., 21881, 20210702113000)
 (4901., 4919., 4894., 4906., 398., 21926, 20210702134500)
 (4906., 4920., 4906., 4913., 766., 21933, 20210702140000)
 (4913., 4914., 4899., 4900., 437., 21974, 20210702141500)
 (4900., 4907., 4898., 4905., 105., 21983, 20210702143000)
 (4905., 4935., 4902., 4934., 715., 21960, 20210702144500)
 (4934., 4939., 4922., 4925., 229., 21939, 20210702150000)]
2021-07-05 15:30:00  INFO  [(4926., 4926., 4887., 4899.,  835., 22012, 20210702211500)
 (4899., 4910., 4899., 4906.,  193., 22033, 20210702213000)
 (4906., 4929., 4903., 4923.,  532., 22030, 20210702214500)
 (4923., 4930., 4915., 4930.,  339., 22003, 20210702220000)
 (4930., 4944., 4927., 4936.,  569., 21969, 20210702221500)
 (4936., 4941., 4930., 4940.,  100., 21955, 20210702223000)
 (4940., 4947., 4938., 4941.,  293., 21922, 20210702224500)
 (4941., 4945., 4935., 4945.,  599., 21679, 20210702230000)
 (4945., 4946., 4918., 4931.,  916., 21830, 20210705091500)
 (4934., 4943., 4928., 4931., 1116., 22339, 20210705093000)
 (4931., 4948., 4931., 4948.,  293., 22406, 20210705094500)
 (4948., 4966., 4947., 4966.,  385., 22412, 20210705100000)
 (4967., 4973., 4958., 4962.,  237., 22416, 20210705101500)
 (4963., 4968., 4954., 4965.,  249., 22418, 20210705104500)
 (4965., 4979., 4965., 4975.,  552., 22630, 20210705110000)
 (4975., 4985., 4975., 4985.,  608., 22703, 20210705111500)
 (4985., 4990., 4976., 4988.,  770., 22597, 20210705113000)
 (4988., 4990., 4979., 4986.,  469., 22455, 20210705134500)
 (4986., 4991., 4974., 4977.,  409., 22387, 20210705140000)
 (4977., 4982., 4970., 4981.,  126., 22385, 20210705141500)
 (4981., 4998., 4981., 4997.,  383., 22372, 20210705143000)
 (4998., 5002., 4992., 4998.,  988., 22283, 20210705144500)
 (4998., 5005., 4988., 5000.,  378., 22180, 20210705150000)]
2021-07-06 15:30:00  INFO  [(5020., 5027., 5008., 5026., 1398., 22337, 20210705211500)
 (5026., 5032., 5020., 5021.,  386., 22316, 20210705213000)
 (5021., 5030., 5020., 5028.,  135., 22319, 20210705214500)
 (5028., 5031., 5026., 5030.,  158., 22330, 20210705220000)
 (5030., 5038., 5025., 5038.,  217., 22311, 20210705221500)
 (5038., 5050., 5036., 5047.,  285., 22313, 20210705223000)
 (5047., 5052., 5040., 5046.,  941., 22294, 20210705224500)
 (5046., 5047., 5034., 5039.,  150., 22239, 20210705230000)
 (5040., 5070., 5040., 5070., 1210., 22309, 20210706091500)
 (5071., 5078., 5061., 5075.,  509., 22384, 20210706093000)
 (5075., 5088., 5070., 5081.,  739., 22490, 20210706094500)
 (5081., 5100., 5075., 5100., 1003., 22622, 20210706100000)
 (5100., 5109., 5095., 5106., 1356., 22745, 20210706101500)
 (5102., 5106., 5063., 5064., 1003., 23093, 20210706104500)
 (5064., 5083., 5062., 5074.,  638., 23283, 20210706110000)
 (5074., 5084., 5071., 5078.,  238., 23341, 20210706111500)
 (5078., 5079., 5046., 5055.,  400., 23307, 20210706113000)
 (5052., 5074., 5052., 5060.,  562., 23328, 20210706134500)
 (5060., 5071., 5055., 5071.,  262., 23403, 20210706140000)
 (5071., 5093., 5070., 5092.,  314., 23445, 20210706141500)
 (5092., 5104., 5079., 5102.,  405., 23462, 20210706143000)
 (5102., 5111., 5092., 5107.,  707., 23667, 20210706144500)
 (5107., 5126., 5092., 5126.,  782., 23664, 20210706150000)]
2021-07-07 15:30:00  INFO  [(5126., 5166., 5114., 5153., 2498., 23418, 20210706211500)
 (5153., 5171., 5143., 5144.,  857., 23663, 20210706213000)
 (5144., 5151., 5114., 5114., 1116., 23451, 20210706214500)
 (5114., 5130., 5110., 5112.,  535., 23510, 20210706220000)
 (5112., 5112., 5080., 5110.,  654., 23561, 20210706221500)
 (5110., 5118., 5100., 5109.,  347., 23574, 20210706223000)
 (5109., 5117., 5097., 5114.,  297., 23640, 20210706224500)
 (5113., 5113., 5101., 5108.,  331., 23735, 20210706230000)
 (5109., 5129., 5092., 5127., 1111., 23675, 20210707091500)
 (5127., 5145., 5123., 5137.,  602., 23657, 20210707093000)
 (5137., 5148., 5132., 5145.,  224., 23692, 20210707094500)
 (5145., 5152., 5138., 5145.,  339., 23839, 20210707100000)
 (5145., 5151., 5136., 5137.,  321., 23875, 20210707101500)
 (5137., 5150., 5128., 5150.,  588., 23943, 20210707104500)
 (5150., 5152., 5140., 5140.,  477., 23901, 20210707110000)
 (5140., 5152., 5135., 5152.,  282., 23962, 20210707111500)
 (5152., 5159., 5140., 5159.,  254., 24006, 20210707113000)
 (5160., 5184., 5153., 5181.,  872., 24196, 20210707134500)
 (5184., 5223., 5182., 5218.,  857., 24317, 20210707140000)
 (5218., 5218., 5198., 5212.,  692., 24453, 20210707141500)
 (5212., 5214., 5202., 5209.,  436., 24587, 20210707143000)
 (5209., 5219., 5206., 5214.,  589., 24744, 20210707144500)
 (5214., 5220., 5209., 5220.,  771., 24907, 20210707150000)]
2021-07-08 15:30:00  INFO  [(5227., 5252., 5218., 5232., 2082., 25071, 20210707211500)
 (5230., 5242., 5226., 5233.,  529., 25134, 20210707213000)
 (5231., 5231., 5202., 5204.,  538., 25128, 20210707214500)
 (5204., 5221., 5202., 5211.,  208., 25127, 20210707220000)
 (5211., 5211., 5187., 5207.,  692., 25372, 20210707221500)
 (5207., 5220., 5188., 5188.,  283., 25308, 20210707223000)
 (5188., 5209., 5180., 5205.,  376., 25302, 20210707224500)
 (5212., 5220., 5197., 5220.,  390., 25333, 20210707230000)
 (5219., 5231., 5204., 5208.,  379., 25363, 20210708091500)
 (5208., 5213., 5193., 5213.,  275., 25371, 20210708093000)
 (5213., 5215., 5191., 5191.,  220., 25424, 20210708094500)
 (5191., 5192., 5168., 5178.,  590., 25422, 20210708100000)
 (5178., 5198., 5162., 5198.,  603., 25299, 20210708101500)
 (5198., 5198., 5178., 5181.,  863., 25637, 20210708104500)
 (5181., 5204., 5176., 5197.,  811., 25961, 20210708110000)
 (5197., 5206., 5183., 5204.,  557., 26122, 20210708111500)
 (5204., 5210., 5189., 5195.,  269., 26187, 20210708113000)
 (5190., 5199., 5185., 5192.,  294., 26243, 20210708134500)
 (5192., 5216., 5192., 5213.,  430., 26340, 20210708140000)
 (5213., 5228., 5206., 5223.,  381., 26293, 20210708141500)
 (5224., 5236., 5209., 5234.,  543., 26372, 20210708143000)
 (5234., 5238., 5216., 5224.,  418., 26429, 20210708144500)
 (5224., 5225., 5190., 5192.,  292., 26418, 20210708150000)]
2021-07-09 15:30:00  INFO  [(5200., 5200., 5151., 5167., 1543., 26763, 20210708211500)
 (5167., 5168., 5132., 5132., 1143., 26876, 20210708213000)
 (5132., 5139., 5101., 5113., 1372., 27029, 20210708214500)
 (5115., 5149., 5106., 5147., 1031., 27020, 20210708220000)
 (5147., 5163., 5135., 5143.,  595., 27085, 20210708221500)
 (5143., 5168., 5143., 5164.,  304., 27053, 20210708223000)
 (5164., 5166., 5147., 5155.,  224., 27098, 20210708224500)
 (5155., 5163., 5149., 5151.,  298., 27131, 20210708230000)
 (5150., 5173., 5145., 5161.,  666., 27342, 20210709091500)
 (5161., 5181., 5160., 5160.,  841., 27693, 20210709093000)
 (5160., 5165., 5144., 5146.,  351., 27840, 20210709094500)
 (5146., 5161., 5145., 5150.,  313., 27900, 20210709100000)
 (5150., 5151., 5129., 5136.,  504., 28000, 20210709101500)
 (5136., 5178., 5133., 5177.,  687., 28111, 20210709104500)
 (5177., 5188., 5172., 5187.,  644., 28129, 20210709110000)
 (5187., 5202., 5182., 5186., 1052., 28095, 20210709111500)
 (5186., 5207., 5186., 5201.,  540., 28258, 20210709113000)
 (5203., 5231., 5203., 5231.,  671., 28318, 20210709134500)
 (5230., 5237., 5197., 5209., 1197., 28438, 20210709140000)
 (5209., 5222., 5197., 5205., 1412., 28386, 20210709141500)
 (5206., 5240., 5206., 5238.,  524., 28367, 20210709143000)
 (5238., 5247., 5235., 5243.,  845., 28087, 20210709144500)
 (5243., 5244., 5235., 5241.,  386., 28093, 20210709150000)]
2021-07-12 15:30:00  INFO  [(5304., 5307., 5262., 5268., 2530., 28563, 20210709211500)
 (5268., 5280., 5265., 5277.,  459., 28568, 20210709213000)
 (5277., 5295., 5273., 5291.,  360., 28617, 20210709214500)
 (5291., 5298., 5279., 5291.,  682., 28682, 20210709220000)
 (5291., 5303., 5288., 5300.,  382., 28729, 20210709221500)
 (5300., 5315., 5288., 5301.,  671., 28746, 20210709223000)
 (5301., 5302., 5280., 5292.,  740., 28654, 20210709224500)
 (5292., 5306., 5291., 5305.,  239., 28612, 20210709230000)
 (5320., 5320., 5251., 5260., 3572., 29483, 20210712091500)
 (5260., 5281., 5257., 5277., 1106., 29314, 20210712093000)
 (5277., 5286., 5265., 5273.,  685., 29395, 20210712094500)
 (5273., 5274., 5258., 5259., 1106., 29327, 20210712100000)
 (5259., 5270., 5241., 5257.,  911., 29553, 20210712101500)
 (5259., 5267., 5245., 5245.,  807., 29765, 20210712104500)
 (5245., 5256., 5231., 5247.,  752., 29898, 20210712110000)
 (5247., 5265., 5247., 5255.,  383., 29959, 20210712111500)
 (5255., 5266., 5246., 5266.,  447., 30002, 20210712113000)
 (5266., 5266., 5235., 5251.,  716., 29970, 20210712134500)
 (5249., 5258., 5244., 5246.,  425., 29971, 20210712140000)
 (5246., 5255., 5240., 5249.,  634., 29929, 20210712141500)
 (5249., 5268., 5245., 5252.,  650., 29834, 20210712143000)
 (5252., 5260., 5244., 5259.,  551., 29719, 20210712144500)
 (5260., 5260., 5238., 5240.,  513., 29608, 20210712150000)]
2021-07-13 15:30:00  INFO  [(5240., 5243., 5220., 5239.,  940., 29719, 20210712211500)
 (5239., 5271., 5239., 5261.,  915., 30032, 20210712213000)
 (5261., 5274., 5259., 5265.,  379., 29974, 20210712214500)
 (5265., 5268., 5248., 5252.,  278., 29953, 20210712220000)
 (5252., 5260., 5250., 5251.,  186., 29946, 20210712221500)
 (5256., 5261., 5255., 5259.,  119., 29947, 20210712223000)
 (5259., 5264., 5248., 5249.,  163., 29967, 20210712224500)
 (5249., 5253., 5238., 5239.,  285., 29937, 20210712230000)
 (5239., 5250., 5225., 5245., 1237., 29941, 20210713091500)
 (5245., 5261., 5245., 5248.,  859., 29912, 20210713093000)
 (5248., 5253., 5235., 5236.,  470., 29939, 20210713094500)
 (5236., 5243., 5228., 5229.,  337., 29919, 20210713100000)
 (5229., 5238., 5218., 5231.,  326., 29873, 20210713101500)
 (5229., 5256., 5227., 5247.,  909., 29956, 20210713104500)
 (5247., 5251., 5238., 5247.,  176., 29966, 20210713110000)
 (5247., 5247., 5228., 5234.,  496., 30083, 20210713111500)
 (5234., 5235., 5219., 5220.,  482., 30094, 20210713113000)
 (5220., 5235., 5205., 5232.,  823., 30220, 20210713134500)
 (5232., 5236., 5227., 5229.,  402., 30225, 20210713140000)
 (5229., 5246., 5229., 5234.,  409., 30219, 20210713141500)
 (5234., 5249., 5231., 5249.,  323., 30264, 20210713143000)
 (5249., 5256., 5246., 5247.,  888., 30221, 20210713144500)
 (5247., 5263., 5242., 5263.,  437., 30198, 20210713150000)]
2021-07-14 15:30:00  INFO  [(5260., 5285., 5247., 5282., 1493., 30402, 20210713211500)
 (5281., 5286., 5271., 5283.,  441., 30331, 20210713213000)
 (5283., 5302., 5280., 5298.,  594., 30419, 20210713214500)
 (5298., 5303., 5285., 5285.,  245., 30400, 20210713220000)
 (5285., 5301., 5285., 5294.,  418., 30441, 20210713221500)
 (5296., 5310., 5294., 5308.,  274., 30422, 20210713223000)
 (5308., 5318., 5300., 5311.,  506., 30512, 20210713224500)
 (5311., 5318., 5305., 5318.,  332., 30489, 20210713230000)
 (5318., 5346., 5304., 5337., 1599., 30761, 20210714091500)
 (5337., 5342., 5323., 5331.,  541., 30749, 20210714093000)
 (5331., 5333., 5303., 5313.,  788., 30839, 20210714094500)
 (5313., 5323., 5299., 5306.,  704., 30866, 20210714100000)
 (5306., 5312., 5292., 5301.,  726., 30917, 20210714101500)
 (5301., 5317., 5297., 5310.,  622., 30922, 20210714104500)
 (5310., 5314., 5297., 5303.,  450., 31000, 20210714110000)
 (5306., 5317., 5301., 5305.,  423., 31050, 20210714111500)
 (5305., 5319., 5303., 5315.,  351., 31119, 20210714113000)
 (5320., 5345., 5320., 5338., 1159., 31360, 20210714134500)
 (5340., 5348., 5331., 5348.,  792., 31429, 20210714140000)
 (5348., 5366., 5345., 5363.,  729., 31546, 20210714141500)
 (5364., 5365., 5355., 5357.,  631., 31586, 20210714143000)
 (5356., 5380., 5356., 5380.,  606., 31688, 20210714144500)
 (5380., 5385., 5375., 5383., 1515., 31771, 20210714150000)]
2021-07-15 15:30:00  INFO  [(5385., 5385., 5347., 5361., 1203., 31681, 20210714211500)
 (5361., 5365., 5338., 5344., 1125., 31499, 20210714213000)
 (5343., 5356., 5339., 5352.,  217., 31443, 20210714214500)
 (5352., 5352., 5337., 5352.,  223., 31447, 20210714220000)
 (5351., 5354., 5342., 5349.,  449., 31383, 20210714221500)
 (5349., 5365., 5347., 5363.,  263., 31398, 20210714223000)
 (5363., 5365., 5355., 5355.,  250., 31397, 20210714224500)
 (5355., 5356., 5343., 5346.,  199., 31417, 20210714230000)
 (5342., 5345., 5325., 5335.,  916., 31553, 20210715091500)
 (5335., 5357., 5333., 5357.,  472., 31619, 20210715093000)
 (5357., 5368., 5357., 5359.,  475., 31574, 20210715094500)
 (5361., 5382., 5360., 5371.,  460., 31552, 20210715100000)
 (5371., 5408., 5370., 5408., 1194., 31641, 20210715101500)
 (5408., 5410., 5384., 5406.,  867., 31678, 20210715104500)
 (5407., 5413., 5393., 5403.,  686., 31763, 20210715110000)
 (5403., 5418., 5398., 5415.,  582., 31791, 20210715111500)
 (5414., 5418., 5393., 5394.,  531., 31796, 20210715113000)
 (5392., 5405., 5362., 5365., 1687., 31569, 20210715134500)
 (5365., 5385., 5363., 5378.,  514., 31666, 20210715140000)
 (5378., 5378., 5343., 5345.,  862., 31700, 20210715141500)
 (5345., 5372., 5342., 5371.,  369., 31717, 20210715143000)
 (5371., 5379., 5361., 5375.,  376., 31772, 20210715144500)
 (5375., 5382., 5367., 5370.,  253., 31778, 20210715150000)]
2021-07-16 15:30:00  INFO  [(5389., 5391., 5363., 5377.,  583., 31836, 20210715211500)
 (5377., 5377., 5362., 5371.,  657., 31726, 20210715213000)
 (5371., 5382., 5369., 5379.,  124., 31704, 20210715214500)
 (5379., 5385., 5366., 5368.,  221., 31740, 20210715220000)
 (5368., 5380., 5362., 5370.,  314., 31775, 20210715221500)
 (5370., 5375., 5349., 5354.,  672., 31865, 20210715223000)
 (5354., 5370., 5354., 5368.,  328., 31740, 20210715224500)
 (5370., 5381., 5366., 5372.,  371., 31790, 20210715230000)
 (5372., 5385., 5350., 5357.,  961., 31763, 20210716091500)
 (5357., 5370., 5357., 5365.,  419., 31673, 20210716093000)
 (5365., 5373., 5361., 5366.,  278., 31648, 20210716094500)
 (5367., 5373., 5364., 5366.,  220., 31625, 20210716100000)
 (5366., 5389., 5364., 5384.,  340., 31661, 20210716101500)
 (5384., 5409., 5384., 5396.,  644., 31612, 20210716104500)
 (5396., 5409., 5385., 5390.,  466., 31674, 20210716110000)
 (5390., 5400., 5385., 5400.,  390., 31757, 20210716111500)
 (5400., 5420., 5392., 5399.,  679., 31768, 20210716113000)
 (5397., 5398., 5326., 5334., 1708., 32158, 20210716134500)
 (5334., 5341., 5294., 5331., 1636., 32398, 20210716140000)
 (5331., 5345., 5317., 5344., 1017., 32552, 20210716141500)
 (5344., 5376., 5341., 5371., 1326., 32440, 20210716143000)
 (5373., 5390., 5373., 5384.,  725., 32474, 20210716144500)
 (5383., 5397., 5381., 5395.,  444., 32499, 20210716150000)]
2021-07-19 15:30:00  INFO  [(5415., 5456., 5409., 5446., 1894., 32528, 20210716211500)
 (5446., 5450., 5427., 5439.,  986., 32494, 20210716213000)
 (5439., 5453., 5438., 5445.,  982., 32488, 20210716214500)
 (5445., 5460., 5445., 5458.,  697., 32529, 20210716220000)
 (5459., 5463., 5448., 5451.,  778., 32596, 20210716221500)
 (5450., 5454., 5442., 5448.,  263., 32563, 20210716223000)
 (5448., 5455., 5446., 5452.,  131., 32542, 20210716224500)
 (5452., 5463., 5448., 5460.,  195., 32571, 20210716230000)
 (5463., 5463., 5422., 5454., 1466., 32625, 20210719091500)
 (5456., 5462., 5450., 5457.,  567., 32567, 20210719093000)
 (5455., 5455., 5436., 5436.,  546., 32470, 20210719094500)
 (5436., 5441., 5428., 5428.,  434., 32534, 20210719100000)
 (5428., 5428., 5397., 5423.,  728., 32658, 20210719101500)
 (5423., 5435., 5414., 5428.,  302., 32604, 20210719104500)
 (5427., 5430., 5410., 5426.,  157., 32622, 20210719110000)
 (5426., 5434., 5411., 5417.,  486., 32558, 20210719111500)
 (5417., 5422., 5412., 5416.,  308., 32611, 20210719113000)
 (5416., 5458., 5416., 5449.,  869., 32882, 20210719134500)
 (5450., 5451., 5437., 5440.,  448., 33025, 20210719140000)
 (5440., 5448., 5429., 5430.,  319., 33089, 20210719141500)
 (5431., 5436., 5401., 5414.,  625., 33248, 20210719143000)
 (5414., 5427., 5400., 5405.,  537., 33246, 20210719144500)
 (5405., 5418., 5389., 5390.,  690., 33213, 20210719150000)]
2021-07-20 15:30:00  INFO  [(5371., 5371., 5320., 5340., 1748., 33413, 20210719211500)
 (5340., 5385., 5334., 5382.,  945., 33367, 20210719213000)
 (5382., 5384., 5365., 5369.,  405., 33398, 20210719214500)
 (5369., 5370., 5355., 5363.,  489., 33456, 20210719220000)
 (5363., 5371., 5345., 5348.,  383., 33403, 20210719221500)
 (5348., 5353., 5321., 5321.,  549., 33423, 20210719223000)
 (5324., 5347., 5314., 5342.,  403., 33445, 20210719224500)
 (5342., 5353., 5326., 5330.,  309., 33397, 20210719230000)
 (5330., 5342., 5290., 5296., 2812., 33517, 20210720091500)
 (5296., 5332., 5291., 5322.,  842., 33400, 20210720093000)
 (5322., 5351., 5318., 5340., 1010., 33138, 20210720094500)
 (5343., 5357., 5335., 5351.,  595., 33190, 20210720100000)
 (5351., 5366., 5345., 5357.,  704., 33282, 20210720101500)
 (5357., 5365., 5345., 5354.,  445., 33311, 20210720104500)
 (5355., 5382., 5355., 5378.,  546., 33328, 20210720110000)
 (5378., 5419., 5378., 5410., 1132., 33116, 20210720111500)
 (5410., 5420., 5399., 5413., 1018., 33064, 20210720113000)
 (5413., 5426., 5398., 5408.,  551., 33166, 20210720134500)
 (5409., 5438., 5400., 5437.,  725., 33086, 20210720140000)
 (5437., 5456., 5437., 5446., 1594., 32689, 20210720141500)
 (5446., 5460., 5445., 5460.,  913., 32731, 20210720143000)
 (5460., 5466., 5456., 5461., 1145., 32573, 20210720144500)
 (5461., 5471., 5413., 5435., 1671., 32865, 20210720150000)]
2021-07-21 15:30:00  INFO  [(5430., 5460., 5430., 5443., 1406., 33074, 20210720211500)
 (5442., 5449., 5437., 5445.,  327., 33036, 20210720213000)
 (5443., 5456., 5439., 5450.,  405., 33023, 20210720214500)
 (5450., 5474., 5450., 5470.,  378., 33037, 20210720220000)
 (5470., 5470., 5444., 5449.,  298., 33063, 20210720221500)
 (5450., 5473., 5450., 5463.,  326., 33160, 20210720223000)
 (5463., 5472., 5458., 5470.,  302., 33143, 20210720224500)
 (5470., 5470., 5453., 5457.,  186., 33155, 20210720230000)
 (5457., 5469., 5440., 5464.,  676., 33163, 20210721091500)
 (5463., 5464., 5445., 5446.,  476., 33133, 20210721093000)
 (5448., 5462., 5447., 5450.,  163., 33154, 20210721094500)
 (5450., 5452., 5437., 5445.,  272., 33209, 20210721100000)
 (5445., 5451., 5412., 5413.,  516., 33341, 20210721101500)
 (5411., 5411., 5378., 5393., 1523., 33747, 20210721104500)
 (5395., 5437., 5390., 5431.,  830., 33963, 20210721110000)
 (5431., 5437., 5421., 5434.,  587., 34134, 20210721111500)
 (5436., 5451., 5429., 5430.,  558., 34253, 20210721113000)
 (5426., 5435., 5413., 5433.,  868., 34317, 20210721134500)
 (5434., 5443., 5427., 5431.,  618., 34483, 20210721140000)
 (5431., 5447., 5431., 5444.,  461., 34684, 20210721141500)
 (5444., 5445., 5409., 5428.,  635., 34958, 20210721143000)
 (5428., 5435., 5412., 5425.,  531., 35125, 20210721144500)
 (5425., 5437., 5418., 5419.,  445., 35198, 20210721150000)]
2021-07-22 15:30:00  INFO  [(5413., 5424., 5398., 5422.,  942., 35349, 20210721211500)
 (5422., 5424., 5396., 5402.,  638., 35567, 20210721213000)
 (5402., 5413., 5397., 5397.,  196., 35600, 20210721214500)
 (5397., 5410., 5393., 5400.,  357., 35642, 20210721220000)
 (5400., 5405., 5391., 5393.,  341., 35688, 20210721221500)
 (5391., 5405., 5376., 5376.,  803., 35672, 20210721223000)
 (5376., 5388., 5370., 5379.,  408., 35779, 20210721224500)
 (5379., 5403., 5364., 5383.,  884., 35679, 20210721230000)
 (5394., 5433., 5375., 5432., 1721., 35420, 20210722091500)
 (5431., 5435., 5409., 5411.,  494., 35441, 20210722093000)
 (5411., 5418., 5395., 5403.,  702., 35562, 20210722094500)
 (5403., 5413., 5397., 5399.,  218., 35630, 20210722100000)
 (5399., 5418., 5390., 5410.,  493., 35821, 20210722101500)
 (5410., 5413., 5391., 5395.,  372., 35986, 20210722104500)
 (5398., 5417., 5392., 5394.,  544., 36156, 20210722110000)
 (5393., 5419., 5387., 5403.,  881., 36256, 20210722111500)
 (5403., 5423., 5394., 5394.,  613., 36305, 20210722113000)
 (5393., 5430., 5391., 5430., 1344., 36233, 20210722134500)
 (5430., 5443., 5412., 5441.,  718., 36169, 20210722140000)
 (5441., 5512., 5441., 5512., 2406., 36702, 20210722141500)
 (5512., 5548., 5499., 5542., 2105., 37096, 20210722143000)
 (5542., 5556., 5524., 5533., 1395., 37384, 20210722144500)
 (5532., 5552., 5522., 5548., 1205., 37769, 20210722150000)]
2021-07-23 15:30:00  INFO  [(5549., 5573., 5549., 5557., 1631., 38226, 20210722211500)
 (5558., 5564., 5543., 5563.,  879., 38228, 20210722213000)
 (5564., 5565., 5528., 5549.,  893., 38345, 20210722214500)
 (5549., 5549., 5542., 5542.,  272., 38417, 20210722220000)
 (5542., 5554., 5541., 5552.,  143., 38430, 20210722221500)
 (5552., 5557., 5541., 5556.,  216., 38469, 20210722223000)
 (5556., 5563., 5549., 5555.,  282., 38492, 20210722224500)
 (5555., 5566., 5550., 5557.,  313., 38568, 20210722230000)
 (5557., 5562., 5542., 5551.,  669., 38746, 20210723091500)
 (5551., 5559., 5545., 5556., 1262., 39254, 20210723093000)
 (5556., 5584., 5553., 5584., 1467., 39789, 20210723094500)
 (5584., 5585., 5571., 5573.,  584., 39961, 20210723100000)
 (5573., 5577., 5547., 5556., 1111., 40388, 20210723101500)
 (5556., 5563., 5534., 5544., 1001., 40829, 20210723104500)
 (5544., 5559., 5537., 5556.,  803., 41241, 20210723110000)
 (5556., 5559., 5547., 5550.,  489., 41433, 20210723111500)
 (5550., 5584., 5550., 5573.,  813., 41728, 20210723113000)
 (5573., 5582., 5551., 5557., 1383., 41930, 20210723134500)
 (5557., 5561., 5545., 5553.,  589., 42108, 20210723140000)
 (5551., 5560., 5534., 5547.,  741., 42488, 20210723141500)
 (5547., 5556., 5541., 5556.,  318., 42656, 20210723143000)
 (5556., 5571., 5547., 5569.,  639., 42809, 20210723144500)
 (5569., 5570., 5545., 5555.,  480., 42946, 20210723150000)]
2021-07-26 15:30:00  INFO  [(5520., 5550., 5511., 5511., 1903., 43424, 20210723211500)
 (5511., 5534., 5511., 5533.,  773., 43534, 20210723213000)
 (5533., 5538., 5516., 5516.,  412., 43613, 20210723214500)
 (5518., 5536., 5518., 5535.,  332., 43694, 20210723220000)
 (5535., 5545., 5527., 5537.,  433., 43707, 20210723221500)
 (5537., 5568., 5534., 5567., 1513., 44015, 20210723223000)
 (5567., 5584., 5563., 5565.,  572., 44038, 20210723224500)
 (5568., 5571., 5559., 5564.,  242., 44064, 20210723230000)
 (5567., 5615., 5567., 5613., 2520., 44709, 20210726091500)
 (5613., 5618., 5588., 5595., 1252., 45186, 20210726093000)
 (5595., 5605., 5588., 5604.,  918., 45285, 20210726094500)
 (5605., 5612., 5593., 5610.,  442., 45395, 20210726100000)
 (5610., 5618., 5601., 5611.,  529., 45593, 20210726101500)
 (5611., 5614., 5599., 5605.,  299., 45662, 20210726104500)
 (5605., 5610., 5600., 5601.,  275., 45763, 20210726110000)
 (5601., 5616., 5600., 5613.,  353., 45857, 20210726111500)
 (5613., 5616., 5579., 5608., 1104., 46289, 20210726113000)
 (5602., 5607., 5575., 5578., 1900., 46790, 20210726134500)
 (5576., 5592., 5571., 5580.,  539., 46754, 20210726140000)
 (5580., 5587., 5571., 5578.,  555., 46653, 20210726141500)
 (5578., 5581., 5536., 5551.,  857., 46654, 20210726143000)
 (5551., 5599., 5550., 5596., 1159., 46896, 20210726144500)
 (5597., 5603., 5580., 5581.,  639., 46851, 20210726150000)]
2021-07-27 15:30:00  INFO  [(5580., 5601., 5577., 5596.,  788., 46963, 20210726211500)
 (5596., 5599., 5587., 5591.,  223., 46975, 20210726213000)
 (5591., 5594., 5584., 5589.,  218., 46975, 20210726214500)
 (5589., 5602., 5588., 5600.,  714., 47099, 20210726220000)
 (5600., 5611., 5600., 5607.,  376., 47085, 20210726221500)
 (5607., 5621., 5603., 5614.,  489., 47091, 20210726223000)
 (5614., 5617., 5606., 5607.,  304., 47076, 20210726224500)
 (5607., 5614., 5603., 5611.,  296., 47055, 20210726230000)
 (5611., 5639., 5610., 5636., 1049., 47284, 20210727091500)
 (5636., 5637., 5621., 5629.,  559., 47358, 20210727093000)
 (5630., 5639., 5627., 5633.,  368., 47358, 20210727094500)
 (5633., 5640., 5616., 5638.,  501., 47478, 20210727100000)
 (5638., 5641., 5628., 5633.,  178., 47503, 20210727101500)
 (5635., 5637., 5620., 5627.,  239., 47463, 20210727104500)
 (5627., 5630., 5603., 5607.,  870., 47488, 20210727110000)
 (5607., 5623., 5600., 5611., 1006., 47640, 20210727111500)
 (5611., 5611., 5575., 5575.,  907., 47676, 20210727113000)
 (5575., 5615., 5558., 5608., 1408., 47614, 20210727134500)
 (5608., 5610., 5574., 5584.,  805., 47753, 20210727140000)
 (5584., 5592., 5561., 5562.,  443., 47766, 20210727141500)
 (5562., 5574., 5550., 5550.,  538., 47853, 20210727143000)
 (5550., 5564., 5503., 5505., 2190., 48276, 20210727144500)
 (5505., 5559., 5500., 5538., 2255., 48612, 20210727150000)]
2021-07-28 15:30:00  INFO  [(5530., 5559., 5525., 5545., 1222., 48923, 20210727211500)
 (5545., 5549., 5534., 5542.,  868., 49031, 20210727213000)
 (5542., 5549., 5519., 5521.,  370., 49054, 20210727214500)
 (5521., 5546., 5517., 5546.,  490., 48983, 20210727220000)
 (5547., 5572., 5543., 5545.,  608., 49075, 20210727221500)
 (5545., 5555., 5531., 5547.,  323., 49100, 20210727223000)
 (5547., 5552., 5535., 5542.,  141., 49090, 20210727224500)
 (5542., 5547., 5532., 5532.,  312., 49160, 20210727230000)
 (5532., 5558., 5532., 5552., 1102., 49380, 20210728091500)
 (5552., 5563., 5542., 5563.,  734., 49525, 20210728093000)
 (5563., 5566., 5546., 5563.,  528., 49489, 20210728094500)
 (5563., 5590., 5563., 5585.,  979., 49502, 20210728100000)
 (5585., 5588., 5562., 5575.,  563., 49529, 20210728101500)
 (5577., 5595., 5573., 5590.,  403., 49630, 20210728104500)
 (5590., 5610., 5588., 5597.,  657., 49733, 20210728110000)
 (5597., 5604., 5581., 5586.,  378., 49727, 20210728111500)
 (5586., 5606., 5586., 5596.,  310., 49680, 20210728113000)
 (5600., 5619., 5567., 5578., 1026., 49889, 20210728134500)
 (5578., 5583., 5569., 5576.,  296., 49901, 20210728140000)
 (5576., 5587., 5558., 5558.,  412., 49871, 20210728141500)
 (5557., 5561., 5539., 5546.,  980., 49679, 20210728143000)
 (5546., 5560., 5543., 5552.,  469., 49637, 20210728144500)
 (5553., 5561., 5545., 5545.,  657., 49334, 20210728150000)]
2021-07-29 15:30:00  INFO  [(5552., 5563., 5546., 5552., 603., 49173, 20210728211500)
 (5552., 5552., 5532., 5537., 431., 49242, 20210728213000)
 (5537., 5555., 5534., 5553., 352., 49100, 20210728214500)
 (5553., 5553., 5537., 5537., 196., 49070, 20210728220000)
 (5537., 5546., 5531., 5545., 388., 49051, 20210728221500)
 (5545., 5547., 5535., 5541., 182., 49049, 20210728223000)
 (5541., 5546., 5535., 5535., 136., 49058, 20210728224500)
 (5535., 5539., 5530., 5533., 186., 49018, 20210728230000)
 (5533., 5569., 5533., 5560., 729., 49005, 20210729091500)
 (5560., 5560., 5541., 5555., 317., 48959, 20210729093000)
 (5555., 5565., 5551., 5561., 250., 48941, 20210729094500)
 (5561., 5569., 5557., 5561., 457., 48832, 20210729100000)
 (5562., 5569., 5542., 5549., 267., 48836, 20210729101500)
 (5549., 5565., 5547., 5558., 196., 48804, 20210729104500)
 (5558., 5580., 5558., 5571., 466., 48837, 20210729110000)
 (5571., 5580., 5563., 5578., 291., 48892, 20210729111500)
 (5579., 5584., 5555., 5564., 473., 48889, 20210729113000)
 (5564., 5569., 5545., 5562., 537., 48877, 20210729134500)
 (5562., 5580., 5561., 5578., 594., 48903, 20210729140000)
 (5579., 5580., 5573., 5577., 239., 48904, 20210729141500)
 (5577., 5598., 5575., 5597., 731., 49051, 20210729143000)
 (5597., 5611., 5589., 5605., 651., 49132, 20210729144500)
 (5605., 5620., 5605., 5609., 638., 49137, 20210729150000)]
2021-07-30 15:30:00  INFO  [(5607., 5635., 5592., 5615., 1428., 49380, 20210729211500)
 (5615., 5619., 5593., 5608.,  819., 49525, 20210729213000)
 (5608., 5624., 5604., 5620.,  784., 49678, 20210729214500)
 (5620., 5626., 5593., 5612.,  749., 49681, 20210729220000)
 (5611., 5617., 5606., 5609.,  271., 49678, 20210729221500)
 (5609., 5613., 5600., 5610.,  336., 49668, 20210729223000)
 (5610., 5610., 5600., 5604.,  209., 49667, 20210729224500)
 (5604., 5604., 5581., 5603.,  651., 49653, 20210729230000)
 (5603., 5616., 5585., 5598.,  912., 49894, 20210730091500)
 (5596., 5601., 5576., 5594.,  725., 49909, 20210730093000)
 (5594., 5614., 5590., 5609.,  469., 49826, 20210730094500)
 (5609., 5615., 5600., 5602.,  778., 49871, 20210730100000)
 (5602., 5615., 5598., 5611.,  247., 49864, 20210730101500)
 (5611., 5629., 5611., 5625.,  453., 49901, 20210730104500)
 (5624., 5649., 5617., 5647.,  825., 50014, 20210730110000)
 (5647., 5660., 5638., 5650., 1156., 50362, 20210730111500)
 (5650., 5652., 5625., 5625.,  618., 50440, 20210730113000)
 (5623., 5623., 5556., 5575., 2231., 50515, 20210730134500)
 (5575., 5584., 5556., 5569., 1313., 50420, 20210730140000)
 (5569., 5585., 5560., 5579., 1381., 50385, 20210730141500)
 (5579., 5596., 5575., 5587.,  667., 50511, 20210730143000)
 (5589., 5607., 5589., 5607., 1008., 50436, 20210730144500)
 (5607., 5616., 5603., 5616.,  906., 50557, 20210730150000)]
2021-08-02 15:30:00  INFO  [(5586., 5586., 5367., 5411., 6090., 49572, 20210730211500)
 (5413., 5482., 5407., 5462., 1954., 49363, 20210730213000)
 (5462., 5463., 5442., 5456.,  718., 49255, 20210730214500)
 (5456., 5456., 5425., 5431., 1765., 49201, 20210730220000)
 (5431., 5434., 5346., 5371., 3236., 49944, 20210730221500)
 (5371., 5375., 5296., 5300., 3145., 49975, 20210730223000)
 (5300., 5330., 5295., 5308., 1738., 49851, 20210730224500)
 (5304., 5313., 5250., 5250., 2342., 50315, 20210730230000)
 (5260., 5345., 5260., 5315., 4679., 50054, 20210802091500)
 (5315., 5320., 5244., 5245., 2480., 49993, 20210802093000)
 (5246., 5285., 5232., 5284., 1157., 49932, 20210802094500)
 (5284., 5284., 5242., 5246.,  782., 49803, 20210802100000)
 (5246., 5277., 5237., 5254., 1139., 49685, 20210802101500)
 (5254., 5270., 5249., 5269.,  465., 49693, 20210802104500)
 (5269., 5298., 5263., 5275.,  645., 49680, 20210802110000)
 (5275., 5304., 5272., 5299.,  409., 49661, 20210802111500)
 (5299., 5314., 5297., 5305.,  467., 49653, 20210802113000)
 (5305., 5329., 5299., 5327., 1578., 49343, 20210802134500)
 (5328., 5339., 5317., 5337., 1133., 49597, 20210802140000)
 (5337., 5341., 5315., 5318.,  992., 49778, 20210802141500)
 (5318., 5324., 5308., 5317.,  389., 49801, 20210802143000)
 (5317., 5319., 5291., 5305.,  431., 49870, 20210802144500)
 (5305., 5307., 5285., 5291.,  659., 49854, 20210802150000)]
2021-08-03 15:30:00  INFO  [(5270., 5294., 5222., 5230., 2949., 50409, 20210802211500)
 (5230., 5260., 5215., 5235., 1958., 50893, 20210802213000)
 (5234., 5258., 5234., 5253.,  828., 51000, 20210802214500)
 (5253., 5265., 5233., 5237.,  810., 50966, 20210802220000)
 (5237., 5242., 5224., 5239.,  905., 50910, 20210802221500)
 (5239., 5240., 5230., 5230.,  526., 50863, 20210802223000)
 (5230., 5240., 5223., 5231.,  640., 50686, 20210802224500)
 (5231., 5252., 5231., 5248.,  778., 50392, 20210802230000)
 (5248., 5248., 5200., 5200., 2242., 50588, 20210803091500)
 (5201., 5206., 5166., 5177., 2992., 50663, 20210803093000)
 (5177., 5191., 5160., 5168., 1439., 50594, 20210803094500)
 (5168., 5177., 5148., 5158., 1421., 50848, 20210803100000)
 (5158., 5193., 5150., 5185., 1266., 50719, 20210803101500)
 (5185., 5187., 5169., 5174.,  493., 50765, 20210803104500)
 (5174., 5184., 5167., 5177.,  611., 50756, 20210803110000)
 (5177., 5178., 5168., 5176.,  340., 50798, 20210803111500)
 (5176., 5212., 5174., 5179., 1574., 50732, 20210803113000)
 (5179., 5191., 5160., 5161., 1574., 51242, 20210803134500)
 (5161., 5177., 5161., 5166., 1200., 51432, 20210803140000)
 (5164., 5166., 5147., 5155., 1126., 51452, 20210803141500)
 (5156., 5170., 5147., 5162.,  695., 51417, 20210803143000)
 (5162., 5164., 5149., 5151.,  626., 51485, 20210803144500)
 (5151., 5155., 5120., 5120., 1653., 51893, 20210803150000)]
2021-08-04 15:30:00  INFO  [(5143., 5173., 5100., 5167., 3488., 51746, 20210803211500)
 (5167., 5206., 5159., 5203., 2104., 51656, 20210803213000)
 (5203., 5223., 5190., 5218., 2073., 51597, 20210803214500)
 (5218., 5229., 5206., 5216., 1699., 51648, 20210803220000)
 (5215., 5267., 5215., 5255., 2295., 51632, 20210803221500)
 (5255., 5268., 5249., 5266., 1377., 51448, 20210803223000)
 (5266., 5279., 5257., 5259., 1273., 51562, 20210803224500)
 (5260., 5265., 5249., 5264.,  657., 51617, 20210803230000)
 (5261., 5283., 5261., 5266., 1274., 51863, 20210804091500)
 (5266., 5268., 5251., 5261.,  683., 51892, 20210804093000)
 (5262., 5265., 5254., 5258.,  350., 51897, 20210804094500)
 (5258., 5261., 5245., 5261.,  736., 51686, 20210804100000)
 (5261., 5274., 5258., 5265.,  890., 52041, 20210804101500)
 (5265., 5298., 5265., 5295.,  895., 52128, 20210804104500)
 (5295., 5318., 5294., 5304.,  882., 52079, 20210804110000)
 (5304., 5319., 5298., 5302., 1040., 52036, 20210804111500)
 (5300., 5313., 5293., 5295.,  946., 51931, 20210804113000)
 (5298., 5311., 5277., 5284., 1334., 52459, 20210804134500)
 (5284., 5326., 5280., 5317., 1583., 52602, 20210804140000)
 (5318., 5335., 5317., 5334., 1153., 52770, 20210804141500)
 (5334., 5349., 5324., 5340., 1422., 52925, 20210804143000)
 (5340., 5343., 5323., 5326.,  990., 52936, 20210804144500)
 (5326., 5349., 5323., 5345.,  815., 52773, 20210804150000)]
2021-08-05 15:30:00  INFO  [(5342., 5368., 5332., 5366., 2328., 53364, 20210804211500)
 (5366., 5400., 5360., 5400., 1712., 53525, 20210804213000)
 (5401., 5409., 5384., 5407., 1775., 53788, 20210804214500)
 (5407., 5408., 5386., 5394.,  473., 53752, 20210804220000)
 (5394., 5402., 5384., 5390.,  431., 53686, 20210804221500)
 (5391., 5401., 5342., 5366., 1228., 53670, 20210804223000)
 (5365., 5387., 5351., 5362., 1053., 53904, 20210804224500)
 (5360., 5369., 5355., 5355.,  671., 53782, 20210804230000)
 (5354., 5360., 5311., 5313., 3509., 53927, 20210805091500)
 (5313., 5328., 5307., 5318.,  967., 53885, 20210805093000)
 (5318., 5333., 5312., 5333.,  717., 53924, 20210805094500)
 (5333., 5341., 5320., 5322.,  647., 54110, 20210805100000)
 (5321., 5360., 5321., 5346.,  993., 54197, 20210805101500)
 (5342., 5376., 5342., 5355., 1982., 54467, 20210805104500)
 (5355., 5355., 5314., 5319., 1587., 54612, 20210805110000)
 (5319., 5325., 5290., 5293., 1512., 54724, 20210805111500)
 (5293., 5331., 5289., 5310., 1375., 54863, 20210805113000)
 (5307., 5333., 5284., 5316., 2092., 55168, 20210805134500)
 (5315., 5327., 5293., 5294.,  825., 55216, 20210805140000)
 (5294., 5328., 5292., 5327.,  936., 55202, 20210805141500)
 (5327., 5328., 5307., 5317., 1199., 55070, 20210805143000)
 (5317., 5323., 5294., 5297.,  769., 55028, 20210805144500)
 (5297., 5297., 5269., 5272., 2464., 55097, 20210805150000)]
2021-08-06 15:30:00  INFO  [(5282., 5285., 5201., 5228., 5257., 55516, 20210805211500)
 (5228., 5258., 5225., 5233., 1750., 55566, 20210805213000)
 (5233., 5255., 5230., 5246.,  779., 55766, 20210805214500)
 (5246., 5249., 5239., 5244.,  316., 55870, 20210805220000)
 (5244., 5271., 5229., 5268., 1960., 56433, 20210805221500)
 (5270., 5273., 5258., 5265.,  418., 56416, 20210805223000)
 (5265., 5270., 5249., 5262.,  435., 56428, 20210805224500)
 (5262., 5269., 5240., 5248.,  586., 56297, 20210805230000)
 (5248., 5271., 5228., 5241., 1686., 56195, 20210806091500)
 (5240., 5248., 5225., 5238.,  805., 56199, 20210806093000)
 (5239., 5259., 5234., 5258.,  648., 56193, 20210806094500)
 (5258., 5271., 5247., 5255.,  838., 56179, 20210806100000)
 (5255., 5265., 5252., 5254., 1957., 57109, 20210806101500)
 (5256., 5298., 5254., 5295., 2868., 57602, 20210806104500)
 (5295., 5307., 5289., 5296., 1259., 57652, 20210806110000)
 (5296., 5330., 5293., 5320., 1502., 57787, 20210806111500)
 (5320., 5322., 5296., 5301., 1116., 58131, 20210806113000)
 (5301., 5319., 5281., 5291., 1204., 58320, 20210806134500)
 (5291., 5309., 5285., 5307.,  697., 58367, 20210806140000)
 (5307., 5313., 5300., 5313.,  761., 58581, 20210806141500)
 (5313., 5322., 5309., 5311.,  540., 58641, 20210806143000)
 (5311., 5314., 5290., 5296.,  544., 58590, 20210806144500)
 (5296., 5299., 5250., 5259., 1787., 58644, 20210806150000)]
2021-08-09 15:30:00  INFO  [(5258., 5267., 5234., 5241., 2490., 58791, 20210806211500)
 (5241., 5241., 5203., 5224., 2457., 58748, 20210806213000)
 (5224., 5242., 5220., 5235., 1326., 58750, 20210806214500)
 (5235., 5235., 5218., 5221.,  868., 58836, 20210806220000)
 (5221., 5244., 5216., 5237.,  315., 58811, 20210806221500)
 (5237., 5241., 5225., 5230., 1036., 58644, 20210806223000)
 (5230., 5233., 5204., 5205.,  948., 58690, 20210806224500)
 (5205., 5222., 5198., 5198., 1759., 58955, 20210806230000)
 (5190., 5200., 5135., 5170., 6266., 60974, 20210809091500)
 (5169., 5172., 5149., 5150.,  992., 61000, 20210809093000)
 (5152., 5163., 5148., 5156.,  689., 61024, 20210809094500)
 (5156., 5156., 5123., 5125., 2197., 61211, 20210809100000)
 (5125., 5173., 5124., 5173., 2062., 61770, 20210809101500)
 (5171., 5193., 5171., 5178., 4743., 64174, 20210809104500)
 (5178., 5184., 5159., 5168., 1445., 64643, 20210809110000)
 (5167., 5219., 5167., 5217., 2865., 65921, 20210809111500)
 (5217., 5228., 5205., 5210., 1627., 66390, 20210809113000)
 (5210., 5219., 5189., 5204., 1172., 66818, 20210809134500)
 (5204., 5211., 5198., 5206.,  727., 66888, 20210809140000)
 (5206., 5222., 5201., 5213., 1061., 66912, 20210809141500)
 (5212., 5217., 5197., 5207.,  580., 66846, 20210809143000)
 (5207., 5215., 5182., 5183., 1008., 67084, 20210809144500)
 (5184., 5187., 5158., 5178., 2297., 67578, 20210809150000)]
2021-08-10 15:30:00  INFO  [(5188., 5270., 5188., 5256., 5401., 68749, 20210809211500)
 (5256., 5258., 5237., 5246., 1819., 69385, 20210809213000)
 (5246., 5246., 5218., 5233., 2387., 69657, 20210809214500)
 (5233., 5236., 5202., 5232., 1870., 70099, 20210809220000)
 (5232., 5236., 5218., 5219.,  450., 70099, 20210809221500)
 (5219., 5232., 5214., 5224.,  554., 70143, 20210809223000)
 (5224., 5225., 5201., 5207.,  689., 70013, 20210809224500)
 (5207., 5224., 5205., 5219.,  701., 70109, 20210809230000)
 (5210., 5249., 5210., 5226., 1792., 70256, 20210810091500)
 (5226., 5234., 5215., 5228.,  853., 70290, 20210810093000)
 (5228., 5233., 5210., 5214.,  745., 70440, 20210810094500)
 (5214., 5216., 5193., 5210., 2055., 70614, 20210810100000)
 (5210., 5230., 5195., 5227., 1342., 70577, 20210810101500)
 (5230., 5262., 5230., 5259., 2259., 70564, 20210810104500)
 (5259., 5262., 5242., 5247., 1705., 70900, 20210810110000)
 (5247., 5255., 5235., 5247., 1273., 71138, 20210810111500)
 (5249., 5275., 5249., 5275., 2294., 72036, 20210810113000)
 (5275., 5310., 5261., 5307., 4378., 73175, 20210810134500)
 (5309., 5310., 5290., 5294., 2912., 73762, 20210810140000)
 (5294., 5320., 5292., 5319., 2191., 74415, 20210810141500)
 (5319., 5325., 5308., 5313., 1863., 74432, 20210810143000)
 (5313., 5320., 5303., 5306., 1163., 74469, 20210810144500)
 (5306., 5325., 5306., 5322., 1254., 74625, 20210810150000)]
2021-08-11 15:30:00  INFO  [(5327., 5376., 5327., 5370., 5325., 75634, 20210810211500)
 (5370., 5370., 5353., 5362., 1757., 75451, 20210810213000)
 (5362., 5390., 5360., 5389., 2051., 75210, 20210810214500)
 (5389., 5403., 5383., 5402., 3286., 74737, 20210810220000)
 (5402., 5404., 5384., 5385., 1192., 74649, 20210810221500)
 (5385., 5403., 5380., 5402.,  955., 74475, 20210810223000)
 (5402., 5403., 5390., 5397., 1479., 75099, 20210810224500)
 (5397., 5398., 5388., 5391., 1089., 75055, 20210810230000)
 (5396., 5418., 5382., 5399., 3468., 74880, 20210811091500)
 (5399., 5402., 5379., 5384., 1063., 74866, 20210811093000)
 (5384., 5397., 5370., 5389., 2069., 75276, 20210811094500)
 (5387., 5401., 5383., 5400., 2050., 75837, 20210811100000)
 (5398., 5408., 5377., 5390., 2078., 75802, 20210811101500)
 (5391., 5402., 5381., 5402., 1329., 76224, 20210811104500)
 (5402., 5403., 5388., 5395., 1338., 76802, 20210811110000)
 (5395., 5406., 5393., 5400.,  701., 76767, 20210811111500)
 (5400., 5404., 5390., 5395.,  926., 76950, 20210811113000)
 (5390., 5393., 5360., 5386., 2930., 77598, 20210811134500)
 (5386., 5401., 5384., 5396., 1160., 77504, 20210811140000)
 (5396., 5416., 5394., 5408., 1808., 78204, 20210811141500)
 (5408., 5422., 5407., 5422., 1917., 78751, 20210811143000)
 (5422., 5428., 5400., 5412., 1171., 78848, 20210811144500)
 (5412., 5436., 5411., 5436., 2063., 79502, 20210811150000)]
2021-08-12 15:30:00  INFO  [(5405., 5420., 5387., 5397., 5179., 79703, 20210811211500)
 (5398., 5417., 5396., 5415., 1428., 79753, 20210811213000)
 (5416., 5426., 5413., 5417., 1812., 80039, 20210811214500)
 (5417., 5422., 5409., 5420., 1722., 80364, 20210811220000)
 (5420., 5424., 5414., 5416., 1074., 80381, 20210811221500)
 (5416., 5425., 5414., 5416.,  710., 80386, 20210811223000)
 (5416., 5421., 5395., 5407., 2647., 80966, 20210811224500)
 (5407., 5418., 5382., 5382., 1583., 80818, 20210811230000)
 (5380., 5412., 5380., 5398., 3512., 81460, 20210812091500)
 (5398., 5406., 5391., 5392., 1766., 80990, 20210812093000)
 (5392., 5417., 5390., 5404., 1622., 81034, 20210812094500)
 (5405., 5407., 5393., 5403., 1558., 81447, 20210812100000)
 (5403., 5415., 5384., 5415., 2240., 81871, 20210812101500)
 (5414., 5416., 5406., 5412., 1345., 81894, 20210812104500)
 (5412., 5434., 5411., 5432., 2279., 82199, 20210812110000)
 (5430., 5445., 5422., 5438., 2218., 82471, 20210812111500)
 (5439., 5443., 5402., 5403., 1965., 82753, 20210812113000)
 (5402., 5407., 5368., 5372., 5484., 83959, 20210812134500)
 (5372., 5390., 5367., 5371., 2756., 84756, 20210812140000)
 (5371., 5380., 5362., 5365., 1740., 84957, 20210812141500)
 (5365., 5381., 5341., 5379., 3110., 84918, 20210812143000)
 (5381., 5390., 5362., 5362., 1734., 84997, 20210812144500)
 (5363., 5366., 5310., 5322., 3460., 84901, 20210812150000)]
2021-08-13 15:30:00  INFO  [(5300., 5306., 5276., 5296., 4705., 85585, 20210812211500)
 (5296., 5307., 5279., 5279., 2646., 85972, 20210812213000)
 (5279., 5289., 5267., 5273., 3056., 86220, 20210812214500)
 (5273., 5301., 5270., 5296., 1902., 86325, 20210812220000)
 (5296., 5309., 5289., 5299., 1454., 86586, 20210812221500)
 (5299., 5317., 5295., 5298., 1213., 86610, 20210812223000)
 (5298., 5301., 5279., 5287., 1885., 86562, 20210812224500)
 (5287., 5290., 5262., 5265., 1450., 86218, 20210812230000)
 (5265., 5297., 5253., 5297., 2902., 86382, 20210813091500)
 (5298., 5301., 5280., 5281., 2300., 86613, 20210813093000)
 (5281., 5289., 5268., 5285., 1814., 86844, 20210813094500)
 (5285., 5300., 5285., 5292., 1933., 87070, 20210813100000)
 (5292., 5317., 5289., 5309., 1825., 87133, 20210813101500)
 (5310., 5328., 5310., 5324., 1638., 86963, 20210813104500)
 (5324., 5337., 5316., 5333., 1375., 87122, 20210813110000)
 (5333., 5343., 5325., 5336., 1326., 86993, 20210813111500)
 (5336., 5345., 5315., 5322., 1224., 87088, 20210813113000)
 (5322., 5336., 5305., 5307., 1300., 87025, 20210813134500)
 (5308., 5324., 5306., 5319., 1263., 87005, 20210813140000)
 (5319., 5320., 5307., 5315.,  394., 87009, 20210813141500)
 (5315., 5355., 5314., 5349., 1684., 87025, 20210813143000)
 (5349., 5352., 5324., 5337.,  714., 86980, 20210813144500)
 (5337., 5346., 5327., 5338.,  619., 86870, 20210813150000)]
2021-08-16 15:30:00  INFO  [(5340., 5344., 5304., 5310.,  3905.,  88000, 20210813211500)
 (5310., 5318., 5292., 5292.,  2054.,  88276, 20210813213000)
 (5292., 5303., 5282., 5296.,  1382.,  88289, 20210813214500)
 (5296., 5312., 5291., 5306.,   671.,  88135, 20210813220000)
 (5306., 5321., 5305., 5311.,   926.,  88085, 20210813221500)
 (5311., 5332., 5308., 5332.,  1052.,  87910, 20210813223000)
 (5332., 5339., 5316., 5321.,  1299.,  87790, 20210813224500)
 (5321., 5333., 5314., 5325.,   881.,  87653, 20210813230000)
 (5316., 5348., 5295., 5332.,  4561.,  88106, 20210816091500)
 (5332., 5333., 5301., 5302.,  2462.,  88058, 20210816093000)
 (5302., 5320., 5299., 5306.,  1176.,  88071, 20210816094500)
 (5306., 5310., 5291., 5307.,  1935.,  88435, 20210816100000)
 (5307., 5307., 5238., 5240.,  6904.,  90721, 20210816101500)
 (5238., 5238., 5200., 5203.,  8775.,  92977, 20210816104500)
 (5202., 5212., 5150., 5167., 10899.,  97948, 20210816110000)
 (5167., 5193., 5160., 5192.,  7763., 100201, 20210816111500)
 (5192., 5215., 5180., 5204.,  3073., 100738, 20210816113000)
 (5208., 5221., 5184., 5190.,  2338., 101164, 20210816134500)
 (5190., 5202., 5175., 5193.,  1271., 101303, 20210816140000)
 (5193., 5202., 5186., 5191.,  1624., 101715, 20210816141500)
 (5191., 5199., 5188., 5199.,  1486., 101772, 20210816143000)
 (5200., 5215., 5194., 5194.,  3043., 102194, 20210816144500)
 (5196., 5199., 5176., 5188.,  2071., 101797, 20210816150000)]
2021-08-17 15:30:00  INFO  [(5169., 5183., 5154., 5182., 4103., 102280, 20210816211500)
 (5182., 5194., 5178., 5190., 1450., 102293, 20210816213000)
 (5190., 5190., 5166., 5174., 1185., 102247, 20210816214500)
 (5174., 5190., 5169., 5175.,  690., 102351, 20210816220000)
 (5175., 5176., 5163., 5174.,  887., 102395, 20210816221500)
 (5174., 5178., 5146., 5175., 2350., 102465, 20210816223000)
 (5175., 5185., 5173., 5179.,  631., 102354, 20210816224500)
 (5179., 5183., 5169., 5180.,  497., 102240, 20210816230000)
 (5177., 5208., 5177., 5194., 3252., 102928, 20210817091500)
 (5194., 5212., 5186., 5210., 1593., 103034, 20210817093000)
 (5210., 5211., 5197., 5208., 2156., 103771, 20210817094500)
 (5209., 5234., 5206., 5230., 2414., 103889, 20210817100000)
 (5230., 5232., 5215., 5219., 1014., 103867, 20210817101500)
 (5219., 5226., 5202., 5208., 1949., 103990, 20210817104500)
 (5208., 5228., 5203., 5226., 1179., 103975, 20210817110000)
 (5226., 5236., 5224., 5225., 1725., 104152, 20210817111500)
 (5225., 5237., 5221., 5221., 1088., 104248, 20210817113000)
 (5211., 5217., 5196., 5203., 2151., 104467, 20210817134500)
 (5203., 5216., 5199., 5203., 1055., 104456, 20210817140000)
 (5203., 5222., 5203., 5215., 1504., 104663, 20210817141500)
 (5215., 5233., 5215., 5225., 1032., 104572, 20210817143000)
 (5228., 5235., 5190., 5194., 1620., 104679, 20210817144500)
 (5195., 5207., 5192., 5202., 1913., 104613, 20210817150000)]
2021-08-18 15:30:00  INFO  [(5180., 5215., 5180., 5189., 4252., 106434, 20210817211500)
 (5190., 5196., 5180., 5180., 1640., 106417, 20210817213000)
 (5180., 5191., 5174., 5187., 1049., 106518, 20210817214500)
 (5187., 5195., 5181., 5182.,  985., 106671, 20210817220000)
 (5181., 5185., 5176., 5182., 1127., 106979, 20210817221500)
 (5183., 5183., 5148., 5166., 3180., 107760, 20210817223000)
 (5166., 5173., 5157., 5169.,  886., 107787, 20210817224500)
 (5169., 5170., 5135., 5145., 1543., 107925, 20210817230000)
 (5145., 5152., 5114., 5120., 5003., 109071, 20210818091500)
 (5120., 5134., 5111., 5119., 4789., 110007, 20210818093000)
 (5119., 5130., 5100., 5103., 5634., 112505, 20210818094500)
 (5102., 5105., 5074., 5080., 6362., 114131, 20210818100000)
 (5080., 5086., 5010., 5011., 9311., 115221, 20210818101500)
 (5012., 5030., 4975., 5021., 9799., 115964, 20210818104500)
 (5022., 5046., 5022., 5026., 4749., 116601, 20210818110000)
 (5026., 5071., 5023., 5064., 3995., 117250, 20210818111500)
 (5063., 5069., 5018., 5018., 2981., 116867, 20210818113000)
 (5025., 5040., 5002., 5010., 5056., 116722, 20210818134500)
 (5010., 5024., 5001., 5008., 3625., 117446, 20210818140000)
 (5008., 5025., 5004., 5007., 3250., 117812, 20210818141500)
 (5007., 5019., 5004., 5008., 2280., 118045, 20210818143000)
 (5007., 5014., 4996., 5000., 2609., 118121, 20210818144500)
 (4999., 5015., 4981., 4995., 3977., 118267, 20210818150000)]
2021-08-19 15:30:00  INFO  [(4931., 4976., 4928., 4957., 11396., 118512, 20210818211500)
 (4957., 4964., 4940., 4942.,  4624., 118237, 20210818213000)
 (4942., 4957., 4912., 4924.,  6359., 119340, 20210818214500)
 (4924., 4925., 4885., 4899.,  5725., 119587, 20210818220000)
 (4897., 4897., 4832., 4834.,  8057., 121084, 20210818221500)
 (4831., 4838., 4796., 4813.,  8939., 121837, 20210818223000)
 (4814., 4832., 4781., 4789.,  6011., 122882, 20210818224500)
 (4789., 4836., 4785., 4825.,  3658., 123043, 20210818230000)
 (4830., 4849., 4818., 4838.,  5438., 123441, 20210819091500)
 (4838., 4856., 4833., 4847.,  4971., 124787, 20210819093000)
 (4847., 4861., 4842., 4854.,  3281., 124751, 20210819094500)
 (4854., 4888., 4852., 4877.,  3752., 124899, 20210819100000)
 (4877., 4880., 4825., 4839.,  4362., 124656, 20210819101500)
 (4838., 4861., 4835., 4851.,  4563., 124486, 20210819104500)
 (4852., 4898., 4849., 4891.,  3063., 124587, 20210819110000)
 (4891., 4892., 4860., 4867.,  3201., 123814, 20210819111500)
 (4867., 4887., 4860., 4886.,  1513., 124138, 20210819113000)
 (4881., 4932., 4881., 4912.,  4587., 123808, 20210819134500)
 (4912., 4920., 4900., 4916.,  2019., 123743, 20210819140000)
 (4916., 4920., 4895., 4906.,  1936., 124437, 20210819141500)
 (4906., 4907., 4878., 4882.,  1670., 124466, 20210819143000)
 (4882., 4895., 4874., 4893.,  2017., 124606, 20210819144500)
 (4893., 4893., 4874., 4889.,  1281., 124443, 20210819150000)]
2021-08-20 15:30:00  INFO  [(4866., 4870., 4760., 4848., 9032., 124693, 20210819211500)
 (4848., 4857., 4824., 4841., 2995., 125038, 20210819213000)
 (4841., 4870., 4829., 4861., 2493., 124687, 20210819214500)
 (4861., 4867., 4851., 4857., 1234., 124766, 20210819220000)
 (4857., 4860., 4837., 4851., 2593., 125228, 20210819221500)
 (4851., 4851., 4831., 4838.,  824., 125194, 20210819223000)
 (4838., 4842., 4805., 4810., 1833., 125418, 20210819224500)
 (4809., 4852., 4806., 4844., 2007., 125239, 20210819230000)
 (4848., 4880., 4848., 4863., 3284., 125468, 20210820091500)
 (4861., 4892., 4852., 4890., 2533., 125196, 20210820093000)
 (4890., 4911., 4882., 4904., 2460., 125036, 20210820094500)
 (4902., 4925., 4889., 4916., 2628., 124753, 20210820100000)
 (4915., 4921., 4900., 4917., 2161., 124498, 20210820101500)
 (4915., 4943., 4910., 4931., 3286., 124277, 20210820104500)
 (4931., 4937., 4907., 4915., 2173., 124617, 20210820110000)
 (4915., 4949., 4915., 4947., 2689., 124162, 20210820111500)
 (4947., 4970., 4943., 4951., 4648., 123531, 20210820113000)
 (4950., 4970., 4928., 4934., 2782., 123559, 20210820134500)
 (4936., 4953., 4934., 4949., 1472., 123451, 20210820140000)
 (4949., 4969., 4944., 4955., 1709., 123585, 20210820141500)
 (4956., 4986., 4956., 4975., 3095., 123794, 20210820143000)
 (4975., 4985., 4963., 4977., 2022., 123479, 20210820144500)
 (4975., 4978., 4955., 4966., 1224., 123374, 20210820150000)]
2021-08-23 15:30:00  INFO  [(4970., 4990., 4947., 4967., 5519., 124033, 20210820211500)
 (4966., 4970., 4939., 4947., 2565., 124041, 20210820213000)
 (4947., 4961., 4937., 4947., 2367., 124226, 20210820214500)
 (4947., 5010., 4947., 4999., 4573., 123756, 20210820220000)
 (5000., 5000., 4974., 4980., 1647., 123842, 20210820221500)
 (4980., 4998., 4978., 4991.,  638., 123761, 20210820223000)
 (4991., 5011., 4978., 5003., 2070., 123147, 20210820224500)
 (5003., 5027., 4996., 5018., 1421., 123026, 20210820230000)
 (5011., 5011., 4949., 4955., 7020., 123898, 20210823091500)
 (4955., 4968., 4931., 4951., 7730., 125837, 20210823093000)
 (4951., 4951., 4919., 4919., 2274., 125809, 20210823094500)
 (4918., 4945., 4917., 4941., 1416., 125693, 20210823100000)
 (4941., 4993., 4941., 4977., 3055., 125612, 20210823101500)
 (4975., 4995., 4970., 4972., 1864., 125905, 20210823104500)
 (4972., 4992., 4963., 4991., 1047., 125959, 20210823110000)
 (4991., 5003., 4979., 5003., 2414., 126247, 20210823111500)
 (5002., 5009., 4966., 4971., 1301., 126217, 20210823113000)
 (4970., 5000., 4970., 4989., 1101., 126087, 20210823134500)
 (4990., 4991., 4966., 4970.,  928., 126134, 20210823140000)
 (4970., 4976., 4948., 4955., 1422., 126158, 20210823141500)
 (4956., 4974., 4952., 4967.,  638., 126178, 20210823143000)
 (4967., 4970., 4939., 4947., 1620., 126229, 20210823144500)
 (4947., 4963., 4937., 4947., 1946., 126366, 20210823150000)]
2021-08-24 15:30:00  INFO  [(4960., 4990., 4950., 4963., 6996., 127386, 20210823211500)
 (4963., 4984., 4957., 4974., 2557., 127457, 20210823213000)
 (4974., 5012., 4970., 5006., 6804., 130195, 20210823214500)
 (5005., 5037., 4999., 5034., 4391., 130311, 20210823220000)
 (5034., 5044., 5018., 5043., 2301., 130435, 20210823221500)
 (5043., 5043., 5022., 5024., 1962., 130989, 20210823223000)
 (5022., 5031., 4987., 4992., 4270., 130329, 20210823224500)
 (4989., 5018., 4989., 5012., 1806., 130591, 20210823230000)
 (5010., 5031., 5006., 5021., 2575., 130822, 20210824091500)
 (5021., 5028., 5006., 5021., 2939., 130446, 20210824093000)
 (5021., 5033., 5021., 5028., 2514., 131046, 20210824094500)
 (5028., 5064., 5018., 5063., 2981., 131071, 20210824100000)
 (5063., 5066., 5047., 5063., 4071., 133075, 20210824101500)
 (5062., 5065., 5035., 5039., 2100., 133191, 20210824104500)
 (5039., 5044., 5021., 5043., 2171., 133499, 20210824110000)
 (5043., 5052., 5039., 5041., 1551., 133640, 20210824111500)
 (5041., 5049., 5033., 5038.,  950., 133789, 20210824113000)
 (5040., 5059., 5018., 5053., 3205., 134331, 20210824134500)
 (5053., 5053., 5039., 5050., 1315., 134538, 20210824140000)
 (5050., 5056., 5046., 5053., 1697., 134914, 20210824141500)
 (5054., 5054., 5035., 5043., 1956., 134883, 20210824143000)
 (5043., 5056., 5040., 5052., 1286., 134868, 20210824144500)
 (5052., 5065., 5050., 5060., 1907., 134674, 20210824150000)]
2021-08-25 15:30:00  INFO  [(5080., 5080., 5048., 5054., 3423., 134938, 20210824211500)
 (5053., 5066., 5051., 5058., 1486., 134912, 20210824213000)
 (5058., 5058., 5043., 5050., 1048., 134855, 20210824214500)
 (5050., 5075., 5050., 5073., 1046., 134758, 20210824220000)
 (5073., 5083., 5067., 5077., 1530., 134728, 20210824221500)
 (5077., 5085., 5073., 5076., 1004., 134875, 20210824223000)
 (5075., 5102., 5073., 5100., 2657., 134860, 20210824224500)
 (5100., 5101., 5077., 5098., 4032., 134927, 20210824230000)
 (5103., 5104., 5079., 5083., 2978., 135439, 20210825091500)
 (5083., 5096., 5075., 5077., 1681., 135308, 20210825093000)
 (5077., 5083., 5068., 5072., 1810., 135334, 20210825094500)
 (5072., 5077., 5060., 5072., 1216., 135041, 20210825100000)
 (5072., 5077., 5043., 5056., 2068., 135011, 20210825101500)
 (5057., 5060., 5037., 5057., 3011., 135846, 20210825104500)
 (5057., 5063., 5048., 5063., 2208., 136832, 20210825110000)
 (5063., 5095., 5062., 5088., 3377., 136827, 20210825111500)
 (5088., 5091., 5078., 5087., 1496., 136345, 20210825113000)
 (5048., 5087., 5048., 5065., 1923., 136532, 20210825134500)
 (5065., 5080., 5059., 5062., 1874., 136122, 20210825140000)
 (5062., 5069., 5049., 5053., 2100., 136191, 20210825141500)
 (5053., 5065., 5046., 5056.,  798., 136069, 20210825143000)
 (5056., 5076., 5056., 5070., 2096., 135942, 20210825144500)
 (5070., 5074., 5062., 5070., 1068., 135568, 20210825150000)]
2021-08-26 15:30:00  INFO  [(5070., 5078., 5026., 5068., 6096., 134835, 20210825211500)
 (5068., 5088., 5065., 5082., 2634., 134657, 20210825213000)
 (5082., 5103., 5078., 5084., 2749., 135184, 20210825214500)
 (5083., 5093., 5067., 5072., 1790., 134960, 20210825220000)
 (5072., 5075., 5058., 5066., 1524., 135179, 20210825221500)
 (5066., 5083., 5060., 5066., 1024., 135294, 20210825223000)
 (5066., 5107., 5066., 5103., 2129., 135538, 20210825224500)
 (5103., 5113., 5077., 5085., 1956., 135412, 20210825230000)
 (5085., 5095., 5055., 5061., 2945., 135667, 20210826091500)
 (5061., 5076., 5057., 5072., 1013., 135492, 20210826093000)
 (5073., 5073., 5056., 5062., 1342., 135460, 20210826094500)
 (5062., 5084., 5062., 5069.,  810., 135410, 20210826100000)
 (5067., 5077., 5053., 5056., 1277., 135252, 20210826101500)
 (5056., 5077., 5040., 5075., 4487., 133882, 20210826104500)
 (5075., 5096., 5073., 5096., 2400., 133738, 20210826110000)
 (5096., 5101., 5082., 5084., 1835., 133566, 20210826111500)
 (5084., 5095., 5080., 5090.,  721., 133619, 20210826113000)
 (5088., 5088., 5058., 5068., 2887., 134026, 20210826134500)
 (5068., 5075., 5059., 5073., 1388., 134196, 20210826140000)
 (5073., 5074., 5050., 5060., 1966., 134128, 20210826141500)
 (5062., 5065., 5026., 5039., 2763., 134398, 20210826143000)
 (5039., 5042., 4980., 4985., 5377., 134788, 20210826144500)
 (4986., 5001., 4960., 4967., 5163., 134501, 20210826150000)]
2021-08-27 15:30:00  INFO  [(4955., 4977., 4926., 4964., 7721., 133592, 20210826211500)
 (4964., 4972., 4947., 4964., 5038., 133321, 20210826213000)
 (4964., 4973., 4950., 4971., 3428., 132753, 20210826214500)
 (4968., 4972., 4951., 4954., 1656., 132277, 20210826220000)
 (4954., 4963., 4941., 4941., 1646., 132007, 20210826221500)
 (4941., 4951., 4928., 4942., 2682., 132218, 20210826223000)
 (4942., 4950., 4933., 4940., 1458., 132109, 20210826224500)
 (4940., 4965., 4934., 4956., 1195., 131834, 20210826230000)
 (4956., 4984., 4955., 4967., 1915., 131854, 20210827091500)
 (4967., 4994., 4963., 4989., 1501., 131897, 20210827093000)
 (4988., 5004., 4984., 4992., 1855., 132203, 20210827094500)
 (4992., 5006., 4987., 5000., 1427., 132182, 20210827100000)
 (5000., 5012., 4993., 5008., 2556., 132915, 20210827101500)
 (5008., 5025., 5001., 5017., 1817., 132830, 20210827104500)
 (5017., 5035., 5011., 5016., 1410., 132657, 20210827110000)
 (5016., 5026., 5010., 5025.,  958., 132487, 20210827111500)
 (5025., 5041., 5024., 5034., 2547., 132244, 20210827113000)
 (5034., 5065., 5033., 5048., 5296., 132196, 20210827134500)
 (5048., 5070., 5040., 5054., 4132., 133011, 20210827140000)
 (5054., 5066., 5041., 5049., 1170., 133105, 20210827141500)
 (5048., 5057., 5041., 5047., 1323., 133358, 20210827143000)
 (5047., 5064., 5047., 5061., 1377., 133118, 20210827144500)
 (5061., 5066., 5046., 5046., 1894., 133088, 20210827150000)]
2021-08-30 15:30:00  INFO  [(5060., 5089., 5060., 5089.,  3398., 133121, 20210827211500)
 (5089., 5099., 5079., 5082.,  2064., 133018, 20210827213000)
 (5082., 5083., 5062., 5072.,  1624., 133265, 20210827214500)
 (5072., 5078., 5067., 5071.,   603., 133185, 20210827220000)
 (5071., 5084., 5047., 5049.,  1544., 133453, 20210827221500)
 (5050., 5055., 5022., 5034.,  3544., 133472, 20210827223000)
 (5034., 5047., 5028., 5037.,  1038., 133514, 20210827224500)
 (5037., 5063., 5037., 5062.,  1237., 133345, 20210827230000)
 (5062., 5105., 5062., 5101.,  5863., 134134, 20210830091500)
 (5101., 5175., 5101., 5173., 11440., 133545, 20210830093000)
 (5173., 5178., 5158., 5160.,  4236., 133165, 20210830094500)
 (5159., 5169., 5151., 5169.,  3448., 132701, 20210830100000)
 (5169., 5170., 5134., 5146.,  3261., 132761, 20210830101500)
 (5145., 5167., 5145., 5165.,  2600., 133192, 20210830104500)
 (5165., 5165., 5143., 5157.,  1016., 133399, 20210830110000)
 (5157., 5168., 5156., 5168.,  2815., 133776, 20210830111500)
 (5167., 5182., 5161., 5182.,  2618., 134124, 20210830113000)
 (5182., 5199., 5176., 5179.,  6607., 135969, 20210830134500)
 (5179., 5185., 5158., 5169.,  2999., 136363, 20210830140000)
 (5168., 5176., 5162., 5165.,  1154., 136221, 20210830141500)
 (5167., 5174., 5159., 5171.,   896., 136259, 20210830143000)
 (5171., 5171., 5155., 5161.,  1206., 136439, 20210830144500)
 (5161., 5182., 5157., 5177.,  1814., 136426, 20210830150000)]
2021-08-31 15:30:00  INFO  [(5190., 5199., 5171., 5176., 7123., 137635, 20210830211500)
 (5176., 5196., 5172., 5195., 2965., 138089, 20210830213000)
 (5193., 5196., 5180., 5189., 2198., 138317, 20210830214500)
 (5189., 5193., 5166., 5175., 1953., 138254, 20210830220000)
 (5175., 5184., 5171., 5175.,  968., 138084, 20210830221500)
 (5175., 5187., 5171., 5174., 1259., 137962, 20210830223000)
 (5174., 5178., 5159., 5177., 2650., 137450, 20210830224500)
 (5177., 5181., 5170., 5174.,  756., 137289, 20210830230000)
 (5177., 5183., 5150., 5165., 2994., 137162, 20210831091500)
 (5165., 5172., 5154., 5159., 1241., 137072, 20210831093000)
 (5159., 5167., 5150., 5166., 1030., 137086, 20210831094500)
 (5166., 5183., 5162., 5181., 1185., 136801, 20210831100000)
 (5181., 5181., 5168., 5174.,  775., 136853, 20210831101500)
 (5170., 5188., 5170., 5184., 1195., 136827, 20210831104500)
 (5184., 5193., 5157., 5161., 1909., 137063, 20210831110000)
 (5161., 5166., 5131., 5162., 2873., 137009, 20210831111500)
 (5162., 5162., 5132., 5133., 1513., 137106, 20210831113000)
 (5129., 5154., 5126., 5131., 2204., 137166, 20210831134500)
 (5131., 5147., 5127., 5141., 2340., 137680, 20210831140000)
 (5141., 5149., 5136., 5146., 1200., 137816, 20210831141500)
 (5146., 5150., 5137., 5138.,  823., 137834, 20210831143000)
 (5138., 5143., 5116., 5131., 2809., 138194, 20210831144500)
 (5131., 5145., 5126., 5134., 1451., 138246, 20210831150000)]
2021-09-01 15:30:00  INFO  [(5121., 5127., 5092., 5099., 5710., 137966, 20210831211500)
 (5099., 5134., 5097., 5117., 2466., 137716, 20210831213000)
 (5117., 5138., 5112., 5130., 2967., 138313, 20210831214500)
 (5130., 5142., 5121., 5127., 1869., 138520, 20210831220000)
 (5127., 5135., 5121., 5125., 1268., 138366, 20210831221500)
 (5125., 5126., 5104., 5108., 2415., 138915, 20210831223000)
 (5106., 5109., 5097., 5101., 1041., 139039, 20210831224500)
 (5099., 5111., 5088., 5107., 1588., 138933, 20210831230000)
 (5107., 5126., 5095., 5114., 2549., 139286, 20210901091500)
 (5114., 5114., 5098., 5108., 1200., 139628, 20210901093000)
 (5108., 5118., 5101., 5105., 1192., 139768, 20210901094500)
 (5105., 5106., 5081., 5083., 2034., 140045, 20210901100000)
 (5083., 5092., 5048., 5049., 3698., 140238, 20210901101500)
 (5050., 5069., 5028., 5032., 3896., 140036, 20210901104500)
 (5032., 5060., 5027., 5060., 2314., 139733, 20210901110000)
 (5060., 5098., 5060., 5096., 3265., 139102, 20210901111500)
 (5096., 5115., 5065., 5067., 2428., 138964, 20210901113000)
 (5064., 5102., 5064., 5096., 2043., 138969, 20210901134500)
 (5096., 5111., 5091., 5102., 1048., 138905, 20210901140000)
 (5102., 5104., 5088., 5095.,  914., 138847, 20210901141500)
 (5096., 5099., 5081., 5092.,  889., 138826, 20210901143000)
 (5092., 5100., 5072., 5081., 1284., 138822, 20210901144500)
 (5080., 5097., 5063., 5077., 1996., 138639, 20210901150000)]
2021-09-02 15:30:00  INFO  [(5070., 5105., 5064., 5099.,  1907., 138698, 20210901211500)
 (5100., 5112., 5092., 5108.,  2277., 139453, 20210901213000)
 (5107., 5120., 5103., 5113.,  3595., 140775, 20210901214500)
 (5113., 5119., 5102., 5107.,   981., 140929, 20210901220000)
 (5107., 5120., 5105., 5118.,   885., 140988, 20210901221500)
 (5118., 5148., 5116., 5141.,  5872., 142800, 20210901223000)
 (5141., 5146., 5137., 5145.,  1991., 143030, 20210901224500)
 (5145., 5146., 5130., 5139.,   857., 142789, 20210901230000)
 (5139., 5147., 5118., 5122.,  4732., 145036, 20210902091500)
 (5121., 5125., 5102., 5116.,  2155., 144943, 20210902093000)
 (5116., 5126., 5090., 5092.,  4971., 146679, 20210902094500)
 (5091., 5099., 5082., 5083.,  2314., 146850, 20210902100000)
 (5083., 5102., 5074., 5100.,  2922., 147064, 20210902101500)
 (5101., 5115., 5083., 5096.,  2836., 147027, 20210902104500)
 (5097., 5142., 5096., 5141.,  4076., 147440, 20210902110000)
 (5140., 5148., 5120., 5148.,  2436., 147830, 20210902111500)
 (5148., 5150., 5121., 5130.,  2486., 148091, 20210902113000)
 (5132., 5132., 5031., 5040., 11128., 148181, 20210902134500)
 (5040., 5074., 5040., 5053.,  2839., 148096, 20210902140000)
 (5053., 5096., 5051., 5092.,  3067., 147591, 20210902141500)
 (5092., 5120., 5086., 5101.,  3212., 147801, 20210902143000)
 (5101., 5116., 5081., 5095.,  2662., 147570, 20210902144500)
 (5093., 5104., 5072., 5083.,  1858., 147372, 20210902150000)]
2021-09-03 15:30:00  INFO  [(5081., 5106., 5057., 5105., 5522., 148313, 20210902211500)
 (5105., 5140., 5098., 5128., 7519., 150461, 20210902213000)
 (5128., 5166., 5128., 5162., 6212., 151788, 20210902214500)
 (5162., 5162., 5146., 5158., 4234., 152576, 20210902220000)
 (5158., 5173., 5155., 5167., 3091., 153113, 20210902221500)
 (5167., 5176., 5150., 5164., 3312., 152778, 20210902223000)
 (5164., 5168., 5155., 5165., 1318., 152900, 20210902224500)
 (5165., 5166., 5150., 5166., 1374., 153168, 20210902230000)
 (5166., 5179., 5158., 5167., 2685., 153743, 20210903091500)
 (5167., 5175., 5155., 5167., 2344., 154371, 20210903093000)
 (5167., 5176., 5158., 5159., 1953., 154737, 20210903094500)
 (5159., 5167., 5146., 5159., 2933., 154791, 20210903100000)
 (5158., 5168., 5146., 5162., 2130., 154856, 20210903101500)
 (5162., 5173., 5154., 5167., 1818., 155080, 20210903104500)
 (5167., 5188., 5159., 5186., 3610., 155231, 20210903110000)
 (5185., 5207., 5183., 5201., 6177., 155724, 20210903111500)
 (5201., 5218., 5190., 5190., 4811., 155481, 20210903113000)
 (5189., 5199., 5183., 5195., 4920., 156750, 20210903134500)
 (5196., 5200., 5186., 5191., 2751., 156723, 20210903140000)
 (5191., 5199., 5174., 5181., 3259., 157799, 20210903141500)
 (5181., 5181., 5155., 5167., 4614., 158093, 20210903143000)
 (5167., 5169., 5128., 5158., 4435., 157484, 20210903144500)
 (5158., 5168., 5153., 5166., 2351., 157394, 20210903150000)]
2021-09-06 15:30:00  INFO  [(5166., 5179., 5141., 5156.,  5454., 157804, 20210903211500)
 (5156., 5182., 5151., 5175.,  5518., 157660, 20210903213000)
 (5176., 5183., 5162., 5167.,  3508., 157912, 20210903214500)
 (5167., 5178., 5160., 5176.,  3539., 158666, 20210903220000)
 (5176., 5186., 5167., 5183.,  2340., 158294, 20210903221500)
 (5183., 5187., 5175., 5178.,  2808., 159117, 20210903223000)
 (5178., 5185., 5174., 5185.,  1639., 159455, 20210903224500)
 (5185., 5195., 5170., 5182.,  4731., 159445, 20210903230000)
 (5170., 5196., 5138., 5175., 12138., 158536, 20210906091500)
 (5174., 5175., 5155., 5171.,  4208., 158276, 20210906093000)
 (5171., 5177., 5160., 5168.,  2968., 158156, 20210906094500)
 (5168., 5174., 5153., 5158.,  2925., 158137, 20210906100000)
 (5158., 5160., 5141., 5150.,  2980., 158191, 20210906101500)
 (5153., 5158., 5137., 5145.,  3511., 159197, 20210906104500)
 (5145., 5180., 5142., 5177.,  2673., 159294, 20210906110000)
 (5177., 5191., 5160., 5188.,  6622., 161588, 20210906111500)
 (5188., 5222., 5181., 5208., 10872., 162640, 20210906113000)
 (5209., 5220., 5206., 5217.,  6010., 164314, 20210906134500)
 (5217., 5218., 5207., 5217.,  2299., 164911, 20210906140000)
 (5217., 5225., 5206., 5213.,  3057., 165338, 20210906141500)
 (5214., 5220., 5203., 5211.,  3575., 166189, 20210906143000)
 (5212., 5213., 5202., 5202.,  3118., 166392, 20210906144500)
 (5203., 5208., 5179., 5201.,  4588., 166543, 20210906150000)]
2021-09-07 15:30:00  INFO  [(5220., 5257., 5208., 5255., 6760., 167131, 20210906211500)
 (5255., 5267., 5251., 5257., 5272., 167853, 20210906213000)
 (5257., 5261., 5253., 5261., 2341., 167760, 20210906214500)
 (5261., 5279., 5245., 5252., 3499., 168214, 20210906220000)
 (5252., 5267., 5251., 5263., 2006., 168185, 20210906221500)
 (5263., 5265., 5241., 5253., 2113., 168245, 20210906223000)
 (5253., 5254., 5235., 5246., 2737., 167966, 20210906224500)
 (5246., 5246., 5220., 5232., 1709., 167938, 20210906230000)
 (5234., 5251., 5225., 5236., 7097., 169077, 20210907091500)
 (5236., 5237., 5202., 5220., 4960., 169325, 20210907093000)
 (5220., 5230., 5207., 5210., 2164., 169247, 20210907094500)
 (5210., 5223., 5196., 5216., 3903., 168771, 20210907100000)
 (5215., 5219., 5201., 5210., 3521., 168919, 20210907101500)
 (5210., 5219., 5204., 5214., 1995., 168764, 20210907104500)
 (5214., 5223., 5204., 5214., 2124., 168984, 20210907110000)
 (5214., 5218., 5200., 5201., 2132., 169068, 20210907111500)
 (5201., 5208., 5190., 5202., 5972., 171559, 20210907113000)
 (5206., 5241., 5201., 5240., 5946., 169450, 20210907134500)
 (5241., 5248., 5234., 5241., 2838., 168629, 20210907140000)
 (5243., 5243., 5220., 5222., 5628., 168601, 20210907141500)
 (5223., 5244., 5223., 5244., 1034., 168519, 20210907143000)
 (5243., 5254., 5238., 5241., 1902., 168308, 20210907144500)
 (5242., 5270., 5238., 5241., 3771., 168200, 20210907150000)]
2021-09-08 15:30:00  INFO  [(5232., 5237., 5192., 5208., 7866., 169040, 20210907211500)
 (5208., 5211., 5175., 5187., 7383., 168358, 20210907213000)
 (5187., 5195., 5176., 5180., 5107., 167693, 20210907214500)
 (5180., 5196., 5164., 5178., 7854., 169076, 20210907220000)
 (5178., 5208., 5175., 5208., 3161., 168770, 20210907221500)
 (5208., 5214., 5201., 5203., 1935., 168682, 20210907223000)
 (5203., 5203., 5171., 5177., 3443., 169888, 20210907224500)
 (5177., 5188., 5169., 5174., 1748., 169920, 20210907230000)
 (5174., 5190., 5156., 5185., 5356., 170602, 20210908091500)
 (5185., 5201., 5175., 5196., 2466., 170667, 20210908093000)
 (5196., 5206., 5190., 5205., 2083., 170793, 20210908094500)
 (5205., 5220., 5198., 5199., 2934., 170683, 20210908100000)
 (5200., 5205., 5178., 5184., 2361., 170703, 20210908101500)
 (5186., 5197., 5172., 5194., 2094., 171071, 20210908104500)
 (5195., 5195., 5176., 5178., 1585., 171129, 20210908110000)
 (5178., 5184., 5160., 5172., 2446., 171159, 20210908111500)
 (5172., 5184., 5160., 5164., 2401., 171350, 20210908113000)
 (5163., 5208., 5150., 5206., 4029., 171038, 20210908134500)
 (5207., 5208., 5194., 5203., 2298., 170653, 20210908140000)
 (5205., 5226., 5200., 5221., 2835., 170442, 20210908141500)
 (5220., 5223., 5201., 5208., 1687., 170199, 20210908143000)
 (5210., 5212., 5193., 5203., 2027., 169694, 20210908144500)
 (5203., 5204., 5192., 5200., 1557., 169297, 20210908150000)]
2021-09-09 15:30:00  INFO  [(5200., 5265., 5200., 5254.,  8873., 168531, 20210908211500)
 (5254., 5256., 5232., 5240.,  4450., 168971, 20210908213000)
 (5240., 5249., 5226., 5246.,  2015., 168951, 20210908214500)
 (5246., 5248., 5232., 5234.,  1263., 168850, 20210908220000)
 (5235., 5236., 5214., 5221.,  2703., 168957, 20210908221500)
 (5221., 5233., 5206., 5226.,  3061., 168885, 20210908223000)
 (5226., 5233., 5213., 5228.,  2095., 168788, 20210908224500)
 (5228., 5233., 5220., 5227.,  1337., 168907, 20210908230000)
 (5239., 5265., 5234., 5243.,  6751., 168099, 20210909091500)
 (5243., 5247., 5219., 5225.,  3490., 168216, 20210909093000)
 (5225., 5260., 5223., 5251.,  2532., 168240, 20210909094500)
 (5251., 5265., 5249., 5255.,  2609., 168188, 20210909100000)
 (5255., 5278., 5252., 5278.,  4704., 167058, 20210909101500)
 (5275., 5312., 5275., 5301.,  6251., 166411, 20210909104500)
 (5302., 5310., 5283., 5310.,  2832., 166381, 20210909110000)
 (5310., 5314., 5297., 5309.,  3623., 166206, 20210909111500)
 (5309., 5325., 5303., 5325.,  2341., 166074, 20210909113000)
 (5325., 5405., 5325., 5364., 11893., 167236, 20210909134500)
 (5364., 5394., 5363., 5380.,  4391., 168046, 20210909140000)
 (5380., 5389., 5377., 5385.,  3326., 167976, 20210909141500)
 (5384., 5403., 5378., 5382.,  5459., 167847, 20210909143000)
 (5384., 5389., 5362., 5382.,  3790., 167647, 20210909144500)
 (5383., 5396., 5369., 5396.,  2539., 167562, 20210909150000)]
2021-09-10 15:30:00  INFO  [(5448., 5452., 5404., 5435., 11246., 167004, 20210909211500)
 (5435., 5450., 5429., 5446.,  3852., 167160, 20210909213000)
 (5446., 5447., 5431., 5431.,  3100., 167054, 20210909214500)
 (5432., 5446., 5416., 5425.,  4053., 166875, 20210909220000)
 (5424., 5433., 5408., 5428.,  3506., 166542, 20210909221500)
 (5428., 5435., 5420., 5427.,  1647., 166486, 20210909223000)
 (5427., 5438., 5415., 5424.,  2941., 165755, 20210909224500)
 (5423., 5427., 5400., 5416.,  3393., 165436, 20210909230000)
 (5415., 5429., 5394., 5410.,  6304., 165507, 20210910091500)
 (5410., 5424., 5399., 5415.,  1941., 165678, 20210910093000)
 (5415., 5416., 5398., 5402.,  1871., 165869, 20210910094500)
 (5402., 5416., 5392., 5409.,  2620., 165579, 20210910100000)
 (5409., 5431., 5403., 5430.,  1964., 165643, 20210910101500)
 (5432., 5435., 5400., 5402.,  3051., 165543, 20210910104500)
 (5402., 5406., 5390., 5393.,  2520., 165630, 20210910110000)
 (5393., 5402., 5375., 5394.,  2373., 165541, 20210910111500)
 (5394., 5396., 5375., 5380.,  3150., 165932, 20210910113000)
 (5380., 5393., 5354., 5390.,  3055., 165720, 20210910134500)
 (5390., 5390., 5331., 5348.,  5142., 166062, 20210910140000)
 (5347., 5364., 5341., 5345.,  3890., 165886, 20210910141500)
 (5345., 5360., 5326., 5348.,  3938., 166074, 20210910143000)
 (5348., 5376., 5348., 5368.,  1859., 166309, 20210910144500)
 (5368., 5373., 5350., 5357.,  1936., 166448, 20210910150000)]
2021-09-13 15:30:00  INFO  [(5357., 5387., 5353., 5376.,  7312., 167637, 20210910211500)
 (5376., 5390., 5376., 5384.,  1399., 167562, 20210910213000)
 (5384., 5403., 5381., 5403.,  2237., 167715, 20210910214500)
 (5403., 5403., 5391., 5400.,  1615., 167744, 20210910220000)
 (5400., 5411., 5399., 5410.,  1314., 167990, 20210910221500)
 (5411., 5414., 5388., 5392.,  2439., 168039, 20210910223000)
 (5392., 5408., 5390., 5403.,  2422., 167177, 20210910224500)
 (5404., 5405., 5365., 5396.,  3386., 166887, 20210910230000)
 (5415., 5468., 5414., 5430., 10260., 166989, 20210913091500)
 (5430., 5447., 5426., 5434.,  3269., 167129, 20210913093000)
 (5434., 5443., 5428., 5440.,  3565., 167021, 20210913094500)
 (5440., 5454., 5432., 5433.,  2956., 166946, 20210913100000)
 (5433., 5437., 5399., 5399.,  5752., 167095, 20210913101500)
 (5399., 5414., 5392., 5408.,  4055., 167158, 20210913104500)
 (5409., 5409., 5390., 5390.,  2690., 167201, 20210913110000)
 (5391., 5398., 5380., 5392.,  2812., 166759, 20210913111500)
 (5393., 5394., 5381., 5394.,  2130., 166537, 20210913113000)
 (5395., 5395., 5365., 5386.,  5365., 166933, 20210913134500)
 (5386., 5393., 5377., 5381.,  2637., 166824, 20210913140000)
 (5380., 5381., 5358., 5369.,  4228., 167800, 20210913141500)
 (5369., 5379., 5349., 5350.,  3310., 168862, 20210913143000)
 (5350., 5355., 5310., 5330.,  9009., 169941, 20210913144500)
 (5330., 5356., 5300., 5302.,  6919., 170817, 20210913150000)]
2021-09-14 15:30:00  INFO  [(5303., 5340., 5294., 5312., 11093., 173664, 20210913211500)
 (5312., 5313., 5293., 5295.,  6511., 174828, 20210913213000)
 (5294., 5295., 5260., 5284.,  8835., 175531, 20210913214500)
 (5284., 5285., 5237., 5240.,  5949., 176141, 20210913220000)
 (5240., 5250., 5212., 5237.,  8425., 177056, 20210913221500)
 (5237., 5258., 5234., 5245.,  5255., 177386, 20210913223000)
 (5246., 5274., 5238., 5272.,  3671., 177029, 20210913224500)
 (5272., 5303., 5272., 5297.,  5170., 176088, 20210913230000)
 (5298., 5303., 5286., 5301.,  4678., 176870, 20210914091500)
 (5301., 5302., 5277., 5298.,  4856., 177001, 20210914093000)
 (5298., 5303., 5285., 5293.,  4269., 177928, 20210914094500)
 (5293., 5302., 5286., 5300.,  1675., 177939, 20210914100000)
 (5300., 5305., 5275., 5303.,  3344., 177945, 20210914101500)
 (5305., 5327., 5305., 5321.,  3185., 177941, 20210914104500)
 (5321., 5330., 5312., 5317.,  2603., 177662, 20210914110000)
 (5318., 5319., 5300., 5318.,  1456., 177608, 20210914111500)
 (5318., 5329., 5315., 5318.,  1211., 177667, 20210914113000)
 (5322., 5323., 5280., 5288.,  4068., 178102, 20210914134500)
 (5288., 5293., 5269., 5270.,  2264., 178330, 20210914140000)
 (5270., 5276., 5234., 5243.,  5071., 178586, 20210914141500)
 (5243., 5263., 5222., 5228.,  6195., 178188, 20210914143000)
 (5227., 5248., 5213., 5244.,  9605., 176488, 20210914144500)
 (5244., 5246., 5200., 5204.,  6080., 175816, 20210914150000)]
2021-09-15 15:30:00  INFO  [(5223., 5233., 5189., 5207., 10193., 176534, 20210914211500)
 (5207., 5208., 5173., 5175.,  7711., 178690, 20210914213000)
 (5175., 5180., 5150., 5175.,  6076., 179909, 20210914214500)
 (5175., 5189., 5168., 5172.,  4035., 180058, 20210914220000)
 (5172., 5176., 5156., 5168.,  3558., 180401, 20210914221500)
 (5168., 5173., 5141., 5150.,  5365., 181198, 20210914223000)
 (5149., 5160., 5134., 5140.,  3421., 181270, 20210914224500)
 (5140., 5153., 5132., 5132.,  2367., 181095, 20210914230000)
 (5132., 5163., 5113., 5163., 12387., 179848, 20210915091500)
 (5163., 5183., 5155., 5159.,  3913., 180039, 20210915093000)
 (5159., 5177., 5152., 5171.,  3548., 180371, 20210915094500)
 (5171., 5197., 5167., 5196.,  5080., 181282, 20210915100000)
 (5195., 5200., 5164., 5196.,  6140., 181197, 20210915101500)
 (5190., 5226., 5190., 5219.,  9332., 179379, 20210915104500)
 (5219., 5232., 5207., 5226.,  4482., 179400, 20210915110000)
 (5226., 5234., 5210., 5224.,  2557., 179388, 20210915111500)
 (5224., 5245., 5212., 5245.,  1892., 179367, 20210915113000)
 (5246., 5255., 5219., 5219.,  4725., 179239, 20210915134500)
 (5220., 5238., 5196., 5208.,  4884., 179283, 20210915140000)
 (5208., 5224., 5205., 5217.,  5035., 179101, 20210915141500)
 (5217., 5227., 5200., 5210.,  2611., 178986, 20210915143000)
 (5210., 5223., 5190., 5203.,  4438., 178329, 20210915144500)
 (5203., 5208., 5170., 5190.,  5513., 179796, 20210915150000)]
2021-09-16 15:30:00  INFO  [(5190., 5254., 5190., 5243.,  8083., 181681, 20210915211500)
 (5243., 5265., 5236., 5262.,  4095., 181776, 20210915213000)
 (5262., 5271., 5250., 5270.,  6656., 182282, 20210915214500)
 (5271., 5283., 5260., 5279.,  5782., 182455, 20210915220000)
 (5279., 5280., 5236., 5263.,  7958., 183421, 20210915221500)
 (5263., 5276., 5251., 5263.,  3187., 183017, 20210915223000)
 (5263., 5274., 5255., 5260.,  3612., 182755, 20210915224500)
 (5259., 5264., 5245., 5252.,  2063., 182742, 20210915230000)
 (5253., 5278., 5219., 5228.,  8980., 184164, 20210916091500)
 (5228., 5237., 5211., 5217.,  7145., 184867, 20210916093000)
 (5217., 5255., 5213., 5255.,  3845., 184522, 20210916094500)
 (5255., 5292., 5243., 5286.,  7149., 183953, 20210916100000)
 (5286., 5305., 5277., 5288.,  5980., 183411, 20210916101500)
 (5289., 5301., 5270., 5275.,  4790., 183992, 20210916104500)
 (5276., 5294., 5273., 5277.,  4045., 183769, 20210916110000)
 (5277., 5282., 5263., 5267.,  2755., 183719, 20210916111500)
 (5269., 5282., 5263., 5278.,  2482., 183861, 20210916113000)
 (5275., 5304., 5210., 5220., 10209., 185994, 20210916134500)
 (5220., 5251., 5190., 5230., 12426., 186498, 20210916140000)
 (5231., 5238., 5213., 5219.,  5413., 186794, 20210916141500)
 (5219., 5230., 5202., 5219.,  5723., 187769, 20210916143000)
 (5218., 5235., 5212., 5223.,  5170., 188752, 20210916144500)
 (5223., 5229., 5192., 5192.,  5221., 188372, 20210916150000)]
2021-09-17 15:30:00  INFO  [(5211., 5236., 5162., 5204., 15641., 189555, 20210916211500)
 (5205., 5217., 5165., 5174., 11401., 191588, 20210916213000)
 (5174., 5175., 5144., 5148., 10273., 194505, 20210916214500)
 (5148., 5149., 5120., 5133., 11073., 197147, 20210916220000)
 (5133., 5150., 5103., 5115.,  9609., 200405, 20210916221500)
 (5114., 5130., 5102., 5103.,  4590., 200193, 20210916223000)
 (5103., 5108., 5050., 5078., 12811., 201821, 20210916224500)
 (5078., 5116., 5070., 5111.,  5612., 201929, 20210916230000)
 (5112., 5153., 5112., 5150., 11392., 203591, 20210917091500)
 (5151., 5155., 5107., 5107.,  7844., 205447, 20210917093000)
 (5108., 5121., 5093., 5104.,  8105., 206965, 20210917094500)
 (5104., 5104., 5083., 5086.,  6162., 209137, 20210917100000)
 (5088., 5114., 5062., 5068., 13760., 210454, 20210917101500)
 (5066., 5074., 5026., 5055., 16580., 216099, 20210917104500)
 (5057., 5063., 5024., 5025.,  9865., 218804, 20210917110000)
 (5024., 5045., 5021., 5036.,  5689., 219968, 20210917111500)
 (5037., 5105., 5036., 5105.,  9071., 219228, 20210917113000)
 (5105., 5113., 5050., 5052.,  9678., 219982, 20210917134500)
 (5052., 5070., 5050., 5062.,  3493., 220483, 20210917140000)
 (5062., 5064., 5040., 5042.,  5601., 221960, 20210917141500)
 (5042., 5065., 5035., 5062.,  6508., 221581, 20210917143000)
 (5062., 5073., 5041., 5048.,  4645., 222795, 20210917144500)
 (5048., 5065., 5044., 5064.,  4688., 223172, 20210917150000)]
2021-09-22 15:30:00  INFO  [(5024., 5045., 5021., 5036.,  5689., 219968, 20210917111500)
 (5037., 5105., 5036., 5105.,  9071., 219228, 20210917113000)
 (5105., 5113., 5050., 5052.,  9678., 219982, 20210917134500)
 (5052., 5070., 5050., 5062.,  3493., 220483, 20210917140000)
 (5062., 5064., 5040., 5042.,  5601., 221960, 20210917141500)
 (5042., 5065., 5035., 5062.,  6508., 221581, 20210917143000)
 (5062., 5073., 5041., 5048.,  4645., 222795, 20210917144500)
 (5048., 5065., 5044., 5064.,  4688., 223172, 20210917150000)
 (5100., 5100., 4980., 5036., 40765., 230511, 20210922091500)
 (5037., 5065., 5006., 5007., 16173., 233492, 20210922093000)
 (5007., 5041., 4993., 5037., 12152., 235827, 20210922094500)
 (5035., 5055., 5025., 5036.,  8062., 235971, 20210922100000)
 (5037., 5070., 5036., 5052., 10751., 235868, 20210922101500)
 (5049., 5068., 5017., 5032., 12073., 237600, 20210922104500)
 (5033., 5048., 5023., 5040.,  6949., 237675, 20210922110000)
 (5040., 5046., 5026., 5034.,  4658., 237559, 20210922111500)
 (5036., 5041., 5021., 5026.,  4192., 237790, 20210922113000)
 (5028., 5034., 4991., 5020., 17938., 242582, 20210922134500)
 (5020., 5038., 5010., 5036.,  9189., 242813, 20210922140000)
 (5036., 5086., 5035., 5086., 14884., 239970, 20210922141500)
 (5086., 5121., 5068., 5087., 18641., 242211, 20210922143000)
 (5087., 5125., 5087., 5100.,  9061., 243121, 20210922144500)
 (5101., 5170., 5093., 5170., 11477., 243583, 20210922150000)]
2021-09-23 15:30:00  INFO  [(5190., 5248., 5172., 5222., 31771., 238238, 20210922211500)
 (5222., 5239., 5220., 5230.,  9071., 238719, 20210922213000)
 (5230., 5234., 5202., 5210.,  6304., 239656, 20210922214500)
 (5210., 5210., 5180., 5193., 10282., 240849, 20210922220000)
 (5193., 5212., 5193., 5209.,  5425., 240715, 20210922221500)
 (5209., 5211., 5189., 5191.,  4957., 240414, 20210922223000)
 (5191., 5206., 5190., 5200.,  3897., 239908, 20210922224500)
 (5200., 5206., 5196., 5198.,  2093., 239363, 20210922230000)
 (5199., 5234., 5196., 5215., 12496., 238942, 20210923091500)
 (5215., 5226., 5209., 5224.,  4416., 238631, 20210923093000)
 (5224., 5243., 5222., 5234.,  7099., 238033, 20210923094500)
 (5234., 5244., 5227., 5235.,  7015., 238560, 20210923100000)
 (5235., 5241., 5200., 5220.,  9732., 238595, 20210923101500)
 (5220., 5235., 5207., 5213.,  4444., 238393, 20210923104500)
 (5213., 5221., 5195., 5202.,  5164., 239272, 20210923110000)
 (5202., 5203., 5165., 5174., 10397., 241196, 20210923111500)
 (5174., 5204., 5165., 5199.,  6357., 242100, 20210923113000)
 (5204., 5223., 5183., 5221., 10111., 240891, 20210923134500)
 (5221., 5223., 5197., 5220.,  7819., 240562, 20210923140000)
 (5220., 5223., 5186., 5191.,  5455., 241503, 20210923141500)
 (5191., 5203., 5187., 5200.,  4206., 241738, 20210923143000)
 (5200., 5205., 5183., 5196.,  3341., 242182, 20210923144500)
 (5196., 5220., 5196., 5216.,  4703., 241399, 20210923150000)]
2021-09-24 15:30:00  INFO  [(5210., 5210., 5133., 5187., 15224., 240052, 20210923211500)
 (5182., 5198., 5181., 5195.,  6325., 239501, 20210923213000)
 (5196., 5198., 5171., 5185., 12184., 236907, 20210923214500)
 (5185., 5200., 5182., 5188.,  8131., 236446, 20210923220000)
 (5187., 5195., 5161., 5166.,  9764., 233978, 20210923221500)
 (5165., 5179., 5138., 5155.,  9420., 232987, 20210923223000)
 (5155., 5168., 5151., 5155.,  8371., 230919, 20210923224500)
 (5155., 5176., 5143., 5174.,  5796., 230400, 20210923230000)
 (5170., 5181., 5156., 5164.,  8347., 229202, 20210924091500)
 (5164., 5187., 5163., 5186.,  5808., 228486, 20210924093000)
 (5185., 5188., 5148., 5154.,  4536., 228358, 20210924094500)
 (5154., 5155., 5138., 5142.,  3817., 228704, 20210924100000)
 (5142., 5172., 5138., 5155.,  4443., 228167, 20210924101500)
 (5153., 5162., 5140., 5141.,  4503., 228646, 20210924104500)
 (5139., 5140., 5096., 5121., 11316., 227895, 20210924110000)
 (5121., 5153., 5119., 5145.,  5240., 227690, 20210924111500)
 (5145., 5157., 5123., 5151.,  5241., 227219, 20210924113000)
 (5151., 5168., 5131., 5135.,  4660., 226621, 20210924134500)
 (5135., 5146., 5127., 5136.,  2575., 227002, 20210924140000)
 (5137., 5146., 5125., 5128.,  3753., 227601, 20210924141500)
 (5128., 5129., 5110., 5113.,  4445., 228898, 20210924143000)
 (5113., 5130., 5107., 5126.,  2753., 228923, 20210924144500)
 (5126., 5132., 5110., 5117.,  3588., 229423, 20210924150000)]
2021-09-27 15:30:00  INFO  [(5105., 5113., 5070., 5077., 14032., 229225, 20210924211500)
 (5078., 5086., 5064., 5072., 14105., 230076, 20210924213000)
 (5074., 5098., 5072., 5087.,  8982., 231003, 20210924214500)
 (5087., 5122., 5084., 5116.,  6765., 230202, 20210924220000)
 (5116., 5151., 5115., 5126., 10890., 229030, 20210924221500)
 (5126., 5167., 5126., 5161.,  6404., 227465, 20210924223000)
 (5162., 5170., 5147., 5158.,  6204., 227116, 20210924224500)
 (5159., 5180., 5153., 5162.,  6125., 225622, 20210924230000)
 (5175., 5244., 5171., 5213., 28389., 225583, 20210927091500)
 (5213., 5230., 5192., 5230.,  9144., 225869, 20210927093000)
 (5230., 5235., 5206., 5212.,  6415., 225765, 20210927094500)
 (5212., 5221., 5187., 5193.,  5300., 226411, 20210927100000)
 (5192., 5203., 5180., 5197.,  4754., 226399, 20210927101500)
 (5199., 5209., 5193., 5196.,  4496., 227167, 20210927104500)
 (5194., 5198., 5172., 5173.,  4805., 228156, 20210927110000)
 (5173., 5207., 5168., 5206.,  4410., 228017, 20210927111500)
 (5206., 5219., 5184., 5196.,  4219., 228226, 20210927113000)
 (5196., 5213., 5182., 5188.,  5309., 229252, 20210927134500)
 (5188., 5202., 5186., 5196.,  2725., 229008, 20210927140000)
 (5196., 5207., 5194., 5200.,  3661., 229046, 20210927141500)
 (5200., 5220., 5198., 5210.,  3808., 229290, 20210927143000)
 (5210., 5217., 5177., 5187.,  5426., 230454, 20210927144500)
 (5187., 5192., 5177., 5188.,  3685., 230307, 20210927150000)]
2021-09-28 15:30:00  INFO  [(5200., 5228., 5183., 5222.,  8512., 230373, 20210927211500)
 (5222., 5233., 5213., 5224.,  5990., 230426, 20210927213000)
 (5224., 5226., 5202., 5207.,  2815., 230640, 20210927214500)
 (5209., 5225., 5209., 5220.,  2832., 231055, 20210927220000)
 (5220., 5225., 5190., 5199.,  4958., 231617, 20210927221500)
 (5199., 5209., 5198., 5205.,  1574., 231554, 20210927223000)
 (5205., 5216., 5185., 5196.,  2726., 231615, 20210927224500)
 (5196., 5208., 5192., 5208.,  2327., 231176, 20210927230000)
 (5206., 5217., 5188., 5200.,  5414., 230663, 20210928091500)
 (5200., 5216., 5197., 5212.,  4318., 230798, 20210928093000)
 (5212., 5225., 5208., 5220.,  5542., 230081, 20210928094500)
 (5221., 5228., 5206., 5207.,  5350., 229461, 20210928100000)
 (5207., 5228., 5199., 5214.,  5277., 229032, 20210928101500)
 (5214., 5235., 5210., 5234.,  5298., 227215, 20210928104500)
 (5235., 5255., 5229., 5253.,  5147., 226645, 20210928110000)
 (5253., 5262., 5235., 5246.,  6104., 226430, 20210928111500)
 (5246., 5257., 5241., 5251.,  3435., 225562, 20210928113000)
 (5254., 5288., 5250., 5277., 15872., 223532, 20210928134500)
 (5277., 5279., 5257., 5275.,  7144., 222988, 20210928140000)
 (5275., 5277., 5263., 5270.,  3952., 222973, 20210928141500)
 (5272., 5283., 5267., 5278.,  2194., 222661, 20210928143000)
 (5279., 5295., 5278., 5293.,  5115., 222299, 20210928144500)
 (5293., 5298., 5283., 5289.,  4580., 221839, 20210928150000)]
2021-09-29 15:30:00  INFO  [(5300., 5322., 5288., 5309., 11490., 221665, 20210928211500)
 (5309., 5335., 5304., 5325.,  9971., 221168, 20210928213000)
 (5325., 5348., 5318., 5348.,  6434., 221027, 20210928214500)
 (5346., 5349., 5326., 5335.,  6277., 221447, 20210928220000)
 (5335., 5340., 5302., 5308.,  7056., 222092, 20210928221500)
 (5308., 5311., 5262., 5283.,  9384., 222723, 20210928223000)
 (5283., 5293., 5276., 5288.,  5091., 223757, 20210928224500)
 (5288., 5297., 5271., 5271.,  3390., 223750, 20210928230000)
 (5272., 5296., 5250., 5292.,  7656., 224513, 20210929091500)
 (5292., 5309., 5285., 5292.,  5837., 224399, 20210929093000)
 (5292., 5297., 5282., 5286.,  2780., 224000, 20210929094500)
 (5286., 5292., 5262., 5276.,  5112., 224687, 20210929100000)
 (5276., 5278., 5250., 5257.,  4653., 225312, 20210929101500)
 (5254., 5273., 5240., 5241.,  5121., 226034, 20210929104500)
 (5241., 5249., 5223., 5232.,  6879., 226362, 20210929110000)
 (5232., 5251., 5226., 5236.,  6540., 226169, 20210929111500)
 (5236., 5270., 5232., 5263.,  7067., 225528, 20210929113000)
 (5262., 5281., 5260., 5268.,  5545., 225794, 20210929134500)
 (5268., 5279., 5266., 5276.,  3608., 224828, 20210929140000)
 (5276., 5298., 5271., 5296.,  3880., 223820, 20210929141500)
 (5296., 5303., 5293., 5296.,  3845., 222994, 20210929143000)
 (5296., 5305., 5283., 5300.,  5736., 222650, 20210929144500)
 (5300., 5312., 5287., 5308.,  5619., 222023, 20210929150000)]
2021-09-30 15:30:00  INFO  [(5298., 5305., 5282., 5293., 11851., 224226, 20210929211500)
 (5293., 5316., 5291., 5305.,  6696., 223057, 20210929213000)
 (5304., 5306., 5280., 5297., 10056., 220844, 20210929214500)
 (5297., 5307., 5291., 5302.,  4362., 220757, 20210929220000)
 (5301., 5318., 5291., 5314.,  5774., 219595, 20210929221500)
 (5315., 5334., 5303., 5333.,  4595., 218808, 20210929223000)
 (5333., 5333., 5314., 5328.,  4242., 218511, 20210929224500)
 (5328., 5331., 5316., 5321.,  3455., 217537, 20210929230000)
 (5324., 5332., 5295., 5300.,  7410., 217388, 20210930091500)
 (5300., 5316., 5297., 5305.,  2524., 217173, 20210930093000)
 (5304., 5317., 5294., 5314.,  6082., 216463, 20210930094500)
 (5312., 5327., 5306., 5311.,  7896., 214102, 20210930100000)
 (5310., 5333., 5302., 5310.,  7784., 212292, 20210930101500)
 (5311., 5323., 5302., 5318.,  5639., 211176, 20210930104500)
 (5317., 5333., 5316., 5329.,  4195., 211815, 20210930110000)
 (5329., 5345., 5322., 5338.,  4261., 212032, 20210930111500)
 (5338., 5353., 5329., 5344.,  6039., 212136, 20210930113000)
 (5345., 5427., 5345., 5413., 23319., 205660, 20210930134500)
 (5413., 5443., 5402., 5426., 20244., 204044, 20210930140000)
 (5424., 5426., 5378., 5382.,  8762., 203478, 20210930141500)
 (5382., 5394., 5363., 5388.,  7359., 204758, 20210930143000)
 (5388., 5390., 5365., 5374.,  4309., 205095, 20210930144500)
 (5373., 5397., 5366., 5376.,  5369., 205411, 20210930150000)]
2021-10-08 15:30:00  INFO  [(5329., 5345., 5322., 5338.,  4261., 212032, 20210930111500)
 (5338., 5353., 5329., 5344.,  6039., 212136, 20210930113000)
 (5345., 5427., 5345., 5413., 23319., 205660, 20210930134500)
 (5413., 5443., 5402., 5426., 20244., 204044, 20210930140000)
 (5424., 5426., 5378., 5382.,  8762., 203478, 20210930141500)
 (5382., 5394., 5363., 5388.,  7359., 204758, 20210930143000)
 (5388., 5390., 5365., 5374.,  4309., 205095, 20210930144500)
 (5373., 5397., 5366., 5376.,  5369., 205411, 20210930150000)
 (5449., 5500., 5425., 5458., 34649., 215802, 20211008091500)
 (5458., 5471., 5427., 5443.,  8426., 215347, 20211008093000)
 (5445., 5447., 5411., 5422.,  6901., 214937, 20211008094500)
 (5422., 5423., 5383., 5409.,  7688., 216080, 20211008100000)
 (5409., 5427., 5388., 5421.,  4055., 216002, 20211008101500)
 (5421., 5438., 5412., 5417.,  4182., 216042, 20211008104500)
 (5417., 5444., 5410., 5440.,  2477., 215735, 20211008110000)
 (5440., 5452., 5429., 5450.,  4004., 216753, 20211008111500)
 (5450., 5459., 5439., 5445.,  3088., 216548, 20211008113000)
 (5445., 5454., 5426., 5428.,  4310., 216783, 20211008134500)
 (5428., 5443., 5415., 5443.,  3747., 215882, 20211008140000)
 (5443., 5452., 5439., 5448.,  2560., 215319, 20211008141500)
 (5449., 5458., 5444., 5455.,  3346., 215656, 20211008143000)
 (5455., 5460., 5445., 5448.,  3070., 216118, 20211008144500)
 (5448., 5453., 5420., 5423.,  3491., 216212, 20211008150000)]
2021-10-11 15:30:00  INFO  [(5429., 5465., 5428., 5462.,  9322., 218235, 20211008211500)
 (5463., 5475., 5455., 5471.,  5571., 218877, 20211008213000)
 (5471., 5475., 5457., 5464.,  4272., 218947, 20211008214500)
 (5464., 5481., 5464., 5479.,  6349., 219704, 20211008220000)
 (5479., 5482., 5465., 5475.,  3961., 221128, 20211008221500)
 (5475., 5487., 5470., 5485.,  3825., 221381, 20211008223000)
 (5484., 5490., 5474., 5482.,  3954., 221457, 20211008224500)
 (5482., 5491., 5470., 5491.,  7268., 223364, 20211008230000)
 (5490., 5496., 5465., 5471., 17797., 223707, 20211011091500)
 (5471., 5481., 5456., 5460.,  9715., 222950, 20211011093000)
 (5460., 5471., 5442., 5455.,  7049., 223065, 20211011094500)
 (5455., 5455., 5432., 5439.,  6740., 223460, 20211011100000)
 (5438., 5458., 5430., 5453.,  8332., 224234, 20211011101500)
 (5451., 5466., 5451., 5458.,  4785., 223919, 20211011104500)
 (5458., 5479., 5455., 5478.,  4339., 224067, 20211011110000)
 (5478., 5480., 5469., 5469.,  3196., 223783, 20211011111500)
 (5471., 5486., 5464., 5481.,  2485., 223785, 20211011113000)
 (5482., 5490., 5475., 5480.,  3859., 224284, 20211011134500)
 (5480., 5500., 5479., 5494.,  6086., 224418, 20211011140000)
 (5494., 5507., 5493., 5501.,  3983., 224178, 20211011141500)
 (5501., 5507., 5486., 5498.,  4097., 223590, 20211011143000)
 (5497., 5500., 5477., 5484.,  4624., 223820, 20211011144500)
 (5484., 5485., 5466., 5485.,  4793., 224244, 20211011150000)]
2021-10-12 15:30:00  INFO  [(5500., 5500., 5433., 5468., 21322., 232612, 20211011211500)
 (5468., 5482., 5457., 5471.,  4860., 232620, 20211011213000)
 (5472., 5480., 5462., 5472.,  3956., 232859, 20211011214500)
 (5472., 5487., 5464., 5469.,  4432., 232618, 20211011220000)
 (5469., 5473., 5460., 5463.,  4967., 232480, 20211011221500)
 (5463., 5470., 5450., 5450.,  5941., 232502, 20211011223000)
 (5449., 5461., 5441., 5456.,  5993., 232011, 20211011224500)
 (5456., 5462., 5448., 5451.,  2669., 232004, 20211011230000)
 (5450., 5461., 5428., 5452., 10898., 231676, 20211012091500)
 (5451., 5460., 5429., 5440.,  8864., 230485, 20211012093000)
 (5440., 5448., 5435., 5438.,  2898., 230222, 20211012094500)
 (5439., 5453., 5401., 5406., 11234., 229942, 20211012100000)
 (5405., 5440., 5400., 5431.,  8729., 229771, 20211012101500)
 (5430., 5444., 5417., 5428.,  5834., 230311, 20211012104500)
 (5428., 5434., 5406., 5413.,  4596., 230639, 20211012110000)
 (5413., 5423., 5392., 5393.,  4845., 231407, 20211012111500)
 (5392., 5401., 5330., 5335., 20585., 234796, 20211012113000)
 (5338., 5353., 5314., 5343., 15965., 238152, 20211012134500)
 (5343., 5355., 5334., 5335.,  6340., 238096, 20211012140000)
 (5334., 5338., 5308., 5310.,  7435., 238455, 20211012141500)
 (5309., 5313., 5287., 5312., 13271., 240787, 20211012143000)
 (5312., 5330., 5303., 5317.,  7312., 241484, 20211012144500)
 (5317., 5325., 5286., 5288.,  6736., 242437, 20211012150000)]
2021-10-13 15:30:00  INFO  [(5290., 5295., 5257., 5292., 29925., 253737, 20211012211500)
 (5292., 5308., 5290., 5299., 11373., 253182, 20211012213000)
 (5299., 5321., 5297., 5300.,  8049., 254125, 20211012214500)
 (5301., 5313., 5283., 5291., 11833., 254761, 20211012220000)
 (5291., 5298., 5273., 5277.,  8737., 255192, 20211012221500)
 (5275., 5284., 5255., 5277., 11388., 255782, 20211012223000)
 (5277., 5290., 5263., 5278.,  8879., 254742, 20211012224500)
 (5281., 5293., 5273., 5282.,  6340., 253263, 20211012230000)
 (5283., 5306., 5262., 5286., 15451., 252026, 20211013091500)
 (5286., 5300., 5266., 5271.,  6764., 254117, 20211013093000)
 (5271., 5285., 5262., 5268.,  4823., 253810, 20211013094500)
 (5268., 5270., 5230., 5231., 16269., 254781, 20211013100000)
 (5231., 5242., 5190., 5193., 19788., 257971, 20211013101500)
 (5192., 5208., 5083., 5180., 30883., 256377, 20211013104500)
 (5180., 5225., 5170., 5209., 11493., 255079, 20211013110000)
 (5209., 5214., 5188., 5200., 12510., 256103, 20211013111500)
 (5200., 5215., 5190., 5199.,  8039., 257797, 20211013113000)
 (5221., 5370., 5221., 5346., 42804., 254138, 20211013134500)
 (5346., 5355., 5319., 5329., 14557., 254047, 20211013140000)
 (5328., 5342., 5312., 5323.,  7696., 253868, 20211013141500)
 (5322., 5338., 5310., 5321.,  9312., 253512, 20211013143000)
 (5321., 5321., 5250., 5251., 10120., 254602, 20211013144500)
 (5253., 5253., 5216., 5225., 14859., 253090, 20211013150000)]
2021-10-14 15:30:00  INFO  [(5232., 5259., 5201., 5243., 25457., 256864, 20211013211500)
 (5243., 5267., 5232., 5242., 10470., 256781, 20211013213000)
 (5242., 5253., 5233., 5248.,  6585., 257702, 20211013214500)
 (5248., 5280., 5236., 5276.,  9517., 256783, 20211013220000)
 (5276., 5299., 5261., 5264., 13142., 254730, 20211013221500)
 (5263., 5285., 5263., 5273.,  2555., 254615, 20211013223000)
 (5273., 5281., 5247., 5257.,  4960., 254510, 20211013224500)
 (5257., 5261., 5244., 5260.,  3267., 254101, 20211013230000)
 (5260., 5300., 5260., 5287., 13971., 257066, 20211014091500)
 (5286., 5293., 5261., 5274.,  4610., 257424, 20211014093000)
 (5273., 5280., 5265., 5266.,  5874., 259885, 20211014094500)
 (5268., 5288., 5265., 5280.,  6143., 260694, 20211014100000)
 (5281., 5289., 5271., 5285.,  4595., 260909, 20211014101500)
 (5286., 5298., 5269., 5272.,  7871., 260605, 20211014104500)
 (5273., 5277., 5260., 5274.,  6169., 259616, 20211014110000)
 (5274., 5279., 5265., 5274.,  4254., 259441, 20211014111500)
 (5274., 5291., 5267., 5286.,  7181., 260910, 20211014113000)
 (5288., 5298., 5250., 5251., 11677., 260329, 20211014134500)
 (5254., 5271., 5251., 5271.,  5587., 261260, 20211014140000)
 (5271., 5273., 5241., 5252.,  5196., 261571, 20211014141500)
 (5252., 5265., 5248., 5254.,  3794., 260914, 20211014143000)
 (5254., 5261., 5221., 5240.,  7574., 260917, 20211014144500)
 (5240., 5250., 5238., 5249.,  2281., 260865, 20211014150000)]
2021-10-15 15:30:00  INFO  [(5252., 5285., 5249., 5264., 15254., 266433, 20211014211500)
 (5264., 5265., 5206., 5208., 22833., 274173, 20211014213000)
 (5208., 5240., 5205., 5222.,  9710., 275887, 20211014214500)
 (5222., 5232., 5209., 5224.,  7644., 278218, 20211014220000)
 (5224., 5234., 5219., 5230.,  5283., 278928, 20211014221500)
 (5230., 5236., 5211., 5212.,  3972., 279303, 20211014223000)
 (5213., 5232., 5208., 5224.,  4206., 279649, 20211014224500)
 (5224., 5260., 5221., 5250.,  4129., 279072, 20211014230000)
 (5249., 5265., 5243., 5259.,  7769., 279702, 20211015091500)
 (5259., 5284., 5247., 5248., 10912., 277745, 20211015093000)
 (5249., 5265., 5249., 5252.,  3329., 277727, 20211015094500)
 (5254., 5260., 5245., 5256.,  3171., 277904, 20211015100000)
 (5256., 5257., 5233., 5252.,  2345., 277962, 20211015101500)
 (5252., 5262., 5245., 5252.,  3041., 278125, 20211015104500)
 (5253., 5262., 5248., 5256.,  3373., 279096, 20211015110000)
 (5256., 5276., 5254., 5274.,  6172., 281892, 20211015111500)
 (5276., 5280., 5265., 5276.,  5486., 281135, 20211015113000)
 (5277., 5297., 5277., 5290., 12451., 281902, 20211015134500)
 (5290., 5295., 5280., 5287.,  8860., 285686, 20211015140000)
 (5287., 5307., 5287., 5302.,  9080., 288960, 20211015141500)
 (5302., 5310., 5288., 5301., 12218., 292827, 20211015143000)
 (5301., 5313., 5292., 5301., 12774., 292364, 20211015144500)
 (5301., 5308., 5272., 5279., 12402., 292809, 20211015150000)]
2021-10-18 15:30:00  INFO  [(5300., 5304., 5275., 5279., 23709., 302850, 20211015211500)
 (5279., 5280., 5256., 5258.,  7159., 304186, 20211015213000)
 (5258., 5261., 5242., 5246., 11527., 304584, 20211015214500)
 (5246., 5251., 5235., 5238.,  6306., 304946, 20211015220000)
 (5238., 5253., 5223., 5228.,  6109., 305140, 20211015221500)
 (5225., 5230., 5193., 5215., 13758., 306531, 20211015223000)
 (5215., 5241., 5203., 5232.,  6847., 306648, 20211015224500)
 (5232., 5238., 5201., 5201.,  5025., 307211, 20211015230000)
 (5200., 5206., 5165., 5195., 24181., 310193, 20211018091500)
 (5195., 5195., 5110., 5128., 30062., 321759, 20211018093000)
 (5127., 5134., 5110., 5116.,  9697., 323628, 20211018094500)
 (5118., 5145., 5111., 5136., 10969., 325260, 20211018100000)
 (5135., 5197., 5123., 5192., 14351., 324664, 20211018101500)
 (5192., 5208., 5182., 5205., 15491., 326441, 20211018104500)
 (5205., 5237., 5201., 5237., 14299., 325061, 20211018110000)
 (5235., 5239., 5215., 5224.,  7561., 325598, 20211018111500)
 (5224., 5256., 5214., 5256.,  7856., 324013, 20211018113000)
 (5255., 5259., 5231., 5237.,  7783., 323866, 20211018134500)
 (5235., 5236., 5188., 5195., 10020., 324760, 20211018140000)
 (5195., 5209., 5181., 5197.,  5872., 325058, 20211018141500)
 (5197., 5197., 5182., 5194.,  6664., 327703, 20211018143000)
 (5195., 5214., 5183., 5203.,  5674., 328723, 20211018144500)
 (5203., 5206., 5187., 5189.,  5469., 328582, 20211018150000)]
2021-10-19 15:30:00  INFO  [(5158., 5217., 5155., 5216., 26151., 335190, 20211018211500)
 (5216., 5222., 5196., 5202.,  7608., 334549, 20211018213000)
 (5203., 5205., 5189., 5197.,  8220., 333753, 20211018214500)
 (5197., 5225., 5181., 5211.,  8258., 332704, 20211018220000)
 (5211., 5218., 5202., 5212.,  3102., 332476, 20211018221500)
 (5212., 5221., 5202., 5202.,  3000., 332212, 20211018223000)
 (5202., 5209., 5187., 5195.,  3089., 332339, 20211018224500)
 (5193., 5208., 5182., 5194.,  3915., 332296, 20211018230000)
 (5196., 5204., 5164., 5177., 17806., 337654, 20211019091500)
 (5177., 5199., 5174., 5188.,  6538., 337712, 20211019093000)
 (5188., 5200., 5185., 5199.,  4624., 336803, 20211019094500)
 (5199., 5219., 5196., 5216.,  4592., 336396, 20211019100000)
 (5216., 5222., 5200., 5219.,  4427., 335992, 20211019101500)
 (5218., 5246., 5218., 5245., 13134., 334107, 20211019104500)
 (5245., 5255., 5217., 5224., 11674., 334078, 20211019110000)
 (5224., 5238., 5218., 5232.,  6005., 334685, 20211019111500)
 (5232., 5264., 5225., 5261., 13406., 337914, 20211019113000)
 (5264., 5280., 5254., 5271., 17419., 336635, 20211019134500)
 (5271., 5286., 5267., 5286., 11225., 335866, 20211019140000)
 (5286., 5305., 5279., 5305., 13065., 338504, 20211019141500)
 (5302., 5308., 5289., 5306.,  8151., 339193, 20211019143000)
 (5306., 5325., 5300., 5325., 11762., 339453, 20211019144500)
 (5324., 5326., 5289., 5309., 11314., 339131, 20211019150000)]
2021-10-20 15:30:00  INFO  [(5281., 5296., 5254., 5256., 22827., 345964, 20211019211500)
 (5255., 5260., 5190., 5240., 31384., 345174, 20211019213000)
 (5241., 5250., 5196., 5197., 15623., 346574, 20211019214500)
 (5198., 5214., 5183., 5193., 16503., 350219, 20211019220000)
 (5192., 5214., 5189., 5192.,  8498., 351518, 20211019221500)
 (5192., 5206., 5188., 5192.,  7866., 354121, 20211019223000)
 (5192., 5192., 5151., 5167., 23226., 355907, 20211019224500)
 (5169., 5201., 5165., 5188.,  9896., 355943, 20211019230000)
 (5187., 5187., 5150., 5161., 19501., 360785, 20211020091500)
 (5161., 5176., 5155., 5166.,  6801., 361629, 20211020093000)
 (5165., 5165., 5130., 5134., 18412., 365874, 20211020094500)
 (5134., 5150., 5129., 5131.,  9769., 368665, 20211020100000)
 (5131., 5163., 5129., 5151.,  7879., 369246, 20211020101500)
 (5153., 5156., 5129., 5133.,  8519., 371670, 20211020104500)
 (5132., 5139., 5121., 5135., 10606., 374775, 20211020110000)
 (5135., 5150., 5125., 5142.,  7180., 375989, 20211020111500)
 (5142., 5172., 5134., 5150.,  8814., 375023, 20211020113000)
 (5150., 5178., 5143., 5175.,  9838., 377044, 20211020134500)
 (5175., 5184., 5164., 5174.,  8484., 378158, 20211020140000)
 (5174., 5178., 5153., 5158.,  6509., 378387, 20211020141500)
 (5158., 5161., 5150., 5151.,  7924., 381244, 20211020143000)
 (5151., 5154., 5135., 5140., 12390., 385430, 20211020144500)
 (5140., 5141., 5072., 5075., 29926., 396026, 20211020150000)]
2021-10-21 15:30:00  INFO  [(5050., 5090., 5030., 5073., 45719., 404938, 20211020211500)
 (5074., 5111., 5073., 5095., 18869., 405707, 20211020213000)
 (5096., 5131., 5085., 5104., 15213., 407539, 20211020214500)
 (5104., 5126., 5104., 5111.,  7892., 407807, 20211020220000)
 (5113., 5126., 5112., 5125., 11876., 411485, 20211020221500)
 (5125., 5130., 5115., 5120.,  6383., 410619, 20211020223000)
 (5120., 5129., 5102., 5104.,  6860., 410167, 20211020224500)
 (5104., 5112., 5092., 5112.,  8342., 411412, 20211020230000)
 (5118., 5140., 5114., 5117., 16755., 409308, 20211021091500)
 (5117., 5131., 5115., 5119.,  4897., 408695, 20211021093000)
 (5119., 5147., 5115., 5138.,  6092., 408235, 20211021094500)
 (5138., 5147., 5136., 5141.,  4628., 407446, 20211021100000)
 (5141., 5143., 5091., 5093., 11848., 410024, 20211021101500)
 (5096., 5105., 5072., 5081., 16495., 412711, 20211021104500)
 (5081., 5087., 5059., 5081., 15074., 415082, 20211021110000)
 (5080., 5098., 5078., 5089.,  7447., 416569, 20211021111500)
 (5089., 5106., 5081., 5100.,  6382., 417292, 20211021113000)
 (5097., 5097., 5008., 5031., 48243., 429532, 20211021134500)
 (5031., 5045., 4948., 4972., 44747., 438091, 20211021140000)
 (4973., 4976., 4936., 4962., 22499., 441576, 20211021141500)
 (4960., 4984., 4931., 4935., 22852., 446112, 20211021143000)
 (4935., 4942., 4838., 4855., 39516., 454451, 20211021144500)
 (4857., 4867., 4761., 4766., 45374., 460029, 20211021150000)]
2021-10-22 15:30:00  INFO  [(4810., 4864., 4780., 4805., 59366., 463874, 20211021211500)
 (4805., 4811., 4726., 4729., 40165., 469163, 20211021213000)
 (4729., 4787., 4691., 4705., 48039., 476002, 20211021214500)
 (4705., 4745., 4695., 4742., 24279., 476787, 20211021220000)
 (4741., 4797., 4737., 4758., 57058., 478534, 20211021221500)
 (4758., 4759., 4720., 4735., 26492., 482892, 20211021223000)
 (4734., 4757., 4727., 4753.,  8857., 484228, 20211021224500)
 (4753., 4765., 4740., 4765.,  8816., 486232, 20211021230000)
 (4768., 4800., 4749., 4776., 32785., 486935, 20211022091500)
 (4774., 4785., 4742., 4742., 16206., 490686, 20211022093000)
 (4743., 4747., 4699., 4700., 27148., 497948, 20211022094500)
 (4702., 4746., 4694., 4701., 20285., 500466, 20211022100000)
 (4701., 4720., 4696., 4707., 15738., 504576, 20211022101500)
 (4706., 4713., 4665., 4672., 26654., 510520, 20211022104500)
 (4671., 4702., 4655., 4690., 19633., 512529, 20211022110000)
 (4689., 4706., 4658., 4697., 12921., 512030, 20211022111500)
 (4697., 4747., 4688., 4707., 18476., 513430, 20211022113000)
 (4705., 4739., 4668., 4690., 23242., 515903, 20211022134500)
 (4689., 4712., 4681., 4684.,  9268., 517148, 20211022140000)
 (4683., 4687., 4622., 4638., 33289., 522304, 20211022141500)
 (4640., 4691., 4638., 4690., 17828., 523341, 20211022143000)
 (4690., 4710., 4670., 4704., 13772., 524963, 20211022144500)
 (4703., 4728., 4686., 4722., 22430., 527270, 20211022150000)]
2021-10-25 15:30:00  INFO  [(4725., 4783., 4710., 4715., 67624., 556858, 20211022211500)
 (4715., 4732., 4710., 4718., 12645., 558177, 20211022213000)
 (4718., 4756., 4718., 4755., 32713., 560736, 20211022214500)
 (4756., 4756., 4730., 4740., 14040., 563598, 20211022220000)
 (4740., 4741., 4715., 4736., 12251., 565507, 20211022221500)
 (4734., 4739., 4708., 4717., 11850., 566435, 20211022223000)
 (4717., 4722., 4685., 4713., 17678., 568899, 20211022224500)
 (4713., 4769., 4706., 4745., 18645., 566909, 20211022230000)
 (4700., 4774., 4679., 4755., 42490., 571168, 20211025091500)
 (4754., 4775., 4743., 4744., 16552., 572192, 20211025093000)
 (4744., 4756., 4728., 4748., 10871., 573693, 20211025094500)
 (4748., 4751., 4711., 4729., 16867., 574186, 20211025100000)
 (4729., 4762., 4718., 4757., 11060., 573937, 20211025101500)
 (4757., 4779., 4748., 4763., 14847., 574110, 20211025104500)
 (4763., 4763., 4743., 4748.,  9237., 573599, 20211025110000)
 (4748., 4755., 4727., 4729., 10936., 575115, 20211025111500)
 (4729., 4744., 4720., 4720.,  7163., 576017, 20211025113000)
 (4721., 4732., 4699., 4703., 28002., 580464, 20211025134500)
 (4703., 4712., 4673., 4677., 15658., 583866, 20211025140000)
 (4678., 4707., 4676., 4685., 12193., 586520, 20211025141500)
 (4685., 4695., 4678., 4680., 13454., 589948, 20211025143000)
 (4680., 4680., 4650., 4660., 20390., 597764, 20211025144500)
 (4658., 4662., 4628., 4629., 25033., 606027, 20211025150000)]
2021-10-26 15:30:00  INFO  [(4619., 4655., 4607., 4652., 51332., 608944, 20211025211500)
 (4651., 4670., 4637., 4642., 21659., 612127, 20211025213000)
 (4642., 4642., 4608., 4613., 16218., 616420, 20211025214500)
 (4613., 4628., 4604., 4618., 13183., 618274, 20211025220000)
 (4618., 4648., 4616., 4634., 14303., 617541, 20211025221500)
 (4634., 4645., 4629., 4633.,  6125., 616730, 20211025223000)
 (4632., 4638., 4610., 4613., 14878., 617705, 20211025224500)
 (4613., 4636., 4606., 4635., 12587., 616480, 20211025230000)
 (4640., 4667., 4636., 4662., 27628., 618544, 20211026091500)
 (4662., 4664., 4643., 4654., 12068., 618138, 20211026093000)
 (4654., 4656., 4614., 4616., 14722., 619202, 20211026094500)
 (4616., 4639., 4614., 4622., 16821., 622708, 20211026100000)
 (4624., 4663., 4618., 4663., 14412., 624463, 20211026101500)
 (4662., 4683., 4636., 4637., 26352., 627185, 20211026104500)
 (4636., 4660., 4636., 4652.,  7011., 628772, 20211026110000)
 (4652., 4673., 4649., 4670., 17376., 631345, 20211026111500)
 (4670., 4694., 4652., 4692., 17113., 631547, 20211026113000)
 (4693., 4696., 4628., 4629., 31919., 639537, 20211026134500)
 (4629., 4655., 4624., 4639., 25956., 649711, 20211026140000)
 (4639., 4654., 4621., 4641., 17777., 655276, 20211026141500)
 (4641., 4666., 4641., 4652., 20185., 656352, 20211026143000)
 (4652., 4655., 4632., 4640., 26900., 660776, 20211026144500)
 (4640., 4645., 4638., 4642., 11261., 662922, 20211026150000)]
2021-10-27 15:30:00  INFO  [(4654., 4707., 4652., 4707., 62160., 655191, 20211026211500)
 (4708., 4734., 4700., 4701., 35687., 648864, 20211026213000)
 (4702., 4729., 4699., 4705., 26851., 646440, 20211026214500)
 (4705., 4711., 4685., 4692., 19156., 647043, 20211026220000)
 (4693., 4699., 4681., 4682.,  8865., 648170, 20211026221500)
 (4683., 4684., 4660., 4664., 14397., 651856, 20211026223000)
 (4664., 4671., 4654., 4667., 10134., 653363, 20211026224500)
 (4667., 4669., 4642., 4644., 13241., 654952, 20211026230000)
 (4635., 4635., 4525., 4560., 68479., 668030, 20211027091500)
 (4560., 4569., 4521., 4530., 28988., 673545, 20211027093000)
 (4531., 4540., 4492., 4510., 38565., 684243, 20211027094500)
 (4510., 4510., 4430., 4436., 47253., 689534, 20211027100000)
 (4436., 4464., 4407., 4413., 44132., 694814, 20211027101500)
 (4414., 4451., 4388., 4431., 39476., 699376, 20211027104500)
 (4431., 4491., 4425., 4476., 29394., 699123, 20211027110000)
 (4476., 4488., 4443., 4472., 27227., 703573, 20211027111500)
 (4473., 4499., 4456., 4461., 17062., 702603, 20211027113000)
 (4460., 4460., 4415., 4418., 50394., 711747, 20211027134500)
 (4417., 4462., 4417., 4462., 17143., 711171, 20211027140000)
 (4462., 4469., 4425., 4446., 25701., 719644, 20211027141500)
 (4446., 4461., 4429., 4430., 11688., 722239, 20211027143000)
 (4430., 4434., 4400., 4415., 33668., 733822, 20211027144500)
 (4415., 4441., 4406., 4416., 27910., 740552, 20211027150000)]
2021-10-28 15:30:00  INFO  [(4393., 4394., 4303., 4319.,  91267., 757106, 20211027211500)
 (4317., 4342., 4293., 4339.,  45427., 759339, 20211027213000)
 (4339., 4375., 4328., 4352.,  37674., 753411, 20211027214500)
 (4352., 4363., 4343., 4350.,  20165., 751415, 20211027220000)
 (4350., 4379., 4349., 4364.,  18463., 748083, 20211027221500)
 (4365., 4368., 4335., 4349.,  11477., 748162, 20211027223000)
 (4349., 4362., 4336., 4341.,   8306., 747286, 20211027224500)
 (4341., 4363., 4339., 4360.,   9525., 744548, 20211027230000)
 (4357., 4377., 4340., 4362.,  18536., 745226, 20211028091500)
 (4363., 4400., 4363., 4397.,  21414., 745336, 20211028093000)
 (4399., 4457., 4391., 4417.,  42831., 741067, 20211028094500)
 (4417., 4434., 4386., 4391.,  19162., 741420, 20211028100000)
 (4390., 4400., 4371., 4371.,  15874., 741121, 20211028101500)
 (4370., 4370., 4320., 4338.,  38596., 742803, 20211028104500)
 (4336., 4398., 4336., 4398.,  20045., 741756, 20211028110000)
 (4398., 4400., 4362., 4370.,  11284., 742353, 20211028111500)
 (4370., 4373., 4327., 4341.,  14464., 746766, 20211028113000)
 (4339., 4339., 4257., 4323.,  77019., 762290, 20211028134500)
 (4323., 4471., 4321., 4468., 101568., 749306, 20211028140000)
 (4468., 4627., 4448., 4535., 116442., 728241, 20211028141500)
 (4536., 4565., 4515., 4520.,  67812., 731871, 20211028143000)
 (4520., 4523., 4433., 4458.,  42592., 735011, 20211028144500)
 (4458., 4521., 4452., 4506.,  39441., 732442, 20211028150000)]
2021-10-29 15:30:00  INFO  [(4500., 4517., 4461., 4473., 60142., 742503, 20211028211500)
 (4472., 4477., 4451., 4453., 21063., 747363, 20211028213000)
 (4453., 4457., 4426., 4447., 28302., 753543, 20211028214500)
 (4446., 4453., 4417., 4451., 21768., 756817, 20211028220000)
 (4450., 4452., 4426., 4433., 11806., 758741, 20211028221500)
 (4432., 4470., 4426., 4464., 21846., 757308, 20211028223000)
 (4464., 4468., 4443., 4452.,  7504., 757291, 20211028224500)
 (4451., 4475., 4449., 4474., 10322., 757107, 20211028230000)
 (4477., 4509., 4470., 4490., 39287., 755966, 20211029091500)
 (4490., 4503., 4473., 4484., 20133., 754108, 20211029093000)
 (4483., 4533., 4483., 4490., 36377., 750807, 20211029094500)
 (4490., 4513., 4482., 4491., 15469., 752699, 20211029100000)
 (4492., 4501., 4450., 4458., 29787., 757875, 20211029101500)
 (4459., 4477., 4428., 4458., 35572., 758046, 20211029104500)
 (4458., 4474., 4445., 4454., 16135., 757748, 20211029110000)
 (4455., 4466., 4440., 4459., 23151., 757509, 20211029111500)
 (4459., 4460., 4433., 4439., 11669., 758924, 20211029113000)
 (4435., 4439., 4407., 4428., 30019., 764742, 20211029134500)
 (4428., 4449., 4415., 4447., 15215., 766333, 20211029140000)
 (4447., 4458., 4417., 4418., 13617., 768585, 20211029141500)
 (4417., 4428., 4380., 4396., 25959., 772757, 20211029143000)
 (4396., 4413., 4388., 4394., 16169., 773951, 20211029144500)
 (4394., 4424., 4348., 4417., 40133., 774081, 20211029150000)]
2021-11-01 15:30:00  INFO  [(4400., 4434., 4370., 4414., 44520., 780973, 20211029211500)
 (4414., 4438., 4414., 4428., 18293., 781037, 20211029213000)
 (4428., 4430., 4395., 4411., 14793., 782355, 20211029214500)
 (4409., 4435., 4408., 4423., 12801., 780715, 20211029220000)
 (4421., 4423., 4390., 4397., 14419., 782394, 20211029221500)
 (4397., 4397., 4380., 4387., 14199., 785667, 20211029223000)
 (4388., 4416., 4386., 4400., 17331., 787300, 20211029224500)
 (4400., 4430., 4399., 4426., 13545., 784927, 20211029230000)
 (4425., 4442., 4380., 4398., 59932., 795115, 20211101091500)
 (4397., 4399., 4358., 4381., 34631., 800964, 20211101093000)
 (4382., 4392., 4367., 4378., 14066., 802122, 20211101094500)
 (4378., 4385., 4352., 4374., 19933., 804196, 20211101100000)
 (4374., 4375., 4325., 4338., 39679., 814809, 20211101101500)
 (4341., 4350., 4278., 4303., 57137., 830846, 20211101104500)
 (4306., 4324., 4281., 4286., 38179., 832961, 20211101110000)
 (4285., 4314., 4278., 4314., 23830., 833495, 20211101111500)
 (4313., 4315., 4280., 4295., 16109., 834504, 20211101113000)
 (4296., 4314., 4283., 4289., 15068., 837164, 20211101134500)
 (4289., 4297., 4275., 4283., 17220., 840709, 20211101140000)
 (4283., 4285., 4247., 4254., 38334., 850581, 20211101141500)
 (4255., 4292., 4229., 4263., 39353., 856197, 20211101143000)
 (4263., 4267., 4241., 4257., 21056., 858479, 20211101144500)
 (4259., 4275., 4244., 4245., 24777., 859003, 20211101150000)]
2021-11-02 15:30:00  INFO  [(4241., 4265., 4213., 4264., 80963., 881559, 20211101211500)
 (4265., 4285., 4254., 4261., 37401., 875407, 20211101213000)
 (4261., 4266., 4216., 4218., 33780., 886622, 20211101214500)
 (4218., 4240., 4217., 4231., 10574., 886971, 20211101220000)
 (4231., 4236., 4217., 4226., 10313., 889009, 20211101221500)
 (4226., 4236., 4218., 4230., 19188., 889346, 20211101223000)
 (4230., 4250., 4216., 4223., 15794., 889128, 20211101224500)
 (4223., 4233., 4200., 4200., 17343., 889703, 20211101230000)
 (4201., 4217., 4180., 4204., 39604., 892251, 20211102091500)
 (4205., 4239., 4200., 4206., 38963., 895695, 20211102093000)
 (4206., 4227., 4196., 4215., 17658., 896978, 20211102094500)
 (4215., 4230., 4207., 4229., 10865., 897177, 20211102100000)
 (4230., 4252., 4205., 4212., 25795., 897921, 20211102101500)
 (4212., 4216., 4168., 4170., 45898., 911692, 20211102104500)
 (4170., 4191., 4100., 4101., 61993., 922076, 20211102110000)
 (4100., 4123., 4010., 4030., 62791., 924108, 20211102111500)
 (4030., 4060., 3993., 3993., 61245., 919596, 20211102113000)
 (3993., 4040., 3993., 4040., 54062., 916664, 20211102134500)
 (4037., 4089., 4019., 4042., 64506., 913371, 20211102140000)
 (4042., 4082., 4039., 4040., 32058., 912033, 20211102141500)
 (4039., 4056., 4016., 4018., 25463., 912202, 20211102143000)
 (4016., 4043., 4005., 4029., 22553., 910817, 20211102144500)
 (4028., 4031., 3993., 4023., 31323., 907108, 20211102150000)]
2021-11-03 15:30:00  INFO  [(4048., 4129., 4043., 4093.,  93100., 897524, 20211102211500)
 (4093., 4101., 4064., 4080.,  35580., 897697, 20211102213000)
 (4078., 4130., 4071., 4129.,  30636., 895045, 20211102214500)
 (4129., 4142., 4113., 4126.,  35387., 890420, 20211102220000)
 (4126., 4132., 4111., 4127.,  18630., 889945, 20211102221500)
 (4127., 4139., 4115., 4124.,  15430., 890246, 20211102223000)
 (4124., 4130., 4097., 4097.,  10740., 890482, 20211102224500)
 (4097., 4107., 4081., 4096.,  17352., 892533, 20211102230000)
 (4099., 4131., 4090., 4104.,  27995., 892374, 20211103091500)
 (4104., 4149., 4104., 4128.,  22706., 890492, 20211103093000)
 (4127., 4160., 4119., 4159.,  25681., 887028, 20211103094500)
 (4158., 4177., 4143., 4150.,  27961., 885886, 20211103100000)
 (4151., 4183., 4124., 4182.,  31255., 886248, 20211103101500)
 (4188., 4282., 4187., 4212., 120433., 886656, 20211103104500)
 (4211., 4234., 4196., 4202.,  35190., 888811, 20211103110000)
 (4202., 4232., 4198., 4229.,  20210., 888983, 20211103111500)
 (4228., 4239., 4212., 4220.,  16965., 890457, 20211103113000)
 (4210., 4226., 4163., 4178.,  44639., 895086, 20211103134500)
 (4178., 4187., 4144., 4165.,  34414., 903313, 20211103140000)
 (4165., 4180., 4152., 4166.,  11402., 904323, 20211103141500)
 (4165., 4193., 4161., 4191.,  10668., 903579, 20211103143000)
 (4191., 4225., 4182., 4221.,  23989., 903228, 20211103144500)
 (4221., 4246., 4205., 4214.,  30700., 901530, 20211103150000)]
2021-11-04 15:30:00  INFO  [(4213., 4228., 4195., 4206., 52173., 916433, 20211103211500)
 (4206., 4211., 4186., 4187., 16539., 916763, 20211103213000)
 (4187., 4200., 4176., 4199., 14653., 916968, 20211103214500)
 (4197., 4208., 4184., 4184., 10455., 918316, 20211103220000)
 (4185., 4195., 4166., 4178., 16603., 921172, 20211103221500)
 (4178., 4190., 4160., 4165., 11843., 923150, 20211103223000)
 (4165., 4176., 4142., 4161., 25390., 925559, 20211103224500)
 (4161., 4161., 4108., 4110., 28344., 928321, 20211103230000)
 (4113., 4139., 4082., 4100., 60908., 940525, 20211104091500)
 (4100., 4152., 4097., 4147., 28417., 941640, 20211104093000)
 (4148., 4154., 4130., 4134., 16108., 942698, 20211104094500)
 (4134., 4150., 4126., 4147., 16074., 943565, 20211104100000)
 (4147., 4162., 4126., 4132., 17610., 944652, 20211104101500)
 (4134., 4152., 4114., 4115., 16624., 946627, 20211104104500)
 (4115., 4133., 4084., 4085., 20942., 951313, 20211104110000)
 (4085., 4112., 4060., 4064., 30462., 954627, 20211104111500)
 (4064., 4093., 4055., 4068., 42393., 957874, 20211104113000)
 (4060., 4099., 4022., 4041., 56159., 963122, 20211104134500)
 (4043., 4044., 3980., 4031., 60253., 969464, 20211104140000)
 (4031., 4070., 4006., 4006., 48319., 969340, 20211104141500)
 (4007., 4029., 3997., 4023., 30173., 972970, 20211104143000)
 (4021., 4055., 4021., 4050., 36799., 967002, 20211104144500)
 (4050., 4064., 4033., 4051., 24571., 961388, 20211104150000)]
2021-11-05 15:30:00  INFO  [(4062., 4074., 3999., 4001., 65591., 961713, 20211104211500)
 (4001., 4015., 3992., 4001., 32033., 964881, 20211104213000)
 (4001., 4014., 3977., 3981., 29964., 969851, 20211104214500)
 (3982., 4005., 3963., 3991., 42326., 971831, 20211104220000)
 (3990., 3990., 3958., 3963., 32296., 976350, 20211104221500)
 (3963., 3990., 3961., 3980., 16630., 975548, 20211104223000)
 (3980., 3983., 3962., 3980., 13374., 975302, 20211104224500)
 (3980., 3988., 3960., 3972., 15387., 972988, 20211104230000)
 (3972., 4026., 3959., 4010., 47876., 970176, 20211105091500)
 (4011., 4027., 4005., 4012., 17827., 969295, 20211105093000)
 (4012., 4052., 4012., 4050., 23020., 968500, 20211105094500)
 (4050., 4059., 4036., 4038., 20591., 966697, 20211105100000)
 (4039., 4040., 4013., 4024., 17823., 967151, 20211105101500)
 (4026., 4034., 3997., 4000., 19782., 964261, 20211105104500)
 (4001., 4027., 4000., 4021., 16244., 967755, 20211105110000)
 (4020., 4048., 4015., 4046., 18765., 967864, 20211105111500)
 (4046., 4062., 4031., 4036., 23435., 967344, 20211105113000)
 (4037., 4104., 4031., 4081., 46216., 966388, 20211105134500)
 (4081., 4093., 4051., 4053., 23820., 966037, 20211105140000)
 (4053., 4057., 4036., 4043., 15909., 966223, 20211105141500)
 (4043., 4060., 4033., 4048., 14084., 966473, 20211105143000)
 (4048., 4059., 4036., 4037., 10863., 967535, 20211105144500)
 (4039., 4061., 4036., 4061., 13431., 967016, 20211105150000)]
2021-11-08 15:30:00  INFO  [(4085., 4086., 4035., 4059., 47526., 969561, 20211105211500)
 (4059., 4070., 4048., 4057., 15042., 970068, 20211105213000)
 (4057., 4083., 4052., 4056., 21302., 966851, 20211105214500)
 (4056., 4073., 4050., 4066.,  9900., 967509, 20211105220000)
 (4065., 4082., 4060., 4078., 10539., 965667, 20211105221500)
 (4076., 4113., 4069., 4106., 29883., 968702, 20211105223000)
 (4106., 4158., 4105., 4157., 64972., 971755, 20211105224500)
 (4160., 4185., 4145., 4173., 59030., 968139, 20211105230000)
 (4160., 4160., 4074., 4094., 90090., 973668, 20211108091500)
 (4094., 4101., 4075., 4087., 31380., 974222, 20211108093000)
 (4087., 4111., 4082., 4098., 21170., 972428, 20211108094500)
 (4097., 4099., 4070., 4076., 24358., 969837, 20211108100000)
 (4074., 4091., 4059., 4062., 32396., 971671, 20211108101500)
 (4059., 4089., 4059., 4081., 18797., 972185, 20211108104500)
 (4080., 4088., 4070., 4088.,  7294., 971561, 20211108110000)
 (4088., 4105., 4079., 4090., 16252., 969942, 20211108111500)
 (4090., 4091., 4066., 4082., 13930., 969936, 20211108113000)
 (4082., 4111., 4081., 4102., 28801., 968092, 20211108134500)
 (4101., 4132., 4101., 4109., 22832., 967232, 20211108140000)
 (4109., 4111., 4084., 4096., 19500., 969445, 20211108141500)
 (4096., 4114., 4090., 4106.,  9002., 968756, 20211108143000)
 (4106., 4140., 4102., 4122., 25044., 965131, 20211108144500)
 (4122., 4150., 4116., 4132., 26434., 959373, 20211108150000)]
2021-11-09 15:30:00  INFO  [(4120., 4124., 4085., 4089., 44474.,  966224, 20211108211500)
 (4089., 4105., 4075., 4096., 27033.,  971608, 20211108213000)
 (4096., 4114., 4087., 4101., 22374.,  974452, 20211108214500)
 (4101., 4121., 4099., 4107., 16668.,  975340, 20211108220000)
 (4107., 4136., 4105., 4135., 28361.,  976687, 20211108221500)
 (4134., 4137., 4107., 4113., 18319.,  977030, 20211108223000)
 (4113., 4118., 4096., 4103., 18496.,  979411, 20211108224500)
 (4103., 4106., 4088., 4101., 16863.,  979197, 20211108230000)
 (4102., 4118., 4089., 4109., 26954.,  982149, 20211109091500)
 (4109., 4120., 4103., 4115., 17633.,  985477, 20211109093000)
 (4115., 4119., 4103., 4108.,  8079.,  985557, 20211109094500)
 (4107., 4126., 4107., 4118., 11934.,  985830, 20211109100000)
 (4119., 4123., 4108., 4110., 13865.,  989266, 20211109101500)
 (4110., 4112., 4100., 4106., 16808.,  986915, 20211109104500)
 (4106., 4106., 4080., 4082., 23717.,  993393, 20211109110000)
 (4081., 4092., 4060., 4060., 31217., 1001685, 20211109111500)
 (4060., 4082., 4047., 4060., 43114., 1008378, 20211109113000)
 (4058., 4070., 4040., 4045., 28933., 1012139, 20211109134500)
 (4045., 4053., 4010., 4016., 37640., 1020762, 20211109140000)
 (4016., 4041., 3989., 3996., 48804., 1031914, 20211109141500)
 (3995., 4023., 3983., 4015., 38394., 1035463, 20211109143000)
 (4015., 4041., 4007., 4030., 28371., 1034114, 20211109144500)
 (4030., 4033., 4011., 4011., 21196., 1031975, 20211109150000)]
2021-11-10 15:30:00  INFO  [(3950., 3964., 3885., 3899., 142740., 1041870, 20211109211500)
 (3897., 3932., 3888., 3904.,  69751., 1046354, 20211109213000)
 (3904., 3918., 3893., 3903.,  32533., 1051134, 20211109214500)
 (3903., 3916., 3890., 3913.,  25501., 1049304, 20211109220000)
 (3912., 3913., 3895., 3898.,  13242., 1050859, 20211109221500)
 (3897., 3897., 3849., 3862.,  57319., 1059606, 20211109223000)
 (3863., 3904., 3861., 3894.,  24825., 1055180, 20211109224500)
 (3895., 3895., 3861., 3867.,  21936., 1055391, 20211109230000)
 (3869., 3899., 3856., 3856.,  45833., 1056499, 20211110091500)
 (3856., 3866., 3813., 3819.,  57101., 1061831, 20211110093000)
 (3820., 3832., 3802., 3809.,  48466., 1066947, 20211110094500)
 (3810., 3824., 3788., 3822.,  38696., 1068365, 20211110100000)
 (3821., 3845., 3811., 3842.,  30703., 1065439, 20211110101500)
 (3841., 3848., 3821., 3846.,  23438., 1066399, 20211110104500)
 (3845., 3866., 3825., 3827.,  32412., 1065774, 20211110110000)
 (3826., 3830., 3809., 3821.,  21517., 1067289, 20211110111500)
 (3821., 3839., 3813., 3816.,  20543., 1067870, 20211110113000)
 (3825., 3863., 3816., 3862.,  44782., 1068401, 20211110134500)
 (3861., 3907., 3857., 3891.,  67578., 1072748, 20211110140000)
 (3891., 3911., 3877., 3887.,  58022., 1075959, 20211110141500)
 (3887., 3949., 3887., 3945.,  84318., 1070808, 20211110143000)
 (3947., 3947., 3906., 3939.,  45740., 1072282, 20211110144500)
 (3939., 3952., 3931., 3949.,  50561., 1067436, 20211110150000)]
2021-11-11 15:30:00  INFO  [(3988., 3994., 3942., 3951., 109052., 1067749, 20211110211500)
 (3951., 3971., 3932., 3967.,  46299., 1072676, 20211110213000)
 (3967., 3979., 3955., 3977.,  32603., 1075034, 20211110214500)
 (3977., 4011., 3965., 4011.,  56900., 1078821, 20211110220000)
 (4011., 4021., 3966., 3971.,  44358., 1080685, 20211110221500)
 (3972., 3989., 3960., 3964.,  24233., 1082169, 20211110223000)
 (3964., 3982., 3963., 3980.,  17747., 1083838, 20211110224500)
 (3981., 4009., 3981., 4009.,  25121., 1078118, 20211110230000)
 (4000., 4076., 3988., 4069., 112917., 1064100, 20211111091500)
 (4068., 4092., 4062., 4069.,  63861., 1061917, 20211111093000)
 (4068., 4069., 4027., 4028.,  52413., 1067816, 20211111094500)
 (4029., 4072., 4024., 4067.,  33156., 1063207, 20211111100000)
 (4067., 4087., 4049., 4085.,  33112., 1066593, 20211111101500)
 (4086., 4143., 4086., 4115.,  99605., 1057970, 20211111104500)
 (4115., 4136., 4100., 4110.,  44156., 1057411, 20211111110000)
 (4111., 4118., 4077., 4095.,  45110., 1060420, 20211111111500)
 (4097., 4150., 4097., 4148.,  46835., 1052069, 20211111113000)
 (4157., 4191., 4157., 4177., 138739., 1047233, 20211111134500)
 (4176., 4186., 4141., 4177.,  61697., 1050507, 20211111140000)
 (4177., 4191., 4174., 4190.,  36509., 1046648, 20211111141500)
 (4190., 4191., 4168., 4191.,  48068., 1049244, 20211111143000)
 (4191., 4191., 4182., 4191.,  36603., 1059972, 20211111144500)
 (4191., 4191., 4173., 4191.,  37860., 1062781, 20211111150000)]
2021-11-12 15:30:00  INFO  [(4191., 4191., 4116., 4134., 138489., 1060081, 20211111211500)
 (4135., 4138., 4092., 4111.,  76528., 1064319, 20211111213000)
 (4111., 4121., 4085., 4095.,  45262., 1068528, 20211111214500)
 (4095., 4130., 4093., 4127.,  30812., 1069143, 20211111220000)
 (4127., 4172., 4120., 4158.,  45551., 1073152, 20211111221500)
 (4158., 4159., 4133., 4139.,  34419., 1074816, 20211111223000)
 (4139., 4168., 4139., 4161.,  26359., 1078030, 20211111224500)
 (4160., 4164., 4142., 4143.,  28189., 1076696, 20211111230000)
 (4142., 4162., 4107., 4162.,  73458., 1075962, 20211112091500)
 (4163., 4176., 4152., 4160.,  45620., 1075840, 20211112093000)
 (4162., 4162., 4137., 4140.,  27721., 1077976, 20211112094500)
 (4140., 4156., 4133., 4138.,  22222., 1080011, 20211112100000)
 (4139., 4142., 4116., 4121.,  23963., 1082420, 20211112101500)
 (4125., 4152., 4112., 4126.,  34158., 1082971, 20211112104500)
 (4126., 4140., 4107., 4132.,  33955., 1089503, 20211112110000)
 (4132., 4140., 4104., 4113.,  25425., 1090931, 20211112111500)
 (4114., 4114., 4072., 4072.,  54448., 1095660, 20211112113000)
 (4072., 4078., 4031., 4059.,  76189., 1106585, 20211112134500)
 (4059., 4068., 4034., 4049.,  43824., 1112188, 20211112140000)
 (4049., 4066., 4024., 4065.,  45600., 1118189, 20211112141500)
 (4064., 4077., 4051., 4064.,  30414., 1117170, 20211112143000)
 (4065., 4070., 4029., 4041.,  36245., 1121488, 20211112144500)
 (4041., 4044., 4018., 4021.,  33720., 1121997, 20211112150000)]
2021-11-15 15:30:00  INFO  [(3983., 3983., 3901., 3959., 159354., 1128350, 20211112211500)
 (3959., 4004., 3953., 3978.,  68902., 1131974, 20211112213000)
 (3978., 3992., 3965., 3991.,  35202., 1135589, 20211112214500)
 (3990., 4017., 3980., 3986.,  40161., 1136200, 20211112220000)
 (3987., 3998., 3972., 3986.,  24347., 1137936, 20211112221500)
 (3986., 4012., 3981., 4001.,  24029., 1137241, 20211112223000)
 (4001., 4015., 3995., 4011.,  19214., 1137143, 20211112224500)
 (4011., 4022., 3978., 3983.,  32822., 1135123, 20211112230000)
 (3959., 4012., 3935., 3959., 112129., 1138569, 20211115091500)
 (3958., 3996., 3941., 3990.,  55112., 1133371, 20211115093000)
 (3989., 3989., 3960., 3977.,  31397., 1138558, 20211115094500)
 (3977., 4029., 3975., 4008.,  45663., 1141560, 20211115100000)
 (4008., 4010., 3915., 3916.,  99382., 1158054, 20211115101500)
 (3916., 3947., 3907., 3924.,  70486., 1160333, 20211115104500)
 (3923., 3952., 3922., 3937.,  25886., 1159856, 20211115110000)
 (3936., 3964., 3934., 3948.,  28540., 1162336, 20211115111500)
 (3948., 3960., 3935., 3954.,  21076., 1162996, 20211115113000)
 (3954., 3973., 3949., 3966.,  35171., 1161923, 20211115134500)
 (3965., 3966., 3948., 3950.,  17040., 1160857, 20211115140000)
 (3951., 3964., 3942., 3950.,  18226., 1160933, 20211115141500)
 (3949., 3974., 3939., 3942.,  29764., 1163382, 20211115143000)
 (3942., 3946., 3926., 3942.,  24113., 1165972, 20211115144500)
 (3943., 3946., 3910., 3915.,  34843., 1167663, 20211115150000)]
2021-11-16 15:30:00  INFO  [(3920., 3945., 3910., 3936., 65642., 1169093, 20211115211500)
 (3935., 3942., 3908., 3913., 34763., 1173035, 20211115213000)
 (3913., 3950., 3912., 3936., 32149., 1171790, 20211115214500)
 (3936., 3955., 3932., 3945., 25384., 1172485, 20211115220000)
 (3945., 3952., 3930., 3934., 16886., 1172720, 20211115221500)
 (3934., 3944., 3930., 3940., 10999., 1172603, 20211115223000)
 (3941., 3960., 3940., 3958., 22165., 1172659, 20211115224500)
 (3957., 3964., 3944., 3956., 23193., 1172404, 20211115230000)
 (3957., 3992., 3952., 3988., 50042., 1172197, 20211116091500)
 (3988., 3990., 3961., 3977., 30179., 1173581, 20211116093000)
 (3977., 3982., 3958., 3958., 22120., 1176324, 20211116094500)
 (3959., 3982., 3958., 3981., 24756., 1180316, 20211116100000)
 (3981., 3988., 3966., 3971., 30482., 1181638, 20211116101500)
 (3970., 3989., 3968., 3984., 29710., 1189797, 20211116104500)
 (3984., 3993., 3976., 3983., 24695., 1191340, 20211116110000)
 (3983., 4015., 3983., 3996., 56711., 1186774, 20211116111500)
 (3996., 3997., 3965., 3972., 49696., 1187844, 20211116113000)
 (3970., 3972., 3956., 3957., 39166., 1187487, 20211116134500)
 (3957., 3958., 3936., 3941., 45853., 1188058, 20211116140000)
 (3941., 3944., 3923., 3932., 45075., 1193629, 20211116141500)
 (3933., 3942., 3927., 3928., 22752., 1195091, 20211116143000)
 (3928., 3939., 3921., 3925., 28158., 1200292, 20211116144500)
 (3925., 3930., 3885., 3887., 58882., 1206542, 20211116150000)]
2021-11-17 15:30:00  INFO  [(3883., 3910., 3852., 3862., 118247., 1239260, 20211116211500)
 (3862., 3863., 3830., 3830., 116596., 1277219, 20211116213000)
 (3832., 3857., 3824., 3828.,  73400., 1285578, 20211116214500)
 (3828., 3869., 3825., 3861.,  56380., 1286030, 20211116220000)
 (3860., 3866., 3845., 3853.,  34353., 1289367, 20211116221500)
 (3853., 3863., 3844., 3850.,  19418., 1291246, 20211116223000)
 (3850., 3860., 3841., 3844.,  15067., 1292434, 20211116224500)
 (3844., 3851., 3839., 3851.,  18740., 1290596, 20211116230000)
 (3859., 3876., 3832., 3869.,  73847., 1297895, 20211117091500)
 (3869., 3896., 3866., 3872.,  50107., 1300360, 20211117093000)
 (3872., 3894., 3870., 3893.,  27941., 1300839, 20211117094500)
 (3894., 3896., 3879., 3886.,  28912., 1302972, 20211117100000)
 (3886., 3900., 3870., 3892.,  40116., 1305170, 20211117101500)
 (3893., 3900., 3875., 3879.,  37787., 1310262, 20211117104500)
 (3880., 3906., 3872., 3903.,  36446., 1312162, 20211117110000)
 (3902., 3905., 3867., 3876.,  42923., 1318183, 20211117111500)
 (3877., 3883., 3844., 3851.,  49107., 1322336, 20211117113000)
 (3856., 3893., 3831., 3833.,  92768., 1328899, 20211117134500)
 (3834., 3854., 3829., 3850.,  51616., 1333501, 20211117140000)
 (3852., 3855., 3839., 3842.,  34767., 1336750, 20211117141500)
 (3839., 3848., 3835., 3847.,  21478., 1339733, 20211117143000)
 (3847., 3873., 3847., 3873.,  34489., 1336563, 20211117144500)
 (3873., 3886., 3856., 3885.,  44048., 1333565, 20211117150000)]
2021-11-18 15:30:00  INFO  [(3879., 3891., 3860., 3864., 81948., 1350382, 20211117211500)
 (3863., 3876., 3861., 3873., 36145., 1355438, 20211117213000)
 (3873., 3873., 3852., 3861., 39561., 1361534, 20211117214500)
 (3860., 3862., 3846., 3847., 32722., 1366684, 20211117220000)
 (3848., 3860., 3845., 3847., 30855., 1370897, 20211117221500)
 (3847., 3855., 3841., 3849., 30160., 1374298, 20211117223000)
 (3849., 3856., 3843., 3852., 22912., 1374893, 20211117224500)
 (3853., 3861., 3844., 3844., 25187., 1373974, 20211117230000)
 (3840., 3844., 3818., 3842., 88270., 1386079, 20211118091500)
 (3842., 3869., 3840., 3848., 57365., 1388028, 20211118093000)
 (3848., 3854., 3837., 3844., 30208., 1392458, 20211118094500)
 (3843., 3858., 3835., 3839., 32337., 1395338, 20211118100000)
 (3839., 3849., 3818., 3820., 55975., 1404288, 20211118101500)
 (3819., 3831., 3800., 3802., 73811., 1417988, 20211118104500)
 (3802., 3818., 3800., 3807., 54135., 1425765, 20211118110000)
 (3808., 3839., 3805., 3839., 48285., 1422306, 20211118111500)
 (3839., 3850., 3832., 3844., 55432., 1419007, 20211118113000)
 (3848., 3850., 3821., 3828., 58585., 1417072, 20211118134500)
 (3828., 3830., 3792., 3807., 92886., 1433530, 20211118140000)
 (3805., 3816., 3797., 3802., 48105., 1436738, 20211118141500)
 (3802., 3812., 3785., 3810., 64273., 1441947, 20211118143000)
 (3809., 3817., 3791., 3800., 51357., 1445093, 20211118144500)
 (3800., 3806., 3781., 3781., 58535., 1451981, 20211118150000)]
2021-11-19 15:30:00  INFO  [(3770., 3804., 3765., 3796., 100171., 1459014, 20211118211500)
 (3797., 3802., 3781., 3785.,  42459., 1461362, 20211118213000)
 (3785., 3799., 3782., 3786.,  22059., 1461755, 20211118214500)
 (3786., 3795., 3783., 3784.,  18999., 1462191, 20211118220000)
 (3784., 3808., 3782., 3798.,  41403., 1459290, 20211118221500)
 (3797., 3802., 3788., 3792.,  35238., 1458515, 20211118223000)
 (3793., 3802., 3779., 3791.,  47964., 1461854, 20211118224500)
 (3791., 3815., 3785., 3814.,  55500., 1454592, 20211118230000)
 (3814., 3847., 3812., 3838., 108217., 1449134, 20211119091500)
 (3837., 3863., 3830., 3855.,  69093., 1442895, 20211119093000)
 (3854., 3870., 3846., 3865.,  60537., 1436302, 20211119094500)
 (3864., 3868., 3836., 3840.,  49381., 1436293, 20211119100000)
 (3839., 3857., 3838., 3849.,  31489., 1435495, 20211119101500)
 (3849., 3874., 3844., 3862.,  59967., 1432633, 20211119104500)
 (3862., 3882., 3861., 3881.,  52536., 1427963, 20211119110000)
 (3882., 3896., 3867., 3893.,  78217., 1423528, 20211119111500)
 (3894., 3895., 3852., 3854.,  79436., 1414342, 20211119113000)
 (3856., 3860., 3838., 3845.,  72130., 1419054, 20211119134500)
 (3845., 3862., 3845., 3854.,  34699., 1420438, 20211119140000)
 (3854., 3962., 3854., 3956., 270667., 1423468, 20211119141500)
 (3955., 4039., 3954., 4004., 286465., 1414369, 20211119143000)
 (4004., 4027., 3966., 3983., 157400., 1425786, 20211119144500)
 (3983., 3984., 3954., 3974., 114529., 1433189, 20211119150000)]
2021-11-22 15:30:00  INFO  [(3939., 3961., 3906., 3947., 205033., 1432638, 20211119211500)
 (3946., 3962., 3940., 3953.,  54493., 1441598, 20211119213000)
 (3953., 3985., 3953., 3984.,  61232., 1443525, 20211119214500)
 (3983., 4018., 3978., 3989., 127121., 1442082, 20211119220000)
 (3989., 3998., 3975., 3986.,  47897., 1443072, 20211119221500)
 (3986., 4007., 3985., 4002.,  53774., 1439592, 20211119223000)
 (4002., 4040., 3989., 3991., 108151., 1436416, 20211119224500)
 (3993., 4032., 3990., 4018.,  72756., 1433545, 20211119230000)
 (3998., 4046., 3989., 4010., 199852., 1437580, 20211122091500)
 (4010., 4030., 4003., 4026.,  64575., 1436590, 20211122093000)
 (4025., 4031., 3987., 3996.,  61386., 1444523, 20211122094500)
 (3996., 3996., 3965., 3973.,  85015., 1458401, 20211122100000)
 (3973., 3990., 3966., 3966.,  49984., 1463981, 20211122101500)
 (3965., 3982., 3957., 3974.,  62421., 1465706, 20211122104500)
 (3974., 3984., 3944., 3958.,  59192., 1468256, 20211122110000)
 (3958., 3978., 3942., 3968.,  77081., 1475987, 20211122111500)
 (3969., 3976., 3954., 3964.,  33647., 1475416, 20211122113000)
 (3960., 3977., 3950., 3974.,  33857., 1480030, 20211122134500)
 (3974., 3974., 3953., 3963.,  33118., 1484320, 20211122140000)
 (3962., 3970., 3953., 3969.,  28699., 1485908, 20211122141500)
 (3970., 3975., 3956., 3961.,  32396., 1487150, 20211122143000)
 (3961., 3974., 3956., 3970.,  25508., 1487989, 20211122144500)
 (3970., 3971., 3959., 3964.,  39852., 1486396, 20211122150000)]
2021-11-23 15:30:00  INFO  [(3967., 4012., 3942., 3990., 146795., 1471436, 20211122211500)
 (3990., 4006., 3990., 3996.,  43979., 1473867, 20211122213000)
 (3996., 4020., 3995., 4012.,  61131., 1476207, 20211122214500)
 (4012., 4027., 4008., 4024.,  55945., 1475803, 20211122220000)
 (4025., 4044., 4025., 4025.,  74386., 1470246, 20211122221500)
 (4025., 4045., 4025., 4041.,  46959., 1470936, 20211122223000)
 (4042., 4045., 4003., 4007.,  66013., 1473158, 20211122224500)
 (4006., 4019., 4003., 4011.,  33733., 1471727, 20211122230000)
 (4011., 4029., 3994., 4000.,  97965., 1472499, 20211123091500)
 (4001., 4009., 3993., 3997.,  42016., 1473793, 20211123093000)
 (3998., 4021., 3995., 4014.,  51139., 1473496, 20211123094500)
 (4015., 4029., 4014., 4027.,  37175., 1473740, 20211123100000)
 (4026., 4066., 4015., 4048., 104405., 1474457, 20211123101500)
 (4048., 4143., 4048., 4078., 266509., 1454176, 20211123104500)
 (4077., 4088., 4059., 4066., 115935., 1470043, 20211123110000)
 (4066., 4101., 4064., 4100.,  67982., 1467576, 20211123111500)
 (4100., 4107., 4085., 4105.,  84045., 1467536, 20211123113000)
 (4108., 4130., 4075., 4077., 129083., 1475355, 20211123134500)
 (4077., 4093., 4061., 4066.,  91080., 1488331, 20211123140000)
 (4067., 4068., 4051., 4061.,  91532., 1499759, 20211123141500)
 (4061., 4065., 4052., 4059.,  47668., 1509121, 20211123143000)
 (4059., 4060., 4023., 4027., 101067., 1512278, 20211123144500)
 (4027., 4031., 4000., 4006., 101809., 1523433, 20211123150000)]
2021-11-24 15:30:00  INFO  [(4010., 4043., 4010., 4042., 127230., 1532177, 20211123211500)
 (4041., 4083., 4038., 4072., 127289., 1526810, 20211123213000)
 (4073., 4094., 4058., 4084., 117719., 1513981, 20211123214500)
 (4084., 4106., 4078., 4103., 110982., 1510078, 20211123220000)
 (4104., 4110., 4089., 4090.,  69764., 1509661, 20211123221500)
 (4088., 4100., 4083., 4087.,  51575., 1509032, 20211123223000)
 (4087., 4112., 4080., 4099.,  60824., 1509813, 20211123224500)
 (4098., 4111., 4094., 4106.,  46153., 1506706, 20211123230000)
 (4106., 4150., 4106., 4144., 154129., 1519917, 20211124091500)
 (4144., 4154., 4126., 4140., 105613., 1520132, 20211124093000)
 (4140., 4152., 4126., 4145.,  78272., 1523686, 20211124094500)
 (4145., 4158., 4138., 4146.,  67509., 1527762, 20211124100000)
 (4146., 4180., 4145., 4162.,  87988., 1530118, 20211124101500)
 (4161., 4171., 4147., 4162.,  81860., 1530254, 20211124104500)
 (4162., 4169., 4137., 4138.,  61260., 1530925, 20211124110000)
 (4138., 4156., 4137., 4153.,  44733., 1532253, 20211124111500)
 (4153., 4167., 4139., 4165.,  59680., 1531406, 20211124113000)
 (4178., 4227., 4168., 4221., 243110., 1532139, 20211124134500)
 (4222., 4223., 4187., 4195., 122090., 1527135, 20211124140000)
 (4195., 4216., 4189., 4209.,  76211., 1529431, 20211124141500)
 (4209., 4257., 4209., 4237., 180050., 1515591, 20211124143000)
 (4236., 4251., 4223., 4245.,  91748., 1518853, 20211124144500)
 (4245., 4247., 4228., 4239.,  99485., 1510354, 20211124150000)]
2021-11-25 15:30:00  INFO  [(4239., 4276., 4228., 4242., 216802., 1533850, 20211124211500)
 (4242., 4245., 4221., 4224.,  80323., 1542629, 20211124213000)
 (4223., 4261., 4223., 4260.,  97927., 1542108, 20211124214500)
 (4260., 4284., 4250., 4273., 118778., 1549892, 20211124220000)
 (4272., 4281., 4256., 4258.,  59822., 1553563, 20211124221500)
 (4258., 4277., 4256., 4267.,  40247., 1554329, 20211124223000)
 (4267., 4288., 4265., 4281.,  52715., 1553228, 20211124224500)
 (4280., 4282., 4265., 4270.,  53605., 1545365, 20211124230000)
 (4270., 4285., 4253., 4267., 109176., 1544792, 20211125091500)
 (4267., 4268., 4234., 4247., 128043., 1543019, 20211125093000)
 (4247., 4252., 4232., 4239.,  70440., 1542621, 20211125094500)
 (4240., 4251., 4223., 4235.,  71913., 1540818, 20211125100000)
 (4236., 4251., 4225., 4246.,  65394., 1542600, 20211125101500)
 (4246., 4273., 4240., 4258.,  87455., 1538244, 20211125104500)
 (4259., 4264., 4245., 4252.,  48665., 1537435, 20211125110000)
 (4253., 4263., 4245., 4247.,  41046., 1538331, 20211125111500)
 (4246., 4246., 4217., 4239., 103242., 1542713, 20211125113000)
 (4238., 4246., 4214., 4238., 126409., 1542306, 20211125134500)
 (4238., 4261., 4238., 4253.,  88411., 1540867, 20211125140000)
 (4253., 4269., 4243., 4259.,  79355., 1548255, 20211125141500)
 (4259., 4265., 4247., 4251.,  55607., 1554922, 20211125143000)
 (4251., 4261., 4248., 4255.,  46372., 1554463, 20211125144500)
 (4255., 4262., 4248., 4255.,  59315., 1544047, 20211125150000)]
2021-11-26 15:30:00  INFO  [(4248., 4255., 4185., 4190., 276044., 1570583, 20211125211500)
 (4188., 4199., 4170., 4180., 181304., 1582451, 20211125213000)
 (4180., 4188., 4161., 4181., 120646., 1590788, 20211125214500)
 (4180., 4187., 4162., 4162.,  80363., 1595213, 20211125220000)
 (4163., 4180., 4160., 4168.,  63099., 1597680, 20211125221500)
 (4168., 4190., 4168., 4175.,  51903., 1599644, 20211125223000)
 (4175., 4178., 4165., 4171.,  49196., 1600576, 20211125224500)
 (4172., 4175., 4156., 4174.,  61910., 1595763, 20211125230000)
 (4165., 4227., 4164., 4214., 183234., 1612499, 20211126091500)
 (4213., 4236., 4206., 4227., 103149., 1630955, 20211126093000)
 (4227., 4245., 4224., 4232.,  93903., 1644260, 20211126094500)
 (4232., 4249., 4230., 4247.,  87099., 1662895, 20211126100000)
 (4246., 4250., 4217., 4218.,  86058., 1671692, 20211126101500)
 (4218., 4220., 4202., 4214.,  90148., 1674942, 20211126104500)
 (4213., 4213., 4185., 4196.,  89415., 1677641, 20211126110000)
 (4196., 4206., 4179., 4181.,  59099., 1683433, 20211126111500)
 (4180., 4186., 4168., 4169.,  60136., 1689053, 20211126113000)
 (4165., 4166., 4140., 4162., 160619., 1710443, 20211126134500)
 (4163., 4180., 4159., 4159.,  92762., 1721203, 20211126140000)
 (4158., 4159., 4130., 4133., 148600., 1721455, 20211126141500)
 (4132., 4153., 4127., 4140.,  93417., 1723634, 20211126143000)
 (4140., 4150., 4131., 4137.,  53860., 1730459, 20211126144500)
 (4136., 4148., 4100., 4104., 173235., 1738317, 20211126150000)]
2021-11-29 15:30:00  INFO  [(4055., 4103., 4050., 4082., 223222., 1717837, 20211126211500)
 (4084., 4094., 4071., 4086.,  96845., 1714210, 20211126213000)
 (4087., 4117., 4077., 4098., 116777., 1708533, 20211126214500)
 (4097., 4108., 4090., 4093.,  59302., 1713298, 20211126220000)
 (4093., 4096., 4077., 4086.,  73273., 1718580, 20211126221500)
 (4085., 4087., 4071., 4087.,  45815., 1719345, 20211126223000)
 (4087., 4094., 4079., 4082.,  41099., 1717563, 20211126224500)
 (4082., 4112., 4082., 4100.,  86344., 1701420, 20211126230000)
 (4109., 4151., 4104., 4146., 217300., 1680519, 20211129091500)
 (4147., 4149., 4112., 4121.,  86828., 1682156, 20211129093000)
 (4120., 4145., 4114., 4141.,  64307., 1684155, 20211129094500)
 (4140., 4146., 4118., 4125.,  64148., 1683917, 20211129100000)
 (4125., 4133., 4115., 4118.,  47548., 1688500, 20211129101500)
 (4118., 4162., 4117., 4156.,  91936., 1687568, 20211129104500)
 (4155., 4175., 4152., 4165.,  85623., 1692602, 20211129110000)
 (4165., 4173., 4155., 4172.,  55024., 1694265, 20211129111500)
 (4172., 4189., 4172., 4187.,  93361., 1691680, 20211129113000)
 (4173., 4180., 4152., 4173., 106763., 1696960, 20211129134500)
 (4174., 4196., 4172., 4177.,  94793., 1698457, 20211129140000)
 (4176., 4179., 4154., 4170.,  83614., 1694419, 20211129141500)
 (4169., 4170., 4137., 4138.,  94308., 1693991, 20211129143000)
 (4139., 4161., 4132., 4160.,  81904., 1695870, 20211129144500)
 (4160., 4161., 4141., 4145.,  73181., 1696796, 20211129150000)]
2021-11-30 15:30:00  INFO  [(4160., 4198., 4156., 4186., 179962., 1686694, 20211129211500)
 (4186., 4193., 4170., 4188.,  91325., 1686203, 20211129213000)
 (4188., 4196., 4180., 4187.,  56607., 1686325, 20211129214500)
 (4187., 4195., 4184., 4192.,  40999., 1687003, 20211129220000)
 (4192., 4203., 4159., 4171., 127294., 1689270, 20211129221500)
 (4171., 4174., 4151., 4160.,  69059., 1685529, 20211129223000)
 (4160., 4173., 4150., 4166.,  68438., 1687633, 20211129224500)
 (4165., 4173., 4160., 4161.,  42539., 1682164, 20211129230000)
 (4161., 4185., 4159., 4181.,  93903., 1683155, 20211130091500)
 (4180., 4183., 4124., 4135., 158677., 1694559, 20211130093000)
 (4134., 4144., 4098., 4120., 162376., 1705414, 20211130094500)
 (4120., 4134., 4111., 4126.,  79224., 1714495, 20211130100000)
 (4127., 4135., 4119., 4125.,  45583., 1718982, 20211130101500)
 (4124., 4147., 4119., 4134.,  63778., 1719727, 20211130104500)
 (4133., 4139., 4120., 4128.,  33233., 1721340, 20211130110000)
 (4128., 4131., 4111., 4113.,  44634., 1729694, 20211130111500)
 (4112., 4128., 4106., 4128.,  56386., 1734332, 20211130113000)
 (4122., 4141., 4091., 4094., 137365., 1746755, 20211130134500)
 (4095., 4105., 4083., 4093., 107947., 1758139, 20211130140000)
 (4093., 4104., 4080., 4080.,  90411., 1767992, 20211130141500)
 (4081., 4125., 4078., 4123., 104427., 1769245, 20211130143000)
 (4122., 4151., 4119., 4150., 119668., 1769280, 20211130144500)
 (4148., 4163., 4135., 4163., 128420., 1772171, 20211130150000)]
2021-12-01 15:30:00  INFO  [(4165., 4195., 4163., 4190., 192482., 1755509, 20211130211500)
 (4190., 4203., 4174., 4179., 128745., 1742824, 20211130213000)
 (4179., 4192., 4173., 4182.,  60515., 1748050, 20211130214500)
 (4183., 4195., 4181., 4194.,  39433., 1750824, 20211130220000)
 (4194., 4196., 4181., 4195.,  42845., 1751189, 20211130221500)
 (4195., 4216., 4168., 4211., 133853., 1741733, 20211130223000)
 (4210., 4214., 4199., 4206.,  65547., 1746174, 20211130224500)
 (4205., 4210., 4192., 4206.,  63946., 1738885, 20211130230000)
 (4198., 4226., 4180., 4224., 167584., 1729213, 20211201091500)
 (4224., 4235., 4214., 4225.,  93309., 1729991, 20211201093000)
 (4225., 4229., 4197., 4211.,  84812., 1729886, 20211201094500)
 (4211., 4226., 4203., 4225.,  55493., 1730547, 20211201100000)
 (4225., 4241., 4219., 4236.,  72254., 1733959, 20211201101500)
 (4236., 4249., 4228., 4232.,  94583., 1741241, 20211201104500)
 (4232., 4246., 4226., 4230.,  65303., 1750549, 20211201110000)
 (4231., 4243., 4228., 4229.,  37088., 1750038, 20211201111500)
 (4230., 4257., 4230., 4255.,  88707., 1747771, 20211201113000)
 (4254., 4272., 4244., 4263., 113518., 1754915, 20211201134500)
 (4263., 4284., 4259., 4283., 104419., 1760276, 20211201140000)
 (4283., 4287., 4239., 4267., 193052., 1767657, 20211201141500)
 (4267., 4300., 4267., 4297., 162736., 1783778, 20211201143000)
 (4296., 4315., 4292., 4311., 126816., 1799749, 20211201144500)
 (4311., 4312., 4285., 4306., 124618., 1801517, 20211201150000)]
2021-12-02 15:30:00  INFO  [(4315., 4326., 4287., 4293., 173398., 1787512, 20211201211500)
 (4293., 4296., 4265., 4275., 131156., 1771771, 20211201213000)
 (4275., 4280., 4260., 4264.,  86850., 1770649, 20211201214500)
 (4264., 4277., 4260., 4277.,  58227., 1769100, 20211201220000)
 (4277., 4277., 4260., 4265.,  47161., 1767391, 20211201221500)
 (4265., 4275., 4251., 4253.,  60947., 1764314, 20211201223000)
 (4252., 4272., 4245., 4247.,  85245., 1771239, 20211201224500)
 (4246., 4256., 4240., 4256.,  81151., 1765772, 20211201230000)
 (4244., 4261., 4236., 4251.,  87998., 1770009, 20211202091500)
 (4250., 4251., 4230., 4241.,  87990., 1764973, 20211202093000)
 (4243., 4246., 4225., 4244.,  76808., 1769330, 20211202094500)
 (4244., 4271., 4239., 4264., 107402., 1775766, 20211202100000)
 (4264., 4278., 4249., 4274.,  97583., 1780878, 20211202101500)
 (4274., 4291., 4271., 4288.,  87671., 1787367, 20211202104500)
 (4287., 4296., 4280., 4296.,  47682., 1790350, 20211202110000)
 (4296., 4297., 4269., 4272.,  73230., 1793629, 20211202111500)
 (4273., 4334., 4272., 4328., 150952., 1799910, 20211202113000)
 (4331., 4368., 4331., 4358., 262903., 1831916, 20211202134500)
 (4358., 4370., 4346., 4367., 101170., 1848476, 20211202140000)
 (4367., 4368., 4324., 4332., 132176., 1852025, 20211202141500)
 (4331., 4355., 4326., 4354.,  95236., 1860913, 20211202143000)
 (4354., 4355., 4333., 4340.,  91770., 1865159, 20211202144500)
 (4339., 4347., 4285., 4288., 263055., 1834627, 20211202150000)]
2021-12-03 15:30:00  INFO  [(4290., 4311., 4275., 4296., 228595., 1812937, 20211202211500)
 (4296., 4305., 4284., 4291.,  74213., 1809174, 20211202213000)
 (4290., 4305., 4284., 4298.,  76166., 1804199, 20211202214500)
 (4297., 4307., 4287., 4289.,  63482., 1805738, 20211202220000)
 (4289., 4301., 4281., 4293.,  64045., 1803106, 20211202221500)
 (4293., 4324., 4290., 4320., 108190., 1801338, 20211202223000)
 (4321., 4348., 4314., 4337., 114119., 1792324, 20211202224500)
 (4338., 4343., 4327., 4338.,  74202., 1785113, 20211202230000)
 (4345., 4355., 4333., 4347., 121592., 1801122, 20211203091500)
 (4347., 4349., 4321., 4337.,  75108., 1806986, 20211203093000)
 (4336., 4344., 4320., 4333.,  58405., 1810232, 20211203094500)
 (4333., 4362., 4332., 4348.,  92194., 1815313, 20211203100000)
 (4348., 4355., 4306., 4307., 128638., 1819678, 20211203101500)
 (4307., 4322., 4295., 4311., 119390., 1828981, 20211203104500)
 (4310., 4327., 4308., 4324.,  56953., 1834699, 20211203110000)
 (4323., 4329., 4296., 4296.,  79370., 1834447, 20211203111500)
 (4297., 4344., 4295., 4336., 135795., 1817163, 20211203113000)
 (4341., 4385., 4341., 4371., 222848., 1829418, 20211203134500)
 (4371., 4380., 4366., 4368.,  73777., 1840762, 20211203140000)
 (4368., 4377., 4343., 4362., 113915., 1841953, 20211203141500)
 (4362., 4366., 4348., 4357.,  50126., 1847781, 20211203143000)
 (4358., 4378., 4358., 4373.,  80651., 1859322, 20211203144500)
 (4373., 4386., 4363., 4384., 140641., 1863221, 20211203150000)]
2021-12-06 15:30:00  INFO  [(4408., 4431., 4396., 4397., 241040., 1868766, 20211203211500)
 (4397., 4402., 4390., 4391.,  78831., 1864705, 20211203213000)
 (4390., 4398., 4384., 4389.,  72638., 1869165, 20211203214500)
 (4389., 4404., 4383., 4394.,  56947., 1869190, 20211203220000)
 (4396., 4409., 4392., 4409.,  42162., 1869746, 20211203221500)
 (4409., 4423., 4406., 4419.,  78230., 1866737, 20211203223000)
 (4419., 4434., 4414., 4420.,  70740., 1865586, 20211203224500)
 (4421., 4428., 4408., 4427.,  76587., 1848790, 20211203230000)
 (4434., 4449., 4412., 4440., 194426., 1858298, 20211206091500)
 (4439., 4444., 4415., 4416., 107491., 1856053, 20211206093000)
 (4416., 4423., 4403., 4408.,  94177., 1858623, 20211206094500)
 (4409., 4409., 4388., 4390.,  92213., 1857861, 20211206100000)
 (4390., 4410., 4386., 4399.,  70874., 1861658, 20211206101500)
 (4399., 4408., 4384., 4407.,  75512., 1866558, 20211206104500)
 (4406., 4407., 4388., 4388.,  43503., 1870889, 20211206110000)
 (4389., 4392., 4368., 4376., 113522., 1861916, 20211206111500)
 (4376., 4378., 4355., 4359., 110081., 1866863, 20211206113000)
 (4354., 4373., 4343., 4361., 108959., 1871763, 20211206134500)
 (4360., 4363., 4349., 4358.,  68148., 1875234, 20211206140000)
 (4357., 4360., 4346., 4353.,  54972., 1875115, 20211206141500)
 (4353., 4354., 4334., 4341.,  85160., 1876027, 20211206143000)
 (4341., 4351., 4334., 4346.,  67284., 1881677, 20211206144500)
 (4346., 4361., 4337., 4359.,  87209., 1874956, 20211206150000)]
2021-12-07 15:30:00  INFO  [(4384., 4409., 4373., 4386., 293827., 1846065, 20211206211500)
 (4386., 4408., 4378., 4400., 132315., 1837149, 20211206213000)
 (4400., 4408., 4394., 4405.,  67845., 1838253, 20211206214500)
 (4405., 4426., 4398., 4426., 108342., 1831981, 20211206220000)
 (4425., 4428., 4407., 4409.,  80040., 1833571, 20211206221500)
 (4410., 4418., 4404., 4416.,  46497., 1833612, 20211206223000)
 (4416., 4430., 4410., 4424.,  47613., 1830490, 20211206224500)
 (4426., 4429., 4414., 4420.,  61710., 1825943, 20211206230000)
 (4429., 4468., 4424., 4459., 202534., 1824600, 20211207091500)
 (4459., 4474., 4445., 4451., 108336., 1824662, 20211207093000)
 (4451., 4463., 4448., 4452.,  52370., 1828566, 20211207094500)
 (4453., 4460., 4447., 4455.,  33992., 1831501, 20211207100000)
 (4456., 4460., 4425., 4436., 102312., 1834571, 20211207101500)
 (4435., 4447., 4419., 4440.,  90498., 1843268, 20211207104500)
 (4440., 4443., 4432., 4441.,  40338., 1849360, 20211207110000)
 (4442., 4467., 4437., 4459.,  88284., 1854985, 20211207111500)
 (4459., 4490., 4459., 4487., 153092., 1868461, 20211207113000)
 (4492., 4496., 4482., 4487., 127750., 1878146, 20211207134500)
 (4487., 4491., 4471., 4486.,  92208., 1876662, 20211207140000)
 (4486., 4490., 4464., 4479.,  76751., 1883028, 20211207141500)
 (4479., 4480., 4464., 4469.,  54387., 1883269, 20211207143000)
 (4469., 4475., 4447., 4460., 101976., 1875465, 20211207144500)
 (4460., 4475., 4444., 4450.,  93689., 1868456, 20211207150000)]
2021-12-08 15:30:00  INFO  [(4464., 4478., 4458., 4460., 163200., 1863280, 20211207211500)
 (4460., 4460., 4439., 4448.,  98557., 1861766, 20211207213000)
 (4448., 4459., 4445., 4447.,  51638., 1862083, 20211207214500)
 (4447., 4455., 4441., 4455.,  43840., 1860876, 20211207220000)
 (4453., 4474., 4451., 4472.,  80687., 1855389, 20211207221500)
 (4472., 4475., 4450., 4457.,  57826., 1855661, 20211207223000)
 (4457., 4468., 4454., 4461.,  38392., 1854321, 20211207224500)
 (4461., 4472., 4454., 4470.,  64295., 1845146, 20211207230000)
 (4470., 4476., 4423., 4439., 193620., 1851234, 20211208091500)
 (4437., 4444., 4425., 4430.,  70520., 1852153, 20211208093000)
 (4430., 4437., 4411., 4417., 101069., 1851028, 20211208094500)
 (4418., 4434., 4407., 4428.,  77032., 1854594, 20211208100000)
 (4427., 4430., 4416., 4429.,  45288., 1858061, 20211208101500)
 (4431., 4438., 4418., 4419.,  62279., 1864457, 20211208104500)
 (4419., 4419., 4384., 4389., 173120., 1873218, 20211208110000)
 (4388., 4403., 4382., 4393.,  95895., 1885318, 20211208111500)
 (4394., 4438., 4388., 4438., 128808., 1888456, 20211208113000)
 (4448., 4465., 4436., 4443., 199623., 1896618, 20211208134500)
 (4443., 4445., 4413., 4419., 104746., 1900306, 20211208140000)
 (4418., 4425., 4407., 4418.,  94548., 1909525, 20211208141500)
 (4417., 4420., 4393., 4394., 111054., 1921030, 20211208143000)
 (4394., 4401., 4374., 4374., 151477., 1954428, 20211208144500)
 (4375., 4381., 4346., 4350., 207624., 1967774, 20211208150000)]
2021-12-09 15:30:00  INFO  [(4338., 4350., 4325., 4337., 229734., 1951166, 20211208211500)
 (4337., 4343., 4312., 4312., 134656., 1953177, 20211208213000)
 (4312., 4324., 4301., 4322., 166002., 1937455, 20211208214500)
 (4323., 4332., 4319., 4322.,  84653., 1937815, 20211208220000)
 (4322., 4329., 4315., 4316.,  49717., 1941219, 20211208221500)
 (4317., 4343., 4316., 4338.,  85662., 1932867, 20211208223000)
 (4338., 4358., 4333., 4345.,  95974., 1925546, 20211208224500)
 (4345., 4363., 4345., 4354.,  82052., 1917486, 20211208230000)
 (4356., 4366., 4338., 4343., 111092., 1921022, 20211209091500)
 (4344., 4363., 4338., 4362.,  67935., 1925250, 20211209093000)
 (4363., 4369., 4348., 4352.,  51905., 1924169, 20211209094500)
 (4351., 4360., 4342., 4347.,  40550., 1924771, 20211209100000)
 (4347., 4377., 4343., 4362.,  92467., 1927409, 20211209101500)
 (4364., 4371., 4352., 4365.,  52579., 1926422, 20211209104500)
 (4365., 4389., 4365., 4389.,  76265., 1931164, 20211209110000)
 (4388., 4395., 4373., 4394.,  80835., 1928405, 20211209111500)
 (4394., 4396., 4357., 4357., 105729., 1927626, 20211209113000)
 (4357., 4357., 4319., 4331., 266425., 1934306, 20211209134500)
 (4332., 4339., 4312., 4314., 119965., 1944171, 20211209140000)
 (4315., 4328., 4308., 4317., 113557., 1957601, 20211209141500)
 (4316., 4325., 4290., 4291., 123603., 1962667, 20211209143000)
 (4290., 4318., 4288., 4312., 130910., 1967429, 20211209144500)
 (4312., 4312., 4271., 4293., 195715., 1973781, 20211209150000)]
2021-12-10 15:30:00  INFO  [(4279., 4305., 4276., 4295., 170304., 1959439, 20211209211500)
 (4295., 4295., 4282., 4291.,  59852., 1958338, 20211209213000)
 (4291., 4307., 4279., 4285., 100392., 1945314, 20211209214500)
 (4284., 4287., 4264., 4270., 110935., 1946919, 20211209220000)
 (4270., 4288., 4266., 4283.,  67033., 1938571, 20211209221500)
 (4283., 4305., 4283., 4302., 112171., 1933740, 20211209223000)
 (4302., 4303., 4286., 4294.,  48384., 1929847, 20211209224500)
 (4293., 4312., 4290., 4303.,  66593., 1920243, 20211209230000)
 (4300., 4316., 4296., 4314.,  88400., 1914392, 20211210091500)
 (4315., 4322., 4307., 4310.,  65990., 1911160, 20211210093000)
 (4311., 4317., 4305., 4313.,  35520., 1907721, 20211210094500)
 (4313., 4329., 4308., 4328.,  69040., 1904292, 20211210100000)
 (4329., 4329., 4308., 4316.,  63670., 1901048, 20211210101500)
 (4317., 4324., 4309., 4322.,  45236., 1899371, 20211210104500)
 (4322., 4335., 4311., 4315.,  80938., 1892818, 20211210110000)
 (4316., 4339., 4313., 4334.,  71502., 1897216, 20211210111500)
 (4333., 4345., 4327., 4333.,  88771., 1895487, 20211210113000)
 (4332., 4332., 4293., 4293., 135212., 1894992, 20211210134500)
 (4293., 4331., 4290., 4322., 125073., 1905801, 20211210140000)
 (4322., 4342., 4306., 4308., 103579., 1917911, 20211210141500)
 (4308., 4316., 4295., 4312., 136519., 1925308, 20211210143000)
 (4311., 4320., 4305., 4314.,  56126., 1925991, 20211210144500)
 (4313., 4338., 4313., 4322., 118781., 1934030, 20211210150000)]
2021-12-13 15:30:00  INFO  [(4322., 4350., 4312., 4317., 174475., 1913836, 20211210211500)
 (4317., 4322., 4296., 4303., 103968., 1910000, 20211210213000)
 (4303., 4315., 4297., 4305.,  60301., 1908646, 20211210214500)
 (4305., 4318., 4301., 4308.,  44854., 1905636, 20211210220000)
 (4308., 4325., 4304., 4320.,  62134., 1898013, 20211210221500)
 (4319., 4329., 4317., 4324.,  49293., 1890810, 20211210223000)
 (4324., 4328., 4318., 4322.,  32282., 1885429, 20211210224500)
 (4322., 4323., 4293., 4304.,  94927., 1871547, 20211210230000)
 (4311., 4334., 4280., 4330., 246925., 1879380, 20211213091500)
 (4330., 4337., 4314., 4315., 111165., 1887148, 20211213093000)
 (4316., 4334., 4298., 4330., 121358., 1890234, 20211213094500)
 (4330., 4338., 4318., 4331.,  97463., 1894465, 20211213100000)
 (4331., 4366., 4328., 4356., 124866., 1907859, 20211213101500)
 (4356., 4375., 4351., 4363., 139755., 1923041, 20211213104500)
 (4364., 4373., 4358., 4370.,  55873., 1934269, 20211213110000)
 (4370., 4393., 4370., 4383., 147088., 1952997, 20211213111500)
 (4384., 4409., 4379., 4408., 104939., 1960973, 20211213113000)
 (4409., 4409., 4384., 4393., 119554., 1973471, 20211213134500)
 (4394., 4408., 4389., 4399.,  69653., 1985809, 20211213140000)
 (4400., 4408., 4395., 4406.,  49795., 1987810, 20211213141500)
 (4406., 4407., 4391., 4394.,  44855., 1989012, 20211213143000)
 (4394., 4402., 4384., 4399.,  58994., 1988032, 20211213144500)
 (4399., 4417., 4396., 4415., 116655., 1988270, 20211213150000)]
2021-12-14 15:30:00  INFO  [(4413., 4421., 4398., 4401., 148582., 1984292, 20211213211500)
 (4402., 4420., 4397., 4409.,  64230., 1980722, 20211213213000)
 (4409., 4420., 4407., 4419.,  27508., 1979933, 20211213214500)
 (4418., 4420., 4403., 4405.,  37051., 1976843, 20211213220000)
 (4406., 4411., 4398., 4404.,  48038., 1971343, 20211213221500)
 (4404., 4413., 4398., 4411.,  43822., 1965050, 20211213223000)
 (4411., 4428., 4404., 4427.,  69188., 1959246, 20211213224500)
 (4427., 4429., 4413., 4417.,  47622., 1953098, 20211213230000)
 (4415., 4417., 4386., 4389., 123000., 1943677, 20211214091500)
 (4389., 4396., 4385., 4390.,  50424., 1943591, 20211214093000)
 (4391., 4393., 4380., 4386.,  55265., 1938384, 20211214094500)
 (4386., 4388., 4367., 4369.,  85188., 1930075, 20211214100000)
 (4369., 4386., 4366., 4379.,  51640., 1930351, 20211214101500)
 (4379., 4385., 4370., 4381.,  40867., 1931040, 20211214104500)
 (4381., 4382., 4368., 4380.,  35809., 1934154, 20211214110000)
 (4380., 4389., 4374., 4380.,  49749., 1935606, 20211214111500)
 (4381., 4381., 4369., 4373.,  43169., 1937840, 20211214113000)
 (4372., 4382., 4352., 4379., 174150., 1919708, 20211214134500)
 (4380., 4388., 4375., 4381.,  51805., 1918737, 20211214140000)
 (4380., 4407., 4371., 4404., 127978., 1912928, 20211214141500)
 (4405., 4421., 4400., 4410., 122380., 1924483, 20211214143000)
 (4411., 4418., 4404., 4409.,  57737., 1926735, 20211214144500)
 (4409., 4412., 4381., 4382.,  90827., 1920239, 20211214150000)]
2021-12-15 15:30:00  INFO  [(4383., 4399., 4377., 4396., 138304., 1920630, 20211214211500)
 (4395., 4405., 4395., 4399.,  65221., 1918873, 20211214213000)
 (4400., 4403., 4392., 4397.,  40481., 1918413, 20211214214500)
 (4397., 4397., 4383., 4396.,  47352., 1915868, 20211214220000)
 (4396., 4403., 4386., 4402.,  44540., 1912050, 20211214221500)
 (4402., 4408., 4392., 4394.,  49916., 1908863, 20211214223000)
 (4395., 4408., 4393., 4405.,  41702., 1913917, 20211214224500)
 (4405., 4408., 4390., 4401.,  53189., 1912309, 20211214230000)
 (4401., 4410., 4382., 4382., 109560., 1913331, 20211215091500)
 (4382., 4394., 4380., 4381.,  63313., 1919441, 20211215093000)
 (4381., 4387., 4374., 4379.,  62415., 1924072, 20211215094500)
 (4378., 4393., 4368., 4391.,  74167., 1925827, 20211215100000)
 (4391., 4456., 4390., 4451., 341017., 1968142, 20211215101500)
 (4452., 4459., 4440., 4457., 119424., 1975621, 20211215104500)
 (4457., 4463., 4435., 4446., 104042., 1979099, 20211215110000)
 (4446., 4467., 4445., 4462., 104437., 1992157, 20211215111500)
 (4462., 4468., 4444., 4451.,  83806., 1994248, 20211215113000)
 (4443., 4455., 4431., 4437.,  93977., 2001741, 20211215134500)
 (4436., 4448., 4432., 4444.,  42558., 2004660, 20211215140000)
 (4444., 4448., 4437., 4444.,  32815., 2009307, 20211215141500)
 (4443., 4450., 4438., 4448.,  33867., 2014915, 20211215143000)
 (4448., 4449., 4434., 4442.,  38529., 2014942, 20211215144500)
 (4443., 4452., 4428., 4441., 121873., 2010408, 20211215150000)]
2021-12-16 15:30:00  INFO  [(4436., 4448., 4428., 4444.,  97094., 1997272, 20211215211500)
 (4443., 4445., 4436., 4443.,  40487., 1991890, 20211215213000)
 (4443., 4451., 4439., 4447.,  43509., 1990382, 20211215214500)
 (4447., 4458., 4444., 4453.,  48228., 1988578, 20211215220000)
 (4453., 4460., 4449., 4453.,  38777., 1987778, 20211215221500)
 (4454., 4456., 4443., 4451.,  27951., 1983781, 20211215223000)
 (4450., 4465., 4441., 4465.,  55241., 1975554, 20211215224500)
 (4463., 4465., 4434., 4444.,  90661., 1956967, 20211215230000)
 (4457., 4479., 4457., 4471., 147234., 1953171, 20211216091500)
 (4471., 4474., 4459., 4468.,  49449., 1955198, 20211216093000)
 (4468., 4472., 4465., 4471.,  29035., 1954705, 20211216094500)
 (4472., 4472., 4459., 4466.,  38887., 1954678, 20211216100000)
 (4466., 4484., 4455., 4464., 109815., 1948968, 20211216101500)
 (4467., 4469., 4458., 4467.,  39471., 1948418, 20211216104500)
 (4467., 4481., 4467., 4480.,  61792., 1952589, 20211216110000)
 (4480., 4486., 4475., 4480.,  58902., 1956261, 20211216111500)
 (4480., 4498., 4474., 4487., 110690., 1974124, 20211216113000)
 (4487., 4493., 4472., 4486.,  85130., 1976688, 20211216134500)
 (4486., 4489., 4476., 4483.,  36405., 1982851, 20211216140000)
 (4482., 4498., 4481., 4495.,  65081., 1985774, 20211216141500)
 (4495., 4525., 4495., 4523., 181335., 2011199, 20211216143000)
 (4524., 4530., 4516., 4529.,  91802., 2019963, 20211216144500)
 (4529., 4534., 4519., 4529., 107315., 2014297, 20211216150000)]
2021-12-17 15:30:00  INFO  [(4529., 4536., 4520., 4525., 138406., 2000551, 20211216211500)
 (4525., 4541., 4524., 4539.,  79544., 1994718, 20211216213000)
 (4539., 4547., 4536., 4537.,  78818., 2007528, 20211216214500)
 (4538., 4554., 4536., 4550.,  67325., 2008310, 20211216220000)
 (4550., 4555., 4545., 4553.,  46859., 2006799, 20211216221500)
 (4553., 4563., 4549., 4553.,  61946., 2003413, 20211216223000)
 (4554., 4556., 4527., 4536., 104464., 1986490, 20211216224500)
 (4536., 4540., 4530., 4533.,  52027., 1980357, 20211216230000)
 (4534., 4536., 4511., 4512., 116095., 1979748, 20211217091500)
 (4512., 4536., 4510., 4528.,  71431., 1988940, 20211217093000)
 (4528., 4529., 4508., 4515.,  75138., 1988140, 20211217094500)
 (4515., 4521., 4509., 4513.,  42061., 1995417, 20211217100000)
 (4513., 4519., 4504., 4508.,  52041., 1995416, 20211217101500)
 (4508., 4517., 4495., 4499.,  83924., 1987282, 20211217104500)
 (4500., 4516., 4498., 4511.,  46022., 1988149, 20211217110000)
 (4511., 4513., 4500., 4502.,  31449., 1987737, 20211217111500)
 (4501., 4510., 4498., 4508.,  44110., 1986217, 20211217113000)
 (4507., 4523., 4498., 4506.,  76241., 1993126, 20211217134500)
 (4505., 4514., 4502., 4510.,  31336., 1993626, 20211217140000)
 (4510., 4519., 4507., 4509.,  29504., 1997975, 20211217141500)
 (4510., 4511., 4484., 4491., 106024., 1995698, 20211217143000)
 (4491., 4518., 4489., 4513.,  82614., 2001206, 20211217144500)
 (4513., 4520., 4502., 4505.,  65511., 1995458, 20211217150000)]
2021-12-20 15:30:00  INFO  [(4498., 4530., 4497., 4523., 106889., 1980177, 20211217211500)
 (4523., 4526., 4516., 4525.,  53543., 1975509, 20211217213000)
 (4525., 4526., 4516., 4519.,  41080., 1974506, 20211217214500)
 (4519., 4532., 4519., 4529.,  47151., 1975138, 20211217220000)
 (4530., 4548., 4529., 4546.,  73775., 1974490, 20211217221500)
 (4545., 4548., 4536., 4545.,  46088., 1973723, 20211217223000)
 (4545., 4574., 4543., 4570., 107537., 1975280, 20211217224500)
 (4569., 4580., 4562., 4574.,  99900., 1963445, 20211217230000)
 (4574., 4595., 4556., 4591., 153469., 1980184, 20211220091500)
 (4591., 4592., 4571., 4580.,  69294., 1988068, 20211220093000)
 (4580., 4595., 4566., 4589.,  64441., 1998929, 20211220094500)
 (4589., 4591., 4567., 4567.,  50626., 2004241, 20211220100000)
 (4568., 4579., 4558., 4565.,  81089., 2001034, 20211220101500)
 (4565., 4581., 4561., 4577.,  55438., 1999533, 20211220104500)
 (4577., 4581., 4568., 4581.,  34412., 2004630, 20211220110000)
 (4581., 4585., 4570., 4582.,  36963., 2011338, 20211220111500)
 (4582., 4585., 4545., 4546., 129640., 2014639, 20211220113000)
 (4546., 4556., 4527., 4529., 122142., 2011650, 20211220134500)
 (4529., 4535., 4511., 4513., 135371., 2011848, 20211220140000)
 (4513., 4525., 4505., 4506., 108946., 2012786, 20211220141500)
 (4505., 4514., 4480., 4482., 153198., 2001899, 20211220143000)
 (4481., 4492., 4471., 4479., 126519., 1998692, 20211220144500)
 (4478., 4486., 4469., 4475., 112916., 1997807, 20211220150000)]
2021-12-21 15:30:00  INFO  [(4485., 4496., 4478., 4495., 135174., 1988456, 20211220211500)
 (4495., 4519., 4494., 4518., 133812., 1987570, 20211220213000)
 (4519., 4520., 4505., 4506.,  65705., 1983837, 20211220214500)
 (4506., 4523., 4506., 4520.,  53872., 1983171, 20211220220000)
 (4519., 4521., 4507., 4513.,  37761., 1979708, 20211220221500)
 (4513., 4515., 4497., 4499.,  53000., 1974479, 20211220223000)
 (4498., 4499., 4477., 4482., 101637., 1962527, 20211220224500)
 (4482., 4494., 4455., 4475., 122887., 1947475, 20211220230000)
 (4490., 4504., 4452., 4456., 137654., 1942580, 20211221091500)
 (4455., 4459., 4444., 4455.,  98534., 1938397, 20211221093000)
 (4455., 4475., 4452., 4473.,  68963., 1941125, 20211221094500)
 (4472., 4483., 4468., 4475.,  47660., 1946346, 20211221100000)
 (4474., 4486., 4461., 4483.,  75370., 1948818, 20211221101500)
 (4482., 4489., 4467., 4472.,  55890., 1950660, 20211221104500)
 (4473., 4480., 4454., 4455.,  64154., 1947600, 20211221110000)
 (4455., 4463., 4446., 4448.,  78189., 1946867, 20211221111500)
 (4447., 4482., 4445., 4466., 103987., 1941824, 20211221113000)
 (4475., 4504., 4470., 4502., 161023., 1949124, 20211221134500)
 (4502., 4505., 4466., 4468., 115986., 1958937, 20211221140000)
 (4468., 4475., 4463., 4469.,  59083., 1964348, 20211221141500)
 (4469., 4478., 4466., 4473.,  42864., 1966465, 20211221143000)
 (4473., 4488., 4470., 4475.,  53762., 1970329, 20211221144500)
 (4476., 4477., 4465., 4473.,  68273., 1967053, 20211221150000)]
2021-12-22 15:30:00  INFO  [(4480., 4488., 4463., 4466., 129799., 1956320, 20211221211500)
 (4466., 4470., 4458., 4466.,  78613., 1950911, 20211221213000)
 (4465., 4475., 4461., 4469.,  46335., 1943762, 20211221214500)
 (4469., 4474., 4460., 4473.,  36599., 1937392, 20211221220000)
 (4473., 4484., 4466., 4479.,  50705., 1929686, 20211221221500)
 (4479., 4485., 4475., 4482.,  39381., 1929781, 20211221223000)
 (4482., 4495., 4476., 4488.,  66583., 1932064, 20211221224500)
 (4488., 4493., 4479., 4488.,  48687., 1927148, 20211221230000)
 (4490., 4498., 4479., 4483.,  82128., 1926031, 20211222091500)
 (4483., 4485., 4469., 4478.,  71433., 1918867, 20211222093000)
 (4477., 4483., 4470., 4473.,  31397., 1916496, 20211222094500)
 (4474., 4478., 4462., 4466.,  56756., 1917091, 20211222100000)
 (4465., 4475., 4451., 4453.,  91459., 1921656, 20211222101500)
 (4451., 4472., 4424., 4431., 190850., 1914901, 20211222104500)
 (4432., 4440., 4426., 4432.,  78885., 1927367, 20211222110000)
 (4432., 4446., 4421., 4440.,  75195., 1928550, 20211222111500)
 (4440., 4442., 4422., 4422.,  61744., 1933403, 20211222113000)
 (4426., 4450., 4420., 4441., 102673., 1934349, 20211222134500)
 (4441., 4457., 4436., 4447.,  63568., 1933748, 20211222140000)
 (4446., 4450., 4433., 4433.,  43575., 1938498, 20211222141500)
 (4433., 4435., 4423., 4425.,  69063., 1954837, 20211222143000)
 (4424., 4428., 4412., 4419., 104993., 1961842, 20211222144500)
 (4419., 4440., 4414., 4438.,  89477., 1956678, 20211222150000)]
2021-12-23 15:30:00  INFO  [(4429., 4448., 4427., 4446., 110393., 1938582, 20211222211500)
 (4447., 4449., 4431., 4431.,  56512., 1938388, 20211222213000)
 (4431., 4436., 4421., 4424.,  76332., 1934533, 20211222214500)
 (4424., 4434., 4423., 4424.,  40366., 1929555, 20211222220000)
 (4424., 4425., 4403., 4407.,  92894., 1917941, 20211222221500)
 (4407., 4423., 4405., 4422.,  48321., 1917526, 20211222223000)
 (4421., 4422., 4409., 4414.,  30438., 1917578, 20211222224500)
 (4414., 4420., 4409., 4417.,  33602., 1913061, 20211222230000)
 (4421., 4437., 4406., 4434., 114440., 1910675, 20211223091500)
 (4434., 4444., 4427., 4437.,  82727., 1911011, 20211223093000)
 (4437., 4444., 4430., 4443.,  39395., 1909957, 20211223094500)
 (4443., 4474., 4442., 4471., 144189., 1908826, 20211223100000)
 (4473., 4477., 4462., 4470.,  94837., 1911731, 20211223101500)
 (4469., 4480., 4459., 4460.,  97095., 1914933, 20211223104500)
 (4459., 4479., 4459., 4472.,  52172., 1918021, 20211223110000)
 (4472., 4484., 4469., 4479.,  63499., 1929067, 20211223111500)
 (4479., 4487., 4473., 4481.,  60371., 1940789, 20211223113000)
 (4482., 4488., 4445., 4450., 163366., 1950382, 20211223134500)
 (4450., 4460., 4444., 4460.,  78856., 1954089, 20211223140000)
 (4460., 4482., 4458., 4475., 111761., 1978143, 20211223141500)
 (4475., 4484., 4471., 4477.,  58987., 1986655, 20211223143000)
 (4477., 4480., 4468., 4473.,  40292., 1988176, 20211223144500)
 (4473., 4480., 4470., 4479.,  62295., 1992623, 20211223150000)]
2021-12-24 15:30:00  INFO  [(4481., 4520., 4479., 4513., 233654., 1984353, 20211223211500)
 (4515., 4529., 4509., 4527., 116599., 1977699, 20211223213000)
 (4528., 4544., 4520., 4541., 112193., 1982571, 20211223214500)
 (4541., 4545., 4529., 4533.,  71400., 1981806, 20211223220000)
 (4533., 4540., 4527., 4537.,  49566., 1982959, 20211223221500)
 (4538., 4540., 4530., 4534.,  25863., 1983986, 20211223223000)
 (4534., 4536., 4524., 4530.,  39806., 1985018, 20211223224500)
 (4529., 4540., 4527., 4538.,  39370., 1981161, 20211223230000)
 (4539., 4540., 4521., 4527.,  86668., 1983853, 20211224091500)
 (4526., 4530., 4511., 4525.,  78865., 1979842, 20211224093000)
 (4525., 4526., 4516., 4522.,  34256., 1986272, 20211224094500)
 (4523., 4527., 4515., 4516.,  32316., 1989365, 20211224100000)
 (4516., 4518., 4503., 4512.,  82594., 1982207, 20211224101500)
 (4511., 4515., 4497., 4503.,  73966., 1974601, 20211224104500)
 (4504., 4512., 4485., 4485.,  72423., 1969765, 20211224110000)
 (4486., 4505., 4482., 4500.,  68541., 1976746, 20211224111500)
 (4500., 4525., 4493., 4519.,  78267., 1978924, 20211224113000)
 (4517., 4522., 4505., 4508.,  57728., 1983193, 20211224134500)
 (4509., 4516., 4491., 4491.,  44740., 1987199, 20211224140000)
 (4490., 4509., 4488., 4506.,  65477., 1997053, 20211224141500)
 (4506., 4513., 4502., 4509.,  40968., 2004044, 20211224143000)
 (4509., 4518., 4507., 4517.,  39837., 2007131, 20211224144500)
 (4516., 4520., 4508., 4519.,  68282., 2002893, 20211224150000)]
2021-12-27 15:30:00  INFO  [(4510., 4523., 4503., 4507., 104701., 1990702, 20211224211500)
 (4507., 4510., 4497., 4499.,  67297., 1991500, 20211224213000)
 (4499., 4512., 4498., 4510.,  34817., 1989247, 20211224214500)
 (4509., 4511., 4497., 4499.,  32991., 1988897, 20211224220000)
 (4498., 4506., 4492., 4502.,  34549., 1983425, 20211224221500)
 (4502., 4506., 4492., 4493.,  28629., 1982445, 20211224223000)
 (4493., 4504., 4491., 4498.,  27094., 1981046, 20211224224500)
 (4499., 4499., 4410., 4422., 275383., 1946701, 20211224230000)
 (4419., 4431., 4367., 4370., 353135., 1943533, 20211227091500)
 (4369., 4376., 4354., 4359., 172053., 1955338, 20211227093000)
 (4358., 4376., 4354., 4363., 115834., 1967991, 20211227094500)
 (4364., 4370., 4350., 4352.,  81908., 1980780, 20211227100000)
 (4352., 4361., 4335., 4338., 102187., 1989612, 20211227101500)
 (4339., 4355., 4331., 4346., 103267., 1996918, 20211227104500)
 (4346., 4358., 4341., 4347.,  57568., 1999430, 20211227110000)
 (4347., 4354., 4338., 4350.,  47823., 2003667, 20211227111500)
 (4351., 4351., 4326., 4334.,  75085., 2019557, 20211227113000)
 (4328., 4346., 4322., 4327.,  66848., 2028809, 20211227134500)
 (4326., 4333., 4321., 4332.,  59654., 2040977, 20211227140000)
 (4332., 4332., 4312., 4315.,  71029., 2046321, 20211227141500)
 (4314., 4318., 4303., 4305., 101026., 2067141, 20211227143000)
 (4305., 4314., 4292., 4304., 118717., 2078931, 20211227144500)
 (4304., 4322., 4301., 4307., 106853., 2074674, 20211227150000)]
2021-12-28 15:30:00  INFO  [(4318., 4320., 4305., 4308., 144376., 2050949, 20211227211500)
 (4309., 4323., 4306., 4321.,  72919., 2046034, 20211227213000)
 (4322., 4334., 4317., 4332.,  83782., 2035677, 20211227214500)
 (4332., 4333., 4325., 4328.,  43103., 2032073, 20211227220000)
 (4329., 4343., 4326., 4338.,  66493., 2022553, 20211227221500)
 (4338., 4342., 4301., 4306., 124938., 2015442, 20211227223000)
 (4305., 4321., 4305., 4317.,  58443., 2011166, 20211227224500)
 (4318., 4334., 4317., 4329.,  74135., 1997712, 20211227230000)
 (4336., 4342., 4329., 4333.,  83362., 1992478, 20211228091500)
 (4333., 4346., 4333., 4339.,  62344., 1990459, 20211228093000)
 (4339., 4351., 4338., 4348.,  73121., 1986854, 20211228094500)
 (4347., 4350., 4334., 4350.,  53705., 1989724, 20211228100000)
 (4350., 4353., 4341., 4342.,  54831., 1994122, 20211228101500)
 (4342., 4344., 4327., 4335.,  62953., 1993601, 20211228104500)
 (4335., 4345., 4329., 4341.,  34350., 1993759, 20211228110000)
 (4341., 4345., 4330., 4331.,  25867., 1994847, 20211228111500)
 (4332., 4342., 4310., 4341., 100322., 1991401, 20211228113000)
 (4340., 4343., 4321., 4324.,  66084., 1999523, 20211228134500)
 (4323., 4341., 4321., 4333.,  47669., 2001884, 20211228140000)
 (4333., 4336., 4316., 4320.,  45274., 2006612, 20211228141500)
 (4321., 4340., 4315., 4334.,  64763., 2000858, 20211228143000)
 (4334., 4338., 4320., 4323.,  47282., 1996315, 20211228144500)
 (4323., 4330., 4307., 4319., 103400., 1985941, 20211228150000)]
2021-12-29 15:30:00  INFO  [(4319., 4330., 4308., 4310., 116175., 1971448, 20211228211500)
 (4310., 4322., 4309., 4319.,  42562., 1970469, 20211228213000)
 (4319., 4321., 4313., 4315.,  22108., 1971979, 20211228214500)
 (4314., 4317., 4309., 4314.,  34146., 1976125, 20211228220000)
 (4314., 4318., 4310., 4316.,  23419., 1974548, 20211228221500)
 (4316., 4343., 4314., 4332., 106021., 1952028, 20211228223000)
 (4331., 4346., 4329., 4339.,  52662., 1947513, 20211228224500)
 (4341., 4342., 4325., 4326.,  48277., 1934758, 20211228230000)
 (4324., 4339., 4322., 4337.,  66152., 1934955, 20211229091500)
 (4338., 4341., 4333., 4335.,  46820., 1921018, 20211229093000)
 (4335., 4339., 4328., 4333.,  35356., 1914101, 20211229094500)
 (4333., 4343., 4333., 4342.,  29959., 1911097, 20211229100000)
 (4341., 4345., 4313., 4320., 101326., 1915474, 20211229101500)
 (4321., 4322., 4281., 4283., 179299., 1943636, 20211229104500)
 (4283., 4315., 4280., 4304., 146435., 1945312, 20211229110000)
 (4305., 4307., 4285., 4290.,  76766., 1951511, 20211229111500)
 (4289., 4289., 4272., 4276., 123383., 1956999, 20211229113000)
 (4275., 4292., 4270., 4284.,  98200., 1960573, 20211229134500)
 (4284., 4284., 4271., 4281.,  65512., 1967316, 20211229140000)
 (4280., 4290., 4275., 4282.,  54208., 1978645, 20211229141500)
 (4282., 4286., 4277., 4280.,  29386., 1983693, 20211229143000)
 (4280., 4304., 4275., 4297.,  80898., 1986454, 20211229144500)
 (4297., 4317., 4295., 4315., 149484., 1972822, 20211229150000)]
2021-12-30 15:30:00  INFO  [(4321., 4341., 4318., 4340., 180220., 1937110, 20211229211500)
 (4339., 4345., 4333., 4340.,  84216., 1928597, 20211229213000)
 (4339., 4362., 4336., 4362., 124005., 1911977, 20211229214500)
 (4361., 4362., 4346., 4346.,  64816., 1906897, 20211229220000)
 (4346., 4352., 4343., 4345.,  38783., 1908408, 20211229221500)
 (4344., 4348., 4339., 4341.,  30622., 1906931, 20211229223000)
 (4342., 4352., 4341., 4347.,  25754., 1905479, 20211229224500)
 (4347., 4360., 4347., 4354.,  46535., 1894436, 20211229230000)
 (4353., 4357., 4333., 4337.,  84412., 1889781, 20211230091500)
 (4337., 4344., 4331., 4332.,  35277., 1890257, 20211230093000)
 (4332., 4339., 4326., 4336.,  53428., 1889658, 20211230094500)
 (4336., 4338., 4327., 4329.,  27251., 1889930, 20211230100000)
 (4329., 4343., 4327., 4337.,  34948., 1887466, 20211230101500)
 (4337., 4338., 4323., 4328.,  47236., 1883787, 20211230104500)
 (4328., 4355., 4326., 4350.,  82202., 1879127, 20211230110000)
 (4351., 4360., 4342., 4358.,  56843., 1881814, 20211230111500)
 (4359., 4368., 4348., 4348.,  66924., 1881968, 20211230113000)
 (4346., 4346., 4313., 4316., 143888., 1883258, 20211230134500)
 (4315., 4322., 4279., 4279., 221789., 1924779, 20211230140000)
 (4280., 4292., 4272., 4290., 173144., 1943500, 20211230141500)
 (4290., 4291., 4267., 4276., 106931., 1963802, 20211230143000)
 (4276., 4287., 4272., 4275.,  65565., 1968531, 20211230144500)
 (4275., 4284., 4265., 4282., 121622., 1967818, 20211230150000)]
2021-12-31 15:30:00  INFO  [(4282., 4296., 4274., 4290., 121807., 1954108, 20211230211500)
 (4291., 4296., 4275., 4276.,  57002., 1951511, 20211230213000)
 (4276., 4291., 4270., 4286.,  66656., 1946405, 20211230214500)
 (4285., 4289., 4275., 4277.,  28303., 1947890, 20211230220000)
 (4277., 4288., 4276., 4286.,  22853., 1946394, 20211230221500)
 (4286., 4294., 4284., 4292.,  28580., 1941673, 20211230223000)
 (4292., 4303., 4283., 4284.,  58926., 1929901, 20211230224500)
 (4282., 4290., 4282., 4287.,  35850., 1925926, 20211230230000)
 (4287., 4291., 4273., 4286.,  75556., 1925626, 20211231091500)
 (4286., 4296., 4286., 4293.,  40780., 1921361, 20211231093000)
 (4293., 4298., 4286., 4289.,  36103., 1915456, 20211231094500)
 (4288., 4293., 4278., 4281.,  47078., 1914810, 20211231100000)
 (4282., 4286., 4270., 4276.,  52974., 1915146, 20211231101500)
 (4275., 4284., 4267., 4278.,  70061., 1917727, 20211231104500)
 (4278., 4310., 4278., 4297., 132857., 1904276, 20211231110000)
 (4297., 4303., 4288., 4298.,  47557., 1900301, 20211231111500)
 (4300., 4342., 4296., 4336., 103274., 1888270, 20211231113000)
 (4338., 4348., 4319., 4329., 154840., 1892979, 20211231134500)
 (4329., 4337., 4326., 4337.,  36718., 1896294, 20211231140000)
 (4337., 4340., 4325., 4332.,  44667., 1892597, 20211231141500)
 (4332., 4337., 4328., 4335.,  31469., 1891953, 20211231143000)
 (4335., 4336., 4313., 4317.,  56181., 1889035, 20211231144500)
 (4317., 4335., 4313., 4315.,  96708., 1877654, 20211231150000)]
2022-01-04 15:30:00  INFO  [(4297., 4303., 4288., 4298.,  47557., 1900301, 20211231111500)
 (4300., 4342., 4296., 4336., 103274., 1888270, 20211231113000)
 (4338., 4348., 4319., 4329., 154840., 1892979, 20211231134500)
 (4329., 4337., 4326., 4337.,  36718., 1896294, 20211231140000)
 (4337., 4340., 4325., 4332.,  44667., 1892597, 20211231141500)
 (4332., 4337., 4328., 4335.,  31469., 1891953, 20211231143000)
 (4335., 4336., 4313., 4317.,  56181., 1889035, 20211231144500)
 (4317., 4335., 4313., 4315.,  96708., 1877654, 20211231150000)
 (4302., 4354., 4302., 4317., 212159., 1855847, 20220104091500)
 (4317., 4327., 4291., 4318., 124406., 1851720, 20220104093000)
 (4318., 4348., 4315., 4343., 126338., 1860565, 20220104094500)
 (4346., 4380., 4341., 4378., 141134., 1873307, 20220104100000)
 (4380., 4386., 4351., 4355., 116140., 1884774, 20220104101500)
 (4355., 4369., 4351., 4359.,  42514., 1882062, 20220104104500)
 (4359., 4378., 4355., 4377.,  61200., 1876580, 20220104110000)
 (4378., 4382., 4372., 4377.,  52231., 1880532, 20220104111500)
 (4377., 4380., 4367., 4371.,  37182., 1881318, 20220104113000)
 (4373., 4379., 4364., 4368.,  38660., 1885982, 20220104134500)
 (4368., 4379., 4366., 4372.,  24202., 1888240, 20220104140000)
 (4372., 4379., 4371., 4379.,  22154., 1891157, 20220104141500)
 (4379., 4389., 4373., 4384.,  63824., 1899456, 20220104143000)
 (4383., 4387., 4380., 4383.,  25328., 1905231, 20220104144500)
 (4383., 4398., 4378., 4395.,  97145., 1904095, 20220104150000)]
2022-01-05 15:30:00  INFO  [(4400., 4414., 4389., 4398., 134908., 1887263, 20220104211500)
 (4399., 4401., 4385., 4400.,  52944., 1884112, 20220104213000)
 (4399., 4403., 4393., 4397.,  21636., 1885565, 20220104214500)
 (4397., 4418., 4392., 4417.,  58557., 1881536, 20220104220000)
 (4417., 4423., 4412., 4419.,  78155., 1875497, 20220104221500)
 (4419., 4427., 4417., 4426.,  45201., 1874251, 20220104223000)
 (4426., 4433., 4424., 4431.,  52320., 1873125, 20220104224500)
 (4431., 4434., 4426., 4430.,  40565., 1868019, 20220104230000)
 (4431., 4448., 4422., 4445., 100494., 1871727, 20220105091500)
 (4446., 4449., 4430., 4432.,  57612., 1872296, 20220105093000)
 (4432., 4443., 4426., 4439.,  44194., 1870805, 20220105094500)
 (4439., 4440., 4424., 4429.,  30508., 1871949, 20220105100000)
 (4429., 4436., 4413., 4415.,  66522., 1870267, 20220105101500)
 (4415., 4430., 4413., 4426.,  37035., 1872351, 20220105104500)
 (4426., 4440., 4426., 4440.,  30789., 1875661, 20220105110000)
 (4440., 4445., 4428., 4428.,  40023., 1881578, 20220105111500)
 (4428., 4441., 4426., 4426.,  32078., 1882688, 20220105113000)
 (4420., 4433., 4403., 4422., 135308., 1880546, 20220105134500)
 (4421., 4427., 4413., 4416.,  29704., 1882527, 20220105140000)
 (4416., 4435., 4415., 4433.,  43903., 1890135, 20220105141500)
 (4432., 4440., 4422., 4434.,  41720., 1898258, 20220105143000)
 (4434., 4442., 4434., 4436.,  37112., 1898778, 20220105144500)
 (4435., 4448., 4434., 4444.,  66704., 1903328, 20220105150000)]
2022-01-06 15:30:00  INFO  [(4452., 4470., 4446., 4455., 142258., 1882567, 20220105211500)
 (4455., 4455., 4443., 4448.,  62404., 1880401, 20220105213000)
 (4448., 4458., 4446., 4452.,  38592., 1879468, 20220105214500)
 (4452., 4472., 4452., 4470.,  57849., 1881101, 20220105220000)
 (4471., 4480., 4468., 4469.,  81322., 1886060, 20220105221500)
 (4469., 4476., 4466., 4473.,  27648., 1885231, 20220105223000)
 (4473., 4475., 4467., 4468.,  20700., 1885900, 20220105224500)
 (4469., 4470., 4458., 4470.,  43189., 1875923, 20220105230000)
 (4460., 4462., 4430., 4451., 125331., 1867171, 20220106091500)
 (4451., 4454., 4441., 4452.,  40008., 1867453, 20220106093000)
 (4451., 4459., 4446., 4447.,  30936., 1872407, 20220106094500)
 (4446., 4457., 4443., 4447.,  22130., 1873767, 20220106100000)
 (4447., 4473., 4446., 4467.,  54882., 1873221, 20220106101500)
 (4466., 4486., 4464., 4481.,  77264., 1883147, 20220106104500)
 (4482., 4495., 4479., 4491.,  67571., 1892289, 20220106110000)
 (4491., 4495., 4475., 4476.,  65551., 1895298, 20220106111500)
 (4475., 4480., 4452., 4466.,  95358., 1884998, 20220106113000)
 (4465., 4498., 4465., 4495., 107754., 1906340, 20220106134500)
 (4496., 4497., 4485., 4492.,  45258., 1913597, 20220106140000)
 (4491., 4505., 4491., 4499.,  57424., 1923617, 20220106141500)
 (4499., 4505., 4491., 4495.,  45866., 1931697, 20220106143000)
 (4496., 4500., 4488., 4490.,  40532., 1938619, 20220106144500)
 (4490., 4499., 4479., 4494.,  73022., 1935095, 20220106150000)]
2022-01-07 15:30:00  INFO  [(4495., 4511., 4484., 4495., 115965., 1922408, 20220106211500)
 (4494., 4495., 4472., 4475.,  82591., 1904815, 20220106213000)
 (4475., 4483., 4473., 4477.,  32244., 1903271, 20220106214500)
 (4477., 4481., 4468., 4477.,  47067., 1901207, 20220106220000)
 (4477., 4481., 4470., 4477.,  23483., 1898042, 20220106221500)
 (4476., 4477., 4462., 4470.,  38544., 1894539, 20220106223000)
 (4470., 4476., 4464., 4475.,  33587., 1888330, 20220106224500)
 (4476., 4482., 4466., 4469.,  34686., 1882664, 20220106230000)
 (4466., 4476., 4455., 4463.,  60169., 1878764, 20220107091500)
 (4463., 4481., 4460., 4476.,  48347., 1872578, 20220107093000)
 (4477., 4485., 4475., 4478.,  39593., 1868605, 20220107094500)
 (4478., 4480., 4455., 4473.,  74506., 1866875, 20220107100000)
 (4473., 4482., 4466., 4481.,  45360., 1869193, 20220107101500)
 (4480., 4495., 4475., 4491.,  71204., 1874476, 20220107104500)
 (4490., 4494., 4481., 4492.,  33291., 1876518, 20220107110000)
 (4492., 4499., 4486., 4491.,  40868., 1878280, 20220107111500)
 (4491., 4508., 4489., 4497.,  65731., 1879370, 20220107113000)
 (4497., 4516., 4494., 4511.,  69648., 1886535, 20220107134500)
 (4511., 4522., 4506., 4515.,  53403., 1889761, 20220107140000)
 (4515., 4521., 4511., 4519.,  36585., 1896842, 20220107141500)
 (4518., 4521., 4503., 4509.,  40706., 1904241, 20220107143000)
 (4509., 4510., 4480., 4497., 103382., 1909498, 20220107144500)
 (4498., 4530., 4495., 4526.,  94859., 1916326, 20220107150000)]
2022-01-10 15:30:00  INFO  [(4525., 4532., 4507., 4518.,  95761., 1906070, 20220107211500)
 (4519., 4524., 4514., 4515.,  33333., 1906312, 20220107213000)
 (4515., 4522., 4510., 4511.,  27454., 1904689, 20220107214500)
 (4511., 4516., 4503., 4514.,  26506., 1901500, 20220107220000)
 (4514., 4518., 4507., 4512.,  22790., 1898638, 20220107221500)
 (4512., 4518., 4507., 4513.,  18296., 1895408, 20220107223000)
 (4514., 4517., 4507., 4510.,  18942., 1892596, 20220107224500)
 (4510., 4516., 4505., 4506.,  24510., 1884028, 20220107230000)
 (4503., 4530., 4475., 4524., 198804., 1872866, 20220110091500)
 (4524., 4537., 4522., 4530.,  73337., 1879630, 20220110093000)
 (4530., 4533., 4504., 4504.,  52042., 1875945, 20220110094500)
 (4504., 4504., 4486., 4488.,  89534., 1873000, 20220110100000)
 (4489., 4496., 4483., 4489.,  57250., 1879655, 20220110101500)
 (4491., 4503., 4489., 4497.,  30892., 1881493, 20220110104500)
 (4496., 4497., 4480., 4480.,  42859., 1884268, 20220110110000)
 (4480., 4485., 4463., 4475.,  85492., 1884127, 20220110111500)
 (4473., 4492., 4472., 4481.,  42592., 1885813, 20220110113000)
 (4483., 4495., 4480., 4493.,  38513., 1890213, 20220110134500)
 (4494., 4496., 4485., 4485.,  26066., 1891637, 20220110140000)
 (4485., 4495., 4481., 4484.,  27259., 1892580, 20220110141500)
 (4484., 4484., 4474., 4477.,  29895., 1897219, 20220110143000)
 (4477., 4490., 4475., 4486.,  26112., 1897693, 20220110144500)
 (4486., 4494., 4483., 4492.,  45131., 1890745, 20220110150000)]
2022-01-11 15:30:00  INFO  [(4500., 4526., 4495., 4518., 168424., 1869677, 20220110211500)
 (4518., 4522., 4508., 4509.,  48542., 1864541, 20220110213000)
 (4509., 4516., 4505., 4512.,  32353., 1866407, 20220110214500)
 (4513., 4520., 4510., 4520.,  29086., 1868331, 20220110220000)
 (4519., 4530., 4515., 4525.,  53360., 1868895, 20220110221500)
 (4525., 4535., 4521., 4529.,  58729., 1875665, 20220110223000)
 (4528., 4531., 4520., 4524.,  21787., 1876013, 20220110224500)
 (4523., 4524., 4483., 4489.,  69927., 1859943, 20220110230000)
 (4496., 4512., 4481., 4506., 117702., 1864613, 20220111091500)
 (4506., 4510., 4501., 4507.,  27692., 1867999, 20220111093000)
 (4507., 4530., 4506., 4526.,  81806., 1880465, 20220111094500)
 (4526., 4528., 4515., 4525.,  37754., 1882703, 20220111100000)
 (4525., 4528., 4512., 4514.,  30234., 1886167, 20220111101500)
 (4515., 4520., 4493., 4503.,  82355., 1892154, 20220111104500)
 (4503., 4503., 4489., 4497.,  55322., 1899024, 20220111110000)
 (4496., 4515., 4491., 4514.,  40512., 1897257, 20220111111500)
 (4514., 4520., 4507., 4512.,  49393., 1899694, 20220111113000)
 (4508., 4523., 4504., 4520.,  55085., 1910991, 20220111134500)
 (4520., 4528., 4516., 4527.,  42901., 1924611, 20220111140000)
 (4528., 4531., 4519., 4526.,  55476., 1937460, 20220111141500)
 (4526., 4530., 4523., 4530.,  20725., 1942856, 20220111143000)
 (4529., 4585., 4529., 4577., 271586., 1986121, 20220111144500)
 (4575., 4590., 4572., 4589., 131226., 2014725, 20220111150000)]
2022-01-12 15:30:00  INFO  [(4590., 4600., 4582., 4591., 135975., 1997990, 20220111211500)
 (4591., 4593., 4583., 4589.,  40196., 1991462, 20220111213000)
 (4589., 4593., 4580., 4585.,  39041., 1988204, 20220111214500)
 (4585., 4586., 4576., 4585.,  32869., 1984558, 20220111220000)
 (4585., 4590., 4581., 4587.,  21127., 1981960, 20220111221500)
 (4587., 4595., 4586., 4591.,  28704., 1982851, 20220111223000)
 (4589., 4591., 4571., 4581.,  42787., 1973587, 20220111224500)
 (4581., 4593., 4577., 4587.,  34318., 1966232, 20220111230000)
 (4595., 4610., 4570., 4583., 132414., 1961539, 20220112091500)
 (4584., 4605., 4577., 4605.,  42744., 1959004, 20220112093000)
 (4605., 4614., 4594., 4603.,  49768., 1958615, 20220112094500)
 (4604., 4616., 4596., 4612.,  44617., 1960855, 20220112100000)
 (4612., 4615., 4604., 4611.,  30176., 1965226, 20220112101500)
 (4614., 4619., 4602., 4612.,  37017., 1964851, 20220112104500)
 (4612., 4617., 4606., 4616.,  17901., 1966396, 20220112110000)
 (4616., 4620., 4609., 4619.,  25768., 1966538, 20220112111500)
 (4619., 4627., 4609., 4621.,  50600., 1968348, 20220112113000)
 (4624., 4626., 4613., 4622.,  43304., 1972358, 20220112134500)
 (4622., 4624., 4617., 4622.,  32540., 1972090, 20220112140000)
 (4621., 4628., 4603., 4616.,  62988., 1976395, 20220112141500)
 (4616., 4627., 4614., 4626.,  32904., 1980621, 20220112143000)
 (4625., 4629., 4620., 4627.,  25288., 1983752, 20220112144500)
 (4628., 4634., 4618., 4632.,  62656., 1984861, 20220112150000)]
2022-01-13 15:30:00  INFO  [(4632., 4650., 4632., 4645., 110582., 1976131, 20220112211500)
 (4645., 4686., 4645., 4677., 121479., 1983732, 20220112213000)
 (4677., 4689., 4674., 4684.,  77969., 1979647, 20220112214500)
 (4684., 4688., 4676., 4682.,  41345., 1976985, 20220112220000)
 (4683., 4694., 4681., 4693.,  46071., 1978410, 20220112221500)
 (4693., 4695., 4670., 4676.,  74162., 1973523, 20220112223000)
 (4676., 4689., 4669., 4686.,  47976., 1979234, 20220112224500)
 (4687., 4701., 4685., 4688.,  77099., 1977034, 20220112230000)
 (4687., 4698., 4676., 4684.,  66103., 1978810, 20220113091500)
 (4684., 4689., 4680., 4684.,  23425., 1981225, 20220113093000)
 (4684., 4697., 4679., 4697.,  25997., 1984955, 20220113094500)
 (4696., 4698., 4687., 4693.,  22952., 1987436, 20220113100000)
 (4693., 4696., 4685., 4690.,  24478., 1991717, 20220113101500)
 (4690., 4694., 4683., 4687.,  27830., 1995447, 20220113104500)
 (4686., 4687., 4678., 4682.,  28266., 1995911, 20220113110000)
 (4680., 4690., 4673., 4676.,  32641., 1994784, 20220113111500)
 (4675., 4677., 4649., 4652., 109344., 1983725, 20220113113000)
 (4647., 4654., 4636., 4648., 135352., 1981600, 20220113134500)
 (4648., 4662., 4640., 4643.,  64628., 1992010, 20220113140000)
 (4643., 4650., 4637., 4637.,  34790., 1997684, 20220113141500)
 (4638., 4651., 4629., 4650.,  62466., 1993802, 20220113143000)
 (4650., 4655., 4634., 4644.,  42324., 1994432, 20220113144500)
 (4645., 4645., 4631., 4633.,  74230., 1991671, 20220113150000)]
2022-01-14 15:30:00  INFO  [(4625., 4630., 4606., 4629., 197408., 1947903, 20220113211500)
 (4629., 4641., 4624., 4637.,  66930., 1947900, 20220113213000)
 (4637., 4657., 4637., 4656.,  68180., 1947992, 20220113214500)
 (4656., 4656., 4640., 4650.,  49354., 1943842, 20220113220000)
 (4650., 4674., 4647., 4669.,  81929., 1945242, 20220113221500)
 (4670., 4678., 4663., 4673.,  49237., 1946069, 20220113223000)
 (4674., 4678., 4666., 4673.,  25776., 1943305, 20220113224500)
 (4672., 4679., 4663., 4671.,  38082., 1938404, 20220113230000)
 (4664., 4672., 4647., 4655.,  67241., 1934442, 20220114091500)
 (4654., 4670., 4650., 4652.,  37915., 1932650, 20220114093000)
 (4652., 4660., 4648., 4659.,  27150., 1932474, 20220114094500)
 (4657., 4663., 4641., 4655.,  32483., 1931749, 20220114100000)
 (4656., 4669., 4653., 4654.,  34484., 1932145, 20220114101500)
 (4654., 4666., 4650., 4666.,  26426., 1936311, 20220114104500)
 (4666., 4667., 4656., 4663.,  20878., 1935172, 20220114110000)
 (4663., 4666., 4650., 4655.,  25185., 1936750, 20220114111500)
 (4653., 4660., 4630., 4645.,  86277., 1932115, 20220114113000)
 (4644., 4665., 4635., 4665.,  47244., 1940344, 20220114134500)
 (4665., 4665., 4643., 4643.,  30176., 1945769, 20220114140000)
 (4643., 4654., 4640., 4647.,  34036., 1949971, 20220114141500)
 (4647., 4658., 4647., 4648.,  23512., 1949232, 20220114143000)
 (4647., 4662., 4643., 4660.,  33425., 1948113, 20220114144500)
 (4659., 4665., 4651., 4664.,  49735., 1945448, 20220114150000)]
2022-01-17 15:30:00  INFO  [(4670., 4690., 4648., 4649., 194436., 1936732, 20220114211500)
 (4649., 4649., 4611., 4615., 180443., 1910681, 20220114213000)
 (4616., 4635., 4614., 4633.,  66165., 1907148, 20220114214500)
 (4632., 4637., 4614., 4614.,  52183., 1912032, 20220114220000)
 (4614., 4627., 4607., 4625.,  71942., 1916120, 20220114221500)
 (4625., 4626., 4614., 4617.,  21256., 1915516, 20220114223000)
 (4617., 4629., 4615., 4629.,  28548., 1913562, 20220114224500)
 (4628., 4631., 4583., 4613., 163836., 1884497, 20220114230000)
 (4601., 4615., 4559., 4559., 172097., 1881122, 20220117091500)
 (4559., 4576., 4552., 4573., 117325., 1883577, 20220117093000)
 (4572., 4589., 4564., 4586.,  59247., 1880652, 20220117094500)
 (4586., 4589., 4572., 4572.,  34767., 1886271, 20220117100000)
 (4573., 4581., 4542., 4551.,  98543., 1896326, 20220117101500)
 (4551., 4554., 4525., 4527., 110330., 1899863, 20220117104500)
 (4527., 4538., 4522., 4526.,  59674., 1901355, 20220117110000)
 (4526., 4534., 4520., 4524.,  57628., 1908068, 20220117111500)
 (4524., 4535., 4521., 4535.,  47927., 1912420, 20220117113000)
 (4535., 4544., 4530., 4532.,  45700., 1917099, 20220117134500)
 (4532., 4545., 4531., 4538.,  41746., 1922839, 20220117140000)
 (4537., 4542., 4530., 4531.,  20615., 1927736, 20220117141500)
 (4530., 4539., 4530., 4530.,  25754., 1931059, 20220117143000)
 (4530., 4544., 4528., 4542.,  37720., 1930424, 20220117144500)
 (4543., 4554., 4540., 4553.,  73848., 1927580, 20220117150000)]
2022-01-18 15:30:00  INFO  [(4547., 4561., 4537., 4553., 104040., 1912923, 20220117211500)
 (4553., 4572., 4548., 4568.,  50296., 1904867, 20220117213000)
 (4567., 4568., 4561., 4568.,  31925., 1904371, 20220117214500)
 (4568., 4570., 4563., 4563.,  24712., 1903708, 20220117220000)
 (4563., 4566., 4554., 4564.,  43080., 1895632, 20220117221500)
 (4565., 4569., 4561., 4562.,  15583., 1893515, 20220117223000)
 (4561., 4568., 4557., 4560.,  18696., 1890169, 20220117224500)
 (4560., 4563., 4555., 4560.,  23290., 1885520, 20220117230000)
 (4563., 4565., 4545., 4549.,  43897., 1883653, 20220118091500)
 (4549., 4575., 4547., 4571.,  62560., 1881283, 20220118093000)
 (4569., 4571., 4560., 4565.,  24353., 1876966, 20220118094500)
 (4566., 4567., 4541., 4549.,  42331., 1869232, 20220118100000)
 (4548., 4558., 4547., 4557.,  24306., 1865463, 20220118101500)
 (4558., 4578., 4553., 4574.,  47319., 1864193, 20220118104500)
 (4574., 4585., 4570., 4583.,  55185., 1863806, 20220118110000)
 (4584., 4592., 4567., 4575.,  59406., 1862805, 20220118111500)
 (4574., 4584., 4562., 4576.,  35415., 1863233, 20220118113000)
 (4576., 4599., 4574., 4592.,  85764., 1862777, 20220118134500)
 (4593., 4599., 4585., 4598.,  41273., 1868222, 20220118140000)
 (4598., 4607., 4595., 4603.,  61457., 1872086, 20220118141500)
 (4603., 4619., 4602., 4606.,  76419., 1880034, 20220118143000)
 (4606., 4611., 4598., 4603.,  38280., 1882327, 20220118144500)
 (4603., 4614., 4595., 4599.,  57038., 1873336, 20220118150000)]
2022-01-19 15:30:00  INFO  [(4630., 4682., 4627., 4676., 221691., 1850929, 20220118211500)
 (4676., 4686., 4668., 4678., 108083., 1849055, 20220118213000)
 (4680., 4710., 4678., 4699., 123242., 1857298, 20220118214500)
 (4699., 4704., 4691., 4704.,  58310., 1857911, 20220118220000)
 (4703., 4715., 4696., 4712.,  58390., 1864638, 20220118221500)
 (4713., 4725., 4712., 4718.,  73535., 1872509, 20220118223000)
 (4719., 4736., 4719., 4733.,  65715., 1880801, 20220118224500)
 (4733., 4737., 4708., 4716.,  71176., 1871838, 20220118230000)
 (4720., 4722., 4704., 4712.,  90326., 1875959, 20220119091500)
 (4712., 4744., 4711., 4730.,  83889., 1892529, 20220119093000)
 (4730., 4740., 4728., 4737.,  36962., 1900146, 20220119094500)
 (4737., 4741., 4724., 4729.,  41013., 1900157, 20220119100000)
 (4730., 4732., 4714., 4724.,  41570., 1900950, 20220119101500)
 (4725., 4730., 4712., 4713.,  39849., 1905119, 20220119104500)
 (4712., 4722., 4702., 4718.,  49481., 1908533, 20220119110000)
 (4719., 4720., 4707., 4709.,  22881., 1912758, 20220119111500)
 (4708., 4713., 4692., 4706.,  66027., 1909460, 20220119113000)
 (4700., 4703., 4669., 4675., 117155., 1908834, 20220119134500)
 (4675., 4693., 4674., 4689.,  62413., 1918432, 20220119140000)
 (4689., 4714., 4685., 4711.,  58336., 1923233, 20220119141500)
 (4711., 4719., 4702., 4713.,  37997., 1929847, 20220119143000)
 (4712., 4723., 4706., 4712.,  39340., 1933965, 20220119144500)
 (4712., 4717., 4697., 4713.,  49818., 1932904, 20220119150000)]
2022-01-20 15:30:00  INFO  [(4718., 4721., 4691., 4697., 136796., 1898938, 20220119211500)
 (4696., 4711., 4694., 4707.,  40635., 1892197, 20220119213000)
 (4707., 4719., 4701., 4711.,  39889., 1890383, 20220119214500)
 (4711., 4712., 4693., 4702.,  52255., 1884724, 20220119220000)
 (4701., 4713., 4696., 4711.,  30293., 1879081, 20220119221500)
 (4711., 4712., 4704., 4708.,  23070., 1877392, 20220119223000)
 (4708., 4710., 4700., 4703.,  31970., 1874202, 20220119224500)
 (4703., 4707., 4698., 4703.,  32425., 1864266, 20220119230000)
 (4701., 4708., 4693., 4698.,  52664., 1864341, 20220120091500)
 (4699., 4704., 4675., 4702.,  93598., 1857084, 20220120093000)
 (4702., 4712., 4698., 4704.,  42686., 1858679, 20220120094500)
 (4704., 4705., 4686., 4693.,  36713., 1860462, 20220120100000)
 (4692., 4695., 4678., 4691.,  50965., 1861749, 20220120101500)
 (4691., 4701., 4681., 4686.,  33006., 1861396, 20220120104500)
 (4687., 4703., 4683., 4701.,  26418., 1861075, 20220120110000)
 (4701., 4707., 4692., 4699.,  30271., 1865959, 20220120111500)
 (4699., 4712., 4696., 4697.,  42931., 1869112, 20220120113000)
 (4695., 4717., 4695., 4708.,  63478., 1866593, 20220120134500)
 (4709., 4716., 4702., 4709.,  30715., 1867808, 20220120140000)
 (4708., 4718., 4704., 4717.,  40286., 1874022, 20220120141500)
 (4717., 4734., 4717., 4727.,  82348., 1891078, 20220120143000)
 (4727., 4742., 4724., 4732.,  70867., 1905463, 20220120144500)
 (4731., 4731., 4710., 4713.,  85777., 1908425, 20220120150000)]
2022-01-21 15:30:00  INFO  [(4713., 4720., 4682., 4714., 127256., 1883691, 20220120211500)
 (4715., 4718., 4710., 4718.,  30710., 1878168, 20220120213000)
 (4718., 4722., 4713., 4717.,  32234., 1877647, 20220120214500)
 (4717., 4729., 4713., 4728.,  26804., 1874558, 20220120220000)
 (4728., 4750., 4728., 4742., 105742., 1874437, 20220120221500)
 (4742., 4748., 4737., 4747.,  32558., 1870235, 20220120223000)
 (4747., 4758., 4747., 4750.,  48290., 1868693, 20220120224500)
 (4749., 4758., 4738., 4746.,  53269., 1861105, 20220120230000)
 (4740., 4741., 4715., 4724.,  91931., 1859377, 20220121091500)
 (4725., 4734., 4715., 4718.,  38819., 1856815, 20220121093000)
 (4717., 4723., 4688., 4716., 113935., 1850525, 20220121094500)
 (4716., 4731., 4707., 4711.,  47937., 1851029, 20220121100000)
 (4711., 4734., 4710., 4724.,  44653., 1854936, 20220121101500)
 (4724., 4724., 4692., 4694.,  62255., 1854807, 20220121104500)
 (4694., 4700., 4681., 4689.,  83450., 1867562, 20220121110000)
 (4690., 4698., 4685., 4687.,  39373., 1865796, 20220121111500)
 (4687., 4705., 4680., 4705.,  60516., 1864869, 20220121113000)
 (4702., 4729., 4693., 4728.,  90644., 1872820, 20220121134500)
 (4729., 4731., 4717., 4722.,  37317., 1879014, 20220121140000)
 (4722., 4727., 4717., 4725.,  16486., 1879739, 20220121141500)
 (4725., 4729., 4718., 4726.,  20024., 1882461, 20220121143000)
 (4726., 4737., 4700., 4708.,  66311., 1885162, 20220121144500)
 (4708., 4716., 4703., 4711.,  47856., 1882937, 20220121150000)]
2022-01-24 15:30:00  INFO  [(4720., 4725., 4690., 4700.,  86554., 1872678, 20220121211500)
 (4701., 4714., 4696., 4712.,  34542., 1866128, 20220121213000)
 (4711., 4735., 4711., 4730.,  77866., 1855429, 20220121214500)
 (4730., 4734., 4718., 4724.,  28202., 1849315, 20220121220000)
 (4724., 4734., 4719., 4720.,  29002., 1846375, 20220121221500)
 (4720., 4735., 4710., 4735.,  49133., 1844207, 20220121223000)
 (4735., 4740., 4721., 4725.,  42116., 1841519, 20220121224500)
 (4724., 4733., 4721., 4729.,  30755., 1837503, 20220121230000)
 (4746., 4786., 4746., 4761., 191833., 1828086, 20220124091500)
 (4761., 4764., 4700., 4705., 175321., 1831494, 20220124093000)
 (4706., 4713., 4695., 4705.,  82119., 1837347, 20220124094500)
 (4705., 4712., 4699., 4704.,  38459., 1833219, 20220124100000)
 (4703., 4712., 4691., 4693.,  51453., 1837298, 20220124101500)
 (4692., 4700., 4690., 4694.,  43808., 1836479, 20220124104500)
 (4694., 4703., 4665., 4680., 109439., 1833437, 20220124110000)
 (4680., 4702., 4678., 4697.,  41043., 1834573, 20220124111500)
 (4698., 4708., 4693., 4703.,  33361., 1836395, 20220124113000)
 (4703., 4733., 4703., 4723., 100102., 1843499, 20220124134500)
 (4723., 4729., 4718., 4726.,  28465., 1848158, 20220124140000)
 (4727., 4728., 4711., 4717.,  28349., 1850858, 20220124141500)
 (4715., 4718., 4670., 4673., 113681., 1868474, 20220124143000)
 (4673., 4688., 4660., 4680.,  67525., 1876504, 20220124144500)
 (4680., 4680., 4653., 4665.,  91260., 1877729, 20220124150000)]
2022-01-25 15:30:00  INFO  [(4660., 4681., 4650., 4655., 125670., 1856214, 20220124211500)
 (4654., 4675., 4650., 4666.,  46700., 1846425, 20220124213000)
 (4666., 4678., 4662., 4666.,  33654., 1842257, 20220124214500)
 (4666., 4671., 4655., 4656.,  29152., 1839954, 20220124220000)
 (4656., 4658., 4632., 4642., 101557., 1823755, 20220124221500)
 (4643., 4669., 4638., 4642.,  73741., 1814082, 20220124223000)
 (4642., 4654., 4635., 4650.,  36402., 1811585, 20220124224500)
 (4651., 4655., 4639., 4645.,  26632., 1804695, 20220124230000)
 (4650., 4664., 4630., 4656.,  93449., 1795334, 20220125091500)
 (4655., 4670., 4653., 4668.,  52301., 1787188, 20220125093000)
 (4668., 4680., 4663., 4680.,  42379., 1785038, 20220125094500)
 (4678., 4686., 4670., 4683.,  45156., 1787477, 20220125100000)
 (4684., 4695., 4678., 4685.,  54849., 1783671, 20220125101500)
 (4686., 4690., 4675., 4683.,  27252., 1780991, 20220125104500)
 (4683., 4698., 4679., 4694.,  31182., 1776580, 20220125110000)
 (4694., 4695., 4677., 4686.,  32257., 1780125, 20220125111500)
 (4687., 4709., 4687., 4707.,  69744., 1780999, 20220125113000)
 (4706., 4720., 4697., 4717.,  79167., 1787133, 20220125134500)
 (4717., 4725., 4709., 4718.,  47183., 1789611, 20220125140000)
 (4719., 4720., 4713., 4716.,  25105., 1788922, 20220125141500)
 (4716., 4720., 4711., 4714.,  28308., 1791883, 20220125143000)
 (4714., 4730., 4711., 4720.,  63368., 1787919, 20220125144500)
 (4720., 4728., 4718., 4722.,  47658., 1785229, 20220125150000)]
2022-01-26 15:30:00  INFO  [(4722., 4738., 4714., 4733.,  99348., 1770438, 20220125211500)
 (4733., 4740., 4724., 4727.,  47110., 1765228, 20220125213000)
 (4727., 4733., 4722., 4727.,  27090., 1764741, 20220125214500)
 (4726., 4727., 4713., 4725.,  36427., 1760220, 20220125220000)
 (4725., 4727., 4718., 4722.,  22753., 1759028, 20220125221500)
 (4723., 4725., 4711., 4720.,  22541., 1756475, 20220125223000)
 (4720., 4722., 4696., 4700.,  45759., 1748485, 20220125224500)
 (4700., 4711., 4652., 4654.,  94937., 1727719, 20220125230000)
 (4662., 4676., 4651., 4668., 130278., 1721534, 20220126091500)
 (4668., 4671., 4650., 4656.,  61820., 1722983, 20220126093000)
 (4655., 4662., 4635., 4656.,  86082., 1724901, 20220126094500)
 (4656., 4671., 4654., 4664.,  44195., 1727363, 20220126100000)
 (4662., 4680., 4657., 4676.,  39016., 1728509, 20220126101500)
 (4675., 4681., 4671., 4674.,  28071., 1731029, 20220126104500)
 (4674., 4703., 4674., 4697.,  71901., 1726656, 20220126110000)
 (4696., 4700., 4681., 4686.,  43872., 1726690, 20220126111500)
 (4686., 4694., 4664., 4664.,  42057., 1733605, 20220126113000)
 (4663., 4686., 4655., 4667.,  59810., 1745038, 20220126134500)
 (4667., 4680., 4660., 4678.,  30645., 1751034, 20220126140000)
 (4677., 4698., 4677., 4697.,  58675., 1757482, 20220126141500)
 (4697., 4699., 4688., 4697.,  30702., 1761493, 20220126143000)
 (4696., 4711., 4691., 4691.,  62469., 1767979, 20220126144500)
 (4691., 4708., 4691., 4694.,  51723., 1766393, 20220126150000)]
2022-01-27 15:30:00  INFO  [(4697., 4707., 4664., 4665., 104119., 1738742, 20220126211500)
 (4665., 4675., 4658., 4666.,  76980., 1726932, 20220126213000)
 (4667., 4682., 4665., 4681.,  32696., 1720423, 20220126214500)
 (4681., 4694., 4672., 4673.,  49547., 1712830, 20220126220000)
 (4674., 4682., 4672., 4679.,  20221., 1711530, 20220126221500)
 (4680., 4683., 4674., 4677.,  14907., 1710391, 20220126223000)
 (4677., 4683., 4664., 4672.,  25500., 1708558, 20220126224500)
 (4671., 4689., 4670., 4688.,  34532., 1694567, 20220126230000)
 (4686., 4686., 4670., 4685.,  40583., 1687591, 20220127091500)
 (4686., 4691., 4679., 4685.,  20230., 1683997, 20220127093000)
 (4687., 4698., 4675., 4676.,  38567., 1680409, 20220127094500)
 (4676., 4684., 4671., 4673.,  28378., 1680779, 20220127100000)
 (4673., 4677., 4655., 4660.,  74632., 1690415, 20220127101500)
 (4658., 4680., 4654., 4676.,  37800., 1686658, 20220127104500)
 (4676., 4680., 4669., 4669.,  20578., 1683388, 20220127110000)
 (4669., 4688., 4667., 4678.,  27438., 1682527, 20220127111500)
 (4679., 4730., 4676., 4727., 116684., 1674236, 20220127113000)
 (4730., 4757., 4724., 4732., 191084., 1703184, 20220127134500)
 (4732., 4750., 4732., 4744.,  48446., 1711453, 20220127140000)
 (4744., 4747., 4731., 4734.,  41215., 1722859, 20220127141500)
 (4735., 4741., 4717., 4720.,  48302., 1723473, 20220127143000)
 (4720., 4724., 4676., 4689., 153270., 1728517, 20220127144500)
 (4688., 4688., 4670., 4673.,  80172., 1727529, 20220127150000)]
2022-01-28 15:30:00  INFO  [(4691., 4765., 4681., 4764., 205611., 1680050, 20220127211500)
 (4764., 4776., 4754., 4758., 125121., 1678825, 20220127213000)
 (4757., 4773., 4757., 4769.,  41549., 1677428, 20220127214500)
 (4769., 4772., 4742., 4745.,  59952., 1670313, 20220127220000)
 (4745., 4764., 4744., 4759.,  34255., 1665997, 20220127221500)
 (4759., 4762., 4751., 4759.,  18290., 1666677, 20220127223000)
 (4759., 4770., 4753., 4769.,  17621., 1664614, 20220127224500)
 (4769., 4777., 4756., 4759.,  42059., 1661550, 20220127230000)
 (4762., 4769., 4750., 4753.,  41012., 1662223, 20220128091500)
 (4753., 4763., 4748., 4762.,  27055., 1661541, 20220128093000)
 (4763., 4766., 4746., 4756.,  22999., 1661627, 20220128094500)
 (4756., 4780., 4754., 4778.,  38638., 1664718, 20220128100000)
 (4779., 4779., 4765., 4771.,  26219., 1665300, 20220128101500)
 (4771., 4772., 4737., 4740.,  57142., 1657709, 20220128104500)
 (4739., 4771., 4739., 4770.,  34565., 1660085, 20220128110000)
 (4769., 4785., 4765., 4781.,  59990., 1674523, 20220128111500)
 (4780., 4788., 4766., 4780.,  37667., 1677096, 20220128113000)
 (4787., 4794., 4778., 4790.,  44022., 1678717, 20220128134500)
 (4791., 4796., 4784., 4795.,  27787., 1680773, 20220128140000)
 (4796., 4796., 4761., 4783.,  54624., 1677672, 20220128141500)
 (4783., 4794., 4769., 4772.,  42904., 1683102, 20220128143000)
 (4772., 4791., 4770., 4789.,  32970., 1681765, 20220128144500)
 (4789., 4830., 4779., 4829., 117954., 1675744, 20220128150000)]
2022-02-07 15:30:00  INFO  [(4769., 4785., 4765., 4781.,  59990., 1674523, 20220128111500)
 (4780., 4788., 4766., 4780.,  37667., 1677096, 20220128113000)
 (4787., 4794., 4778., 4790.,  44022., 1678717, 20220128134500)
 (4791., 4796., 4784., 4795.,  27787., 1680773, 20220128140000)
 (4796., 4796., 4761., 4783.,  54624., 1677672, 20220128141500)
 (4783., 4794., 4769., 4772.,  42904., 1683102, 20220128143000)
 (4772., 4791., 4770., 4789.,  32970., 1681765, 20220128144500)
 (4789., 4830., 4779., 4829., 117954., 1675744, 20220128150000)
 (4875., 4877., 4801., 4817., 197421., 1665781, 20220207091500)
 (4817., 4831., 4803., 4803.,  68937., 1665447, 20220207093000)
 (4803., 4838., 4803., 4829.,  47898., 1664418, 20220207094500)
 (4830., 4837., 4813., 4824.,  42436., 1661303, 20220207100000)
 (4825., 4835., 4818., 4830.,  30357., 1660849, 20220207101500)
 (4830., 4850., 4824., 4849.,  37962., 1662899, 20220207104500)
 (4849., 4853., 4834., 4851.,  28966., 1664884, 20220207110000)
 (4850., 4851., 4840., 4849.,  16520., 1666858, 20220207111500)
 (4849., 4879., 4844., 4868.,  49656., 1671321, 20220207113000)
 (4869., 4875., 4856., 4867.,  41296., 1672954, 20220207134500)
 (4867., 4867., 4856., 4857.,  18613., 1672386, 20220207140000)
 (4857., 4862., 4834., 4835.,  50304., 1675564, 20220207141500)
 (4835., 4843., 4827., 4832.,  33533., 1677171, 20220207143000)
 (4831., 4833., 4819., 4823.,  37263., 1679997, 20220207144500)
 (4822., 4853., 4820., 4847.,  43593., 1680665, 20220207150000)]
2022-02-08 15:30:00  INFO  [(4839., 4882., 4839., 4879., 108792., 1691329, 20220207211500)
 (4879., 4885., 4872., 4879.,  45076., 1690949, 20220207213000)
 (4880., 4894., 4877., 4891.,  43298., 1697072, 20220207214500)
 (4891., 4907., 4886., 4905.,  48485., 1702649, 20220207220000)
 (4905., 4916., 4896., 4913.,  44376., 1710133, 20220207221500)
 (4913., 4915., 4902., 4903.,  30451., 1712125, 20220207223000)
 (4903., 4910., 4889., 4895.,  39185., 1710291, 20220207224500)
 (4895., 4906., 4883., 4900.,  39247., 1704277, 20220207230000)
 (4900., 4910., 4887., 4896.,  58090., 1714167, 20220208091500)
 (4897., 4897., 4877., 4886.,  43450., 1714823, 20220208093000)
 (4884., 4892., 4882., 4891.,  27328., 1718141, 20220208094500)
 (4891., 4906., 4881., 4903.,  34151., 1713223, 20220208100000)
 (4904., 4928., 4900., 4927.,  67784., 1726527, 20220208101500)
 (4926., 4938., 4915., 4917.,  83495., 1728457, 20220208104500)
 (4917., 4932., 4911., 4930.,  44832., 1723638, 20220208110000)
 (4929., 4940., 4923., 4938.,  39114., 1726849, 20220208111500)
 (4939., 4940., 4922., 4928.,  35832., 1731694, 20220208113000)
 (4928., 4937., 4917., 4931.,  40295., 1735999, 20220208134500)
 (4931., 4944., 4928., 4937.,  34505., 1743962, 20220208140000)
 (4939., 4946., 4925., 4930.,  48005., 1749384, 20220208141500)
 (4930., 4931., 4893., 4906.,  97068., 1741674, 20220208143000)
 (4906., 4923., 4903., 4916.,  57180., 1750154, 20220208144500)
 (4915., 4926., 4890., 4912.,  76200., 1749557, 20220208150000)]
2022-02-09 15:30:00  INFO  [(4900., 4917., 4867., 4917., 163150., 1716178, 20220208211500)
 (4917., 4926., 4907., 4924.,  55331., 1719157, 20220208213000)
 (4925., 4935., 4922., 4923.,  56378., 1716993, 20220208214500)
 (4922., 4930., 4912., 4920.,  36616., 1715211, 20220208220000)
 (4920., 4926., 4906., 4911.,  36744., 1715436, 20220208221500)
 (4911., 4926., 4908., 4910.,  33991., 1716328, 20220208223000)
 (4910., 4919., 4910., 4915.,  17134., 1715878, 20220208224500)
 (4915., 4915., 4896., 4910.,  47661., 1709002, 20220208230000)
 (4911., 4925., 4888., 4889.,  59530., 1712255, 20220209091500)
 (4890., 4891., 4864., 4875., 126506., 1710622, 20220209093000)
 (4874., 4883., 4863., 4879.,  54906., 1714972, 20220209094500)
 (4880., 4883., 4860., 4860.,  41390., 1720511, 20220209100000)
 (4859., 4872., 4845., 4866.,  90037., 1720843, 20220209101500)
 (4866., 4886., 4861., 4880.,  53069., 1724092, 20220209104500)
 (4880., 4891., 4867., 4869.,  40930., 1726858, 20220209110000)
 (4869., 4883., 4869., 4877.,  17990., 1728822, 20220209111500)
 (4877., 4895., 4875., 4876.,  44532., 1734882, 20220209113000)
 (4876., 4879., 4860., 4866.,  57744., 1745286, 20220209134500)
 (4866., 4880., 4855., 4874.,  57859., 1761144, 20220209140000)
 (4873., 4882., 4866., 4869.,  42489., 1770008, 20220209141500)
 (4869., 4874., 4865., 4871.,  14805., 1773176, 20220209143000)
 (4871., 4878., 4852., 4860.,  39205., 1781062, 20220209144500)
 (4860., 4861., 4825., 4843., 136244., 1785924, 20220209150000)]
2022-02-10 15:30:00  INFO  [(4850., 4884., 4838., 4877., 158987., 1764164, 20220209211500)
 (4877., 4895., 4877., 4892.,  80970., 1762152, 20220209213000)
 (4893., 4918., 4886., 4915., 115550., 1771203, 20220209214500)
 (4916., 4918., 4889., 4891.,  79753., 1770432, 20220209220000)
 (4890., 4900., 4879., 4880.,  67557., 1764975, 20220209221500)
 (4881., 4888., 4868., 4876.,  60051., 1769476, 20220209223000)
 (4876., 4885., 4869., 4885.,  28249., 1770132, 20220209224500)
 (4884., 4892., 4878., 4883.,  30431., 1769632, 20220209230000)
 (4890., 4900., 4874., 4882.,  70162., 1774973, 20220210091500)
 (4882., 4887., 4875., 4885.,  20556., 1777358, 20220210093000)
 (4885., 4897., 4882., 4897.,  21230., 1779228, 20220210094500)
 (4897., 4907., 4883., 4907.,  43696., 1781321, 20220210100000)
 (4909., 4909., 4881., 4888.,  36953., 1782093, 20220210101500)
 (4889., 4900., 4885., 4898.,  21203., 1781646, 20220210104500)
 (4899., 4914., 4896., 4911.,  41836., 1790273, 20220210110000)
 (4910., 4912., 4895., 4902.,  28055., 1794394, 20220210111500)
 (4902., 4910., 4891., 4909.,  33323., 1796674, 20220210113000)
 (4915., 4938., 4915., 4933., 131002., 1823374, 20220210134500)
 (4933., 4966., 4932., 4961., 111086., 1851997, 20220210140000)
 (4960., 4967., 4951., 4961.,  72823., 1862419, 20220210141500)
 (4961., 4962., 4945., 4948.,  42673., 1867168, 20220210143000)
 (4948., 4956., 4947., 4955.,  31267., 1871753, 20220210144500)
 (4955., 4960., 4934., 4955.,  67173., 1867561, 20220210150000)]
2022-02-11 15:30:00  INFO  [(4990., 5034., 4988., 5024., 217828., 1858960, 20220210211500)
 (5024., 5030., 4995., 5001.,  86940., 1850592, 20220210213000)
 (5000., 5014., 4993., 5012.,  60084., 1849732, 20220210214500)
 (5013., 5015., 5001., 5010.,  22153., 1850878, 20220210220000)
 (5010., 5015., 4998., 5012.,  27309., 1849992, 20220210221500)
 (5011., 5012., 4996., 5000.,  27618., 1850452, 20220210223000)
 (4998., 5012., 4997., 5009.,  24236., 1851575, 20220210224500)
 (5009., 5017., 5002., 5003.,  30542., 1845985, 20220210230000)
 (4995., 4999., 4972., 4978., 117473., 1848578, 20220211091500)
 (4977., 4980., 4963., 4971.,  69452., 1850279, 20220211093000)
 (4971., 4991., 4963., 4984.,  46707., 1849624, 20220211094500)
 (4985., 4987., 4963., 4985.,  57878., 1855491, 20220211100000)
 (4985., 5004., 4985., 4992.,  57138., 1858831, 20220211101500)
 (4989., 5000., 4989., 4998.,  23388., 1861182, 20220211104500)
 (4998., 4999., 4990., 4993.,  16611., 1863470, 20220211110000)
 (4993., 4997., 4965., 4967.,  58093., 1868460, 20220211111500)
 (4967., 4984., 4956., 4980.,  77970., 1874003, 20220211113000)
 (4976., 5000., 4962., 4993.,  94577., 1896983, 20220211134500)
 (4993., 5008., 4990., 4993.,  55640., 1909636, 20220211140000)
 (4993., 4995., 4978., 4984.,  38245., 1910834, 20220211141500)
 (4984., 4987., 4964., 4972.,  57203., 1911437, 20220211143000)
 (4972., 4976., 4959., 4963.,  45689., 1912174, 20220211144500)
 (4964., 4975., 4902., 4905., 157565., 1895139, 20220211150000)]
2022-02-14 15:30:00  INFO  [(4900., 4901., 4871., 4890., 224556., 1857339, 20220211211500)
 (4889., 4895., 4870., 4874.,  73928., 1857381, 20220211213000)
 (4874., 4878., 4855., 4868.,  95191., 1856533, 20220211214500)
 (4867., 4872., 4830., 4851., 129936., 1845220, 20220211220000)
 (4852., 4882., 4847., 4858., 102819., 1848766, 20220211221500)
 (4859., 4877., 4857., 4868.,  39803., 1849944, 20220211223000)
 (4869., 4895., 4868., 4882.,  71527., 1852254, 20220211224500)
 (4882., 4890., 4848., 4850., 108967., 1836641, 20220211230000)
 (4845., 4889., 4845., 4866., 170662., 1829826, 20220214091500)
 (4866., 4882., 4863., 4868.,  51608., 1828326, 20220214093000)
 (4867., 4880., 4866., 4874.,  25874., 1828633, 20220214094500)
 (4874., 4895., 4874., 4893.,  50950., 1830045, 20220214100000)
 (4893., 4900., 4884., 4898.,  43014., 1835079, 20220214101500)
 (4899., 4910., 4889., 4902.,  51340., 1841714, 20220214104500)
 (4902., 4909., 4895., 4909.,  21415., 1844344, 20220214110000)
 (4909., 4909., 4884., 4886.,  34840., 1846792, 20220214111500)
 (4885., 4895., 4868., 4871.,  44439., 1852917, 20220214113000)
 (4870., 4874., 4849., 4863.,  88611., 1861995, 20220214134500)
 (4863., 4871., 4852., 4859.,  39438., 1869175, 20220214140000)
 (4859., 4867., 4850., 4851.,  35884., 1873956, 20220214141500)
 (4851., 4857., 4820., 4836., 117706., 1879430, 20220214143000)
 (4835., 4841., 4800., 4812., 132844., 1882424, 20220214144500)
 (4812., 4833., 4791., 4817., 119412., 1888817, 20220214150000)]
2022-02-15 15:30:00  INFO  [(4805., 4816., 4777., 4777., 176899., 1857885, 20220214211500)
 (4776., 4787., 4763., 4783., 122346., 1839774, 20220214213000)
 (4784., 4784., 4763., 4765.,  60149., 1835843, 20220214214500)
 (4764., 4793., 4762., 4790.,  64506., 1828684, 20220214220000)
 (4790., 4795., 4778., 4781.,  40131., 1826081, 20220214221500)
 (4781., 4794., 4779., 4788.,  23091., 1823867, 20220214223000)
 (4789., 4794., 4765., 4782.,  51452., 1829393, 20220214224500)
 (4780., 4787., 4770., 4772.,  27718., 1823296, 20220214230000)
 (4770., 4787., 4765., 4767.,  66938., 1828079, 20220215091500)
 (4768., 4773., 4750., 4760.,  94514., 1828948, 20220215093000)
 (4758., 4763., 4733., 4735.,  95162., 1840785, 20220215094500)
 (4735., 4757., 4732., 4752.,  60826., 1838340, 20220215100000)
 (4750., 4768., 4743., 4753.,  47333., 1840583, 20220215101500)
 (4753., 4775., 4750., 4775.,  42334., 1843823, 20220215104500)
 (4775., 4795., 4774., 4794.,  84582., 1850809, 20220215110000)
 (4794., 4795., 4747., 4754.,  72618., 1855334, 20220215111500)
 (4755., 4760., 4712., 4739., 205698., 1855108, 20220215113000)
 (4724., 4724., 4666., 4712., 343087., 1881932, 20220215134500)
 (4712., 4725., 4685., 4687., 128735., 1909064, 20220215140000)
 (4687., 4705., 4682., 4691.,  72513., 1912605, 20220215141500)
 (4692., 4713., 4688., 4703.,  52512., 1915769, 20220215143000)
 (4704., 4731., 4703., 4718.,  76102., 1918112, 20220215144500)
 (4718., 4741., 4717., 4728., 115265., 1921187, 20220215150000)]
2022-02-16 15:30:00  INFO  [(4745., 4788., 4742., 4771., 228932., 1876819, 20220215211500)
 (4771., 4777., 4751., 4756.,  67277., 1870793, 20220215213000)
 (4756., 4759., 4731., 4733.,  81480., 1863640, 20220215214500)
 (4733., 4749., 4725., 4745.,  67332., 1858681, 20220215220000)
 (4745., 4763., 4739., 4740.,  69570., 1860806, 20220215221500)
 (4741., 4753., 4740., 4748.,  21839., 1861573, 20220215223000)
 (4749., 4751., 4730., 4744.,  34664., 1859004, 20220215224500)
 (4744., 4752., 4736., 4752.,  33994., 1850999, 20220215230000)
 (4754., 4769., 4752., 4762.,  66308., 1845191, 20220216091500)
 (4762., 4780., 4761., 4766.,  75879., 1841356, 20220216093000)
 (4764., 4771., 4759., 4764.,  27323., 1842557, 20220216094500)
 (4764., 4790., 4757., 4788.,  80651., 1840052, 20220216100000)
 (4788., 4798., 4778., 4792.,  61738., 1838775, 20220216101500)
 (4793., 4795., 4773., 4777.,  41335., 1839816, 20220216104500)
 (4777., 4798., 4777., 4794.,  38482., 1840139, 20220216110000)
 (4794., 4798., 4788., 4794.,  22812., 1842458, 20220216111500)
 (4793., 4808., 4790., 4796.,  60803., 1841482, 20220216113000)
 (4795., 4831., 4795., 4822., 140149., 1856974, 20220216134500)
 (4822., 4828., 4807., 4813.,  59434., 1858781, 20220216140000)
 (4812., 4828., 4812., 4822.,  55617., 1865309, 20220216141500)
 (4823., 4831., 4812., 4823.,  56941., 1866915, 20220216143000)
 (4823., 4830., 4822., 4823.,  23211., 1871594, 20220216144500)
 (4823., 4834., 4806., 4832.,  81864., 1874486, 20220216150000)]
2022-02-17 15:30:00  INFO  [(4835., 4842., 4785., 4788., 186406., 1849982, 20220216211500)
 (4788., 4815., 4786., 4807.,  79225., 1844180, 20220216213000)
 (4807., 4810., 4792., 4794.,  33631., 1846034, 20220216214500)
 (4793., 4800., 4776., 4778.,  64565., 1843334, 20220216220000)
 (4778., 4778., 4755., 4767., 152409., 1843925, 20220216221500)
 (4767., 4789., 4764., 4770.,  73957., 1843083, 20220216223000)
 (4770., 4776., 4746., 4748., 102330., 1856974, 20220216224500)
 (4748., 4762., 4739., 4760.,  77194., 1859098, 20220216230000)
 (4753., 4774., 4746., 4757.,  84464., 1863496, 20220217091500)
 (4757., 4772., 4750., 4767.,  35465., 1864224, 20220217093000)
 (4767., 4769., 4747., 4752.,  45993., 1870491, 20220217094500)
 (4752., 4763., 4749., 4753.,  31942., 1877122, 20220217100000)
 (4753., 4753., 4706., 4715., 162044., 1885742, 20220217101500)
 (4715., 4721., 4704., 4710.,  75316., 1894884, 20220217104500)
 (4710., 4737., 4700., 4722.,  92654., 1901748, 20220217110000)
 (4722., 4745., 4716., 4718.,  66528., 1917788, 20220217111500)
 (4719., 4746., 4717., 4734.,  54797., 1926228, 20220217113000)
 (4730., 4752., 4717., 4717.,  91637., 1935390, 20220217134500)
 (4718., 4722., 4704., 4710.,  76681., 1943565, 20220217140000)
 (4710., 4725., 4691., 4718., 128999., 1950450, 20220217141500)
 (4718., 4759., 4717., 4751., 118424., 1951772, 20220217143000)
 (4751., 4753., 4686., 4690., 168088., 1953341, 20220217144500)
 (4690., 4708., 4684., 4686., 129798., 1962220, 20220217150000)]
2022-02-18 15:30:00  INFO  [(4666., 4696., 4659., 4689., 218089., 1933759, 20220217211500)
 (4687., 4702., 4675., 4682.,  88280., 1924174, 20220217213000)
 (4682., 4708., 4679., 4705.,  71000., 1922824, 20220217214500)
 (4705., 4720., 4695., 4704.,  84662., 1912218, 20220217220000)
 (4704., 4714., 4694., 4701.,  50402., 1904220, 20220217221500)
 (4700., 4708., 4688., 4692.,  41363., 1903291, 20220217223000)
 (4692., 4702., 4686., 4694.,  35095., 1898323, 20220217224500)
 (4693., 4705., 4684., 4700.,  38613., 1888455, 20220217230000)
 (4700., 4726., 4695., 4722.,  91493., 1886783, 20220218091500)
 (4723., 4733., 4714., 4731.,  59039., 1888258, 20220218093000)
 (4732., 4735., 4716., 4726.,  62632., 1906853, 20220218094500)
 (4727., 4739., 4726., 4734.,  48030., 1906720, 20220218100000)
 (4735., 4755., 4726., 4750.,  76867., 1906549, 20220218101500)
 (4750., 4760., 4740., 4748.,  69703., 1907900, 20220218104500)
 (4749., 4764., 4748., 4760.,  51801., 1907871, 20220218110000)
 (4760., 4770., 4751., 4770.,  55118., 1906627, 20220218111500)
 (4769., 4798., 4761., 4778., 140745., 1903411, 20220218113000)
 (4778., 4793., 4772., 4784.,  62614., 1909485, 20220218134500)
 (4783., 4785., 4760., 4761.,  50795., 1916348, 20220218140000)
 (4763., 4792., 4761., 4787.,  54308., 1918858, 20220218141500)
 (4787., 4790., 4777., 4777.,  38813., 1925871, 20220218143000)
 (4777., 4785., 4772., 4776.,  28893., 1931371, 20220218144500)
 (4776., 4784., 4768., 4779.,  59748., 1929520, 20220218150000)]
2022-02-21 15:30:00  INFO  [(4785., 4800., 4771., 4773., 141669., 1901489, 20220218211500)
 (4772., 4777., 4755., 4770.,  82033., 1893325, 20220218213000)
 (4769., 4773., 4760., 4764.,  31244., 1890704, 20220218214500)
 (4764., 4795., 4760., 4789.,  69023., 1879941, 20220218220000)
 (4789., 4791., 4780., 4785.,  28796., 1881188, 20220218221500)
 (4785., 4799., 4781., 4798.,  40669., 1878337, 20220218223000)
 (4798., 4812., 4792., 4801.,  72962., 1876400, 20220218224500)
 (4801., 4814., 4797., 4811.,  59190., 1869721, 20220218230000)
 (4809., 4810., 4766., 4776., 188779., 1883585, 20220221091500)
 (4775., 4781., 4765., 4766.,  59161., 1892568, 20220221093000)
 (4765., 4802., 4763., 4793.,  82764., 1890021, 20220221094500)
 (4792., 4800., 4787., 4795.,  37997., 1896867, 20220221100000)
 (4795., 4798., 4768., 4773.,  48733., 1908055, 20220221101500)
 (4774., 4777., 4751., 4761.,  94063., 1926233, 20220221104500)
 (4761., 4775., 4756., 4775.,  44851., 1927434, 20220221110000)
 (4775., 4775., 4760., 4765.,  30400., 1931542, 20220221111500)
 (4765., 4792., 4765., 4784.,  61142., 1931639, 20220221113000)
 (4788., 4788., 4766., 4783.,  43155., 1939914, 20220221134500)
 (4783., 4802., 4776., 4795.,  66901., 1941954, 20220221140000)
 (4794., 4796., 4784., 4792.,  22159., 1945188, 20220221141500)
 (4790., 4793., 4771., 4773.,  35873., 1949622, 20220221143000)
 (4773., 4802., 4772., 4802.,  72367., 1951792, 20220221144500)
 (4800., 4848., 4796., 4845., 213463., 1978620, 20220221150000)]
2022-02-22 15:30:00  INFO  [(4845., 4874., 4836., 4869., 193658., 1958984, 20220221211500)
 (4869., 4880., 4859., 4877., 100289., 1946942, 20220221213000)
 (4877., 4883., 4866., 4871.,  54048., 1944528, 20220221214500)
 (4870., 4874., 4862., 4868.,  40911., 1946151, 20220221220000)
 (4869., 4873., 4862., 4868.,  26383., 1944521, 20220221221500)
 (4868., 4877., 4863., 4864.,  29059., 1940062, 20220221223000)
 (4864., 4874., 4855., 4867.,  37976., 1935778, 20220221224500)
 (4867., 4872., 4855., 4859.,  50878., 1933026, 20220221230000)
 (4860., 4865., 4842., 4847.,  91107., 1928270, 20220222091500)
 (4846., 4859., 4845., 4859.,  34718., 1928743, 20220222093000)
 (4858., 4873., 4856., 4870.,  49418., 1927859, 20220222094500)
 (4869., 4873., 4847., 4850.,  41752., 1931592, 20220222100000)
 (4851., 4860., 4848., 4850.,  25713., 1934976, 20220222101500)
 (4849., 4862., 4846., 4848.,  37039., 1938104, 20220222104500)
 (4849., 4853., 4833., 4837.,  67513., 1948432, 20220222110000)
 (4838., 4844., 4818., 4820.,  86995., 1954413, 20220222111500)
 (4820., 4824., 4785., 4786., 131991., 1944558, 20220222113000)
 (4788., 4816., 4785., 4811., 117824., 1951450, 20220222134500)
 (4811., 4823., 4804., 4806.,  48600., 1952447, 20220222140000)
 (4806., 4821., 4804., 4815.,  31874., 1955330, 20220222141500)
 (4814., 4823., 4766., 4768., 105590., 1951646, 20220222143000)
 (4769., 4776., 4740., 4744., 203808., 1961177, 20220222144500)
 (4745., 4758., 4723., 4734., 158904., 1980665, 20220222150000)]
2022-02-23 15:30:00  INFO  [(4735., 4766., 4732., 4761., 155967., 1964261, 20220222211500)
 (4762., 4772., 4745., 4749.,  77015., 1954370, 20220222213000)
 (4750., 4768., 4748., 4762.,  39807., 1947358, 20220222214500)
 (4763., 4771., 4755., 4758.,  36536., 1945613, 20220222220000)
 (4759., 4767., 4755., 4760.,  21139., 1941231, 20220222221500)
 (4760., 4777., 4759., 4767.,  40697., 1932657, 20220222223000)
 (4767., 4770., 4758., 4761.,  23765., 1925164, 20220222224500)
 (4762., 4762., 4738., 4755.,  68670., 1914558, 20220222230000)
 (4754., 4782., 4747., 4779.,  83600., 1905953, 20220223091500)
 (4779., 4785., 4761., 4762.,  56070., 1906512, 20220223093000)
 (4762., 4770., 4744., 4752.,  61444., 1909662, 20220223094500)
 (4752., 4758., 4742., 4750.,  38912., 1912197, 20220223100000)
 (4750., 4783., 4748., 4766.,  90783., 1907521, 20220223101500)
 (4765., 4786., 4756., 4783.,  86183., 1904912, 20220223104500)
 (4784., 4794., 4777., 4787.,  71811., 1908990, 20220223110000)
 (4787., 4790., 4770., 4778.,  40272., 1909556, 20220223111500)
 (4778., 4791., 4773., 4781.,  37057., 1914081, 20220223113000)
 (4783., 4806., 4776., 4806.,  80164., 1921490, 20220223134500)
 (4806., 4818., 4800., 4817.,  82284., 1931124, 20220223140000)
 (4816., 4818., 4803., 4812.,  48114., 1935453, 20220223141500)
 (4810., 4816., 4787., 4790.,  58517., 1944272, 20220223143000)
 (4790., 4815., 4771., 4802., 134366., 1962636, 20220223144500)
 (4802., 4809., 4781., 4786.,  73679., 1966677, 20220223150000)]
2022-02-24 15:30:00  INFO  [(4788., 4808., 4762., 4797., 150062., 1928979, 20220223211500)
 (4797., 4801., 4775., 4777.,  75444., 1921172, 20220223213000)
 (4778., 4778., 4751., 4762., 117587., 1913926, 20220223214500)
 (4761., 4778., 4753., 4760.,  62400., 1903437, 20220223220000)
 (4760., 4766., 4747., 4753.,  55079., 1904459, 20220223221500)
 (4753., 4759., 4743., 4746.,  44302., 1905948, 20220223223000)
 (4745., 4767., 4744., 4765.,  39536., 1906801, 20220223224500)
 (4766., 4766., 4745., 4763.,  44246., 1904511, 20220223230000)
 (4763., 4766., 4746., 4748.,  47832., 1910454, 20220224091500)
 (4748., 4756., 4738., 4748.,  51421., 1916969, 20220224093000)
 (4750., 4760., 4741., 4744.,  39550., 1921883, 20220224094500)
 (4745., 4752., 4735., 4736.,  46336., 1930796, 20220224100000)
 (4736., 4741., 4691., 4696., 222935., 1942298, 20220224101500)
 (4696., 4703., 4683., 4690., 123679., 1958540, 20220224104500)
 (4689., 4692., 4660., 4665., 145052., 1982231, 20220224110000)
 (4666., 4705., 4663., 4699., 126814., 1989476, 20220224111500)
 (4699., 4713., 4654., 4676., 152186., 2005223, 20220224113000)
 (4664., 4709., 4648., 4704., 191203., 2008204, 20220224134500)
 (4703., 4706., 4669., 4673.,  80392., 2021599, 20220224140000)
 (4673., 4674., 4646., 4651., 104321., 2050596, 20220224141500)
 (4651., 4653., 4622., 4623., 161697., 2082998, 20220224143000)
 (4624., 4652., 4624., 4639.,  83099., 2082670, 20220224144500)
 (4639., 4654., 4628., 4637.,  92774., 2081475, 20220224150000)]
2022-02-25 15:30:00  INFO  [(4635., 4659., 4613., 4640., 201346., 2052547, 20220224211500)
 (4640., 4664., 4635., 4655., 110773., 2043795, 20220224213000)
 (4656., 4666., 4653., 4658.,  64350., 2030553, 20220224214500)
 (4657., 4662., 4648., 4655.,  42367., 2025130, 20220224220000)
 (4657., 4665., 4652., 4656.,  33035., 2019984, 20220224221500)
 (4656., 4663., 4653., 4659.,  27220., 2011503, 20220224223000)
 (4660., 4661., 4631., 4631.,  73412., 1994566, 20220224224500)
 (4630., 4640., 4608., 4614., 110635., 1989335, 20220224230000)
 (4617., 4634., 4583., 4585., 187892., 2005539, 20220225091500)
 (4584., 4610., 4580., 4602., 106137., 2019886, 20220225093000)
 (4602., 4621., 4593., 4609.,  72341., 2018845, 20220225094500)
 (4610., 4625., 4603., 4624.,  39755., 2020568, 20220225100000)
 (4624., 4626., 4608., 4612.,  50170., 2020870, 20220225101500)
 (4612., 4620., 4594., 4596.,  51744., 2023367, 20220225104500)
 (4596., 4606., 4588., 4605.,  56934., 2032118, 20220225110000)
 (4605., 4613., 4590., 4591.,  49291., 2038027, 20220225111500)
 (4591., 4606., 4578., 4581.,  67439., 2048171, 20220225113000)
 (4585., 4586., 4561., 4562., 135965., 2058991, 20220225134500)
 (4563., 4577., 4550., 4552., 118409., 2077061, 20220225140000)
 (4553., 4559., 4525., 4558., 196850., 2097185, 20220225141500)
 (4558., 4606., 4550., 4586., 189844., 2107098, 20220225143000)
 (4588., 4589., 4572., 4586.,  51513., 2111994, 20220225144500)
 (4586., 4617., 4579., 4617., 117701., 2108560, 20220225150000)]
2022-02-28 15:30:00  INFO  [(4617., 4640., 4597., 4632., 195670., 2055096, 20220225211500)
 (4633., 4639., 4622., 4631.,  67547., 2041153, 20220225213000)
 (4632., 4645., 4627., 4639.,  59027., 2031028, 20220225214500)
 (4639., 4642., 4629., 4633.,  36264., 2028288, 20220225220000)
 (4634., 4652., 4633., 4651.,  49025., 2019995, 20220225221500)
 (4650., 4659., 4642., 4645.,  71287., 2011150, 20220225223000)
 (4646., 4656., 4641., 4652.,  33320., 2006974, 20220225224500)
 (4653., 4654., 4628., 4636.,  61817., 1993291, 20220225230000)
 (4646., 4686., 4646., 4671., 218167., 1976303, 20220228091500)
 (4671., 4675., 4658., 4674.,  57283., 1978664, 20220228093000)
 (4675., 4689., 4670., 4685.,  62184., 1973105, 20220228094500)
 (4686., 4700., 4679., 4700.,  93584., 1965927, 20220228100000)
 (4700., 4705., 4684., 4701.,  57275., 1968784, 20220228101500)
 (4703., 4706., 4688., 4697.,  51475., 1973377, 20220228104500)
 (4698., 4704., 4678., 4694.,  69756., 1979634, 20220228110000)
 (4695., 4699., 4679., 4682.,  32849., 1983508, 20220228111500)
 (4682., 4690., 4672., 4685.,  46824., 1989064, 20220228113000)
 (4685., 4698., 4660., 4667.,  93877., 1996653, 20220228134500)
 (4668., 4674., 4661., 4663.,  35562., 2000979, 20220228140000)
 (4664., 4678., 4652., 4653.,  58111., 2007425, 20220228141500)
 (4652., 4665., 4649., 4659.,  46883., 2014098, 20220228143000)
 (4659., 4676., 4656., 4674.,  34093., 2014509, 20220228144500)
 (4674., 4698., 4666., 4693.,  93078., 2004494, 20220228150000)]
2022-03-01 15:30:00  INFO  [(4710., 4731., 4710., 4726., 176487., 1973065, 20220228211500)
 (4726., 4734., 4724., 4731.,  63429., 1966593, 20220228213000)
 (4731., 4747., 4729., 4736.,  79186., 1952051, 20220228214500)
 (4736., 4744., 4733., 4740.,  32641., 1943823, 20220228220000)
 (4740., 4742., 4729., 4735.,  37611., 1937385, 20220228221500)
 (4735., 4741., 4725., 4738.,  28491., 1932795, 20220228223000)
 (4738., 4739., 4723., 4735.,  44227., 1922974, 20220228224500)
 (4735., 4750., 4734., 4749.,  57388., 1909699, 20220228230000)
 (4753., 4783., 4753., 4770., 158779., 1889314, 20220301091500)
 (4771., 4788., 4766., 4788.,  60807., 1883358, 20220301093000)
 (4789., 4822., 4788., 4802., 150133., 1869367, 20220301094500)
 (4801., 4820., 4798., 4817.,  65132., 1871228, 20220301100000)
 (4816., 4822., 4790., 4790.,  66636., 1873310, 20220301101500)
 (4789., 4808., 4784., 4798.,  50669., 1872839, 20220301104500)
 (4798., 4809., 4798., 4804.,  27672., 1870493, 20220301110000)
 (4804., 4808., 4797., 4806.,  19245., 1871785, 20220301111500)
 (4805., 4815., 4790., 4791.,  51301., 1875101, 20220301113000)
 (4791., 4801., 4784., 4795.,  59558., 1883723, 20220301134500)
 (4795., 4803., 4775., 4781.,  56290., 1893633, 20220301140000)
 (4781., 4789., 4777., 4779.,  42573., 1896774, 20220301141500)
 (4779., 4808., 4774., 4799.,  67432., 1900329, 20220301143000)
 (4798., 4826., 4791., 4821.,  61706., 1901628, 20220301144500)
 (4820., 4844., 4809., 4837., 138037., 1904382, 20220301150000)]
2022-03-02 15:30:00  INFO  [(4850., 4865., 4824., 4863., 199465., 1860004, 20220301211500)
 (4864., 4864., 4851., 4857.,  59461., 1848936, 20220301213000)
 (4858., 4864., 4841., 4845.,  44772., 1845229, 20220301214500)
 (4846., 4856., 4845., 4853.,  30232., 1842726, 20220301220000)
 (4853., 4864., 4851., 4854.,  33879., 1841082, 20220301221500)
 (4854., 4860., 4849., 4853.,  20239., 1841812, 20220301223000)
 (4853., 4873., 4851., 4873.,  47272., 1833989, 20220301224500)
 (4872., 4875., 4856., 4864.,  42719., 1829188, 20220301230000)
 (4869., 4879., 4848., 4874., 100858., 1821337, 20220302091500)
 (4874., 4876., 4853., 4867.,  44246., 1823561, 20220302093000)
 (4867., 4877., 4867., 4875.,  29153., 1826788, 20220302094500)
 (4875., 4879., 4868., 4877.,  29014., 1831344, 20220302100000)
 (4877., 4888., 4870., 4879.,  65019., 1833337, 20220302101500)
 (4876., 4893., 4870., 4870.,  84918., 1832328, 20220302104500)
 (4871., 4874., 4855., 4864.,  70291., 1840310, 20220302110000)
 (4864., 4867., 4806., 4812., 137232., 1843720, 20220302111500)
 (4812., 4836., 4803., 4833., 118018., 1861402, 20220302113000)
 (4833., 4852., 4820., 4829.,  81485., 1868719, 20220302134500)
 (4830., 4840., 4822., 4824.,  37882., 1875910, 20220302140000)
 (4825., 4832., 4821., 4826.,  34369., 1881491, 20220302141500)
 (4826., 4835., 4814., 4833.,  46406., 1883718, 20220302143000)
 (4834., 4848., 4824., 4844.,  48808., 1877506, 20220302144500)
 (4844., 4862., 4831., 4860.,  74425., 1874846, 20220302150000)]
2022-03-03 15:30:00  INFO  [(4861., 4885., 4860., 4874., 149865., 1843749, 20220302211500)
 (4875., 4885., 4872., 4880.,  48216., 1836067, 20220302213000)
 (4880., 4882., 4868., 4870.,  47501., 1826842, 20220302214500)
 (4871., 4877., 4862., 4868.,  38828., 1819758, 20220302220000)
 (4868., 4872., 4847., 4849.,  60746., 1816601, 20220302221500)
 (4850., 4859., 4835., 4843.,  62823., 1814214, 20220302223000)
 (4843., 4855., 4840., 4851.,  37300., 1810618, 20220302224500)
 (4851., 4855., 4833., 4853.,  44789., 1805304, 20220302230000)
 (4861., 4889., 4861., 4885., 124336., 1787026, 20220303091500)
 (4885., 4912., 4883., 4908., 124363., 1787142, 20220303093000)
 (4908., 4927., 4900., 4924., 102744., 1788528, 20220303094500)
 (4924., 4943., 4912., 4925., 117809., 1787284, 20220303100000)
 (4926., 4931., 4894., 4912.,  99291., 1786463, 20220303101500)
 (4912., 4928., 4906., 4928.,  48567., 1788926, 20220303104500)
 (4927., 4935., 4912., 4923.,  54109., 1790818, 20220303110000)
 (4923., 4930., 4906., 4915.,  50708., 1791227, 20220303111500)
 (4914., 4923., 4902., 4907.,  68277., 1788702, 20220303113000)
 (4901., 4901., 4870., 4888., 168501., 1804717, 20220303134500)
 (4887., 4887., 4859., 4864., 118966., 1818323, 20220303140000)
 (4863., 4895., 4856., 4885., 115407., 1824025, 20220303141500)
 (4885., 4894., 4872., 4876.,  54065., 1829398, 20220303143000)
 (4876., 4888., 4873., 4882.,  36769., 1833984, 20220303144500)
 (4883., 4884., 4859., 4880.,  91910., 1845374, 20220303150000)]
2022-03-04 15:30:00  INFO  [(4886., 4918., 4880., 4915., 147633., 1813436, 20220303211500)
 (4914., 4924., 4894., 4895., 107256., 1800080, 20220303213000)
 (4894., 4896., 4868., 4884., 122757., 1791806, 20220303214500)
 (4884., 4888., 4853., 4866.,  96001., 1793368, 20220303220000)
 (4866., 4884., 4860., 4865.,  61101., 1787418, 20220303221500)
 (4865., 4875., 4861., 4874.,  34966., 1783140, 20220303223000)
 (4874., 4879., 4869., 4876.,  19352., 1781724, 20220303224500)
 (4876., 4897., 4876., 4881.,  60733., 1775202, 20220303230000)
 (4896., 4899., 4863., 4880.,  70540., 1773759, 20220304091500)
 (4880., 4884., 4866., 4870.,  42755., 1772471, 20220304093000)
 (4871., 4876., 4854., 4855.,  79864., 1779563, 20220304094500)
 (4855., 4868., 4850., 4857.,  57149., 1779849, 20220304100000)
 (4857., 4877., 4842., 4875., 101971., 1783132, 20220304101500)
 (4874., 4895., 4871., 4893.,  84732., 1785367, 20220304104500)
 (4894., 4906., 4882., 4902.,  68222., 1787102, 20220304110000)
 (4902., 4913., 4894., 4905.,  71726., 1788802, 20220304111500)
 (4905., 4914., 4887., 4887.,  52859., 1790984, 20220304113000)
 (4883., 4892., 4866., 4866.,  88692., 1794791, 20220304134500)
 (4867., 4880., 4864., 4872.,  47525., 1799861, 20220304140000)
 (4871., 4894., 4869., 4883.,  38823., 1800595, 20220304141500)
 (4883., 4886., 4862., 4863.,  44007., 1803809, 20220304143000)
 (4863., 4887., 4855., 4881.,  79057., 1805665, 20220304144500)
 (4881., 4904., 4877., 4901.,  84099., 1804366, 20220304150000)]
2022-03-07 15:30:00  INFO  [(4902., 4929., 4887., 4923., 170283., 1790087, 20220304211500)
 (4923., 4932., 4911., 4921.,  93937., 1770540, 20220304213000)
 (4921., 4936., 4917., 4925.,  67305., 1755890, 20220304214500)
 (4925., 4939., 4921., 4936.,  56724., 1750586, 20220304220000)
 (4936., 4947., 4935., 4940.,  60941., 1746167, 20220304221500)
 (4941., 4945., 4932., 4944.,  34031., 1739427, 20220304223000)
 (4943., 4964., 4941., 4963.,  72432., 1733778, 20220304224500)
 (4963., 4966., 4951., 4960.,  58262., 1725127, 20220304230000)
 (4993., 5076., 4993., 5047., 352029., 1715131, 20220307091500)
 (5046., 5056., 5038., 5053.,  72476., 1721892, 20220307093000)
 (5053., 5068., 5048., 5059.,  56809., 1728196, 20220307094500)
 (5058., 5078., 5058., 5075.,  48987., 1736582, 20220307100000)
 (5074., 5096., 5051., 5055., 113846., 1737169, 20220307101500)
 (5055., 5064., 5025., 5057., 112528., 1739963, 20220307104500)
 (5057., 5069., 5041., 5050.,  56227., 1736790, 20220307110000)
 (5050., 5059., 5033., 5036.,  45380., 1745617, 20220307111500)
 (5035., 5048., 5012., 5046.,  78459., 1743531, 20220307113000)
 (5045., 5069., 5035., 5056.,  94160., 1736079, 20220307134500)
 (5056., 5074., 5052., 5065.,  45574., 1736298, 20220307140000)
 (5064., 5071., 5053., 5069.,  40704., 1732788, 20220307141500)
 (5069., 5080., 5058., 5077.,  44927., 1735092, 20220307143000)
 (5077., 5082., 5050., 5079.,  71359., 1729415, 20220307144500)
 (5079., 5095., 5070., 5094.,  82762., 1725088, 20220307150000)]
2022-03-08 15:30:00  INFO  [(5094., 5100., 5020., 5041., 214990., 1681754, 20220307211500)
 (5041., 5049., 4977., 4979., 181106., 1649984, 20220307213000)
 (4980., 5004., 4905., 4933., 248072., 1601856, 20220307214500)
 (4932., 4973., 4922., 4956., 156854., 1572886, 20220307220000)
 (4955., 4955., 4901., 4932., 139391., 1558019, 20220307221500)
 (4933., 4940., 4900., 4936., 109635., 1542026, 20220307223000)
 (4936., 4969., 4930., 4967.,  93646., 1541846, 20220307224500)
 (4967., 4984., 4945., 4982.,  71751., 1538879, 20220307230000)
 (4987., 5010., 4981., 4993., 119733., 1543328, 20220308091500)
 (4993., 5002., 4989., 5000.,  44608., 1548688, 20220308093000)
 (5000., 5012., 4992., 4993.,  43780., 1550585, 20220308094500)
 (4993., 5007., 4977., 4989.,  41103., 1553862, 20220308100000)
 (4987., 5010., 4980., 4999.,  37114., 1557532, 20220308101500)
 (4999., 5028., 4988., 5025.,  63206., 1567876, 20220308104500)
 (5025., 5028., 4998., 4998.,  39948., 1571505, 20220308110000)
 (4998., 5008., 4931., 4942., 111948., 1579183, 20220308111500)
 (4941., 4962., 4929., 4942.,  84309., 1582631, 20220308113000)
 (4949., 4987., 4949., 4984.,  77236., 1584974, 20220308134500)
 (4984., 5010., 4979., 4994.,  67420., 1585736, 20220308140000)
 (4994., 5035., 4985., 5007., 107712., 1579171, 20220308141500)
 (5005., 5021., 5002., 5008.,  44943., 1577816, 20220308143000)
 (5006., 5015., 4979., 4991.,  58839., 1574033, 20220308144500)
 (4990., 5002., 4954., 4956.,  82217., 1563898, 20220308150000)]
2022-03-09 15:30:00  INFO  [(4925., 4937., 4855., 4937., 253130., 1500030, 20220308211500)
 (4936., 4955., 4928., 4942.,  90449., 1486958, 20220308213000)
 (4944., 4979., 4934., 4975.,  75195., 1481552, 20220308214500)
 (4974., 4976., 4945., 4953.,  53373., 1478175, 20220308220000)
 (4953., 4963., 4933., 4959.,  66297., 1476837, 20220308221500)
 (4960., 4967., 4945., 4961.,  31759., 1474356, 20220308223000)
 (4960., 4972., 4952., 4961.,  24691., 1471355, 20220308224500)
 (4961., 4979., 4961., 4978.,  37702., 1469086, 20220308230000)
 (4980., 5000., 4964., 4967.,  78881., 1469926, 20220309091500)
 (4967., 4991., 4961., 4990.,  37493., 1470373, 20220309093000)
 (4990., 4992., 4972., 4985.,  31799., 1470032, 20220309094500)
 (4984., 4992., 4962., 4965.,  46299., 1470638, 20220309100000)
 (4965., 4989., 4965., 4984.,  29660., 1468595, 20220309101500)
 (4984., 4986., 4966., 4967.,  30653., 1466616, 20220309104500)
 (4966., 4976., 4956., 4971.,  35820., 1463372, 20220309110000)
 (4971., 4979., 4958., 4961.,  37449., 1462050, 20220309111500)
 (4961., 4971., 4950., 4953.,  44530., 1457947, 20220309113000)
 (4950., 4979., 4925., 4932., 130765., 1463562, 20220309134500)
 (4931., 4941., 4910., 4932.,  98560., 1466301, 20220309140000)
 (4931., 4948., 4923., 4925.,  45379., 1466694, 20220309141500)
 (4924., 4968., 4924., 4963.,  72057., 1463347, 20220309143000)
 (4964., 4965., 4946., 4948.,  39301., 1466671, 20220309144500)
 (4948., 4960., 4901., 4907., 111004., 1464164, 20220309150000)]
2022-03-10 15:30:00  INFO  [(4850., 4890., 4837., 4842., 259999., 1440274, 20220309211500)
 (4842., 4868., 4834., 4860., 124566., 1422774, 20220309213000)
 (4861., 4876., 4849., 4868.,  66618., 1412425, 20220309214500)
 (4869., 4872., 4853., 4856.,  34995., 1411378, 20220309220000)
 (4855., 4866., 4849., 4864.,  36336., 1412430, 20220309221500)
 (4863., 4870., 4853., 4854.,  29251., 1411177, 20220309223000)
 (4855., 4870., 4854., 4863.,  24304., 1410057, 20220309224500)
 (4864., 4875., 4850., 4866.,  49963., 1403077, 20220309230000)
 (4850., 4860., 4826., 4853., 131894., 1408210, 20220310091500)
 (4853., 4855., 4832., 4843.,  46568., 1411574, 20220310093000)
 (4843., 4855., 4838., 4843.,  30579., 1414104, 20220310094500)
 (4842., 4848., 4834., 4835.,  31930., 1416274, 20220310100000)
 (4834., 4841., 4822., 4834.,  57153., 1421620, 20220310101500)
 (4834., 4884., 4832., 4875.,  91291., 1421340, 20220310104500)
 (4875., 4900., 4875., 4886.,  93976., 1433976, 20220310110000)
 (4885., 4907., 4882., 4907.,  59996., 1438104, 20220310111500)
 (4906., 4927., 4902., 4926.,  94736., 1446958, 20220310113000)
 (4935., 4955., 4895., 4897., 118843., 1440762, 20220310134500)
 (4898., 4913., 4885., 4895.,  55214., 1438555, 20220310140000)
 (4894., 4903., 4887., 4894.,  27537., 1438967, 20220310141500)
 (4894., 4908., 4892., 4896.,  27961., 1439501, 20220310143000)
 (4897., 4911., 4887., 4904.,  31784., 1440596, 20220310144500)
 (4903., 4924., 4891., 4896.,  67919., 1438212, 20220310150000)]
2022-03-11 15:30:00  INFO  [(4908., 4930., 4895., 4928., 119220., 1421144, 20220310211500)
 (4928., 4929., 4914., 4927.,  42074., 1418690, 20220310213000)
 (4928., 4940., 4920., 4937.,  51289., 1412515, 20220310214500)
 (4938., 4948., 4925., 4948.,  55265., 1408969, 20220310220000)
 (4948., 4949., 4926., 4926.,  35291., 1405467, 20220310221500)
 (4926., 4935., 4920., 4927.,  25821., 1406766, 20220310223000)
 (4927., 4931., 4917., 4922.,  29098., 1406467, 20220310224500)
 (4921., 4927., 4878., 4880.,  65945., 1397546, 20220310230000)
 (4880., 4889., 4871., 4883.,  90779., 1398023, 20220311091500)
 (4884., 4893., 4861., 4862.,  70660., 1397204, 20220311093000)
 (4861., 4879., 4848., 4851.,  80919., 1398536, 20220311094500)
 (4850., 4865., 4847., 4856.,  50152., 1399794, 20220311100000)
 (4856., 4879., 4853., 4858.,  60875., 1395491, 20220311101500)
 (4857., 4871., 4850., 4858.,  43642., 1394911, 20220311104500)
 (4858., 4882., 4855., 4874.,  38079., 1390079, 20220311110000)
 (4874., 4888., 4867., 4868.,  35805., 1386594, 20220311111500)
 (4869., 4880., 4862., 4878.,  27816., 1386302, 20220311113000)
 (4878., 4896., 4868., 4895.,  62796., 1382618, 20220311134500)
 (4894., 4916., 4885., 4912.,  74499., 1385245, 20220311140000)
 (4912., 4914., 4891., 4892.,  38850., 1388347, 20220311141500)
 (4893., 4910., 4887., 4905.,  36946., 1389231, 20220311143000)
 (4906., 4907., 4881., 4895.,  40646., 1389178, 20220311144500)
 (4894., 4925., 4893., 4917.,  87959., 1380899, 20220311150000)]
2022-03-14 15:30:00  INFO  [(4872., 4889., 4858., 4888., 157952., 1365414, 20220311211500)
 (4888., 4890., 4879., 4885.,  35408., 1365641, 20220311213000)
 (4885., 4912., 4876., 4911.,  65087., 1366376, 20220311214500)
 (4911., 4919., 4904., 4909.,  48754., 1363216, 20220311220000)
 (4910., 4911., 4895., 4907.,  26869., 1361851, 20220311221500)
 (4906., 4908., 4892., 4900.,  25789., 1360793, 20220311223000)
 (4900., 4908., 4884., 4889.,  32644., 1357906, 20220311224500)
 (4889., 4898., 4868., 4868.,  58404., 1349132, 20220311230000)
 (4818., 4818., 4728., 4758., 395934., 1353514, 20220314091500)
 (4759., 4798., 4754., 4782., 114042., 1342054, 20220314093000)
 (4782., 4787., 4763., 4785.,  48770., 1341482, 20220314094500)
 (4785., 4818., 4780., 4792., 105408., 1339128, 20220314100000)
 (4794., 4807., 4786., 4805.,  34700., 1343036, 20220314101500)
 (4801., 4803., 4780., 4784.,  37366., 1348724, 20220314104500)
 (4784., 4790., 4778., 4782.,  28864., 1350617, 20220314110000)
 (4782., 4786., 4768., 4769.,  33851., 1355772, 20220314111500)
 (4768., 4798., 4762., 4766.,  55687., 1361127, 20220314113000)
 (4759., 4769., 4742., 4757., 116863., 1375254, 20220314134500)
 (4757., 4757., 4724., 4733.,  88306., 1389267, 20220314140000)
 (4733., 4743., 4720., 4721.,  59494., 1399143, 20220314141500)
 (4721., 4740., 4717., 4725.,  54123., 1404095, 20220314143000)
 (4724., 4733., 4718., 4723.,  43897., 1409070, 20220314144500)
 (4723., 4731., 4693., 4695., 120391., 1410730, 20220314150000)]
2022-03-15 15:30:00  INFO  [(4694., 4732., 4688., 4716., 140679., 1390994, 20220314211500)
 (4717., 4736., 4715., 4731.,  51868., 1385171, 20220314213000)
 (4731., 4738., 4722., 4732.,  37505., 1381017, 20220314214500)
 (4733., 4735., 4720., 4722.,  42606., 1380938, 20220314220000)
 (4722., 4726., 4712., 4714.,  53776., 1376398, 20220314221500)
 (4715., 4745., 4714., 4735.,  59553., 1370335, 20220314223000)
 (4735., 4744., 4725., 4726.,  28710., 1366582, 20220314224500)
 (4726., 4740., 4717., 4739.,  45113., 1357199, 20220314230000)
 (4736., 4738., 4715., 4731.,  70133., 1355712, 20220315091500)
 (4732., 4732., 4684., 4699.,  99064., 1352930, 20220315093000)
 (4697., 4713., 4681., 4703.,  81732., 1349080, 20220315094500)
 (4705., 4716., 4686., 4699.,  49028., 1347089, 20220315100000)
 (4699., 4795., 4694., 4793., 271890., 1348426, 20220315101500)
 (4792., 4808., 4783., 4793., 123758., 1355741, 20220315104500)
 (4794., 4825., 4792., 4805., 109608., 1360665, 20220315110000)
 (4805., 4817., 4802., 4809.,  45665., 1361608, 20220315111500)
 (4809., 4819., 4786., 4787.,  58141., 1359206, 20220315113000)
 (4780., 4780., 4761., 4765., 105778., 1361325, 20220315134500)
 (4765., 4771., 4756., 4766.,  42352., 1358738, 20220315140000)
 (4765., 4781., 4752., 4774.,  61079., 1357856, 20220315141500)
 (4773., 4779., 4753., 4755.,  38991., 1362231, 20220315143000)
 (4756., 4773., 4750., 4766.,  52929., 1359940, 20220315144500)
 (4765., 4775., 4751., 4753.,  65245., 1349633, 20220315150000)]
2022-03-16 15:30:00  INFO  [(4730., 4785., 4725., 4782., 155633., 1334367, 20220315211500)
 (4783., 4783., 4756., 4765.,  56431., 1331213, 20220315213000)
 (4765., 4774., 4760., 4765.,  28897., 1330613, 20220315214500)
 (4765., 4780., 4764., 4773.,  29207., 1327565, 20220315220000)
 (4772., 4788., 4770., 4782.,  44857., 1327138, 20220315221500)
 (4782., 4786., 4767., 4776.,  32820., 1327660, 20220315223000)
 (4776., 4800., 4775., 4796.,  57618., 1325822, 20220315224500)
 (4797., 4805., 4791., 4797.,  48331., 1319195, 20220315230000)
 (4798., 4821., 4798., 4815.,  87443., 1317147, 20220316091500)
 (4816., 4838., 4816., 4831.,  78048., 1312614, 20220316093000)
 (4831., 4832., 4807., 4811.,  38165., 1311026, 20220316094500)
 (4811., 4826., 4809., 4818.,  29375., 1311204, 20220316100000)
 (4819., 4820., 4796., 4811.,  42773., 1309418, 20220316101500)
 (4812., 4815., 4792., 4794.,  40233., 1308108, 20220316104500)
 (4795., 4809., 4789., 4804.,  29616., 1306268, 20220316110000)
 (4804., 4819., 4799., 4812.,  36000., 1304198, 20220316111500)
 (4812., 4813., 4791., 4807.,  40117., 1303160, 20220316113000)
 (4830., 4865., 4830., 4846., 158653., 1310916, 20220316134500)
 (4847., 4862., 4846., 4858.,  40144., 1315931, 20220316140000)
 (4859., 4878., 4859., 4876.,  79203., 1321257, 20220316141500)
 (4875., 4881., 4867., 4872.,  49060., 1324445, 20220316143000)
 (4873., 4885., 4862., 4885.,  53460., 1331317, 20220316144500)
 (4885., 4908., 4878., 4904., 106922., 1330578, 20220316150000)]
2022-03-17 15:30:00  INFO  [(4920., 4943., 4914., 4942., 135062., 1315679, 20220316211500)
 (4941., 4946., 4922., 4930.,  59720., 1316206, 20220316213000)
 (4929., 4934., 4907., 4918.,  56438., 1311191, 20220316214500)
 (4918., 4928., 4911., 4916.,  30018., 1311713, 20220316220000)
 (4917., 4924., 4895., 4899.,  43357., 1302976, 20220316221500)
 (4899., 4911., 4889., 4889.,  54768., 1299717, 20220316223000)
 (4889., 4905., 4884., 4899.,  54195., 1289271, 20220316224500)
 (4900., 4908., 4875., 4878.,  47022., 1281758, 20220316230000)
 (4880., 4924., 4880., 4915.,  89504., 1290800, 20220317091500)
 (4915., 4920., 4904., 4918.,  28723., 1292897, 20220317093000)
 (4918., 4919., 4894., 4900.,  33513., 1293036, 20220317094500)
 (4900., 4909., 4882., 4886.,  34184., 1293003, 20220317100000)
 (4887., 4892., 4867., 4889.,  48356., 1292144, 20220317101500)
 (4889., 4905., 4889., 4898.,  32955., 1294557, 20220317104500)
 (4898., 4904., 4886., 4901.,  23706., 1295892, 20220317110000)
 (4901., 4922., 4901., 4918.,  49047., 1299116, 20220317111500)
 (4919., 4928., 4906., 4907.,  45218., 1298203, 20220317113000)
 (4897., 4908., 4877., 4899., 108975., 1301127, 20220317134500)
 (4899., 4905., 4888., 4889.,  30260., 1306713, 20220317140000)
 (4888., 4893., 4880., 4886.,  38495., 1306873, 20220317141500)
 (4885., 4898., 4883., 4892.,  22725., 1309087, 20220317143000)
 (4892., 4895., 4861., 4872.,  71226., 1308272, 20220317144500)
 (4873., 4904., 4869., 4902.,  66396., 1309488, 20220317150000)]
2022-03-18 15:30:00  INFO  [(4902., 4919., 4893., 4897., 95918., 1294213, 20220317211500)
 (4897., 4902., 4890., 4902., 33479., 1294406, 20220317213000)
 (4902., 4926., 4901., 4917., 68383., 1287807, 20220317214500)
 (4917., 4925., 4908., 4924., 34655., 1285173, 20220317220000)
 (4923., 4925., 4912., 4923., 21818., 1282698, 20220317221500)
 (4922., 4924., 4910., 4912., 23630., 1281529, 20220317223000)
 (4912., 4925., 4901., 4924., 46627., 1276656, 20220317224500)
 (4924., 4936., 4919., 4933., 61016., 1274213, 20220317230000)
 (4937., 4945., 4924., 4939., 59842., 1275220, 20220318091500)
 (4941., 4948., 4933., 4936., 40127., 1277510, 20220318093000)
 (4937., 4940., 4928., 4930., 30686., 1274945, 20220318094500)
 (4929., 4935., 4926., 4932., 21599., 1275101, 20220318100000)
 (4931., 4948., 4930., 4947., 33111., 1282208, 20220318101500)
 (4948., 4950., 4938., 4939., 35228., 1279685, 20220318104500)
 (4939., 4941., 4931., 4937., 25514., 1280630, 20220318110000)
 (4937., 4942., 4930., 4931., 17109., 1281789, 20220318111500)
 (4930., 4933., 4912., 4922., 66879., 1269008, 20220318113000)
 (4927., 4933., 4905., 4917., 60841., 1266568, 20220318134500)
 (4917., 4920., 4910., 4913., 23580., 1266258, 20220318140000)
 (4913., 4939., 4907., 4933., 60886., 1265170, 20220318141500)
 (4933., 4940., 4926., 4929., 28625., 1267675, 20220318143000)
 (4929., 4937., 4923., 4934., 21733., 1268325, 20220318144500)
 (4934., 4956., 4934., 4953., 67799., 1271483, 20220318150000)]
2022-03-21 15:30:00  INFO  [(4923., 4941., 4915., 4920.,  98641., 1258552, 20220318211500)
 (4920., 4938., 4916., 4935.,  41718., 1250959, 20220318213000)
 (4935., 4937., 4924., 4929.,  21487., 1247764, 20220318214500)
 (4930., 4934., 4911., 4918.,  40245., 1238698, 20220318220000)
 (4918., 4925., 4914., 4920.,  17425., 1237120, 20220318221500)
 (4920., 4932., 4919., 4930.,  18287., 1235655, 20220318223000)
 (4930., 4943., 4930., 4942.,  39714., 1231872, 20220318224500)
 (4941., 4950., 4935., 4947.,  38483., 1229098, 20220318230000)
 (4940., 4968., 4910., 4964., 170066., 1236644, 20220321091500)
 (4967., 4980., 4955., 4963., 108546., 1248278, 20220321093000)
 (4964., 4970., 4944., 4951.,  37519., 1252148, 20220321094500)
 (4951., 4960., 4931., 4932.,  44774., 1253938, 20220321100000)
 (4931., 4944., 4915., 4919.,  72233., 1259169, 20220321101500)
 (4919., 4930., 4908., 4921.,  55391., 1260562, 20220321104500)
 (4921., 4935., 4918., 4932.,  26905., 1260422, 20220321110000)
 (4932., 4932., 4918., 4920.,  14534., 1261953, 20220321111500)
 (4918., 4925., 4891., 4895.,  67626., 1264578, 20220321113000)
 (4881., 4908., 4862., 4891.,  96594., 1273546, 20220321134500)
 (4891., 4898., 4880., 4896.,  48774., 1281848, 20220321140000)
 (4894., 4908., 4891., 4906.,  32323., 1279920, 20220321141500)
 (4905., 4918., 4898., 4918.,  34001., 1277799, 20220321143000)
 (4917., 4925., 4910., 4913.,  36550., 1276598, 20220321144500)
 (4913., 4931., 4907., 4923.,  53094., 1269415, 20220321150000)]
2022-03-22 15:30:00  INFO  [(4909., 4926., 4897., 4906., 73381., 1255195, 20220321211500)
 (4906., 4944., 4903., 4944., 61126., 1246753, 20220321213000)
 (4944., 4946., 4930., 4935., 47912., 1238444, 20220321214500)
 (4936., 4943., 4932., 4940., 25121., 1234218, 20220321220000)
 (4940., 4944., 4930., 4933., 25848., 1227741, 20220321221500)
 (4933., 4939., 4931., 4935., 14828., 1224787, 20220321223000)
 (4936., 4950., 4932., 4938., 25885., 1224307, 20220321224500)
 (4937., 4942., 4927., 4940., 24144., 1218324, 20220321230000)
 (4941., 4950., 4933., 4937., 45244., 1212436, 20220322091500)
 (4936., 4946., 4935., 4942., 25884., 1205989, 20220322093000)
 (4942., 4955., 4937., 4948., 36379., 1208572, 20220322094500)
 (4948., 4951., 4941., 4950., 15738., 1207177, 20220322100000)
 (4949., 4955., 4944., 4951., 20380., 1208065, 20220322101500)
 (4942., 4949., 4924., 4930., 49325., 1201148, 20220322104500)
 (4929., 4933., 4912., 4922., 51946., 1197586, 20220322110000)
 (4921., 4926., 4911., 4913., 30594., 1196739, 20220322111500)
 (4913., 4943., 4912., 4936., 44329., 1189749, 20220322113000)
 (4944., 4945., 4929., 4938., 27072., 1190049, 20220322134500)
 (4939., 4939., 4928., 4937., 15726., 1190650, 20220322140000)
 (4937., 4942., 4933., 4940., 16177., 1192204, 20220322141500)
 (4940., 4941., 4923., 4927., 29029., 1191188, 20220322143000)
 (4927., 4940., 4924., 4935., 20272., 1191621, 20220322144500)
 (4935., 4944., 4916., 4918., 59130., 1188532, 20220322150000)]
2022-03-23 15:30:00  INFO  [(4912., 4930., 4900., 4907., 108111., 1164439, 20220322211500)
 (4907., 4911., 4876., 4881., 121464., 1160373, 20220322213000)
 (4880., 4895., 4866., 4893.,  64472., 1152878, 20220322214500)
 (4893., 4907., 4886., 4898.,  37799., 1146673, 20220322220000)
 (4898., 4900., 4886., 4896.,  25211., 1147015, 20220322221500)
 (4896., 4910., 4891., 4905.,  27714., 1146447, 20220322223000)
 (4904., 4908., 4888., 4890.,  20974., 1144845, 20220322224500)
 (4891., 4905., 4890., 4900.,  23445., 1143824, 20220322230000)
 (4900., 4907., 4893., 4899.,  40135., 1146492, 20220323091500)
 (4899., 4921., 4894., 4921.,  36773., 1142402, 20220323093000)
 (4921., 4926., 4916., 4922.,  35539., 1144436, 20220323094500)
 (4922., 4938., 4922., 4931.,  44930., 1147144, 20220323100000)
 (4932., 4944., 4927., 4939.,  43246., 1153855, 20220323101500)
 (4939., 4942., 4930., 4932.,  22535., 1159493, 20220323104500)
 (4932., 4942., 4930., 4938.,  19313., 1165354, 20220323110000)
 (4938., 4960., 4937., 4955.,  68059., 1183925, 20220323111500)
 (4955., 4970., 4953., 4964.,  75230., 1192721, 20220323113000)
 (4965., 4973., 4947., 4950.,  59264., 1195085, 20220323134500)
 (4950., 4962., 4944., 4951.,  26843., 1195181, 20220323140000)
 (4951., 4963., 4950., 4959.,  20180., 1197619, 20220323141500)
 (4959., 4968., 4955., 4966.,  21103., 1200774, 20220323143000)
 (4965., 4977., 4963., 4974.,  39596., 1207731, 20220323144500)
 (4975., 4987., 4969., 4983.,  62323., 1208811, 20220323150000)]
2022-03-24 15:30:00  INFO  [(4985., 5014., 4973., 4998., 142328., 1177742, 20220323211500)
 (4998., 5003., 4990., 4997.,  36819., 1170927, 20220323213000)
 (4996., 5004., 4992., 5003.,  24067., 1165302, 20220323214500)
 (5004., 5005., 4994., 5001.,  17834., 1160816, 20220323220000)
 (5001., 5003., 4994., 5002.,  20933., 1153059, 20220323221500)
 (5002., 5003., 4993., 4995.,  20268., 1145375, 20220323223000)
 (4996., 5012., 4996., 5006.,  31324., 1137788, 20220323224500)
 (5007., 5010., 4992., 4992.,  27489., 1128253, 20220323230000)
 (4995., 5004., 4976., 4983.,  75254., 1111635, 20220324091500)
 (4982., 4993., 4975., 4988.,  38671., 1110356, 20220324093000)
 (4988., 4994., 4985., 4985.,  16653., 1109007, 20220324094500)
 (4985., 4993., 4976., 4976.,  23913., 1105119, 20220324100000)
 (4977., 4980., 4965., 4971.,  47830., 1101852, 20220324101500)
 (4969., 4978., 4950., 4954.,  48473., 1094270, 20220324104500)
 (4953., 4962., 4945., 4947.,  43813., 1089688, 20220324110000)
 (4949., 4963., 4943., 4950.,  38345., 1083855, 20220324111500)
 (4950., 4969., 4938., 4968.,  71022., 1082959, 20220324113000)
 (4969., 4983., 4959., 4966.,  57388., 1084927, 20220324134500)
 (4966., 4974., 4959., 4962.,  24958., 1084328, 20220324140000)
 (4962., 4970., 4960., 4965.,  16931., 1084453, 20220324141500)
 (4964., 4972., 4955., 4959.,  29163., 1084741, 20220324143000)
 (4959., 4961., 4945., 4946.,  30551., 1085094, 20220324144500)
 (4946., 4951., 4935., 4945.,  56898., 1081970, 20220324150000)]
2022-03-25 15:30:00  INFO  [(4945., 4979., 4943., 4977., 107194., 1047889, 20220324211500)
 (4976., 4984., 4970., 4977.,  45765., 1035096, 20220324213000)
 (4979., 4980., 4968., 4974.,  23768., 1029267, 20220324214500)
 (4975., 4978., 4965., 4970.,  19006., 1024869, 20220324220000)
 (4969., 4976., 4968., 4971.,  15857., 1020432, 20220324221500)
 (4971., 4976., 4950., 4950.,  41156., 1014695, 20220324223000)
 (4950., 4962., 4947., 4957.,  29618., 1011632, 20220324224500)
 (4957., 4970., 4953., 4964.,  23438., 1008737, 20220324230000)
 (4964., 4974., 4955., 4973.,  29237., 1008372, 20220325091500)
 (4971., 4975., 4966., 4973.,  19796., 1005912, 20220325093000)
 (4972., 4980., 4963., 4977.,  27320., 1006636, 20220325094500)
 (4977., 4982., 4972., 4977.,  19542., 1007245, 20220325100000)
 (4976., 4989., 4973., 4984.,  28928., 1007423, 20220325101500)
 (4984., 4988., 4970., 4972.,  33597., 1004195, 20220325104500)
 (4972., 4983., 4971., 4981.,  19704., 1004448, 20220325110000)
 (4981., 4984., 4976., 4979.,  19961., 1004161, 20220325111500)
 (4979., 4984., 4971., 4977.,  25414., 1005113, 20220325113000)
 (4976., 4980., 4965., 4979.,  39581., 1003621, 20220325134500)
 (4979., 5004., 4979., 4999.,  71640., 1010723, 20220325140000)
 (4998., 5010., 4994., 5009.,  40671., 1017004, 20220325141500)
 (5009., 5018., 5004., 5014.,  44810., 1023893, 20220325143000)
 (5014., 5016., 4998., 5010.,  42855., 1018047, 20220325144500)
 (5010., 5015., 5004., 5013.,  34793., 1012299, 20220325150000)]
2022-03-28 15:30:00  INFO  [(4987., 5006., 4987., 4999., 74523., 984174, 20220325211500)
 (5000., 5007., 4995., 5000., 21959., 978554, 20220325213000)
 (5001., 5008., 4995., 5005., 20331., 975809, 20220325214500)
 (5005., 5017., 4998., 5012., 24528., 973615, 20220325220000)
 (5012., 5018., 5008., 5012., 17757., 971435, 20220325221500)
 (5012., 5025., 5009., 5024., 22562., 965472, 20220325223000)
 (5025., 5040., 5019., 5034., 39330., 956901, 20220325224500)
 (5034., 5036., 5015., 5024., 29696., 946180, 20220325230000)
 (5011., 5013., 4985., 5002., 91940., 930735, 20220328091500)
 (5001., 5025., 4998., 5023., 40694., 923872, 20220328093000)
 (5023., 5070., 5021., 5064., 74916., 918357, 20220328094500)
 (5063., 5065., 5041., 5060., 29230., 917698, 20220328100000)
 (5060., 5067., 5047., 5057., 26153., 918891, 20220328101500)
 (5055., 5073., 5050., 5072., 30332., 916845, 20220328104500)
 (5071., 5074., 5052., 5060., 20081., 914982, 20220328110000)
 (5061., 5068., 5053., 5066., 21015., 913009, 20220328111500)
 (5068., 5070., 5059., 5067., 20050., 911601, 20220328113000)
 (5066., 5067., 5044., 5058., 39952., 908569, 20220328134500)
 (5058., 5068., 5053., 5068., 21065., 906084, 20220328140000)
 (5068., 5068., 5051., 5051., 19990., 903183, 20220328141500)
 (5052., 5057., 5048., 5050., 20540., 899904, 20220328143000)
 (5050., 5060., 5045., 5055., 19653., 897605, 20220328144500)
 (5055., 5066., 5048., 5058., 27319., 893420, 20220328150000)]
2022-03-29 15:30:00  INFO  [(5029., 5065., 5020., 5061., 89568., 860182, 20220328211500)
 (5060., 5066., 5049., 5054., 23360., 853314, 20220328213000)
 (5054., 5064., 5044., 5063., 21235., 849202, 20220328214500)
 (5062., 5064., 5055., 5057., 11191., 847677, 20220328220000)
 (5059., 5065., 5052., 5060., 14977., 844041, 20220328221500)
 (5060., 5064., 5055., 5059.,  6935., 842335, 20220328223000)
 (5059., 5070., 5059., 5062., 12421., 840440, 20220328224500)
 (5062., 5065., 5046., 5056., 19007., 833107, 20220328230000)
 (5055., 5061., 5040., 5057., 29394., 824244, 20220329091500)
 (5057., 5062., 5051., 5051., 19581., 821274, 20220329093000)
 (5051., 5056., 5047., 5049., 14263., 816918, 20220329094500)
 (5050., 5055., 5046., 5048., 14802., 812421, 20220329100000)
 (5048., 5052., 5033., 5039., 26927., 802234, 20220329101500)
 (5039., 5046., 5032., 5039., 17837., 797992, 20220329104500)
 (5039., 5051., 5039., 5048., 14606., 796331, 20220329110000)
 (5047., 5058., 5045., 5056., 15272., 791751, 20220329111500)
 (5056., 5062., 5049., 5053., 17868., 788482, 20220329113000)
 (5050., 5062., 5039., 5060., 24083., 784184, 20220329134500)
 (5060., 5080., 5060., 5065., 27131., 781109, 20220329140000)
 (5065., 5067., 5058., 5058.,  7551., 780746, 20220329141500)
 (5059., 5063., 5052., 5054., 12427., 778558, 20220329143000)
 (5054., 5054., 5035., 5051., 25376., 774389, 20220329144500)
 (5051., 5054., 5041., 5045., 14198., 771444, 20220329150000)]
2022-03-30 15:30:00  INFO  [(4982., 5018., 4972., 5003., 112724., 728767, 20220329211500)
 (5005., 5016., 4998., 4999.,  19912., 723209, 20220329213000)
 (4999., 5005., 4980., 5002.,  37112., 711962, 20220329214500)
 (5002., 5003., 4991., 4997.,  10020., 707708, 20220329220000)
 (4998., 5000., 4990., 4999.,  12171., 703458, 20220329221500)
 (5000., 5009., 4999., 5001.,  14137., 698106, 20220329223000)
 (5001., 5012., 4998., 5012.,   8336., 696180, 20220329224500)
 (5011., 5015., 5005., 5008.,  10208., 692737, 20220329230000)
 (5012., 5020., 5008., 5015.,  16898., 687301, 20220330091500)
 (5014., 5025., 5011., 5023.,  11452., 684758, 20220330093000)
 (5023., 5034., 5021., 5028.,  11447., 680525, 20220330094500)
 (5028., 5040., 5027., 5040.,  10881., 676316, 20220330100000)
 (5040., 5055., 5036., 5048.,  24751., 669419, 20220330101500)
 (5047., 5049., 5040., 5045.,  15223., 666206, 20220330104500)
 (5045., 5052., 5043., 5044.,   8611., 665788, 20220330110000)
 (5044., 5055., 5043., 5046.,   9623., 664831, 20220330111500)
 (5046., 5048., 5032., 5037.,  14525., 661811, 20220330113000)
 (5039., 5047., 5034., 5047.,  11312., 662108, 20220330134500)
 (5047., 5063., 5046., 5061.,  19147., 656951, 20220330140000)
 (5061., 5063., 5052., 5052.,   9652., 655381, 20220330141500)
 (5052., 5057., 5049., 5052.,   9348., 654391, 20220330143000)
 (5054., 5058., 5049., 5057.,   6742., 654072, 20220330144500)
 (5057., 5061., 5051., 5059.,  16111., 651944, 20220330150000)]
2022-03-31 15:30:00  INFO  [(5080., 5130., 5078., 5125., 93608., 620047, 20220330211500)
 (5124., 5127., 5106., 5121., 23404., 612578, 20220330213000)
 (5121., 5121., 5105., 5108., 11606., 609030, 20220330214500)
 (5108., 5116., 5105., 5115., 11824., 604312, 20220330220000)
 (5114., 5116., 5107., 5112.,  6248., 601807, 20220330221500)
 (5112., 5116., 5107., 5109.,  5719., 599771, 20220330223000)
 (5109., 5118., 5105., 5111., 10994., 594497, 20220330224500)
 (5110., 5119., 5110., 5116.,  6302., 592676, 20220330230000)
 (5106., 5117., 5094., 5107., 18490., 588680, 20220331091500)
 (5107., 5108., 5089., 5089., 17143., 585513, 20220331093000)
 (5089., 5102., 5087., 5096., 14927., 582917, 20220331094500)
 (5095., 5097., 5079., 5083., 19361., 579212, 20220331100000)
 (5083., 5090., 5075., 5082.,  9568., 576383, 20220331101500)
 (5080., 5091., 5075., 5086., 13038., 575794, 20220331104500)
 (5087., 5089., 5061., 5062., 18387., 571812, 20220331110000)
 (5062., 5078., 5060., 5064., 13589., 571134, 20220331111500)
 (5064., 5069., 5044., 5066., 26373., 565434, 20220331113000)
 (5063., 5088., 5061., 5088., 17309., 564487, 20220331134500)
 (5088., 5099., 5084., 5091., 17885., 562852, 20220331140000)
 (5091., 5093., 5077., 5083.,  8887., 561032, 20220331141500)
 (5082., 5095., 5081., 5083.,  8141., 559999, 20220331143000)
 (5083., 5089., 5080., 5082.,  5889., 559314, 20220331144500)
 (5082., 5098., 5081., 5092., 13978., 556391, 20220331150000)]
2022-04-01 15:30:00  INFO  [(5078., 5115., 5078., 5113., 29551., 544720, 20220331211500)
 (5113., 5115., 5096., 5097.,  6659., 543027, 20220331213000)
 (5097., 5103., 5089., 5090.,  8381., 541004, 20220331214500)
 (5090., 5097., 5084., 5090.,  6204., 538496, 20220331220000)
 (5089., 5098., 5085., 5092.,  4316., 536419, 20220331221500)
 (5092., 5097., 5090., 5097.,  3527., 534877, 20220331223000)
 (5097., 5113., 5097., 5109.,  7286., 532932, 20220331224500)
 (5109., 5114., 5106., 5113.,  6895., 529754, 20220331230000)
 (5110., 5123., 5102., 5123., 13365., 525810, 20220401091500)
 (5123., 5129., 5117., 5125.,  9796., 523126, 20220401093000)
 (5125., 5129., 5120., 5124.,  5803., 521906, 20220401094500)
 (5123., 5144., 5120., 5143., 15434., 519464, 20220401100000)
 (5144., 5160., 5135., 5156., 19290., 513989, 20220401101500)
 (5156., 5167., 5148., 5152., 12213., 511088, 20220401104500)
 (5152., 5164., 5151., 5162.,  6862., 510120, 20220401110000)
 (5162., 5164., 5150., 5154.,  7283., 508217, 20220401111500)
 (5154., 5165., 5150., 5151.,  5291., 506712, 20220401113000)
 (5151., 5159., 5146., 5150.,  9569., 504773, 20220401134500)
 (5150., 5164., 5148., 5159.,  6741., 504042, 20220401140000)
 (5159., 5174., 5157., 5172., 10388., 501410, 20220401141500)
 (5173., 5175., 5167., 5167., 10589., 497596, 20220401143000)
 (5169., 5185., 5167., 5177., 15915., 492932, 20220401144500)
 (5178., 5189., 5178., 5189., 18749., 488401, 20220401150000)]
2022-04-06 15:30:00  INFO  [(5162., 5164., 5150., 5154.,  7283., 508217, 20220401111500)
 (5154., 5165., 5150., 5151.,  5291., 506712, 20220401113000)
 (5151., 5159., 5146., 5150.,  9569., 504773, 20220401134500)
 (5150., 5164., 5148., 5159.,  6741., 504042, 20220401140000)
 (5159., 5174., 5157., 5172., 10388., 501410, 20220401141500)
 (5173., 5175., 5167., 5167., 10589., 497596, 20220401143000)
 (5169., 5185., 5167., 5177., 15915., 492932, 20220401144500)
 (5178., 5189., 5178., 5189., 18749., 488401, 20220401150000)
 (5187., 5187., 5111., 5119., 42136., 475505, 20220406091500)
 (5118., 5156., 5117., 5141., 18895., 468809, 20220406093000)
 (5140., 5165., 5138., 5151.,  9593., 464918, 20220406094500)
 (5151., 5165., 5151., 5158.,  4219., 463960, 20220406100000)
 (5158., 5159., 5146., 5148.,  4221., 462528, 20220406101500)
 (5147., 5174., 5146., 5167.,  9414., 460338, 20220406104500)
 (5167., 5173., 5161., 5165.,  5528., 460508, 20220406110000)
 (5165., 5168., 5160., 5162.,  2377., 460020, 20220406111500)
 (5162., 5196., 5155., 5186.,  8350., 460209, 20220406113000)
 (5186., 5210., 5185., 5201., 21796., 457036, 20220406134500)
 (5202., 5205., 5191., 5194.,  5188., 456099, 20220406140000)
 (5194., 5197., 5186., 5194.,  5265., 455497, 20220406141500)
 (5194., 5200., 5186., 5187.,  5107., 453718, 20220406143000)
 (5187., 5190., 5161., 5175., 10783., 450564, 20220406144500)
 (5173., 5176., 5160., 5162.,  8931., 447987, 20220406150000)]
2022-04-07 15:30:00  INFO  [(5166., 5182., 5142., 5144., 17474., 441092, 20220406211500)
 (5144., 5154., 5143., 5153.,  7798., 438621, 20220406213000)
 (5154., 5158., 5148., 5150.,  5765., 435952, 20220406214500)
 (5150., 5178., 5149., 5169., 12841., 431042, 20220406220000)
 (5169., 5173., 5158., 5168.,  4172., 430410, 20220406221500)
 (5167., 5180., 5163., 5175.,  5564., 428626, 20220406223000)
 (5174., 5177., 5165., 5167.,  3692., 427574, 20220406224500)
 (5167., 5170., 5145., 5157.,  8006., 424207, 20220406230000)
 (5150., 5160., 5138., 5141., 13944., 420352, 20220407091500)
 (5141., 5147., 5121., 5122., 15782., 414789, 20220407093000)
 (5123., 5153., 5121., 5150., 10310., 413258, 20220407094500)
 (5150., 5163., 5146., 5150.,  7511., 412332, 20220407100000)
 (5150., 5154., 5137., 5141.,  6517., 411239, 20220407101500)
 (5141., 5150., 5135., 5143.,  5698., 408993, 20220407104500)
 (5143., 5149., 5136., 5143.,  4874., 407615, 20220407110000)
 (5143., 5144., 5127., 5129.,  7321., 405880, 20220407111500)
 (5129., 5139., 5122., 5124., 11957., 403746, 20220407113000)
 (5120., 5138., 5105., 5129., 22331., 400541, 20220407134500)
 (5129., 5130., 5111., 5128.,  7250., 400478, 20220407140000)
 (5128., 5139., 5126., 5139.,  5835., 400589, 20220407141500)
 (5139., 5139., 5122., 5123.,  3370., 399813, 20220407143000)
 (5123., 5145., 5120., 5142.,  6040., 399181, 20220407144500)
 (5142., 5143., 5126., 5131.,  4157., 398646, 20220407150000)]
2022-04-08 15:30:00  INFO  [(5130., 5144., 5123., 5139., 11956., 396781, 20220407211500)
 (5138., 5153., 5136., 5150.,  8249., 394618, 20220407213000)
 (5150., 5158., 5143., 5147.,  5217., 392992, 20220407214500)
 (5147., 5150., 5137., 5137.,  2441., 392513, 20220407220000)
 (5137., 5140., 5121., 5127.,  6930., 390946, 20220407221500)
 (5127., 5138., 5127., 5129.,  2614., 390417, 20220407223000)
 (5129., 5139., 5128., 5135.,  3633., 388803, 20220407224500)
 (5135., 5137., 5102., 5107.,  9764., 387455, 20220407230000)
 (5108., 5122., 5096., 5115., 12655., 385884, 20220408091500)
 (5115., 5118., 5105., 5112.,  5096., 384430, 20220408093000)
 (5112., 5125., 5110., 5123.,  4929., 382407, 20220408094500)
 (5123., 5128., 5105., 5105.,  4149., 380943, 20220408100000)
 (5105., 5112., 5085., 5087.,  9979., 376528, 20220408101500)
 (5087., 5095., 5080., 5082., 12011., 372710, 20220408104500)
 (5084., 5093., 5062., 5067., 13574., 367869, 20220408110000)
 (5065., 5072., 5043., 5046., 19942., 360948, 20220408111500)
 (5046., 5074., 5043., 5059.,  9782., 358985, 20220408113000)
 (5065., 5085., 5065., 5083., 12020., 355605, 20220408134500)
 (5085., 5085., 5070., 5075.,  3946., 354680, 20220408140000)
 (5076., 5077., 5056., 5062.,  3674., 353937, 20220408141500)
 (5062., 5071., 5057., 5069.,  3911., 352897, 20220408143000)
 (5069., 5089., 5065., 5089.,  6202., 351106, 20220408144500)
 (5090., 5097., 5082., 5091.,  8587., 349265, 20220408150000)]
2022-04-11 15:30:00  INFO  [(5091., 5115., 5080., 5109., 14124., 346695, 20220408211500)
 (5109., 5110., 5085., 5093.,  6558., 345216, 20220408213000)
 (5093., 5099., 5083., 5098.,  5077., 344460, 20220408214500)
 (5098., 5098., 5084., 5088.,  4134., 344217, 20220408220000)
 (5088., 5104., 5088., 5100.,  2282., 343940, 20220408221500)
 (5100., 5101., 5088., 5094.,  1574., 343707, 20220408223000)
 (5094., 5095., 5068., 5072.,  5420., 342862, 20220408224500)
 (5072., 5081., 5050., 5063., 11948., 338922, 20220408230000)
 (5051., 5051., 5002., 5006., 32193., 330272, 20220411091500)
 (5007., 5032., 5000., 5021., 21137., 321995, 20220411093000)
 (5021., 5025., 5003., 5007.,  5843., 320590, 20220411094500)
 (5007., 5012., 5003., 5003.,  5600., 319141, 20220411100000)
 (5003., 5007., 4986., 4989., 13226., 315870, 20220411101500)
 (4989., 5018., 4985., 5016., 10677., 313371, 20220411104500)
 (5012., 5015., 4999., 4999.,  5008., 313279, 20220411110000)
 (4999., 5004., 4991., 4996.,  3560., 312461, 20220411111500)
 (4994., 5007., 4989., 5004.,  5004., 312519, 20220411113000)
 (5006., 5024., 4998., 5006.,  8720., 311228, 20220411134500)
 (5006., 5007., 4996., 5001.,  2648., 310876, 20220411140000)
 (5001., 5005., 4990., 4997.,  3697., 310717, 20220411141500)
 (4995., 5000., 4992., 4997.,  2263., 310025, 20220411143000)
 (4997., 4999., 4989., 4994.,  3075., 309014, 20220411144500)
 (4995., 4996., 4976., 4987., 11627., 305679, 20220411150000)]
2022-04-12 15:30:00  INFO  [(4995., 5005., 4985., 4986., 14956., 301126, 20220411211500)
 (4986., 4996., 4984., 4988.,  3342., 300695, 20220411213000)
 (4988., 5005., 4987., 4997.,  4913., 300636, 20220411214500)
 (4996., 5015., 4996., 5012.,  5752., 300252, 20220411220000)
 (5012., 5024., 5008., 5020.,  5584., 299628, 20220411221500)
 (5020., 5045., 5013., 5042.,  8623., 297750, 20220411223000)
 (5042., 5044., 5029., 5036.,  3926., 296639, 20220411224500)
 (5038., 5052., 5025., 5039.,  7036., 294664, 20220411230000)
 (5039., 5052., 5031., 5041.,  8626., 292937, 20220412091500)
 (5041., 5045., 5028., 5032.,  3798., 292292, 20220412093000)
 (5032., 5035., 5023., 5027.,  3011., 291527, 20220412094500)
 (5027., 5038., 5026., 5030.,  2288., 290870, 20220412100000)
 (5030., 5043., 5024., 5038.,  2276., 290809, 20220412101500)
 (5040., 5048., 5037., 5046.,  4140., 289370, 20220412104500)
 (5047., 5052., 5037., 5051.,  3421., 287893, 20220412110000)
 (5051., 5070., 5050., 5064.,  6671., 287602, 20220412111500)
 (5064., 5069., 5039., 5046.,  4869., 287883, 20220412113000)
 (5055., 5075., 5055., 5069., 11710., 285119, 20220412134500)
 (5068., 5070., 5054., 5065.,  4782., 283990, 20220412140000)
 (5065., 5093., 5056., 5092.,  9341., 282235, 20220412141500)
 (5092., 5097., 5082., 5090.,  6567., 280882, 20220412143000)
 (5090., 5099., 5080., 5090.,  6031., 278921, 20220412144500)
 (5090., 5096., 5082., 5094.,  4542., 277767, 20220412150000)]
2022-04-13 15:30:00  INFO  [(5100., 5100., 5070., 5082.,  8798., 274698, 20220412211500)
 (5082., 5091., 5077., 5088.,  4216., 273350, 20220412213000)
 (5088., 5091., 5074., 5074.,  2978., 273215, 20220412214500)
 (5074., 5079., 5070., 5077.,  2681., 272842, 20220412220000)
 (5077., 5081., 5063., 5065.,  2839., 272117, 20220412221500)
 (5065., 5074., 5056., 5058.,  3350., 271183, 20220412223000)
 (5058., 5077., 5058., 5071.,  2385., 271166, 20220412224500)
 (5071., 5093., 5070., 5089.,  3738., 271457, 20220412230000)
 (5080., 5080., 5050., 5061., 11437., 270147, 20220413091500)
 (5061., 5063., 5046., 5056.,  6866., 267391, 20220413093000)
 (5056., 5060., 5049., 5057.,  2851., 267006, 20220413094500)
 (5057., 5066., 5053., 5060.,  2646., 266461, 20220413100000)
 (5060., 5079., 5056., 5075.,  3597., 265308, 20220413101500)
 (5075., 5088., 5061., 5078.,  5492., 263889, 20220413104500)
 (5078., 5088., 5072., 5086.,  1878., 263470, 20220413110000)
 (5086., 5087., 5056., 5061.,  3504., 263198, 20220413111500)
 (5061., 5068., 5048., 5048.,  6091., 263167, 20220413113000)
 (5048., 5060., 5041., 5051.,  6163., 262199, 20220413134500)
 (5051., 5057., 5044., 5045.,  2114., 261943, 20220413140000)
 (5045., 5049., 5022., 5036.,  7824., 261400, 20220413141500)
 (5036., 5040., 5020., 5021.,  5033., 260887, 20220413143000)
 (5022., 5033., 5020., 5029.,  2758., 260269, 20220413144500)
 (5029., 5031., 5018., 5018.,  4432., 259232, 20220413150000)]
2022-04-14 15:30:00  INFO  [(5050., 5074., 5031., 5062., 17460., 254707, 20220413211500)
 (5062., 5063., 5051., 5060.,  2775., 254888, 20220413213000)
 (5060., 5069., 5054., 5068.,  3302., 253760, 20220413214500)
 (5067., 5080., 5060., 5078.,  3630., 253031, 20220413220000)
 (5078., 5081., 5062., 5065.,  3198., 252544, 20220413221500)
 (5065., 5071., 5063., 5066.,  1183., 252350, 20220413223000)
 (5066., 5069., 5058., 5064.,  2361., 252715, 20220413224500)
 (5064., 5066., 5055., 5060.,  1850., 252331, 20220413230000)
 (5065., 5076., 5054., 5056.,  4634., 252599, 20220414091500)
 (5056., 5070., 5056., 5062.,  2654., 252453, 20220414093000)
 (5061., 5061., 5045., 5049.,  5677., 252567, 20220414094500)
 (5049., 5064., 5049., 5050.,  2609., 252494, 20220414100000)
 (5050., 5063., 5047., 5059.,  3673., 252229, 20220414101500)
 (5057., 5062., 5049., 5052.,  3662., 250295, 20220414104500)
 (5052., 5064., 5048., 5064.,  1836., 250282, 20220414110000)
 (5064., 5067., 5051., 5058.,  1463., 250110, 20220414111500)
 (5061., 5076., 5057., 5074.,  4402., 249198, 20220414113000)
 (5074., 5105., 5074., 5092., 11858., 246942, 20220414134500)
 (5092., 5095., 5085., 5093.,  3777., 246082, 20220414140000)
 (5094., 5098., 5084., 5098.,  2787., 245871, 20220414141500)
 (5098., 5109., 5092., 5097.,  6102., 245763, 20220414143000)
 (5097., 5102., 5080., 5086.,  6734., 243995, 20220414144500)
 (5086., 5090., 5070., 5079.,  4269., 243077, 20220414150000)]
2022-04-15 15:30:00  INFO  [(5085., 5102., 5078., 5091., 10399., 237670, 20220414211500)
 (5091., 5114., 5090., 5112.,  5639., 235988, 20220414213000)
 (5112., 5114., 5103., 5111.,  2007., 235985, 20220414214500)
 (5111., 5114., 5084., 5092.,  3570., 235093, 20220414220000)
 (5092., 5101., 5090., 5101.,  1349., 234811, 20220414221500)
 (5101., 5108., 5092., 5107.,   886., 234596, 20220414223000)
 (5107., 5113., 5104., 5110.,  1463., 234423, 20220414224500)
 (5110., 5114., 5100., 5112.,  2340., 234092, 20220414230000)
 (5119., 5140., 5112., 5138.,  7472., 233386, 20220415091500)
 (5138., 5140., 5122., 5126.,  3379., 232611, 20220415093000)
 (5124., 5135., 5124., 5133.,  2133., 231869, 20220415094500)
 (5133., 5141., 5131., 5141.,  2085., 231052, 20220415100000)
 (5145., 5145., 5127., 5137.,  2600., 230304, 20220415101500)
 (5137., 5140., 5128., 5135.,  1629., 229792, 20220415104500)
 (5135., 5137., 5120., 5123.,  5057., 227537, 20220415110000)
 (5123., 5128., 5111., 5112.,  4914., 226035, 20220415111500)
 (5114., 5124., 5104., 5124.,  3566., 224998, 20220415113000)
 (5125., 5126., 5102., 5104.,  3031., 224435, 20220415134500)
 (5104., 5112., 5100., 5104.,  2029., 224178, 20220415140000)
 (5104., 5118., 5098., 5108.,  3021., 224108, 20220415141500)
 (5107., 5125., 5107., 5115.,  2148., 223480, 20220415143000)
 (5115., 5125., 5111., 5119.,  1676., 223107, 20220415144500)
 (5119., 5130., 5112., 5126.,  3899., 221689, 20220415150000)]
2022-04-18 15:30:00  INFO  [(5080., 5110., 5055., 5101., 12265., 219674, 20220415211500)
 (5101., 5101., 5081., 5090.,  2949., 219239, 20220415213000)
 (5090., 5114., 5086., 5112.,  3654., 218421, 20220415214500)
 (5112., 5128., 5112., 5119.,  4678., 217916, 20220415220000)
 (5119., 5126., 5111., 5115.,  1795., 217567, 20220415221500)
 (5115., 5125., 5111., 5117.,  1035., 217496, 20220415223000)
 (5117., 5124., 5106., 5123.,  1074., 217542, 20220415224500)
 (5123., 5123., 5111., 5116.,  1328., 217434, 20220415230000)
 (5107., 5119., 5095., 5103.,  5260., 217332, 20220418091500)
 (5103., 5118., 5100., 5112.,  2323., 216846, 20220418093000)
 (5112., 5130., 5103., 5112.,  2541., 216182, 20220418094500)
 (5111., 5118., 5103., 5108.,  1628., 216052, 20220418100000)
 (5108., 5140., 5095., 5103.,  6677., 215417, 20220418101500)
 (5099., 5109., 5094., 5099.,  2887., 214797, 20220418104500)
 (5099., 5120., 5099., 5116.,  2499., 214670, 20220418110000)
 (5116., 5131., 5113., 5130.,  3394., 214043, 20220418111500)
 (5130., 5150., 5127., 5141.,  7414., 212781, 20220418113000)
 (5138., 5149., 5126., 5134.,  4162., 212321, 20220418134500)
 (5134., 5143., 5131., 5133.,  1979., 212963, 20220418140000)
 (5133., 5140., 5130., 5131.,  1212., 213089, 20220418141500)
 (5131., 5139., 5125., 5135.,  1698., 212609, 20220418143000)
 (5135., 5139., 5128., 5131.,  1344., 212410, 20220418144500)
 (5131., 5138., 5127., 5131.,  2321., 211709, 20220418150000)]
2022-04-19 15:30:00  INFO  [(5110., 5147., 5110., 5141.,  6215., 209400, 20220418211500)
 (5141., 5147., 5136., 5144.,  1769., 209180, 20220418213000)
 (5143., 5152., 5140., 5150.,  2851., 208121, 20220418214500)
 (5150., 5150., 5141., 5141.,   938., 207922, 20220418220000)
 (5141., 5148., 5140., 5148.,  1275., 207482, 20220418221500)
 (5148., 5153., 5147., 5151.,  2054., 206871, 20220418223000)
 (5152., 5156., 5146., 5153.,  1336., 206847, 20220418224500)
 (5153., 5155., 5137., 5139.,  1694., 206374, 20220418230000)
 (5138., 5143., 5125., 5133.,  3026., 205459, 20220419091500)
 (5133., 5142., 5127., 5142.,  2682., 204943, 20220419093000)
 (5142., 5151., 5138., 5146.,  1887., 204087, 20220419094500)
 (5146., 5159., 5143., 5151.,  4577., 201984, 20220419100000)
 (5151., 5151., 5132., 5144.,  3548., 201544, 20220419101500)
 (5146., 5148., 5128., 5130.,  2916., 201346, 20220419104500)
 (5130., 5139., 5120., 5136.,  2558., 201116, 20220419110000)
 (5136., 5155., 5127., 5136.,  6016., 200113, 20220419111500)
 (5136., 5185., 5126., 5155., 11302., 198507, 20220419113000)
 (5153., 5181., 5144., 5156.,  7184., 197779, 20220419134500)
 (5156., 5159., 5148., 5154.,  2369., 197588, 20220419140000)
 (5154., 5156., 5147., 5151.,  2011., 197115, 20220419141500)
 (5151., 5151., 5120., 5120.,  4400., 196542, 20220419143000)
 (5124., 5129., 5100., 5103.,  6838., 195849, 20220419144500)
 (5103., 5128., 5090., 5106., 10599., 194703, 20220419150000)]
2022-04-20 15:30:00  INFO  [(5110., 5140., 5107., 5138., 5739., 193098, 20220419211500)
 (5136., 5145., 5128., 5135., 5065., 192930, 20220419213000)
 (5133., 5144., 5132., 5137., 2781., 192506, 20220419214500)
 (5136., 5148., 5134., 5148., 2440., 191857, 20220419220000)
 (5147., 5156., 5145., 5147., 3449., 190474, 20220419221500)
 (5147., 5158., 5146., 5155., 2014., 189897, 20220419223000)
 (5156., 5159., 5149., 5154., 1317., 189795, 20220419224500)
 (5154., 5164., 5153., 5159., 1731., 189935, 20220419230000)
 (5159., 5181., 5156., 5181., 5335., 188977, 20220420091500)
 (5181., 5182., 5164., 5174., 3369., 188345, 20220420093000)
 (5174., 5177., 5166., 5175., 2896., 187193, 20220420094500)
 (5175., 5180., 5170., 5179., 1513., 186665, 20220420100000)
 (5179., 5188., 5174., 5182., 2834., 185458, 20220420101500)
 (5182., 5197., 5180., 5197., 4076., 184465, 20220420104500)
 (5195., 5196., 5185., 5194., 1917., 184174, 20220420110000)
 (5194., 5199., 5189., 5198., 3394., 183167, 20220420111500)
 (5197., 5199., 5183., 5196., 2705., 182184, 20220420113000)
 (5191., 5199., 5170., 5174., 3937., 181430, 20220420134500)
 (5172., 5180., 5162., 5169., 2560., 180805, 20220420140000)
 (5169., 5181., 5166., 5175., 1680., 180527, 20220420141500)
 (5175., 5180., 5160., 5161., 3521., 179723, 20220420143000)
 (5161., 5178., 5160., 5172., 3040., 179159, 20220420144500)
 (5172., 5175., 5158., 5175., 4241., 178876, 20220420150000)]
2022-04-21 15:30:00  INFO  [(5177., 5188., 5167., 5168.,  5487., 177440, 20220420211500)
 (5168., 5173., 5161., 5166.,  2818., 176848, 20220420213000)
 (5166., 5176., 5166., 5170.,  1506., 176691, 20220420214500)
 (5170., 5171., 5161., 5168.,  1049., 176269, 20220420220000)
 (5167., 5168., 5161., 5165.,   577., 176037, 20220420221500)
 (5165., 5178., 5163., 5176.,   678., 175716, 20220420223000)
 (5176., 5180., 5172., 5177.,   603., 175586, 20220420224500)
 (5177., 5183., 5175., 5179.,  2189., 175666, 20220420230000)
 (5181., 5182., 5170., 5172.,  2353., 175608, 20220421091500)
 (5172., 5172., 5164., 5169.,  2137., 175109, 20220421093000)
 (5169., 5179., 5166., 5173.,   845., 175043, 20220421094500)
 (5173., 5175., 5165., 5173.,  1357., 174685, 20220421100000)
 (5173., 5182., 5173., 5179.,  1525., 174812, 20220421101500)
 (5179., 5193., 5175., 5192.,  3331., 173728, 20220421104500)
 (5192., 5194., 5183., 5190.,  1618., 173388, 20220421110000)
 (5190., 5193., 5183., 5184.,   905., 173117, 20220421111500)
 (5184., 5186., 5173., 5179.,  1191., 172768, 20220421113000)
 (5185., 5185., 5150., 5152.,  6775., 171539, 20220421134500)
 (5153., 5160., 5146., 5156.,  9360., 172416, 20220421140000)
 (5156., 5163., 5147., 5150.,  3956., 171913, 20220421141500)
 (5150., 5156., 5145., 5149.,  2068., 171859, 20220421143000)
 (5149., 5150., 5122., 5137., 10898., 171038, 20220421144500)
 (5137., 5160., 5135., 5154.,  6300., 169826, 20220421150000)]
2022-04-22 15:30:00  INFO  [(5158., 5161., 5141., 5148., 6330., 168727, 20220421211500)
 (5148., 5149., 5141., 5143., 2663., 168125, 20220421213000)
 (5143., 5157., 5143., 5153., 1185., 167655, 20220421214500)
 (5154., 5160., 5152., 5159.,  989., 167246, 20220421220000)
 (5159., 5163., 5154., 5162., 1272., 166739, 20220421221500)
 (5162., 5165., 5158., 5160.,  611., 166587, 20220421223000)
 (5160., 5163., 5151., 5155.,  695., 166590, 20220421224500)
 (5155., 5161., 5151., 5157.,  465., 166426, 20220421230000)
 (5157., 5158., 5123., 5124., 5503., 165521, 20220422091500)
 (5124., 5139., 5122., 5125., 3674., 164923, 20220422093000)
 (5125., 5137., 5123., 5126., 3011., 163993, 20220422094500)
 (5126., 5138., 5112., 5121., 6494., 162037, 20220422100000)
 (5124., 5142., 5119., 5139., 2273., 161586, 20220422101500)
 (5141., 5143., 5130., 5134., 1421., 161137, 20220422104500)
 (5134., 5139., 5124., 5126., 1779., 160885, 20220422110000)
 (5126., 5133., 5115., 5121., 3093., 160028, 20220422111500)
 (5121., 5135., 5120., 5126., 3537., 158554, 20220422113000)
 (5126., 5135., 5115., 5120., 3420., 158283, 20220422134500)
 (5118., 5138., 5115., 5134., 4193., 156848, 20220422140000)
 (5134., 5135., 5122., 5127., 1703., 156540, 20220422141500)
 (5127., 5129., 5122., 5127., 2835., 156372, 20220422143000)
 (5125., 5131., 5120., 5126., 2053., 155849, 20220422144500)
 (5126., 5135., 5121., 5121., 3238., 154258, 20220422150000)]
2022-04-25 15:30:00  INFO  [(5111., 5125., 5105., 5123.,  6151., 151475, 20220422211500)
 (5123., 5144., 5117., 5139.,  3102., 150637, 20220422213000)
 (5139., 5142., 5133., 5138.,  2220., 150214, 20220422214500)
 (5138., 5138., 5129., 5129.,  1112., 149947, 20220422220000)
 (5129., 5131., 5116., 5117.,  2123., 149361, 20220422221500)
 (5117., 5125., 5111., 5111.,  2427., 148154, 20220422223000)
 (5111., 5115., 5090., 5091.,  7083., 144690, 20220422224500)
 (5091., 5100., 5051., 5056., 10426., 139647, 20220422230000)
 (5021., 5062., 5013., 5043., 20801., 134422, 20220425091500)
 (5043., 5043., 5021., 5032.,  4778., 133104, 20220425093000)
 (5032., 5036., 5023., 5033.,  3050., 132773, 20220425094500)
 (5033., 5043., 5027., 5028.,  2274., 132242, 20220425100000)
 (5027., 5035., 5010., 5012.,  4240., 129991, 20220425101500)
 (5010., 5023., 4986., 5007., 11509., 125172, 20220425104500)
 (5007., 5021., 4999., 5015.,  2897., 124380, 20220425110000)
 (5015., 5044., 5010., 5040.,  3306., 123410, 20220425111500)
 (5040., 5047., 5013., 5029.,  2541., 122769, 20220425113000)
 (5028., 5044., 5015., 5037.,  1499., 122674, 20220425134500)
 (5037., 5038., 5011., 5016.,  1789., 122276, 20220425140000)
 (5019., 5023., 5005., 5010.,  1772., 122214, 20220425141500)
 (5010., 5025., 5005., 5017.,  2302., 121612, 20220425143000)
 (5018., 5025., 5002., 5004.,  3051., 120807, 20220425144500)
 (5004., 5007., 4980., 4989.,  8378., 117602, 20220425150000)]
2022-04-26 15:30:00  INFO  [(4972., 5013., 4972., 4985., 5868., 114739, 20220425211500)
 (4985., 5004., 4980., 4996., 2003., 114103, 20220425213000)
 (4996., 5000., 4988., 4991.,  901., 113637, 20220425214500)
 (4992., 4999., 4986., 4988., 1331., 112910, 20220425220000)
 (4987., 4995., 4980., 4987., 1678., 112288, 20220425221500)
 (4987., 4993., 4971., 4974., 2207., 111246, 20220425223000)
 (4977., 5001., 4975., 4994., 1054., 110942, 20220425224500)
 (4994., 5040., 4992., 5010., 2198., 110017, 20220425230000)
 (5020., 5048., 5013., 5028., 4551., 108165, 20220426091500)
 (5028., 5032., 5014., 5019., 2536., 106794, 20220426093000)
 (5019., 5036., 5015., 5033., 2829., 106417, 20220426094500)
 (5033., 5038., 5026., 5027., 1883., 105996, 20220426100000)
 (5027., 5041., 5026., 5037., 1288., 105426, 20220426101500)
 (5035., 5046., 5035., 5041., 1370., 104757, 20220426104500)
 (5041., 5054., 5041., 5049., 1208., 104261, 20220426110000)
 (5049., 5053., 5039., 5039.,  741., 104102, 20220426111500)
 (5039., 5062., 5038., 5061., 1085., 103728, 20220426113000)
 (5059., 5062., 5038., 5041., 2214., 102757, 20220426134500)
 (5041., 5052., 5041., 5044.,  750., 102480, 20220426140000)
 (5044., 5047., 5026., 5029., 1960., 101843, 20220426141500)
 (5027., 5035., 5026., 5027., 1029., 101492, 20220426143000)
 (5027., 5039., 5025., 5032.,  881., 101358, 20220426144500)
 (5032., 5039., 5025., 5027., 1127., 101026, 20220426150000)]
2022-04-27 15:30:00  INFO  [(5039., 5075., 5036., 5066., 11993., 92189, 20220426211500)
 (5066., 5069., 5060., 5061.,  1539., 91620, 20220426213000)
 (5063., 5065., 5056., 5065.,   731., 91280, 20220426214500)
 (5065., 5065., 5056., 5060.,   907., 91128, 20220426220000)
 (5061., 5062., 5055., 5058.,   451., 91003, 20220426221500)
 (5058., 5058., 5043., 5045.,  1390., 90506, 20220426223000)
 (5045., 5066., 5040., 5055.,  1013., 90485, 20220426224500)
 (5055., 5067., 5053., 5060.,  1078., 90203, 20220426230000)
 (5060., 5070., 5052., 5052.,  1887., 89751, 20220427091500)
 (5052., 5060., 5047., 5057.,  1500., 89252, 20220427093000)
 (5057., 5070., 5057., 5069.,   808., 88973, 20220427094500)
 (5069., 5070., 5064., 5070.,  1118., 88983, 20220427100000)
 (5070., 5070., 5052., 5060.,   856., 88617, 20220427101500)
 (5060., 5067., 5052., 5060.,   729., 88378, 20220427104500)
 (5060., 5068., 5051., 5066.,   871., 88017, 20220427110000)
 (5066., 5066., 5052., 5057.,  1171., 87607, 20220427111500)
 (5057., 5061., 5033., 5043.,  2342., 86550, 20220427113000)
 (5043., 5066., 5038., 5040.,  1617., 86291, 20220427134500)
 (5040., 5053., 5036., 5039.,   988., 85902, 20220427140000)
 (5041., 5045., 5030., 5042.,  1646., 85488, 20220427141500)
 (5041., 5057., 5031., 5052.,  1109., 85104, 20220427143000)
 (5053., 5060., 5050., 5056.,   611., 84874, 20220427144500)
 (5056., 5069., 5054., 5061.,  1365., 84140, 20220427150000)]
2022-04-28 15:30:00  INFO  [(5050., 5080., 5050., 5057., 2823., 81883, 20220427211500)
 (5055., 5058., 5034., 5040., 2312., 80925, 20220427213000)
 (5043., 5048., 5035., 5037., 1535., 80354, 20220427214500)
 (5040., 5047., 5032., 5041., 1163., 80028, 20220427220000)
 (5041., 5046., 5037., 5041.,  433., 79746, 20220427221500)
 (5041., 5042., 5025., 5029., 1784., 78779, 20220427223000)
 (5029., 5057., 5029., 5057.,  781., 78368, 20220427224500)
 (5057., 5067., 5052., 5058.,  845., 77921, 20220427230000)
 (5052., 5066., 5052., 5062.,  915., 77464, 20220428091500)
 (5062., 5072., 5059., 5064., 1295., 76954, 20220428093000)
 (5065., 5065., 5050., 5057., 1130., 76161, 20220428094500)
 (5059., 5062., 5044., 5048., 1029., 75762, 20220428100000)
 (5048., 5058., 5043., 5043., 1416., 75098, 20220428101500)
 (5046., 5054., 5040., 5045., 1308., 74148, 20220428104500)
 (5045., 5054., 5042., 5047., 1162., 73364, 20220428110000)
 (5043., 5053., 5040., 5046., 1096., 72811, 20220428111500)
 (5049., 5059., 5041., 5054.,  989., 72245, 20220428113000)
 (5051., 5062., 5035., 5057., 2870., 71216, 20220428134500)
 (5058., 5065., 5052., 5053., 1933., 70206, 20220428140000)
 (5056., 5060., 5046., 5052., 2354., 68680, 20220428141500)
 (5052., 5064., 5050., 5064.,  779., 68408, 20220428143000)
 (5060., 5075., 5057., 5073., 1727., 67463, 20220428144500)
 (5073., 5080., 5068., 5079., 2411., 66220, 20220428150000)]
2022-04-29 15:30:00  INFO  [(5080., 5086., 5064., 5079., 1837., 64767, 20220428211500)
 (5079., 5081., 5070., 5078., 1082., 64020, 20220428213000)
 (5078., 5081., 5070., 5077., 1223., 63095, 20220428214500)
 (5079., 5081., 5069., 5073., 1903., 61862, 20220428220000)
 (5073., 5085., 5073., 5084., 1274., 61183, 20220428221500)
 (5084., 5094., 5070., 5090., 1732., 60296, 20220428223000)
 (5090., 5105., 5088., 5101., 1468., 59196, 20220428224500)
 (5101., 5109., 5097., 5107., 1539., 58112, 20220428230000)
 (5107., 5148., 5107., 5146., 3731., 55360, 20220429091500)
 (5142., 5160., 5141., 5152., 3453., 53007, 20220429093000)
 (5154., 5159., 5147., 5157., 1581., 52269, 20220429094500)
 (5157., 5157., 5151., 5157.,  838., 51642, 20220429100000)
 (5157., 5179., 5153., 5178., 2463., 50107, 20220429101500)
 (5178., 5179., 5148., 5162., 2670., 48446, 20220429104500)
 (5159., 5171., 5156., 5166.,  715., 48165, 20220429110000)
 (5166., 5173., 5165., 5169., 1781., 46830, 20220429111500)
 (5169., 5175., 5167., 5172.,  923., 46185, 20220429113000)
 (5183., 5192., 5159., 5191., 6728., 42213, 20220429134500)
 (5191., 5199., 5188., 5198., 3501., 39148, 20220429140000)
 (5198., 5204., 5192., 5200., 3381., 36676, 20220429141500)
 (5199., 5200., 5190., 5199., 2380., 34791, 20220429143000)
 (5199., 5200., 5197., 5199., 2053., 32855, 20220429144500)
 (5199., 5211., 5170., 5211., 2626., 30633, 20220429150000)]
2022-05-05 15:30:00  INFO  [(5166., 5173., 5165., 5169., 1781., 46830, 20220429111500)
 (5169., 5175., 5167., 5172.,  923., 46185, 20220429113000)
 (5183., 5192., 5159., 5191., 6728., 42213, 20220429134500)
 (5191., 5199., 5188., 5198., 3501., 39148, 20220429140000)
 (5198., 5204., 5192., 5200., 3381., 36676, 20220429141500)
 (5199., 5200., 5190., 5199., 2380., 34791, 20220429143000)
 (5199., 5200., 5197., 5199., 2053., 32855, 20220429144500)
 (5199., 5211., 5170., 5211., 2626., 30633, 20220429150000)
 (5210., 5212., 5191., 5191.,  630., 30063, 20220505091500)
 (5191., 5210., 5191., 5200.,  840., 29373, 20220505093000)
 (5200., 5208., 5200., 5208.,  150., 29283, 20220505094500)
 (5208., 5208., 5197., 5208.,  180., 29163, 20220505100000)
 (5208., 5208., 5195., 5201.,  210., 29013, 20220505101500)
 (5201., 5205., 5193., 5205.,  363., 28680, 20220505104500)
 (5205., 5216., 5205., 5210., 1080., 27690, 20220505110000)
 (5210., 5213., 5210., 5213.,  210., 27480, 20220505111500)
 (5213., 5213., 5210., 5213.,  240., 27240, 20220505113000)
 (5213., 5217., 5213., 5217.,  750., 26490, 20220505134500)
 (5217., 5219., 5217., 5217.,  390., 26130, 20220505140000)
 (5217., 5220., 5211., 5219.,  360., 25770, 20220505141500)
 (5219., 5219., 5219., 5219.,   30., 25740, 20220505143000)
 (5219., 5219., 5200., 5200.,  330., 25470, 20220505144500)
 (5200., 5213., 5199., 5210.,  180., 25320, 20220505150000)]
2022-05-06 15:30:00  INFO  [(5223., 5223., 5215., 5215., 690., 24660, 20220505211500)
 (5215., 5215., 5202., 5202.,  60., 24600, 20220505213000)
 (5202., 5202., 5200., 5200.,  90., 24510, 20220505214500)
 (5200., 5200., 5196., 5196., 120., 24420, 20220505220000)
 (5196., 5196., 5176., 5176., 300., 24180, 20220505221500)
 (5176., 5196., 5176., 5194., 150., 24090, 20220505223000)
 (5194., 5194., 5194., 5194.,   0., 24090, 20220505224500)
 (5194., 5194., 5170., 5179., 360., 23880, 20220505230000)
 (5179., 5179., 5152., 5160., 180., 23700, 20220506091500)
 (5160., 5160., 5160., 5160.,   0., 23700, 20220506093000)
 (5160., 5160., 5150., 5155., 330., 23430, 20220506094500)
 (5155., 5158., 5155., 5155.,  90., 23400, 20220506100000)
 (5155., 5168., 5155., 5160.,  90., 23340, 20220506101500)
 (5160., 5167., 5160., 5160.,  60., 23280, 20220506104500)
 (5160., 5181., 5160., 5181.,  30., 23250, 20220506110000)
 (5174., 5174., 5165., 5165.,  60., 23190, 20220506111500)
 (5161., 5161., 5146., 5147., 690., 22500, 20220506113000)
 (5147., 5159., 5145., 5149., 240., 22320, 20220506134500)
 (5149., 5149., 5130., 5130., 780., 21930, 20220506140000)
 (5130., 5138., 5128., 5136., 300., 21690, 20220506141500)
 (5136., 5136., 5111., 5111., 330., 21390, 20220506143000)
 (5110., 5115., 5100., 5100., 330., 21120, 20220506144500)
 (5100., 5118., 5082., 5082., 360., 20790, 20220506150000)]
2022-05-09 15:30:00  INFO  [(5100., 5109., 5051., 5077., 1590., 19470, 20220506211500)
 (5077., 5090., 5075., 5090.,  840., 18780, 20220506213000)
 (5090., 5090., 5070., 5070.,  330., 18540, 20220506214500)
 (5070., 5095., 5070., 5095.,  150., 18390, 20220506220000)
 (5095., 5095., 5095., 5095.,    0., 18390, 20220506221500)
 (5095., 5095., 5089., 5089.,   30., 18360, 20220506223000)
 (5089., 5089., 5073., 5089.,  150., 18210, 20220506224500)
 (5089., 5089., 5076., 5085.,  300., 17940, 20220506230000)
 (5085., 5089., 5060., 5063.,  930., 17400, 20220509091500)
 (5063., 5086., 5063., 5077.,  450., 17160, 20220509093000)
 (5077., 5078., 5067., 5078.,  150., 17010, 20220509094500)
 (5078., 5095., 5078., 5095.,  180., 16890, 20220509100000)
 (5095., 5095., 5092., 5092.,   60., 16860, 20220509101500)
 (5092., 5092., 5091., 5091.,   30., 16860, 20220509104500)
 (5091., 5101., 5091., 5100.,  180., 16680, 20220509110000)
 (5100., 5100., 5092., 5097.,   90., 16620, 20220509111500)
 (5097., 5097., 5090., 5090.,   30., 16620, 20220509113000)
 (5090., 5090., 5090., 5090.,    0., 16620, 20220509134500)
 (5090., 5117., 5090., 5117.,  900., 16080, 20220509140000)
 (5117., 5139., 5111., 5132., 1230., 14880, 20220509141500)
 (5131., 5132., 5128., 5128.,  660., 14280, 20220509143000)
 (5128., 5128., 5128., 5128.,    0., 14280, 20220509144500)
 (5128., 5128., 5111., 5111.,  360., 13950, 20220509150000)]
2022-05-10 15:30:00  INFO  [(5111., 5117., 5087., 5117.,   60., 13920, 20220509211500)
 (5117., 5117., 5102., 5102.,   30., 13890, 20220509213000)
 (5102., 5113., 5102., 5113.,   30., 13860, 20220509214500)
 (5113., 5113., 5113., 5113.,   30., 13860, 20220509220000)
 (5113., 5116., 5110., 5110.,  180., 13680, 20220509221500)
 (5104., 5116., 5104., 5104.,  330., 13440, 20220509223000)
 (5104., 5104., 5095., 5104.,   60., 13410, 20220509224500)
 (5104., 5107., 5083., 5107.,  180., 13230, 20220509230000)
 (5107., 5107., 5055., 5055.,  480., 12810, 20220510091500)
 (5055., 5092., 5055., 5092.,   60., 12780, 20220510093000)
 (5092., 5092., 5085., 5087.,  240., 12600, 20220510094500)
 (5087., 5109., 5086., 5086.,  300., 12390, 20220510100000)
 (5086., 5109., 5086., 5109.,  270., 12120, 20220510101500)
 (5109., 5110., 5091., 5100.,  450., 11790, 20220510104500)
 (5100., 5100., 5094., 5094.,   90., 11700, 20220510110000)
 (5094., 5094., 5094., 5094.,    0., 11700, 20220510111500)
 (5094., 5100., 5094., 5095.,   90., 11610, 20220510113000)
 (5101., 5108., 5096., 5096.,  330., 11370, 20220510134500)
 (5096., 5100., 5095., 5098.,  450., 10920, 20220510140000)
 (5098., 5103., 5098., 5103.,  390., 10560, 20220510141500)
 (5103., 5103., 5099., 5100.,  360., 10200, 20220510143000)
 (5100., 5103., 5097., 5097.,  420.,  9960, 20220510144500)
 (5097., 5105., 5096., 5096., 1200.,  9360, 20220510150000)]
2022-05-11 15:30:00  INFO  [(5089., 5090., 5088., 5090., 1560., 7800, 20220510211500)
 (5090., 5090., 5080., 5080.,  810., 7230, 20220510213000)
 (5078., 5079., 5070., 5079.,  240., 7020, 20220510214500)
 (5079., 5080., 5068., 5068.,  390., 6660, 20220510220000)
 (5068., 5068., 5050., 5050.,  540., 6180, 20220510221500)
 (5050., 5055., 5040., 5040.,  240., 5940, 20220510223000)
 (5039., 5039., 5033., 5039.,  150., 5820, 20220510224500)
 (5039., 5039., 5020., 5033.,  150., 5700, 20220510230000)
 (5033., 5041., 5033., 5040.,  120., 5610, 20220511091500)
 (5040., 5042., 5040., 5042.,  180., 5430, 20220511093000)
 (5042., 5045., 5042., 5045.,  270., 5160, 20220511094500)
 (5045., 5045., 5045., 5045.,  150., 5010, 20220511100000)
 (5045., 5047., 5045., 5047.,  600., 4440, 20220511101500)
 (5047., 5047., 5045., 5047.,  330., 4230, 20220511104500)
 (5047., 5047., 5047., 5047.,    0., 4230, 20220511110000)
 (5047., 5047., 5042., 5042.,  390., 3840, 20220511111500)
 (5042., 5047., 5040., 5047.,  240., 3720, 20220511113000)
 (5047., 5048., 5042., 5048.,  390., 3450, 20220511134500)
 (5048., 5049., 5043., 5045.,  210., 3360, 20220511140000)
 (5045., 5050., 5045., 5045.,  270., 3090, 20220511141500)
 (5045., 5050., 5043., 5043.,  270., 2820, 20220511143000)
 (5043., 5050., 5042., 5050.,  360., 2460, 20220511144500)
 (5050., 5053., 5050., 5053.,  330., 2160, 20220511150000)]
2022-05-12 15:30:00  INFO  [(5053., 5053., 5053., 5053.,  0., 2160, 20220511211500)
 (5053., 5053., 5053., 5053.,  0., 2160, 20220511213000)
 (5053., 5053., 5053., 5053.,  0., 2160, 20220511214500)
 (5053., 5053., 5045., 5045., 60., 2100, 20220511220000)
 (5045., 5045., 5045., 5045.,  0., 2100, 20220511221500)
 (5035., 5038., 5025., 5025., 90., 2010, 20220511223000)
 (5025., 5025., 5025., 5025., 30., 1980, 20220511224500)
 (5025., 5025., 5025., 5025.,  0., 1980, 20220511230000)
 (5025., 5025., 5020., 5020., 60., 1920, 20220512091500)
 (5020., 5045., 5020., 5045., 30., 1890, 20220512093000)
 (5045., 5045., 5019., 5019., 60., 1830, 20220512094500)
 (5019., 5019., 5019., 5019.,  0., 1830, 20220512100000)
 (5019., 5044., 5019., 5044., 30., 1800, 20220512101500)
 (5044., 5044., 5044., 5044.,  0., 1800, 20220512104500)
 (5044., 5044., 5044., 5044.,  0., 1800, 20220512110000)
 (5044., 5044., 5044., 5044.,  0., 1800, 20220512111500)
 (5044., 5044., 5044., 5044.,  0., 1800, 20220512113000)
 (5044., 5044., 5044., 5044.,  0., 1800, 20220512134500)
 (5044., 5044., 5044., 5044.,  0., 1800, 20220512140000)
 (5044., 5044., 5042., 5042., 30., 1800, 20220512141500)
 (5042., 5042., 5010., 5010., 90., 1710, 20220512143000)
 (5010., 5010., 5010., 5010.,  0., 1710, 20220512144500)
 (5010., 5010., 5010., 5010.,  0., 1710, 20220512150000)]
2022-05-13 15:30:00  INFO  [(5010., 5010., 5010., 5010.,   0., 1710, 20220512211500)
 (5010., 5010., 5010., 5010.,   0., 1710, 20220512213000)
 (5010., 5010., 5010., 5010.,   0., 1710, 20220512214500)
 (5010., 5010., 5010., 5010.,   0., 1710, 20220512220000)
 (5010., 5024., 5010., 5024.,  30., 1710, 20220512221500)
 (5024., 5024., 5024., 5024.,   0., 1710, 20220512223000)
 (5024., 5024., 5024., 5024.,   0., 1710, 20220512224500)
 (5024., 5024., 5024., 5024.,  30., 1680, 20220512230000)
 (5024., 5025., 5024., 5025., 150., 1530, 20220513091500)
 (5025., 5025., 5025., 5025.,   0., 1530, 20220513093000)
 (5025., 5025., 5005., 5005.,  60., 1470, 20220513094500)
 (5005., 5005., 5005., 5005.,   0., 1470, 20220513100000)
 (5005., 5005., 5005., 5005.,   0., 1470, 20220513101500)
 (5005., 5023., 5005., 5010., 180., 1290, 20220513104500)
 (5010., 5010., 5010., 5010.,   0., 1290, 20220513110000)
 (5005., 5005., 5002., 5002.,  60., 1230, 20220513111500)
 (5002., 5009., 4980., 4980.,  90., 1140, 20220513113000)
 (4980., 4980., 4980., 4980.,   0., 1140, 20220513134500)
 (4980., 4980., 4980., 4980.,   0., 1140, 20220513140000)
 (4980., 5030., 4980., 5030., 210.,  960, 20220513141500)
 (5030., 5030., 5030., 5030.,   0.,  960, 20220513143000)
 (5030., 5030., 5030., 5030.,   0.,  960, 20220513144500)
 (5030., 5030., 5030., 5030.,   0.,  960, 20220513150000)]
2022-05-16 15:30:00  INFO  [(5030., 5030., 5030., 5030.,  0., 960, 20220513211500)
 (5030., 5030., 5030., 5030.,  0., 960, 20220513213000)
 (5030., 5030., 5030., 5030.,  0., 960, 20220513214500)
 (5030., 5030., 5030., 5030.,  0., 960, 20220513220000)
 (5030., 5030., 5030., 5030.,  0., 960, 20220513221500)
 (5030., 5030., 5030., 5030.,  0., 960, 20220513223000)
 (5030., 5030., 5030., 5030.,  0., 960, 20220513224500)
 (5030., 5030., 5030., 5030.,  0., 960, 20220513230000)
 (5030., 5030., 5030., 5030.,  0., 960, 20220516091500)
 (5030., 5030., 5030., 5030.,  0., 960, 20220516093000)
 (5030., 5030., 5030., 5030.,  0., 960, 20220516094500)
 (5030., 5030., 5030., 5030.,  0., 960, 20220516100000)
 (5030., 5030., 5030., 5030., 30., 930, 20220516101500)
 (5030., 5030., 5030., 5030.,  0., 930, 20220516104500)
 (5030., 5030., 5030., 5030.,  0., 930, 20220516110000)
 (5030., 5030., 5030., 5030.,  0., 930, 20220516111500)
 (5030., 5030., 5030., 5030.,  0., 930, 20220516113000)
 (5030., 5030., 5030., 5030.,  0., 930, 20220516134500)
 (5030., 5070., 5030., 5070., 30., 900, 20220516140000)
 (5070., 5070., 5070., 5070.,  0., 900, 20220516141500)
 (5070., 5070., 5070., 5070.,  0., 900, 20220516143000)
 (5070., 5070., 5070., 5070.,  0., 900, 20220516144500)
 (5070., 5070., 5070., 5070.,  0., 900, 20220516150000)]
