2021-10-18 15:30:00  INFO  [(5160., 5179., 5125., 5128., 1230., 1065, 20211015211500)
 (5130., 5130., 5118., 5124.,  920., 1871, 20211015213000)
 (5122., 5122., 5101., 5103.,  256., 2072, 20211015214500)
 (5103., 5109., 5100., 5105.,  159., 2194, 20211015220000)
 (5105., 5117., 5102., 5102.,   79., 2238, 20211015221500)
 (5102., 5102., 5070., 5086.,  623., 2743, 20211015223000)
 (5090., 5109., 5080., 5100.,  179., 2767, 20211015224500)
 (5100., 5100., 5070., 5070.,  124., 2839, 20211015230000)
 (5065., 5089., 5050., 5082.,  590., 3323, 20211018091500)
 (5082., 5082., 5010., 5013., 1331., 4503, 20211018093000)
 (5013., 5015., 5000., 5006.,  152., 4614, 20211018094500)
 (5005., 5013., 5000., 5009.,  394., 4778, 20211018100000)
 (5009., 5042., 5004., 5036.,  663., 4951, 20211018101500)
 (5036., 5057., 5033., 5052.,  354., 4956, 20211018104500)
 (5052., 5068., 5048., 5067.,  405., 4955, 20211018110000)
 (5067., 5067., 5050., 5051.,  184., 5050, 20211018111500)
 (5051., 5060., 5039., 5060.,  263., 5157, 20211018113000)
 (5060., 5065., 5017., 5023.,  963., 5818, 20211018134500)
 (5023., 5028., 5000., 5009.,  526., 5963, 20211018140000)
 (5009., 5025., 5003., 5024.,  175., 5931, 20211018141500)
 (5024., 5030., 5014., 5030., 1114., 6880, 20211018143000)
 (5030., 5049., 5024., 5040.,  122., 6854, 20211018144500)
 (5040., 5050., 5030., 5030., 1196., 7897, 20211018150000)]
2021-10-19 15:30:00  INFO  [(5029., 5042., 5010., 5042., 2370., 10048, 20211018211500)
 (5042., 5050., 5030., 5031.,  190., 10152, 20211018213000)
 (5031., 5039., 5028., 5033.,  366., 10371, 20211018214500)
 (5033., 5055., 5031., 5050.,  267., 10347, 20211018220000)
 (5050., 5051., 5040., 5046.,   73., 10360, 20211018221500)
 (5045., 5058., 5045., 5048.,  324., 10299, 20211018223000)
 (5048., 5052., 5036., 5037.,   82., 10339, 20211018224500)
 (5037., 5045., 5032., 5039.,  159., 10347, 20211018230000)
 (5039., 5044., 5030., 5033.,  852., 11012, 20211019091500)
 (5031., 5034., 5030., 5030., 1437., 11826, 20211019093000)
 (5030., 5032., 5025., 5030.,  817., 12325, 20211019094500)
 (5030., 5048., 5029., 5040.,  163., 12336, 20211019100000)
 (5040., 5050., 5036., 5043.,  133., 12320, 20211019101500)
 (5043., 5058., 5040., 5048.,  888., 12576, 20211019104500)
 (5048., 5054., 5030., 5036.,  875., 12547, 20211019110000)
 (5036., 5046., 5031., 5046.,  145., 12454, 20211019111500)
 (5046., 5055., 5040., 5055.,  412., 12431, 20211019113000)
 (5050., 5078., 5050., 5072., 1072., 12274, 20211019134500)
 (5072., 5086., 5068., 5080.,  336., 12139, 20211019140000)
 (5080., 5101., 5079., 5101.,  357., 12182, 20211019141500)
 (5102., 5102., 5089., 5099.,  271., 12234, 20211019143000)
 (5099., 5112., 5094., 5109.,  835., 12118, 20211019144500)
 (5109., 5130., 5091., 5121.,  257., 12014, 20211019150000)]
2021-10-20 15:30:00  INFO  [(5158., 5158., 5063., 5063., 707., 12195, 20211019211500)
 (5063., 5065., 5023., 5057., 842., 12170, 20211019213000)
 (5057., 5062., 5018., 5018., 630., 12127, 20211019214500)
 (5018., 5030., 5011., 5020., 267., 12162, 20211019220000)
 (5020., 5035., 5011., 5011., 236., 12110, 20211019221500)
 (5011., 5029., 5011., 5020., 290., 12222, 20211019223000)
 (5020., 5021., 5000., 5006., 836., 12806, 20211019224500)
 (5006., 5035., 5003., 5021., 157., 12744, 20211019230000)
 (5021., 5021., 5000., 5001., 761., 13002, 20211020091500)
 (5001., 5010., 4997., 5006., 540., 13254, 20211020093000)
 (5006., 5009., 4980., 4984., 791., 13647, 20211020094500)
 (4983., 4996., 4980., 4981., 490., 13861, 20211020100000)
 (4980., 5002., 4980., 4994., 144., 13836, 20211020101500)
 (4994., 4996., 4980., 4984., 234., 13959, 20211020104500)
 (4984., 4992., 4978., 4980., 239., 14004, 20211020110000)
 (4980., 4997., 4980., 4991., 113., 14021, 20211020111500)
 (4991., 5012., 4984., 4996., 261., 14005, 20211020113000)
 (4996., 5008., 4982., 5007., 209., 14079, 20211020134500)
 (5007., 5011., 4998., 5005., 138., 14127, 20211020140000)
 (5005., 5005., 4986., 4994.,  68., 14141, 20211020141500)
 (4994., 4994., 4985., 4985., 118., 14208, 20211020143000)
 (4985., 4988., 4978., 4980., 271., 14319, 20211020144500)
 (4980., 4986., 4930., 4930., 843., 14840, 20211020150000)]
2021-10-21 15:30:00  INFO  [(4914., 4949., 4891., 4930., 1206., 15410, 20211020211500)
 (4930., 4958., 4929., 4945.,  542., 15507, 20211020213000)
 (4945., 4980., 4937., 4952.,  422., 15597, 20211020214500)
 (4952., 4974., 4951., 4959.,  179., 15578, 20211020220000)
 (4960., 4973., 4958., 4973.,  105., 15596, 20211020221500)
 (4973., 4976., 4966., 4968.,   85., 15606, 20211020223000)
 (4968., 4977., 4955., 4957.,  165., 15650, 20211020224500)
 (4957., 4962., 4947., 4962.,  217., 15741, 20211020230000)
 (4965., 4985., 4965., 4970.,  403., 15822, 20211021091500)
 (4970., 4985., 4970., 4970.,   82., 15845, 20211021093000)
 (4970., 4996., 4970., 4986.,  395., 15888, 20211021094500)
 (4986., 4995., 4985., 4989.,   86., 15922, 20211021100000)
 (4989., 4992., 4941., 4942.,  230., 15947, 20211021101500)
 (4944., 4970., 4928., 4930.,  700., 16041, 20211021104500)
 (4931., 4938., 4911., 4933.,  747., 16079, 20211021110000)
 (4933., 4948., 4929., 4941.,  104., 16071, 20211021111500)
 (4941., 4954., 4932., 4949.,  175., 16105, 20211021113000)
 (4949., 4949., 4871., 4891., 1394., 16767, 20211021134500)
 (4891., 4898., 4819., 4841., 2201., 17839, 20211021140000)
 (4841., 4843., 4805., 4830., 1721., 18796, 20211021141500)
 (4830., 4849., 4800., 4801., 2254., 19961, 20211021143000)
 (4801., 4806., 4728., 4742., 2800., 21071, 20211021144500)
 (4742., 4747., 4624., 4661., 2990., 22751, 20211021150000)]
2021-10-22 15:30:00  INFO  [(4661., 4748., 4650., 4684., 2031., 23052, 20211021211500)
 (4684., 4697., 4616., 4616., 2820., 23228, 20211021213000)
 (4616., 4668., 4593., 4598., 2976., 23607, 20211021214500)
 (4598., 4630., 4588., 4628., 1359., 23963, 20211021220000)
 (4625., 4680., 4624., 4643.,  707., 24005, 20211021221500)
 (4643., 4643., 4605., 4617.,  782., 24041, 20211021223000)
 (4617., 4642., 4612., 4631.,  340., 24018, 20211021224500)
 (4631., 4645., 4624., 4643.,  240., 24016, 20211021230000)
 (4648., 4688., 4635., 4659., 1743., 24621, 20211022091500)
 (4659., 4664., 4630., 4630.,  567., 24843, 20211022093000)
 (4630., 4633., 4591., 4600., 1365., 25538, 20211022094500)
 (4592., 4634., 4589., 4595.,  680., 25684, 20211022100000)
 (4596., 4615., 4590., 4597.,  570., 25875, 20211022101500)
 (4595., 4606., 4565., 4571., 1221., 26288, 20211022104500)
 (4571., 4593., 4556., 4574., 1067., 26711, 20211022110000)
 (4574., 4593., 4554., 4577.,  763., 26776, 20211022111500)
 (4584., 4626., 4570., 4593., 1148., 26854, 20211022113000)
 (4609., 4621., 4564., 4583., 1205., 27054, 20211022134500)
 (4583., 4597., 4571., 4575.,  346., 27049, 20211022140000)
 (4575., 4577., 4511., 4531., 1505., 27467, 20211022141500)
 (4531., 4575., 4531., 4568.,  839., 27405, 20211022143000)
 (4570., 4586., 4552., 4583.,  482., 27428, 20211022144500)
 (4583., 4603., 4562., 4589., 1342., 27578, 20211022150000)]
2021-10-25 15:30:00  INFO  [(4594., 4637., 4575., 4582., 2501., 28777, 20211022211500)
 (4582., 4596., 4577., 4590.,  764., 28794, 20211022213000)
 (4590., 4620., 4586., 4620.,  494., 28762, 20211022214500)
 (4620., 4620., 4593., 4602.,  349., 28806, 20211022220000)
 (4602., 4603., 4580., 4596.,  491., 28892, 20211022221500)
 (4596., 4598., 4571., 4583.,  520., 28914, 20211022223000)
 (4583., 4584., 4550., 4576.,  561., 28986, 20211022224500)
 (4576., 4631., 4571., 4600., 1155., 28817, 20211022230000)
 (4600., 4627., 4572., 4606., 2195., 29238, 20211025091500)
 (4606., 4625., 4596., 4596.,  495., 29264, 20211025093000)
 (4596., 4605., 4584., 4599.,  507., 29346, 20211025094500)
 (4599., 4602., 4562., 4581.,  602., 29526, 20211025100000)
 (4581., 4615., 4569., 4609.,  962., 29440, 20211025101500)
 (4609., 4625., 4603., 4614.,  508., 29392, 20211025104500)
 (4614., 4614., 4591., 4593.,  380., 29543, 20211025110000)
 (4593., 4598., 4580., 4583.,  401., 29697, 20211025111500)
 (4583., 4595., 4575., 4575.,  252., 29761, 20211025113000)
 (4575., 4584., 4559., 4569., 1060., 30094, 20211025134500)
 (4573., 4575., 4543., 4547., 1313., 30549, 20211025140000)
 (4547., 4575., 4545., 4552., 2437., 32680, 20211025141500)
 (4552., 4558., 4546., 4548.,  775., 33247, 20211025143000)
 (4548., 4550., 4523., 4530., 2859., 35583, 20211025144500)
 (4529., 4532., 4503., 4511., 1617., 36569, 20211025150000)]
2021-10-26 15:30:00  INFO  [(4505., 4533., 4482., 4531., 5903., 40494, 20211025211500)
 (4531., 4544., 4512., 4514.,  592., 40420, 20211025213000)
 (4514., 4515., 4481., 4486., 1383., 41038, 20211025214500)
 (4486., 4500., 4480., 4497., 1039., 41093, 20211025220000)
 (4497., 4521., 4495., 4503.,  339., 41073, 20211025221500)
 (4503., 4519., 4502., 4506.,  225., 41115, 20211025223000)
 (4506., 4512., 4484., 4485.,  678., 41427, 20211025224500)
 (4485., 4510., 4481., 4505.,  780., 41379, 20211025230000)
 (4505., 4530., 4501., 4525.,  628., 41421, 20211026091500)
 (4525., 4530., 4512., 4518.,  405., 41612, 20211026093000)
 (4518., 4520., 4490., 4491.,  783., 41964, 20211026094500)
 (4491., 4513., 4491., 4498., 1544., 42177, 20211026100000)
 (4498., 4528., 4493., 4528.,  610., 42077, 20211026101500)
 (4528., 4544., 4489., 4491., 3506., 43008, 20211026104500)
 (4491., 4524., 4485., 4507., 2335., 44588, 20211026110000)
 (4507., 4522., 4506., 4521.,  675., 44493, 20211026111500)
 (4521., 4530., 4507., 4528.,  751., 44466, 20211026113000)
 (4528., 4536., 4500., 4500., 2182., 45625, 20211026134500)
 (4500., 4520., 4498., 4509., 2004., 46746, 20211026140000)
 (4509., 4516., 4492., 4501.,  942., 47003, 20211026141500)
 (4501., 4519., 4501., 4509.,  500., 46916, 20211026143000)
 (4509., 4515., 4497., 4504.,  417., 47174, 20211026144500)
 (4504., 4511., 4502., 4506., 1136., 47644, 20211026150000)]
2021-10-27 15:30:00  INFO  [(4496., 4546., 4496., 4546., 2365., 48346, 20211026211500)
 (4547., 4566., 4540., 4551., 1628., 48399, 20211026213000)
 (4552., 4571., 4550., 4551.,  649., 48319, 20211026214500)
 (4551., 4557., 4543., 4549.,  562., 48236, 20211026220000)
 (4549., 4554., 4541., 4541.,  184., 48322, 20211026221500)
 (4541., 4543., 4523., 4525.,  376., 48372, 20211026223000)
 (4525., 4530., 4514., 4529.,  545., 48603, 20211026224500)
 (4529., 4534., 4508., 4508., 1267., 48986, 20211026230000)
 (4508., 4508., 4400., 4436., 5565., 50595, 20211027091500)
 (4436., 4439., 4400., 4407., 1625., 51530, 20211027093000)
 (4407., 4410., 4368., 4380., 2556., 52771, 20211027094500)
 (4380., 4382., 4310., 4310., 4150., 55784, 20211027100000)
 (4310., 4343., 4286., 4289., 3349., 57096, 20211027101500)
 (4295., 4326., 4264., 4304., 1926., 57808, 20211027104500)
 (4304., 4350., 4298., 4336., 1275., 57909, 20211027110000)
 (4336., 4352., 4313., 4342., 1198., 58197, 20211027111500)
 (4342., 4360., 4327., 4330.,  637., 58087, 20211027113000)
 (4330., 4330., 4289., 4290., 1862., 59030, 20211027134500)
 (4290., 4333., 4290., 4333., 2320., 60484, 20211027140000)
 (4333., 4340., 4301., 4322., 3504., 62688, 20211027141500)
 (4322., 4336., 4308., 4308., 1280., 63656, 20211027143000)
 (4308., 4312., 4280., 4286., 1756., 64253, 20211027144500)
 (4285., 4309., 4281., 4286.,  741., 64134, 20211027150000)]
2021-10-28 15:30:00  INFO  [(4290., 4295., 4200., 4206., 8214., 68395, 20211027211500)
 (4206., 4222., 4189., 4222., 2644., 68832, 20211027213000)
 (4222., 4249., 4214., 4225., 1928., 68383, 20211027214500)
 (4227., 4235., 4220., 4227.,  563., 68249, 20211027220000)
 (4227., 4248., 4227., 4236.,  814., 67912, 20211027221500)
 (4236., 4238., 4213., 4220.,  436., 67973, 20211027223000)
 (4220., 4232., 4213., 4216.,  314., 67912, 20211027224500)
 (4216., 4232., 4211., 4232.,  564., 67782, 20211027230000)
 (4230., 4244., 4217., 4233.,  839., 67778, 20211028091500)
 (4233., 4260., 4233., 4260., 3279., 69586, 20211028093000)
 (4261., 4315., 4254., 4290., 2913., 69522, 20211028094500)
 (4290., 4299., 4251., 4260., 1349., 70109, 20211028100000)
 (4260., 4269., 4245., 4245.,  366., 70157, 20211028101500)
 (4245., 4245., 4201., 4215., 2161., 70654, 20211028104500)
 (4215., 4268., 4215., 4267.,  861., 70534, 20211028110000)
 (4267., 4268., 4235., 4241.,  277., 70576, 20211028111500)
 (4241., 4242., 4208., 4219.,  626., 70679, 20211028113000)
 (4219., 4219., 4147., 4200., 4262., 71977, 20211028134500)
 (4200., 4334., 4198., 4329., 5703., 70683, 20211028140000)
 (4332., 4460., 4310., 4384., 8441., 69014, 20211028141500)
 (4381., 4413., 4366., 4376., 3149., 68815, 20211028143000)
 (4376., 4379., 4301., 4317., 1919., 68934, 20211028144500)
 (4317., 4375., 4317., 4360., 2114., 68953, 20211028150000)]
2021-10-29 15:30:00  INFO  [(4355., 4366., 4324., 4331., 3557., 70728, 20211028211500)
 (4331., 4338., 4306., 4310.,  536., 70958, 20211028213000)
 (4310., 4313., 4284., 4305.,  997., 71147, 20211028214500)
 (4305., 4310., 4281., 4310.,  872., 71392, 20211028220000)
 (4310., 4310., 4289., 4291.,  415., 71425, 20211028221500)
 (4291., 4320., 4290., 4313.,  403., 71443, 20211028223000)
 (4314., 4318., 4303., 4305.,  211., 71447, 20211028224500)
 (4305., 4327., 4305., 4323.,  366., 71337, 20211028230000)
 (4323., 4357., 4322., 4340., 1487., 71192, 20211029091500)
 (4340., 4353., 4330., 4340.,  942., 71485, 20211029093000)
 (4340., 4375., 4340., 4342., 1708., 71805, 20211029094500)
 (4342., 4360., 4335., 4338.,  362., 71844, 20211029100000)
 (4338., 4348., 4307., 4321., 1045., 72048, 20211029101500)
 (4317., 4337., 4288., 4323., 1986., 72100, 20211029104500)
 (4323., 4330., 4301., 4310.,  940., 72421, 20211029110000)
 (4310., 4316., 4297., 4314.,  517., 72564, 20211029111500)
 (4314., 4318., 4294., 4303.,  569., 72551, 20211029113000)
 (4305., 4305., 4275., 4297., 2113., 73481, 20211029134500)
 (4297., 4308., 4283., 4303.,  522., 73448, 20211029140000)
 (4303., 4318., 4286., 4286.,  479., 73398, 20211029141500)
 (4286., 4292., 4256., 4263.,  797., 73706, 20211029143000)
 (4263., 4277., 4258., 4260.,  612., 73795, 20211029144500)
 (4260., 4281., 4225., 4275., 2078., 74026, 20211029150000)]
2021-11-01 15:30:00  INFO  [(4265., 4285., 4245., 4271., 2880., 75206, 20211029211500)
 (4271., 4294., 4270., 4281., 1145., 74931, 20211029213000)
 (4281., 4282., 4256., 4268., 1029., 75249, 20211029214500)
 (4268., 4284., 4264., 4277.,  338., 75200, 20211029220000)
 (4277., 4277., 4251., 4261.,  560., 75304, 20211029221500)
 (4261., 4265., 4246., 4254.,  309., 75355, 20211029223000)
 (4253., 4276., 4251., 4265.,  455., 75283, 20211029224500)
 (4265., 4284., 4265., 4279.,  338., 75203, 20211029230000)
 (4279., 4300., 4245., 4256., 2168., 75562, 20211101091500)
 (4256., 4258., 4220., 4239., 3037., 77151, 20211101093000)
 (4239., 4247., 4226., 4235.,  317., 77143, 20211101094500)
 (4235., 4245., 4211., 4222.,  705., 77455, 20211101100000)
 (4222., 4234., 4180., 4195., 2562., 78886, 20211101101500)
 (4195., 4205., 4150., 4169., 3283., 79372, 20211101104500)
 (4170., 4186., 4151., 4151., 1164., 79440, 20211101110000)
 (4151., 4179., 4144., 4176., 1731., 79870, 20211101111500)
 (4176., 4177., 4148., 4156.,  424., 80023, 20211101113000)
 (4156., 4178., 4150., 4155.,  530., 80056, 20211101134500)
 (4155., 4161., 4143., 4150., 1946., 81648, 20211101140000)
 (4150., 4150., 4115., 4121., 2498., 83148, 20211101141500)
 (4121., 4150., 4100., 4124., 2704., 83899, 20211101143000)
 (4119., 4123., 4101., 4116.,  746., 83872, 20211101144500)
 (4116., 4129., 4104., 4107.,  603., 83760, 20211101150000)]
2021-11-02 15:30:00  INFO  [(4100., 4126., 4084., 4126., 5711.,  86200, 20211101211500)
 (4126., 4145., 4122., 4129., 2834.,  87339, 20211101213000)
 (4130., 4132., 4090., 4094., 1417.,  88117, 20211101214500)
 (4094., 4109., 4090., 4101.,  330.,  88117, 20211101220000)
 (4101., 4105., 4090., 4095.,  228.,  88178, 20211101221500)
 (4095., 4105., 4092., 4100.,  155.,  88176, 20211101223000)
 (4100., 4119., 4090., 4095.,  537.,  88366, 20211101224500)
 (4095., 4102., 4078., 4078., 1118.,  88968, 20211101230000)
 (4075., 4087., 4060., 4074., 1374.,  89221, 20211102091500)
 (4074., 4111., 4074., 4080., 1349.,  89590, 20211102093000)
 (4080., 4104., 4077., 4092.,  629.,  89735, 20211102094500)
 (4092., 4103., 4085., 4103., 1251.,  90737, 20211102100000)
 (4104., 4121., 4081., 4082., 1144.,  90652, 20211102101500)
 (4082., 4088., 4050., 4051., 1748.,  91373, 20211102104500)
 (4051., 4066., 3985., 3985., 5156.,  92418, 20211102110000)
 (3985., 4002., 3910., 3924., 4603.,  93995, 20211102111500)
 (3924., 3950., 3880., 3880., 5786.,  94713, 20211102113000)
 (3868., 3920., 3861., 3920., 5246.,  95255, 20211102134500)
 (3920., 3975., 3910., 3928., 3594.,  95131, 20211102140000)
 (3928., 3964., 3928., 3933., 2315.,  95722, 20211102141500)
 (3933., 3943., 3908., 3908., 3873.,  98750, 20211102143000)
 (3908., 3930., 3900., 3916.,  638.,  98836, 20211102144500)
 (3916., 3918., 3887., 3917., 2612., 100254, 20211102150000)]
2021-11-03 15:30:00  INFO  [(3920., 4006., 3920., 3980., 3939., 100271, 20211102211500)
 (3980., 3988., 3951., 3968., 1494., 100227, 20211102213000)
 (3968., 4009., 3961., 4007., 1086., 100151, 20211102214500)
 (4007., 4019., 3992., 4013., 1522., 100345, 20211102220000)
 (4013., 4016., 4000., 4013.,  431., 100330, 20211102221500)
 (4013., 4024., 4002., 4003.,  546., 100224, 20211102223000)
 (4002., 4013., 3982., 3982.,  935., 100228, 20211102224500)
 (3982., 3987., 3961., 3978.,  665., 100308, 20211102230000)
 (3978., 4011., 3972., 3988., 1888., 100549, 20211103091500)
 (3988., 4029., 3988., 4013., 1142., 100515, 20211103093000)
 (4013., 4038., 4005., 4034.,  840., 100427, 20211103094500)
 (4034., 4054., 4026., 4034., 1516., 100376, 20211103100000)
 (4034., 4060., 4011., 4053., 1079., 100192, 20211103101500)
 (4060., 4150., 4060., 4091., 4122.,  99738, 20211103104500)
 (4091., 4106., 4077., 4080., 2411., 101223, 20211103110000)
 (4080., 4110., 4078., 4102.,  782., 101263, 20211103111500)
 (4102., 4113., 4090., 4091.,  691., 101362, 20211103113000)
 (4100., 4100., 4051., 4060., 2210., 102000, 20211103134500)
 (4060., 4069., 4032., 4051., 3446., 104322, 20211103140000)
 (4051., 4061., 4040., 4052.,  549., 104326, 20211103141500)
 (4052., 4072., 4045., 4072., 2150., 105797, 20211103143000)
 (4072., 4100., 4062., 4097., 4953., 109098, 20211103144500)
 (4097., 4117., 4089., 4102., 2448., 109817, 20211103150000)]
2021-11-04 15:30:00  INFO  [(4101., 4113., 4083., 4092., 4795., 112460, 20211103211500)
 (4092., 4096., 4072., 4072.,  715., 112455, 20211103213000)
 (4072., 4080., 4063., 4079.,  927., 112380, 20211103214500)
 (4077., 4088., 4066., 4069.,  891., 112850, 20211103220000)
 (4069., 4078., 4050., 4063., 1048., 113195, 20211103221500)
 (4063., 4073., 4042., 4048.,  496., 113203, 20211103223000)
 (4048., 4054., 4023., 4043., 2550., 114629, 20211103224500)
 (4043., 4043., 3995., 3997., 1725., 114886, 20211103230000)
 (3997., 4027., 3972., 3997., 4966., 117034, 20211104091500)
 (3997., 4042., 3995., 4038., 1774., 117413, 20211104093000)
 (4037., 4044., 4022., 4025.,  749., 117360, 20211104094500)
 (4025., 4039., 4020., 4031.,  654., 117350, 20211104100000)
 (4035., 4048., 4013., 4019.,  533., 117392, 20211104101500)
 (4019., 4041., 4009., 4010., 1121., 117307, 20211104104500)
 (4010., 4023., 3979., 3982., 1344., 117792, 20211104110000)
 (3982., 4002., 3958., 3963., 2092., 118306, 20211104111500)
 (3963., 3983., 3947., 3962., 2162., 118414, 20211104113000)
 (3964., 3989., 3921., 3937., 3284., 119123, 20211104134500)
 (3937., 3939., 3888., 3919., 7067., 122205, 20211104140000)
 (3920., 3957., 3895., 3895., 4064., 122364, 20211104141500)
 (3895., 3914., 3890., 3913., 2058., 122645, 20211104143000)
 (3913., 3942., 3910., 3938., 2085., 122597, 20211104144500)
 (3938., 3950., 3925., 3940., 1091., 122616, 20211104150000)]
2021-11-05 15:30:00  INFO  [(3940., 3958., 3894., 3894., 4373., 125032, 20211104211500)
 (3896., 3909., 3888., 3895., 1852., 125347, 20211104213000)
 (3895., 3905., 3877., 3880., 2478., 125983, 20211104214500)
 (3880., 3899., 3864., 3887., 2877., 126322, 20211104220000)
 (3885., 3887., 3860., 3862., 1554., 126937, 20211104221500)
 (3862., 3884., 3862., 3880., 1181., 126990, 20211104223000)
 (3878., 3882., 3864., 3877.,  628., 126937, 20211104224500)
 (3879., 3886., 3860., 3864.,  903., 126786, 20211104230000)
 (3864., 3912., 3860., 3903., 3863., 126662, 20211105091500)
 (3901., 3919., 3900., 3907., 1559., 126962, 20211105093000)
 (3909., 3946., 3906., 3945., 1997., 127163, 20211105094500)
 (3945., 3953., 3934., 3934., 1746., 127759, 20211105100000)
 (3934., 3937., 3914., 3922., 1454., 127819, 20211105101500)
 (3922., 3933., 3900., 3904.,  966., 127931, 20211105104500)
 (3905., 3920., 3902., 3917., 1310., 128050, 20211105110000)
 (3917., 3942., 3911., 3939.,  723., 127899, 20211105111500)
 (3939., 3955., 3926., 3932., 2629., 128226, 20211105113000)
 (3930., 3995., 3929., 3976., 2140., 127823, 20211105134500)
 (3974., 3985., 3946., 3950., 3180., 129992, 20211105140000)
 (3950., 3950., 3926., 3941., 3781., 133148, 20211105141500)
 (3939., 3954., 3932., 3946., 4926., 136754, 20211105143000)
 (3946., 3953., 3933., 3933., 1682., 138167, 20211105144500)
 (3933., 3955., 3933., 3951.,  570., 138168, 20211105150000)]
2021-11-08 15:30:00  INFO  [(3955., 3977., 3941., 3955., 3026., 139263, 20211105211500)
 (3955., 3967., 3945., 3955., 1365., 139404, 20211105213000)
 (3955., 3970., 3950., 3954., 2788., 139472, 20211105214500)
 (3954., 3969., 3949., 3964.,  989., 139439, 20211105220000)
 (3964., 3976., 3959., 3973.,  494., 139380, 20211105221500)
 (3973., 4006., 3967., 3997., 1209., 139262, 20211105223000)
 (3997., 4037., 3997., 4028., 3816., 139810, 20211105224500)
 (4027., 4067., 4027., 4055., 3846., 138782, 20211105230000)
 (4050., 4050., 3970., 3988., 5268., 138838, 20211108091500)
 (3988., 3993., 3968., 3976., 1471., 138865, 20211108093000)
 (3976., 3999., 3972., 3977., 1920., 138690, 20211108094500)
 (3977., 3977., 3951., 3957., 2629., 138036, 20211108100000)
 (3955., 3961., 3925., 3946., 1858., 138370, 20211108101500)
 (3946., 3967., 3941., 3962.,  860., 138423, 20211108104500)
 (3962., 3970., 3952., 3969.,  256., 138421, 20211108110000)
 (3970., 3982., 3962., 3968.,  418., 138429, 20211108111500)
 (3968., 3970., 3950., 3967.,  731., 138727, 20211108113000)
 (3969., 3988., 3965., 3980., 3100., 141203, 20211108134500)
 (3981., 4005., 3979., 3991., 4666., 143746, 20211108140000)
 (3991., 3993., 3971., 3983., 5487., 148419, 20211108141500)
 (3983., 3997., 3977., 3989., 1008., 148442, 20211108143000)
 (3989., 4020., 3986., 3997., 2721., 149853, 20211108144500)
 (3999., 4025., 3996., 4008., 1232., 149799, 20211108150000)]
2021-11-09 15:30:00  INFO  [(4000., 4004., 3972., 3976., 1966., 150020, 20211108211500)
 (3976., 3991., 3961., 3985., 1489., 150245, 20211108213000)
 (3982., 3996., 3976., 3988., 1225., 150347, 20211108214500)
 (3988., 4008., 3986., 3994., 1316., 150504, 20211108220000)
 (3995., 4019., 3991., 4017., 1085., 150307, 20211108221500)
 (4017., 4019., 3992., 3997.,  588., 150373, 20211108223000)
 (3997., 4001., 3981., 3988.,  577., 150387, 20211108224500)
 (3988., 3994., 3972., 3987.,  802., 150332, 20211108230000)
 (3990., 4005., 3977., 3995.,  911., 150436, 20211109091500)
 (3995., 4009., 3990., 4000.,  744., 150461, 20211109093000)
 (4000., 4005., 3986., 3992.,  430., 150461, 20211109094500)
 (3992., 4009., 3992., 4000.,  437., 150387, 20211109100000)
 (4003., 4006., 3992., 3994.,  402., 150411, 20211109101500)
 (3995., 3995., 3982., 3987.,  776., 150755, 20211109104500)
 (3987., 3988., 3967., 3968., 1038., 151126, 20211109110000)
 (3968., 3981., 3935., 3939., 4256., 151796, 20211109111500)
 (3939., 3960., 3931., 3947., 2362., 152209, 20211109113000)
 (3947., 3949., 3927., 3931., 1616., 152689, 20211109134500)
 (3931., 3935., 3901., 3904., 2591., 153133, 20211109140000)
 (3906., 3922., 3880., 3887., 3882., 154284, 20211109141500)
 (3885., 3909., 3872., 3898., 2291., 154144, 20211109143000)
 (3898., 3923., 3891., 3913., 1547., 154538, 20211109144500)
 (3913., 3915., 3901., 3901., 2428., 156124, 20211109150000)]
2021-11-10 15:30:00  INFO  [(3900., 3900., 3790., 3799., 10372., 159633, 20211109211500)
 (3799., 3820., 3781., 3798.,  8885., 161255, 20211109213000)
 (3798., 3809., 3788., 3800.,  2637., 161693, 20211109214500)
 (3800., 3808., 3788., 3805.,  1691., 161926, 20211109220000)
 (3803., 3807., 3791., 3794.,   833., 162037, 20211109221500)
 (3792., 3793., 3752., 3765.,  6169., 163893, 20211109223000)
 (3767., 3800., 3765., 3795.,  1430., 163770, 20211109224500)
 (3793., 3793., 3761., 3767.,  1774., 163751, 20211109230000)
 (3766., 3793., 3755., 3756.,  2694., 164074, 20211110091500)
 (3755., 3765., 3719., 3721.,  6799., 166315, 20211110093000)
 (3722., 3737., 3710., 3715.,  4589., 166421, 20211110094500)
 (3715., 3729., 3699., 3728.,  2729., 166927, 20211110100000)
 (3728., 3755., 3721., 3751.,  2946., 167430, 20211110101500)
 (3752., 3758., 3730., 3750.,  3949., 169052, 20211110104500)
 (3750., 3765., 3730., 3732.,  2729., 168753, 20211110110000)
 (3732., 3735., 3713., 3724.,  2135., 168997, 20211110111500)
 (3724., 3739., 3717., 3724.,  2247., 169656, 20211110113000)
 (3722., 3769., 3722., 3767.,  4800., 171050, 20211110134500)
 (3769., 3812., 3760., 3797.,  4746., 171456, 20211110140000)
 (3797., 3812., 3778., 3789.,  5374., 172218, 20211110141500)
 (3789., 3840., 3789., 3838.,  4677., 171505, 20211110143000)
 (3838., 3838., 3806., 3838.,  4965., 172219, 20211110144500)
 (3838., 3850., 3825., 3840.,  3263., 171345, 20211110150000)]
2021-11-11 15:30:00  INFO  [(3840., 3887., 3831., 3839., 11840., 173297, 20211110211500)
 (3838., 3849., 3816., 3841.,  7354., 175201, 20211110213000)
 (3841., 3850., 3829., 3847.,  3759., 175442, 20211110214500)
 (3845., 3888., 3845., 3880.,  4621., 175995, 20211110220000)
 (3880., 3890., 3847., 3852.,  2875., 176005, 20211110221500)
 (3852., 3866., 3844., 3849.,  2090., 176118, 20211110223000)
 (3849., 3858., 3842., 3853.,  2809., 177027, 20211110224500)
 (3853., 3880., 3853., 3880.,  2145., 176526, 20211110230000)
 (3870., 3940., 3863., 3934.,  7492., 175390, 20211111091500)
 (3934., 3960., 3926., 3940.,  4436., 174058, 20211111093000)
 (3940., 3943., 3908., 3909.,  2744., 174760, 20211111094500)
 (3908., 3949., 3906., 3945.,  2588., 174709, 20211111100000)
 (3945., 3962., 3931., 3961.,  2129., 174439, 20211111101500)
 (3961., 4001., 3961., 3981.,  6514., 173126, 20211111104500)
 (3984., 3999., 3972., 3979.,  2714., 173157, 20211111110000)
 (3979., 3985., 3946., 3957.,  4228., 174354, 20211111111500)
 (3958., 4008., 3958., 4004.,  2308., 173874, 20211111113000)
 (4004., 4068., 4004., 4044., 12820., 175188, 20211111134500)
 (4044., 4060., 4012., 4051., 13092., 184403, 20211111140000)
 (4051., 4067., 4045., 4066.,  6481., 188342, 20211111141500)
 (4066., 4068., 4043., 4068.,  2983., 187572, 20211111143000)
 (4068., 4076., 4058., 4074.,  6002., 189967, 20211111144500)
 (4074., 4078., 4055., 4069.,  5362., 192676, 20211111150000)]
2021-11-12 15:30:00  INFO  [(4055., 4060., 4000., 4006., 8324., 193476, 20211111211500)
 (4006., 4008., 3970., 3989., 6277., 194013, 20211111213000)
 (3989., 4003., 3967., 3974., 2681., 194181, 20211111214500)
 (3976., 4005., 3974., 4003., 2437., 193927, 20211111220000)
 (4002., 4051., 3996., 4039., 4490., 194852, 20211111221500)
 (4039., 4040., 4018., 4023., 2776., 195434, 20211111223000)
 (4023., 4045., 4021., 4038., 1097., 195313, 20211111224500)
 (4038., 4045., 4023., 4025., 1383., 195062, 20211111230000)
 (4025., 4041., 3991., 4041., 3545., 195056, 20211112091500)
 (4041., 4054., 4032., 4040., 1953., 194905, 20211112093000)
 (4040., 4040., 4015., 4018., 1609., 195112, 20211112094500)
 (4018., 4032., 4015., 4019., 5002., 199026, 20211112100000)
 (4019., 4022., 3999., 4003., 1435., 199226, 20211112101500)
 (4002., 4029., 3993., 4009., 1242., 199150, 20211112104500)
 (4009., 4020., 3992., 4014., 1365., 199224, 20211112110000)
 (4014., 4022., 3988., 3999., 2213., 200535, 20211112111500)
 (3999., 3999., 3953., 3958., 2961., 200444, 20211112113000)
 (3961., 3964., 3921., 3943., 5067., 202552, 20211112134500)
 (3942., 3949., 3920., 3934., 3318., 204839, 20211112140000)
 (3934., 3950., 3915., 3949., 3289., 206207, 20211112141500)
 (3950., 3961., 3936., 3948., 1482., 206832, 20211112143000)
 (3948., 3954., 3919., 3930., 2128., 207990, 20211112144500)
 (3930., 3932., 3910., 3913., 4030., 210870, 20211112150000)]
2021-11-15 15:30:00  INFO  [(3890., 3890., 3805., 3859., 14815., 215896, 20211112211500)
 (3859., 3899., 3853., 3876.,  5379., 216541, 20211112213000)
 (3875., 3889., 3862., 3888.,  3197., 217189, 20211112214500)
 (3888., 3910., 3875., 3880.,  2888., 216814, 20211112220000)
 (3880., 3894., 3870., 3880.,  1421., 216881, 20211112221500)
 (3880., 3905., 3877., 3896.,  1067., 216983, 20211112223000)
 (3896., 3908., 3890., 3904.,   824., 216996, 20211112224500)
 (3905., 3913., 3876., 3878.,  2102., 216642, 20211112230000)
 (3868., 3905., 3834., 3854.,  8350., 216629, 20211115091500)
 (3854., 3885., 3841., 3882.,  3587., 216253, 20211115093000)
 (3883., 3883., 3857., 3868.,  1986., 216556, 20211115094500)
 (3868., 3915., 3868., 3899.,  2453., 216429, 20211115100000)
 (3899., 3900., 3815., 3817.,  7787., 218055, 20211115101500)
 (3817., 3848., 3810., 3829.,  5481., 219799, 20211115104500)
 (3826., 3852., 3825., 3840.,  1145., 219800, 20211115110000)
 (3840., 3861., 3838., 3845.,  1115., 219634, 20211115111500)
 (3845., 3857., 3836., 3851.,   726., 219674, 20211115113000)
 (3849., 3867., 3848., 3862.,  1324., 219561, 20211115134500)
 (3863., 3863., 3848., 3849.,  2034., 221142, 20211115140000)
 (3849., 3860., 3842., 3848.,  1168., 221646, 20211115141500)
 (3848., 3868., 3840., 3843.,  4216., 224737, 20211115143000)
 (3843., 3846., 3828., 3843.,  1728., 225758, 20211115144500)
 (3843., 3845., 3810., 3810.,  1834., 225688, 20211115150000)]
2021-11-16 15:30:00  INFO  [(3810., 3840., 3810., 3833., 7007., 228567, 20211115211500)
 (3833., 3839., 3802., 3806., 4771., 228548, 20211115213000)
 (3806., 3840., 3803., 3828., 3467., 228555, 20211115214500)
 (3828., 3847., 3824., 3843., 2529., 228843, 20211115220000)
 (3843., 3849., 3825., 3826., 1651., 229194, 20211115221500)
 (3826., 3838., 3824., 3834., 1118., 229410, 20211115223000)
 (3836., 3853., 3834., 3852., 1623., 229515, 20211115224500)
 (3852., 3859., 3842., 3849., 2080., 229871, 20211115230000)
 (3850., 3886., 3846., 3884., 4430., 229952, 20211116091500)
 (3885., 3885., 3859., 3871., 2331., 230439, 20211116093000)
 (3871., 3876., 3855., 3855., 1133., 230389, 20211116094500)
 (3855., 3876., 3855., 3875., 1639., 230653, 20211116100000)
 (3875., 3882., 3862., 3868., 1861., 231451, 20211116101500)
 (3868., 3886., 3866., 3882., 1703., 231899, 20211116104500)
 (3882., 3888., 3874., 3879.,  957., 231852, 20211116110000)
 (3879., 3905., 3878., 3886., 2385., 231776, 20211116111500)
 (3886., 3888., 3857., 3865., 2182., 231691, 20211116113000)
 (3867., 3867., 3852., 3858., 2884., 233492, 20211116134500)
 (3858., 3858., 3836., 3839., 3233., 235018, 20211116140000)
 (3839., 3843., 3825., 3833., 3488., 237089, 20211116141500)
 (3833., 3841., 3827., 3829., 1681., 238027, 20211116143000)
 (3831., 3840., 3825., 3830., 1674., 238724, 20211116144500)
 (3830., 3835., 3793., 3793., 6267., 242931, 20211116150000)]
2021-11-17 15:30:00  INFO  [(3800., 3819., 3763., 3771., 8252., 245649, 20211116211500)
 (3771., 3775., 3741., 3741., 5868., 247363, 20211116213000)
 (3741., 3763., 3733., 3733., 3933., 247710, 20211116214500)
 (3733., 3772., 3731., 3761., 3901., 247641, 20211116220000)
 (3761., 3771., 3752., 3758., 1455., 247654, 20211116221500)
 (3758., 3767., 3750., 3758.,  853., 247786, 20211116223000)
 (3758., 3767., 3750., 3755.,  859., 247854, 20211116224500)
 (3755., 3760., 3748., 3759.,  985., 247888, 20211116230000)
 (3759., 3777., 3742., 3770., 4078., 248418, 20211117091500)
 (3770., 3794., 3770., 3778., 2104., 248043, 20211117093000)
 (3776., 3794., 3773., 3793., 1268., 247926, 20211117094500)
 (3793., 3797., 3778., 3783., 1413., 248099, 20211117100000)
 (3783., 3798., 3770., 3791., 2340., 247449, 20211117101500)
 (3792., 3799., 3776., 3782., 2085., 247913, 20211117104500)
 (3782., 3806., 3774., 3804., 2396., 248135, 20211117110000)
 (3804., 3805., 3771., 3783., 2317., 248516, 20211117111500)
 (3783., 3786., 3750., 3760., 2246., 248981, 20211117113000)
 (3765., 3790., 3738., 3742., 6830., 248156, 20211117134500)
 (3740., 3755., 3736., 3753., 2164., 248215, 20211117140000)
 (3753., 3757., 3743., 3743., 1182., 248387, 20211117141500)
 (3743., 3750., 3740., 3748.,  712., 248510, 20211117143000)
 (3748., 3771., 3748., 3771., 2713., 249170, 20211117144500)
 (3770., 3783., 3756., 3777., 3620., 250661, 20211117150000)]
2021-11-18 15:30:00  INFO  [(3777., 3789., 3762., 3766., 5232., 252858, 20211117211500)
 (3766., 3779., 3763., 3773., 1390., 252991, 20211117213000)
 (3773., 3773., 3752., 3760., 2026., 252567, 20211117214500)
 (3760., 3762., 3748., 3749., 1242., 252743, 20211117220000)
 (3749., 3758., 3744., 3745., 1938., 252558, 20211117221500)
 (3746., 3755., 3740., 3753., 3117., 251918, 20211117223000)
 (3752., 3757., 3746., 3755., 1095., 251884, 20211117224500)
 (3755., 3761., 3746., 3747.,  932., 251823, 20211117230000)
 (3745., 3750., 3726., 3744., 4891., 253612, 20211118091500)
 (3744., 3768., 3744., 3753., 3248., 253473, 20211118093000)
 (3750., 3758., 3743., 3748., 3267., 255268, 20211118094500)
 (3748., 3761., 3735., 3740., 3192., 256074, 20211118100000)
 (3741., 3748., 3723., 3723., 3410., 256630, 20211118101500)
 (3723., 3732., 3706., 3708., 5345., 257758, 20211118104500)
 (3708., 3722., 3704., 3714., 2650., 257984, 20211118110000)
 (3714., 3738., 3711., 3736., 1867., 257769, 20211118111500)
 (3738., 3750., 3734., 3743., 1989., 257393, 20211118113000)
 (3742., 3750., 3723., 3729., 2498., 257627, 20211118134500)
 (3729., 3730., 3702., 3710., 6342., 259975, 20211118140000)
 (3709., 3719., 3702., 3707., 2567., 260442, 20211118141500)
 (3707., 3717., 3696., 3714., 4517., 261747, 20211118143000)
 (3715., 3719., 3700., 3708., 2199., 262080, 20211118144500)
 (3708., 3713., 3692., 3694., 2868., 263047, 20211118150000)]
2021-11-19 15:30:00  INFO  [(3690., 3708., 3680., 3701.,  4753., 264102, 20211118211500)
 (3703., 3708., 3691., 3695.,  1975., 264457, 20211118213000)
 (3695., 3706., 3692., 3698.,  1267., 264743, 20211118214500)
 (3698., 3709., 3692., 3694.,  1044., 264803, 20211118220000)
 (3694., 3717., 3692., 3708.,  2004., 264261, 20211118221500)
 (3708., 3710., 3697., 3703.,  1383., 264352, 20211118223000)
 (3703., 3712., 3691., 3701.,  1857., 264538, 20211118224500)
 (3701., 3729., 3697., 3717.,  2063., 263905, 20211118230000)
 (3718., 3748., 3718., 3741.,  5146., 263077, 20211119091500)
 (3741., 3764., 3732., 3756.,  3125., 262591, 20211119093000)
 (3756., 3770., 3749., 3768.,  1998., 262132, 20211119094500)
 (3768., 3768., 3741., 3742.,  2113., 262449, 20211119100000)
 (3743., 3758., 3741., 3750.,  1087., 262368, 20211119101500)
 (3753., 3773., 3745., 3763.,  5003., 262455, 20211119104500)
 (3763., 3778., 3761., 3777.,  2417., 261790, 20211119110000)
 (3777., 3788., 3764., 3787.,  4118., 260249, 20211119111500)
 (3787., 3789., 3750., 3753.,  3169., 260127, 20211119113000)
 (3754., 3757., 3735., 3742.,  6704., 262630, 20211119134500)
 (3741., 3754., 3741., 3748.,  1411., 262330, 20211119140000)
 (3749., 3848., 3749., 3842.,  9580., 260226, 20211119141500)
 (3842., 3913., 3840., 3888., 10661., 257256, 20211119143000)
 (3886., 3905., 3856., 3871.,  4788., 257224, 20211119144500)
 (3872., 3873., 3848., 3871.,  4232., 258438, 20211119150000)]
2021-11-22 15:30:00  INFO  [(3850., 3859., 3809., 3844., 7560., 260606, 20211119211500)
 (3844., 3860., 3840., 3850., 1796., 260686, 20211119213000)
 (3850., 3878., 3850., 3877., 1782., 260423, 20211119214500)
 (3877., 3905., 3870., 3877., 4397., 260093, 20211119220000)
 (3880., 3888., 3869., 3882., 2391., 260450, 20211119221500)
 (3882., 3898., 3882., 3895., 2149., 260282, 20211119223000)
 (3895., 3925., 3884., 3887., 3982., 260192, 20211119224500)
 (3887., 3913., 3885., 3907., 3592., 259205, 20211119230000)
 (3909., 3925., 3876., 3893., 8221., 258923, 20211122091500)
 (3893., 3910., 3888., 3906., 2466., 258597, 20211122093000)
 (3906., 3910., 3875., 3881., 1483., 258706, 20211122094500)
 (3881., 3884., 3860., 3868., 2850., 259305, 20211122100000)
 (3868., 3880., 3860., 3861., 2011., 259517, 20211122101500)
 (3864., 3869., 3850., 3861., 2652., 259687, 20211122104500)
 (3861., 3871., 3838., 3847., 1616., 259924, 20211122110000)
 (3846., 3866., 3835., 3858., 1443., 259970, 20211122111500)
 (3859., 3867., 3847., 3855.,  960., 259878, 20211122113000)
 (3855., 3867., 3845., 3864.,  793., 259892, 20211122134500)
 (3864., 3864., 3846., 3853.,  632., 260038, 20211122140000)
 (3853., 3860., 3846., 3859.,  878., 260345, 20211122141500)
 (3859., 3865., 3848., 3852.,  791., 260392, 20211122143000)
 (3854., 3864., 3848., 3859.,  726., 260483, 20211122144500)
 (3859., 3864., 3852., 3859., 1287., 260356, 20211122150000)]
2021-11-23 15:30:00  INFO  [(3835., 3900., 3835., 3883.,  5633., 261205, 20211122211500)
 (3883., 3897., 3881., 3884.,  1271., 261293, 20211122213000)
 (3884., 3905., 3884., 3895.,  1901., 260850, 20211122214500)
 (3895., 3908., 3893., 3906.,  1970., 260363, 20211122220000)
 (3905., 3920., 3905., 3906.,  4178., 259581, 20211122221500)
 (3906., 3921., 3905., 3918.,  1441., 259344, 20211122223000)
 (3918., 3920., 3889., 3893.,  2414., 259767, 20211122224500)
 (3892., 3899., 3889., 3891.,  1847., 259998, 20211122230000)
 (3892., 3907., 3883., 3887.,  3838., 259684, 20211123091500)
 (3887., 3894., 3882., 3887.,  1520., 259902, 20211123093000)
 (3887., 3904., 3879., 3900.,  3066., 260510, 20211123094500)
 (3900., 3911., 3900., 3907.,  1521., 260372, 20211123100000)
 (3907., 3943., 3899., 3927.,  4096., 260193, 20211123101500)
 (3928., 4011., 3927., 3959., 10688., 260225, 20211123104500)
 (3959., 3968., 3944., 3948.,  4508., 260579, 20211123110000)
 (3948., 3982., 3946., 3980.,  1851., 260432, 20211123111500)
 (3979., 3987., 3966., 3984.,  1864., 260450, 20211123113000)
 (3984., 4003., 3959., 3960.,  4712., 259828, 20211123134500)
 (3960., 3974., 3947., 3954.,  4456., 260327, 20211123140000)
 (3953., 3953., 3939., 3948.,  2403., 260815, 20211123141500)
 (3948., 3950., 3939., 3948.,  1195., 260831, 20211123143000)
 (3948., 3948., 3912., 3917.,  2943., 261805, 20211123144500)
 (3918., 3920., 3886., 3891.,  3918., 261951, 20211123150000)]
2021-11-24 15:30:00  INFO  [(3893., 3925., 3893., 3924., 3867., 261955, 20211123211500)
 (3924., 3961., 3921., 3951., 4972., 261047, 20211123213000)
 (3951., 3964., 3937., 3953., 4823., 260603, 20211123214500)
 (3953., 3972., 3949., 3972., 3527., 260442, 20211123220000)
 (3972., 3977., 3961., 3961., 3027., 260777, 20211123221500)
 (3960., 3969., 3949., 3958., 1919., 260328, 20211123223000)
 (3959., 3978., 3953., 3965., 2526., 259706, 20211123224500)
 (3965., 3976., 3960., 3969.,  982., 259408, 20211123230000)
 (3970., 4002., 3970., 3995., 6445., 259143, 20211124091500)
 (3997., 4006., 3980., 3992., 5475., 258171, 20211124093000)
 (3992., 4002., 3978., 3993., 3550., 258352, 20211124094500)
 (3997., 4004., 3989., 3994., 3424., 257668, 20211124100000)
 (3994., 4018., 3993., 4006., 2998., 257429, 20211124101500)
 (4006., 4020., 3995., 4012., 3638., 256913, 20211124104500)
 (4010., 4018., 3996., 3997., 2076., 257219, 20211124110000)
 (3998., 4011., 3997., 4007., 1328., 257021, 20211124111500)
 (4007., 4018., 3997., 4013., 2122., 256891, 20211124113000)
 (4019., 4067., 4015., 4065., 6700., 255659, 20211124134500)
 (4060., 4065., 4037., 4043., 5300., 254044, 20211124140000)
 (4043., 4067., 4041., 4061., 3350., 253172, 20211124141500)
 (4061., 4097., 4061., 4079., 6602., 251529, 20211124143000)
 (4081., 4090., 4066., 4081., 3220., 250875, 20211124144500)
 (4081., 4082., 4070., 4080., 4118., 250063, 20211124150000)]
2021-11-25 15:30:00  INFO  [(4078., 4110., 4070., 4092.,  9995., 251498, 20211124211500)
 (4092., 4096., 4075., 4078.,  3031., 251479, 20211124213000)
 (4078., 4105., 4077., 4103.,  3018., 251220, 20211124214500)
 (4104., 4175., 4096., 4143., 17988., 258128, 20211124220000)
 (4143., 4150., 4124., 4127.,  3982., 258657, 20211124221500)
 (4129., 4142., 4126., 4132.,  1164., 258596, 20211124223000)
 (4132., 4152., 4132., 4144.,  1975., 258605, 20211124224500)
 (4144., 4144., 4127., 4128.,  1911., 258623, 20211124230000)
 (4129., 4143., 4112., 4125.,  4660., 258514, 20211125091500)
 (4125., 4126., 4104., 4114.,  4824., 259691, 20211125093000)
 (4114., 4120., 4093., 4102.,  2821., 259769, 20211125094500)
 (4102., 4109., 4083., 4092.,  2327., 259571, 20211125100000)
 (4092., 4113., 4085., 4109.,  1569., 259442, 20211125101500)
 (4109., 4127., 4100., 4118.,  2078., 259101, 20211125104500)
 (4116., 4120., 4103., 4112.,  1975., 259391, 20211125110000)
 (4111., 4120., 4105., 4107.,   794., 259265, 20211125111500)
 (4106., 4106., 4084., 4098.,  2356., 259763, 20211125113000)
 (4101., 4107., 4076., 4096.,  5126., 262211, 20211125134500)
 (4096., 4115., 4096., 4107.,  2055., 261951, 20211125140000)
 (4107., 4121., 4102., 4115.,  2881., 262420, 20211125141500)
 (4115., 4122., 4106., 4108.,  1496., 262089, 20211125143000)
 (4108., 4118., 4107., 4113.,  1154., 261527, 20211125144500)
 (4113., 4118., 4098., 4101.,  3701., 260469, 20211125150000)]
2021-11-26 15:30:00  INFO  [(4100., 4109., 4050., 4052., 11760., 261666, 20211125211500)
 (4052., 4061., 4034., 4046.,  8937., 260777, 20211125213000)
 (4046., 4054., 4033., 4051.,  7256., 260439, 20211125214500)
 (4051., 4058., 4035., 4037.,  4070., 260810, 20211125220000)
 (4036., 4050., 4034., 4042.,  2344., 260923, 20211125221500)
 (4042., 4057., 4041., 4042.,  1981., 261246, 20211125223000)
 (4042., 4045., 4037., 4040.,  2054., 261605, 20211125224500)
 (4041., 4043., 4032., 4042.,  2342., 261554, 20211125230000)
 (4043., 4083., 4035., 4070.,  6224., 261263, 20211126091500)
 (4070., 4091., 4066., 4084.,  3327., 260897, 20211126093000)
 (4084., 4100., 4082., 4090.,  3008., 260902, 20211126094500)
 (4090., 4103., 4088., 4097.,  3327., 259845, 20211126100000)
 (4097., 4104., 4075., 4076.,  6366., 257370, 20211126101500)
 (4075., 4078., 4063., 4072.,  3051., 257328, 20211126104500)
 (4072., 4073., 4050., 4060.,  3598., 256549, 20211126110000)
 (4060., 4067., 4045., 4049.,  2165., 256521, 20211126111500)
 (4048., 4050., 4040., 4040.,  1896., 257090, 20211126113000)
 (4038., 4038., 4013., 4029.,  7349., 258366, 20211126134500)
 (4029., 4044., 4028., 4028.,  2583., 258571, 20211126140000)
 (4028., 4028., 4005., 4006.,  6862., 260868, 20211126141500)
 (4006., 4021., 4004., 4010.,  3963., 260283, 20211126143000)
 (4009., 4018., 4007., 4010.,  1674., 260755, 20211126144500)
 (4010., 4020., 3951., 3960., 18308., 255338, 20211126150000)]
2021-11-29 15:30:00  INFO  [(3948., 3963., 3915., 3949., 10790., 256412, 20211126211500)
 (3949., 3955., 3938., 3952.,  3909., 256866, 20211126213000)
 (3952., 3981., 3944., 3966.,  4757., 257585, 20211126214500)
 (3966., 3974., 3958., 3961.,  2922., 257927, 20211126220000)
 (3960., 3965., 3947., 3955.,  2407., 258136, 20211126221500)
 (3955., 3956., 3943., 3955.,  1783., 258191, 20211126223000)
 (3955., 3961., 3949., 3953.,  1159., 258330, 20211126224500)
 (3953., 3978., 3953., 3968.,  2484., 258156, 20211126230000)
 (3970., 4008., 3967., 4004.,  8968., 257320, 20211129091500)
 (4004., 4007., 3975., 3979.,  3332., 257128, 20211129093000)
 (3980., 3997., 3973., 3997.,  2314., 256888, 20211129094500)
 (3997., 4002., 3978., 3984.,  2559., 257061, 20211129100000)
 (3984., 3992., 3977., 3978.,  1566., 257258, 20211129101500)
 (3978., 4010., 3978., 4005.,  3560., 257881, 20211129104500)
 (4005., 4030., 4003., 4020.,  5124., 258372, 20211129110000)
 (4020., 4029., 4014., 4026.,  1552., 258474, 20211129111500)
 (4028., 4040., 4028., 4037.,  2528., 258135, 20211129113000)
 (4030., 4031., 4008., 4027.,  3967., 257686, 20211129134500)
 (4027., 4047., 4025., 4031.,  2888., 258067, 20211129140000)
 (4031., 4034., 4012., 4026.,  2889., 258673, 20211129141500)
 (4026., 4026., 3996., 3998.,  2189., 258846, 20211129143000)
 (3998., 4019., 3993., 4015.,  3095., 259942, 20211129144500)
 (4015., 4017., 3999., 4003.,  1944., 260053, 20211129150000)]
2021-11-30 15:30:00  INFO  [(4005., 4049., 4005., 4043., 7399., 259700, 20211129211500)
 (4043., 4048., 4028., 4044., 2981., 259696, 20211129213000)
 (4044., 4051., 4037., 4044., 1662., 259553, 20211129214500)
 (4044., 4051., 4042., 4047., 1140., 259530, 20211129220000)
 (4047., 4056., 4015., 4026., 5431., 259490, 20211129221500)
 (4026., 4029., 4010., 4017., 1823., 259571, 20211129223000)
 (4017., 4029., 4010., 4022., 1895., 259565, 20211129224500)
 (4022., 4029., 4018., 4019., 1126., 259377, 20211129230000)
 (4019., 4040., 4018., 4035., 3566., 259324, 20211130091500)
 (4035., 4040., 3990., 3998., 6807., 260649, 20211130093000)
 (3998., 4007., 3967., 3987., 6570., 262017, 20211130094500)
 (3986., 3997., 3979., 3994., 2739., 261675, 20211130100000)
 (3993., 3999., 3984., 3992., 1312., 261790, 20211130101500)
 (3992., 4007., 3986., 3996., 1982., 261715, 20211130104500)
 (3996., 4000., 3985., 3993., 1185., 261729, 20211130110000)
 (3993., 3995., 3975., 3976., 1489., 262013, 20211130111500)
 (3977., 3988., 3971., 3987., 1574., 261817, 20211130113000)
 (3987., 4003., 3959., 3960., 5185., 261703, 20211130134500)
 (3962., 3970., 3951., 3959., 6833., 263145, 20211130140000)
 (3960., 3968., 3950., 3950., 3113., 263748, 20211130141500)
 (3950., 3988., 3948., 3985., 4331., 264237, 20211130143000)
 (3986., 4010., 3984., 4009., 4223., 264664, 20211130144500)
 (4009., 4020., 4000., 4019., 8126., 267419, 20211130150000)]
2021-12-01 15:30:00  INFO  [(4015., 4049., 4015., 4045., 8002., 268904, 20211130211500)
 (4046., 4055., 4032., 4036., 3949., 268762, 20211130213000)
 (4036., 4045., 4028., 4037., 2203., 268748, 20211130214500)
 (4037., 4047., 4037., 4047., 1841., 268848, 20211130220000)
 (4047., 4050., 4036., 4048., 1424., 268718, 20211130221500)
 (4048., 4066., 4028., 4062., 4184., 268299, 20211130223000)
 (4061., 4064., 4052., 4058., 2208., 268222, 20211130224500)
 (4058., 4060., 4046., 4058., 1897., 267822, 20211130230000)
 (4055., 4071., 4035., 4069., 7934., 267588, 20211201091500)
 (4069., 4078., 4060., 4071., 3450., 267224, 20211201093000)
 (4071., 4075., 4050., 4063., 3005., 266856, 20211201094500)
 (4063., 4075., 4056., 4075., 2159., 266661, 20211201100000)
 (4075., 4090., 4070., 4085., 3127., 267129, 20211201101500)
 (4085., 4093., 4073., 4077., 4291., 267675, 20211201104500)
 (4077., 4089., 4071., 4076., 4509., 268980, 20211201110000)
 (4076., 4087., 4073., 4073., 1878., 269326, 20211201111500)
 (4073., 4100., 4073., 4095., 5532., 269427, 20211201113000)
 (4095., 4112., 4087., 4102., 5700., 269522, 20211201134500)
 (4104., 4122., 4099., 4122., 5120., 268584, 20211201140000)
 (4122., 4128., 4088., 4109., 5695., 267729, 20211201141500)
 (4110., 4135., 4110., 4133., 5345., 267020, 20211201143000)
 (4134., 4155., 4130., 4153., 4287., 266430, 20211201144500)
 (4152., 4153., 4134., 4146., 4554., 266405, 20211201150000)]
2021-12-02 15:30:00  INFO  [(4145., 4164., 4132., 4140., 11500., 270753, 20211201211500)
 (4140., 4144., 4115., 4124.,  5282., 271220, 20211201213000)
 (4123., 4140., 4121., 4123.,  7298., 273854, 20211201214500)
 (4123., 4140., 4120., 4140.,  4998., 275563, 20211201220000)
 (4140., 4140., 4120., 4126.,  4381., 277406, 20211201221500)
 (4127., 4135., 4111., 4112.,  2224., 277537, 20211201223000)
 (4113., 4132., 4105., 4105.,  2208., 277725, 20211201224500)
 (4105., 4113., 4100., 4112.,  2870., 277949, 20211201230000)
 (4110., 4118., 4097., 4107.,  4391., 278400, 20211202091500)
 (4107., 4109., 4090., 4102.,  3163., 278976, 20211202093000)
 (4100., 4103., 4085., 4101.,  2556., 279537, 20211202094500)
 (4101., 4124., 4097., 4118.,  3445., 279309, 20211202100000)
 (4118., 4122., 4095., 4117.,  7328., 277181, 20211202101500)
 (4117., 4132., 4112., 4131.,  3799., 277022, 20211202104500)
 (4131., 4140., 4123., 4137.,  3435., 276995, 20211202110000)
 (4138., 4138., 4115., 4116.,  2555., 277269, 20211202111500)
 (4116., 4167., 4116., 4162.,  4918., 277059, 20211202113000)
 (4163., 4200., 4163., 4192., 11319., 276148, 20211202134500)
 (4192., 4200., 4183., 4199.,  4257., 275540, 20211202140000)
 (4199., 4200., 4170., 4182.,  5631., 275625, 20211202141500)
 (4178., 4198., 4178., 4196.,  6357., 275851, 20211202143000)
 (4196., 4200., 4181., 4189.,  6526., 275797, 20211202144500)
 (4189., 4195., 4140., 4145.,  9209., 276689, 20211202150000)]
2021-12-03 15:30:00  INFO  [(4140., 4160., 4130., 4143., 9538., 278114, 20211202211500)
 (4143., 4150., 4133., 4135., 3968., 278502, 20211202213000)
 (4135., 4152., 4131., 4144., 3325., 278859, 20211202214500)
 (4144., 4151., 4136., 4137., 2475., 278930, 20211202220000)
 (4137., 4145., 4132., 4139., 2989., 279114, 20211202221500)
 (4139., 4162., 4135., 4158., 5499., 279135, 20211202223000)
 (4158., 4183., 4153., 4172., 4317., 279112, 20211202224500)
 (4173., 4180., 4163., 4175., 4601., 278704, 20211202230000)
 (4178., 4192., 4173., 4182., 5470., 279260, 20211203091500)
 (4182., 4184., 4159., 4170., 3531., 279947, 20211203093000)
 (4170., 4175., 4156., 4166., 2061., 280149, 20211203094500)
 (4166., 4192., 4165., 4180., 4186., 280043, 20211203100000)
 (4180., 4185., 4146., 4147., 4055., 280207, 20211203101500)
 (4149., 4161., 4135., 4153., 4317., 280072, 20211203104500)
 (4152., 4167., 4150., 4162., 3340., 280592, 20211203110000)
 (4160., 4165., 4135., 4137., 9308., 280284, 20211203111500)
 (4138., 4176., 4137., 4172., 6966., 277689, 20211203113000)
 (4175., 4213., 4175., 4202., 9381., 278728, 20211203134500)
 (4202., 4210., 4189., 4195., 6495., 281055, 20211203140000)
 (4194., 4203., 4177., 4194., 5354., 281570, 20211203141500)
 (4193., 4198., 4184., 4192., 1428., 281434, 20211203143000)
 (4193., 4206., 4192., 4203., 2125., 281233, 20211203144500)
 (4203., 4213., 4195., 4212., 4054., 280581, 20211203150000)]
2021-12-06 15:30:00  INFO  [(4218., 4254., 4218., 4219., 21240., 290892, 20211203211500)
 (4219., 4225., 4215., 4216.,  3311., 291043, 20211203213000)
 (4216., 4223., 4211., 4219.,  2813., 291229, 20211203214500)
 (4219., 4230., 4215., 4225.,  3863., 291360, 20211203220000)
 (4226., 4234., 4222., 4233.,  2243., 291161, 20211203221500)
 (4232., 4244., 4231., 4242.,  2866., 291349, 20211203223000)
 (4242., 4253., 4237., 4240.,  5139., 290151, 20211203224500)
 (4240., 4248., 4232., 4248.,  2650., 289772, 20211203230000)
 (4245., 4262., 4232., 4256., 13725., 290848, 20211206091500)
 (4256., 4260., 4237., 4237.,  5851., 291086, 20211206093000)
 (4237., 4244., 4224., 4232.,  4112., 291050, 20211206094500)
 (4232., 4232., 4214., 4216.,  4057., 291715, 20211206100000)
 (4217., 4234., 4215., 4228.,  2280., 291507, 20211206101500)
 (4226., 4232., 4214., 4232.,  2857., 291732, 20211206104500)
 (4232., 4232., 4217., 4219.,  1410., 291776, 20211206110000)
 (4218., 4220., 4201., 4208.,  4471., 292275, 20211206111500)
 (4208., 4210., 4187., 4193.,  4062., 292337, 20211206113000)
 (4190., 4206., 4171., 4194.,  5054., 292481, 20211206134500)
 (4194., 4197., 4180., 4190.,  3890., 292178, 20211206140000)
 (4189., 4193., 4180., 4186.,  3081., 291769, 20211206141500)
 (4186., 4187., 4171., 4177.,  3059., 292641, 20211206143000)
 (4177., 4186., 4172., 4181.,  2308., 292530, 20211206144500)
 (4181., 4191., 4171., 4191.,  3544., 292228, 20211206150000)]
2021-12-07 15:30:00  INFO  [(4195., 4230., 4195., 4214., 19182., 292574, 20211206211500)
 (4214., 4230., 4207., 4225.,  4435., 292246, 20211206213000)
 (4225., 4231., 4221., 4230.,  3237., 291725, 20211206214500)
 (4230., 4251., 4226., 4249.,  6323., 291009, 20211206220000)
 (4250., 4268., 4240., 4241., 10138., 288644, 20211206221500)
 (4243., 4248., 4238., 4245.,  1281., 288751, 20211206223000)
 (4245., 4260., 4241., 4257.,  2547., 287717, 20211206224500)
 (4258., 4261., 4249., 4254.,  2017., 287518, 20211206230000)
 (4251., 4294., 4251., 4283., 14943., 286200, 20211207091500)
 (4283., 4296., 4274., 4280.,  5790., 286817, 20211207093000)
 (4280., 4289., 4277., 4282.,  1721., 286731, 20211207094500)
 (4282., 4290., 4276., 4284.,  1451., 286691, 20211207100000)
 (4284., 4289., 4259., 4267.,  4605., 287116, 20211207101500)
 (4269., 4274., 4252., 4269.,  3976., 287367, 20211207104500)
 (4269., 4270., 4260., 4268.,  2023., 287393, 20211207110000)
 (4268., 4290., 4264., 4283.,  4520., 286489, 20211207111500)
 (4283., 4310., 4283., 4309.,  5782., 286099, 20211207113000)
 (4310., 4321., 4301., 4312.,  5459., 285666, 20211207134500)
 (4312., 4318., 4299., 4314.,  4842., 285055, 20211207140000)
 (4314., 4315., 4292., 4303.,  2803., 285169, 20211207141500)
 (4303., 4304., 4287., 4290.,  3207., 285724, 20211207143000)
 (4290., 4297., 4273., 4284.,  4288., 286106, 20211207144500)
 (4286., 4296., 4273., 4277.,  3190., 286118, 20211207150000)]
2021-12-08 15:30:00  INFO  [(4260., 4303., 4260., 4290., 8525., 287747, 20211207211500)
 (4290., 4290., 4272., 4279., 5176., 287357, 20211207213000)
 (4279., 4288., 4276., 4281., 1710., 287573, 20211207214500)
 (4281., 4285., 4275., 4284., 1586., 287732, 20211207220000)
 (4284., 4300., 4281., 4299., 3620., 287413, 20211207221500)
 (4299., 4300., 4280., 4287., 2332., 287540, 20211207223000)
 (4287., 4295., 4284., 4287., 1493., 287404, 20211207224500)
 (4287., 4298., 4281., 4287., 2417., 286994, 20211207230000)
 (4292., 4299., 4258., 4268., 9134., 287383, 20211208091500)
 (4268., 4274., 4260., 4263., 2882., 287432, 20211208093000)
 (4263., 4269., 4245., 4250., 3440., 287489, 20211208094500)
 (4250., 4264., 4243., 4258., 2484., 287536, 20211208100000)
 (4258., 4265., 4251., 4264., 2760., 287951, 20211208101500)
 (4265., 4271., 4253., 4255., 3445., 287977, 20211208104500)
 (4255., 4255., 4224., 4228., 6826., 289370, 20211208110000)
 (4228., 4240., 4221., 4230., 3909., 289809, 20211208111500)
 (4231., 4266., 4226., 4266., 3529., 289428, 20211208113000)
 (4268., 4294., 4267., 4273., 7193., 288998, 20211208134500)
 (4274., 4275., 4250., 4256., 3873., 289559, 20211208140000)
 (4256., 4261., 4246., 4254., 3148., 290197, 20211208141500)
 (4254., 4257., 4235., 4235., 2877., 290635, 20211208143000)
 (4235., 4242., 4217., 4218., 5111., 292439, 20211208144500)
 (4216., 4223., 4189., 4193., 7201., 292806, 20211208150000)]
2021-12-09 15:30:00  INFO  [(4192., 4192., 4172., 4182., 9528., 293743, 20211208211500)
 (4182., 4187., 4161., 4162., 7447., 294190, 20211208213000)
 (4162., 4170., 4151., 4167., 8409., 295138, 20211208214500)
 (4167., 4176., 4165., 4170., 3180., 294981, 20211208220000)
 (4170., 4176., 4163., 4164., 2444., 295344, 20211208221500)
 (4164., 4186., 4164., 4181., 2926., 295236, 20211208223000)
 (4181., 4196., 4177., 4187., 3431., 295337, 20211208224500)
 (4188., 4200., 4187., 4191., 2990., 294970, 20211208230000)
 (4191., 4205., 4182., 4185., 5226., 295441, 20211209091500)
 (4185., 4200., 4180., 4198., 2320., 295452, 20211209093000)
 (4198., 4205., 4188., 4191., 1906., 295359, 20211209094500)
 (4191., 4199., 4181., 4189., 1246., 295542, 20211209100000)
 (4189., 4211., 4184., 4198., 4584., 294834, 20211209101500)
 (4199., 4205., 4188., 4198., 1541., 294843, 20211209104500)
 (4198., 4216., 4198., 4215., 3607., 294330, 20211209110000)
 (4216., 4224., 4205., 4223., 2074., 294169, 20211209111500)
 (4222., 4224., 4192., 4193., 2931., 294096, 20211209113000)
 (4192., 4192., 4158., 4167., 8580., 294758, 20211209134500)
 (4167., 4174., 4158., 4159., 5456., 296088, 20211209140000)
 (4158., 4173., 4157., 4162., 6561., 297990, 20211209141500)
 (4162., 4169., 4142., 4145., 8764., 298406, 20211209143000)
 (4146., 4168., 4144., 4159., 7155., 298316, 20211209144500)
 (4158., 4158., 4121., 4140., 9837., 299188, 20211209150000)]
2021-12-10 15:30:00  INFO  [(4131., 4150., 4115., 4135., 12085., 298830, 20211209211500)
 (4135., 4136., 4124., 4133.,  3063., 298735, 20211209213000)
 (4133., 4147., 4127., 4131.,  3611., 298598, 20211209214500)
 (4131., 4132., 4110., 4113.,  4654., 298113, 20211209220000)
 (4113., 4125., 4106., 4121.,  5116., 297647, 20211209221500)
 (4121., 4140., 4121., 4137.,  3477., 297191, 20211209223000)
 (4137., 4139., 4124., 4132.,  2175., 296930, 20211209224500)
 (4132., 4145., 4128., 4139.,  2291., 296213, 20211209230000)
 (4139., 4153., 4134., 4150.,  4596., 295941, 20211210091500)
 (4150., 4156., 4144., 4149.,  2260., 295776, 20211210093000)
 (4149., 4155., 4143., 4152.,  1112., 295726, 20211210094500)
 (4152., 4164., 4145., 4162.,  2364., 295589, 20211210100000)
 (4164., 4164., 4146., 4155.,  1974., 295589, 20211210101500)
 (4155., 4160., 4146., 4158.,  1668., 295575, 20211210104500)
 (4158., 4169., 4149., 4152.,  2212., 295589, 20211210110000)
 (4152., 4170., 4150., 4166.,  2159., 295587, 20211210111500)
 (4166., 4176., 4162., 4165.,  3037., 295531, 20211210113000)
 (4164., 4165., 4134., 4135.,  4648., 295898, 20211210134500)
 (4134., 4162., 4130., 4155.,  5132., 295782, 20211210140000)
 (4155., 4172., 4143., 4145.,  3289., 295925, 20211210141500)
 (4144., 4152., 4133., 4148.,  4742., 296282, 20211210143000)
 (4148., 4155., 4143., 4149.,  2923., 296906, 20211210144500)
 (4149., 4169., 4148., 4155.,  3223., 296673, 20211210150000)]
2021-12-13 15:30:00  INFO  [(4156., 4181., 4147., 4154., 10196., 299182, 20211210211500)
 (4154., 4158., 4135., 4141.,  3204., 299516, 20211210213000)
 (4141., 4151., 4135., 4140.,  2934., 299885, 20211210214500)
 (4140., 4150., 4137., 4144.,  1854., 299840, 20211210220000)
 (4144., 4158., 4141., 4154.,  1862., 299722, 20211210221500)
 (4153., 4161., 4151., 4156.,  1844., 299699, 20211210223000)
 (4156., 4159., 4151., 4155.,  1050., 299684, 20211210224500)
 (4155., 4156., 4131., 4135.,  3362., 299334, 20211210230000)
 (4134., 4163., 4122., 4159., 10419., 301211, 20211213091500)
 (4159., 4165., 4148., 4149.,  3645., 301416, 20211213093000)
 (4149., 4163., 4135., 4161.,  4669., 301647, 20211213094500)
 (4161., 4165., 4150., 4159.,  2841., 302065, 20211213100000)
 (4160., 4191., 4158., 4184.,  3972., 301743, 20211213101500)
 (4182., 4200., 4177., 4194.,  8810., 301477, 20211213104500)
 (4194., 4203., 4190., 4202.,  4689., 301178, 20211213110000)
 (4202., 4221., 4202., 4210.,  6263., 301142, 20211213111500)
 (4210., 4235., 4206., 4234.,  9889., 299463, 20211213113000)
 (4235., 4236., 4215., 4226.,  5630., 299549, 20211213134500)
 (4226., 4237., 4222., 4230.,  3267., 299579, 20211213140000)
 (4231., 4238., 4227., 4236.,  2320., 299672, 20211213141500)
 (4236., 4237., 4224., 4227.,  1949., 299495, 20211213143000)
 (4227., 4232., 4217., 4229.,  2765., 299176, 20211213144500)
 (4229., 4246., 4226., 4244.,  3763., 298529, 20211213150000)]
2021-12-14 15:30:00  INFO  [(4235., 4249., 4233., 4236., 8784., 300885, 20211213211500)
 (4236., 4249., 4231., 4243., 2620., 301115, 20211213213000)
 (4243., 4250., 4241., 4249., 1683., 301257, 20211213214500)
 (4249., 4249., 4236., 4238., 1541., 301358, 20211213220000)
 (4238., 4242., 4230., 4236., 2831., 301042, 20211213221500)
 (4236., 4242., 4229., 4242., 1729., 301003, 20211213223000)
 (4241., 4256., 4237., 4256., 3185., 300942, 20211213224500)
 (4256., 4257., 4243., 4250., 1946., 300609, 20211213230000)
 (4250., 4250., 4225., 4229., 7702., 301197, 20211214091500)
 (4229., 4235., 4224., 4229., 3259., 301761, 20211214093000)
 (4229., 4232., 4220., 4226., 2761., 302253, 20211214094500)
 (4226., 4228., 4207., 4211., 3571., 303119, 20211214100000)
 (4210., 4225., 4208., 4220., 2384., 302975, 20211214101500)
 (4220., 4225., 4212., 4222., 1676., 303117, 20211214104500)
 (4222., 4222., 4210., 4221., 1688., 303310, 20211214110000)
 (4220., 4229., 4216., 4221., 2796., 303947, 20211214111500)
 (4221., 4221., 4210., 4212., 2839., 303529, 20211214113000)
 (4211., 4217., 4194., 4215., 7528., 303664, 20211214134500)
 (4214., 4224., 4211., 4219., 3053., 303575, 20211214140000)
 (4219., 4239., 4212., 4237., 5223., 303246, 20211214141500)
 (4237., 4253., 4235., 4245., 5408., 302621, 20211214143000)
 (4245., 4251., 4239., 4243., 2246., 302145, 20211214144500)
 (4243., 4246., 4222., 4222., 3274., 301525, 20211214150000)]
2021-12-15 15:30:00  INFO  [(4220., 4232., 4216., 4230., 12120., 306175, 20211214211500)
 (4230., 4238., 4229., 4233.,  2949., 306107, 20211214213000)
 (4233., 4235., 4224., 4228.,  2209., 305798, 20211214214500)
 (4228., 4229., 4217., 4228.,  1672., 305779, 20211214220000)
 (4229., 4233., 4220., 4233.,  1567., 305686, 20211214221500)
 (4233., 4237., 4223., 4225.,  1991., 305720, 20211214223000)
 (4225., 4239., 4225., 4236.,  1927., 305612, 20211214224500)
 (4237., 4238., 4225., 4228.,  2229., 305247, 20211214230000)
 (4229., 4239., 4216., 4216.,  5348., 305474, 20211215091500)
 (4216., 4227., 4211., 4211.,  5883., 307154, 20211215093000)
 (4211., 4217., 4205., 4208.,  3281., 307246, 20211215094500)
 (4208., 4223., 4200., 4220.,  3371., 307261, 20211215100000)
 (4220., 4277., 4220., 4274., 14419., 307726, 20211215101500)
 (4274., 4283., 4266., 4280.,  6770., 308124, 20211215104500)
 (4280., 4286., 4263., 4266.,  7813., 307128, 20211215110000)
 (4266., 4286., 4264., 4282.,  8006., 307174, 20211215111500)
 (4282., 4288., 4267., 4272.,  4425., 306604, 20211215113000)
 (4274., 4276., 4256., 4261.,  5920., 306158, 20211215134500)
 (4261., 4273., 4257., 4269.,  2689., 306048, 20211215140000)
 (4269., 4272., 4264., 4271.,  1747., 305828, 20211215141500)
 (4271., 4277., 4265., 4275.,  1647., 305565, 20211215143000)
 (4275., 4275., 4260., 4265.,  1941., 305582, 20211215144500)
 (4265., 4273., 4256., 4266.,  4612., 305387, 20211215150000)]
2021-12-16 15:30:00  INFO  [(4270., 4271., 4255., 4265., 16513., 316594, 20211215211500)
 (4265., 4267., 4258., 4265.,  1447., 316633, 20211215213000)
 (4266., 4273., 4263., 4271.,  2033., 316929, 20211215214500)
 (4271., 4281., 4270., 4278.,  2409., 316912, 20211215220000)
 (4278., 4284., 4273., 4276.,  3076., 316942, 20211215221500)
 (4276., 4279., 4268., 4272.,  1560., 316831, 20211215223000)
 (4272., 4285., 4262., 4282.,  3211., 316893, 20211215224500)
 (4282., 4285., 4260., 4267.,  4298., 316723, 20211215230000)
 (4273., 4298., 4273., 4293.,  7300., 316510, 20211216091500)
 (4293., 4297., 4285., 4294.,  4562., 316135, 20211216093000)
 (4294., 4300., 4291., 4294.,  5894., 317767, 20211216094500)
 (4294., 4294., 4282., 4291.,  5274., 318969, 20211216100000)
 (4291., 4306., 4282., 4290.,  5243., 318823, 20211216101500)
 (4292., 4296., 4284., 4290.,  2828., 318835, 20211216104500)
 (4290., 4304., 4290., 4301.,  4766., 319210, 20211216110000)
 (4301., 4305., 4296., 4301.,  3342., 319667, 20211216111500)
 (4301., 4315., 4296., 4310.,  5133., 319267, 20211216113000)
 (4305., 4312., 4296., 4307.,  4137., 319183, 20211216134500)
 (4307., 4310., 4298., 4304.,  1427., 319085, 20211216140000)
 (4304., 4315., 4302., 4313.,  3245., 318649, 20211216141500)
 (4313., 4335., 4312., 4333., 10073., 317470, 20211216143000)
 (4333., 4337., 4325., 4336.,  6369., 316429, 20211216144500)
 (4336., 4341., 4325., 4331.,  8662., 314859, 20211216150000)]
2021-12-17 15:30:00  INFO  [(4337., 4344., 4330., 4340., 15448., 320534, 20211216211500)
 (4339., 4354., 4339., 4354.,  7032., 320598, 20211216213000)
 (4354., 4362., 4350., 4353.,  5349., 320637, 20211216214500)
 (4353., 4367., 4351., 4359.,  4542., 321532, 20211216220000)
 (4359., 4364., 4352., 4362.,  4282., 322136, 20211216221500)
 (4362., 4372., 4361., 4366.,  4339., 322091, 20211216223000)
 (4366., 4369., 4343., 4351.,  5900., 321804, 20211216224500)
 (4351., 4354., 4344., 4346.,  2692., 321515, 20211216230000)
 (4347., 4350., 4326., 4327.,  6381., 322241, 20211217091500)
 (4326., 4346., 4326., 4341.,  3459., 322217, 20211217093000)
 (4341., 4341., 4323., 4329.,  3750., 322299, 20211217094500)
 (4328., 4334., 4322., 4325.,  2751., 322667, 20211217100000)
 (4325., 4329., 4316., 4324.,  3673., 322535, 20211217101500)
 (4324., 4333., 4313., 4318.,  5395., 322416, 20211217104500)
 (4317., 4333., 4316., 4329.,  2879., 322385, 20211217110000)
 (4329., 4329., 4317., 4318.,  2548., 322428, 20211217111500)
 (4318., 4327., 4316., 4325.,  2074., 322172, 20211217113000)
 (4320., 4338., 4317., 4325.,  4464., 321521, 20211217134500)
 (4325., 4334., 4322., 4331.,  2191., 321147, 20211217140000)
 (4331., 4337., 4328., 4329.,  1942., 321182, 20211217141500)
 (4330., 4332., 4308., 4313.,  4563., 321874, 20211217143000)
 (4313., 4332., 4312., 4328.,  4314., 321625, 20211217144500)
 (4328., 4337., 4311., 4319.,  4907., 319765, 20211217150000)]
2021-12-20 15:30:00  INFO  [(4310., 4343., 4310., 4337., 9361., 320922, 20211217211500)
 (4337., 4341., 4332., 4339., 2782., 320691, 20211217213000)
 (4340., 4340., 4330., 4333., 2387., 320862, 20211217214500)
 (4333., 4350., 4333., 4344., 3222., 320859, 20211217220000)
 (4345., 4362., 4343., 4360., 3857., 321197, 20211217221500)
 (4360., 4363., 4351., 4359., 2920., 320776, 20211217223000)
 (4359., 4380., 4354., 4374., 6932., 322271, 20211217224500)
 (4373., 4390., 4372., 4383., 6143., 321828, 20211217230000)
 (4383., 4403., 4368., 4399., 6537., 322295, 20211220091500)
 (4399., 4399., 4380., 4388., 4115., 322769, 20211220093000)
 (4388., 4401., 4375., 4395., 3618., 322660, 20211220094500)
 (4396., 4397., 4375., 4376., 3048., 322633, 20211220100000)
 (4375., 4386., 4365., 4374., 5652., 322942, 20211220101500)
 (4374., 4387., 4372., 4385., 3203., 322776, 20211220104500)
 (4385., 4389., 4376., 4387., 2822., 323110, 20211220110000)
 (4387., 4393., 4378., 4389., 1859., 323006, 20211220111500)
 (4389., 4393., 4359., 4361., 4077., 322888, 20211220113000)
 (4360., 4368., 4337., 4340., 5747., 323224, 20211220134500)
 (4340., 4345., 4327., 4328., 6085., 323054, 20211220140000)
 (4328., 4337., 4317., 4319., 8334., 319824, 20211220141500)
 (4319., 4327., 4293., 4295., 8214., 320975, 20211220143000)
 (4294., 4304., 4285., 4290., 5685., 321449, 20211220144500)
 (4290., 4299., 4283., 4287., 8099., 323590, 20211220150000)]
2021-12-21 15:30:00  INFO  [(4298., 4308., 4290., 4306., 14304., 320246, 20211220211500)
 (4306., 4327., 4306., 4326.,  5560., 320587, 20211220213000)
 (4326., 4328., 4313., 4314.,  4160., 320736, 20211220214500)
 (4314., 4326., 4313., 4323.,  5230., 320953, 20211220220000)
 (4322., 4324., 4310., 4315.,  4006., 320802, 20211220221500)
 (4315., 4317., 4303., 4305.,  4625., 320501, 20211220223000)
 (4305., 4305., 4281., 4288.,  8249., 322412, 20211220224500)
 (4288., 4301., 4270., 4281.,  7355., 322921, 20211220230000)
 (4285., 4312., 4267., 4268.,  9951., 324198, 20211221091500)
 (4268., 4272., 4253., 4266.,  7499., 324943, 20211221093000)
 (4266., 4286., 4262., 4281.,  4329., 324189, 20211221094500)
 (4282., 4291., 4277., 4283.,  3714., 324379, 20211221100000)
 (4283., 4297., 4270., 4291.,  5170., 324268, 20211221101500)
 (4291., 4299., 4276., 4281.,  3574., 324322, 20211221104500)
 (4282., 4291., 4267., 4267.,  5020., 322768, 20211221110000)
 (4266., 4276., 4259., 4261.,  5073., 323363, 20211221111500)
 (4260., 4290., 4256., 4276.,  4615., 323211, 20211221113000)
 (4276., 4311., 4276., 4310.,  8396., 321807, 20211221134500)
 (4310., 4313., 4276., 4279.,  6978., 320378, 20211221140000)
 (4279., 4285., 4272., 4278.,  2836., 320136, 20211221141500)
 (4278., 4287., 4276., 4283.,  2096., 320265, 20211221143000)
 (4283., 4296., 4280., 4284.,  2941., 320836, 20211221144500)
 (4284., 4286., 4269., 4278.,  4498., 321624, 20211221150000)]
2021-12-22 15:30:00  INFO  [(4286., 4293., 4268., 4270., 10887., 319201, 20211221211500)
 (4270., 4274., 4256., 4267.,  8373., 318823, 20211221213000)
 (4267., 4275., 4263., 4268.,  3441., 318453, 20211221214500)
 (4268., 4275., 4262., 4275.,  1870., 318179, 20211221220000)
 (4274., 4285., 4270., 4281.,  3303., 318520, 20211221221500)
 (4281., 4285., 4275., 4281.,  2229., 318505, 20211221223000)
 (4281., 4292., 4277., 4287.,  2686., 318758, 20211221224500)
 (4287., 4293., 4280., 4290.,  2670., 317957, 20211221230000)
 (4290., 4297., 4273., 4279.,  7597., 318606, 20211222091500)
 (4279., 4280., 4264., 4272.,  4047., 319162, 20211222093000)
 (4272., 4277., 4264., 4267.,  2329., 319564, 20211222094500)
 (4268., 4273., 4258., 4262.,  3849., 319496, 20211222100000)
 (4262., 4269., 4247., 4252.,  6145., 319287, 20211222101500)
 (4252., 4267., 4228., 4233., 10134., 318729, 20211222104500)
 (4235., 4240., 4226., 4232.,  4469., 319012, 20211222110000)
 (4232., 4244., 4223., 4238.,  4616., 319150, 20211222111500)
 (4238., 4239., 4223., 4223.,  4689., 318938, 20211222113000)
 (4227., 4246., 4224., 4239.,  6533., 319749, 20211222134500)
 (4239., 4252., 4233., 4244.,  5503., 317537, 20211222140000)
 (4244., 4245., 4228., 4230.,  3013., 317828, 20211222141500)
 (4230., 4230., 4219., 4220.,  5620., 318989, 20211222143000)
 (4220., 4220., 4207., 4213.,  7938., 320368, 20211222144500)
 (4212., 4228., 4206., 4227.,  5548., 320103, 20211222150000)]
2021-12-23 15:30:00  INFO  [(4235., 4242., 4222., 4242., 10846., 318382, 20211222211500)
 (4242., 4243., 4225., 4225.,  3946., 319072, 20211222213000)
 (4225., 4229., 4214., 4218.,  4743., 319574, 20211222214500)
 (4219., 4228., 4217., 4221.,  2614., 319480, 20211222220000)
 (4221., 4221., 4203., 4209.,  6000., 319116, 20211222221500)
 (4208., 4221., 4206., 4219.,  2960., 318956, 20211222223000)
 (4219., 4219., 4210., 4211.,  2583., 319262, 20211222224500)
 (4211., 4215., 4207., 4213.,  3168., 318800, 20211222230000)
 (4211., 4235., 4207., 4232.,  9428., 317692, 20211223091500)
 (4232., 4240., 4225., 4234.,  3468., 317787, 20211223093000)
 (4234., 4240., 4230., 4238.,  1800., 317688, 20211223094500)
 (4238., 4264., 4238., 4262.,  6391., 317719, 20211223100000)
 (4262., 4267., 4255., 4263.,  4984., 317892, 20211223101500)
 (4263., 4270., 4249., 4251.,  4991., 318110, 20211223104500)
 (4251., 4267., 4250., 4261.,  2521., 318099, 20211223110000)
 (4261., 4271., 4258., 4266.,  4753., 319904, 20211223111500)
 (4266., 4273., 4260., 4268.,  2371., 320050, 20211223113000)
 (4267., 4271., 4230., 4237.,  6538., 321158, 20211223134500)
 (4237., 4245., 4231., 4245.,  3576., 320789, 20211223140000)
 (4244., 4264., 4243., 4257.,  4483., 321260, 20211223141500)
 (4257., 4266., 4253., 4260.,  3503., 321523, 20211223143000)
 (4260., 4263., 4251., 4256.,  2024., 321340, 20211223144500)
 (4256., 4261., 4253., 4259.,  2096., 321043, 20211223150000)]
2021-12-24 15:30:00  INFO  [(4265., 4299., 4260., 4292., 20780., 319816, 20211223211500)
 (4290., 4305., 4288., 4305.,  4864., 320997, 20211223213000)
 (4305., 4320., 4298., 4317.,  5447., 320811, 20211223214500)
 (4317., 4322., 4308., 4308.,  4701., 320227, 20211223220000)
 (4308., 4315., 4302., 4313.,  2091., 320317, 20211223221500)
 (4313., 4315., 4308., 4312.,  1647., 320213, 20211223223000)
 (4312., 4313., 4300., 4305.,  1985., 320100, 20211223224500)
 (4305., 4314., 4302., 4314.,  1994., 319734, 20211223230000)
 (4314., 4316., 4299., 4305.,  4712., 319716, 20211224091500)
 (4305., 4308., 4293., 4304.,  3826., 319868, 20211224093000)
 (4305., 4307., 4297., 4301.,  2008., 319671, 20211224094500)
 (4301., 4308., 4297., 4300.,  2203., 319584, 20211224100000)
 (4301., 4302., 4289., 4296.,  3369., 319513, 20211224101500)
 (4293., 4298., 4282., 4290.,  3734., 319472, 20211224104500)
 (4289., 4296., 4272., 4273.,  3595., 319747, 20211224110000)
 (4272., 4290., 4268., 4286.,  4156., 320122, 20211224111500)
 (4286., 4308., 4281., 4303.,  4106., 320214, 20211224113000)
 (4303., 4305., 4291., 4293.,  2679., 320143, 20211224134500)
 (4293., 4302., 4277., 4278.,  3050., 320359, 20211224140000)
 (4278., 4295., 4276., 4292.,  4043., 320928, 20211224141500)
 (4292., 4299., 4290., 4295.,  2627., 321115, 20211224143000)
 (4295., 4303., 4293., 4301.,  2154., 321231, 20211224144500)
 (4302., 4306., 4295., 4304.,  3700., 321072, 20211224150000)]
2021-12-27 15:30:00  INFO  [(4308., 4308., 4290., 4293.,  6781., 318825, 20211224211500)
 (4293., 4296., 4282., 4286.,  2593., 319102, 20211224213000)
 (4286., 4297., 4285., 4296.,  1269., 319119, 20211224214500)
 (4296., 4297., 4283., 4285.,  1369., 319312, 20211224220000)
 (4285., 4293., 4275., 4288.,  1864., 319097, 20211224221500)
 (4288., 4292., 4279., 4281.,  1285., 319119, 20211224223000)
 (4281., 4288., 4279., 4284.,  1035., 319058, 20211224224500)
 (4284., 4284., 4150., 4180., 11579., 321283, 20211224230000)
 (4192., 4214., 4158., 4162., 24571., 324064, 20211227091500)
 (4162., 4165., 4146., 4148., 13598., 325824, 20211227093000)
 (4148., 4165., 4145., 4151.,  6583., 326867, 20211227094500)
 (4151., 4157., 4137., 4139.,  5768., 328889, 20211227100000)
 (4138., 4148., 4121., 4125.,  7148., 329939, 20211227101500)
 (4125., 4141., 4118., 4132.,  5413., 330570, 20211227104500)
 (4132., 4145., 4129., 4135.,  5177., 332124, 20211227110000)
 (4135., 4146., 4126., 4141.,  6455., 334617, 20211227111500)
 (4141., 4141., 4117., 4123.,  3797., 335308, 20211227113000)
 (4124., 4137., 4115., 4125.,  6546., 335686, 20211227134500)
 (4125., 4130., 4120., 4128.,  3464., 335262, 20211227140000)
 (4127., 4129., 4111., 4112.,  3726., 335167, 20211227141500)
 (4112., 4118., 4103., 4105.,  7219., 336123, 20211227143000)
 (4105., 4114., 4092., 4104.,  7988., 337234, 20211227144500)
 (4106., 4119., 4101., 4106.,  6197., 337503, 20211227150000)]
2021-12-28 15:30:00  INFO  [(4413., 4413., 4109., 4115., 23686., 334398, 20211227211500)
 (4115., 4121., 4103., 4117.,  6661., 333111, 20211227213000)
 (4117., 4127., 4111., 4125.,  4903., 331578, 20211227214500)
 (4125., 4131., 4122., 4126.,  2840., 331155, 20211227220000)
 (4126., 4136., 4123., 4133.,  2956., 330938, 20211227221500)
 (4133., 4136., 4099., 4102.,  4590., 331755, 20211227223000)
 (4102., 4115., 4100., 4114.,  2253., 331643, 20211227224500)
 (4114., 4129., 4112., 4123.,  2631., 331236, 20211227230000)
 (4121., 4135., 4121., 4128.,  4014., 331091, 20211228091500)
 (4128., 4139., 4127., 4134.,  2891., 331307, 20211228093000)
 (4134., 4148., 4134., 4145., 27221., 332256, 20211228094500)
 (4145., 4148., 4132., 4143., 19729., 332416, 20211228100000)
 (4143., 4147., 4136., 4137.,  1895., 332528, 20211228101500)
 (4138., 4140., 4127., 4134.,  2689., 332320, 20211228104500)
 (4135., 4140., 4128., 4137.,  1158., 332289, 20211228110000)
 (4137., 4139., 4128., 4129.,  2098., 333263, 20211228111500)
 (4128., 4135., 4111., 4134.,  4403., 333355, 20211228113000)
 (4134., 4139., 4118., 4121.,  2930., 333090, 20211228134500)
 (4121., 4134., 4119., 4130.,  2418., 332621, 20211228140000)
 (4130., 4132., 4114., 4115.,  2253., 332516, 20211228141500)
 (4116., 4135., 4113., 4129.,  3105., 331872, 20211228143000)
 (4129., 4132., 4120., 4122.,  4568., 331952, 20211228144500)
 (4122., 4125., 4108., 4119.,  3660., 332025, 20211228150000)]
2021-12-29 15:30:00  INFO  [(4105., 4125., 4105., 4110., 33723., 337249, 20211228211500)
 (4110., 4122., 4108., 4121.,  5377., 337824, 20211228213000)
 (4121., 4122., 4115., 4116.,  1174., 337771, 20211228214500)
 (4116., 4118., 4112., 4115.,  1151., 337933, 20211228220000)
 (4115., 4120., 4114., 4118.,   928., 337907, 20211228221500)
 (4118., 4139., 4117., 4133.,  4977., 336855, 20211228223000)
 (4133., 4144., 4131., 4139.,  2045., 336950, 20211228224500)
 (4139., 4141., 4130., 4130.,  2230., 336734, 20211228230000)
 (4129., 4142., 4127., 4140.,  5766., 336649, 20211229091500)
 (4141., 4144., 4137., 4140., 15833., 338012, 20211229093000)
 (4140., 4144., 4132., 4136., 27655., 337842, 20211229094500)
 (4136., 4145., 4136., 4144.,  1514., 337532, 20211229100000)
 (4144., 4148., 4121., 4125.,  6144., 338563, 20211229101500)
 (4125., 4128., 4095., 4097.,  8451., 340069, 20211229104500)
 (4097., 4123., 4094., 4113.,  8372., 339413, 20211229110000)
 (4112., 4116., 4098., 4102.,  5334., 338079, 20211229111500)
 (4102., 4102., 4088., 4094.,  7857., 338041, 20211229113000)
 (4093., 4107., 4085., 4100.,  7090., 337894, 20211229134500)
 (4100., 4102., 4090., 4098.,  4705., 338057, 20211229140000)
 (4098., 4106., 4092., 4100., 11025., 335932, 20211229141500)
 (4099., 4101., 4094., 4096.,  2639., 335746, 20211229143000)
 (4096., 4116., 4091., 4107.,  5359., 336566, 20211229144500)
 (4106., 4126., 4105., 4124.,  6754., 335352, 20211229150000)]
2021-12-30 15:30:00  INFO  [(4120., 4145., 4120., 4144., 17748., 341197, 20211229211500)
 (4144., 4151., 4140., 4146.,  3947., 341571, 20211229213000)
 (4146., 4163., 4142., 4163., 13572., 341449, 20211229214500)
 (4162., 4163., 4150., 4151.,  3040., 341327, 20211229220000)
 (4151., 4156., 4149., 4150.,  1933., 341170, 20211229221500)
 (4150., 4152., 4142., 4143.,  4077., 341491, 20211229223000)
 (4143., 4150., 4143., 4146.,  3054., 342094, 20211229224500)
 (4146., 4157., 4146., 4156.,  2224., 341772, 20211229230000)
 (4156., 4156., 4135., 4142.,  5888., 342995, 20211230091500)
 (4142., 4147., 4136., 4137., 11255., 343793, 20211230093000)
 (4137., 4140., 4131., 4139.,  2266., 343762, 20211230094500)
 (4139., 4142., 4131., 4133.,  7465., 343661, 20211230100000)
 (4133., 4145., 4132., 4141.,  1839., 343728, 20211230101500)
 (4140., 4141., 4129., 4137.,  3573., 344286, 20211230104500)
 (4137., 4157., 4135., 4153.,  3762., 344041, 20211230110000)
 (4153., 4163., 4148., 4159.,  2343., 344068, 20211230111500)
 (4160., 4168., 4152., 4155.,  4544., 344163, 20211230113000)
 (4152., 4152., 4122., 4126.,  6298., 344186, 20211230134500)
 (4126., 4129., 4095., 4097., 10207., 346430, 20211230140000)
 (4097., 4106., 4091., 4104.,  8702., 347174, 20211230141500)
 (4104., 4105., 4085., 4093.,  6221., 348183, 20211230143000)
 (4093., 4101., 4090., 4092.,  3919., 348735, 20211230144500)
 (4092., 4098., 4081., 4097.,  6609., 349537, 20211230150000)]
2021-12-31 15:30:00  INFO  [(4099., 4110., 4090., 4105., 11885., 348491, 20211230211500)
 (4105., 4110., 4091., 4091.,  2617., 348553, 20211230213000)
 (4092., 4104., 4084., 4100.,  3209., 348443, 20211230214500)
 (4099., 4102., 4092., 4092.,  1047., 348539, 20211230220000)
 (4092., 4103., 4092., 4102.,  2418., 348688, 20211230221500)
 (4101., 4106., 4100., 4106.,  1032., 348619, 20211230223000)
 (4106., 4115., 4098., 4099.,  2427., 348252, 20211230224500)
 (4098., 4104., 4097., 4101.,  1321., 348070, 20211230230000)
 (4098., 4107., 4088., 4098.,  7031., 348500, 20211231091500)
 (4098., 4107., 4098., 4104.,  2916., 348626, 20211231093000)
 (4104., 4109., 4096., 4100., 10246., 348820, 20211231094500)
 (4100., 4102., 4090., 4094.,  3039., 348796, 20211231100000)
 (4094., 4098., 4085., 4090.,  3047., 348966, 20211231101500)
 (4089., 4097., 4083., 4091.,  3258., 348781, 20211231104500)
 (4091., 4116., 4090., 4109.,  6293., 348139, 20211231110000)
 (4109., 4114., 4102., 4110.,  7745., 348439, 20211231111500)
 (4110., 4138., 4107., 4136.,  4612., 347626, 20211231113000)
 (4136., 4148., 4122., 4133.,  8981., 347068, 20211231134500)
 (4133., 4142., 4130., 4141.,  2098., 347246, 20211231140000)
 (4140., 4143., 4130., 4136., 15533., 347449, 20211231141500)
 (4136., 4141., 4134., 4140.,  6499., 347480, 20211231143000)
 (4140., 4141., 4122., 4125.,  3167., 346911, 20211231144500)
 (4125., 4141., 4123., 4123.,  6694., 346622, 20211231150000)]
2022-01-04 15:30:00  INFO  [(4109., 4114., 4102., 4110.,  7745., 348439, 20211231111500)
 (4110., 4138., 4107., 4136.,  4612., 347626, 20211231113000)
 (4136., 4148., 4122., 4133.,  8981., 347068, 20211231134500)
 (4133., 4142., 4130., 4141.,  2098., 347246, 20211231140000)
 (4140., 4143., 4130., 4136., 15533., 347449, 20211231141500)
 (4136., 4141., 4134., 4140.,  6499., 347480, 20211231143000)
 (4140., 4141., 4122., 4125.,  3167., 346911, 20211231144500)
 (4125., 4141., 4123., 4123.,  6694., 346622, 20211231150000)
 (4128., 4155., 4115., 4124., 10587., 346285, 20220104091500)
 (4125., 4134., 4103., 4128.,  7164., 346290, 20220104093000)
 (4128., 4154., 4125., 4148.,  6152., 345686, 20220104094500)
 (4148., 4180., 4147., 4178.,  6943., 345811, 20220104100000)
 (4179., 4186., 4156., 4159.,  5587., 345811, 20220104101500)
 (4159., 4173., 4156., 4162.,  2516., 345600, 20220104104500)
 (4162., 4188., 4157., 4187.,  8152., 346046, 20220104110000)
 (4188., 4188., 4180., 4183.,  2290., 345803, 20220104111500)
 (4183., 4183., 4174., 4177.,  2145., 345854, 20220104113000)
 (4179., 4187., 4173., 4175.,  2430., 346214, 20220104134500)
 (4177., 4185., 4175., 4179.,  1352., 346239, 20220104140000)
 (4179., 4184., 4178., 4183.,   910., 346200, 20220104141500)
 (4183., 4192., 4181., 4190.,  3711., 346244, 20220104143000)
 (4190., 4192., 4187., 4190.,  1707., 346481, 20220104144500)
 (4190., 4200., 4186., 4200.,  5132., 345747, 20220104150000)]
2022-01-05 15:30:00  INFO  [(4200., 4208., 4192., 4203., 10165., 341801, 20220104211500)
 (4203., 4204., 4191., 4201.,  2500., 341951, 20220104213000)
 (4201., 4208., 4198., 4203.,  1907., 341761, 20220104214500)
 (4203., 4247., 4199., 4246., 22023., 349823, 20220104220000)
 (4246., 4258., 4239., 4245., 18608., 354095, 20220104221500)
 (4246., 4248., 4238., 4247.,  4098., 353683, 20220104223000)
 (4247., 4252., 4244., 4251.,  5432., 353618, 20220104224500)
 (4251., 4253., 4245., 4246.,  2224., 353565, 20220104230000)
 (4246., 4283., 4239., 4272., 19907., 360200, 20220105091500)
 (4272., 4280., 4255., 4257.,  7605., 360117, 20220105093000)
 (4258., 4264., 4250., 4260.,  5867., 360122, 20220105094500)
 (4258., 4261., 4242., 4249.,  2375., 360627, 20220105100000)
 (4249., 4255., 4232., 4235.,  4368., 360267, 20220105101500)
 (4236., 4249., 4232., 4245.,  1806., 360139, 20220105104500)
 (4246., 4257., 4244., 4257.,  2724., 359440, 20220105110000)
 (4257., 4260., 4248., 4250.,  1794., 359539, 20220105111500)
 (4250., 4258., 4247., 4248.,  2150., 359963, 20220105113000)
 (4244., 4249., 4226., 4237.,  8777., 359934, 20220105134500)
 (4238., 4243., 4231., 4232.,  2548., 359479, 20220105140000)
 (4232., 4253., 4232., 4250.,  3738., 359090, 20220105141500)
 (4250., 4253., 4240., 4249.,  2184., 359215, 20220105143000)
 (4249., 4254., 4247., 4249.,  2376., 359535, 20220105144500)
 (4249., 4262., 4249., 4258.,  3394., 359230, 20220105150000)]
2022-01-06 15:30:00  INFO  [(4265., 4288., 4261., 4270., 13573., 357631, 20220105211500)
 (4269., 4269., 4254., 4262.,  5207., 357268, 20220105213000)
 (4262., 4269., 4256., 4265.,  4330., 356015, 20220105214500)
 (4265., 4296., 4264., 4289., 19654., 360860, 20220105220000)
 (4289., 4317., 4289., 4296., 19978., 366811, 20220105221500)
 (4296., 4300., 4292., 4298.,  5270., 367232, 20220105223000)
 (4299., 4300., 4294., 4297.,  5287., 367486, 20220105224500)
 (4297., 4301., 4288., 4300.,  4014., 367697, 20220105230000)
 (4299., 4299., 4263., 4285.,  7666., 368013, 20220106091500)
 (4285., 4286., 4275., 4282.,  2534., 368213, 20220106093000)
 (4282., 4289., 4278., 4278.,  2114., 368024, 20220106094500)
 (4278., 4285., 4275., 4278.,  1054., 367931, 20220106100000)
 (4278., 4299., 4278., 4292.,  3460., 367700, 20220106101500)
 (4291., 4307., 4289., 4304.,  5704., 367653, 20220106104500)
 (4305., 4315., 4301., 4308.,  5934., 366350, 20220106110000)
 (4308., 4314., 4295., 4296.,  4286., 367113, 20220106111500)
 (4296., 4300., 4277., 4290.,  7323., 367485, 20220106113000)
 (4291., 4315., 4291., 4312.,  9862., 366584, 20220106134500)
 (4312., 4314., 4303., 4309.,  4892., 367257, 20220106140000)
 (4310., 4318., 4308., 4316.,  4593., 368326, 20220106141500)
 (4316., 4319., 4309., 4313.,  3882., 369344, 20220106143000)
 (4313., 4315., 4305., 4305.,  3016., 368791, 20220106144500)
 (4306., 4315., 4298., 4314.,  4863., 368107, 20220106150000)]
2022-01-07 15:30:00  INFO  [(4320., 4328., 4302., 4308., 11766., 371977, 20220106211500)
 (4308., 4309., 4289., 4293.,  3724., 371653, 20220106213000)
 (4293., 4297., 4290., 4293.,  2195., 371341, 20220106214500)
 (4293., 4296., 4285., 4292.,  1920., 371240, 20220106220000)
 (4291., 4295., 4288., 4294.,  1279., 371124, 20220106221500)
 (4294., 4294., 4281., 4287.,  2314., 370976, 20220106223000)
 (4287., 4292., 4282., 4292.,  6679., 371580, 20220106224500)
 (4292., 4297., 4281., 4282.,  2805., 371182, 20220106230000)
 (4283., 4293., 4276., 4282.,  4144., 371755, 20220107091500)
 (4282., 4297., 4280., 4294.,  3770., 371318, 20220107093000)
 (4294., 4301., 4292., 4294.,  2813., 371191, 20220107094500)
 (4294., 4296., 4273., 4288.,  9258., 371976, 20220107100000)
 (4287., 4299., 4281., 4297.,  3240., 371419, 20220107101500)
 (4298., 4309., 4293., 4304.,  5355., 371764, 20220107104500)
 (4304., 4308., 4295., 4306.,  2661., 372074, 20220107110000)
 (4304., 4313., 4301., 4308.,  2975., 371623, 20220107111500)
 (4308., 4320., 4304., 4311.,  5935., 370811, 20220107113000)
 (4312., 4325., 4306., 4321.,  6972., 369675, 20220107134500)
 (4320., 4330., 4315., 4322.,  4893., 369171, 20220107140000)
 (4322., 4327., 4320., 4326.,  3094., 368580, 20220107141500)
 (4326., 4329., 4312., 4316.,  2833., 368535, 20220107143000)
 (4316., 4318., 4295., 4309.,  4721., 368186, 20220107144500)
 (4309., 4332., 4306., 4331.,  5226., 367568, 20220107150000)]
2022-01-10 15:30:00  INFO  [(4335., 4339., 4320., 4328.,  4858., 368230, 20220107211500)
 (4328., 4334., 4325., 4326.,  1758., 368170, 20220107213000)
 (4326., 4331., 4320., 4323.,  2333., 368464, 20220107214500)
 (4323., 4326., 4317., 4323.,   982., 368405, 20220107220000)
 (4325., 4328., 4319., 4325.,  1053., 368285, 20220107221500)
 (4325., 4328., 4320., 4325.,   901., 368056, 20220107223000)
 (4325., 4329., 4322., 4324.,   991., 367649, 20220107224500)
 (4324., 4329., 4320., 4323.,  1341., 367242, 20220107230000)
 (4320., 4340., 4293., 4333., 14101., 366576, 20220110091500)
 (4333., 4344., 4330., 4338.,  7141., 365558, 20220110093000)
 (4338., 4340., 4319., 4319.,  4267., 365255, 20220110094500)
 (4320., 4320., 4302., 4305.,  6674., 365276, 20220110100000)
 (4305., 4312., 4298., 4306.,  2997., 365342, 20220110101500)
 (4307., 4317., 4306., 4312.,  1496., 365183, 20220110104500)
 (4312., 4312., 4297., 4298.,  2238., 365351, 20220110110000)
 (4298., 4303., 4283., 4291.,  5557., 366152, 20220110111500)
 (4291., 4307., 4290., 4298.,  2153., 366010, 20220110113000)
 (4298., 4309., 4298., 4308.,  2311., 365811, 20220110134500)
 (4308., 4311., 4301., 4303.,  2162., 365088, 20220110140000)
 (4302., 4308., 4295., 4298.,  1358., 365280, 20220110141500)
 (4298., 4299., 4290., 4292.,  5245., 366244, 20220110143000)
 (4292., 4304., 4290., 4299.,  1687., 365944, 20220110144500)
 (4299., 4307., 4296., 4304.,  2261., 365623, 20220110150000)]
2022-01-11 15:30:00  INFO  [(4308., 4336., 4308., 4329., 12363., 366718, 20220110211500)
 (4328., 4330., 4320., 4321.,  2942., 366340, 20220110213000)
 (4321., 4326., 4317., 4323.,  1291., 366403, 20220110214500)
 (4323., 4328., 4321., 4327.,  1126., 366416, 20220110220000)
 (4328., 4336., 4324., 4332.,  2179., 366845, 20220110221500)
 (4332., 4342., 4330., 4337.,  2671., 367087, 20220110223000)
 (4338., 4339., 4329., 4334.,   998., 366951, 20220110224500)
 (4333., 4333., 4300., 4300.,  3227., 366231, 20220110230000)
 (4309., 4323., 4297., 4318.,  9536., 366530, 20220111091500)
 (4317., 4321., 4311., 4318.,  2427., 366435, 20220111093000)
 (4318., 4337., 4318., 4333.,  4546., 366329, 20220111094500)
 (4333., 4337., 4326., 4334.,  2127., 366190, 20220111100000)
 (4334., 4336., 4323., 4326.,  2087., 366328, 20220111101500)
 (4327., 4331., 4308., 4317.,  6030., 367133, 20220111104500)
 (4316., 4316., 4304., 4312.,  3756., 368117, 20220111110000)
 (4312., 4327., 4306., 4324.,  2805., 367738, 20220111111500)
 (4324., 4328., 4319., 4324.,  3074., 366980, 20220111113000)
 (4319., 4332., 4313., 4329.,  3976., 366909, 20220111134500)
 (4329., 4337., 4326., 4336.,  2227., 366864, 20220111140000)
 (4336., 4340., 4329., 4335.,  2395., 366922, 20220111141500)
 (4335., 4340., 4332., 4339.,  1917., 366636, 20220111143000)
 (4340., 4393., 4340., 4382., 13673., 365684, 20220111144500)
 (4385., 4396., 4379., 4394., 11087., 367092, 20220111150000)]
2022-01-12 15:30:00  INFO  [(4400., 4402., 4388., 4399., 8499., 366562, 20220111211500)
 (4399., 4399., 4390., 4394., 2215., 366905, 20220111213000)
 (4394., 4399., 4384., 4389., 2908., 367316, 20220111214500)
 (4389., 4391., 4379., 4388., 2576., 367877, 20220111220000)
 (4388., 4393., 4384., 4390.,  954., 368057, 20220111221500)
 (4390., 4398., 4389., 4394.,  911., 368047, 20220111223000)
 (4394., 4394., 4376., 4385., 2735., 368502, 20220111224500)
 (4385., 4395., 4381., 4391., 1487., 368323, 20220111230000)
 (4399., 4410., 4377., 4387., 9270., 370297, 20220112091500)
 (4387., 4408., 4382., 4407., 3725., 369119, 20220112093000)
 (4407., 4414., 4398., 4407., 4272., 368865, 20220112094500)
 (4407., 4418., 4400., 4414., 3250., 368731, 20220112100000)
 (4414., 4416., 4408., 4415., 1342., 368732, 20220112101500)
 (4415., 4419., 4405., 4413., 3819., 367990, 20220112104500)
 (4413., 4417., 4409., 4417., 1067., 367834, 20220112110000)
 (4417., 4421., 4411., 4420., 1353., 367767, 20220112111500)
 (4420., 4427., 4411., 4422., 2572., 367826, 20220112113000)
 (4422., 4425., 4413., 4421., 4398., 368645, 20220112134500)
 (4421., 4424., 4416., 4421., 1368., 368783, 20220112140000)
 (4421., 4427., 4405., 4421., 4402., 368426, 20220112141500)
 (4421., 4428., 4418., 4427., 3216., 368293, 20220112143000)
 (4427., 4430., 4422., 4430., 1939., 368240, 20220112144500)
 (4430., 4438., 4422., 4438., 3721., 367493, 20220112150000)]
2022-01-13 15:30:00  INFO  [(4438., 4454., 4437., 4452., 9570., 368293, 20220112211500)
 (4452., 4485., 4451., 4478., 7277., 368715, 20220112213000)
 (4479., 4485., 4474., 4482., 4562., 368473, 20220112214500)
 (4482., 4486., 4478., 4482., 3681., 368569, 20220112220000)
 (4482., 4493., 4480., 4493., 2907., 368671, 20220112221500)
 (4493., 4496., 4472., 4475., 6394., 368402, 20220112223000)
 (4475., 4489., 4468., 4487., 5558., 367105, 20220112224500)
 (4487., 4499., 4487., 4488., 5291., 365968, 20220112230000)
 (4488., 4497., 4478., 4489., 4034., 366192, 20220113091500)
 (4488., 4492., 4484., 4490., 5652., 362614, 20220113093000)
 (4491., 4498., 4485., 4498., 2292., 362477, 20220113094500)
 (4498., 4500., 4490., 4495., 2818., 361327, 20220113100000)
 (4495., 4498., 4489., 4491., 1521., 360962, 20220113101500)
 (4491., 4496., 4486., 4488., 2851., 359733, 20220113104500)
 (4488., 4490., 4481., 4486., 2371., 359902, 20220113110000)
 (4486., 4492., 4478., 4481., 1232., 359846, 20220113111500)
 (4481., 4482., 4457., 4459., 6195., 359702, 20220113113000)
 (4455., 4461., 4442., 4454., 9685., 358154, 20220113134500)
 (4455., 4465., 4447., 4448., 6460., 355065, 20220113140000)
 (4448., 4455., 4442., 4445., 1908., 355125, 20220113141500)
 (4445., 4455., 4434., 4454., 3351., 354607, 20220113143000)
 (4454., 4457., 4442., 4450., 1944., 354827, 20220113144500)
 (4451., 4451., 4438., 4440., 4065., 355036, 20220113150000)]
2022-01-14 15:30:00  INFO  [(4420., 4432., 4405., 4430., 15716., 352010, 20220113211500)
 (4430., 4442., 4425., 4440.,  2456., 352089, 20220113213000)
 (4440., 4457., 4440., 4456.,  5022., 350484, 20220113214500)
 (4456., 4457., 4443., 4453.,  2040., 350198, 20220113220000)
 (4453., 4473., 4448., 4470.,  3498., 350143, 20220113221500)
 (4470., 4477., 4465., 4473.,  2133., 350271, 20220113223000)
 (4473., 4478., 4469., 4474.,  1529., 350270, 20220113224500)
 (4474., 4480., 4466., 4471.,  1707., 349868, 20220113230000)
 (4470., 4473., 4446., 4455.,  5653., 350067, 20220114091500)
 (4455., 4472., 4452., 4454.,  2905., 349934, 20220114093000)
 (4454., 4461., 4450., 4457.,  2499., 349561, 20220114094500)
 (4459., 4464., 4442., 4456.,  1975., 349389, 20220114100000)
 (4456., 4469., 4455., 4457.,  2118., 349196, 20220114101500)
 (4457., 4467., 4452., 4467.,  1723., 349141, 20220114104500)
 (4467., 4468., 4458., 4463.,   811., 349178, 20220114110000)
 (4464., 4466., 4452., 4457.,  1122., 349234, 20220114111500)
 (4457., 4460., 4433., 4447.,  3506., 349287, 20220114113000)
 (4445., 4465., 4438., 4464.,  3019., 349326, 20220114134500)
 (4465., 4466., 4446., 4446.,  1712., 349142, 20220114140000)
 (4445., 4455., 4441., 4448.,  2158., 349074, 20220114141500)
 (4448., 4457., 4446., 4446.,  1291., 348870, 20220114143000)
 (4446., 4462., 4443., 4460.,  1737., 348528, 20220114144500)
 (4460., 4465., 4451., 4463.,  2294., 347990, 20220114150000)]
2022-01-17 15:30:00  INFO  [(4460., 4490., 4450., 4453., 13131., 352795, 20220114211500)
 (4453., 4453., 4416., 4422.,  9100., 353971, 20220114213000)
 (4422., 4438., 4420., 4438.,  2280., 353932, 20220114214500)
 (4438., 4443., 4421., 4421.,  2739., 353596, 20220114220000)
 (4421., 4434., 4417., 4432.,  8912., 359232, 20220114221500)
 (4432., 4432., 4423., 4426.,  2106., 360422, 20220114223000)
 (4426., 4433., 4424., 4433.,  2741., 360969, 20220114224500)
 (4433., 4436., 4392., 4423.,  6947., 360969, 20220114230000)
 (4420., 4421., 4374., 4375., 12037., 362150, 20220117091500)
 (4374., 4391., 4368., 4385.,  6813., 361976, 20220117093000)
 (4385., 4400., 4379., 4398.,  2516., 361805, 20220117094500)
 (4398., 4399., 4382., 4382.,  2697., 361949, 20220117100000)
 (4382., 4390., 4356., 4365.,  7297., 361571, 20220117101500)
 (4365., 4368., 4341., 4346.,  8051., 361560, 20220117104500)
 (4344., 4352., 4340., 4342.,  5254., 360115, 20220117110000)
 (4343., 4360., 4335., 4355., 12213., 358076, 20220117111500)
 (4352., 4362., 4352., 4360.,  9532., 357026, 20220117113000)
 (4360., 4370., 4355., 4357.,  3749., 356586, 20220117134500)
 (4357., 4370., 4357., 4362.,  2430., 355935, 20220117140000)
 (4362., 4366., 4353., 4355.,  1731., 355298, 20220117141500)
 (4354., 4363., 4352., 4353.,  2992., 356516, 20220117143000)
 (4353., 4367., 4351., 4365.,  2947., 357063, 20220117144500)
 (4365., 4374., 4361., 4370.,  5298., 359187, 20220117150000)]
2022-01-18 15:30:00  INFO  [(4370., 4382., 4358., 4376., 4720., 359876, 20220117211500)
 (4376., 4390., 4370., 4387., 2309., 360091, 20220117213000)
 (4387., 4388., 4379., 4387., 2097., 360274, 20220117214500)
 (4387., 4390., 4381., 4383., 1106., 360135, 20220117220000)
 (4382., 4383., 4374., 4382., 1841., 360103, 20220117221500)
 (4382., 4386., 4379., 4382.,  628., 360025, 20220117223000)
 (4381., 4386., 4376., 4378.,  831., 359953, 20220117224500)
 (4378., 4382., 4374., 4377.,  901., 359666, 20220117230000)
 (4379., 4382., 4366., 4369., 2513., 359597, 20220118091500)
 (4371., 4393., 4368., 4390., 3092., 359650, 20220118093000)
 (4390., 4390., 4381., 4386.,  880., 359623, 20220118094500)
 (4387., 4388., 4364., 4371., 2403., 359640, 20220118100000)
 (4371., 4379., 4369., 4378., 1175., 359564, 20220118101500)
 (4379., 4397., 4375., 4396., 3288., 359737, 20220118104500)
 (4396., 4406., 4392., 4405., 3182., 359720, 20220118110000)
 (4405., 4411., 4390., 4398., 4406., 359906, 20220118111500)
 (4396., 4405., 4385., 4396., 3582., 359928, 20220118113000)
 (4391., 4417., 4391., 4412., 4769., 359921, 20220118134500)
 (4412., 4418., 4405., 4416., 4132., 358351, 20220118140000)
 (4416., 4425., 4415., 4420., 3208., 358476, 20220118141500)
 (4420., 4433., 4420., 4422., 4761., 358086, 20220118143000)
 (4424., 4429., 4417., 4419., 2820., 358389, 20220118144500)
 (4419., 4431., 4416., 4420., 3457., 357651, 20220118150000)]
2022-01-19 15:30:00  INFO  [(4420., 4491., 4420., 4486., 15011., 358617, 20220118211500)
 (4485., 4497., 4477., 4491.,  7536., 358015, 20220118213000)
 (4489., 4517., 4489., 4508.,  6816., 358202, 20220118214500)
 (4508., 4512., 4501., 4510.,  3307., 358131, 20220118220000)
 (4510., 4522., 4506., 4519.,  2745., 358202, 20220118221500)
 (4520., 4534., 4520., 4527.,  4601., 358149, 20220118223000)
 (4527., 4542., 4525., 4542.,  4641., 358280, 20220118224500)
 (4542., 4544., 4518., 4528.,  6945., 355732, 20220118230000)
 (4529., 4536., 4512., 4517.,  7112., 355043, 20220119091500)
 (4517., 4545., 4515., 4535.,  9234., 352678, 20220119093000)
 (4535., 4542., 4533., 4540., 12479., 343034, 20220119094500)
 (4540., 4545., 4536., 4544.,  5749., 341197, 20220119100000)
 (4544., 4545., 4529., 4536.,  5569., 340488, 20220119101500)
 (4535., 4540., 4525., 4525.,  4231., 341073, 20220119104500)
 (4525., 4532., 4515., 4529.,  2861., 340924, 20220119110000)
 (4530., 4531., 4521., 4524.,  1965., 341017, 20220119111500)
 (4524., 4532., 4510., 4519.,  6826., 340329, 20220119113000)
 (4515., 4518., 4489., 4493.,  7184., 340944, 20220119134500)
 (4494., 4507., 4492., 4506.,  2894., 340912, 20220119140000)
 (4504., 4527., 4501., 4522.,  3291., 339926, 20220119141500)
 (4522., 4532., 4516., 4525.,  3942., 338736, 20220119143000)
 (4525., 4534., 4520., 4528.,  5925., 334069, 20220119144500)
 (4528., 4531., 4515., 4529.,  3819., 332725, 20220119150000)]
2022-01-20 15:30:00  INFO  [(4530., 4538., 4506., 4512.,  6840., 333610, 20220119211500)
 (4512., 4524., 4511., 4519.,  2627., 333473, 20220119213000)
 (4519., 4536., 4515., 4530.,  3773., 333227, 20220119214500)
 (4530., 4534., 4519., 4529., 12415., 331559, 20220119220000)
 (4529., 4536., 4526., 4534.,  5437., 330208, 20220119221500)
 (4534., 4548., 4534., 4542., 12151., 329376, 20220119223000)
 (4542., 4549., 4539., 4546., 13936., 327832, 20220119224500)
 (4544., 4555., 4543., 4549., 13637., 325777, 20220119230000)
 (4549., 4551., 4530., 4535.,  9450., 325503, 20220120091500)
 (4535., 4537., 4513., 4535., 11713., 323784, 20220120093000)
 (4535., 4545., 4533., 4538.,  4264., 323467, 20220120094500)
 (4538., 4538., 4520., 4525.,  3290., 323974, 20220120100000)
 (4524., 4526., 4515., 4522.,  4726., 322578, 20220120101500)
 (4523., 4532., 4516., 4521.,  2935., 322609, 20220120104500)
 (4521., 4534., 4519., 4532.,  2312., 322801, 20220120110000)
 (4532., 4537., 4524., 4530.,  1494., 322766, 20220120111500)
 (4530., 4540., 4528., 4530.,  2953., 322735, 20220120113000)
 (4529., 4547., 4529., 4538.,  3791., 322876, 20220120134500)
 (4539., 4544., 4534., 4539.,  2719., 323279, 20220120140000)
 (4539., 4548., 4531., 4548.,  4486., 321437, 20220120141500)
 (4547., 4561., 4547., 4554.,  5627., 322432, 20220120143000)
 (4554., 4567., 4552., 4559.,  3743., 322720, 20220120144500)
 (4559., 4561., 4540., 4542.,  4728., 323053, 20220120150000)]
2022-01-21 15:30:00  INFO  [(4542., 4548., 4516., 4543., 15537., 316225, 20220120211500)
 (4544., 4545., 4538., 4545.,  2362., 316594, 20220120213000)
 (4545., 4550., 4541., 4544.,  1623., 316735, 20220120214500)
 (4544., 4555., 4541., 4555.,  1499., 316663, 20220120220000)
 (4555., 4576., 4555., 4570.,  6331., 316722, 20220120221500)
 (4570., 4576., 4566., 4574.,  1583., 316790, 20220120223000)
 (4574., 4586., 4574., 4578.,  2957., 316873, 20220120224500)
 (4578., 4585., 4569., 4574.,  2292., 316630, 20220120230000)
 (4568., 4572., 4542., 4554.,  8672., 316128, 20220121091500)
 (4555., 4562., 4543., 4545.,  5083., 315337, 20220121093000)
 (4545., 4550., 4521., 4544.,  6502., 315913, 20220121094500)
 (4545., 4558., 4537., 4542.,  3512., 315696, 20220121100000)
 (4542., 4561., 4540., 4550.,  2847., 315211, 20220121101500)
 (4550., 4550., 4525., 4525.,  4744., 315076, 20220121104500)
 (4526., 4532., 4515., 4522.,  5485., 316874, 20220121110000)
 (4522., 4530., 4519., 4521.,  3063., 317922, 20220121111500)
 (4521., 4538., 4511., 4535.,  7302., 313924, 20220121113000)
 (4537., 4559., 4527., 4558.,  9106., 311867, 20220121134500)
 (4558., 4560., 4548., 4554.,  4115., 312078, 20220121140000)
 (4554., 4558., 4549., 4554.,  1207., 311852, 20220121141500)
 (4555., 4559., 4550., 4556.,  1879., 311873, 20220121143000)
 (4558., 4567., 4535., 4542.,  4822., 312231, 20220121144500)
 (4542., 4548., 4538., 4542.,  2124., 311879, 20220121150000)]
2022-01-24 15:30:00  INFO  [(4565., 4565., 4530., 4535.,  8327., 314068, 20220121211500)
 (4535., 4544., 4530., 4541.,  2992., 313791, 20220121213000)
 (4541., 4565., 4541., 4562.,  6194., 312319, 20220121214500)
 (4562., 4565., 4551., 4554.,  1704., 311742, 20220121220000)
 (4554., 4563., 4548., 4550.,  4073., 309796, 20220121221500)
 (4550., 4565., 4542., 4564.,  3239., 308540, 20220121223000)
 (4564., 4568., 4554., 4557.,  2101., 308315, 20220121224500)
 (4556., 4564., 4552., 4563.,  1433., 307959, 20220121230000)
 (4568., 4613., 4567., 4591., 16977., 307683, 20220124091500)
 (4591., 4593., 4537., 4543., 11084., 309568, 20220124093000)
 (4543., 4548., 4533., 4539.,  5719., 310205, 20220124094500)
 (4539., 4543., 4533., 4538.,  4888., 310012, 20220124100000)
 (4538., 4542., 4525., 4527.,  4352., 309547, 20220124101500)
 (4529., 4535., 4525., 4529.,  2914., 309820, 20220124104500)
 (4529., 4537., 4506., 4517.,  5963., 311021, 20220124110000)
 (4517., 4537., 4516., 4534.,  2297., 310994, 20220124111500)
 (4533., 4542., 4528., 4534.,  2680., 310427, 20220124113000)
 (4535., 4563., 4535., 4552.,  9405., 310818, 20220124134500)
 (4552., 4559., 4547., 4556.,  2204., 310012, 20220124140000)
 (4557., 4558., 4542., 4548.,  1828., 309645, 20220124141500)
 (4548., 4548., 4508., 4512.,  5857., 310765, 20220124143000)
 (4512., 4521., 4500., 4515.,  4029., 311669, 20220124144500)
 (4515., 4516., 4490., 4496.,  5974., 312118, 20220124150000)]
2022-01-25 15:30:00  INFO  [(4496., 4514., 4486., 4488., 12372., 308119, 20220124211500)
 (4488., 4504., 4482., 4495.,  2949., 307960, 20220124213000)
 (4495., 4513., 4495., 4499.,  2346., 308090, 20220124214500)
 (4500., 4505., 4491., 4492.,  2048., 308324, 20220124220000)
 (4492., 4495., 4470., 4482.,  6797., 309822, 20220124221500)
 (4482., 4501., 4476., 4478.,  4068., 309552, 20220124223000)
 (4478., 4488., 4472., 4485.,  2392., 309694, 20220124224500)
 (4486., 4489., 4473., 4476.,  1625., 309525, 20220124230000)
 (4477., 4495., 4464., 4487.,  9455., 308640, 20220125091500)
 (4487., 4503., 4485., 4499.,  3441., 308367, 20220125093000)
 (4498., 4509., 4493., 4508.,  2776., 308078, 20220125094500)
 (4508., 4515., 4502., 4514.,  2519., 307958, 20220125100000)
 (4515., 4524., 4510., 4516.,  2919., 307782, 20220125101500)
 (4515., 4519., 4506., 4513.,  1691., 307802, 20220125104500)
 (4513., 4525., 4510., 4524.,  2606., 307632, 20220125110000)
 (4524., 4525., 4505., 4513.,  4530., 308059, 20220125111500)
 (4514., 4534., 4514., 4534.,  4634., 307661, 20220125113000)
 (4532., 4545., 4524., 4543.,  5716., 307604, 20220125134500)
 (4542., 4547., 4532., 4543.,  7453., 303810, 20220125140000)
 (4543., 4544., 4534., 4539.,  2451., 302880, 20220125141500)
 (4539., 4543., 4534., 4537.,  1307., 302605, 20220125143000)
 (4537., 4550., 4533., 4542.,  3846., 302542, 20220125144500)
 (4542., 4547., 4536., 4539.,  4770., 301060, 20220125150000)]
2022-01-26 15:30:00  INFO  [(4540., 4553., 4532., 4545., 22009., 289359, 20220125211500)
 (4545., 4548., 4536., 4538.,  5511., 288270, 20220125213000)
 (4538., 4541., 4534., 4538.,  3173., 289025, 20220125214500)
 (4538., 4539., 4523., 4532.,  4364., 289353, 20220125220000)
 (4532., 4535., 4528., 4535.,  3338., 289495, 20220125221500)
 (4535., 4537., 4518., 4526.,  2839., 289887, 20220125223000)
 (4526., 4531., 4508., 4510.,  3728., 289104, 20220125224500)
 (4511., 4521., 4475., 4480.,  5643., 288795, 20220125230000)
 (4490., 4497., 4477., 4486.,  9154., 288825, 20220126091500)
 (4486., 4491., 4471., 4480.,  3682., 289046, 20220126093000)
 (4480., 4485., 4463., 4480.,  5116., 289936, 20220126094500)
 (4480., 4493., 4478., 4485.,  2352., 290085, 20220126100000)
 (4485., 4499., 4480., 4496.,  2486., 289807, 20220126101500)
 (4497., 4502., 4493., 4498.,  2214., 289660, 20220126104500)
 (4498., 4520., 4498., 4515.,  3629., 289356, 20220126110000)
 (4515., 4518., 4501., 4505.,  3184., 289555, 20220126111500)
 (4505., 4513., 4490., 4490.,  3611., 290156, 20220126113000)
 (4485., 4509., 4482., 4494.,  4720., 290359, 20220126134500)
 (4494., 4507., 4488., 4504.,  2506., 290432, 20220126140000)
 (4505., 4518., 4505., 4517.,  7291., 288641, 20220126141500)
 (4517., 4522., 4511., 4522.,  2396., 288751, 20220126143000)
 (4521., 4531., 4515., 4515.,  3860., 288791, 20220126144500)
 (4515., 4528., 4512., 4519.,  3455., 288851, 20220126150000)]
2022-01-27 15:30:00  INFO  [(4525., 4527., 4495., 4495., 13361., 285583, 20220126211500)
 (4495., 4503., 4489., 4494.,  6696., 286971, 20220126213000)
 (4493., 4508., 4493., 4507.,  2637., 286818, 20220126214500)
 (4507., 4522., 4501., 4502.,  3687., 286636, 20220126220000)
 (4502., 4510., 4499., 4506.,  1384., 286552, 20220126221500)
 (4506., 4510., 4503., 4505.,   689., 286495, 20220126223000)
 (4505., 4509., 4494., 4500.,   999., 286504, 20220126224500)
 (4499., 4515., 4499., 4513.,  1779., 286006, 20220126230000)
 (4513., 4515., 4500., 4512.,  4375., 285807, 20220127091500)
 (4512., 4516., 4507., 4513.,   924., 285783, 20220127093000)
 (4513., 4521., 4498., 4500.,  6307., 284882, 20220127094500)
 (4500., 4508., 4495., 4498.,  1797., 284769, 20220127100000)
 (4498., 4502., 4481., 4486.,  3685., 285291, 20220127101500)
 (4484., 4502., 4480., 4498.,  3442., 284954, 20220127104500)
 (4498., 4501., 4492., 4493.,  1608., 285237, 20220127110000)
 (4493., 4503., 4491., 4497.,  4954., 284946, 20220127111500)
 (4497., 4541., 4492., 4538.,  7883., 283811, 20220127113000)
 (4533., 4566., 4533., 4543., 13809., 282755, 20220127134500)
 (4543., 4562., 4543., 4557.,  4170., 282040, 20220127140000)
 (4557., 4559., 4545., 4548.,  4145., 280927, 20220127141500)
 (4548., 4552., 4532., 4536.,  2350., 280667, 20220127143000)
 (4536., 4538., 4496., 4510., 12667., 279911, 20220127144500)
 (4509., 4511., 4497., 4499.,  7028., 280316, 20220127150000)]
2022-01-28 15:30:00  INFO  [(4500., 4575., 4500., 4573., 13503., 279219, 20220127211500)
 (4576., 4586., 4565., 4572.,  7244., 278847, 20220127213000)
 (4572., 4584., 4570., 4581.,  2378., 278445, 20220127214500)
 (4582., 4585., 4558., 4562.,  4604., 277621, 20220127220000)
 (4561., 4580., 4561., 4575.,  2144., 276997, 20220127221500)
 (4575., 4578., 4568., 4575.,   843., 276963, 20220127223000)
 (4576., 4582., 4571., 4581.,  1028., 276930, 20220127224500)
 (4581., 4588., 4575., 4578.,  2968., 276587, 20220127230000)
 (4578., 4582., 4566., 4567.,  4039., 276325, 20220128091500)
 (4567., 4576., 4564., 4576.,  1427., 276224, 20220128093000)
 (4576., 4578., 4562., 4570.,  1440., 276072, 20220128094500)
 (4570., 4594., 4569., 4590.,  3058., 276355, 20220128100000)
 (4590., 4594., 4583., 4587.,  3066., 276006, 20220128101500)
 (4588., 4588., 4557., 4559.,  4306., 275943, 20220128104500)
 (4560., 4587., 4559., 4586.,  2675., 276141, 20220128110000)
 (4586., 4598., 4580., 4592.,  3874., 276739, 20220128111500)
 (4591., 4602., 4581., 4596.,  4161., 276221, 20220128113000)
 (4597., 4608., 4595., 4607.,  4081., 276556, 20220128134500)
 (4607., 4612., 4603., 4612.,  2808., 277111, 20220128140000)
 (4612., 4613., 4581., 4600.,  4242., 277300, 20220128141500)
 (4600., 4610., 4587., 4593.,  3105., 277543, 20220128143000)
 (4591., 4609., 4591., 4607.,  3298., 277621, 20220128144500)
 (4607., 4645., 4598., 4641., 12173., 275490, 20220128150000)]
2022-02-07 15:30:00  INFO  [(4586., 4598., 4580., 4592.,  3874., 276739, 20220128111500)
 (4591., 4602., 4581., 4596.,  4161., 276221, 20220128113000)
 (4597., 4608., 4595., 4607.,  4081., 276556, 20220128134500)
 (4607., 4612., 4603., 4612.,  2808., 277111, 20220128140000)
 (4612., 4613., 4581., 4600.,  4242., 277300, 20220128141500)
 (4600., 4610., 4587., 4593.,  3105., 277543, 20220128143000)
 (4591., 4609., 4591., 4607.,  3298., 277621, 20220128144500)
 (4607., 4645., 4598., 4641., 12173., 275490, 20220128150000)
 (4596., 4680., 4596., 4627., 23332., 274672, 20220207091500)
 (4627., 4641., 4617., 4619.,  3890., 274739, 20220207093000)
 (4619., 4649., 4618., 4640.,  4475., 275820, 20220207094500)
 (4640., 4649., 4627., 4638.,  2461., 275867, 20220207100000)
 (4639., 4643., 4632., 4639.,  3354., 276308, 20220207101500)
 (4639., 4657., 4636., 4656.,  3446., 276577, 20220207104500)
 (4656., 4661., 4644., 4658.,  2837., 276770, 20220207110000)
 (4658., 4658., 4647., 4657.,  2190., 276930, 20220207111500)
 (4657., 4680., 4653., 4675.,  4091., 277174, 20220207113000)
 (4675., 4679., 4662., 4675.,  4293., 277230, 20220207134500)
 (4675., 4676., 4668., 4670.,  2112., 277126, 20220207140000)
 (4670., 4674., 4649., 4650.,  6433., 277841, 20220207141500)
 (4650., 4656., 4641., 4647.,  2751., 277896, 20220207143000)
 (4647., 4649., 4635., 4639.,  3101., 278280, 20220207144500)
 (4639., 4664., 4638., 4658.,  3392., 277546, 20220207150000)]
2022-02-08 15:30:00  INFO  [(4646., 4688., 4646., 4687., 14833., 284470, 20220207211500)
 (4687., 4692., 4683., 4688.,  3384., 284611, 20220207213000)
 (4688., 4698., 4684., 4698.,  3261., 284997, 20220207214500)
 (4699., 4712., 4695., 4709.,  4505., 285555, 20220207220000)
 (4709., 4720., 4702., 4718.,  2899., 285829, 20220207221500)
 (4718., 4719., 4710., 4712.,  2199., 286048, 20220207223000)
 (4712., 4719., 4698., 4705.,  3608., 286622, 20220207224500)
 (4705., 4712., 4695., 4705.,  2871., 286658, 20220207230000)
 (4707., 4716., 4698., 4704.,  5286., 287350, 20220208091500)
 (4704., 4704., 4689., 4695.,  4128., 288069, 20220208093000)
 (4695., 4701., 4691., 4699.,  2940., 289091, 20220208094500)
 (4699., 4710., 4690., 4709.,  3445., 289687, 20220208100000)
 (4710., 4729., 4707., 4724.,  6462., 290541, 20220208101500)
 (4723., 4739., 4716., 4719.,  7228., 290559, 20220208104500)
 (4719., 4730., 4710., 4728.,  7068., 289750, 20220208110000)
 (4728., 4735., 4721., 4733.,  3819., 289301, 20220208111500)
 (4733., 4736., 4721., 4725.,  2313., 289445, 20220208113000)
 (4729., 4736., 4716., 4732.,  5915., 289563, 20220208134500)
 (4732., 4743., 4730., 4736.,  4079., 289779, 20220208140000)
 (4736., 4744., 4726., 4730.,  3977., 289960, 20220208141500)
 (4731., 4731., 4695., 4707.,  9317., 289934, 20220208143000)
 (4707., 4722., 4702., 4716.,  4429., 289605, 20220208144500)
 (4716., 4724., 4696., 4713.,  5157., 288498, 20220208150000)]
2022-02-09 15:30:00  INFO  [(4707., 4715., 4670., 4714., 21644., 298803, 20220208211500)
 (4714., 4722., 4706., 4720.,  3194., 299106, 20220208213000)
 (4721., 4731., 4718., 4719.,  3245., 299433, 20220208214500)
 (4719., 4724., 4710., 4715.,  3068., 299730, 20220208220000)
 (4715., 4723., 4704., 4705.,  3439., 300392, 20220208221500)
 (4704., 4717., 4695., 4697.,  7140., 302488, 20220208223000)
 (4697., 4709., 4697., 4707.,  2530., 302451, 20220208224500)
 (4707., 4707., 4690., 4703.,  4486., 301521, 20220208230000)
 (4706., 4715., 4685., 4688.,  6195., 302471, 20220209091500)
 (4688., 4689., 4667., 4677.,  9847., 302041, 20220209093000)
 (4677., 4684., 4665., 4680.,  5759., 302753, 20220209094500)
 (4681., 4683., 4656., 4660.,  4590., 303732, 20220209100000)
 (4659., 4669., 4646., 4663.,  8567., 305137, 20220209101500)
 (4662., 4682., 4658., 4675.,  3047., 305015, 20220209104500)
 (4675., 4685., 4665., 4667.,  2524., 305243, 20220209110000)
 (4668., 4679., 4667., 4673.,  1198., 305526, 20220209111500)
 (4673., 4687., 4672., 4673.,  3318., 306240, 20220209113000)
 (4672., 4676., 4657., 4663.,  5689., 306216, 20220209134500)
 (4663., 4670., 4653., 4666.,  5831., 307605, 20220209140000)
 (4665., 4674., 4660., 4663.,  2909., 308176, 20220209141500)
 (4663., 4668., 4657., 4665., 14041., 310045, 20220209143000)
 (4665., 4670., 4648., 4656.,  4730., 310761, 20220209144500)
 (4656., 4656., 4628., 4644., 10487., 311520, 20220209150000)]
2022-02-10 15:30:00  INFO  [(4650., 4669., 4632., 4661., 29428., 318174, 20220209211500)
 (4662., 4676., 4661., 4672.,  6005., 319221, 20220209213000)
 (4673., 4692., 4669., 4688.,  9163., 320041, 20220209214500)
 (4688., 4690., 4669., 4670.,  4515., 319604, 20220209220000)
 (4670., 4677., 4663., 4665.,  4244., 319735, 20220209221500)
 (4665., 4671., 4655., 4663.,  2517., 319667, 20220209223000)
 (4663., 4670., 4657., 4669.,  1799., 320049, 20220209224500)
 (4670., 4675., 4662., 4663.,  1851., 319688, 20220209230000)
 (4670., 4683., 4662., 4666.,  6839., 320010, 20220210091500)
 (4666., 4673., 4663., 4672.,  2649., 319898, 20220210093000)
 (4673., 4683., 4670., 4683.,  1983., 320062, 20220210094500)
 (4683., 4692., 4672., 4692.,  4466., 320192, 20220210100000)
 (4693., 4695., 4666., 4675.,  3500., 320781, 20220210101500)
 (4675., 4683., 4671., 4683.,  1873., 321098, 20220210104500)
 (4683., 4697., 4681., 4696.,  3592., 321086, 20220210110000)
 (4696., 4696., 4681., 4685.,  2203., 321383, 20220210111500)
 (4685., 4691., 4674., 4690.,  2864., 321536, 20220210113000)
 (4691., 4715., 4691., 4709., 19905., 322697, 20220210134500)
 (4709., 4759., 4707., 4754., 29154., 331029, 20220210140000)
 (4754., 4758., 4740., 4747., 13946., 334714, 20220210141500)
 (4746., 4747., 4731., 4735.,  8469., 338083, 20220210143000)
 (4735., 4742., 4733., 4739.,  3583., 338454, 20220210144500)
 (4739., 4745., 4716., 4738.,  8361., 338647, 20220210150000)]
2022-02-11 15:30:00  INFO  [(4760., 4824., 4760., 4810., 39483., 342732, 20220210211500)
 (4810., 4814., 4783., 4787.,  6500., 342860, 20220210213000)
 (4787., 4797., 4777., 4795.,  5385., 342669, 20220210214500)
 (4794., 4797., 4786., 4793.,  1828., 342757, 20220210220000)
 (4793., 4797., 4782., 4795.,  2358., 342677, 20220210221500)
 (4795., 4795., 4784., 4787.,  2084., 342829, 20220210223000)
 (4787., 4796., 4785., 4795.,  1553., 343023, 20220210224500)
 (4795., 4800., 4787., 4789.,  1888., 342829, 20220210230000)
 (4787., 4788., 4761., 4770., 11353., 344296, 20220211091500)
 (4770., 4772., 4757., 4763.,  5360., 345315, 20220211093000)
 (4764., 4780., 4752., 4775.,  5830., 346478, 20220211094500)
 (4775., 4788., 4754., 4783., 21186., 356210, 20220211100000)
 (4783., 4811., 4782., 4792., 26112., 365773, 20220211101500)
 (4792., 4800., 4786., 4798.,  3701., 365718, 20220211104500)
 (4798., 4798., 4787., 4790.,  2711., 366432, 20220211110000)
 (4790., 4793., 4763., 4766.,  4203., 367442, 20220211111500)
 (4766., 4777., 4755., 4776.,  6535., 368739, 20220211113000)
 (4770., 4792., 4758., 4787.,  6290., 368985, 20220211134500)
 (4787., 4799., 4781., 4785.,  4365., 370708, 20220211140000)
 (4785., 4789., 4771., 4777.,  4527., 371627, 20220211141500)
 (4776., 4780., 4757., 4765.,  9909., 375965, 20220211143000)
 (4765., 4771., 4755., 4760.,  6578., 376639, 20220211144500)
 (4760., 4770., 4713., 4716., 11711., 378061, 20220211150000)]
2022-02-14 15:30:00  INFO  [(4718., 4718., 4672., 4703., 34495., 384833, 20220211211500)
 (4703., 4711., 4685., 4689., 18396., 390744, 20220211213000)
 (4689., 4691., 4673., 4682.,  6683., 391291, 20220211214500)
 (4682., 4684., 4648., 4663.,  9199., 391482, 20220211220000)
 (4664., 4692., 4661., 4671.,  7114., 391887, 20220211221500)
 (4670., 4689., 4670., 4682.,  3631., 391704, 20220211223000)
 (4682., 4702., 4682., 4687.,  5848., 392283, 20220211224500)
 (4687., 4694., 4665., 4666.,  8647., 391501, 20220211230000)
 (4671., 4694., 4645., 4666., 26492., 395673, 20220214091500)
 (4668., 4678., 4662., 4668.,  7654., 397201, 20220214093000)
 (4668., 4681., 4667., 4673.,  3894., 397853, 20220214094500)
 (4673., 4692., 4672., 4687.,  6071., 398496, 20220214100000)
 (4687., 4694., 4677., 4687.,  6667., 400274, 20220214101500)
 (4686., 4700., 4681., 4695.,  4739., 400625, 20220214104500)
 (4695., 4699., 4688., 4698.,  2509., 401002, 20220214110000)
 (4698., 4698., 4679., 4681.,  2711., 401009, 20220214111500)
 (4681., 4691., 4667., 4669.,  3934., 401127, 20220214113000)
 (4668., 4671., 4650., 4660.,  5520., 402050, 20220214134500)
 (4660., 4667., 4651., 4655.,  5337., 401378, 20220214140000)
 (4655., 4657., 4630., 4636., 20309., 408622, 20220214141500)
 (4636., 4640., 4606., 4613., 33706., 417193, 20220214143000)
 (4613., 4622., 4584., 4591., 22362., 421148, 20220214144500)
 (4593., 4613., 4580., 4597.,  9858., 421214, 20220214150000)]
2022-02-15 15:30:00  INFO  [(4597., 4602., 4562., 4563., 28572., 431147, 20220214211500)
 (4562., 4570., 4548., 4565., 15257., 434538, 20220214213000)
 (4564., 4564., 4548., 4553.,  4928., 434763, 20220214214500)
 (4552., 4576., 4551., 4572.,  5293., 434386, 20220214220000)
 (4572., 4574., 4562., 4564.,  4588., 434794, 20220214221500)
 (4564., 4575., 4561., 4570.,  2578., 435117, 20220214223000)
 (4570., 4575., 4553., 4563.,  4829., 435611, 20220214224500)
 (4563., 4570., 4551., 4556.,  3007., 435649, 20220214230000)
 (4553., 4572., 4551., 4554.,  6051., 436072, 20220215091500)
 (4552., 4558., 4536., 4547., 12408., 435901, 20220215093000)
 (4546., 4547., 4521., 4523.,  9353., 438555, 20220215094500)
 (4523., 4538., 4519., 4534.,  7658., 439562, 20220215100000)
 (4533., 4548., 4525., 4534.,  5878., 439724, 20220215101500)
 (4535., 4550., 4527., 4549.,  9298., 441021, 20220215104500)
 (4549., 4578., 4549., 4576., 12023., 438055, 20220215110000)
 (4576., 4577., 4531., 4539.,  7167., 439358, 20220215111500)
 (4540., 4543., 4501., 4519., 16376., 441598, 20220215113000)
 (4520., 4520., 4458., 4500., 48181., 450629, 20220215134500)
 (4501., 4513., 4471., 4472., 17337., 450832, 20220215140000)
 (4473., 4488., 4469., 4480.,  9655., 453857, 20220215141500)
 (4480., 4501., 4476., 4498.,  9592., 456004, 20220215143000)
 (4498., 4518., 4497., 4507.,  6869., 456182, 20220215144500)
 (4507., 4528., 4507., 4518.,  9505., 454709, 20220215150000)]
2022-02-16 15:30:00  INFO  [(4519., 4570., 4519., 4553., 36472., 471882, 20220215211500)
 (4554., 4558., 4531., 4537., 12412., 475739, 20220215213000)
 (4537., 4540., 4513., 4517., 17010., 477879, 20220215214500)
 (4517., 4530., 4510., 4527.,  3987., 478033, 20220215220000)
 (4527., 4542., 4519., 4520.,  6451., 478342, 20220215221500)
 (4520., 4532., 4520., 4530.,  3590., 479021, 20220215223000)
 (4530., 4530., 4513., 4522.,  7491., 481092, 20220215224500)
 (4522., 4526., 4512., 4525.,  4012., 481261, 20220215230000)
 (4525., 4552., 4525., 4546., 11954., 483040, 20220216091500)
 (4547., 4563., 4546., 4552.,  8408., 484996, 20220216093000)
 (4552., 4556., 4545., 4549.,  6188., 486746, 20220216094500)
 (4549., 4573., 4544., 4571., 12472., 490267, 20220216100000)
 (4571., 4584., 4564., 4579.,  8487., 491119, 20220216101500)
 (4580., 4581., 4561., 4565.,  5981., 491549, 20220216104500)
 (4565., 4582., 4565., 4580.,  3201., 492167, 20220216110000)
 (4580., 4585., 4575., 4581.,  3717., 492907, 20220216111500)
 (4581., 4590., 4576., 4583.,  6176., 493762, 20220216113000)
 (4582., 4619., 4582., 4609., 15140., 495542, 20220216134500)
 (4609., 4611., 4592., 4598.,  5853., 496588, 20220216140000)
 (4598., 4610., 4597., 4602., 12766., 502402, 20220216141500)
 (4602., 4615., 4595., 4608.,  7402., 503982, 20220216143000)
 (4607., 4611., 4605., 4607.,  1512., 504107, 20220216144500)
 (4606., 4612., 4589., 4611.,  5193., 503954, 20220216150000)]
2022-02-17 15:30:00  INFO  [(4611., 4618., 4573., 4573., 32592., 520620, 20220216211500)
 (4573., 4599., 4572., 4590.,  6866., 520849, 20220216213000)
 (4590., 4592., 4578., 4578.,  3184., 520867, 20220216214500)
 (4578., 4586., 4563., 4566.,  8026., 519285, 20220216220000)
 (4565., 4567., 4547., 4561., 18700., 518998, 20220216221500)
 (4561., 4584., 4558., 4564., 14745., 521811, 20220216223000)
 (4564., 4571., 4547., 4549.,  7259., 521920, 20220216224500)
 (4548., 4559., 4538., 4559.,  6611., 521414, 20220216230000)
 (4557., 4568., 4548., 4555., 10100., 522319, 20220217091500)
 (4555., 4566., 4551., 4562.,  4180., 522925, 20220217093000)
 (4562., 4565., 4550., 4553., 13779., 529008, 20220217094500)
 (4552., 4562., 4550., 4551.,  8642., 529219, 20220217100000)
 (4551., 4551., 4513., 4521., 15429., 531031, 20220217101500)
 (4521., 4528., 4511., 4515.,  9961., 532741, 20220217104500)
 (4515., 4537., 4506., 4524., 10891., 534505, 20220217110000)
 (4524., 4543., 4520., 4524.,  6594., 535285, 20220217111500)
 (4524., 4552., 4524., 4540.,  7304., 535042, 20220217113000)
 (4540., 4553., 4522., 4522.,  8332., 535690, 20220217134500)
 (4522., 4533., 4512., 4516.,  9826., 536508, 20220217140000)
 (4516., 4526., 4503., 4521., 10983., 538169, 20220217141500)
 (4521., 4558., 4519., 4552.,  8354., 536917, 20220217143000)
 (4552., 4555., 4500., 4502., 15371., 539257, 20220217144500)
 (4501., 4515., 4484., 4488., 14192., 541537, 20220217150000)]
2022-02-18 15:30:00  INFO  [(4480., 4510., 4467., 4499., 25694., 550065, 20220217211500)
 (4499., 4509., 4484., 4487., 10825., 552536, 20220217213000)
 (4487., 4521., 4485., 4519., 13135., 556003, 20220217214500)
 (4519., 4530., 4508., 4515.,  6414., 555939, 20220217220000)
 (4514., 4524., 4507., 4515.,  4916., 556697, 20220217221500)
 (4515., 4518., 4503., 4506.,  3142., 556915, 20220217223000)
 (4506., 4515., 4501., 4507.,  3620., 557290, 20220217224500)
 (4507., 4517., 4500., 4513.,  3223., 557079, 20220217230000)
 (4510., 4536., 4510., 4530.,  8908., 556882, 20220218091500)
 (4531., 4541., 4524., 4538.,  4279., 556942, 20220218093000)
 (4538., 4542., 4526., 4534.,  3868., 556880, 20220218094500)
 (4534., 4543., 4533., 4538.,  5268., 557109, 20220218100000)
 (4538., 4557., 4531., 4550.,  8911., 558424, 20220218101500)
 (4550., 4560., 4542., 4551.,  6572., 558766, 20220218104500)
 (4551., 4559., 4550., 4555.,  5955., 559898, 20220218110000)
 (4555., 4569., 4548., 4567.,  5164., 559132, 20220218111500)
 (4567., 4592., 4559., 4578., 10744., 559462, 20220218113000)
 (4580., 4588., 4571., 4583.,  6392., 558912, 20220218134500)
 (4583., 4583., 4560., 4560.,  3902., 559485, 20220218140000)
 (4560., 4586., 4560., 4585.,  5243., 558465, 20220218141500)
 (4585., 4588., 4576., 4577.,  4230., 557213, 20220218143000)
 (4576., 4584., 4568., 4571.,  2727., 556924, 20220218144500)
 (4571., 4579., 4565., 4577.,  5689., 557350, 20220218150000)]
2022-02-21 15:30:00  INFO  [(4540., 4600., 4540., 4576., 20470., 555491, 20220218211500)
 (4576., 4581., 4562., 4573.,  6019., 555214, 20220218213000)
 (4573., 4575., 4565., 4567.,  2881., 555484, 20220218214500)
 (4567., 4592., 4564., 4587.,  5351., 555790, 20220218220000)
 (4588., 4590., 4580., 4581.,  3083., 555738, 20220218221500)
 (4581., 4598., 4580., 4596.,  2936., 555992, 20220218223000)
 (4596., 4607., 4591., 4597.,  5372., 555958, 20220218224500)
 (4597., 4606., 4594., 4603.,  5405., 555117, 20220218230000)
 (4609., 4609., 4576., 4585., 27295., 553647, 20220221091500)
 (4585., 4590., 4568., 4569.,  9555., 553465, 20220221093000)
 (4569., 4600., 4567., 4594.,  9459., 552810, 20220221094500)
 (4594., 4598., 4585., 4591.,  4593., 552980, 20220221100000)
 (4591., 4598., 4568., 4572.,  5942., 553685, 20220221101500)
 (4574., 4580., 4556., 4565.,  7126., 554176, 20220221104500)
 (4564., 4575., 4558., 4573.,  3298., 554036, 20220221110000)
 (4575., 4576., 4564., 4568.,  2702., 554126, 20220221111500)
 (4568., 4591., 4567., 4584.,  5970., 553151, 20220221113000)
 (4586., 4589., 4569., 4585.,  6664., 552365, 20220221134500)
 (4585., 4600., 4581., 4596.,  6453., 551894, 20220221140000)
 (4596., 4597., 4587., 4592.,  1670., 552014, 20220221141500)
 (4592., 4594., 4575., 4576.,  2564., 551847, 20220221143000)
 (4576., 4607., 4575., 4603.,  8547., 552180, 20220221144500)
 (4605., 4637., 4600., 4637., 30080., 548848, 20220221150000)]
2022-02-22 15:30:00  INFO  [(4647., 4665., 4628., 4662., 29100., 552677, 20220221211500)
 (4662., 4670., 4653., 4669.,  9201., 552033, 20220221213000)
 (4669., 4672., 4658., 4663.,  4553., 552180, 20220221214500)
 (4663., 4667., 4657., 4665.,  5101., 551518, 20220221220000)
 (4665., 4668., 4659., 4666.,  3001., 550977, 20220221221500)
 (4666., 4672., 4659., 4662.,  3273., 550897, 20220221223000)
 (4662., 4671., 4654., 4669.,  6681., 549980, 20220221224500)
 (4669., 4674., 4655., 4663.,  6995., 549122, 20220221230000)
 (4663., 4666., 4648., 4654., 11791., 548581, 20220222091500)
 (4654., 4660., 4649., 4659.,  4670., 548546, 20220222093000)
 (4659., 4672., 4657., 4667.,  4978., 548332, 20220222094500)
 (4667., 4672., 4648., 4652.,  4247., 548166, 20220222100000)
 (4651., 4661., 4648., 4651.,  2709., 548246, 20220222101500)
 (4649., 4663., 4648., 4652.,  2915., 548554, 20220222104500)
 (4652., 4655., 4638., 4641.,  4555., 548733, 20220222110000)
 (4641., 4649., 4621., 4623.,  6844., 549662, 20220222111500)
 (4623., 4626., 4595., 4597., 12102., 549139, 20220222113000)
 (4596., 4615., 4588., 4613., 12688., 549675, 20220222134500)
 (4611., 4622., 4603., 4606.,  5872., 549621, 20220222140000)
 (4607., 4620., 4604., 4615.,  2954., 549758, 20220222141500)
 (4615., 4624., 4571., 4576., 10006., 550705, 20220222143000)
 (4575., 4582., 4549., 4554., 20812., 552052, 20220222144500)
 (4554., 4568., 4536., 4543., 13509., 551807, 20220222150000)]
2022-02-23 15:30:00  INFO  [(4544., 4583., 4544., 4575., 20917., 553426, 20220222211500)
 (4576., 4586., 4559., 4562.,  9052., 554167, 20220222213000)
 (4562., 4582., 4561., 4574.,  5791., 554545, 20220222214500)
 (4574., 4581., 4566., 4569.,  6042., 555483, 20220222220000)
 (4569., 4577., 4565., 4568.,  3499., 555939, 20220222221500)
 (4569., 4583., 4567., 4574.,  6249., 557386, 20220222223000)
 (4574., 4575., 4566., 4568.,  5757., 557970, 20220222224500)
 (4568., 4568., 4552., 4564.,  7715., 558495, 20220222230000)
 (4562., 4586., 4557., 4584.,  7206., 558562, 20220223091500)
 (4583., 4592., 4564., 4565.,  7675., 558688, 20220223093000)
 (4565., 4574., 4545., 4553., 13071., 562124, 20220223094500)
 (4552., 4559., 4546., 4550.,  5343., 563644, 20220223100000)
 (4550., 4582., 4549., 4563., 14265., 565183, 20220223101500)
 (4563., 4581., 4553., 4579.,  8565., 566570, 20220223104500)
 (4579., 4588., 4571., 4581., 14721., 569836, 20220223110000)
 (4580., 4584., 4568., 4571.,  4939., 570142, 20220223111500)
 (4571., 4585., 4566., 4578.,  4324., 569593, 20220223113000)
 (4584., 4599., 4573., 4598., 10116., 570284, 20220223134500)
 (4598., 4608., 4594., 4608.,  8615., 571469, 20220223140000)
 (4607., 4608., 4596., 4605.,  4740., 571024, 20220223141500)
 (4605., 4608., 4582., 4586.,  7225., 570369, 20220223143000)
 (4586., 4606., 4569., 4596., 17935., 570267, 20220223144500)
 (4596., 4604., 4580., 4583., 11166., 570093, 20220223150000)]
2022-02-24 15:30:00  INFO  [(4599., 4600., 4565., 4590., 16489., 572242, 20220223211500)
 (4589., 4593., 4572., 4574.,  7063., 572874, 20220223213000)
 (4574., 4574., 4550., 4558., 14523., 575342, 20220223214500)
 (4560., 4572., 4551., 4556.,  7162., 576708, 20220223220000)
 (4556., 4560., 4545., 4546.,  7025., 577901, 20220223221500)
 (4547., 4555., 4540., 4542.,  6871., 578000, 20220223223000)
 (4542., 4562., 4540., 4559.,  3677., 578236, 20220223224500)
 (4559., 4560., 4543., 4559.,  4061., 577501, 20220223230000)
 (4560., 4561., 4545., 4546.,  7346., 578246, 20220224091500)
 (4547., 4555., 4538., 4548.,  6957., 579377, 20220224093000)
 (4548., 4559., 4541., 4547.,  4645., 579099, 20220224094500)
 (4547., 4556., 4539., 4539.,  4682., 579568, 20220224100000)
 (4540., 4544., 4498., 4498., 28177., 585114, 20220224101500)
 (4498., 4508., 4489., 4491., 14114., 587981, 20220224104500)
 (4491., 4496., 4468., 4471., 16315., 593465, 20220224110000)
 (4471., 4508., 4470., 4503., 12438., 592668, 20220224111500)
 (4503., 4516., 4468., 4481., 17373., 594131, 20220224113000)
 (4479., 4516., 4464., 4510., 20880., 593407, 20220224134500)
 (4511., 4512., 4475., 4478., 12258., 594478, 20220224140000)
 (4479., 4479., 4456., 4457., 20720., 598953, 20220224141500)
 (4458., 4458., 4424., 4427., 30652., 607479, 20220224143000)
 (4427., 4455., 4427., 4444., 10828., 608035, 20220224144500)
 (4444., 4462., 4437., 4441., 10920., 607911, 20220224150000)]
2022-02-25 15:30:00  INFO  [(4450., 4462., 4424., 4443., 36041., 611131, 20220224211500)
 (4443., 4464., 4436., 4457., 17268., 611527, 20220224213000)
 (4457., 4469., 4455., 4462.,  7846., 611117, 20220224214500)
 (4462., 4464., 4453., 4457.,  8624., 611090, 20220224220000)
 (4458., 4466., 4455., 4457.,  5082., 611107, 20220224221500)
 (4457., 4463., 4454., 4458.,  4635., 610852, 20220224223000)
 (4458., 4459., 4432., 4433.,  7850., 610901, 20220224224500)
 (4433., 4439., 4410., 4415., 10795., 611112, 20220224230000)
 (4415., 4439., 4392., 4395., 27375., 614873, 20220225091500)
 (4394., 4418., 4390., 4410., 14823., 616593, 20220225093000)
 (4411., 4429., 4404., 4417.,  8946., 617095, 20220225094500)
 (4418., 4433., 4411., 4429.,  6413., 616902, 20220225100000)
 (4430., 4433., 4416., 4418.,  7402., 617853, 20220225101500)
 (4418., 4428., 4404., 4406.,  9145., 618892, 20220225104500)
 (4406., 4420., 4400., 4420.,  9286., 620546, 20220225110000)
 (4420., 4429., 4408., 4410., 14284., 623817, 20220225111500)
 (4410., 4425., 4400., 4403.,  9991., 626276, 20220225113000)
 (4402., 4407., 4388., 4390., 22672., 626586, 20220225134500)
 (4389., 4405., 4373., 4376., 24499., 630741, 20220225140000)
 (4376., 4392., 4361., 4392., 39506., 641765, 20220225141500)
 (4392., 4449., 4386., 4421., 61425., 658635, 20220225143000)
 (4421., 4426., 4409., 4424., 13180., 660744, 20220225144500)
 (4424., 4447., 4416., 4447., 22220., 659243, 20220225150000)]
2022-02-28 15:30:00  INFO  [(4447., 4471., 4435., 4466., 45774., 676153, 20220225211500)
 (4466., 4470., 4452., 4465.,  9330., 676116, 20220225213000)
 (4464., 4474., 4457., 4467.,  7699., 675806, 20220225214500)
 (4467., 4471., 4458., 4461.,  8004., 676250, 20220225220000)
 (4461., 4474., 4459., 4474.,  6897., 675380, 20220225221500)
 (4475., 4480., 4466., 4469., 10713., 675788, 20220225223000)
 (4469., 4476., 4465., 4473.,  4084., 676083, 20220225224500)
 (4473., 4475., 4458., 4465.,  6380., 676077, 20220225230000)
 (4472., 4519., 4472., 4496., 37279., 675162, 20220228091500)
 (4496., 4502., 4483., 4499., 11594., 675753, 20220228093000)
 (4499., 4508., 4495., 4506., 11696., 677422, 20220228094500)
 (4505., 4513., 4498., 4510., 14645., 677074, 20220228100000)
 (4511., 4517., 4497., 4516., 10112., 678040, 20220228101500)
 (4516., 4518., 4504., 4511.,  9158., 677503, 20220228104500)
 (4511., 4516., 4492., 4508.,  7311., 677878, 20220228110000)
 (4508., 4512., 4492., 4494.,  7254., 679020, 20220228111500)
 (4494., 4503., 4483., 4498.,  8552., 679321, 20220228113000)
 (4499., 4510., 4477., 4486., 13481., 680230, 20220228134500)
 (4486., 4493., 4481., 4485.,  6713., 679465, 20220228140000)
 (4485., 4497., 4475., 4476.,  7249., 679397, 20220228141500)
 (4477., 4485., 4472., 4478.,  5733., 679711, 20220228143000)
 (4478., 4495., 4476., 4494.,  4612., 680295, 20220228144500)
 (4495., 4517., 4487., 4516., 15117., 682042, 20220228150000)]
2022-03-01 15:30:00  INFO  [(4525., 4549., 4522., 4542., 31189., 687417, 20220228211500)
 (4542., 4550., 4542., 4547., 23277., 690167, 20220228213000)
 (4548., 4558., 4545., 4548., 15883., 689251, 20220228214500)
 (4550., 4556., 4545., 4552.,  3809., 688990, 20220228220000)
 (4552., 4554., 4542., 4547.,  5411., 688152, 20220228221500)
 (4547., 4554., 4540., 4554.,  3648., 687907, 20220228223000)
 (4554., 4555., 4541., 4553.,  6087., 687121, 20220228224500)
 (4553., 4579., 4553., 4578., 18112., 683673, 20220228230000)
 (4578., 4598., 4578., 4587., 24346., 679655, 20220301091500)
 (4586., 4608., 4581., 4606., 14769., 677046, 20220301093000)
 (4607., 4634., 4606., 4612., 18228., 674455, 20220301094500)
 (4612., 4633., 4609., 4633., 12081., 676080, 20220301100000)
 (4633., 4638., 4601., 4605.,  8492., 676510, 20220301101500)
 (4604., 4622., 4600., 4613.,  6666., 677245, 20220301104500)
 (4613., 4622., 4613., 4617.,  3287., 677026, 20220301110000)
 (4617., 4620., 4610., 4617.,  3127., 676968, 20220301111500)
 (4617., 4629., 4605., 4607.,  8053., 677732, 20220301113000)
 (4606., 4612., 4597., 4606., 11467., 678680, 20220301134500)
 (4606., 4618., 4592., 4598., 10257., 682329, 20220301140000)
 (4597., 4604., 4594., 4598.,  5160., 682720, 20220301141500)
 (4598., 4622., 4593., 4615.,  8711., 682702, 20220301143000)
 (4616., 4637., 4609., 4635.,  6746., 681995, 20220301144500)
 (4635., 4686., 4625., 4668., 39017., 690520, 20220301150000)]
2022-03-02 15:30:00  INFO  [(4669., 4696., 4650., 4682., 36779., 694686, 20220301211500)
 (4682., 4682., 4665., 4671., 11842., 696651, 20220301213000)
 (4671., 4680., 4662., 4666.,  6255., 698090, 20220301214500)
 (4667., 4674., 4664., 4667.,  4230., 698720, 20220301220000)
 (4667., 4673., 4663., 4666.,  6949., 700661, 20220301221500)
 (4666., 4671., 4663., 4668.,  1506., 700584, 20220301223000)
 (4668., 4688., 4665., 4688.,  5784., 701129, 20220301224500)
 (4688., 4691., 4671., 4680.,  6105., 701000, 20220301230000)
 (4681., 4692., 4667., 4689., 13153., 702460, 20220302091500)
 (4689., 4691., 4672., 4683.,  7367., 702978, 20220302093000)
 (4683., 4688., 4680., 4687.,  4221., 703425, 20220302094500)
 (4687., 4696., 4680., 4695.,  9079., 704893, 20220302100000)
 (4694., 4713., 4690., 4708., 21775., 708918, 20220302101500)
 (4708., 4730., 4704., 4704., 20650., 709395, 20220302104500)
 (4704., 4706., 4686., 4693., 13347., 710582, 20220302110000)
 (4693., 4696., 4639., 4641., 20555., 713181, 20220302111500)
 (4642., 4668., 4637., 4666., 16563., 714139, 20220302113000)
 (4666., 4685., 4655., 4664., 11700., 714918, 20220302134500)
 (4663., 4674., 4656., 4658.,  4052., 715148, 20220302140000)
 (4658., 4667., 4653., 4657.,  4168., 715639, 20220302141500)
 (4657., 4664., 4643., 4662.,  9658., 719719, 20220302143000)
 (4663., 4676., 4657., 4673.,  6411., 719153, 20220302144500)
 (4673., 4689., 4664., 4689., 11267., 717069, 20220302150000)]
2022-03-03 15:30:00  INFO  [(4696., 4712., 4689., 4702., 33672., 715596, 20220302211500)
 (4702., 4712., 4700., 4711., 10334., 716300, 20220302213000)
 (4711., 4713., 4690., 4693., 10929., 716989, 20220302214500)
 (4693., 4699., 4688., 4692.,  6611., 717353, 20220302220000)
 (4692., 4697., 4678., 4679.,  9496., 719226, 20220302221500)
 (4679., 4686., 4669., 4677.,  6916., 720801, 20220302223000)
 (4677., 4688., 4674., 4681.,  4071., 720917, 20220302224500)
 (4682., 4687., 4670., 4687.,  6134., 721690, 20220302230000)
 (4692., 4714., 4692., 4711., 19378., 722688, 20220303091500)
 (4709., 4730., 4709., 4729., 21235., 722758, 20220303093000)
 (4728., 4741., 4715., 4740., 39370., 714981, 20220303094500)
 (4740., 4754., 4725., 4741., 25777., 713145, 20220303100000)
 (4741., 4749., 4714., 4737., 14777., 712522, 20220303101500)
 (4738., 4749., 4731., 4749.,  7189., 712599, 20220303104500)
 (4749., 4757., 4741., 4750., 10452., 712287, 20220303110000)
 (4749., 4753., 4733., 4745.,  7956., 713099, 20220303111500)
 (4743., 4750., 4713., 4729., 23568., 709892, 20220303113000)
 (4729., 4729., 4700., 4709., 23423., 714291, 20220303134500)
 (4711., 4712., 4682., 4690., 20868., 720620, 20220303140000)
 (4690., 4717., 4679., 4710., 16991., 723306, 20220303141500)
 (4710., 4714., 4695., 4703., 10318., 724829, 20220303143000)
 (4704., 4712., 4699., 4706.,  8794., 726664, 20220303144500)
 (4707., 4707., 4689., 4700., 14697., 728420, 20220303150000)]
2022-03-04 15:30:00  INFO  [(4689., 4740., 4689., 4738., 31810., 730978, 20220303211500)
 (4738., 4745., 4720., 4721., 15909., 729752, 20220303213000)
 (4720., 4722., 4694., 4709., 20317., 732163, 20220303214500)
 (4709., 4711., 4682., 4692., 11553., 733646, 20220303220000)
 (4692., 4704., 4681., 4690., 21944., 740553, 20220303221500)
 (4690., 4695., 4680., 4694.,  8221., 742140, 20220303223000)
 (4694., 4701., 4689., 4695.,  3694., 741645, 20220303224500)
 (4695., 4712., 4686., 4700.,  8111., 740660, 20220303230000)
 (4698., 4714., 4681., 4704., 14809., 741776, 20220304091500)
 (4705., 4708., 4683., 4686.,  8543., 743290, 20220304093000)
 (4686., 4694., 4666., 4672., 16766., 746017, 20220304094500)
 (4672., 4683., 4660., 4674., 12711., 747014, 20220304100000)
 (4675., 4693., 4655., 4691., 27419., 743134, 20220304101500)
 (4692., 4711., 4688., 4709., 12399., 742882, 20220304104500)
 (4710., 4723., 4698., 4719., 14894., 743702, 20220304110000)
 (4720., 4728., 4709., 4721., 15800., 742299, 20220304111500)
 (4722., 4729., 4710., 4711.,  8249., 741917, 20220304113000)
 (4707., 4715., 4690., 4690., 16606., 742696, 20220304134500)
 (4691., 4704., 4689., 4698.,  9688., 743389, 20220304140000)
 (4699., 4718., 4696., 4705.,  7153., 745038, 20220304141500)
 (4705., 4707., 4685., 4690., 10811., 745619, 20220304143000)
 (4690., 4705., 4672., 4700., 15679., 747461, 20220304144500)
 (4700., 4715., 4697., 4714., 11322., 747483, 20220304150000)]
2022-03-07 15:30:00  INFO  [(4719., 4744., 4708., 4740., 63598., 779871, 20220304211500)
 (4740., 4745., 4730., 4737., 13522., 779255, 20220304213000)
 (4737., 4749., 4733., 4743., 11711., 780383, 20220304214500)
 (4743., 4759., 4738., 4755., 12961., 782381, 20220304220000)
 (4755., 4764., 4752., 4756.,  9027., 782207, 20220304221500)
 (4758., 4763., 4751., 4763.,  8087., 780867, 20220304223000)
 (4762., 4781., 4760., 4781., 13940., 780903, 20220304224500)
 (4780., 4783., 4765., 4782., 11249., 779334, 20220304230000)
 (4830., 4909., 4817., 4859., 78631., 788598, 20220307091500)
 (4859., 4874., 4854., 4873., 22336., 787634, 20220307093000)
 (4873., 4879., 4863., 4873., 13943., 787071, 20220307094500)
 (4873., 4895., 4873., 4892., 11390., 787438, 20220307100000)
 (4892., 4905., 4866., 4870., 20628., 789903, 20220307101500)
 (4869., 4871., 4837., 4870., 31750., 786688, 20220307104500)
 (4870., 4879., 4853., 4865.,  9121., 786230, 20220307110000)
 (4865., 4871., 4844., 4848.,  7590., 787073, 20220307111500)
 (4848., 4868., 4830., 4865., 14051., 787099, 20220307113000)
 (4865., 4880., 4853., 4862., 35653., 786908, 20220307134500)
 (4862., 4882., 4856., 4872., 18848., 786465, 20220307140000)
 (4872., 4883., 4862., 4877., 12037., 788700, 20220307141500)
 (4877., 4888., 4868., 4883.,  9721., 789653, 20220307143000)
 (4884., 4884., 4842., 4878., 36704., 783896, 20220307144500)
 (4880., 4891., 4873., 4889., 16316., 781510, 20220307150000)]
2022-03-08 15:30:00  INFO  [(4895., 4897., 4815., 4831., 62743., 776384, 20220307211500)
 (4831., 4845., 4742., 4761., 58731., 772786, 20220307213000)
 (4760., 4776., 4692., 4730., 75081., 762304, 20220307214500)
 (4729., 4761., 4719., 4747., 43328., 753108, 20220307220000)
 (4746., 4746., 4704., 4723., 21705., 753205, 20220307221500)
 (4723., 4736., 4698., 4729., 29532., 751184, 20220307223000)
 (4730., 4764., 4726., 4764., 28451., 744103, 20220307224500)
 (4761., 4782., 4748., 4777., 15991., 741484, 20220307230000)
 (4781., 4794., 4769., 4776., 26325., 742587, 20220308091500)
 (4777., 4789., 4770., 4784., 10471., 744301, 20220308093000)
 (4785., 4796., 4780., 4782., 13533., 745682, 20220308094500)
 (4782., 4796., 4754., 4771., 25114., 746343, 20220308100000)
 (4771., 4794., 4767., 4786.,  8162., 744864, 20220308101500)
 (4785., 4806., 4768., 4806., 27326., 742229, 20220308104500)
 (4806., 4812., 4782., 4784., 15731., 741212, 20220308110000)
 (4782., 4793., 4734., 4746., 24384., 744312, 20220308111500)
 (4746., 4758., 4730., 4742., 17084., 744475, 20220308113000)
 (4747., 4783., 4747., 4782., 21015., 745532, 20220308134500)
 (4782., 4804., 4777., 4790., 14292., 745130, 20220308140000)
 (4790., 4818., 4771., 4793., 25149., 747101, 20220308141500)
 (4794., 4803., 4782., 4796., 11013., 746664, 20220308143000)
 (4796., 4801., 4771., 4781., 10950., 746963, 20220308144500)
 (4781., 4789., 4747., 4748., 18689., 749645, 20220308150000)]
2022-03-09 15:30:00  INFO  [(4729., 4736., 4668., 4736., 94323., 790570, 20220308211500)
 (4735., 4758., 4730., 4743., 20496., 790662, 20220308213000)
 (4743., 4781., 4735., 4778., 17850., 792340, 20220308214500)
 (4777., 4779., 4748., 4754., 12688., 794220, 20220308220000)
 (4755., 4764., 4737., 4763., 13135., 795244, 20220308221500)
 (4763., 4768., 4751., 4763.,  5912., 795610, 20220308223000)
 (4763., 4775., 4759., 4764.,  6148., 795766, 20220308224500)
 (4764., 4780., 4764., 4779.,  9262., 796198, 20220308230000)
 (4783., 4800., 4763., 4772., 24507., 801060, 20220309091500)
 (4771., 4799., 4760., 4792., 15377., 804814, 20220309093000)
 (4793., 4795., 4777., 4789., 12158., 808836, 20220309094500)
 (4790., 4799., 4775., 4777., 12564., 811667, 20220309100000)
 (4777., 4795., 4777., 4788.,  8900., 812500, 20220309101500)
 (4789., 4792., 4770., 4772.,  7176., 813739, 20220309104500)
 (4773., 4782., 4767., 4778.,  8195., 816591, 20220309110000)
 (4778., 4790., 4767., 4775., 10308., 817119, 20220309111500)
 (4774., 4780., 4763., 4767., 14097., 822166, 20220309113000)
 (4765., 4782., 4735., 4739., 30865., 822752, 20220309134500)
 (4739., 4755., 4723., 4748., 28584., 820450, 20220309140000)
 (4749., 4760., 4741., 4744., 12413., 820394, 20220309141500)
 (4743., 4782., 4743., 4782., 24238., 818498, 20220309143000)
 (4780., 4782., 4762., 4771., 11063., 818674, 20220309144500)
 (4771., 4780., 4735., 4736., 27571., 824268, 20220309150000)]
2022-03-10 15:30:00  INFO  [(4694., 4716., 4675., 4681., 89366., 835115, 20220309211500)
 (4681., 4705., 4671., 4703., 61990., 824781, 20220309213000)
 (4702., 4718., 4690., 4707., 25038., 822562, 20220309214500)
 (4708., 4717., 4693., 4695., 17341., 819139, 20220309220000)
 (4696., 4706., 4688., 4702., 12651., 819914, 20220309221500)
 (4702., 4708., 4688., 4690., 20364., 816539, 20220309223000)
 (4690., 4705., 4689., 4700.,  6995., 816428, 20220309224500)
 (4700., 4710., 4692., 4701., 10651., 816252, 20220309230000)
 (4687., 4693., 4665., 4686., 41857., 819611, 20220310091500)
 (4686., 4688., 4671., 4679., 13212., 819416, 20220310093000)
 (4679., 4694., 4678., 4686.,  8974., 819679, 20220310094500)
 (4686., 4686., 4675., 4678., 11846., 821311, 20220310100000)
 (4678., 4686., 4672., 4681., 15617., 825439, 20220310101500)
 (4681., 4725., 4678., 4717., 21897., 825828, 20220310104500)
 (4718., 4739., 4712., 4720., 25446., 827513, 20220310110000)
 (4719., 4738., 4705., 4737., 22911., 830983, 20220310111500)
 (4737., 4753., 4722., 4741., 34875., 834653, 20220310113000)
 (4750., 4775., 4718., 4724., 36621., 840403, 20220310134500)
 (4724., 4739., 4709., 4717., 17968., 844228, 20220310140000)
 (4717., 4728., 4713., 4717.,  7783., 843843, 20220310141500)
 (4717., 4732., 4712., 4716.,  8514., 845222, 20220310143000)
 (4718., 4729., 4711., 4722.,  9025., 846038, 20220310144500)
 (4722., 4738., 4711., 4715., 14415., 845944, 20220310150000)]
2022-03-11 15:30:00  INFO  [(4732., 4765., 4716., 4762., 42112., 845012, 20220310211500)
 (4762., 4764., 4750., 4760., 13502., 843508, 20220310213000)
 (4759., 4771., 4752., 4769., 16673., 844743, 20220310214500)
 (4769., 4780., 4765., 4780., 19868., 839089, 20220310220000)
 (4780., 4780., 4765., 4766., 10353., 839678, 20220310221500)
 (4766., 4772., 4762., 4766.,  7755., 839497, 20220310223000)
 (4766., 4773., 4760., 4766., 12515., 840648, 20220310224500)
 (4766., 4771., 4730., 4731., 17104., 842447, 20220310230000)
 (4728., 4741., 4711., 4735., 35479., 846337, 20220311091500)
 (4735., 4741., 4711., 4714., 21310., 848581, 20220311093000)
 (4715., 4740., 4712., 4712., 33438., 860621, 20220311094500)
 (4712., 4735., 4711., 4725., 21798., 867021, 20220311100000)
 (4725., 4739., 4715., 4717., 17189., 867162, 20220311101500)
 (4716., 4726., 4706., 4714., 17055., 869064, 20220311104500)
 (4714., 4734., 4712., 4729., 10974., 869437, 20220311110000)
 (4729., 4739., 4721., 4725., 10489., 868981, 20220311111500)
 (4725., 4734., 4718., 4731.,  8361., 870047, 20220311113000)
 (4731., 4753., 4728., 4752., 22852., 868047, 20220311134500)
 (4752., 4768., 4744., 4763., 20579., 867231, 20220311140000)
 (4763., 4766., 4749., 4751., 10677., 867357, 20220311141500)
 (4751., 4771., 4746., 4767., 15133., 866571, 20220311143000)
 (4766., 4767., 4747., 4759., 13837., 865999, 20220311144500)
 (4759., 4777., 4753., 4769., 23928., 867492, 20220311150000)]
2022-03-14 15:30:00  INFO  [(4740., 4773., 4720., 4766.,  63850., 874307, 20220311211500)
 (4766., 4766., 4750., 4754.,  15513., 876861, 20220311213000)
 (4754., 4775., 4742., 4774.,  19114., 877524, 20220311214500)
 (4774., 4782., 4768., 4773.,  13143., 879071, 20220311220000)
 (4773., 4776., 4763., 4775.,   8846., 879887, 20220311221500)
 (4774., 4775., 4762., 4767.,   8795., 881055, 20220311223000)
 (4768., 4771., 4748., 4756.,  12879., 879704, 20220311224500)
 (4756., 4761., 4730., 4735.,  19175., 876811, 20220311230000)
 (4705., 4705., 4651., 4693., 130698., 884282, 20220314091500)
 (4691., 4724., 4688., 4696.,  62545., 880871, 20220314093000)
 (4695., 4704., 4685., 4698.,  22269., 884834, 20220314094500)
 (4698., 4715., 4685., 4694.,  31779., 889786, 20220314100000)
 (4694., 4701., 4684., 4698.,  13406., 890408, 20220314101500)
 (4698., 4698., 4684., 4688.,   9708., 891592, 20220314104500)
 (4688., 4695., 4680., 4685.,   9016., 893935, 20220314110000)
 (4685., 4689., 4665., 4665.,  12857., 895207, 20220314111500)
 (4665., 4690., 4662., 4667.,  15517., 895132, 20220314113000)
 (4667., 4673., 4655., 4668.,  24111., 898611, 20220314134500)
 (4669., 4669., 4630., 4637.,  31421., 901032, 20220314140000)
 (4638., 4646., 4625., 4625.,  17418., 902305, 20220314141500)
 (4626., 4659., 4623., 4638.,  23321., 906099, 20220314143000)
 (4638., 4646., 4629., 4633.,  16609., 905036, 20220314144500)
 (4632., 4642., 4600., 4601.,  41678., 906804, 20220314150000)]
2022-03-15 15:30:00  INFO  [(4550., 4651., 4550., 4631.,  76476., 914965, 20220314211500)
 (4631., 4645., 4624., 4641.,  16823., 917459, 20220314213000)
 (4641., 4645., 4636., 4641.,  12257., 917171, 20220314214500)
 (4641., 4641., 4617., 4619.,  18189., 918925, 20220314220000)
 (4618., 4639., 4609., 4629.,  27264., 923302, 20220314221500)
 (4629., 4652., 4628., 4647.,  21487., 926072, 20220314223000)
 (4647., 4657., 4641., 4641.,  10740., 927893, 20220314224500)
 (4641., 4648., 4631., 4645.,  10687., 927979, 20220314230000)
 (4639., 4654., 4627., 4644.,  20446., 930552, 20220315091500)
 (4643., 4644., 4606., 4612.,  25972., 930047, 20220315093000)
 (4612., 4634., 4601., 4633.,  41455., 938513, 20220315094500)
 (4632., 4640., 4611., 4626.,  18674., 942180, 20220315100000)
 (4626., 4718., 4621., 4711., 113218., 957492, 20220315101500)
 (4711., 4720., 4690., 4701.,  42240., 956316, 20220315104500)
 (4701., 4720., 4692., 4702.,  50570., 967646, 20220315110000)
 (4704., 4719., 4696., 4709.,  24003., 970153, 20220315111500)
 (4709., 4712., 4679., 4679.,  27983., 975025, 20220315113000)
 (4676., 4689., 4666., 4670.,  37057., 978851, 20220315134500)
 (4670., 4675., 4662., 4672.,  14857., 979197, 20220315140000)
 (4672., 4690., 4660., 4678.,  19785., 979534, 20220315141500)
 (4678., 4686., 4668., 4669.,  25653., 983182, 20220315143000)
 (4669., 4683., 4666., 4677.,  19282., 982864, 20220315144500)
 (4675., 4682., 4662., 4663.,  23737., 980520, 20220315150000)]
2022-03-16 15:30:00  INFO  [(4663., 4698., 4645., 4694., 73323., 1012150, 20220315211500)
 (4692., 4694., 4669., 4675., 20541., 1012933, 20220315213000)
 (4675., 4682., 4671., 4674.,  7732., 1012878, 20220315214500)
 (4673., 4685., 4673., 4680.,  8912., 1014481, 20220315220000)
 (4681., 4707., 4677., 4699., 30490., 1021772, 20220315221500)
 (4699., 4702., 4686., 4692., 10121., 1020512, 20220315223000)
 (4692., 4715., 4691., 4712., 22004., 1023177, 20220315224500)
 (4712., 4716., 4705., 4705., 16295., 1020886, 20220315230000)
 (4709., 4725., 4704., 4724., 39030., 1024581, 20220316091500)
 (4725., 4743., 4725., 4732., 37300., 1029007, 20220316093000)
 (4732., 4737., 4716., 4720., 15891., 1030339, 20220316094500)
 (4720., 4732., 4719., 4726., 14707., 1034216, 20220316100000)
 (4726., 4728., 4712., 4727., 15840., 1034813, 20220316101500)
 (4727., 4732., 4715., 4718., 17242., 1039412, 20220316104500)
 (4718., 4727., 4713., 4723.,  9855., 1040675, 20220316110000)
 (4722., 4734., 4716., 4731., 14366., 1039434, 20220316111500)
 (4730., 4732., 4715., 4729., 18389., 1042994, 20220316113000)
 (4745., 4780., 4745., 4759., 66557., 1046910, 20220316134500)
 (4759., 4777., 4758., 4776., 24929., 1052626, 20220316140000)
 (4777., 4792., 4773., 4789., 44131., 1061471, 20220316141500)
 (4789., 4796., 4780., 4786., 20794., 1064263, 20220316143000)
 (4786., 4794., 4772., 4793., 20062., 1065778, 20220316144500)
 (4793., 4812., 4787., 4811., 46498., 1061175, 20220316150000)]
2022-03-17 15:30:00  INFO  [(4840., 4853., 4827., 4852., 67843., 1066639, 20220316211500)
 (4852., 4854., 4828., 4836., 25046., 1066857, 20220316213000)
 (4836., 4842., 4816., 4829., 17174., 1067257, 20220316214500)
 (4829., 4835., 4822., 4827.,  9388., 1067678, 20220316220000)
 (4827., 4833., 4812., 4814., 13216., 1069309, 20220316221500)
 (4814., 4826., 4805., 4808., 20519., 1069298, 20220316223000)
 (4807., 4818., 4801., 4815., 18682., 1070681, 20220316224500)
 (4815., 4820., 4793., 4796., 14799., 1070584, 20220316230000)
 (4802., 4845., 4802., 4831., 51140., 1076180, 20220317091500)
 (4830., 4840., 4818., 4832., 17282., 1078678, 20220317093000)
 (4833., 4833., 4813., 4818., 11289., 1080345, 20220317094500)
 (4818., 4825., 4801., 4805., 15436., 1082170, 20220317100000)
 (4804., 4810., 4785., 4805., 24223., 1081781, 20220317101500)
 (4805., 4816., 4805., 4809., 10709., 1082757, 20220317104500)
 (4809., 4816., 4798., 4812., 10410., 1082958, 20220317110000)
 (4813., 4830., 4812., 4828., 17960., 1082805, 20220317111500)
 (4828., 4833., 4813., 4814., 18933., 1082950, 20220317113000)
 (4810., 4813., 4792., 4806., 41680., 1091845, 20220317134500)
 (4806., 4811., 4796., 4799., 13903., 1092932, 20220317140000)
 (4801., 4805., 4794., 4797., 15872., 1093752, 20220317141500)
 (4797., 4811., 4796., 4804., 12593., 1094290, 20220317143000)
 (4805., 4808., 4780., 4789., 28409., 1100194, 20220317144500)
 (4789., 4811., 4783., 4810., 25909., 1101388, 20220317150000)]
2022-03-18 15:30:00  INFO  [(4817., 4825., 4801., 4810., 43469., 1110766, 20220317211500)
 (4811., 4812., 4803., 4811., 10779., 1112223, 20220317213000)
 (4811., 4830., 4810., 4826., 19880., 1112768, 20220317214500)
 (4826., 4832., 4817., 4831., 12683., 1113543, 20220317220000)
 (4830., 4833., 4821., 4830.,  8398., 1113156, 20220317221500)
 (4830., 4832., 4814., 4815., 20339., 1110809, 20220317223000)
 (4816., 4828., 4804., 4827., 20746., 1109458, 20220317224500)
 (4827., 4839., 4821., 4832., 23894., 1107722, 20220317230000)
 (4837., 4856., 4831., 4853., 42925., 1111409, 20220318091500)
 (4852., 4859., 4843., 4849., 14904., 1111859, 20220318093000)
 (4848., 4855., 4843., 4845., 12508., 1112120, 20220318094500)
 (4845., 4851., 4843., 4848.,  6221., 1112506, 20220318100000)
 (4848., 4859., 4845., 4858.,  9704., 1113087, 20220318101500)
 (4858., 4860., 4848., 4851., 11903., 1113575, 20220318104500)
 (4851., 4854., 4844., 4851., 10962., 1115249, 20220318110000)
 (4852., 4858., 4845., 4847., 10570., 1117915, 20220318111500)
 (4847., 4848., 4830., 4835., 24755., 1119091, 20220318113000)
 (4835., 4844., 4818., 4832., 30881., 1115350, 20220318134500)
 (4832., 4835., 4821., 4822., 12701., 1114664, 20220318140000)
 (4824., 4842., 4814., 4837., 30606., 1113842, 20220318141500)
 (4837., 4842., 4830., 4832., 13578., 1114366, 20220318143000)
 (4831., 4841., 4825., 4839., 10342., 1114712, 20220318144500)
 (4839., 4855., 4839., 4853., 23418., 1114213, 20220318150000)]
2022-03-21 15:30:00  INFO  [(4831., 4846., 4820., 4827., 39381., 1118724, 20220318211500)
 (4826., 4846., 4825., 4846., 16643., 1120607, 20220318213000)
 (4845., 4847., 4827., 4833., 14111., 1120651, 20220318214500)
 (4835., 4840., 4817., 4824., 25021., 1125661, 20220318220000)
 (4822., 4831., 4820., 4825.,  7781., 1125025, 20220318221500)
 (4825., 4834., 4825., 4832.,  7146., 1124980, 20220318223000)
 (4833., 4843., 4833., 4840., 15091., 1123190, 20220318224500)
 (4840., 4842., 4834., 4841., 13099., 1120092, 20220318230000)
 (4842., 4865., 4818., 4865., 79293., 1117588, 20220321091500)
 (4863., 4876., 4855., 4863., 50311., 1114810, 20220321093000)
 (4862., 4873., 4850., 4855., 23801., 1118047, 20220321094500)
 (4855., 4867., 4840., 4843., 26851., 1121510, 20220321100000)
 (4843., 4859., 4828., 4829., 38121., 1130690, 20220321101500)
 (4828., 4841., 4826., 4835., 21412., 1133494, 20220321104500)
 (4836., 4846., 4830., 4844., 13916., 1132771, 20220321110000)
 (4843., 4845., 4828., 4831.,  7666., 1133044, 20220321111500)
 (4830., 4835., 4810., 4810., 27700., 1137623, 20220321113000)
 (4808., 4822., 4796., 4806., 47084., 1139390, 20220321134500)
 (4805., 4817., 4796., 4814., 26549., 1141891, 20220321140000)
 (4814., 4827., 4810., 4824., 23883., 1143541, 20220321141500)
 (4825., 4833., 4816., 4830., 15827., 1141984, 20220321143000)
 (4830., 4838., 4824., 4826., 16498., 1139421, 20220321144500)
 (4827., 4837., 4822., 4831., 19566., 1133286, 20220321150000)]
2022-03-22 15:30:00  INFO  [(4822., 4834., 4810., 4815., 29616., 1136982, 20220321211500)
 (4815., 4845., 4813., 4844., 29207., 1134322, 20220321213000)
 (4844., 4848., 4840., 4843., 21495., 1132895, 20220321214500)
 (4843., 4855., 4840., 4846., 14854., 1130902, 20220321220000)
 (4846., 4850., 4836., 4838., 15508., 1130496, 20220321221500)
 (4838., 4849., 4837., 4845., 11182., 1132393, 20220321223000)
 (4844., 4858., 4843., 4849., 14707., 1135046, 20220321224500)
 (4850., 4854., 4840., 4846., 12580., 1136139, 20220321230000)
 (4848., 4867., 4843., 4852., 34465., 1141171, 20220322091500)
 (4852., 4860., 4850., 4854., 11451., 1142130, 20220322093000)
 (4854., 4868., 4853., 4860., 15818., 1145728, 20220322094500)
 (4862., 4864., 4855., 4863.,  7411., 1147603, 20220322100000)
 (4862., 4867., 4859., 4864.,  9875., 1149620, 20220322101500)
 (4861., 4865., 4841., 4845., 24923., 1153431, 20220322104500)
 (4845., 4848., 4828., 4838., 25840., 1156912, 20220322110000)
 (4838., 4841., 4829., 4830., 12917., 1157766, 20220322111500)
 (4830., 4857., 4829., 4851., 21731., 1156114, 20220322113000)
 (4853., 4857., 4846., 4854., 12677., 1157538, 20220322134500)
 (4854., 4854., 4846., 4852.,  7714., 1158829, 20220322140000)
 (4852., 4857., 4849., 4852.,  8672., 1160469, 20220322141500)
 (4852., 4854., 4834., 4841., 19429., 1160595, 20220322143000)
 (4841., 4853., 4838., 4850., 13585., 1160418, 20220322144500)
 (4849., 4855., 4832., 4834., 29334., 1162522, 20220322150000)]
2022-03-23 15:30:00  INFO  [(4830., 4845., 4816., 4819., 55057., 1158705, 20220322211500)
 (4819., 4822., 4790., 4793., 62688., 1159536, 20220322213000)
 (4793., 4807., 4774., 4806., 44898., 1155358, 20220322214500)
 (4806., 4815., 4800., 4810., 16661., 1156494, 20220322220000)
 (4810., 4814., 4801., 4807., 11251., 1157628, 20220322221500)
 (4807., 4823., 4803., 4818., 18271., 1155489, 20220322223000)
 (4818., 4820., 4803., 4805., 10604., 1155729, 20220322224500)
 (4804., 4816., 4804., 4809., 12703., 1155341, 20220322230000)
 (4810., 4821., 4805., 4810., 24874., 1154849, 20220323091500)
 (4811., 4826., 4808., 4825., 15860., 1155374, 20220323093000)
 (4827., 4834., 4823., 4833., 26686., 1153373, 20220323094500)
 (4833., 4848., 4832., 4847., 23568., 1154480, 20220323100000)
 (4847., 4859., 4842., 4853., 34079., 1159447, 20220323101500)
 (4854., 4855., 4841., 4843., 16720., 1158047, 20220323104500)
 (4843., 4854., 4841., 4851., 17223., 1159610, 20220323110000)
 (4852., 4875., 4850., 4872., 46566., 1169991, 20220323111500)
 (4873., 4889., 4870., 4880., 59585., 1179024, 20220323113000)
 (4881., 4889., 4864., 4870., 42005., 1183326, 20220323134500)
 (4870., 4879., 4865., 4871., 16795., 1186747, 20220323140000)
 (4871., 4881., 4869., 4874., 13957., 1189415, 20220323141500)
 (4874., 4887., 4873., 4883., 14014., 1192866, 20220323143000)
 (4883., 4895., 4880., 4893., 27957., 1201406, 20220323144500)
 (4893., 4905., 4886., 4900., 44953., 1207094, 20220323150000)]
2022-03-24 15:30:00  INFO  [(4922., 4937., 4911., 4928., 102621., 1234501, 20220323211500)
 (4927., 4937., 4919., 4924.,  38821., 1237340, 20220323213000)
 (4923., 4929., 4920., 4928.,  16014., 1237069, 20220323214500)
 (4928., 4935., 4921., 4934.,  20113., 1238420, 20220323220000)
 (4933., 4936., 4928., 4933.,  19262., 1238107, 20220323221500)
 (4934., 4936., 4923., 4926.,  17276., 1239386, 20220323223000)
 (4927., 4937., 4927., 4933.,  18406., 1240037, 20220323224500)
 (4933., 4936., 4927., 4931.,  17047., 1238029, 20220323230000)
 (4931., 4939., 4905., 4909.,  74938., 1256651, 20220324091500)
 (4909., 4916., 4892., 4910.,  48737., 1266826, 20220324093000)
 (4909., 4914., 4902., 4904.,  13873., 1268357, 20220324094500)
 (4905., 4914., 4901., 4903.,  12863., 1270906, 20220324100000)
 (4903., 4906., 4888., 4892.,  31184., 1272082, 20220324101500)
 (4891., 4899., 4870., 4874.,  36939., 1271902, 20220324104500)
 (4874., 4885., 4867., 4871.,  35898., 1268172, 20220324110000)
 (4871., 4893., 4871., 4881.,  26179., 1270064, 20220324111500)
 (4881., 4896., 4871., 4895.,  36083., 1271743, 20220324113000)
 (4896., 4916., 4891., 4896.,  46067., 1279125, 20220324134500)
 (4896., 4904., 4889., 4894.,  26959., 1278671, 20220324140000)
 (4894., 4903., 4893., 4900.,  14301., 1280399, 20220324141500)
 (4900., 4905., 4890., 4893.,  20718., 1281047, 20220324143000)
 (4893., 4898., 4883., 4883.,  20224., 1282072, 20220324144500)
 (4884., 4888., 4867., 4877.,  40164., 1277923, 20220324150000)]
2022-03-25 15:30:00  INFO  [(4885., 4925., 4877., 4920., 111163., 1281471, 20220324211500)
 (4922., 4926., 4914., 4926.,  38345., 1288849, 20220324213000)
 (4926., 4928., 4913., 4918.,  22874., 1291221, 20220324214500)
 (4919., 4923., 4911., 4913.,  16223., 1292740, 20220324220000)
 (4913., 4920., 4910., 4912.,  15643., 1294476, 20220324221500)
 (4912., 4921., 4891., 4894.,  43501., 1292741, 20220324223000)
 (4893., 4907., 4890., 4898.,  22074., 1294064, 20220324224500)
 (4899., 4913., 4896., 4908.,  17608., 1293970, 20220324230000)
 (4902., 4921., 4898., 4919.,  32132., 1294258, 20220325091500)
 (4919., 4922., 4913., 4922.,  18068., 1295309, 20220325093000)
 (4922., 4930., 4910., 4926.,  33350., 1297698, 20220325094500)
 (4926., 4929., 4921., 4924.,  11543., 1298470, 20220325100000)
 (4925., 4936., 4923., 4931.,  20539., 1301459, 20220325101500)
 (4931., 4934., 4915., 4916.,  25898., 1302090, 20220325104500)
 (4917., 4928., 4916., 4925.,  13778., 1302075, 20220325110000)
 (4925., 4930., 4920., 4927.,  13406., 1300890, 20220325111500)
 (4928., 4930., 4916., 4924.,  17725., 1302642, 20220325113000)
 (4921., 4923., 4909., 4920.,  33186., 1303721, 20220325134500)
 (4920., 4949., 4919., 4944.,  53833., 1308405, 20220325140000)
 (4945., 4961., 4940., 4960.,  55066., 1311906, 20220325141500)
 (4960., 4978., 4960., 4973.,  55793., 1322095, 20220325143000)
 (4972., 4975., 4955., 4965.,  50220., 1318710, 20220325144500)
 (4964., 4974., 4958., 4974.,  39065., 1322010, 20220325150000)]
2022-03-28 15:30:00  INFO  [(4975., 4977., 4955., 4965., 74465., 1338117, 20220325211500)
 (4966., 4968., 4958., 4959., 27954., 1340381, 20220325213000)
 (4959., 4964., 4950., 4956., 23291., 1340546, 20220325214500)
 (4957., 4980., 4951., 4973., 32654., 1342769, 20220325220000)
 (4974., 4987., 4970., 4976., 35759., 1349454, 20220325221500)
 (4976., 4987., 4974., 4984., 16526., 1350973, 20220325223000)
 (4984., 4999., 4982., 4995., 42079., 1354551, 20220325224500)
 (4995., 4996., 4974., 4979., 29438., 1353747, 20220325230000)
 (4975., 4975., 4940., 4951., 98572., 1352543, 20220328091500)
 (4951., 4985., 4948., 4984., 55152., 1358081, 20220328093000)
 (4985., 5027., 4978., 5015., 94468., 1371440, 20220328094500)
 (5015., 5020., 5002., 5019., 37121., 1380272, 20220328100000)
 (5020., 5030., 5009., 5012., 44944., 1385694, 20220328101500)
 (5012., 5035., 5009., 5035., 40889., 1395117, 20220328104500)
 (5034., 5035., 5019., 5025., 28224., 1396453, 20220328110000)
 (5025., 5037., 5022., 5036., 34720., 1400390, 20220328111500)
 (5036., 5043., 5028., 5042., 39570., 1407906, 20220328113000)
 (5041., 5041., 5020., 5037., 51349., 1416946, 20220328134500)
 (5036., 5050., 5027., 5049., 46048., 1425132, 20220328140000)
 (5049., 5051., 5030., 5031., 38300., 1431298, 20220328141500)
 (5030., 5036., 5024., 5026., 25147., 1434685, 20220328143000)
 (5026., 5028., 5017., 5024., 29370., 1435474, 20220328144500)
 (5024., 5038., 5022., 5032., 36720., 1434753, 20220328150000)]
2022-03-29 15:30:00  INFO  [(5032., 5043., 5023., 5038., 122731., 1462272, 20220328211500)
 (5037., 5050., 5035., 5041.,  50185., 1468486, 20220328213000)
 (5041., 5049., 5027., 5046.,  45007., 1471762, 20220328214500)
 (5047., 5048., 5035., 5040.,  21153., 1471903, 20220328220000)
 (5039., 5040., 5027., 5028.,  27007., 1472644, 20220328221500)
 (5029., 5039., 5026., 5034.,  21419., 1473045, 20220328223000)
 (5034., 5042., 5032., 5035.,  19378., 1475959, 20220328224500)
 (5035., 5038., 5008., 5023.,  46760., 1471923, 20220328230000)
 (5022., 5031., 5012., 5030.,  53996., 1484575, 20220329091500)
 (5031., 5035., 5017., 5018.,  36451., 1489624, 20220329093000)
 (5017., 5022., 5006., 5009.,  38304., 1496236, 20220329094500)
 (5009., 5015., 5003., 5010.,  39326., 1504811, 20220329100000)
 (5009., 5016., 4995., 5001.,  57032., 1508555, 20220329101500)
 (5000., 5012., 4992., 5008.,  39187., 1514512, 20220329104500)
 (5007., 5021., 5000., 5016.,  42447., 1518748, 20220329110000)
 (5016., 5024., 5013., 5019.,  23330., 1519110, 20220329111500)
 (5018., 5023., 5008., 5015.,  24537., 1520759, 20220329113000)
 (5011., 5034., 5007., 5028.,  65158., 1525062, 20220329134500)
 (5028., 5040., 5027., 5031.,  37994., 1527111, 20220329140000)
 (5031., 5031., 5023., 5024.,  17512., 1528864, 20220329141500)
 (5024., 5035., 5024., 5025.,  24758., 1532112, 20220329143000)
 (5025., 5027., 4997., 5022.,  88372., 1530936, 20220329144500)
 (5021., 5027., 5004., 5012.,  44984., 1527965, 20220329150000)]
2022-03-30 15:30:00  INFO  [(4976., 4980., 4930., 4953., 272479., 1503844, 20220329211500)
 (4953., 4972., 4945., 4946.,  79130., 1512385, 20220329213000)
 (4946., 4956., 4918., 4953., 138566., 1515013, 20220329214500)
 (4953., 4953., 4940., 4949.,  33384., 1519292, 20220329220000)
 (4949., 4949., 4934., 4948.,  41194., 1518982, 20220329221500)
 (4947., 4961., 4946., 4953.,  45736., 1514621, 20220329223000)
 (4953., 4968., 4950., 4967.,  33316., 1517424, 20220329224500)
 (4967., 4972., 4955., 4959.,  38512., 1511726, 20220329230000)
 (4970., 4981., 4965., 4973.,  69105., 1510455, 20220330091500)
 (4972., 4985., 4967., 4981.,  36267., 1508512, 20220330093000)
 (4981., 4993., 4980., 4989.,  34900., 1510377, 20220330094500)
 (4989., 4997., 4986., 4996.,  36350., 1510321, 20220330100000)
 (4996., 5007., 4991., 4999.,  57057., 1509576, 20220330101500)
 (4999., 5004., 4993., 5002.,  44494., 1511818, 20220330104500)
 (5001., 5015., 5001., 5005.,  43975., 1511591, 20220330110000)
 (5005., 5020., 5005., 5014.,  43809., 1513012, 20220330111500)
 (5014., 5015., 4993., 5002.,  49736., 1513798, 20220330113000)
 (5005., 5013., 4998., 5013.,  36737., 1515592, 20220330134500)
 (5012., 5036., 5012., 5034.,  65879., 1520758, 20220330140000)
 (5035., 5037., 5019., 5020.,  46533., 1517534, 20220330141500)
 (5020., 5027., 5015., 5024.,  32831., 1520610, 20220330143000)
 (5024., 5028., 5016., 5026.,  22369., 1521209, 20220330144500)
 (5026., 5036., 5023., 5034.,  50166., 1519061, 20220330150000)]
2022-03-31 15:30:00  INFO  [(5070., 5117., 5057., 5107., 259376., 1522046, 20220330211500)
 (5107., 5109., 5075., 5093., 121436., 1516219, 20220330213000)
 (5093., 5096., 5079., 5085.,  39205., 1519487, 20220330214500)
 (5085., 5093., 5082., 5089.,  32858., 1521220, 20220330220000)
 (5089., 5092., 5077., 5087.,  37151., 1516822, 20220330221500)
 (5087., 5089., 5076., 5080.,  28539., 1514103, 20220330223000)
 (5080., 5094., 5076., 5084.,  41233., 1510056, 20220330224500)
 (5083., 5090., 5082., 5084.,  23113., 1504566, 20220330230000)
 (5073., 5088., 5067., 5075.,  66694., 1512912, 20220331091500)
 (5076., 5076., 5052., 5053.,  66281., 1510861, 20220331093000)
 (5053., 5065., 5051., 5056.,  48452., 1513918, 20220331094500)
 (5056., 5056., 5039., 5041.,  65571., 1523713, 20220331100000)
 (5041., 5051., 5038., 5042.,  42562., 1525148, 20220331101500)
 (5043., 5051., 5038., 5045.,  48677., 1523850, 20220331104500)
 (5045., 5047., 5024., 5024.,  63503., 1529914, 20220331110000)
 (5025., 5038., 5020., 5021.,  60864., 1530491, 20220331111500)
 (5021., 5027., 4997., 5024., 113465., 1529406, 20220331113000)
 (5015., 5056., 5015., 5055., 112997., 1527578, 20220331134500)
 (5055., 5069., 5050., 5062.,  85962., 1537428, 20220331140000)
 (5063., 5065., 5048., 5055.,  44285., 1539260, 20220331141500)
 (5056., 5068., 5049., 5052.,  47380., 1542001, 20220331143000)
 (5052., 5062., 5048., 5051.,  28867., 1542645, 20220331144500)
 (5051., 5073., 5050., 5061.,  72661., 1541215, 20220331150000)]
2022-04-01 15:30:00  INFO  [(5063., 5093., 5060., 5091., 138475., 1560656, 20220331211500)
 (5091., 5093., 5068., 5070.,  60461., 1564151, 20220331213000)
 (5070., 5076., 5058., 5063.,  64636., 1566782, 20220331214500)
 (5063., 5068., 5056., 5059.,  41146., 1569281, 20220331220000)
 (5059., 5066., 5051., 5058.,  34775., 1567080, 20220331221500)
 (5059., 5068., 5057., 5068.,  18324., 1565018, 20220331223000)
 (5066., 5088., 5066., 5086.,  61294., 1569058, 20220331224500)
 (5086., 5090., 5078., 5084.,  40877., 1567805, 20220331230000)
 (5079., 5096., 5071., 5093.,  73417., 1569936, 20220401091500)
 (5092., 5103., 5086., 5097.,  56273., 1576509, 20220401093000)
 (5097., 5104., 5090., 5096.,  29872., 1577930, 20220401094500)
 (5097., 5125., 5092., 5125.,  80542., 1589410, 20220401100000)
 (5124., 5145., 5116., 5141., 100184., 1593080, 20220401101500)
 (5141., 5148., 5131., 5132.,  58161., 1602211, 20220401104500)
 (5133., 5147., 5132., 5145.,  35489., 1613207, 20220401110000)
 (5144., 5145., 5128., 5138.,  35496., 1617772, 20220401111500)
 (5138., 5147., 5127., 5127.,  38075., 1620144, 20220401113000)
 (5128., 5139., 5123., 5131.,  53973., 1626762, 20220401134500)
 (5130., 5145., 5130., 5137.,  34059., 1633462, 20220401140000)
 (5137., 5155., 5137., 5153.,  51517., 1642673, 20220401141500)
 (5153., 5157., 5144., 5146.,  36001., 1646808, 20220401143000)
 (5147., 5165., 5146., 5158.,  57779., 1648448, 20220401144500)
 (5158., 5165., 5154., 5160.,  75910., 1639645, 20220401150000)]
2022-04-06 15:30:00  INFO  [(5144., 5145., 5128., 5138.,  35496., 1617772, 20220401111500)
 (5138., 5147., 5127., 5127.,  38075., 1620144, 20220401113000)
 (5128., 5139., 5123., 5131.,  53973., 1626762, 20220401134500)
 (5130., 5145., 5130., 5137.,  34059., 1633462, 20220401140000)
 (5137., 5155., 5137., 5153.,  51517., 1642673, 20220401141500)
 (5153., 5157., 5144., 5146.,  36001., 1646808, 20220401143000)
 (5147., 5165., 5146., 5158.,  57779., 1648448, 20220401144500)
 (5158., 5165., 5154., 5160.,  75910., 1639645, 20220401150000)
 (5158., 5158., 5084., 5085., 280320., 1609080, 20220406091500)
 (5085., 5116., 5083., 5105.,  96120., 1610278, 20220406093000)
 (5105., 5126., 5105., 5114.,  48020., 1612335, 20220406094500)
 (5115., 5129., 5115., 5120.,  32969., 1614228, 20220406100000)
 (5121., 5121., 5108., 5113.,  32263., 1614952, 20220406101500)
 (5113., 5140., 5111., 5140.,  62827., 1624471, 20220406104500)
 (5139., 5143., 5129., 5136.,  34785., 1625736, 20220406110000)
 (5136., 5139., 5128., 5129.,  20210., 1626161, 20220406111500)
 (5130., 5177., 5125., 5167.,  79929., 1631894, 20220406113000)
 (5170., 5190., 5163., 5184., 110670., 1648236, 20220406134500)
 (5184., 5187., 5168., 5170.,  41779., 1650953, 20220406140000)
 (5170., 5174., 5159., 5168.,  40910., 1651295, 20220406141500)
 (5169., 5176., 5154., 5156.,  35623., 1652231, 20220406143000)
 (5154., 5158., 5127., 5140.,  89436., 1651558, 20220406144500)
 (5140., 5144., 5120., 5121.,  56486., 1644865, 20220406150000)]
2022-04-07 15:30:00  INFO  [(5122., 5148., 5104., 5111., 168561., 1642776, 20220406211500)
 (5110., 5123., 5107., 5119.,  56851., 1646849, 20220406213000)
 (5119., 5124., 5108., 5110.,  35988., 1652744, 20220406214500)
 (5111., 5139., 5110., 5129.,  64166., 1661243, 20220406220000)
 (5130., 5134., 5117., 5128.,  29422., 1663374, 20220406221500)
 (5127., 5142., 5125., 5137.,  34530., 1668105, 20220406223000)
 (5135., 5136., 5123., 5124.,  25433., 1667526, 20220406224500)
 (5124., 5128., 5096., 5117.,  73044., 1661545, 20220406230000)
 (5099., 5116., 5088., 5090.,  99532., 1667023, 20220407091500)
 (5088., 5100., 5065., 5067., 103940., 1667458, 20220407093000)
 (5068., 5099., 5066., 5097.,  76606., 1667308, 20220407094500)
 (5098., 5116., 5093., 5100.,  54341., 1666463, 20220407100000)
 (5101., 5102., 5079., 5083.,  47659., 1671645, 20220407101500)
 (5082., 5092., 5075., 5077.,  39633., 1674262, 20220407104500)
 (5078., 5089., 5073., 5084.,  31089., 1673466, 20220407110000)
 (5084., 5084., 5058., 5062.,  74095., 1676848, 20220407111500)
 (5062., 5073., 5053., 5054.,  69109., 1678697, 20220407113000)
 (5053., 5061., 5034., 5059., 143647., 1689602, 20220407134500)
 (5059., 5066., 5042., 5064.,  55978., 1695241, 20220407140000)
 (5065., 5085., 5059., 5084.,  64920., 1692059, 20220407141500)
 (5084., 5084., 5062., 5063.,  38466., 1692162, 20220407143000)
 (5063., 5094., 5058., 5087.,  56653., 1686583, 20220407144500)
 (5087., 5090., 5068., 5070.,  51390., 1681999, 20220407150000)]
2022-04-08 15:30:00  INFO  [(5052., 5087., 5052., 5084., 112722., 1687505, 20220407211500)
 (5083., 5097., 5078., 5094.,  67691., 1690076, 20220407213000)
 (5094., 5103., 5088., 5089.,  51576., 1691152, 20220407214500)
 (5089., 5095., 5081., 5082.,  28516., 1692464, 20220407220000)
 (5082., 5085., 5061., 5067.,  66837., 1693422, 20220407221500)
 (5067., 5082., 5067., 5072.,  28062., 1693384, 20220407223000)
 (5073., 5090., 5070., 5079.,  42021., 1691977, 20220407224500)
 (5079., 5084., 5034., 5039.,  87761., 1686207, 20220407230000)
 (5043., 5058., 5026., 5048., 115649., 1691319, 20220408091500)
 (5047., 5053., 5035., 5044.,  41082., 1696427, 20220408093000)
 (5045., 5060., 5042., 5058.,  46884., 1694397, 20220408094500)
 (5059., 5064., 5037., 5037.,  45314., 1693461, 20220408100000)
 (5037., 5044., 5016., 5017.,  83731., 1694371, 20220408101500)
 (5018., 5026., 5008., 5013.,  96751., 1694187, 20220408104500)
 (5013., 5023., 4986., 4987., 132348., 1696240, 20220408110000)
 (4988., 4995., 4953., 4959., 185686., 1686733, 20220408111500)
 (4958., 4991., 4954., 4975., 125018., 1669197, 20220408113000)
 (4981., 5008., 4981., 5001., 118568., 1667324, 20220408134500)
 (5000., 5005., 4990., 5002.,  39213., 1672187, 20220408140000)
 (5002., 5002., 4977., 4982.,  48193., 1675629, 20220408141500)
 (4983., 4993., 4972., 4989.,  50295., 1673481, 20220408143000)
 (4989., 5015., 4984., 5014.,  80759., 1674357, 20220408144500)
 (5013., 5023., 5008., 5019.,  83519., 1664699, 20220408150000)]
2022-04-11 15:30:00  INFO  [(5018., 5039., 4996., 5036., 156433., 1650426, 20220408211500)
 (5034., 5037., 5000., 5008.,  83843., 1655500, 20220408213000)
 (5008., 5013., 4992., 5005.,  58240., 1659284, 20220408214500)
 (5004., 5005., 4990., 4998.,  31321., 1659057, 20220408220000)
 (4998., 5019., 4997., 5013.,  39347., 1657638, 20220408221500)
 (5013., 5015., 4997., 5001.,  29593., 1658707, 20220408223000)
 (5002., 5005., 4974., 4980.,  57286., 1660283, 20220408224500)
 (4981., 4991., 4949., 4970., 131791., 1651412, 20220408230000)
 (4948., 4948., 4890., 4894., 281132., 1663369, 20220411091500)
 (4895., 4916., 4888., 4905., 116796., 1661919, 20220411093000)
 (4907., 4910., 4886., 4892.,  63661., 1667215, 20220411094500)
 (4891., 4899., 4884., 4885.,  56274., 1672868, 20220411100000)
 (4884., 4892., 4864., 4870., 115227., 1683999, 20220411101500)
 (4868., 4894., 4862., 4890.,  68398., 1679263, 20220411104500)
 (4892., 4892., 4879., 4881.,  36932., 1681544, 20220411110000)
 (4880., 4887., 4869., 4874.,  40596., 1687115, 20220411111500)
 (4873., 4888., 4864., 4884.,  64642., 1690924, 20220411113000)
 (4881., 4905., 4876., 4896.,  90219., 1684737, 20220411134500)
 (4895., 4895., 4880., 4888.,  35500., 1686251, 20220411140000)
 (4887., 4893., 4875., 4884.,  30581., 1687607, 20220411141500)
 (4884., 4892., 4878., 4882.,  26226., 1688359, 20220411143000)
 (4882., 4883., 4873., 4879.,  35739., 1689001, 20220411144500)
 (4878., 4883., 4859., 4867., 107222., 1686172, 20220411150000)]
2022-04-12 15:30:00  INFO  [(4880., 4898., 4872., 4873., 163539., 1681822, 20220411211500)
 (4873., 4888., 4872., 4879.,  39722., 1684947, 20220411213000)
 (4878., 4895., 4878., 4888.,  38292., 1683691, 20220411214500)
 (4888., 4910., 4887., 4908.,  78106., 1684496, 20220411220000)
 (4909., 4921., 4903., 4918.,  80261., 1679794, 20220411221500)
 (4917., 4933., 4907., 4929.,  80628., 1677408, 20220411223000)
 (4929., 4930., 4917., 4926.,  49939., 1676590, 20220411224500)
 (4926., 4943., 4924., 4937.,  75737., 1670743, 20220411230000)
 (4936., 4964., 4929., 4955., 139441., 1675274, 20220412091500)
 (4955., 4959., 4940., 4944.,  59072., 1679329, 20220412093000)
 (4945., 4948., 4934., 4937.,  41849., 1682356, 20220412094500)
 (4937., 4953., 4936., 4942.,  37915., 1685132, 20220412100000)
 (4942., 4952., 4935., 4952.,  29365., 1686244, 20220412101500)
 (4952., 4967., 4951., 4967.,  61544., 1687573, 20220412104500)
 (4967., 4969., 4953., 4968.,  43963., 1688570, 20220412110000)
 (4969., 4983., 4964., 4980.,  77613., 1685439, 20220412111500)
 (4981., 4986., 4956., 4962.,  71050., 1681721, 20220412113000)
 (4984., 4996., 4981., 4991., 111626., 1688339, 20220412134500)
 (4993., 4996., 4982., 4994.,  59542., 1696490, 20220412140000)
 (4993., 5027., 4990., 5025., 134506., 1703161, 20220412141500)
 (5026., 5032., 5016., 5026., 107355., 1709994, 20220412143000)
 (5026., 5034., 5021., 5023.,  65760., 1718209, 20220412144500)
 (5023., 5035., 5022., 5035.,  63831., 1712979, 20220412150000)]
2022-04-13 15:30:00  INFO  [(5036., 5041., 5011., 5017., 144772., 1705337, 20220412211500)
 (5017., 5018., 5008., 5014.,  54919., 1707136, 20220412213000)
 (5013., 5016., 4994., 4994.,  75919., 1708750, 20220412214500)
 (4994., 4999., 4986., 4996.,  83887., 1709123, 20220412220000)
 (4995., 5001., 4983., 4986.,  66859., 1703626, 20220412221500)
 (4986., 4994., 4974., 4978.,  65598., 1703723, 20220412223000)
 (4976., 4995., 4976., 4990.,  42846., 1700576, 20220412224500)
 (4990., 5020., 4989., 5014.,  86296., 1693083, 20220412230000)
 (4993., 4993., 4961., 4968., 201504., 1693384, 20220413091500)
 (4968., 4971., 4955., 4959.,  93876., 1687535, 20220413093000)
 (4959., 4965., 4952., 4961.,  66230., 1688578, 20220413094500)
 (4961., 4975., 4959., 4969.,  46044., 1689530, 20220413100000)
 (4969., 4986., 4962., 4984.,  45303., 1687038, 20220413101500)
 (4985., 5005., 4985., 5004.,  92435., 1687700, 20220413104500)
 (5004., 5011., 4995., 5010.,  52086., 1694287, 20220413110000)
 (5010., 5010., 4969., 4972.,  80931., 1688941, 20220413111500)
 (4973., 4979., 4948., 4949., 118822., 1692504, 20220413113000)
 (4947., 4963., 4940., 4955.,  94042., 1702220, 20220413134500)
 (4955., 4961., 4945., 4945.,  56190., 1709162, 20220413140000)
 (4945., 4948., 4916., 4933., 149315., 1716068, 20220413141500)
 (4933., 4937., 4912., 4914.,  69947., 1720082, 20220413143000)
 (4915., 4935., 4913., 4929.,  59641., 1722976, 20220413144500)
 (4929., 4933., 4914., 4915.,  71126., 1713890, 20220413150000)]
2022-04-14 15:30:00  INFO  [(4940., 4974., 4931., 4957., 202190., 1710525, 20220413211500)
 (4958., 4962., 4947., 4961.,  53819., 1710675, 20220413213000)
 (4960., 4977., 4954., 4977.,  67891., 1702420, 20220413214500)
 (4976., 4992., 4967., 4990.,  95422., 1693764, 20220413220000)
 (4992., 4995., 4974., 4977.,  83096., 1694181, 20220413221500)
 (4977., 4985., 4974., 4977.,  31118., 1694811, 20220413223000)
 (4978., 4984., 4965., 4980.,  50920., 1691667, 20220413224500)
 (4980., 4983., 4964., 4968.,  37679., 1683948, 20220413230000)
 (4979., 4985., 4957., 4959.,  86197., 1682450, 20220414091500)
 (4960., 4977., 4958., 4962.,  45104., 1680788, 20220414093000)
 (4963., 4965., 4943., 4951.,  68189., 1685066, 20220414094500)
 (4951., 4962., 4949., 4950.,  38840., 1688431, 20220414100000)
 (4950., 4969., 4948., 4969.,  59388., 1687458, 20220414101500)
 (4968., 4968., 4953., 4957.,  33366., 1688068, 20220414104500)
 (4957., 4973., 4950., 4972.,  43284., 1689412, 20220414110000)
 (4972., 4975., 4956., 4965.,  40692., 1690384, 20220414111500)
 (4965., 4992., 4962., 4990.,  91383., 1691745, 20220414113000)
 (4996., 5035., 4996., 5021., 236719., 1692272, 20220414134500)
 (5022., 5022., 5010., 5017.,  70298., 1692118, 20220414140000)
 (5016., 5019., 5006., 5018.,  57603., 1696282, 20220414141500)
 (5020., 5031., 5014., 5027.,  66757., 1703208, 20220414143000)
 (5026., 5030., 5009., 5016.,  57457., 1704913, 20220414144500)
 (5016., 5022., 4998., 5004.,  82159., 1695968, 20220414150000)]
2022-04-15 15:30:00  INFO  [(5000., 5027., 4994., 5020., 117066., 1700562, 20220414211500)
 (5018., 5046., 5018., 5043., 129452., 1703923, 20220414213000)
 (5042., 5047., 5034., 5041.,  47539., 1705685, 20220414214500)
 (5041., 5042., 5007., 5014.,  91103., 1699363, 20220414220000)
 (5014., 5028., 5014., 5025.,  43752., 1700017, 20220414221500)
 (5025., 5036., 5016., 5035.,  34269., 1700422, 20220414223000)
 (5035., 5045., 5032., 5039.,  50138., 1701703, 20220414224500)
 (5039., 5046., 5027., 5040.,  58847., 1702611, 20220414230000)
 (5046., 5078., 5042., 5073., 138011., 1710262, 20220415091500)
 (5075., 5075., 5053., 5056.,  65054., 1711919, 20220415093000)
 (5057., 5069., 5053., 5065.,  31965., 1715188, 20220415094500)
 (5065., 5075., 5062., 5074.,  28884., 1718975, 20220415100000)
 (5075., 5078., 5059., 5072.,  37369., 1721815, 20220415101500)
 (5073., 5075., 5062., 5070.,  26436., 1724898, 20220415104500)
 (5070., 5072., 5047., 5050.,  58000., 1722190, 20220415110000)
 (5050., 5059., 5034., 5036.,  65651., 1719398, 20220415111500)
 (5036., 5049., 5025., 5049.,  79837., 1712628, 20220415113000)
 (5049., 5055., 5022., 5023.,  71726., 1715983, 20220415134500)
 (5023., 5033., 5018., 5021.,  59892., 1719455, 20220415140000)
 (5020., 5035., 5012., 5018.,  67973., 1723985, 20220415141500)
 (5018., 5037., 5017., 5030.,  40208., 1725703, 20220415143000)
 (5030., 5041., 5023., 5033.,  38439., 1725542, 20220415144500)
 (5034., 5050., 5024., 5049.,  75572., 1721933, 20220415150000)]
2022-04-18 15:30:00  INFO  [(5020., 5027., 4960., 5011., 265358., 1713327, 20220415211500)
 (5010., 5011., 4991., 5002.,  74473., 1714751, 20220415213000)
 (5002., 5035., 4995., 5033.,  98080., 1719768, 20220415214500)
 (5033., 5058., 5033., 5042., 111394., 1729575, 20220415220000)
 (5042., 5051., 5034., 5038.,  45236., 1730918, 20220415221500)
 (5038., 5050., 5033., 5040.,  29067., 1732107, 20220415223000)
 (5039., 5046., 5025., 5045.,  41126., 1729340, 20220415224500)
 (5046., 5046., 5032., 5038.,  39866., 1722560, 20220415230000)
 (5036., 5042., 5014., 5019., 122710., 1721879, 20220418091500)
 (5019., 5037., 5016., 5024.,  49717., 1720444, 20220418093000)
 (5025., 5035., 5014., 5023.,  49704., 1722352, 20220418094500)
 (5023., 5030., 5014., 5021.,  44063., 1724457, 20220418100000)
 (5020., 5062., 5006., 5016., 193376., 1734467, 20220418101500)
 (5016., 5028., 5010., 5018.,  50447., 1737530, 20220418104500)
 (5018., 5040., 5018., 5036.,  46413., 1735097, 20220418110000)
 (5035., 5052., 5032., 5052.,  84027., 1733046, 20220418111500)
 (5051., 5085., 5049., 5075., 151781., 1735712, 20220418113000)
 (5073., 5088., 5064., 5066.,  91004., 1742247, 20220418134500)
 (5067., 5078., 5065., 5066.,  33803., 1746187, 20220418140000)
 (5066., 5073., 5061., 5063.,  32203., 1749857, 20220418141500)
 (5063., 5075., 5056., 5072.,  43163., 1751718, 20220418143000)
 (5072., 5078., 5062., 5065.,  35981., 1752001, 20220418144500)
 (5066., 5073., 5060., 5063.,  50183., 1748021, 20220418150000)]
2022-04-19 15:30:00  INFO  [(5080., 5082., 5058., 5073., 105879., 1746406, 20220418211500)
 (5072., 5084., 5068., 5075.,  50487., 1748579, 20220418213000)
 (5076., 5086., 5071., 5082.,  35852., 1751534, 20220418214500)
 (5082., 5084., 5073., 5076.,  29605., 1751961, 20220418220000)
 (5076., 5081., 5072., 5077.,  24414., 1751395, 20220418221500)
 (5078., 5088., 5077., 5086.,  36965., 1750695, 20220418223000)
 (5086., 5090., 5079., 5085.,  38266., 1750307, 20220418224500)
 (5085., 5086., 5065., 5070.,  55344., 1739936, 20220418230000)
 (5070., 5072., 5050., 5057.,  83132., 1738809, 20220419091500)
 (5057., 5065., 5046., 5065.,  82535., 1739246, 20220419093000)
 (5065., 5072., 5059., 5068.,  48661., 1737278, 20220419094500)
 (5068., 5083., 5066., 5082.,  48777., 1739727, 20220419100000)
 (5082., 5082., 5051., 5067.,  68225., 1752056, 20220419101500)
 (5067., 5075., 5048., 5050.,  63659., 1758451, 20220419104500)
 (5050., 5059., 5042., 5057.,  71251., 1760216, 20220419110000)
 (5057., 5086., 5049., 5060., 198795., 1767562, 20220419111500)
 (5060., 5128., 5049., 5084., 342916., 1767137, 20220419113000)
 (5085., 5117., 5074., 5090., 202243., 1771489, 20220419134500)
 (5089., 5090., 5077., 5088.,  66837., 1771685, 20220419140000)
 (5089., 5090., 5078., 5082.,  45809., 1769745, 20220419141500)
 (5082., 5083., 5038., 5040., 181077., 1772398, 20220419143000)
 (5041., 5046., 5011., 5014., 205645., 1775138, 20220419144500)
 (5014., 5040., 5000., 5011., 197563., 1772066, 20220419150000)]
2022-04-20 15:30:00  INFO  [(5021., 5053., 5015., 5051., 173219., 1782667, 20220419211500)
 (5050., 5055., 5037., 5040.,  80267., 1782288, 20220419213000)
 (5040., 5056., 5040., 5053.,  49011., 1782322, 20220419214500)
 (5054., 5069., 5049., 5068.,  67946., 1777155, 20220419220000)
 (5069., 5079., 5067., 5070., 111870., 1786536, 20220419221500)
 (5070., 5085., 5069., 5084.,  73995., 1792909, 20220419223000)
 (5085., 5086., 5074., 5080.,  44822., 1793037, 20220419224500)
 (5080., 5087., 5078., 5086.,  39436., 1788920, 20220419230000)
 (5088., 5116., 5082., 5113., 158146., 1810856, 20220420091500)
 (5113., 5114., 5097., 5109.,  79663., 1814546, 20220420093000)
 (5110., 5112., 5103., 5109.,  36295., 1817139, 20220420094500)
 (5109., 5118., 5104., 5118.,  45154., 1820878, 20220420100000)
 (5117., 5120., 5110., 5119.,  45822., 1827720, 20220420101500)
 (5117., 5137., 5114., 5135., 103416., 1841082, 20220420104500)
 (5134., 5136., 5126., 5134.,  45013., 1847228, 20220420110000)
 (5134., 5145., 5130., 5143.,  64731., 1848328, 20220420111500)
 (5142., 5144., 5126., 5139.,  51050., 1850962, 20220420113000)
 (5138., 5145., 5115., 5116., 102031., 1859205, 20220420134500)
 (5117., 5125., 5102., 5105.,  82563., 1853886, 20220420140000)
 (5104., 5124., 5103., 5120.,  58771., 1851413, 20220420141500)
 (5119., 5120., 5095., 5095.,  90175., 1840667, 20220420143000)
 (5097., 5115., 5094., 5107.,  59190., 1835074, 20220420144500)
 (5107., 5114., 5091., 5106.,  90056., 1824534, 20220420150000)]
2022-04-21 15:30:00  INFO  [(5117., 5123., 5095., 5096., 142969., 1833910, 20220420211500)
 (5096., 5100., 5084., 5092.,  95258., 1828800, 20220420213000)
 (5093., 5110., 5092., 5101.,  62424., 1821535, 20220420214500)
 (5101., 5103., 5092., 5099.,  34258., 1818831, 20220420220000)
 (5098., 5100., 5088., 5095.,  31664., 1818057, 20220420221500)
 (5095., 5112., 5092., 5109.,  35417., 1816497, 20220420223000)
 (5108., 5115., 5104., 5111.,  34600., 1815488, 20220420224500)
 (5111., 5115., 5100., 5101.,  39121., 1807515, 20220420230000)
 (5102., 5111., 5095., 5100.,  47171., 1805380, 20220421091500)
 (5100., 5100., 5090., 5095.,  41570., 1803296, 20220421093000)
 (5094., 5105., 5091., 5099.,  34586., 1803315, 20220421094500)
 (5099., 5099., 5086., 5097.,  45878., 1800123, 20220421100000)
 (5097., 5105., 5094., 5099.,  35210., 1796378, 20220421101500)
 (5098., 5127., 5095., 5124.,  81654., 1803979, 20220421104500)
 (5125., 5131., 5113., 5123.,  71320., 1812139, 20220421110000)
 (5124., 5129., 5117., 5120.,  55718., 1815435, 20220421111500)
 (5119., 5120., 5105., 5110.,  51691., 1810543, 20220421113000)
 (5116., 5116., 5065., 5066., 219037., 1796203, 20220421134500)
 (5067., 5071., 5050., 5065., 174664., 1785709, 20220421140000)
 (5064., 5076., 5058., 5061.,  64304., 1783547, 20220421141500)
 (5061., 5069., 5053., 5058.,  65093., 1783756, 20220421143000)
 (5058., 5062., 5026., 5037., 164839., 1773759, 20220421144500)
 (5036., 5066., 5032., 5058., 107704., 1766237, 20220421150000)]
2022-04-22 15:30:00  INFO  [(5065., 5071., 5046., 5051., 123985., 1762344, 20220421211500)
 (5052., 5055., 5042., 5051.,  51707., 1758840, 20220421213000)
 (5051., 5063., 5050., 5057.,  44374., 1754519, 20220421214500)
 (5058., 5069., 5054., 5069.,  32557., 1752747, 20220421220000)
 (5068., 5075., 5062., 5074.,  45802., 1751430, 20220421221500)
 (5074., 5078., 5066., 5070.,  35274., 1752039, 20220421223000)
 (5070., 5074., 5054., 5058.,  48970., 1744601, 20220421224500)
 (5058., 5065., 5055., 5059.,  27440., 1739968, 20220421230000)
 (5056., 5057., 5010., 5011., 148348., 1742584, 20220422091500)
 (5012., 5025., 5006., 5009., 109917., 1736158, 20220422093000)
 (5009., 5019., 5008., 5011.,  61067., 1736544, 20220422094500)
 (5012., 5017., 4992., 5005., 132893., 1727102, 20220422100000)
 (5006., 5025., 5002., 5024.,  61986., 1725772, 20220422101500)
 (5024., 5027., 5013., 5017.,  37212., 1726936, 20220422104500)
 (5017., 5020., 5003., 5006.,  34231., 1728942, 20220422110000)
 (5006., 5011., 4985., 4987.,  76802., 1730034, 20220422111500)
 (4988., 5002., 4980., 4983.,  86096., 1733086, 20220422113000)
 (4981., 4988., 4968., 4975., 116877., 1743114, 20220422134500)
 (4975., 4997., 4967., 4992.,  86745., 1750832, 20220422140000)
 (4992., 4994., 4975., 4986.,  49693., 1752551, 20220422141500)
 (4985., 4985., 4971., 4977.,  44549., 1754700, 20220422143000)
 (4977., 4985., 4970., 4977.,  59695., 1762379, 20220422144500)
 (4977., 4981., 4963., 4964.,  75641., 1749223, 20220422150000)]
2022-04-25 15:30:00  INFO  [(4960., 4968., 4941., 4962., 142207., 1751179, 20220422211500)
 (4962., 4991., 4955., 4986.,  94240., 1749665, 20220422213000)
 (4987., 4989., 4974., 4986.,  54804., 1750556, 20220422214500)
 (4987., 4987., 4971., 4972.,  31298., 1748809, 20220422220000)
 (4971., 4974., 4952., 4954.,  62970., 1744334, 20220422221500)
 (4955., 4966., 4950., 4950.,  42421., 1746186, 20220422223000)
 (4950., 4957., 4920., 4921., 124992., 1746878, 20220422224500)
 (4921., 4930., 4885., 4889., 200246., 1742547, 20220422230000)
 (4860., 4879., 4821., 4862., 407592., 1767607, 20220425091500)
 (4862., 4864., 4845., 4853.,  96538., 1773313, 20220425093000)
 (4853., 4854., 4833., 4845.,  86163., 1780335, 20220425094500)
 (4845., 4853., 4835., 4838.,  71164., 1783041, 20220425100000)
 (4838., 4844., 4810., 4812., 104120., 1784437, 20220425101500)
 (4810., 4837., 4780., 4827., 255591., 1773053, 20220425104500)
 (4826., 4845., 4821., 4839.,  79251., 1771790, 20220425110000)
 (4840., 4862., 4836., 4852., 101918., 1767360, 20220425111500)
 (4853., 4870., 4844., 4858.,  83178., 1764011, 20220425113000)
 (4860., 4864., 4840., 4851.,  86171., 1766480, 20220425134500)
 (4853., 4853., 4816., 4827.,  86120., 1762913, 20220425140000)
 (4828., 4837., 4808., 4809.,  92535., 1759621, 20220425141500)
 (4809., 4836., 4805., 4827.,  82395., 1760635, 20220425143000)
 (4827., 4836., 4802., 4806.,  80625., 1763425, 20220425144500)
 (4805., 4813., 4763., 4778., 195333., 1749194, 20220425150000)]
2022-04-26 15:30:00  INFO  [(4800., 4822., 4777., 4785., 216757., 1763663, 20220425211500)
 (4785., 4800., 4775., 4789., 101731., 1774300, 20220425213000)
 (4788., 4797., 4784., 4785.,  43497., 1776467, 20220425214500)
 (4785., 4795., 4775., 4779.,  43458., 1777786, 20220425220000)
 (4779., 4789., 4760., 4769.,  65364., 1777120, 20220425221500)
 (4769., 4776., 4747., 4749., 103412., 1780684, 20220425223000)
 (4750., 4785., 4750., 4775.,  79502., 1775311, 20220425224500)
 (4776., 4806., 4773., 4794.,  96692., 1766082, 20220425230000)
 (4808., 4839., 4808., 4831., 164019., 1772994, 20220426091500)
 (4831., 4839., 4823., 4835.,  58191., 1773435, 20220426093000)
 (4835., 4841., 4826., 4836.,  60023., 1771407, 20220426094500)
 (4836., 4836., 4813., 4814.,  48634., 1771793, 20220426100000)
 (4815., 4832., 4815., 4827.,  36471., 1771751, 20220426101500)
 (4835., 4850., 4834., 4843.,  82779., 1764305, 20220426104500)
 (4843., 4857., 4840., 4846.,  73043., 1760550, 20220426110000)
 (4846., 4855., 4838., 4841.,  47729., 1758181, 20220426111500)
 (4841., 4877., 4839., 4873.,  98457., 1755536, 20220426113000)
 (4860., 4875., 4841., 4845., 118112., 1744743, 20220426134500)
 (4844., 4860., 4844., 4848.,  45109., 1743935, 20220426140000)
 (4849., 4855., 4829., 4833.,  70068., 1747299, 20220426141500)
 (4834., 4846., 4831., 4833.,  50209., 1745845, 20220426143000)
 (4834., 4843., 4825., 4837.,  57067., 1746134, 20220426144500)
 (4837., 4848., 4825., 4829.,  72094., 1741533, 20220426150000)]
2022-04-27 15:30:00  INFO  [(4849., 4905., 4849., 4897., 251145., 1751422, 20220426211500)
 (4896., 4900., 4888., 4890.,  82368., 1761208, 20220426213000)
 (4890., 4893., 4880., 4888.,  55772., 1761122, 20220426214500)
 (4888., 4890., 4876., 4881.,  45079., 1761748, 20220426220000)
 (4881., 4887., 4873., 4882.,  40658., 1761627, 20220426221500)
 (4882., 4882., 4863., 4868.,  50438., 1760626, 20220426223000)
 (4867., 4891., 4856., 4885.,  88332., 1760576, 20220426224500)
 (4886., 4900., 4883., 4899.,  75762., 1758435, 20220426230000)
 (4896., 4898., 4869., 4869., 107428., 1757417, 20220427091500)
 (4870., 4888., 4869., 4880.,  46979., 1764316, 20220427093000)
 (4881., 4899., 4881., 4896.,  50284., 1767475, 20220427094500)
 (4897., 4899., 4881., 4891.,  36507., 1768020, 20220427100000)
 (4892., 4892., 4870., 4880.,  58967., 1770632, 20220427101500)
 (4881., 4888., 4863., 4874.,  63950., 1767969, 20220427104500)
 (4875., 4890., 4860., 4887.,  68350., 1766231, 20220427110000)
 (4885., 4885., 4850., 4852.,  77932., 1772226, 20220427111500)
 (4851., 4863., 4819., 4836., 142904., 1762092, 20220427113000)
 (4860., 4875., 4825., 4831., 161813., 1770592, 20220427134500)
 (4831., 4849., 4826., 4835.,  62091., 1776872, 20220427140000)
 (4835., 4835., 4816., 4826., 104047., 1776885, 20220427141500)
 (4827., 4854., 4820., 4847.,  82441., 1766368, 20220427143000)
 (4847., 4857., 4841., 4850.,  57215., 1763951, 20220427144500)
 (4850., 4875., 4849., 4864., 103828., 1752014, 20220427150000)]
2022-04-28 15:30:00  INFO  [(4860., 4865., 4843., 4849., 116448., 1766340, 20220427211500)
 (4848., 4851., 4820., 4824., 116139., 1775131, 20220427213000)
 (4824., 4839., 4815., 4819.,  81939., 1781431, 20220427214500)
 (4819., 4843., 4817., 4832.,  64357., 1781997, 20220427220000)
 (4832., 4835., 4822., 4825.,  39670., 1784813, 20220427221500)
 (4824., 4826., 4800., 4804., 115882., 1806713, 20220427223000)
 (4805., 4843., 4804., 4842.,  92688., 1791864, 20220427224500)
 (4841., 4862., 4838., 4842., 112286., 1769097, 20220427230000)
 (4848., 4865., 4842., 4861.,  77367., 1775502, 20220428091500)
 (4860., 4873., 4854., 4859.,  57392., 1776432, 20220428093000)
 (4859., 4860., 4846., 4850.,  39163., 1778019, 20220428094500)
 (4850., 4853., 4821., 4824.,  83260., 1772533, 20220428100000)
 (4825., 4834., 4814., 4815.,  81279., 1780520, 20220428101500)
 (4817., 4828., 4810., 4824.,  69515., 1788026, 20220428104500)
 (4824., 4831., 4815., 4816.,  39059., 1789165, 20220428110000)
 (4815., 4817., 4802., 4808.,  81662., 1805040, 20220428111500)
 (4808., 4826., 4800., 4817.,  85268., 1803164, 20220428113000)
 (4805., 4821., 4784., 4819., 140275., 1803759, 20220428134500)
 (4818., 4838., 4815., 4832., 108330., 1791300, 20220428140000)
 (4831., 4847., 4823., 4841.,  79151., 1780127, 20220428141500)
 (4841., 4843., 4832., 4840.,  40078., 1776335, 20220428143000)
 (4840., 4857., 4834., 4856.,  82101., 1760616, 20220428144500)
 (4856., 4865., 4848., 4850.,  89586., 1745874, 20220428150000)]
2022-04-29 15:30:00  INFO  [(4850., 4857., 4836., 4841., 101562., 1738435, 20220428211500)
 (4842., 4846., 4821., 4831.,  79729., 1737851, 20220428213000)
 (4831., 4832., 4817., 4824.,  52079., 1740822, 20220428214500)
 (4824., 4828., 4817., 4819.,  33163., 1745179, 20220428220000)
 (4819., 4838., 4815., 4837.,  60873., 1743276, 20220428221500)
 (4836., 4837., 4809., 4820.,  79371., 1741566, 20220428223000)
 (4820., 4839., 4819., 4834.,  48957., 1734738, 20220428224500)
 (4833., 4838., 4818., 4820.,  42627., 1727415, 20220428230000)
 (4821., 4834., 4813., 4830.,  61878., 1733532, 20220429091500)
 (4829., 4847., 4826., 4844.,  53195., 1734655, 20220429093000)
 (4843., 4846., 4831., 4832.,  26132., 1733801, 20220429094500)
 (4833., 4835., 4822., 4823.,  34001., 1733792, 20220429100000)
 (4824., 4845., 4822., 4840.,  54910., 1730157, 20220429101500)
 (4842., 4843., 4832., 4840.,  35811., 1730671, 20220429104500)
 (4841., 4850., 4836., 4847.,  40026., 1730127, 20220429110000)
 (4846., 4855., 4843., 4853.,  49170., 1721895, 20220429111500)
 (4853., 4854., 4838., 4843.,  36708., 1718857, 20220429113000)
 (4874., 4917., 4874., 4898., 274390., 1705476, 20220429134500)
 (4897., 4926., 4896., 4911., 160953., 1716025, 20220429140000)
 (4910., 4912., 4895., 4910.,  78744., 1714862, 20220429141500)
 (4909., 4918., 4900., 4914.,  53036., 1712872, 20220429143000)
 (4914., 4918., 4897., 4908.,  55627., 1702581, 20220429144500)
 (4908., 4913., 4901., 4910.,  81009., 1687884, 20220429150000)]
2022-05-05 15:30:00  INFO  [(4846., 4855., 4843., 4853.,  49170., 1721895, 20220429111500)
 (4853., 4854., 4838., 4843.,  36708., 1718857, 20220429113000)
 (4874., 4917., 4874., 4898., 274390., 1705476, 20220429134500)
 (4897., 4926., 4896., 4911., 160953., 1716025, 20220429140000)
 (4910., 4912., 4895., 4910.,  78744., 1714862, 20220429141500)
 (4909., 4918., 4900., 4914.,  53036., 1712872, 20220429143000)
 (4914., 4918., 4897., 4908.,  55627., 1702581, 20220429144500)
 (4908., 4913., 4901., 4910.,  81009., 1687884, 20220429150000)
 (4930., 4944., 4891., 4903., 196421., 1690705, 20220505091500)
 (4904., 4908., 4877., 4897., 115131., 1696775, 20220505093000)
 (4898., 4904., 4883., 4887.,  52497., 1693348, 20220505094500)
 (4887., 4895., 4875., 4880.,  44476., 1697398, 20220505100000)
 (4878., 4892., 4875., 4875.,  49873., 1698925, 20220505101500)
 (4875., 4904., 4866., 4904.,  80240., 1703622, 20220505104500)
 (4903., 4928., 4897., 4925., 111008., 1686451, 20220505110000)
 (4926., 4933., 4918., 4933.,  61058., 1685266, 20220505111500)
 (4933., 4945., 4916., 4938.,  63376., 1683923, 20220505113000)
 (4934., 4953., 4923., 4927., 108759., 1681284, 20220505134500)
 (4926., 4936., 4926., 4934.,  39502., 1677224, 20220505140000)
 (4933., 4944., 4925., 4941.,  36452., 1678152, 20220505141500)
 (4942., 4946., 4931., 4932.,  35141., 1676388, 20220505143000)
 (4933., 4941., 4920., 4922.,  49312., 1678252, 20220505144500)
 (4922., 4930., 4918., 4923.,  52788., 1671713, 20220505150000)]
2022-05-06 15:30:00  INFO  [(4923., 4932., 4910., 4922., 133551., 1700969, 20220505211500)
 (4921., 4931., 4915., 4917.,  82616., 1715224, 20220505213000)
 (4917., 4921., 4907., 4914.,  49382., 1717516, 20220505214500)
 (4914., 4915., 4894., 4899.,  69090., 1720899, 20220505220000)
 (4899., 4902., 4877., 4879.,  94553., 1742401, 20220505221500)
 (4879., 4892., 4877., 4886.,  63318., 1750006, 20220505223000)
 (4886., 4898., 4877., 4880.,  47844., 1751099, 20220505224500)
 (4880., 4885., 4842., 4848., 139276., 1756643, 20220505230000)
 (4847., 4848., 4825., 4836., 131134., 1761953, 20220506091500)
 (4836., 4853., 4835., 4841.,  65802., 1759385, 20220506093000)
 (4841., 4849., 4821., 4826.,  69644., 1773077, 20220506094500)
 (4826., 4852., 4820., 4851.,  84922., 1784322, 20220506100000)
 (4850., 4862., 4846., 4852.,  67874., 1787401, 20220506101500)
 (4853., 4860., 4836., 4841.,  46271., 1794238, 20220506104500)
 (4840., 4851., 4832., 4849.,  30766., 1796514, 20220506110000)
 (4848., 4854., 4833., 4835.,  38324., 1798141, 20220506111500)
 (4835., 4842., 4824., 4829.,  51972., 1805421, 20220506113000)
 (4830., 4838., 4813., 4814.,  92766., 1820282, 20220506134500)
 (4814., 4818., 4784., 4787., 186686., 1854602, 20220506140000)
 (4788., 4794., 4773., 4777., 110314., 1865918, 20220506141500)
 (4777., 4786., 4760., 4765.,  94084., 1872946, 20220506143000)
 (4765., 4767., 4750., 4754.,  97070., 1889207, 20220506144500)
 (4754., 4762., 4726., 4734., 187493., 1888415, 20220506150000)]
2022-05-09 15:30:00  INFO  [(4734., 4749., 4711., 4715., 176153., 1898197, 20220506211500)
 (4716., 4735., 4697., 4728., 141577., 1902870, 20220506213000)
 (4729., 4735., 4705., 4709.,  74545., 1910096, 20220506214500)
 (4709., 4722., 4703., 4705.,  56280., 1910280, 20220506220000)
 (4705., 4722., 4701., 4711.,  58808., 1913522, 20220506221500)
 (4710., 4720., 4704., 4707.,  38498., 1912590, 20220506223000)
 (4708., 4712., 4688., 4698.,  77640., 1915902, 20220506224500)
 (4697., 4715., 4684., 4707.,  88950., 1908084, 20220506230000)
 (4700., 4700., 4623., 4630., 312393., 1920296, 20220509091500)
 (4631., 4652., 4626., 4639., 101589., 1920188, 20220509093000)
 (4639., 4657., 4632., 4654.,  59472., 1919869, 20220509094500)
 (4654., 4675., 4652., 4662.,  84897., 1916411, 20220509100000)
 (4663., 4686., 4658., 4660.,  93628., 1911695, 20220509101500)
 (4658., 4686., 4651., 4672.,  90613., 1922676, 20220509104500)
 (4673., 4703., 4672., 4687.,  98757., 1919884, 20220509110000)
 (4686., 4689., 4661., 4662.,  62695., 1923704, 20220509111500)
 (4662., 4680., 4655., 4677.,  58894., 1928704, 20220509113000)
 (4670., 4678., 4652., 4657.,  76911., 1930897, 20220509134500)
 (4658., 4663., 4643., 4649.,  47990., 1933465, 20220509140000)
 (4649., 4658., 4643., 4651.,  37317., 1935497, 20220509141500)
 (4650., 4673., 4639., 4668.,  61393., 1932441, 20220509143000)
 (4669., 4670., 4654., 4661.,  45225., 1932123, 20220509144500)
 (4661., 4670., 4651., 4654.,  60437., 1923461, 20220509150000)]
2022-05-10 15:30:00  INFO  [(4630., 4657., 4613., 4654., 147828., 1926727, 20220509211500)
 (4654., 4656., 4634., 4634.,  53205., 1933237, 20220509213000)
 (4634., 4646., 4616., 4623.,  91959., 1942938, 20220509214500)
 (4622., 4627., 4610., 4617.,  79380., 1950218, 20220509220000)
 (4618., 4638., 4616., 4625.,  63398., 1945549, 20220509221500)
 (4625., 4630., 4611., 4617.,  64921., 1953077, 20220509223000)
 (4618., 4621., 4605., 4608.,  67681., 1961081, 20220509224500)
 (4608., 4617., 4570., 4593., 152145., 1950661, 20220509230000)
 (4588., 4602., 4555., 4559., 176521., 1948437, 20220510091500)
 (4561., 4569., 4555., 4561.,  86355., 1959382, 20220510093000)
 (4561., 4563., 4531., 4558., 121555., 1963831, 20220510094500)
 (4558., 4575., 4545., 4546.,  84893., 1967840, 20220510100000)
 (4547., 4595., 4547., 4580., 118862., 1972525, 20220510101500)
 (4591., 4607., 4581., 4592., 102111., 1970506, 20220510104500)
 (4591., 4594., 4572., 4573.,  55002., 1975080, 20220510110000)
 (4573., 4589., 4572., 4580.,  39159., 1979467, 20220510111500)
 (4581., 4583., 4554., 4563.,  60137., 1976190, 20220510113000)
 (4590., 4598., 4575., 4577., 106131., 1979067, 20220510134500)
 (4576., 4585., 4556., 4562.,  64816., 1986770, 20220510140000)
 (4561., 4576., 4559., 4570.,  42417., 1991639, 20220510141500)
 (4570., 4573., 4558., 4561.,  36594., 1992734, 20220510143000)
 (4560., 4580., 4551., 4578.,  71120., 1988526, 20220510144500)
 (4579., 4612., 4576., 4607., 137824., 1975489, 20220510150000)]
2022-05-11 15:30:00  INFO  [(4614., 4635., 4614., 4627., 161291., 1970177, 20220510211500)
 (4627., 4630., 4611., 4627.,  59163., 1972338, 20220510213000)
 (4627., 4636., 4623., 4634.,  60711., 1971409, 20220510214500)
 (4633., 4644., 4628., 4634.,  76406., 1972035, 20220510220000)
 (4635., 4635., 4624., 4629.,  35199., 1972459, 20220510221500)
 (4629., 4632., 4622., 4629.,  30717., 1968394, 20220510223000)
 (4628., 4637., 4623., 4624.,  26030., 1967141, 20220510224500)
 (4624., 4630., 4615., 4624.,  40068., 1964793, 20220510230000)
 (4615., 4650., 4614., 4649., 121773., 1965420, 20220511091500)
 (4649., 4658., 4644., 4657.,  76460., 1970858, 20220511093000)
 (4657., 4669., 4653., 4669.,  65605., 1970795, 20220511094500)
 (4668., 4686., 4664., 4683., 121908., 1953173, 20220511100000)
 (4684., 4687., 4676., 4677.,  57709., 1950924, 20220511101500)
 (4677., 4682., 4664., 4668.,  57745., 1949109, 20220511104500)
 (4668., 4682., 4666., 4680.,  32485., 1950949, 20220511110000)
 (4680., 4680., 4662., 4674.,  46162., 1952040, 20220511111500)
 (4674., 4690., 4674., 4689.,  56349., 1946739, 20220511113000)
 (4699., 4714., 4686., 4690., 151531., 1941220, 20220511134500)
 (4689., 4700., 4684., 4688.,  52425., 1946734, 20220511140000)
 (4687., 4691., 4678., 4681.,  45606., 1946545, 20220511141500)
 (4680., 4691., 4668., 4676.,  58093., 1944257, 20220511143000)
 (4676., 4684., 4665., 4674.,  51910., 1943131, 20220511144500)
 (4673., 4682., 4669., 4681.,  55556., 1932947, 20220511150000)]
2022-05-12 15:30:00  INFO  [(4670., 4684., 4643., 4683., 168242., 1932254, 20220511211500)
 (4683., 4687., 4673., 4682.,  49080., 1935687, 20220511213000)
 (4682., 4702., 4679., 4702.,  69133., 1927837, 20220511214500)
 (4702., 4706., 4691., 4698.,  57176., 1923654, 20220511220000)
 (4696., 4701., 4690., 4694.,  38022., 1922596, 20220511221500)
 (4694., 4703., 4691., 4700.,  38227., 1918875, 20220511223000)
 (4701., 4731., 4698., 4723., 120852., 1901377, 20220511224500)
 (4724., 4728., 4717., 4725.,  51782., 1895142, 20220511230000)
 (4720., 4720., 4675., 4683., 143473., 1893265, 20220512091500)
 (4684., 4687., 4672., 4680.,  56828., 1890579, 20220512093000)
 (4680., 4685., 4670., 4671.,  52220., 1889440, 20220512094500)
 (4671., 4693., 4670., 4672.,  52133., 1890595, 20220512100000)
 (4672., 4677., 4662., 4669.,  58767., 1895135, 20220512101500)
 (4668., 4670., 4652., 4655.,  62727., 1905984, 20220512104500)
 (4655., 4662., 4633., 4634.,  98371., 1918536, 20220512110000)
 (4634., 4655., 4632., 4636.,  75210., 1917873, 20220512111500)
 (4636., 4639., 4612., 4636.,  99410., 1923279, 20220512113000)
 (4630., 4634., 4585., 4598., 195106., 1935040, 20220512134500)
 (4598., 4643., 4594., 4633., 126870., 1933426, 20220512140000)
 (4632., 4636., 4602., 4603.,  79092., 1935092, 20220512141500)
 (4604., 4618., 4598., 4606.,  72713., 1941577, 20220512143000)
 (4606., 4626., 4599., 4622.,  58710., 1938555, 20220512144500)
 (4622., 4623., 4603., 4612.,  75511., 1933319, 20220512150000)]
2022-05-13 15:30:00  INFO  [(4585., 4585., 4555., 4583., 215983., 1944231, 20220512211500)
 (4582., 4598., 4573., 4587.,  88804., 1944329, 20220512213000)
 (4587., 4592., 4576., 4586.,  46562., 1943986, 20220512214500)
 (4585., 4587., 4574., 4580.,  38969., 1943123, 20220512220000)
 (4581., 4592., 4569., 4590.,  55487., 1941966, 20220512221500)
 (4590., 4609., 4585., 4599.,  77718., 1938620, 20220512223000)
 (4599., 4605., 4583., 4591.,  42141., 1938820, 20220512224500)
 (4591., 4608., 4591., 4596.,  41900., 1933979, 20220512230000)
 (4600., 4629., 4600., 4626.,  91789., 1930705, 20220513091500)
 (4625., 4633., 4619., 4632.,  52188., 1929476, 20220513093000)
 (4632., 4634., 4615., 4616.,  42535., 1930662, 20220513094500)
 (4616., 4630., 4615., 4618.,  30283., 1932226, 20220513100000)
 (4618., 4628., 4605., 4609.,  48442., 1934308, 20220513101500)
 (4609., 4625., 4607., 4608.,  42708., 1935427, 20220513104500)
 (4608., 4611., 4573., 4574.,  95176., 1941142, 20220513110000)
 (4573., 4603., 4573., 4592.,  70241., 1938516, 20220513111500)
 (4592., 4625., 4589., 4621.,  66230., 1933871, 20220513113000)
 (4622., 4655., 4616., 4643., 160560., 1928159, 20220513134500)
 (4643., 4650., 4634., 4648.,  54891., 1926434, 20220513140000)
 (4648., 4670., 4648., 4663.,  93790., 1917458, 20220513141500)
 (4663., 4674., 4656., 4668.,  64783., 1918905, 20220513143000)
 (4669., 4690., 4666., 4685., 107598., 1909969, 20220513144500)
 (4685., 4688., 4669., 4670.,  82436., 1903090, 20220513150000)]
2022-05-16 15:30:00  INFO  [(4666., 4690., 4656., 4658., 136283., 1913569, 20220513211500)
 (4660., 4663., 4648., 4660.,  66436., 1917121, 20220513213000)
 (4660., 4665., 4648., 4650.,  43654., 1917390, 20220513214500)
 (4649., 4666., 4644., 4663.,  44928., 1917021, 20220513220000)
 (4664., 4683., 4664., 4673.,  57246., 1911347, 20220513221500)
 (4674., 4687., 4671., 4684.,  45342., 1910058, 20220513223000)
 (4684., 4686., 4672., 4673.,  36129., 1907176, 20220513224500)
 (4672., 4674., 4652., 4673.,  79939., 1895272, 20220513230000)
 (4646., 4690., 4640., 4677., 185754., 1900017, 20220516091500)
 (4678., 4704., 4665., 4690., 123612., 1903016, 20220516093000)
 (4690., 4693., 4668., 4675.,  64828., 1906378, 20220516094500)
 (4675., 4681., 4654., 4654.,  73744., 1911906, 20220516100000)
 (4654., 4663., 4632., 4633., 128794., 1915673, 20220516101500)
 (4633., 4641., 4610., 4612., 132397., 1927074, 20220516104500)
 (4611., 4631., 4608., 4627.,  88481., 1937661, 20220516110000)
 (4627., 4630., 4598., 4598.,  93821., 1956663, 20220516111500)
 (4598., 4610., 4593., 4607.,  87040., 1967600, 20220516113000)
 (4610., 4628., 4610., 4621.,  92682., 1970007, 20220516134500)
 (4621., 4623., 4611., 4614.,  36062., 1975766, 20220516140000)
 (4614., 4617., 4603., 4604.,  44679., 1981417, 20220516141500)
 (4605., 4606., 4589., 4606.,  92480., 1993978, 20220516143000)
 (4606., 4634., 4605., 4621., 112940., 1983317, 20220516144500)
 (4621., 4680., 4620., 4679., 144909., 1949519, 20220516150000)]
2022-05-17 15:30:00  INFO  [(4680., 4688., 4656., 4660., 140927., 1952857, 20220516211500)
 (4660., 4674., 4660., 4674.,  44215., 1953637, 20220516213000)
 (4673., 4675., 4651., 4657.,  52470., 1956349, 20220516214500)
 (4658., 4672., 4655., 4672.,  34557., 1956725, 20220516220000)
 (4671., 4671., 4661., 4668.,  23980., 1957956, 20220516221500)
 (4669., 4675., 4665., 4669.,  32914., 1953007, 20220516223000)
 (4671., 4673., 4658., 4668.,  29775., 1951916, 20220516224500)
 (4668., 4684., 4663., 4666.,  69194., 1938233, 20220516230000)
 (4678., 4694., 4668., 4692., 106420., 1938671, 20220517091500)
 (4693., 4696., 4684., 4690.,  57721., 1932905, 20220517093000)
 (4690., 4692., 4667., 4673.,  61039., 1927204, 20220517094500)
 (4673., 4682., 4663., 4665.,  47381., 1932344, 20220517100000)
 (4665., 4687., 4663., 4685.,  50983., 1930106, 20220517101500)
 (4683., 4688., 4663., 4664.,  59700., 1928593, 20220517104500)
 (4665., 4669., 4655., 4669.,  60709., 1933377, 20220517110000)
 (4668., 4687., 4667., 4684.,  82280., 1929011, 20220517111500)
 (4685., 4685., 4635., 4641., 111016., 1929206, 20220517113000)
 (4639., 4652., 4632., 4646.,  96275., 1934583, 20220517134500)
 (4646., 4664., 4642., 4646.,  60578., 1935955, 20220517140000)
 (4647., 4662., 4643., 4655.,  40495., 1933467, 20220517141500)
 (4655., 4659., 4643., 4645.,  33761., 1933774, 20220517143000)
 (4646., 4668., 4640., 4657.,  69259., 1928665, 20220517144500)
 (4656., 4663., 4646., 4650.,  53807., 1922217, 20220517150000)]
2022-05-18 15:30:00  INFO  [(4660., 4666., 4629., 4638., 151851., 1928073, 20220517211500)
 (4638., 4644., 4623., 4624.,  97575., 1943337, 20220517213000)
 (4624., 4638., 4620., 4632.,  69247., 1947677, 20220517214500)
 (4631., 4632., 4615., 4618.,  65738., 1958308, 20220517220000)
 (4618., 4631., 4616., 4619.,  52433., 1961109, 20220517221500)
 (4620., 4634., 4615., 4617.,  64168., 1961890, 20220517223000)
 (4618., 4628., 4616., 4620.,  30648., 1963689, 20220517224500)
 (4620., 4627., 4611., 4624.,  57084., 1956902, 20220517230000)
 (4625., 4632., 4615., 4618.,  64528., 1961410, 20220518091500)
 (4617., 4620., 4600., 4607., 110029., 1982641, 20220518093000)
 (4608., 4608., 4590., 4593.,  84627., 2001277, 20220518094500)
 (4593., 4598., 4582., 4588.,  87980., 2018594, 20220518100000)
 (4588., 4597., 4581., 4589.,  55206., 2024753, 20220518101500)
 (4590., 4605., 4580., 4603.,  74310., 2031131, 20220518104500)
 (4603., 4614., 4595., 4599.,  80898., 2025675, 20220518110000)
 (4599., 4604., 4590., 4594.,  38178., 2029808, 20220518111500)
 (4594., 4594., 4571., 4575.,  93090., 2041334, 20220518113000)
 (4586., 4593., 4568., 4573., 100677., 2055059, 20220518134500)
 (4573., 4588., 4572., 4588.,  52208., 2058304, 20220518140000)
 (4588., 4599., 4578., 4581.,  72298., 2054306, 20220518141500)
 (4582., 4583., 4561., 4563.,  88453., 2069536, 20220518143000)
 (4562., 4567., 4543., 4547., 143062., 2103273, 20220518144500)
 (4546., 4557., 4531., 4532., 147712., 2114881, 20220518150000)]
2022-05-19 15:30:00  INFO  [(4525., 4530., 4502., 4505., 222641., 2137202, 20220518211500)
 (4505., 4510., 4491., 4497., 119489., 2153454, 20220518213000)
 (4497., 4513., 4495., 4501.,  79838., 2153824, 20220518214500)
 (4500., 4514., 4499., 4499.,  57429., 2154230, 20220518220000)
 (4499., 4510., 4497., 4507.,  42958., 2151275, 20220518221500)
 (4506., 4509., 4501., 4503.,  35016., 2152594, 20220518223000)
 (4504., 4507., 4490., 4496.,  61901., 2155927, 20220518224500)
 (4496., 4505., 4492., 4494.,  45174., 2147954, 20220518230000)
 (4484., 4489., 4461., 4477., 180227., 2153110, 20220519091500)
 (4478., 4488., 4469., 4473.,  67881., 2164658, 20220519093000)
 (4473., 4486., 4469., 4483.,  50196., 2167938, 20220519094500)
 (4483., 4522., 4483., 4512., 145814., 2148180, 20220519100000)
 (4513., 4537., 4507., 4532., 105883., 2132496, 20220519101500)
 (4531., 4545., 4523., 4529.,  93133., 2122409, 20220519104500)
 (4529., 4538., 4521., 4527.,  44274., 2121177, 20220519110000)
 (4527., 4541., 4525., 4533.,  39880., 2118138, 20220519111500)
 (4532., 4555., 4532., 4539.,  93261., 2108570, 20220519113000)
 (4534., 4538., 4517., 4528., 100093., 2114133, 20220519134500)
 (4527., 4539., 4523., 4536.,  51731., 2113141, 20220519140000)
 (4537., 4563., 4535., 4563.,  94167., 2103975, 20220519141500)
 (4563., 4585., 4562., 4582., 155945., 2084494, 20220519143000)
 (4581., 4582., 4570., 4574.,  83056., 2080372, 20220519144500)
 (4574., 4582., 4565., 4579.,  77244., 2065144, 20220519150000)]
2022-05-20 15:30:00  INFO  [(4579., 4579., 4558., 4567., 153290., 2046006, 20220519211500)
 (4567., 4585., 4560., 4578.,  69735., 2045982, 20220519213000)
 (4579., 4596., 4575., 4592.,  74842., 2044002, 20220519214500)
 (4592., 4593., 4577., 4580.,  49798., 2039846, 20220519220000)
 (4579., 4582., 4570., 4577.,  50791., 2037092, 20220519221500)
 (4575., 4587., 4575., 4583.,  35454., 2038388, 20220519223000)
 (4584., 4594., 4582., 4594.,  30375., 2035858, 20220519224500)
 (4594., 4595., 4582., 4591.,  47365., 2027199, 20220519230000)
 (4595., 4628., 4594., 4621., 167562., 2008635, 20220520091500)
 (4621., 4650., 4615., 4643., 150499., 1996579, 20220520093000)
 (4643., 4646., 4635., 4639.,  65194., 1992365, 20220520094500)
 (4639., 4649., 4635., 4645.,  63424., 1988976, 20220520100000)
 (4644., 4646., 4616., 4619.,  84541., 1985366, 20220520101500)
 (4618., 4629., 4615., 4625.,  52097., 1985350, 20220520104500)
 (4624., 4634., 4621., 4632.,  35685., 1979235, 20220520110000)
 (4631., 4638., 4611., 4619.,  60938., 1982174, 20220520111500)
 (4618., 4633., 4615., 4623.,  46724., 1980573, 20220520113000)
 (4628., 4642., 4625., 4636.,  52876., 1980533, 20220520134500)
 (4637., 4638., 4621., 4622.,  37408., 1981865, 20220520140000)
 (4623., 4634., 4619., 4623.,  37794., 1986311, 20220520141500)
 (4622., 4634., 4621., 4628.,  37096., 1983503, 20220520143000)
 (4627., 4636., 4615., 4634.,  53479., 1979544, 20220520144500)
 (4634., 4643., 4630., 4638.,  76571., 1968756, 20220520150000)]
2022-05-23 15:30:00  INFO  [(4629., 4677., 4627., 4667., 222368., 1951287, 20220520211500)
 (4667., 4680., 4666., 4670.,  90847., 1948492, 20220520213000)
 (4670., 4676., 4666., 4670.,  39001., 1946314, 20220520214500)
 (4670., 4677., 4665., 4676.,  44296., 1944072, 20220520220000)
 (4677., 4685., 4667., 4670.,  52839., 1942314, 20220520221500)
 (4670., 4673., 4659., 4661.,  39489., 1938972, 20220520223000)
 (4661., 4666., 4642., 4646.,  80275., 1934358, 20220520224500)
 (4645., 4651., 4615., 4616., 111909., 1927070, 20220520230000)
 (4670., 4700., 4650., 4651., 316092., 1914308, 20220523091500)
 (4651., 4655., 4630., 4649., 111857., 1923856, 20220523093000)
 (4648., 4650., 4635., 4640.,  47682., 1929206, 20220523094500)
 (4640., 4653., 4625., 4630.,  62889., 1930269, 20220523100000)
 (4630., 4635., 4621., 4627.,  65241., 1936356, 20220523101500)
 (4627., 4645., 4625., 4627.,  52014., 1938077, 20220523104500)
 (4628., 4634., 4619., 4631.,  43933., 1944069, 20220523110000)
 (4632., 4642., 4623., 4636.,  36020., 1943315, 20220523111500)
 (4635., 4637., 4592., 4592., 132003., 1960635, 20220523113000)
 (4595., 4604., 4584., 4592., 129851., 1989379, 20220523134500)
 (4591., 4609., 4589., 4598.,  55328., 1994855, 20220523140000)
 (4598., 4600., 4573., 4575.,  80756., 2002454, 20220523141500)
 (4576., 4583., 4567., 4575.,  91803., 2009482, 20220523143000)
 (4575., 4623., 4572., 4621., 128931., 1989164, 20220523144500)
 (4620., 4630., 4604., 4604., 118798., 1976149, 20220523150000)]
2022-05-24 15:30:00  INFO  [(4620., 4621., 4600., 4605., 131095., 1978607, 20220523211500)
 (4605., 4611., 4596., 4598.,  56295., 1988601, 20220523213000)
 (4599., 4616., 4595., 4598.,  57981., 1993648, 20220523214500)
 (4598., 4604., 4588., 4591.,  53607., 1995714, 20220523220000)
 (4591., 4598., 4582., 4592.,  48812., 1997694, 20220523221500)
 (4592., 4615., 4588., 4610.,  64872., 1992948, 20220523223000)
 (4610., 4613., 4589., 4594.,  45575., 1991463, 20220523224500)
 (4594., 4598., 4574., 4587.,  60483., 1986674, 20220523230000)
 (4589., 4595., 4572., 4580.,  77997., 1995658, 20220524091500)
 (4581., 4596., 4577., 4581.,  51664., 1995915, 20220524093000)
 (4581., 4592., 4576., 4587.,  31782., 1997737, 20220524094500)
 (4587., 4590., 4558., 4561.,  68708., 2003148, 20220524100000)
 (4562., 4569., 4556., 4568.,  66968., 2009456, 20220524101500)
 (4568., 4591., 4558., 4576.,  90681., 2009378, 20220524104500)
 (4576., 4578., 4558., 4559.,  64315., 2015771, 20220524110000)
 (4559., 4567., 4555., 4565.,  48435., 2020842, 20220524111500)
 (4566., 4570., 4545., 4549.,  94508., 2030684, 20220524113000)
 (4545., 4546., 4509., 4513., 189245., 2067882, 20220524134500)
 (4514., 4526., 4512., 4516.,  86991., 2076067, 20220524140000)
 (4516., 4527., 4504., 4514.,  96823., 2081162, 20220524141500)
 (4514., 4522., 4503., 4508.,  63573., 2084054, 20220524143000)
 (4508., 4512., 4483., 4488., 145071., 2100021, 20220524144500)
 (4488., 4491., 4456., 4468., 174915., 2104086, 20220524150000)]
2022-05-25 15:30:00  INFO  [(4468., 4479., 4444., 4473., 228501., 2113246, 20220524211500)
 (4473., 4487., 4463., 4469.,  86952., 2113945, 20220524213000)
 (4469., 4482., 4463., 4482.,  59755., 2117907, 20220524214500)
 (4482., 4503., 4478., 4490., 110857., 2106521, 20220524220000)
 (4489., 4491., 4473., 4479.,  62284., 2106634, 20220524221500)
 (4479., 4491., 4474., 4487.,  40491., 2106192, 20220524223000)
 (4487., 4491., 4478., 4487.,  29302., 2105046, 20220524224500)
 (4487., 4502., 4484., 4501.,  65088., 2094675, 20220524230000)
 (4506., 4525., 4505., 4515., 143038., 2083654, 20220525091500)
 (4515., 4521., 4506., 4520.,  52644., 2082383, 20220525093000)
 (4520., 4521., 4512., 4516.,  38715., 2079110, 20220525094500)
 (4517., 4541., 4513., 4533., 102694., 2059123, 20220525100000)
 (4534., 4544., 4528., 4539.,  60466., 2056230, 20220525101500)
 (4538., 4547., 4523., 4525.,  81928., 2049727, 20220525104500)
 (4525., 4529., 4503., 4508., 108492., 2056017, 20220525110000)
 (4509., 4515., 4505., 4513.,  59778., 2061112, 20220525111500)
 (4514., 4514., 4481., 4486., 114708., 2068977, 20220525113000)
 (4482., 4497., 4474., 4478., 108022., 2075220, 20220525134500)
 (4478., 4483., 4460., 4463.,  88758., 2089946, 20220525140000)
 (4463., 4474., 4460., 4467.,  77200., 2098987, 20220525141500)
 (4467., 4477., 4458., 4458.,  53906., 2102818, 20220525143000)
 (4458., 4507., 4458., 4505., 147591., 2086773, 20220525144500)
 (4505., 4549., 4501., 4541., 235841., 2040853, 20220525150000)]
2022-05-26 15:30:00  INFO  [(4500., 4516., 4444., 4446., 387479., 2117710, 20220525211500)
 (4447., 4455., 4427., 4453., 231110., 2155765, 20220525213000)
 (4454., 4483., 4448., 4482., 168883., 2134038, 20220525214500)
 (4482., 4484., 4460., 4482., 119491., 2133172, 20220525220000)
 (4481., 4483., 4464., 4474.,  61259., 2133954, 20220525221500)
 (4474., 4479., 4465., 4471.,  39151., 2132648, 20220525223000)
 (4471., 4478., 4456., 4466.,  66980., 2126931, 20220525224500)
 (4466., 4474., 4458., 4461.,  55230., 2119631, 20220525230000)
 (4467., 4496., 4459., 4487., 138978., 2114854, 20220526091500)
 (4488., 4494., 4453., 4463., 122765., 2116555, 20220526093000)
 (4462., 4469., 4453., 4459.,  81768., 2121269, 20220526094500)
 (4458., 4466., 4436., 4437.,  92610., 2136556, 20220526100000)
 (4437., 4485., 4437., 4479.,  99460., 2125640, 20220526101500)
 (4485., 4492., 4470., 4475., 114615., 2116668, 20220526104500)
 (4476., 4483., 4472., 4483.,  38127., 2115988, 20220526110000)
 (4483., 4484., 4456., 4460.,  68149., 2121045, 20220526111500)
 (4459., 4498., 4453., 4498., 141932., 2103019, 20220526113000)
 (4497., 4519., 4486., 4488., 212747., 2105235, 20220526134500)
 (4489., 4496., 4476., 4485.,  81318., 2115144, 20220526140000)
 (4486., 4491., 4482., 4489.,  38235., 2117530, 20220526141500)
 (4489., 4501., 4487., 4496.,  53338., 2119906, 20220526143000)
 (4496., 4508., 4484., 4506.,  67126., 2120970, 20220526144500)
 (4507., 4520., 4498., 4505., 111091., 2113657, 20220526150000)]
2022-05-27 15:30:00  INFO  [(4510., 4528., 4503., 4517., 142036., 2116096, 20220526211500)
 (4517., 4555., 4517., 4540., 239485., 2074851, 20220526213000)
 (4539., 4545., 4534., 4542.,  57569., 2073171, 20220526214500)
 (4542., 4553., 4541., 4550.,  61636., 2067678, 20220526220000)
 (4551., 4561., 4538., 4544.,  97614., 2055271, 20220526221500)
 (4545., 4550., 4538., 4547.,  43619., 2054405, 20220526223000)
 (4548., 4560., 4546., 4556.,  57772., 2050383, 20220526224500)
 (4556., 4563., 4551., 4559.,  59845., 2038057, 20220526230000)
 (4562., 4580., 4554., 4579., 130880., 2029689, 20220527091500)
 (4580., 4596., 4571., 4581., 160408., 2006617, 20220527093000)
 (4581., 4588., 4574., 4586.,  46725., 2005837, 20220527094500)
 (4586., 4588., 4567., 4572.,  56391., 2007462, 20220527100000)
 (4572., 4591., 4572., 4590.,  55833., 2001575, 20220527101500)
 (4590., 4592., 4580., 4587.,  46893., 2000114, 20220527104500)
 (4587., 4596., 4578., 4585.,  56533., 1999278, 20220527110000)
 (4585., 4593., 4577., 4592.,  37518., 1999627, 20220527111500)
 (4592., 4604., 4588., 4594.,  87631., 1994345, 20220527113000)
 (4588., 4588., 4564., 4568., 145256., 2002593, 20220527134500)
 (4568., 4576., 4558., 4567.,  84500., 2011033, 20220527140000)
 (4566., 4574., 4545., 4547.,  96681., 2017016, 20220527141500)
 (4547., 4573., 4543., 4570.,  91774., 2012236, 20220527143000)
 (4570., 4585., 4564., 4568.,  70298., 2007281, 20220527144500)
 (4568., 4582., 4568., 4576.,  65661., 1994377, 20220527150000)]
2022-05-30 15:30:00  INFO  [(4588., 4620., 4580., 4619., 210623., 1976775, 20220527211500)
 (4618., 4624., 4607., 4610.,  73709., 1971924, 20220527213000)
 (4611., 4622., 4610., 4618.,  41178., 1972702, 20220527214500)
 (4618., 4629., 4617., 4627.,  52692., 1970904, 20220527220000)
 (4627., 4630., 4618., 4624.,  46320., 1967968, 20220527221500)
 (4624., 4640., 4620., 4638.,  70740., 1960907, 20220527223000)
 (4637., 4638., 4620., 4634.,  52095., 1952574, 20220527224500)
 (4633., 4639., 4621., 4634.,  57588., 1943338, 20220527230000)
 (4645., 4646., 4608., 4641., 220567., 1941161, 20220530091500)
 (4641., 4643., 4619., 4620.,  71227., 1934486, 20220530093000)
 (4620., 4631., 4618., 4626.,  35094., 1937426, 20220530094500)
 (4625., 4630., 4608., 4610.,  60588., 1943582, 20220530100000)
 (4610., 4629., 4608., 4615.,  61483., 1944408, 20220530101500)
 (4616., 4627., 4609., 4621.,  39316., 1945866, 20220530104500)
 (4621., 4624., 4608., 4613.,  39073., 1948944, 20220530110000)
 (4613., 4613., 4591., 4599., 128397., 1948385, 20220530111500)
 (4599., 4608., 4585., 4585.,  78824., 1947898, 20220530113000)
 (4587., 4611., 4587., 4605.,  83325., 1948680, 20220530134500)
 (4605., 4611., 4596., 4604.,  37432., 1950942, 20220530140000)
 (4603., 4617., 4595., 4614.,  52727., 1950910, 20220530141500)
 (4613., 4614., 4600., 4609.,  28814., 1950655, 20220530143000)
 (4608., 4617., 4598., 4602.,  42695., 1951828, 20220530144500)
 (4602., 4623., 4599., 4621.,  74243., 1941132, 20220530150000)]
2022-05-31 15:30:00  INFO  [(4621., 4632., 4604., 4607., 133045., 1939586, 20220530211500)
 (4607., 4621., 4606., 4614.,  43797., 1939794, 20220530213000)
 (4615., 4632., 4613., 4628.,  55138., 1939759, 20220530214500)
 (4629., 4657., 4625., 4656., 104483., 1936138, 20220530220000)
 (4655., 4666., 4643., 4660.,  95817., 1930258, 20220530221500)
 (4659., 4670., 4657., 4669.,  73954., 1923349, 20220530223000)
 (4668., 4674., 4658., 4668.,  73101., 1920646, 20220530224500)
 (4668., 4669., 4661., 4664.,  38226., 1918931, 20220530230000)
 (4665., 4678., 4658., 4676.,  93668., 1919768, 20220531091500)
 (4677., 4680., 4665., 4666.,  58028., 1917934, 20220531093000)
 (4667., 4670., 4656., 4662.,  47909., 1920533, 20220531094500)
 (4662., 4668., 4657., 4661.,  29903., 1920234, 20220531100000)
 (4661., 4671., 4646., 4663.,  78276., 1919092, 20220531101500)
 (4663., 4667., 4654., 4662.,  38320., 1917273, 20220531104500)
 (4662., 4663., 4651., 4658.,  26822., 1916549, 20220531110000)
 (4658., 4660., 4642., 4642.,  59780., 1917689, 20220531111500)
 (4642., 4653., 4638., 4650.,  53096., 1915447, 20220531113000)
 (4655., 4668., 4653., 4668.,  73035., 1914602, 20220531134500)
 (4667., 4669., 4660., 4661.,  38362., 1915792, 20220531140000)
 (4661., 4678., 4660., 4678.,  54148., 1910744, 20220531141500)
 (4678., 4683., 4666., 4672.,  75713., 1904623, 20220531143000)
 (4672., 4690., 4666., 4667., 111008., 1897938, 20220531144500)
 (4669., 4685., 4655., 4684., 106493., 1887003, 20220531150000)]
2022-06-01 15:30:00  INFO  [(4690., 4695., 4674., 4681., 146250., 1891386, 20220531211500)
 (4681., 4682., 4670., 4676.,  58182., 1899125, 20220531213000)
 (4677., 4679., 4670., 4672.,  33594., 1901918, 20220531214500)
 (4671., 4682., 4670., 4675.,  29089., 1903292, 20220531220000)
 (4675., 4682., 4665., 4681.,  55609., 1900474, 20220531221500)
 (4681., 4693., 4681., 4689.,  67831., 1898037, 20220531223000)
 (4689., 4694., 4683., 4685.,  41476., 1900140, 20220531224500)
 (4686., 4690., 4672., 4672.,  48492., 1889888, 20220531230000)
 (4670., 4674., 4654., 4665., 109053., 1893346, 20220601091500)
 (4665., 4678., 4663., 4670.,  39024., 1893522, 20220601093000)
 (4671., 4672., 4663., 4667.,  26583., 1895504, 20220601094500)
 (4667., 4680., 4666., 4678.,  36554., 1893474, 20220601100000)
 (4679., 4714., 4674., 4709., 134156., 1880147, 20220601101500)
 (4707., 4728., 4704., 4725., 146187., 1887355, 20220601104500)
 (4725., 4726., 4714., 4719.,  66227., 1880225, 20220601110000)
 (4719., 4722., 4712., 4721.,  34361., 1881273, 20220601111500)
 (4721., 4729., 4713., 4720.,  54898., 1882636, 20220601113000)
 (4717., 4719., 4704., 4712.,  83090., 1880975, 20220601134500)
 (4712., 4717., 4706., 4716.,  35679., 1881443, 20220601140000)
 (4717., 4723., 4712., 4712.,  42208., 1882241, 20220601141500)
 (4713., 4717., 4705., 4708.,  44168., 1881135, 20220601143000)
 (4708., 4718., 4706., 4717.,  30982., 1879209, 20220601144500)
 (4717., 4720., 4709., 4712.,  53386., 1871860, 20220601150000)]
2022-06-02 15:30:00  INFO  [(4713., 4723., 4701., 4703., 113776., 1873988, 20220601211500)
 (4703., 4713., 4699., 4705.,  58278., 1869648, 20220601213000)
 (4706., 4714., 4704., 4705.,  33608., 1864872, 20220601214500)
 (4706., 4713., 4697., 4711.,  42432., 1860103, 20220601220000)
 (4711., 4716., 4706., 4710.,  39261., 1856187, 20220601221500)
 (4710., 4711., 4704., 4704.,  16605., 1854704, 20220601223000)
 (4704., 4713., 4699., 4712.,  42166., 1847286, 20220601224500)
 (4713., 4719., 4708., 4709.,  52833., 1835586, 20220601230000)
 (4705., 4705., 4687., 4691., 127502., 1833055, 20220602091500)
 (4689., 4699., 4688., 4697.,  47171., 1835529, 20220602093000)
 (4697., 4713., 4695., 4704.,  55962., 1834573, 20220602094500)
 (4703., 4706., 4694., 4698.,  36001., 1833775, 20220602100000)
 (4698., 4698., 4690., 4690.,  33583., 1838820, 20220602101500)
 (4690., 4706., 4690., 4697.,  41312., 1836108, 20220602104500)
 (4697., 4702., 4692., 4695.,  20555., 1838000, 20220602110000)
 (4695., 4705., 4691., 4702.,  32374., 1837936, 20220602111500)
 (4703., 4739., 4701., 4731., 119724., 1835281, 20220602113000)
 (4731., 4745., 4726., 4744., 130240., 1836044, 20220602134500)
 (4744., 4772., 4739., 4770., 174043., 1828277, 20220602140000)
 (4772., 4779., 4765., 4779., 128679., 1823660, 20220602141500)
 (4779., 4791., 4772., 4790., 117760., 1827032, 20220602143000)
 (4790., 4794., 4781., 4783.,  87933., 1827902, 20220602144500)
 (4782., 4795., 4777., 4788., 126262., 1816719, 20220602150000)]
2022-06-06 15:30:00  INFO  [(4695., 4705., 4691., 4702.,  32374., 1837936, 20220602111500)
 (4703., 4739., 4701., 4731., 119724., 1835281, 20220602113000)
 (4731., 4745., 4726., 4744., 130240., 1836044, 20220602134500)
 (4744., 4772., 4739., 4770., 174043., 1828277, 20220602140000)
 (4772., 4779., 4765., 4779., 128679., 1823660, 20220602141500)
 (4779., 4791., 4772., 4790., 117760., 1827032, 20220602143000)
 (4790., 4794., 4781., 4783.,  87933., 1827902, 20220602144500)
 (4782., 4795., 4777., 4788., 126262., 1816719, 20220602150000)
 (4798., 4798., 4770., 4791., 191150., 1823094, 20220606091500)
 (4790., 4794., 4759., 4763.,  88143., 1817862, 20220606093000)
 (4763., 4773., 4760., 4768.,  54230., 1818886, 20220606094500)
 (4768., 4783., 4768., 4771.,  52491., 1815554, 20220606100000)
 (4772., 4781., 4768., 4775.,  35986., 1816818, 20220606101500)
 (4775., 4785., 4771., 4774.,  42168., 1821508, 20220606104500)
 (4774., 4781., 4771., 4774.,  24915., 1821402, 20220606110000)
 (4774., 4776., 4755., 4773.,  66100., 1819503, 20220606111500)
 (4772., 4794., 4771., 4789.,  62281., 1815973, 20220606113000)
 (4788., 4792., 4779., 4787.,  65559., 1819227, 20220606134500)
 (4787., 4788., 4775., 4787.,  37084., 1818251, 20220606140000)
 (4787., 4790., 4769., 4772.,  42887., 1813736, 20220606141500)
 (4774., 4778., 4765., 4770.,  52251., 1816661, 20220606143000)
 (4770., 4776., 4761., 4764.,  40548., 1812963, 20220606144500)
 (4764., 4767., 4738., 4750., 120296., 1800987, 20220606150000)]
2022-06-07 15:30:00  INFO  [(4750., 4774., 4748., 4768., 109031., 1802292, 20220606211500)
 (4768., 4768., 4757., 4766.,  34365., 1800818, 20220606213000)
 (4766., 4773., 4761., 4771.,  34737., 1798637, 20220606214500)
 (4771., 4772., 4762., 4766.,  21640., 1798446, 20220606220000)
 (4766., 4766., 4749., 4750.,  45019., 1801241, 20220606221500)
 (4750., 4764., 4749., 4763.,  29488., 1800143, 20220606223000)
 (4763., 4768., 4760., 4768.,  18625., 1800194, 20220606224500)
 (4767., 4770., 4754., 4762.,  34316., 1793060, 20220606230000)
 (4762., 4769., 4756., 4766.,  44603., 1797195, 20220607091500)
 (4767., 4783., 4767., 4778.,  67716., 1800580, 20220607093000)
 (4778., 4782., 4773., 4776.,  28372., 1803232, 20220607094500)
 (4776., 4782., 4765., 4767.,  32554., 1801007, 20220607100000)
 (4768., 4774., 4757., 4759.,  41346., 1801616, 20220607101500)
 (4760., 4766., 4757., 4758.,  36164., 1800203, 20220607104500)
 (4759., 4764., 4745., 4751.,  50432., 1802965, 20220607110000)
 (4751., 4757., 4742., 4743.,  44375., 1803437, 20220607111500)
 (4742., 4763., 4736., 4759., 105736., 1794309, 20220607113000)
 (4751., 4763., 4743., 4751.,  67708., 1794021, 20220607134500)
 (4752., 4753., 4726., 4727.,  88430., 1805280, 20220607140000)
 (4728., 4737., 4718., 4719.,  74127., 1808443, 20220607141500)
 (4719., 4732., 4717., 4730.,  69875., 1811899, 20220607143000)
 (4730., 4735., 4711., 4712.,  81851., 1813339, 20220607144500)
 (4713., 4722., 4711., 4719.,  74688., 1810732, 20220607150000)]
2022-06-08 15:30:00  INFO  [(4706., 4714., 4696., 4705., 141581., 1806992, 20220607211500)
 (4705., 4722., 4697., 4720.,  69469., 1805010, 20220607213000)
 (4721., 4727., 4714., 4719.,  56283., 1803434, 20220607214500)
 (4720., 4739., 4717., 4736.,  64026., 1805050, 20220607220000)
 (4735., 4738., 4728., 4733.,  36537., 1807576, 20220607221500)
 (4733., 4751., 4730., 4750.,  58452., 1807666, 20220607223000)
 (4750., 4758., 4744., 4751.,  54486., 1810692, 20220607224500)
 (4751., 4766., 4749., 4763.,  67319., 1802594, 20220607230000)
 (4763., 4769., 4751., 4763.,  75504., 1803522, 20220608091500)
 (4762., 4770., 4758., 4769.,  39462., 1806081, 20220608093000)
 (4769., 4770., 4760., 4761.,  40510., 1805006, 20220608094500)
 (4762., 4780., 4760., 4777.,  60518., 1808097, 20220608100000)
 (4778., 4783., 4768., 4771.,  56290., 1806065, 20220608101500)
 (4771., 4790., 4768., 4772.,  70926., 1805323, 20220608104500)
 (4773., 4773., 4757., 4762.,  55503., 1804635, 20220608110000)
 (4762., 4765., 4750., 4752.,  71651., 1807406, 20220608111500)
 (4752., 4796., 4747., 4755., 184342., 1802599, 20220608113000)
 (4757., 4785., 4754., 4784.,  98928., 1809615, 20220608134500)
 (4785., 4794., 4780., 4788.,  87973., 1828223, 20220608140000)
 (4787., 4807., 4784., 4800., 127585., 1829728, 20220608141500)
 (4799., 4801., 4785., 4792.,  55261., 1832168, 20220608143000)
 (4792., 4802., 4792., 4792.,  52154., 1835117, 20220608144500)
 (4793., 4795., 4780., 4795.,  81121., 1823787, 20220608150000)]
2022-06-09 15:30:00  INFO  [(4795., 4814., 4786., 4810., 132624., 1825173, 20220608211500)
 (4810., 4827., 4808., 4827.,  85254., 1833654, 20220608213000)
 (4827., 4827., 4818., 4819.,  43825., 1835583, 20220608214500)
 (4819., 4823., 4813., 4818.,  39158., 1835123, 20220608220000)
 (4817., 4824., 4808., 4810.,  35619., 1832568, 20220608221500)
 (4810., 4817., 4803., 4805.,  40089., 1830662, 20220608223000)
 (4806., 4812., 4802., 4805.,  35714., 1829203, 20220608224500)
 (4806., 4809., 4796., 4805.,  32143., 1823147, 20220608230000)
 (4807., 4814., 4788., 4804.,  74082., 1824013, 20220609091500)
 (4805., 4814., 4799., 4806.,  39671., 1822548, 20220609093000)
 (4807., 4809., 4790., 4791.,  38399., 1828110, 20220609094500)
 (4791., 4800., 4785., 4796.,  44001., 1825766, 20220609100000)
 (4796., 4800., 4782., 4788.,  46385., 1823752, 20220609101500)
 (4781., 4794., 4780., 4788.,  42615., 1820871, 20220609104500)
 (4788., 4799., 4776., 4799.,  49894., 1822032, 20220609110000)
 (4799., 4809., 4788., 4789.,  61003., 1825485, 20220609111500)
 (4789., 4791., 4772., 4774.,  88305., 1827822, 20220609113000)
 (4766., 4786., 4757., 4785., 177606., 1823144, 20220609134500)
 (4785., 4792., 4773., 4777.,  64415., 1827672, 20220609140000)
 (4778., 4787., 4774., 4774.,  45760., 1830259, 20220609141500)
 (4775., 4786., 4768., 4781.,  45509., 1830501, 20220609143000)
 (4780., 4791., 4771., 4789.,  54904., 1833426, 20220609144500)
 (4788., 4795., 4775., 4791., 106185., 1836549, 20220609150000)]
2022-06-10 15:30:00  INFO  [(4776., 4790., 4770., 4788., 127812., 1833674, 20220609211500)
 (4789., 4800., 4785., 4799.,  78222., 1833898, 20220609213000)
 (4799., 4806., 4791., 4798.,  63138., 1836688, 20220609214500)
 (4797., 4801., 4788., 4789.,  33359., 1837376, 20220609220000)
 (4789., 4793., 4780., 4781.,  51709., 1839705, 20220609221500)
 (4781., 4786., 4775., 4781.,  42320., 1844770, 20220609223000)
 (4781., 4789., 4776., 4782.,  31156., 1846961, 20220609224500)
 (4782., 4786., 4771., 4772.,  42309., 1841836, 20220609230000)
 (4768., 4768., 4751., 4752., 128595., 1848166, 20220610091500)
 (4753., 4761., 4741., 4744.,  78679., 1849353, 20220610093000)
 (4744., 4771., 4741., 4768.,  73796., 1850471, 20220610094500)
 (4767., 4772., 4752., 4755.,  53503., 1854539, 20220610100000)
 (4754., 4783., 4752., 4779.,  78697., 1856387, 20220610101500)
 (4782., 4785., 4774., 4780.,  41914., 1857637, 20220610104500)
 (4780., 4789., 4775., 4788.,  31900., 1859962, 20220610110000)
 (4788., 4800., 4784., 4800.,  78879., 1871317, 20220610111500)
 (4799., 4800., 4783., 4788.,  51415., 1870055, 20220610113000)
 (4787., 4791., 4775., 4780.,  52904., 1873308, 20220610134500)
 (4780., 4786., 4770., 4783.,  52176., 1874737, 20220610140000)
 (4783., 4798., 4774., 4798.,  51581., 1880252, 20220610141500)
 (4797., 4816., 4788., 4815., 112587., 1893096, 20220610143000)
 (4816., 4833., 4809., 4833., 150497., 1911029, 20220610144500)
 (4833., 4834., 4787., 4793., 187141., 1887652, 20220610150000)]
2022-06-13 15:30:00  INFO  [(4793., 4793., 4775., 4784., 152510., 1866641, 20220610211500)
 (4784., 4785., 4764., 4767.,  83412., 1864998, 20220610213000)
 (4767., 4772., 4760., 4769.,  76201., 1860875, 20220610214500)
 (4770., 4772., 4758., 4763.,  59343., 1855519, 20220610220000)
 (4763., 4768., 4755., 4756.,  43166., 1857428, 20220610221500)
 (4757., 4758., 4748., 4752.,  73591., 1856335, 20220610223000)
 (4752., 4754., 4726., 4729., 122662., 1845757, 20220610224500)
 (4729., 4753., 4726., 4735.,  91917., 1833983, 20220610230000)
 (4714., 4714., 4681., 4682., 268483., 1838237, 20220613091500)
 (4683., 4703., 4680., 4690., 108834., 1830641, 20220613093000)
 (4690., 4703., 4689., 4692.,  45175., 1833261, 20220613094500)
 (4692., 4705., 4688., 4692.,  45106., 1833623, 20220613100000)
 (4691., 4701., 4685., 4687.,  42025., 1831915, 20220613101500)
 (4686., 4693., 4674., 4676.,  82982., 1834707, 20220613104500)
 (4676., 4688., 4675., 4681.,  39210., 1837329, 20220613110000)
 (4681., 4685., 4671., 4674.,  42590., 1837025, 20220613111500)
 (4675., 4676., 4666., 4668.,  56921., 1836821, 20220613113000)
 (4668., 4674., 4660., 4663.,  76961., 1841331, 20220613134500)
 (4663., 4683., 4660., 4681.,  52235., 1845183, 20220613140000)
 (4680., 4685., 4674., 4679.,  40425., 1847075, 20220613141500)
 (4678., 4694., 4672., 4687.,  50137., 1844215, 20220613143000)
 (4688., 4693., 4682., 4689.,  32242., 1842380, 20220613144500)
 (4689., 4700., 4688., 4691.,  82648., 1829059, 20220613150000)]
2022-06-14 15:30:00  INFO  [(4680., 4700., 4679., 4697., 127758., 1815838, 20220613211500)
 (4696., 4705., 4688., 4701.,  52583., 1817755, 20220613213000)
 (4701., 4708., 4696., 4704.,  53388., 1815508, 20220613214500)
 (4704., 4726., 4703., 4723.,  93443., 1825087, 20220613220000)
 (4723., 4725., 4704., 4705.,  69240., 1827980, 20220613221500)
 (4706., 4710., 4688., 4689.,  65351., 1828090, 20220613223000)
 (4689., 4692., 4677., 4683.,  69122., 1825007, 20220613224500)
 (4682., 4685., 4672., 4674.,  51353., 1819746, 20220613230000)
 (4681., 4686., 4666., 4670.,  96657., 1821525, 20220614091500)
 (4670., 4683., 4666., 4677.,  37861., 1820463, 20220614093000)
 (4675., 4682., 4663., 4668.,  52271., 1820932, 20220614094500)
 (4668., 4669., 4650., 4651.,  78997., 1828021, 20220614100000)
 (4651., 4674., 4650., 4667.,  71782., 1827374, 20220614101500)
 (4667., 4667., 4651., 4655.,  48425., 1828066, 20220614104500)
 (4655., 4661., 4646., 4653.,  42186., 1827153, 20220614110000)
 (4653., 4653., 4624., 4626., 119043., 1820527, 20220614111500)
 (4626., 4639., 4613., 4622., 105098., 1809949, 20220614113000)
 (4631., 4638., 4611., 4613.,  93056., 1815704, 20220614134500)
 (4614., 4626., 4610., 4614.,  56988., 1819311, 20220614140000)
 (4615., 4633., 4614., 4629.,  61485., 1814188, 20220614141500)
 (4628., 4643., 4628., 4641.,  62923., 1809340, 20220614143000)
 (4641., 4648., 4636., 4645.,  71093., 1800244, 20220614144500)
 (4645., 4658., 4607., 4617., 151323., 1783474, 20220614150000)]
2022-06-15 15:30:00  INFO  [(4610., 4620., 4598., 4599., 158291., 1799970, 20220614211500)
 (4600., 4608., 4579., 4579., 126940., 1813760, 20220614213000)
 (4580., 4582., 4571., 4571.,  95350., 1809360, 20220614214500)
 (4572., 4587., 4572., 4580.,  69471., 1800710, 20220614220000)
 (4579., 4592., 4576., 4586.,  55462., 1801983, 20220614221500)
 (4586., 4595., 4579., 4579.,  61745., 1785826, 20220614223000)
 (4579., 4591., 4579., 4582.,  26735., 1785045, 20220614224500)
 (4582., 4595., 4582., 4584.,  44268., 1776423, 20220614230000)
 (4579., 4608., 4575., 4607., 108597., 1771844, 20220615091500)
 (4607., 4607., 4590., 4590.,  44616., 1772794, 20220615093000)
 (4591., 4609., 4590., 4605.,  41257., 1773963, 20220615094500)
 (4605., 4624., 4603., 4621.,  75097., 1767220, 20220615100000)
 (4620., 4629., 4591., 4624., 116283., 1767861, 20220615101500)
 (4624., 4634., 4620., 4629.,  78813., 1765934, 20220615104500)
 (4629., 4635., 4621., 4621.,  50067., 1770056, 20220615110000)
 (4621., 4627., 4611., 4612.,  60592., 1764781, 20220615111500)
 (4612., 4621., 4598., 4613.,  60930., 1764682, 20220615113000)
 (4618., 4624., 4600., 4621.,  77550., 1769898, 20220615134500)
 (4621., 4629., 4612., 4627.,  42915., 1770171, 20220615140000)
 (4626., 4627., 4588., 4589.,  95990., 1764624, 20220615141500)
 (4589., 4597., 4558., 4561., 166871., 1773981, 20220615143000)
 (4561., 4570., 4556., 4560.,  95503., 1773647, 20220615144500)
 (4559., 4565., 4544., 4547., 145927., 1776348, 20220615150000)]
2022-06-16 15:30:00  INFO  [(4555., 4579., 4555., 4570., 148084., 1770739, 20220615211500)
 (4570., 4578., 4569., 4570.,  43140., 1773666, 20220615213000)
 (4571., 4585., 4564., 4584.,  68711., 1770547, 20220615214500)
 (4583., 4588., 4578., 4583.,  43016., 1765843, 20220615220000)
 (4584., 4584., 4569., 4572.,  43011., 1766892, 20220615221500)
 (4572., 4584., 4569., 4579.,  28577., 1766753, 20220615223000)
 (4580., 4585., 4575., 4585.,  36444., 1770723, 20220615224500)
 (4586., 4587., 4573., 4584.,  44483., 1760745, 20220615230000)
 (4590., 4601., 4587., 4591., 118159., 1752831, 20220616091500)
 (4591., 4594., 4580., 4581.,  38630., 1755195, 20220616093000)
 (4581., 4583., 4558., 4564.,  96946., 1766377, 20220616094500)
 (4563., 4578., 4562., 4567.,  47483., 1762538, 20220616100000)
 (4565., 4573., 4562., 4565.,  40244., 1762657, 20220616101500)
 (4565., 4567., 4551., 4563.,  67205., 1770003, 20220616104500)
 (4563., 4571., 4547., 4548.,  63814., 1778933, 20220616110000)
 (4548., 4552., 4528., 4531., 115175., 1792639, 20220616111500)
 (4531., 4546., 4529., 4536.,  74310., 1794204, 20220616113000)
 (4535., 4541., 4511., 4513., 114586., 1805347, 20220616134500)
 (4513., 4517., 4505., 4508.,  92008., 1810014, 20220616140000)
 (4508., 4517., 4494., 4498., 127417., 1811379, 20220616141500)
 (4498., 4522., 4495., 4506.,  99180., 1807698, 20220616143000)
 (4506., 4508., 4498., 4500.,  55703., 1816987, 20220616144500)
 (4499., 4523., 4499., 4506.,  85804., 1806083, 20220616150000)]
2022-06-17 15:30:00  INFO  [(4489., 4489., 4446., 4457., 248787., 1837214, 20220616211500)
 (4456., 4462., 4406., 4411., 245496., 1866676, 20220616213000)
 (4412., 4419., 4385., 4391., 175968., 1889978, 20220616214500)
 (4391., 4398., 4366., 4378., 193180., 1901608, 20220616220000)
 (4379., 4411., 4373., 4402., 185938., 1882908, 20220616221500)
 (4402., 4436., 4400., 4434., 149342., 1858522, 20220616223000)
 (4433., 4443., 4421., 4423.,  98198., 1848628, 20220616224500)
 (4424., 4426., 4409., 4421.,  72532., 1839216, 20220616230000)
 (4421., 4442., 4415., 4440.,  92948., 1832927, 20220617091500)
 (4440., 4441., 4430., 4438.,  46366., 1832442, 20220617093000)
 (4437., 4450., 4435., 4446.,  74252., 1826107, 20220617094500)
 (4445., 4452., 4439., 4444.,  56262., 1825450, 20220617100000)
 (4445., 4448., 4422., 4430.,  68130., 1816771, 20220617101500)
 (4431., 4439., 4425., 4432.,  37017., 1814849, 20220617104500)
 (4433., 4438., 4427., 4428.,  27386., 1814704, 20220617110000)
 (4428., 4432., 4401., 4409.,  88311., 1819402, 20220617111500)
 (4410., 4418., 4399., 4407.,  62104., 1819837, 20220617113000)
 (4406., 4410., 4383., 4400., 127818., 1832750, 20220617134500)
 (4400., 4425., 4392., 4395.,  96122., 1835546, 20220617140000)
 (4395., 4398., 4385., 4387.,  67668., 1839847, 20220617141500)
 (4387., 4397., 4376., 4380.,  81259., 1844831, 20220617143000)
 (4380., 4393., 4373., 4375.,  66648., 1846256, 20220617144500)
 (4375., 4378., 4353., 4354., 171131., 1852034, 20220617150000)]
2022-06-20 15:30:00  INFO  [(4346., 4352., 4326., 4329., 219172., 1868020, 20220617211500)
 (4329., 4351., 4329., 4349.,  87168., 1868530, 20220617213000)
 (4349., 4365., 4345., 4357.,  87054., 1859558, 20220617214500)
 (4357., 4359., 4345., 4346.,  38648., 1857877, 20220617220000)
 (4346., 4352., 4339., 4350.,  45328., 1859896, 20220617221500)
 (4350., 4352., 4328., 4331.,  66707., 1863541, 20220617223000)
 (4330., 4337., 4315., 4318.,  85360., 1868861, 20220617224500)
 (4319., 4322., 4291., 4296., 127916., 1867016, 20220617230000)
 (4205., 4223., 4101., 4195., 459551., 1894835, 20220620091500)
 (4195., 4200., 4127., 4138., 312436., 1905351, 20220620093000)
 (4139., 4153., 4121., 4136., 164250., 1907103, 20220620094500)
 (4136., 4143., 4094., 4106., 156803., 1911710, 20220620100000)
 (4107., 4118., 4074., 4078., 134066., 1916581, 20220620101500)
 (4077., 4137., 4077., 4135., 188430., 1916517, 20220620104500)
 (4135., 4146., 4122., 4124.,  99852., 1913360, 20220620110000)
 (4125., 4129., 4106., 4118.,  69444., 1912578, 20220620111500)
 (4118., 4138., 4113., 4133.,  75702., 1909269, 20220620113000)
 (4121., 4155., 4113., 4154., 109930., 1912244, 20220620134500)
 (4154., 4185., 4144., 4174., 198059., 1911199, 20220620140000)
 (4174., 4174., 4124., 4128., 148111., 1917014, 20220620141500)
 (4128., 4145., 4108., 4116., 107146., 1922812, 20220620143000)
 (4116., 4151., 4091., 4134., 263420., 1932298, 20220620144500)
 (4132., 4162., 4127., 4149., 150745., 1921252, 20220620150000)]
2022-06-21 15:30:00  INFO  [(4145., 4152., 4123., 4138., 199820., 1905654, 20220620211500)
 (4138., 4162., 4138., 4145., 107269., 1900715, 20220620213000)
 (4145., 4150., 4129., 4134.,  78478., 1899918, 20220620214500)
 (4134., 4137., 4113., 4118.,  94449., 1902202, 20220620220000)
 (4117., 4132., 4104., 4108.,  74810., 1903735, 20220620221500)
 (4108., 4121., 4103., 4112.,  66845., 1904024, 20220620223000)
 (4112., 4166., 4111., 4156., 129056., 1900763, 20220620224500)
 (4157., 4170., 4149., 4155., 116840., 1897679, 20220620230000)
 (4165., 4203., 4165., 4200., 242393., 1887149, 20220621091500)
 (4200., 4234., 4194., 4226., 169185., 1886217, 20220621093000)
 (4225., 4232., 4217., 4226., 105188., 1882792, 20220621094500)
 (4226., 4252., 4226., 4242., 126869., 1875482, 20220621100000)
 (4243., 4256., 4221., 4226., 126168., 1871315, 20220621101500)
 (4227., 4229., 4212., 4217.,  87815., 1872043, 20220621104500)
 (4217., 4233., 4213., 4219.,  55808., 1874089, 20220621110000)
 (4219., 4225., 4194., 4205., 131381., 1872842, 20220621111500)
 (4205., 4227., 4196., 4226.,  81711., 1870142, 20220621113000)
 (4220., 4233., 4201., 4206., 100726., 1877861, 20220621134500)
 (4205., 4220., 4193., 4208.,  87586., 1885180, 20220621140000)
 (4208., 4219., 4203., 4215.,  62030., 1887050, 20220621141500)
 (4214., 4228., 4207., 4224.,  58805., 1891266, 20220621143000)
 (4225., 4234., 4218., 4222.,  72492., 1891037, 20220621144500)
 (4223., 4226., 4213., 4224.,  69198., 1882531, 20220621150000)]
2022-06-22 15:30:00  INFO  [(4226., 4251., 4225., 4227., 179879., 1882355, 20220621211500)
 (4227., 4236., 4221., 4229.,  78954., 1882833, 20220621213000)
 (4229., 4243., 4225., 4234.,  53870., 1882664, 20220621214500)
 (4234., 4238., 4226., 4229.,  36951., 1884518, 20220621220000)
 (4230., 4240., 4223., 4238.,  44339., 1883260, 20220621221500)
 (4238., 4242., 4232., 4235.,  37044., 1880087, 20220621223000)
 (4236., 4247., 4233., 4245.,  39809., 1879239, 20220621224500)
 (4244., 4261., 4211., 4219., 136058., 1869349, 20220621230000)
 (4215., 4215., 4180., 4197., 173078., 1868397, 20220622091500)
 (4197., 4206., 4194., 4197.,  58170., 1869041, 20220622093000)
 (4196., 4198., 4163., 4168., 165301., 1872708, 20220622094500)
 (4168., 4176., 4146., 4149., 116751., 1882643, 20220622100000)
 (4150., 4158., 4121., 4126., 141195., 1889277, 20220622101500)
 (4126., 4156., 4123., 4138., 129712., 1884338, 20220622104500)
 (4138., 4144., 4124., 4126.,  84280., 1893849, 20220622110000)
 (4127., 4137., 4110., 4115.,  95324., 1901688, 20220622111500)
 (4116., 4135., 4113., 4132.,  79370., 1904022, 20220622113000)
 (4143., 4168., 4130., 4149., 144022., 1904606, 20220622134500)
 (4149., 4156., 4134., 4136.,  60437., 1905542, 20220622140000)
 (4137., 4140., 4122., 4126.,  65303., 1904923, 20220622141500)
 (4125., 4132., 4114., 4122.,  66284., 1906309, 20220622143000)
 (4122., 4127., 4110., 4114.,  70823., 1908301, 20220622144500)
 (4114., 4141., 4092., 4128., 169880., 1899978, 20220622150000)]
2022-06-23 15:30:00  INFO  [(4147., 4155., 4130., 4138., 179524., 1899253, 20220622211500)
 (4139., 4168., 4139., 4165., 136300., 1898351, 20220622213000)
 (4165., 4180., 4147., 4153., 151492., 1894313, 20220622214500)
 (4155., 4162., 4151., 4159.,  53775., 1898061, 20220622220000)
 (4158., 4166., 4149., 4162.,  51201., 1896697, 20220622221500)
 (4162., 4166., 4152., 4158.,  32150., 1894748, 20220622223000)
 (4158., 4169., 4154., 4162.,  31518., 1893325, 20220622224500)
 (4162., 4183., 4160., 4174.,  69956., 1886327, 20220622230000)
 (4173., 4178., 4155., 4157.,  86377., 1885714, 20220623091500)
 (4157., 4162., 4143., 4147.,  72604., 1884609, 20220623093000)
 (4146., 4153., 4134., 4139.,  74150., 1888384, 20220623094500)
 (4139., 4154., 4138., 4149.,  63878., 1886010, 20220623100000)
 (4149., 4162., 4134., 4135.,  76350., 1888037, 20220623101500)
 (4133., 4136., 4115., 4120., 111749., 1891197, 20220623104500)
 (4120., 4144., 4120., 4125.,  79121., 1889404, 20220623110000)
 (4125., 4140., 4120., 4139.,  49233., 1893300, 20220623111500)
 (4139., 4189., 4130., 4183., 179301., 1895577, 20220623113000)
 (4202., 4235., 4202., 4216., 324819., 1896635, 20220623134500)
 (4218., 4225., 4192., 4225., 122327., 1898062, 20220623140000)
 (4224., 4247., 4217., 4246., 145571., 1903352, 20220623141500)
 (4245., 4249., 4223., 4224., 103524., 1896818, 20220623143000)
 (4225., 4240., 4222., 4228.,  62889., 1901177, 20220623144500)
 (4228., 4237., 4219., 4235.,  96561., 1896277, 20220623150000)]
2022-06-24 15:30:00  INFO  [(4260., 4275., 4236., 4250., 194125., 1905505, 20220623211500)
 (4249., 4261., 4244., 4258.,  90361., 1917059, 20220623213000)
 (4259., 4270., 4254., 4258.,  84958., 1918534, 20220623214500)
 (4258., 4259., 4232., 4243., 123863., 1923792, 20220623220000)
 (4242., 4245., 4230., 4230.,  64526., 1919175, 20220623221500)
 (4230., 4250., 4228., 4247.,  54572., 1922900, 20220623223000)
 (4247., 4251., 4233., 4236.,  47894., 1924962, 20220623224500)
 (4235., 4237., 4220., 4236.,  72447., 1918653, 20220623230000)
 (4234., 4237., 4213., 4234., 123833., 1919995, 20220624091500)
 (4235., 4243., 4223., 4234.,  80755., 1920336, 20220624093000)
 (4234., 4239., 4221., 4227.,  56898., 1924921, 20220624094500)
 (4227., 4232., 4202., 4204., 101237., 1917017, 20220624100000)
 (4204., 4231., 4202., 4222.,  74901., 1918928, 20220624101500)
 (4222., 4228., 4210., 4214.,  69017., 1920514, 20220624104500)
 (4214., 4226., 4203., 4224.,  68110., 1915023, 20220624110000)
 (4224., 4235., 4219., 4224.,  77489., 1913748, 20220624111500)
 (4223., 4228., 4187., 4199., 130750., 1903162, 20220624113000)
 (4200., 4241., 4200., 4239., 163929., 1904356, 20220624134500)
 (4240., 4242., 4214., 4220.,  76286., 1904833, 20220624140000)
 (4220., 4228., 4201., 4202.,  79960., 1901619, 20220624141500)
 (4203., 4212., 4196., 4203.,  63282., 1905450, 20220624143000)
 (4202., 4212., 4193., 4201.,  69389., 1906009, 20220624144500)
 (4202., 4208., 4182., 4189.,  94585., 1900788, 20220624150000)]
2022-06-27 15:30:00  INFO  [(4192., 4224., 4192., 4223., 164171., 1894680, 20220624211500)
 (4224., 4224., 4197., 4199.,  74146., 1896261, 20220624213000)
 (4199., 4214., 4196., 4200.,  67832., 1895846, 20220624214500)
 (4199., 4199., 4153., 4159., 159843., 1896344, 20220624220000)
 (4160., 4211., 4158., 4201., 163806., 1890898, 20220624221500)
 (4201., 4218., 4196., 4217.,  78969., 1890889, 20220624223000)
 (4217., 4233., 4208., 4231.,  90405., 1892249, 20220624224500)
 (4232., 4281., 4227., 4261., 208177., 1878634, 20220624230000)
 (4281., 4298., 4277., 4288., 220520., 1872689, 20220627091500)
 (4288., 4298., 4283., 4298.,  68952., 1873518, 20220627093000)
 (4297., 4300., 4276., 4281.,  89490., 1873336, 20220627094500)
 (4282., 4285., 4271., 4283.,  61777., 1870530, 20220627100000)
 (4284., 4293., 4274., 4280.,  46679., 1866923, 20220627101500)
 (4280., 4287., 4268., 4272.,  44356., 1871991, 20220627104500)
 (4272., 4280., 4261., 4270.,  59060., 1872943, 20220627110000)
 (4269., 4277., 4262., 4274.,  36378., 1873958, 20220627111500)
 (4273., 4282., 4257., 4265.,  59681., 1871752, 20220627113000)
 (4255., 4279., 4253., 4278.,  64636., 1871431, 20220627134500)
 (4278., 4284., 4272., 4282.,  40342., 1872744, 20220627140000)
 (4282., 4290., 4273., 4284.,  57609., 1881010, 20220627141500)
 (4284., 4286., 4267., 4274.,  39947., 1883014, 20220627143000)
 (4274., 4288., 4274., 4285.,  34789., 1883656, 20220627144500)
 (4284., 4288., 4272., 4274.,  49243., 1878385, 20220627150000)]
2022-06-28 15:30:00  INFO  [(4280., 4297., 4275., 4289., 123611., 1880990, 20220627211500)
 (4289., 4290., 4276., 4282.,  49008., 1884309, 20220627213000)
 (4283., 4286., 4269., 4273.,  55973., 1882943, 20220627214500)
 (4274., 4274., 4263., 4265.,  44515., 1883140, 20220627220000)
 (4265., 4282., 4265., 4268.,  50161., 1883444, 20220627221500)
 (4268., 4278., 4266., 4277.,  26616., 1884145, 20220627223000)
 (4277., 4288., 4272., 4286.,  40233., 1883577, 20220627224500)
 (4286., 4289., 4271., 4272.,  39050., 1879029, 20220627230000)
 (4273., 4291., 4273., 4280.,  81594., 1881378, 20220628091500)
 (4280., 4282., 4272., 4275.,  38887., 1884636, 20220628093000)
 (4276., 4276., 4260., 4265.,  71132., 1884731, 20220628094500)
 (4266., 4267., 4250., 4252.,  59002., 1892064, 20220628100000)
 (4252., 4283., 4252., 4278.,  89268., 1894868, 20220628101500)
 (4276., 4287., 4268., 4270.,  70240., 1893452, 20220628104500)
 (4270., 4298., 4269., 4294.,  85156., 1901627, 20220628110000)
 (4293., 4303., 4284., 4292.,  87402., 1902796, 20220628111500)
 (4293., 4295., 4265., 4280.,  85650., 1895894, 20220628113000)
 (4283., 4315., 4282., 4300., 144093., 1906587, 20220628134500)
 (4301., 4311., 4295., 4309.,  50863., 1910688, 20220628140000)
 (4309., 4335., 4309., 4335., 137780., 1929502, 20220628141500)
 (4335., 4340., 4329., 4338.,  94834., 1930096, 20220628143000)
 (4338., 4350., 4334., 4340., 117173., 1930193, 20220628144500)
 (4341., 4350., 4339., 4349.,  88813., 1925971, 20220628150000)]
2022-06-29 15:30:00  INFO  [(4350., 4370., 4347., 4367., 165086., 1924183, 20220628211500)
 (4367., 4380., 4367., 4378.,  81276., 1930876, 20220628213000)
 (4377., 4378., 4366., 4374.,  47917., 1928011, 20220628214500)
 (4374., 4376., 4368., 4373.,  31628., 1929459, 20220628220000)
 (4374., 4376., 4363., 4365.,  42517., 1927672, 20220628221500)
 (4364., 4370., 4345., 4354.,  62740., 1921368, 20220628223000)
 (4355., 4363., 4340., 4359., 100087., 1913716, 20220628224500)
 (4358., 4366., 4348., 4363.,  57158., 1903170, 20220628230000)
 (4358., 4362., 4345., 4347.,  73545., 1902149, 20220629091500)
 (4346., 4363., 4346., 4353.,  40173., 1906127, 20220629093000)
 (4353., 4363., 4350., 4351.,  25590., 1906651, 20220629094500)
 (4351., 4358., 4350., 4356.,  20665., 1907513, 20220629100000)
 (4356., 4377., 4355., 4373.,  84973., 1916293, 20220629101500)
 (4375., 4385., 4367., 4373.,  68086., 1918782, 20220629104500)
 (4373., 4377., 4353., 4354.,  50193., 1918324, 20220629110000)
 (4354., 4362., 4352., 4352.,  43778., 1919232, 20220629111500)
 (4352., 4361., 4345., 4351.,  53163., 1919292, 20220629113000)
 (4370., 4392., 4343., 4370., 217036., 1917781, 20220629134500)
 (4370., 4393., 4365., 4391., 132280., 1928203, 20220629140000)
 (4391., 4400., 4383., 4399.,  97064., 1935088, 20220629141500)
 (4397., 4420., 4389., 4418., 124030., 1933487, 20220629143000)
 (4418., 4418., 4361., 4368., 191175., 1917838, 20220629144500)
 (4368., 4378., 4357., 4360., 131520., 1917484, 20220629150000)]
2022-06-30 15:30:00  INFO  [(4382., 4408., 4382., 4392., 168683., 1917464, 20220629211500)
 (4391., 4396., 4373., 4377.,  76436., 1921114, 20220629213000)
 (4377., 4390., 4371., 4388.,  59787., 1926673, 20220629214500)
 (4388., 4398., 4385., 4391.,  40269., 1928074, 20220629220000)
 (4391., 4400., 4389., 4390.,  38960., 1927576, 20220629221500)
 (4389., 4402., 4385., 4396.,  40392., 1928490, 20220629223000)
 (4396., 4399., 4383., 4394.,  38087., 1926750, 20220629224500)
 (4394., 4402., 4392., 4399.,  43275., 1921096, 20220629230000)
 (4389., 4397., 4380., 4395.,  95672., 1927695, 20220630091500)
 (4395., 4396., 4380., 4380.,  41782., 1929395, 20220630093000)
 (4380., 4385., 4367., 4368.,  74400., 1931970, 20220630094500)
 (4368., 4380., 4366., 4374.,  57288., 1931178, 20220630100000)
 (4375., 4385., 4360., 4366.,  67344., 1932653, 20220630101500)
 (4366., 4380., 4366., 4368.,  45607., 1928387, 20220630104500)
 (4368., 4368., 4349., 4366.,  96925., 1926992, 20220630110000)
 (4367., 4368., 4324., 4347., 172497., 1923598, 20220630111500)
 (4347., 4380., 4337., 4374., 191356., 1942288, 20220630113000)
 (4380., 4395., 4368., 4378., 178121., 1943759, 20220630134500)
 (4376., 4378., 4348., 4359., 121452., 1951800, 20220630140000)
 (4359., 4385., 4357., 4383.,  91354., 1961167, 20220630141500)
 (4382., 4405., 4378., 4398., 134823., 1980954, 20220630143000)
 (4397., 4399., 4380., 4392.,  81233., 1982141, 20220630144500)
 (4392., 4393., 4356., 4378., 147557., 1954729, 20220630150000)]
2022-07-01 15:30:00  INFO  [(4350., 4358., 4299., 4301., 321959., 1941608, 20220630211500)
 (4301., 4323., 4298., 4319., 137215., 1935204, 20220630213000)
 (4319., 4338., 4313., 4335., 130044., 1940656, 20220630214500)
 (4334., 4338., 4319., 4321.,  59033., 1940463, 20220630220000)
 (4323., 4337., 4318., 4324.,  46205., 1941991, 20220630221500)
 (4323., 4330., 4316., 4322.,  45567., 1939415, 20220630223000)
 (4323., 4328., 4312., 4312.,  38654., 1939414, 20220630224500)
 (4312., 4329., 4304., 4315.,  94748., 1927372, 20220630230000)
 (4320., 4337., 4309., 4335.,  93686., 1936447, 20220701091500)
 (4334., 4339., 4322., 4323.,  57552., 1941653, 20220701093000)
 (4323., 4345., 4311., 4343., 103282., 1953439, 20220701094500)
 (4343., 4356., 4340., 4355., 100735., 1954275, 20220701100000)
 (4354., 4373., 4350., 4361., 106575., 1955049, 20220701101500)
 (4361., 4364., 4346., 4356.,  51691., 1954517, 20220701104500)
 (4355., 4362., 4338., 4345.,  58251., 1953083, 20220701110000)
 (4345., 4351., 4333., 4337.,  47480., 1949137, 20220701111500)
 (4336., 4349., 4316., 4323., 102191., 1933869, 20220701113000)
 (4314., 4314., 4284., 4288., 232602., 1941512, 20220701134500)
 (4288., 4297., 4268., 4270., 152890., 1938840, 20220701140000)
 (4270., 4306., 4269., 4290., 128238., 1941244, 20220701141500)
 (4290., 4295., 4266., 4275.,  98442., 1945346, 20220701143000)
 (4276., 4291., 4273., 4276.,  71005., 1947982, 20220701144500)
 (4276., 4278., 4258., 4265., 112818., 1943605, 20220701150000)]
2022-07-04 15:30:00  INFO  [(4270., 4296., 4267., 4293., 148540., 1943165, 20220701211500)
 (4294., 4305., 4291., 4302.,  95568., 1937912, 20220701213000)
 (4303., 4312., 4288., 4290.,  87983., 1934770, 20220701214500)
 (4290., 4300., 4282., 4288.,  55750., 1933343, 20220701220000)
 (4289., 4293., 4273., 4283.,  85130., 1929879, 20220701221500)
 (4283., 4295., 4274., 4274.,  59937., 1931101, 20220701223000)
 (4273., 4274., 4242., 4256., 135690., 1919995, 20220701224500)
 (4255., 4265., 4217., 4220., 120528., 1912405, 20220701230000)
 (4190., 4198., 4150., 4169., 319937., 1927029, 20220704091500)
 (4169., 4182., 4153., 4162., 115044., 1936439, 20220704093000)
 (4163., 4176., 4155., 4175.,  67788., 1933306, 20220704094500)
 (4174., 4193., 4171., 4190.,  83235., 1930761, 20220704100000)
 (4190., 4195., 4174., 4190.,  69983., 1936334, 20220704101500)
 (4190., 4197., 4171., 4172.,  73087., 1938735, 20220704104500)
 (4171., 4180., 4166., 4169.,  48490., 1941053, 20220704110000)
 (4170., 4187., 4169., 4180.,  31656., 1940712, 20220704111500)
 (4180., 4186., 4170., 4181.,  34796., 1939941, 20220704113000)
 (4180., 4192., 4166., 4181.,  73555., 1943469, 20220704134500)
 (4181., 4185., 4168., 4173.,  38377., 1941691, 20220704140000)
 (4173., 4180., 4158., 4164.,  61777., 1942400, 20220704141500)
 (4164., 4180., 4161., 4169.,  62925., 1946596, 20220704143000)
 (4169., 4180., 4167., 4171.,  37440., 1945819, 20220704144500)
 (4172., 4178., 4158., 4168.,  74458., 1935596, 20220704150000)]
2022-07-05 15:30:00  INFO  [(4180., 4188., 4162., 4163., 117161., 1941327, 20220704211500)
 (4163., 4176., 4163., 4166.,  50559., 1946318, 20220704213000)
 (4166., 4170., 4130., 4135., 125599., 1950753, 20220704214500)
 (4135., 4147., 4122., 4128.,  93545., 1951934, 20220704220000)
 (4127., 4165., 4116., 4159., 131063., 1945752, 20220704221500)
 (4158., 4198., 4155., 4180., 142778., 1940518, 20220704223000)
 (4181., 4216., 4177., 4215., 139739., 1936991, 20220704224500)
 (4215., 4218., 4183., 4199., 110201., 1929044, 20220704230000)
 (4201., 4228., 4201., 4212., 126911., 1928660, 20220705091500)
 (4212., 4214., 4196., 4197.,  61637., 1930298, 20220705093000)
 (4196., 4202., 4189., 4194.,  45281., 1932618, 20220705094500)
 (4193., 4223., 4193., 4219.,  60703., 1933401, 20220705100000)
 (4220., 4225., 4205., 4217.,  56285., 1929735, 20220705101500)
 (4217., 4217., 4199., 4206.,  44416., 1930238, 20220705104500)
 (4206., 4234., 4199., 4210., 104031., 1932370, 20220705110000)
 (4210., 4237., 4206., 4234.,  86666., 1944110, 20220705111500)
 (4235., 4238., 4225., 4235.,  59954., 1944985, 20220705113000)
 (4235., 4241., 4218., 4238.,  76052., 1948377, 20220705134500)
 (4239., 4250., 4233., 4244.,  83454., 1953008, 20220705140000)
 (4244., 4255., 4239., 4252.,  60648., 1958620, 20220705141500)
 (4251., 4258., 4240., 4244.,  56224., 1960675, 20220705143000)
 (4245., 4249., 4226., 4237.,  72880., 1953642, 20220705144500)
 (4238., 4246., 4230., 4238.,  59918., 1945403, 20220705150000)]
2022-07-06 15:30:00  INFO  [(4198., 4210., 4175., 4186., 274338., 1919743, 20220705211500)
 (4187., 4191., 4166., 4171., 139557., 1923508, 20220705213000)
 (4170., 4186., 4163., 4176., 101287., 1929727, 20220705214500)
 (4175., 4179., 4156., 4160.,  81822., 1934417, 20220705220000)
 (4160., 4175., 4158., 4168.,  64621., 1939294, 20220705221500)
 (4168., 4195., 4168., 4177.,  89167., 1935819, 20220705223000)
 (4177., 4191., 4172., 4186.,  51247., 1934143, 20220705224500)
 (4186., 4190., 4160., 4161.,  63038., 1925215, 20220705230000)
 (4171., 4223., 4171., 4216., 184039., 1938612, 20220706091500)
 (4215., 4219., 4203., 4209.,  66807., 1937336, 20220706093000)
 (4208., 4215., 4202., 4212.,  44294., 1940238, 20220706094500)
 (4212., 4219., 4178., 4182., 108878., 1932544, 20220706100000)
 (4181., 4194., 4169., 4171.,  89708., 1928262, 20220706101500)
 (4170., 4185., 4157., 4157.,  93452., 1930885, 20220706104500)
 (4157., 4162., 4143., 4158.,  95905., 1925493, 20220706110000)
 (4157., 4167., 4146., 4148.,  55703., 1923629, 20220706111500)
 (4148., 4174., 4128., 4153., 135627., 1919383, 20220706113000)
 (4160., 4174., 4126., 4142., 141641., 1921060, 20220706134500)
 (4143., 4157., 4135., 4151.,  71093., 1922517, 20220706140000)
 (4152., 4173., 4151., 4165.,  95912., 1915661, 20220706141500)
 (4164., 4181., 4155., 4177.,  79623., 1912706, 20220706143000)
 (4179., 4205., 4172., 4201., 127887., 1916107, 20220706144500)
 (4202., 4247., 4199., 4245., 227559., 1910606, 20220706150000)]
2022-07-07 15:30:00  INFO  [(4250., 4266., 4217., 4226., 189687., 1911174, 20220706211500)
 (4227., 4233., 4216., 4223.,  74603., 1913273, 20220706213000)
 (4223., 4241., 4222., 4237.,  98313., 1917028, 20220706214500)
 (4236., 4245., 4233., 4239.,  58051., 1921599, 20220706220000)
 (4239., 4257., 4232., 4246.,  83128., 1923481, 20220706221500)
 (4246., 4250., 4230., 4247.,  79154., 1924479, 20220706223000)
 (4247., 4252., 4234., 4239.,  56562., 1929686, 20220706224500)
 (4239., 4247., 4230., 4238.,  51643., 1920022, 20220706230000)
 (4251., 4256., 4227., 4227., 112169., 1931317, 20220707091500)
 (4227., 4231., 4207., 4211.,  96268., 1940192, 20220707093000)
 (4211., 4225., 4203., 4206.,  84081., 1948348, 20220707094500)
 (4206., 4209., 4190., 4195., 119248., 1951698, 20220707100000)
 (4195., 4215., 4182., 4191., 128083., 1957933, 20220707101500)
 (4193., 4233., 4185., 4229., 122644., 1955921, 20220707104500)
 (4230., 4239., 4223., 4231., 102266., 1965469, 20220707110000)
 (4231., 4267., 4214., 4266., 164050., 1979414, 20220707111500)
 (4266., 4269., 4244., 4245., 127513., 1974763, 20220707113000)
 (4244., 4259., 4230., 4234., 146146., 1976011, 20220707134500)
 (4235., 4246., 4221., 4223.,  84383., 1975368, 20220707140000)
 (4223., 4236., 4220., 4233.,  60474., 1976715, 20220707141500)
 (4232., 4243., 4221., 4234.,  60750., 1981736, 20220707143000)
 (4234., 4245., 4216., 4219.,  78889., 1978634, 20220707144500)
 (4217., 4221., 4196., 4209., 158883., 1964378, 20220707150000)]
2022-07-08 15:30:00  INFO  [(4229., 4264., 4229., 4252., 243724., 1968648, 20220707211500)
 (4252., 4257., 4239., 4249.,  88811., 1971605, 20220707213000)
 (4250., 4258., 4245., 4255.,  70609., 1983478, 20220707214500)
 (4254., 4279., 4253., 4263., 138294., 1996073, 20220707220000)
 (4263., 4269., 4255., 4256.,  62160., 1993140, 20220707221500)
 (4256., 4261., 4245., 4251.,  58432., 1989389, 20220707223000)
 (4250., 4256., 4235., 4239.,  66582., 1979535, 20220707224500)
 (4240., 4252., 4236., 4244.,  53420., 1972133, 20220707230000)
 (4250., 4256., 4230., 4239.,  90035., 1978895, 20220708091500)
 (4238., 4242., 4216., 4218., 113573., 1989154, 20220708093000)
 (4217., 4219., 4205., 4206., 107725., 2005480, 20220708094500)
 (4207., 4209., 4190., 4202., 116918., 2019130, 20220708100000)
 (4201., 4210., 4190., 4203.,  81457., 2020468, 20220708101500)
 (4205., 4219., 4196., 4209.,  71788., 2018105, 20220708104500)
 (4209., 4216., 4199., 4201.,  41125., 2017223, 20220708110000)
 (4200., 4212., 4196., 4208.,  49587., 2015134, 20220708111500)
 (4207., 4216., 4185., 4186.,  93586., 2016547, 20220708113000)
 (4187., 4189., 4173., 4178., 134928., 2005095, 20220708134500)
 (4177., 4183., 4166., 4172.,  57328., 2007689, 20220708140000)
 (4172., 4179., 4169., 4174.,  54198., 2005235, 20220708141500)
 (4174., 4193., 4171., 4189.,  72654., 2004604, 20220708143000)
 (4188., 4210., 4183., 4196.,  94288., 1990644, 20220708144500)
 (4197., 4202., 4190., 4196.,  72173., 1977016, 20220708150000)]
2022-07-11 15:30:00  INFO  [(4196., 4246., 4190., 4243., 243139., 1960077, 20220708211500)
 (4245., 4245., 4227., 4230.,  98582., 1963631, 20220708213000)
 (4229., 4233., 4213., 4219.,  79212., 1958249, 20220708214500)
 (4219., 4224., 4204., 4206.,  70748., 1957268, 20220708220000)
 (4206., 4211., 4186., 4191.,  99446., 1963486, 20220708221500)
 (4192., 4194., 4155., 4159., 132840., 1968442, 20220708223000)
 (4158., 4169., 4144., 4152., 165270., 1978493, 20220708224500)
 (4152., 4166., 4080., 4083., 276750., 1994721, 20220708230000)
 (4059., 4068., 4023., 4039., 343395., 2013408, 20220711091500)
 (4037., 4038., 4013., 4020., 159550., 2029525, 20220711093000)
 (4020., 4042., 4011., 4037., 119428., 2034540, 20220711094500)
 (4036., 4055., 4024., 4026., 120478., 2029905, 20220711100000)
 (4026., 4053., 4024., 4046.,  82589., 2032445, 20220711101500)
 (4048., 4057., 4036., 4041.,  61869., 2028359, 20220711104500)
 (4041., 4043., 4028., 4030.,  35586., 2028544, 20220711110000)
 (4029., 4036., 4022., 4025.,  40185., 2028697, 20220711111500)
 (4026., 4034., 4007., 4010., 105983., 2032876, 20220711113000)
 (4007., 4026., 3985., 3989., 172909., 2033435, 20220711134500)
 (3991., 3999., 3971., 3975., 125694., 2032980, 20220711140000)
 (3975., 4006., 3973., 3989., 121689., 2024325, 20220711141500)
 (3989., 4040., 3985., 4037., 143428., 2008064, 20220711143000)
 (4037., 4051., 4024., 4039., 153624., 1991267, 20220711144500)
 (4039., 4052., 4032., 4049., 111547., 1966756, 20220711150000)]
2022-07-12 15:30:00  INFO  [(4049., 4069., 4036., 4043., 213489., 1957341, 20220711211500)
 (4043., 4047., 4033., 4040.,  71581., 1956454, 20220711213000)
 (4040., 4042., 4018., 4023.,  95857., 1960036, 20220711214500)
 (4024., 4038., 4010., 4032., 102427., 1960714, 20220711220000)
 (4032., 4041., 4021., 4022.,  64981., 1959950, 20220711221500)
 (4021., 4031., 4011., 4015.,  70175., 1962621, 20220711223000)
 (4015., 4028., 4015., 4019.,  42305., 1961636, 20220711224500)
 (4020., 4029., 4018., 4026.,  37612., 1954148, 20220711230000)
 (4020., 4025., 4004., 4009., 108874., 1954596, 20220712091500)
 (4010., 4012., 3972., 3973., 149135., 1969837, 20220712093000)
 (3973., 4036., 3971., 4031., 230351., 1945506, 20220712094500)
 (4031., 4040., 4013., 4037., 116601., 1938849, 20220712100000)
 (4038., 4047., 3997., 4008., 136322., 1928264, 20220712101500)
 (4008., 4012., 3994., 4005.,  71435., 1933206, 20220712104500)
 (4004., 4012., 3994., 3999.,  46089., 1935252, 20220712110000)
 (3999., 4019., 3994., 4017.,  65904., 1929595, 20220712111500)
 (4017., 4024., 3991., 3995.,  79101., 1924715, 20220712113000)
 (4006., 4012., 3984., 3988.,  90395., 1933028, 20220712134500)
 (3988., 3990., 3960., 3964., 164311., 1955555, 20220712140000)
 (3964., 3973., 3960., 3966.,  69306., 1958473, 20220712141500)
 (3966., 3973., 3951., 3954., 115402., 1971314, 20220712143000)
 (3955., 3956., 3933., 3934., 161650., 1989999, 20220712144500)
 (3935., 3943., 3891., 3910., 208287., 2002501, 20220712150000)]
2022-07-13 15:30:00  INFO  [(3900., 3900., 3857., 3882., 304006., 2004339, 20220712211500)
 (3882., 3894., 3870., 3881., 100696., 2007650, 20220712213000)
 (3881., 3918., 3878., 3898., 168511., 1997184, 20220712214500)
 (3899., 3902., 3876., 3880., 103174., 1998311, 20220712220000)
 (3880., 3892., 3871., 3880.,  70635., 2002254, 20220712221500)
 (3880., 3893., 3876., 3885.,  52431., 2002151, 20220712223000)
 (3886., 3891., 3879., 3880.,  44404., 2001657, 20220712224500)
 (3880., 3888., 3867., 3884.,  85206., 1991997, 20220712230000)
 (3869., 3910., 3867., 3909., 150327., 1984147, 20220713091500)
 (3909., 3941., 3904., 3920., 158025., 1977241, 20220713093000)
 (3919., 3927., 3903., 3913.,  75166., 1977152, 20220713094500)
 (3913., 3927., 3909., 3921.,  48038., 1975530, 20220713100000)
 (3922., 3930., 3914., 3928.,  46443., 1972118, 20220713101500)
 (3927., 3935., 3913., 3918.,  71026., 1969787, 20220713104500)
 (3918., 3920., 3897., 3898.,  60558., 1972740, 20220713110000)
 (3899., 3911., 3890., 3891.,  59346., 1972968, 20220713111500)
 (3890., 3908., 3878., 3885.,  85631., 1973430, 20220713113000)
 (3889., 3912., 3883., 3908., 104677., 1975226, 20220713134500)
 (3907., 3908., 3851., 3855., 149764., 1996410, 20220713140000)
 (3855., 3867., 3850., 3856., 108805., 1998689, 20220713141500)
 (3857., 3905., 3853., 3903., 136929., 1988037, 20220713143000)
 (3902., 3920., 3892., 3906., 144665., 1987249, 20220713144500)
 (3906., 3928., 3900., 3910., 126641., 1977784, 20220713150000)]
2022-07-14 15:30:00  INFO  [(3878., 3907., 3828., 3881., 276416., 1956946, 20220713211500)
 (3882., 3890., 3848., 3860., 134622., 1957541, 20220713213000)
 (3859., 3871., 3850., 3867., 120194., 1955329, 20220713214500)
 (3867., 3876., 3861., 3866.,  65608., 1951544, 20220713220000)
 (3866., 3867., 3839., 3845., 117190., 1956569, 20220713221500)
 (3845., 3850., 3812., 3819., 163318., 1982197, 20220713223000)
 (3817., 3868., 3810., 3850., 234158., 1969837, 20220713224500)
 (3851., 3905., 3843., 3885., 201901., 1936562, 20220713230000)
 (3878., 3881., 3851., 3851., 116318., 1943495, 20220714091500)
 (3853., 3882., 3849., 3870.,  92263., 1946252, 20220714093000)
 (3870., 3876., 3862., 3874.,  49561., 1944304, 20220714094500)
 (3873., 3884., 3863., 3866.,  53977., 1944269, 20220714100000)
 (3866., 3884., 3865., 3872.,  47517., 1947128, 20220714101500)
 (3872., 3912., 3868., 3904., 104555., 1949670, 20220714104500)
 (3904., 3905., 3882., 3896.,  77611., 1947041, 20220714110000)
 (3895., 3907., 3888., 3900.,  62191., 1947829, 20220714111500)
 (3901., 3919., 3883., 3900., 105860., 1947597, 20220714113000)
 (3905., 3912., 3870., 3873., 144714., 1945294, 20220714134500)
 (3872., 3884., 3862., 3866., 108188., 1941018, 20220714140000)
 (3866., 3890., 3864., 3877.,  86649., 1933773, 20220714141500)
 (3877., 3878., 3850., 3850., 112792., 1931666, 20220714143000)
 (3851., 3867., 3845., 3866., 109446., 1925075, 20220714144500)
 (3867., 3878., 3829., 3833., 120595., 1917507, 20220714150000)]
2022-07-15 15:30:00  INFO  [(3798., 3798., 3741., 3761., 411603., 1937619, 20220714211500)
 (3760., 3777., 3745., 3752., 157951., 1951352, 20220714213000)
 (3753., 3754., 3720., 3727., 193228., 1944899, 20220714214500)
 (3728., 3751., 3726., 3736., 118596., 1940559, 20220714220000)
 (3737., 3737., 3708., 3729., 137843., 1934740, 20220714221500)
 (3728., 3750., 3728., 3738.,  95905., 1928467, 20220714223000)
 (3737., 3738., 3706., 3714., 123501., 1937456, 20220714224500)
 (3714., 3726., 3700., 3713., 102133., 1931415, 20220714230000)
 (3723., 3748., 3699., 3713., 198965., 1938148, 20220715091500)
 (3713., 3717., 3683., 3694., 152578., 1953463, 20220715093000)
 (3694., 3705., 3684., 3690., 103298., 1951638, 20220715094500)
 (3689., 3715., 3673., 3712., 168535., 1950460, 20220715100000)
 (3713., 3729., 3690., 3708., 144489., 1947970, 20220715101500)
 (3711., 3726., 3704., 3724.,  82204., 1947814, 20220715104500)
 (3724., 3725., 3698., 3704.,  66070., 1944180, 20220715110000)
 (3704., 3707., 3682., 3684.,  96284., 1948199, 20220715111500)
 (3683., 3686., 3667., 3679., 120565., 1960594, 20220715113000)
 (3673., 3675., 3644., 3646., 164617., 1976158, 20220715134500)
 (3645., 3674., 3645., 3670.,  95243., 1980993, 20220715140000)
 (3670., 3673., 3652., 3664.,  72147., 1976545, 20220715141500)
 (3663., 3675., 3656., 3662.,  92609., 1969816, 20220715143000)
 (3662., 3666., 3624., 3627., 138243., 1975328, 20220715144500)
 (3627., 3636., 3588., 3589., 262276., 1970080, 20220715150000)]
2022-07-18 15:30:00  INFO  [(3611., 3643., 3611., 3624., 270801., 1965791, 20220715211500)
 (3624., 3630., 3613., 3629.,  91005., 1974147, 20220715213000)
 (3629., 3665., 3629., 3639., 182760., 1964990, 20220715214500)
 (3640., 3651., 3626., 3631., 103148., 1964707, 20220715220000)
 (3631., 3653., 3630., 3642.,  82876., 1963326, 20220715221500)
 (3643., 3657., 3636., 3656.,  61673., 1959330, 20220715223000)
 (3656., 3717., 3646., 3702., 216711., 1933180, 20220715224500)
 (3703., 3730., 3673., 3728., 162478., 1918800, 20220715230000)
 (3730., 3763., 3711., 3762., 344199., 1892092, 20220718091500)
 (3761., 3762., 3722., 3726., 184600., 1875549, 20220718093000)
 (3726., 3741., 3716., 3734., 110591., 1871964, 20220718094500)
 (3735., 3754., 3724., 3746.,  97988., 1863280, 20220718100000)
 (3745., 3761., 3731., 3755.,  96181., 1860439, 20220718101500)
 (3754., 3760., 3746., 3754.,  78450., 1865217, 20220718104500)
 (3753., 3756., 3741., 3750.,  53218., 1866655, 20220718110000)
 (3751., 3759., 3745., 3756.,  56666., 1872093, 20220718111500)
 (3757., 3780., 3754., 3776., 119203., 1873916, 20220718113000)
 (3778., 3786., 3762., 3767., 119694., 1877893, 20220718134500)
 (3767., 3772., 3748., 3754.,  92351., 1884154, 20220718140000)
 (3754., 3762., 3745., 3760.,  59484., 1889952, 20220718141500)
 (3759., 3778., 3752., 3776.,  63831., 1890888, 20220718143000)
 (3776., 3789., 3769., 3786.,  78349., 1889774, 20220718144500)
 (3786., 3795., 3774., 3780.,  98837., 1880061, 20220718150000)]
2022-07-19 15:30:00  INFO  [(3789., 3821., 3789., 3804., 238155., 1865286, 20220718211500)
 (3803., 3829., 3792., 3822., 145919., 1880370, 20220718213000)
 (3823., 3847., 3819., 3841., 166147., 1890251, 20220718214500)
 (3842., 3866., 3829., 3860., 163790., 1888290, 20220718220000)
 (3860., 3863., 3846., 3858.,  98574., 1889271, 20220718221500)
 (3858., 3872., 3851., 3852., 101964., 1889500, 20220718223000)
 (3852., 3866., 3847., 3866.,  55867., 1890193, 20220718224500)
 (3866., 3866., 3850., 3860.,  58144., 1879228, 20220718230000)
 (3850., 3855., 3837., 3843., 113773., 1885493, 20220719091500)
 (3842., 3850., 3831., 3833.,  74453., 1892196, 20220719093000)
 (3832., 3835., 3808., 3828., 134787., 1885304, 20220719094500)
 (3829., 3833., 3810., 3814.,  63596., 1887368, 20220719100000)
 (3815., 3825., 3805., 3819.,  57780., 1888345, 20220719101500)
 (3819., 3832., 3817., 3825.,  40106., 1893080, 20220719104500)
 (3825., 3825., 3806., 3817.,  64132., 1901803, 20220719110000)
 (3817., 3843., 3808., 3810., 106994., 1897478, 20220719111500)
 (3810., 3816., 3784., 3795., 136817., 1893116, 20220719113000)
 (3795., 3804., 3782., 3783., 130787., 1898020, 20220719134500)
 (3783., 3786., 3753., 3758., 184906., 1909821, 20220719140000)
 (3758., 3773., 3748., 3763., 120223., 1913262, 20220719141500)
 (3763., 3819., 3763., 3815., 158668., 1899057, 20220719143000)
 (3814., 3827., 3780., 3785., 178714., 1889704, 20220719144500)
 (3783., 3794., 3767., 3774., 104176., 1889735, 20220719150000)]
2022-07-20 15:30:00  INFO  [(3767., 3767., 3712., 3727., 283014., 1885001, 20220719211500)
 (3728., 3751., 3721., 3747., 145237., 1879148, 20220719213000)
 (3746., 3772., 3741., 3760., 134629., 1872773, 20220719214500)
 (3760., 3769., 3752., 3756.,  68902., 1874097, 20220719220000)
 (3756., 3784., 3755., 3774., 100022., 1874486, 20220719221500)
 (3774., 3799., 3773., 3795.,  91486., 1875768, 20220719223000)
 (3796., 3833., 3795., 3821., 169273., 1874804, 20220719224500)
 (3821., 3826., 3805., 3820., 111326., 1866581, 20220719230000)
 (3832., 3848., 3812., 3819., 144635., 1875551, 20220720091500)
 (3820., 3840., 3820., 3832.,  81773., 1879815, 20220720093000)
 (3832., 3839., 3814., 3826.,  75465., 1886148, 20220720094500)
 (3827., 3831., 3820., 3831.,  37067., 1886321, 20220720100000)
 (3831., 3850., 3823., 3841.,  89095., 1887233, 20220720101500)
 (3841., 3857., 3837., 3854.,  91139., 1885263, 20220720104500)
 (3854., 3858., 3839., 3856.,  87114., 1882228, 20220720110000)
 (3856., 3868., 3851., 3863., 100112., 1881052, 20220720111500)
 (3864., 3877., 3849., 3869., 105467., 1883696, 20220720113000)
 (3862., 3862., 3830., 3834., 154393., 1876440, 20220720134500)
 (3834., 3847., 3825., 3829.,  73067., 1880764, 20220720140000)
 (3830., 3838., 3810., 3816., 102189., 1887092, 20220720141500)
 (3816., 3834., 3812., 3818.,  71636., 1883951, 20220720143000)
 (3817., 3823., 3781., 3790., 161360., 1895794, 20220720144500)
 (3790., 3839., 3784., 3830., 180672., 1882732, 20220720150000)]
2022-07-21 15:30:00  INFO  [(3823., 3833., 3806., 3810., 180906., 1866181, 20220720211500)
 (3810., 3843., 3808., 3840., 105086., 1866197, 20220720213000)
 (3840., 3847., 3817., 3818., 102199., 1871880, 20220720214500)
 (3819., 3824., 3809., 3812.,  90933., 1876571, 20220720220000)
 (3812., 3818., 3798., 3809.,  93324., 1879046, 20220720221500)
 (3808., 3822., 3802., 3804.,  54757., 1877955, 20220720223000)
 (3805., 3815., 3781., 3794., 132317., 1886531, 20220720224500)
 (3794., 3815., 3792., 3815., 100341., 1866495, 20220720230000)
 (3812., 3812., 3786., 3793.,  96508., 1878071, 20220721091500)
 (3794., 3796., 3775., 3783.,  95478., 1889991, 20220721093000)
 (3782., 3805., 3780., 3796.,  78257., 1890432, 20220721094500)
 (3796., 3801., 3771., 3787., 100325., 1894843, 20220721100000)
 (3787., 3795., 3776., 3782.,  56669., 1894767, 20220721101500)
 (3781., 3792., 3771., 3777.,  74765., 1896686, 20220721104500)
 (3775., 3805., 3774., 3800.,  77522., 1890574, 20220721110000)
 (3800., 3826., 3786., 3821., 131472., 1887795, 20220721111500)
 (3821., 3826., 3776., 3783., 140118., 1882143, 20220721113000)
 (3790., 3824., 3783., 3814., 192154., 1892850, 20220721134500)
 (3815., 3833., 3812., 3827., 134078., 1890021, 20220721140000)
 (3828., 3850., 3821., 3850., 142116., 1906802, 20220721141500)
 (3850., 3860., 3835., 3838., 164455., 1925631, 20220721143000)
 (3838., 3840., 3817., 3827., 140395., 1910661, 20220721144500)
 (3828., 3832., 3816., 3831.,  94721., 1892537, 20220721150000)]
2022-07-22 15:30:00  INFO  [(3800., 3805., 3760., 3785., 274454., 1878243, 20220721211500)
 (3784., 3803., 3783., 3800.,  94106., 1884825, 20220721213000)
 (3799., 3818., 3794., 3812., 105418., 1888531, 20220721214500)
 (3813., 3827., 3804., 3816.,  88731., 1888952, 20220721220000)
 (3816., 3822., 3805., 3812.,  64954., 1889047, 20220721221500)
 (3811., 3818., 3797., 3797.,  68196., 1884305, 20220721223000)
 (3797., 3816., 3795., 3813.,  55792., 1883236, 20220721224500)
 (3812., 3813., 3797., 3807.,  50559., 1871399, 20220721230000)
 (3808., 3829., 3803., 3816.,  96207., 1882717, 20220722091500)
 (3817., 3823., 3801., 3822.,  76266., 1880853, 20220722093000)
 (3822., 3834., 3816., 3829.,  90188., 1880787, 20220722094500)
 (3830., 3850., 3822., 3849., 127642., 1882299, 20220722100000)
 (3849., 3876., 3838., 3875., 168941., 1903305, 20220722101500)
 (3875., 3880., 3851., 3860., 144965., 1911350, 20220722104500)
 (3860., 3865., 3841., 3841.,  81962., 1902536, 20220722110000)
 (3842., 3859., 3841., 3855.,  48846., 1899872, 20220722111500)
 (3855., 3857., 3829., 3840.,  89340., 1887133, 20220722113000)
 (3840., 3851., 3831., 3847.,  59819., 1888883, 20220722134500)
 (3847., 3857., 3835., 3851.,  55600., 1890845, 20220722140000)
 (3851., 3860., 3843., 3854.,  56701., 1892930, 20220722141500)
 (3855., 3865., 3852., 3862.,  61170., 1894695, 20220722143000)
 (3862., 3867., 3848., 3854.,  59345., 1895926, 20220722144500)
 (3854., 3865., 3845., 3863.,  81102., 1889528, 20220722150000)]
2022-07-25 15:30:00  INFO  [(3865., 3894., 3865., 3889., 201747., 1898205, 20220722211500)
 (3888., 3889., 3866., 3872.,  84606., 1891546, 20220722213000)
 (3872., 3890., 3866., 3889.,  74352., 1894466, 20220722214500)
 (3888., 3892., 3879., 3884.,  69729., 1894172, 20220722220000)
 (3884., 3890., 3873., 3888.,  57404., 1893349, 20220722221500)
 (3888., 3892., 3879., 3885.,  54235., 1892175, 20220722223000)
 (3884., 3900., 3876., 3898., 114502., 1892075, 20220722224500)
 (3898., 3900., 3875., 3881., 114290., 1872619, 20220722230000)
 (3885., 3895., 3843., 3854., 237663., 1866528, 20220725091500)
 (3853., 3874., 3852., 3859., 100798., 1878853, 20220725093000)
 (3860., 3880., 3858., 3879.,  66763., 1884587, 20220725094500)
 (3878., 3880., 3859., 3867.,  55709., 1883152, 20220725100000)
 (3868., 3886., 3865., 3878.,  69218., 1887301, 20220725101500)
 (3879., 3894., 3870., 3893.,  72508., 1891243, 20220725104500)
 (3892., 3895., 3884., 3893.,  58006., 1890650, 20220725110000)
 (3893., 3895., 3878., 3883.,  47360., 1885028, 20220725111500)
 (3882., 3886., 3860., 3863.,  84688., 1879813, 20220725113000)
 (3862., 3876., 3858., 3861.,  76705., 1883259, 20220725134500)
 (3862., 3866., 3855., 3860.,  51815., 1885061, 20220725140000)
 (3861., 3873., 3859., 3867.,  43558., 1883770, 20220725141500)
 (3867., 3875., 3858., 3869.,  36719., 1884484, 20220725143000)
 (3869., 3869., 3848., 3857.,  62785., 1884094, 20220725144500)
 (3858., 3865., 3851., 3859.,  64448., 1876972, 20220725150000)]
2022-07-26 15:30:00  INFO  [(3865., 3869., 3798., 3807., 307204., 1887936, 20220725211500)
 (3807., 3821., 3803., 3817., 121887., 1893818, 20220725213000)
 (3818., 3821., 3808., 3811.,  59788., 1897364, 20220725214500)
 (3812., 3819., 3809., 3809.,  48354., 1902989, 20220725220000)
 (3810., 3825., 3809., 3823.,  56050., 1903763, 20220725221500)
 (3823., 3847., 3823., 3836., 115244., 1894651, 20220725223000)
 (3837., 3842., 3827., 3834.,  52884., 1889691, 20220725224500)
 (3834., 3841., 3816., 3820.,  60899., 1882478, 20220725230000)
 (3818., 3833., 3811., 3816., 110072., 1888105, 20220726091500)
 (3817., 3828., 3814., 3821.,  51147., 1891061, 20220726093000)
 (3821., 3840., 3819., 3830.,  88205., 1891979, 20220726094500)
 (3831., 3857., 3828., 3856.,  93929., 1895755, 20220726100000)
 (3856., 3888., 3845., 3887., 173123., 1899208, 20220726101500)
 (3886., 3909., 3883., 3896., 209920., 1892481, 20220726104500)
 (3897., 3905., 3876., 3878., 113784., 1897190, 20220726110000)
 (3878., 3888., 3859., 3866., 106308., 1886831, 20220726111500)
 (3867., 3881., 3859., 3873.,  62904., 1886095, 20220726113000)
 (3873., 3882., 3862., 3870.,  74901., 1884750, 20220726134500)
 (3869., 3880., 3865., 3878.,  40938., 1889327, 20220726140000)
 (3878., 3884., 3872., 3884.,  41274., 1893695, 20220726141500)
 (3885., 3895., 3881., 3888.,  67001., 1893821, 20220726143000)
 (3888., 3891., 3870., 3883.,  67498., 1894430, 20220726144500)
 (3883., 3892., 3875., 3888.,  97043., 1889277, 20220726150000)]
2022-07-27 15:30:00  INFO  [(3895., 3918., 3887., 3892., 204599., 1884296, 20220726211500)
 (3892., 3899., 3877., 3898.,  82454., 1888466, 20220726213000)
 (3896., 3898., 3881., 3883.,  59738., 1886438, 20220726214500)
 (3883., 3884., 3872., 3878.,  62557., 1884684, 20220726220000)
 (3878., 3882., 3866., 3868.,  59390., 1881965, 20220726221500)
 (3868., 3884., 3865., 3882.,  51384., 1881238, 20220726223000)
 (3882., 3884., 3872., 3879.,  33687., 1881716, 20220726224500)
 (3879., 3882., 3869., 3874.,  40844., 1876530, 20220726230000)
 (3868., 3872., 3845., 3858., 123662., 1870235, 20220727091500)
 (3858., 3859., 3832., 3841., 133918., 1875850, 20220727093000)
 (3841., 3845., 3827., 3830.,  76251., 1878646, 20220727094500)
 (3829., 3841., 3828., 3833.,  57220., 1886411, 20220727100000)
 (3832., 3845., 3830., 3844.,  52687., 1887229, 20220727101500)
 (3844., 3851., 3829., 3833.,  61311., 1885432, 20220727104500)
 (3832., 3865., 3829., 3860.,  91747., 1890605, 20220727110000)
 (3859., 3883., 3855., 3882., 112374., 1886508, 20220727111500)
 (3883., 3900., 3874., 3897., 166223., 1882837, 20220727113000)
 (3905., 3930., 3905., 3923., 277096., 1924749, 20220727134500)
 (3923., 3929., 3914., 3925.,  94714., 1940228, 20220727140000)
 (3924., 3934., 3920., 3928., 104015., 1952378, 20220727141500)
 (3928., 3931., 3907., 3911.,  80362., 1947620, 20220727143000)
 (3912., 3915., 3899., 3907.,  77826., 1936847, 20220727144500)
 (3907., 3918., 3902., 3916.,  80554., 1924464, 20220727150000)]
2022-07-28 15:30:00  INFO  [(3911., 3915., 3878., 3890., 172974., 1901829, 20220727211500)
 (3891., 3904., 3888., 3896.,  96961., 1894872, 20220727213000)
 (3896., 3910., 3888., 3893.,  86235., 1892312, 20220727214500)
 (3893., 3913., 3893., 3912.,  70649., 1896258, 20220727220000)
 (3911., 3915., 3900., 3908.,  49199., 1893934, 20220727221500)
 (3907., 3915., 3902., 3909.,  40113., 1895004, 20220727223000)
 (3909., 3923., 3909., 3920.,  72712., 1892293, 20220727224500)
 (3920., 3943., 3920., 3924., 128059., 1879099, 20220727230000)
 (3945., 3973., 3945., 3972., 212232., 1884527, 20220728091500)
 (3972., 3976., 3961., 3969.,  66721., 1887165, 20220728093000)
 (3970., 3994., 3968., 3992., 115295., 1887385, 20220728094500)
 (3992., 3992., 3972., 3987., 101092., 1884034, 20220728100000)
 (3987., 3991., 3980., 3990.,  46000., 1890832, 20220728101500)
 (3992., 3995., 3976., 3979.,  62542., 1893672, 20220728104500)
 (3979., 3991., 3972., 3988.,  52829., 1895237, 20220728110000)
 (3988., 4004., 3987., 3999.,  88099., 1905375, 20220728111500)
 (3998., 4015., 3990., 4008.,  88678., 1906193, 20220728113000)
 (4011., 4030., 4007., 4008., 182590., 1916395, 20220728134500)
 (4009., 4019., 4003., 4011.,  69674., 1912886, 20220728140000)
 (4012., 4021., 4011., 4018.,  61770., 1910355, 20220728141500)
 (4018., 4033., 4016., 4031.,  90082., 1908875, 20220728143000)
 (4030., 4046., 4026., 4044., 104700., 1910555, 20220728144500)
 (4045., 4068., 4038., 4058., 188827., 1887291, 20220728150000)]
2022-07-29 15:30:00  INFO  [(4030., 4038., 4008., 4029., 241115., 1869612, 20220728211500)
 (4029., 4034., 4021., 4027.,  60510., 1870418, 20220728213000)
 (4027., 4054., 4027., 4040.,  93962., 1874124, 20220728214500)
 (4039., 4041., 4015., 4020., 102423., 1872979, 20220728220000)
 (4020., 4028., 4011., 4025.,  78306., 1866493, 20220728221500)
 (4025., 4029., 4014., 4021.,  61118., 1866794, 20220728223000)
 (4022., 4035., 4021., 4028.,  51886., 1863134, 20220728224500)
 (4028., 4036., 4023., 4023.,  55882., 1856952, 20220728230000)
 (4029., 4035., 4014., 4032.,  94147., 1862719, 20220729091500)
 (4033., 4041., 4027., 4034.,  59262., 1867303, 20220729093000)
 (4034., 4045., 4026., 4039.,  56727., 1871481, 20220729094500)
 (4039., 4040., 4016., 4021.,  73869., 1871498, 20220729100000)
 (4021., 4023., 4006., 4007.,  85525., 1871243, 20220729101500)
 (4006., 4006., 3988., 3989., 162392., 1859635, 20220729104500)
 (3989., 4001., 3983., 3994.,  74091., 1863541, 20220729110000)
 (3995., 4011., 3994., 3998.,  60636., 1864884, 20220729111500)
 (3997., 4011., 3994., 3997.,  42435., 1862871, 20220729113000)
 (3996., 4013., 3991., 4010.,  65229., 1862953, 20220729134500)
 (4011., 4014., 3995., 3996.,  47252., 1862932, 20220729140000)
 (3997., 4001., 3990., 3993.,  38013., 1865786, 20220729141500)
 (3994., 4004., 3979., 3996., 105960., 1866036, 20220729143000)
 (3996., 4001., 3990., 3996.,  42700., 1869353, 20220729144500)
 (3997., 4005., 3988., 3996.,  73814., 1859128, 20220729150000)]
2022-08-01 15:30:00  INFO  [(4003., 4048., 4003., 4045., 214146., 1861570, 20220729211500)
 (4045., 4056., 4031., 4035., 114192., 1864654, 20220729213000)
 (4036., 4042., 4025., 4036.,  65167., 1863082, 20220729214500)
 (4037., 4049., 4036., 4048.,  52625., 1863040, 20220729220000)
 (4049., 4074., 4045., 4060., 140841., 1876906, 20220729221500)
 (4060., 4097., 4060., 4095., 140964., 1888827, 20220729223000)
 (4096., 4114., 4085., 4111., 154280., 1890158, 20220729224500)
 (4111., 4123., 4085., 4103., 169154., 1870493, 20220729230000)
 (4121., 4133., 4073., 4076., 270653., 1858518, 20220801091500)
 (4075., 4093., 4075., 4084.,  79513., 1862860, 20220801093000)
 (4084., 4105., 4083., 4086.,  81837., 1869417, 20220801094500)
 (4087., 4090., 4068., 4081., 109955., 1854439, 20220801100000)
 (4082., 4095., 4081., 4089.,  50363., 1856937, 20220801101500)
 (4090., 4097., 4083., 4084.,  36611., 1859215, 20220801104500)
 (4083., 4120., 4083., 4117.,  96429., 1871828, 20220801110000)
 (4118., 4121., 4103., 4105.,  76844., 1874105, 20220801111500)
 (4104., 4110., 4091., 4106.,  65801., 1869980, 20220801113000)
 (4108., 4129., 4103., 4123.,  97595., 1880119, 20220801134500)
 (4124., 4132., 4113., 4116.,  83004., 1890474, 20220801140000)
 (4117., 4117., 4087., 4092., 117347., 1878757, 20220801141500)
 (4091., 4095., 4078., 4088., 102647., 1877147, 20220801143000)
 (4088., 4103., 4080., 4099.,  61820., 1875153, 20220801144500)
 (4099., 4111., 4090., 4093.,  79343., 1867672, 20220801150000)]
2022-08-02 15:30:00  INFO  [(4070., 4083., 4052., 4080., 190875., 1857917, 20220801211500)
 (4081., 4085., 4072., 4075.,  62136., 1863581, 20220801213000)
 (4075., 4085., 4066., 4084.,  77855., 1859700, 20220801214500)
 (4083., 4086., 4071., 4079.,  57882., 1858157, 20220801220000)
 (4079., 4088., 4075., 4081.,  56897., 1863035, 20220801221500)
 (4080., 4081., 4062., 4065.,  72633., 1865384, 20220801223000)
 (4065., 4079., 4064., 4076.,  44229., 1864440, 20220801224500)
 (4077., 4085., 4069., 4071.,  47856., 1854770, 20220801230000)
 (4066., 4074., 4055., 4063., 107964., 1854586, 20220802091500)
 (4064., 4081., 4064., 4069.,  66922., 1853701, 20220802093000)
 (4068., 4078., 4058., 4060.,  64800., 1846059, 20220802094500)
 (4059., 4069., 4057., 4065.,  45243., 1843777, 20220802100000)
 (4064., 4072., 4047., 4052.,  90242., 1835763, 20220802101500)
 (4052., 4057., 4026., 4030., 130767., 1828330, 20220802104500)
 (4029., 4041., 4013., 4038., 147066., 1830397, 20220802110000)
 (4038., 4041., 4016., 4035.,  84734., 1825559, 20220802111500)
 (4035., 4052., 4026., 4041., 125863., 1820578, 20220802113000)
 (4044., 4055., 4029., 4036.,  85511., 1824035, 20220802134500)
 (4035., 4044., 4031., 4042.,  47025., 1824119, 20220802140000)
 (4042., 4093., 4037., 4089., 216674., 1840748, 20220802141500)
 (4088., 4115., 4085., 4097., 182022., 1853632, 20220802143000)
 (4097., 4107., 4091., 4100.,  81476., 1857677, 20220802144500)
 (4099., 4108., 4093., 4104.,  90562., 1847616, 20220802150000)]
2022-08-03 15:30:00  INFO  [(4091., 4104., 4078., 4096., 153760., 1832022, 20220802211500)
 (4097., 4102., 4086., 4092.,  60457., 1831595, 20220802213000)
 (4092., 4095., 4077., 4081.,  74956., 1829026, 20220802214500)
 (4080., 4085., 4058., 4065., 112158., 1819935, 20220802220000)
 (4066., 4072., 4061., 4072.,  65978., 1816618, 20220802221500)
 (4071., 4081., 4063., 4073.,  69262., 1809694, 20220802223000)
 (4073., 4076., 4028., 4052., 186740., 1799307, 20220802224500)
 (4053., 4094., 4043., 4076., 174254., 1795190, 20220802230000)
 (4071., 4118., 4065., 4114., 207217., 1832480, 20220803091500)
 (4114., 4129., 4109., 4117., 119349., 1839856, 20220803093000)
 (4117., 4126., 4105., 4116.,  80518., 1845973, 20220803094500)
 (4116., 4132., 4111., 4124.,  87674., 1856362, 20220803100000)
 (4124., 4129., 4114., 4125.,  57401., 1860565, 20220803101500)
 (4123., 4138., 4109., 4121.,  97086., 1869563, 20220803104500)
 (4121., 4126., 4102., 4109.,  68140., 1866977, 20220803110000)
 (4109., 4122., 4107., 4120.,  39418., 1868374, 20220803111500)
 (4121., 4139., 4118., 4134.,  82420., 1878156, 20220803113000)
 (4135., 4140., 4116., 4135., 108706., 1885021, 20220803134500)
 (4135., 4145., 4128., 4131.,  84706., 1892833, 20220803140000)
 (4130., 4135., 4123., 4128.,  61723., 1885829, 20220803141500)
 (4129., 4134., 4119., 4127.,  53315., 1885856, 20220803143000)
 (4127., 4128., 4102., 4103., 101155., 1869943, 20220803144500)
 (4104., 4113., 4060., 4063., 202004., 1825651, 20220803150000)]
2022-08-04 15:30:00  INFO  [(4075., 4085., 4052., 4058., 217488., 1828852, 20220803211500)
 (4057., 4065., 4050., 4058.,  97712., 1824329, 20220803213000)
 (4058., 4073., 4054., 4067.,  75434., 1825679, 20220803214500)
 (4068., 4075., 4061., 4062.,  58529., 1824119, 20220803220000)
 (4061., 4065., 4046., 4049., 105697., 1820613, 20220803221500)
 (4049., 4054., 4034., 4041.,  96521., 1817836, 20220803223000)
 (4040., 4057., 4037., 4053.,  76725., 1817535, 20220803224500)
 (4054., 4054., 4025., 4033., 111548., 1813649, 20220803230000)
 (4033., 4034., 4016., 4027., 128619., 1819564, 20220804091500)
 (4027., 4040., 4025., 4038.,  63294., 1822190, 20220804093000)
 (4038., 4045., 4034., 4037.,  55538., 1817287, 20220804094500)
 (4037., 4050., 4036., 4050.,  52740., 1816584, 20220804100000)
 (4049., 4065., 4033., 4033., 109373., 1811821, 20220804101500)
 (4033., 4037., 4008., 4016., 147272., 1815929, 20220804104500)
 (4017., 4028., 4012., 4022.,  59667., 1812896, 20220804110000)
 (4023., 4033., 4015., 4026.,  47750., 1815686, 20220804111500)
 (4026., 4031., 4017., 4027.,  62024., 1805346, 20220804113000)
 (4029., 4041., 4005., 4010., 146108., 1823131, 20220804134500)
 (4010., 4013., 3986., 3997., 157997., 1822599, 20220804140000)
 (3996., 4020., 3995., 4013., 104218., 1808864, 20220804141500)
 (4013., 4018., 3994., 3998.,  76517., 1806851, 20220804143000)
 (3998., 3999., 3975., 3984., 136599., 1800030, 20220804144500)
 (3984., 3994., 3974., 3980., 104522., 1783755, 20220804150000)]
2022-08-05 15:30:00  INFO  [(3978., 3993., 3964., 3970., 155175., 1778972, 20220804211500)
 (3971., 3980., 3963., 3968.,  61890., 1778073, 20220804213000)
 (3968., 3978., 3964., 3974.,  50640., 1773805, 20220804214500)
 (3975., 3991., 3973., 3987.,  74636., 1776408, 20220804220000)
 (3987., 4018., 3982., 4000., 131240., 1770512, 20220804221500)
 (3999., 4013., 3995., 4008.,  71886., 1771204, 20220804223000)
 (4008., 4011., 3989., 3994.,  70829., 1767490, 20220804224500)
 (3995., 4006., 3981., 3990.,  73143., 1756093, 20220804230000)
 (3991., 4002., 3985., 3999.,  70315., 1762391, 20220805091500)
 (3999., 4017., 3994., 4016.,  76900., 1769323, 20220805093000)
 (4016., 4032., 4016., 4026., 125024., 1759992, 20220805094500)
 (4027., 4037., 4021., 4032.,  72843., 1765930, 20220805100000)
 (4031., 4040., 4020., 4038.,  65290., 1765755, 20220805101500)
 (4038., 4048., 4036., 4047.,  76809., 1773406, 20220805104500)
 (4047., 4053., 4036., 4037.,  76707., 1776182, 20220805110000)
 (4038., 4038., 4025., 4030.,  60068., 1777786, 20220805111500)
 (4031., 4060., 4029., 4050.,  92649., 1787906, 20220805113000)
 (4042., 4061., 4042., 4061.,  68521., 1797021, 20220805134500)
 (4061., 4074., 4060., 4066., 100115., 1793375, 20220805140000)
 (4066., 4070., 4057., 4068.,  54562., 1794889, 20220805141500)
 (4068., 4081., 4067., 4076.,  74077., 1796415, 20220805143000)
 (4077., 4080., 4063., 4064.,  59750., 1795372, 20220805144500)
 (4064., 4066., 4031., 4036., 151270., 1773775, 20220805150000)]
2022-08-08 15:30:00  INFO  [(4040., 4045., 4022., 4027., 149823., 1768436, 20220805211500)
 (4028., 4048., 4026., 4037.,  70395., 1767490, 20220805213000)
 (4037., 4066., 4035., 4061.,  86436., 1767521, 20220805214500)
 (4061., 4076., 4059., 4074.,  80571., 1772219, 20220805220000)
 (4074., 4097., 4067., 4096., 129056., 1784278, 20220805221500)
 (4096., 4103., 4083., 4088.,  96153., 1790750, 20220805223000)
 (4089., 4113., 4087., 4112.,  90131., 1790758, 20220805224500)
 (4113., 4126., 4107., 4125., 106977., 1774999, 20220805230000)
 (4100., 4128., 4079., 4098., 243895., 1762240, 20220808091500)
 (4097., 4118., 4095., 4116.,  78376., 1767241, 20220808093000)
 (4117., 4142., 4114., 4141., 117696., 1774042, 20220808094500)
 (4141., 4154., 4134., 4143., 119511., 1779282, 20220808100000)
 (4143., 4145., 4124., 4136.,  68028., 1774697, 20220808101500)
 (4136., 4145., 4128., 4130.,  47125., 1772801, 20220808104500)
 (4130., 4136., 4122., 4125.,  35476., 1774141, 20220808110000)
 (4125., 4140., 4122., 4133.,  33978., 1773169, 20220808111500)
 (4134., 4134., 4116., 4124.,  51049., 1765845, 20220808113000)
 (4121., 4130., 4114., 4124.,  55481., 1767150, 20220808134500)
 (4125., 4140., 4123., 4135.,  46370., 1765789, 20220808140000)
 (4135., 4147., 4130., 4145.,  51096., 1768604, 20220808141500)
 (4145., 4148., 4133., 4134.,  47527., 1771936, 20220808143000)
 (4135., 4145., 4127., 4141.,  53415., 1772961, 20220808144500)
 (4141., 4146., 4129., 4136.,  75226., 1759184, 20220808150000)]
2022-08-09 15:30:00  INFO  [(4130., 4149., 4116., 4145., 146474., 1761739, 20220808211500)
 (4145., 4158., 4140., 4145.,  82679., 1760231, 20220808213000)
 (4146., 4152., 4141., 4148.,  51376., 1760757, 20220808214500)
 (4148., 4152., 4139., 4149.,  50588., 1761032, 20220808220000)
 (4148., 4151., 4128., 4130.,  83508., 1756407, 20220808221500)
 (4131., 4135., 4113., 4118.,  79650., 1752987, 20220808223000)
 (4117., 4130., 4112., 4125.,  50585., 1748554, 20220808224500)
 (4124., 4132., 4116., 4130.,  49962., 1739312, 20220808230000)
 (4128., 4131., 4111., 4114.,  96541., 1736679, 20220809091500)
 (4114., 4123., 4108., 4114.,  49098., 1735682, 20220809093000)
 (4115., 4124., 4106., 4117.,  63366., 1740607, 20220809094500)
 (4119., 4120., 4107., 4110.,  46967., 1741493, 20220809100000)
 (4111., 4113., 4095., 4106.,  77395., 1740716, 20220809101500)
 (4106., 4119., 4104., 4115.,  41087., 1745727, 20220809104500)
 (4116., 4119., 4106., 4118.,  34746., 1746257, 20220809110000)
 (4118., 4124., 4106., 4109.,  54419., 1743266, 20220809111500)
 (4110., 4114., 4096., 4100.,  64759., 1738521, 20220809113000)
 (4097., 4102., 4080., 4092., 131289., 1738768, 20220809134500)
 (4091., 4097., 4086., 4091.,  62131., 1738326, 20220809140000)
 (4091., 4109., 4085., 4106.,  73982., 1737974, 20220809141500)
 (4106., 4111., 4077., 4083., 122609., 1731747, 20220809143000)
 (4083., 4092., 4079., 4086.,  49559., 1732915, 20220809144500)
 (4086., 4094., 4080., 4089.,  70277., 1718371, 20220809150000)]
2022-08-10 15:30:00  INFO  [(4089., 4097., 4068., 4095., 160696., 1722901, 20220809211500)
 (4095., 4114., 4092., 4106., 128932., 1728191, 20220809213000)
 (4106., 4118., 4105., 4112.,  63330., 1731107, 20220809214500)
 (4112., 4113., 4099., 4105.,  49647., 1727662, 20220809220000)
 (4106., 4106., 4093., 4102.,  46608., 1723652, 20220809221500)
 (4102., 4115., 4102., 4112.,  54050., 1723654, 20220809223000)
 (4112., 4113., 4056., 4063., 182008., 1717366, 20220809224500)
 (4064., 4074., 4058., 4071.,  98268., 1704218, 20220809230000)
 (4071., 4078., 4061., 4067.,  67637., 1708865, 20220810091500)
 (4067., 4077., 4066., 4070.,  36817., 1705894, 20220810093000)
 (4071., 4095., 4066., 4091.,  83260., 1708451, 20220810094500)
 (4091., 4097., 4087., 4097.,  45337., 1711371, 20220810100000)
 (4096., 4113., 4091., 4102.,  83315., 1708613, 20220810101500)
 (4101., 4104., 4075., 4079.,  99374., 1703083, 20220810104500)
 (4078., 4085., 4073., 4074.,  43919., 1704530, 20220810110000)
 (4073., 4076., 4057., 4066., 104077., 1705655, 20220810111500)
 (4066., 4074., 4052., 4053.,  70438., 1705482, 20220810113000)
 (4050., 4078., 4047., 4071., 118471., 1701278, 20220810134500)
 (4071., 4071., 4056., 4066.,  55854., 1707998, 20220810140000)
 (4066., 4072., 4057., 4069.,  46179., 1707403, 20220810141500)
 (4069., 4082., 4065., 4078.,  56091., 1708502, 20220810143000)
 (4078., 4081., 4063., 4069.,  69088., 1712521, 20220810144500)
 (4069., 4080., 4059., 4066.,  71029., 1703285, 20220810150000)]
2022-08-11 15:30:00  INFO  [(4100., 4130., 4085., 4089., 245423., 1686797, 20220810211500)
 (4089., 4090., 4073., 4078., 100125., 1689445, 20220810213000)
 (4079., 4081., 4062., 4068.,  90012., 1699967, 20220810214500)
 (4067., 4071., 4060., 4070.,  56766., 1701191, 20220810220000)
 (4070., 4074., 4051., 4052.,  66118., 1706163, 20220810221500)
 (4051., 4057., 4033., 4033., 141598., 1715496, 20220810223000)
 (4034., 4052., 4032., 4041.,  72140., 1712123, 20220810224500)
 (4041., 4051., 4038., 4040.,  46280., 1705536, 20220810230000)
 (4050., 4070., 4050., 4061., 120650., 1695270, 20220811091500)
 (4061., 4085., 4061., 4082.,  98808., 1691934, 20220811093000)
 (4083., 4095., 4078., 4093.,  79171., 1697101, 20220811094500)
 (4094., 4105., 4085., 4099., 123868., 1688624, 20220811100000)
 (4098., 4102., 4080., 4088.,  62794., 1684772, 20220811101500)
 (4088., 4093., 4060., 4060.,  85696., 1684128, 20220811104500)
 (4061., 4070., 4056., 4069.,  59433., 1681280, 20220811110000)
 (4070., 4087., 4064., 4081.,  70485., 1682602, 20220811111500)
 (4081., 4095., 4075., 4077.,  65310., 1681470, 20220811113000)
 (4071., 4111., 4052., 4102., 286842., 1690671, 20220811134500)
 (4103., 4105., 4094., 4102.,  83941., 1693928, 20220811140000)
 (4102., 4105., 4090., 4094.,  49550., 1690772, 20220811141500)
 (4095., 4108., 4087., 4107.,  70877., 1695463, 20220811143000)
 (4107., 4113., 4098., 4106.,  80675., 1704608, 20220811144500)
 (4106., 4110., 4101., 4108.,  71493., 1688732, 20220811150000)]
2022-08-12 15:30:00  INFO  [(4118., 4137., 4109., 4112., 184081., 1704464, 20220811211500)
 (4112., 4126., 4111., 4123.,  60179., 1707807, 20220811213000)
 (4124., 4126., 4116., 4120.,  33175., 1709264, 20220811214500)
 (4120., 4120., 4106., 4108.,  50647., 1705683, 20220811220000)
 (4108., 4114., 4105., 4113.,  27694., 1705434, 20220811221500)
 (4113., 4124., 4109., 4111.,  48825., 1704392, 20220811223000)
 (4110., 4127., 4110., 4125.,  39717., 1704872, 20220811224500)
 (4126., 4132., 4122., 4130.,  88730., 1707205, 20220811230000)
 (4131., 4148., 4126., 4139., 116557., 1725013, 20220812091500)
 (4139., 4150., 4136., 4150.,  64236., 1738949, 20220812093000)
 (4150., 4153., 4132., 4137.,  81637., 1742241, 20220812094500)
 (4136., 4139., 4121., 4127.,  85299., 1726733, 20220812100000)
 (4127., 4133., 4106., 4113., 121050., 1711052, 20220812101500)
 (4113., 4120., 4111., 4112.,  46840., 1707511, 20220812104500)
 (4111., 4122., 4108., 4112.,  41579., 1705846, 20220812110000)
 (4112., 4113., 4100., 4110.,  58899., 1694064, 20220812111500)
 (4110., 4116., 4106., 4115.,  36058., 1690544, 20220812113000)
 (4118., 4138., 4118., 4129., 100203., 1700477, 20220812134500)
 (4129., 4142., 4127., 4138.,  58642., 1713447, 20220812140000)
 (4139., 4144., 4131., 4135.,  54202., 1722156, 20220812141500)
 (4135., 4146., 4135., 4143.,  54343., 1736471, 20220812143000)
 (4143., 4148., 4134., 4146.,  59097., 1741788, 20220812144500)
 (4146., 4150., 4136., 4150.,  78937., 1738768, 20220812150000)]
2022-08-15 15:30:00  INFO  [(4120., 4178., 4120., 4170., 274084., 1765458, 20220812211500)
 (4171., 4183., 4159., 4179., 126586., 1768680, 20220812213000)
 (4179., 4182., 4168., 4173.,  83594., 1774203, 20220812214500)
 (4173., 4179., 4167., 4178.,  56032., 1777669, 20220812220000)
 (4177., 4178., 4167., 4171.,  41447., 1780751, 20220812221500)
 (4171., 4192., 4168., 4189.,  95171., 1787883, 20220812223000)
 (4189., 4197., 4184., 4197.,  84299., 1802808, 20220812224500)
 (4195., 4196., 4178., 4190.,  83839., 1791966, 20220812230000)
 (4185., 4188., 4155., 4162., 199533., 1784371, 20220815091500)
 (4163., 4193., 4162., 4193., 102959., 1797690, 20220815093000)
 (4193., 4195., 4184., 4192.,  70161., 1802403, 20220815094500)
 (4192., 4199., 4178., 4195.,  74870., 1802529, 20220815100000)
 (4194., 4196., 4157., 4159., 176594., 1789404, 20220815101500)
 (4158., 4171., 4146., 4152., 132916., 1780386, 20220815104500)
 (4152., 4157., 4136., 4149.,  99796., 1775635, 20220815110000)
 (4149., 4159., 4142., 4155.,  51653., 1779103, 20220815111500)
 (4155., 4156., 4134., 4140.,  58987., 1774590, 20220815113000)
 (4142., 4151., 4137., 4142.,  54177., 1769931, 20220815134500)
 (4142., 4142., 4114., 4122., 116321., 1766693, 20220815140000)
 (4121., 4127., 4095., 4105., 136785., 1762882, 20220815141500)
 (4107., 4120., 4100., 4118., 101721., 1760707, 20220815143000)
 (4118., 4128., 4105., 4128.,  75923., 1760161, 20220815144500)
 (4128., 4134., 4120., 4126., 101584., 1746361, 20220815150000)]
2022-08-16 15:30:00  INFO  [(4090., 4105., 4078., 4100., 196476., 1732623, 20220815211500)
 (4099., 4106., 4094., 4094.,  52470., 1731262, 20220815213000)
 (4095., 4105., 4091., 4099.,  42520., 1730761, 20220815214500)
 (4098., 4103., 4095., 4095.,  30845., 1732185, 20220815220000)
 (4096., 4104., 4086., 4104.,  52142., 1734845, 20220815221500)
 (4104., 4116., 4103., 4110.,  46034., 1738577, 20220815223000)
 (4110., 4117., 4104., 4116.,  29802., 1736140, 20220815224500)
 (4115., 4120., 4110., 4115.,  36422., 1730685, 20220815230000)
 (4116., 4133., 4115., 4125.,  86962., 1736860, 20220816091500)
 (4125., 4131., 4120., 4129.,  33782., 1738453, 20220816093000)
 (4129., 4145., 4128., 4143.,  70544., 1740620, 20220816094500)
 (4145., 4150., 4139., 4140.,  63902., 1739107, 20220816100000)
 (4140., 4162., 4139., 4160.,  86041., 1747285, 20220816101500)
 (4160., 4180., 4156., 4180., 124485., 1751202, 20220816104500)
 (4180., 4183., 4172., 4181., 118664., 1758116, 20220816110000)
 (4181., 4183., 4167., 4177.,  63884., 1761300, 20220816111500)
 (4176., 4179., 4162., 4171.,  63566., 1755035, 20220816113000)
 (4166., 4174., 4152., 4165.,  79785., 1748232, 20220816134500)
 (4164., 4175., 4158., 4170.,  48860., 1751391, 20220816140000)
 (4170., 4173., 4164., 4172.,  33270., 1752785, 20220816141500)
 (4172., 4175., 4158., 4160.,  36702., 1754161, 20220816143000)
 (4159., 4169., 4156., 4163.,  39307., 1749860, 20220816144500)
 (4163., 4167., 4153., 4153.,  66332., 1732832, 20220816150000)]
2022-08-17 15:30:00  INFO  [(4160., 4174., 4155., 4161., 106019., 1735115, 20220816211500)
 (4162., 4162., 4143., 4148.,  81660., 1732390, 20220816213000)
 (4147., 4157., 4145., 4153.,  47218., 1729844, 20220816214500)
 (4152., 4162., 4149., 4150.,  38205., 1728643, 20220816220000)
 (4149., 4162., 4146., 4149.,  48350., 1727622, 20220816221500)
 (4150., 4154., 4144., 4144.,  32686., 1729376, 20220816223000)
 (4145., 4151., 4142., 4147.,  34894., 1727507, 20220816224500)
 (4147., 4150., 4136., 4141.,  53224., 1720945, 20220816230000)
 (4144., 4147., 4132., 4139.,  90907., 1720942, 20220817091500)
 (4139., 4139., 4127., 4128.,  71572., 1711494, 20220817093000)
 (4126., 4127., 4102., 4106., 147025., 1706877, 20220817094500)
 (4105., 4121., 4104., 4113.,  71376., 1702132, 20220817100000)
 (4113., 4115., 4095., 4106.,  81803., 1695338, 20220817101500)
 (4106., 4111., 4090., 4091.,  81080., 1692105, 20220817104500)
 (4091., 4096., 4081., 4087.,  90971., 1684316, 20220817110000)
 (4086., 4095., 4074., 4075.,  97580., 1679283, 20220817111500)
 (4074., 4080., 4060., 4063., 137842., 1669287, 20220817113000)
 (4063., 4071., 4050., 4064., 144540., 1669552, 20220817134500)
 (4065., 4067., 4053., 4066.,  77261., 1671860, 20220817140000)
 (4065., 4075., 4062., 4070.,  73271., 1671373, 20220817141500)
 (4069., 4070., 4041., 4044.,  99026., 1668919, 20220817143000)
 (4042., 4043., 4007., 4011., 211913., 1662638, 20220817144500)
 (4012., 4017., 3985., 3993., 236993., 1659566, 20220817150000)]
2022-08-18 15:30:00  INFO  [(4003., 4019., 3994., 4016., 169935., 1663608, 20220817211500)
 (4015., 4026., 4012., 4019.,  91631., 1672173, 20220817213000)
 (4019., 4022., 4005., 4021.,  70897., 1676449, 20220817214500)
 (4020., 4021., 4007., 4015.,  43962., 1678365, 20220817220000)
 (4015., 4023., 4013., 4021.,  33578., 1676548, 20220817221500)
 (4021., 4028., 4015., 4024.,  40578., 1677328, 20220817223000)
 (4025., 4033., 4015., 4019.,  58948., 1673362, 20220817224500)
 (4020., 4024., 4009., 4019.,  44488., 1666766, 20220817230000)
 (4023., 4031., 4018., 4027.,  65268., 1667528, 20220818091500)
 (4027., 4037., 4024., 4034.,  51934., 1668372, 20220818093000)
 (4035., 4046., 4031., 4044.,  61981., 1670493, 20220818094500)
 (4043., 4044., 4031., 4038.,  47665., 1669364, 20220818100000)
 (4038., 4039., 4018., 4018.,  57844., 1669398, 20220818101500)
 (4019., 4020., 3980., 3993., 144667., 1673692, 20220818104500)
 (3993., 4010., 3986., 3996.,  93818., 1675048, 20220818110000)
 (3995., 4012., 3993., 4008.,  60104., 1674216, 20220818111500)
 (4008., 4034., 4003., 4029.,  83474., 1664204, 20220818113000)
 (4046., 4070., 4046., 4057., 264640., 1674117, 20220818134500)
 (4056., 4070., 4047., 4069., 114572., 1680138, 20220818140000)
 (4070., 4075., 4061., 4065.,  89444., 1688639, 20220818141500)
 (4065., 4071., 4048., 4055.,  79412., 1686867, 20220818143000)
 (4055., 4055., 4037., 4041.,  90615., 1674649, 20220818144500)
 (4040., 4050., 4032., 4041.,  99480., 1659860, 20220818150000)]
2022-08-19 15:30:00  INFO  [(4050., 4062., 4040., 4049., 142137., 1641457, 20220818211500)
 (4050., 4055., 4043., 4050.,  79959., 1620087, 20220818213000)
 (4050., 4051., 4038., 4040.,  56423., 1606625, 20220818214500)
 (4040., 4040., 4016., 4022., 102790., 1596294, 20220818220000)
 (4023., 4023., 3990., 3991., 153796., 1578977, 20220818221500)
 (3992., 4025., 3982., 4018., 157776., 1565304, 20220818223000)
 (4018., 4021., 4000., 4006.,  66407., 1563042, 20220818224500)
 (4006., 4020., 4004., 4016.,  52067., 1552489, 20220818230000)
 (4017., 4030., 4009., 4013.,  76850., 1551812, 20220819091500)
 (4012., 4020., 4002., 4003.,  44867., 1554044, 20220819093000)
 (4003., 4016., 4002., 4016.,  33400., 1555636, 20220819094500)
 (4017., 4020., 3998., 4000.,  52026., 1551690, 20220819100000)
 (4000., 4008., 3991., 4004.,  56950., 1546107, 20220819101500)
 (4004., 4015., 3997., 4012.,  59367., 1540278, 20220819104500)
 (4013., 4026., 4006., 4026.,  59355., 1537368, 20220819110000)
 (4025., 4033., 4011., 4024.,  80093., 1535168, 20220819111500)
 (4024., 4030., 4012., 4023.,  61857., 1528993, 20220819113000)
 (4019., 4020., 3995., 3997.,  98724., 1523301, 20220819134500)
 (3997., 4003., 3983., 3985.,  89377., 1532776, 20220819140000)
 (3985., 3993., 3960., 3963., 181305., 1529261, 20220819141500)
 (3962., 3985., 3955., 3968., 127924., 1521672, 20220819143000)
 (3968., 3971., 3934., 3936., 143168., 1521302, 20220819144500)
 (3937., 3945., 3924., 3929., 186083., 1514851, 20220819150000)]
2022-08-22 15:30:00  INFO  [(3948., 3948., 3927., 3932., 153069., 1522952, 20220819211500)
 (3932., 3961., 3924., 3959., 118355., 1526125, 20220819213000)
 (3959., 3963., 3950., 3958.,  85892., 1520818, 20220819214500)
 (3958., 3967., 3946., 3962.,  67016., 1517967, 20220819220000)
 (3963., 3977., 3956., 3973.,  64542., 1513988, 20220819221500)
 (3973., 3985., 3970., 3974., 103638., 1505986, 20220819223000)
 (3974., 3995., 3970., 3990.,  82120., 1499519, 20220819224500)
 (3990., 3996., 3982., 3990.,  73462., 1486097, 20220819230000)
 (3995., 4020., 3991., 4020., 182996., 1486362, 20220822091500)
 (4019., 4020., 3982., 3995., 114275., 1479879, 20220822093000)
 (3995., 4006., 3983., 4003.,  60599., 1479078, 20220822094500)
 (4003., 4014., 4001., 4012.,  48151., 1481220, 20220822100000)
 (4011., 4023., 4007., 4009.,  58478., 1482973, 20220822101500)
 (4009., 4012., 3999., 4003.,  40343., 1484374, 20220822104500)
 (4003., 4021., 4000., 4019.,  46026., 1487777, 20220822110000)
 (4020., 4023., 4007., 4013.,  44657., 1488767, 20220822111500)
 (4012., 4027., 4005., 4007.,  74376., 1494812, 20220822113000)
 (4008., 4013., 3992., 3994.,  65678., 1498674, 20220822134500)
 (3994., 4011., 3993., 4010.,  47451., 1499753, 20220822140000)
 (4010., 4015., 4003., 4012.,  39731., 1499122, 20220822141500)
 (4012., 4020., 4011., 4016.,  41340., 1499679, 20220822143000)
 (4015., 4017., 4000., 4009.,  45849., 1495155, 20220822144500)
 (4009., 4012., 3998., 4010.,  74052., 1472526, 20220822150000)]
2022-08-23 15:30:00  INFO  [(4005., 4014., 3991., 3996.,  89141., 1472745, 20220822211500)
 (3996., 4005., 3994., 4001.,  46212., 1468750, 20220822213000)
 (4001., 4002., 3974., 3982.,  94654., 1467040, 20220822214500)
 (3983., 3987., 3973., 3983.,  53917., 1464785, 20220822220000)
 (3983., 3996., 3979., 3991.,  57689., 1459617, 20220822221500)
 (3991., 4008., 3988., 4001.,  63084., 1452075, 20220822223000)
 (4001., 4006., 3996., 3999.,  27036., 1449107, 20220822224500)
 (3999., 4033., 3993., 4028.,  68890., 1434544, 20220822230000)
 (4029., 4048., 4029., 4047., 131612., 1437552, 20220823091500)
 (4048., 4060., 4042., 4050.,  87589., 1435715, 20220823093000)
 (4049., 4059., 4043., 4050.,  38334., 1435144, 20220823094500)
 (4050., 4063., 4047., 4061.,  46450., 1434989, 20220823100000)
 (4061., 4064., 4053., 4060.,  40108., 1437523, 20220823101500)
 (4060., 4061., 4045., 4047.,  35453., 1437217, 20220823104500)
 (4046., 4053., 4043., 4047.,  24433., 1435203, 20220823110000)
 (4047., 4056., 4046., 4054.,  21798., 1433107, 20220823111500)
 (4055., 4063., 4050., 4051.,  32293., 1433691, 20220823113000)
 (4046., 4048., 4036., 4043.,  59647., 1430760, 20220823134500)
 (4043., 4046., 4033., 4042.,  39430., 1429090, 20220823140000)
 (4043., 4054., 4039., 4043.,  37106., 1430007, 20220823141500)
 (4042., 4046., 4033., 4035.,  34130., 1427719, 20220823143000)
 (4036., 4041., 4026., 4041.,  49694., 1419928, 20220823144500)
 (4041., 4052., 4036., 4052.,  58438., 1411349, 20220823150000)]
2022-08-24 15:30:00  INFO  [(4054., 4059., 4041., 4050., 95104., 1398693, 20220823211500)
 (4050., 4057., 4047., 4049., 29938., 1399665, 20220823213000)
 (4050., 4063., 4048., 4061., 46964., 1399205, 20220823214500)
 (4061., 4068., 4056., 4060., 51568., 1400400, 20220823220000)
 (4059., 4065., 4057., 4063., 25349., 1397158, 20220823221500)
 (4062., 4089., 4062., 4078., 95816., 1392484, 20220823223000)
 (4079., 4090., 4078., 4090., 41415., 1392995, 20220823224500)
 (4090., 4094., 4073., 4077., 58507., 1385945, 20220823230000)
 (4077., 4082., 4067., 4068., 57657., 1382826, 20220824091500)
 (4067., 4077., 4067., 4074., 27699., 1378509, 20220824093000)
 (4074., 4077., 4058., 4064., 49968., 1370243, 20220824094500)
 (4064., 4064., 4047., 4048., 64712., 1365228, 20220824100000)
 (4048., 4061., 4045., 4053., 40821., 1359964, 20220824101500)
 (4053., 4053., 4034., 4038., 72639., 1345000, 20220824104500)
 (4037., 4060., 4037., 4059., 49670., 1341213, 20220824110000)
 (4058., 4072., 4054., 4072., 57107., 1341307, 20220824111500)
 (4071., 4080., 4062., 4064., 61766., 1337517, 20220824113000)
 (4063., 4076., 4054., 4073., 79489., 1317389, 20220824134500)
 (4074., 4077., 4058., 4065., 55605., 1311302, 20220824140000)
 (4064., 4067., 4054., 4060., 35657., 1307461, 20220824141500)
 (4060., 4061., 4048., 4055., 40550., 1304712, 20220824143000)
 (4055., 4080., 4054., 4080., 72692., 1295568, 20220824144500)
 (4080., 4089., 4072., 4086., 89890., 1288077, 20220824150000)]
2022-08-25 15:30:00  INFO  [(4089., 4100., 4079., 4083., 107212., 1284464, 20220824211500)
 (4084., 4097., 4082., 4090.,  47057., 1287580, 20220824213000)
 (4089., 4099., 4089., 4097.,  46009., 1292240, 20220824214500)
 (4097., 4098., 4084., 4094.,  59527., 1279222, 20220824220000)
 (4093., 4099., 4088., 4099.,  37881., 1279591, 20220824221500)
 (4099., 4104., 4088., 4096.,  37840., 1276064, 20220824223000)
 (4096., 4098., 4077., 4082.,  46335., 1267142, 20220824224500)
 (4082., 4090., 4082., 4087.,  27411., 1260414, 20220824230000)
 (4090., 4097., 4079., 4080.,  57359., 1260606, 20220825091500)
 (4080., 4090., 4071., 4073.,  44617., 1252562, 20220825093000)
 (4074., 4082., 4068., 4074.,  40957., 1246320, 20220825094500)
 (4073., 4091., 4072., 4090.,  42239., 1240235, 20220825100000)
 (4090., 4094., 4081., 4088.,  40535., 1235018, 20220825101500)
 (4089., 4099., 4086., 4090.,  38921., 1235466, 20220825104500)
 (4090., 4095., 4090., 4095.,  18175., 1235589, 20220825110000)
 (4094., 4110., 4092., 4101.,  73556., 1238587, 20220825111500)
 (4101., 4105., 4095., 4105.,  26886., 1237296, 20220825113000)
 (4092., 4092., 4052., 4078., 202777., 1201319, 20220825134500)
 (4078., 4088., 4076., 4078.,  68126., 1198572, 20220825140000)
 (4078., 4084., 4065., 4068.,  62029., 1186514, 20220825141500)
 (4067., 4077., 4063., 4071.,  49466., 1182328, 20220825143000)
 (4071., 4079., 4059., 4060.,  57604., 1181206, 20220825144500)
 (4060., 4066., 4043., 4052.,  92044., 1165706, 20220825150000)]
2022-08-26 15:30:00  INFO  [(4052., 4074., 4046., 4071., 118965., 1144734, 20220825211500)
 (4070., 4080., 4067., 4075.,  46514., 1149567, 20220825213000)
 (4075., 4080., 4070., 4073.,  43020., 1146341, 20220825214500)
 (4073., 4077., 4070., 4073.,  22232., 1142161, 20220825220000)
 (4072., 4080., 4054., 4062.,  59590., 1142419, 20220825221500)
 (4063., 4064., 4051., 4054.,  43453., 1143293, 20220825223000)
 (4053., 4061., 4047., 4051.,  43181., 1140672, 20220825224500)
 (4052., 4061., 4043., 4061.,  51630., 1131022, 20220825230000)
 (4060., 4067., 4054., 4056.,  48934., 1133957, 20220826091500)
 (4057., 4073., 4055., 4073.,  40142., 1131915, 20220826093000)
 (4072., 4073., 4063., 4072.,  31797., 1131547, 20220826094500)
 (4071., 4077., 4060., 4076.,  39302., 1132284, 20220826100000)
 (4075., 4084., 4072., 4079.,  46224., 1131351, 20220826101500)
 (4079., 4095., 4079., 4093.,  75577., 1135762, 20220826104500)
 (4093., 4098., 4091., 4095.,  49749., 1142489, 20220826110000)
 (4095., 4098., 4081., 4081.,  54979., 1145174, 20220826111500)
 (4082., 4095., 4080., 4089.,  34940., 1143056, 20220826113000)
 (4089., 4094., 4081., 4093.,  33614., 1138324, 20220826134500)
 (4093., 4099., 4089., 4096.,  35207., 1141869, 20220826140000)
 (4097., 4100., 4090., 4094.,  30333., 1144627, 20220826141500)
 (4094., 4100., 4086., 4099.,  37545., 1142879, 20220826143000)
 (4099., 4112., 4093., 4095.,  96796., 1137833, 20220826144500)
 (4095., 4107., 4088., 4097.,  84871., 1114193, 20220826150000)]
2022-08-29 15:30:00  INFO  [(4105., 4130., 4101., 4105., 124027., 1103045, 20220826211500)
 (4106., 4107., 4097., 4099.,  48413., 1090136, 20220826213000)
 (4099., 4101., 4074., 4076.,  84102., 1074133, 20220826214500)
 (4076., 4079., 4055., 4067., 109728., 1063069, 20220826220000)
 (4066., 4077., 4051., 4074., 101493., 1052296, 20220826221500)
 (4074., 4082., 4062., 4066.,  50834., 1046827, 20220826223000)
 (4065., 4069., 4050., 4059.,  60601., 1048118, 20220826224500)
 (4059., 4067., 4051., 4055.,  50349., 1037380, 20220826230000)
 (4045., 4045., 4000., 4010., 217082., 1025291, 20220829091500)
 (4011., 4015., 3980., 3984., 112173., 1023120, 20220829093000)
 (3983., 3998., 3980., 3993.,  69485., 1021894, 20220829094500)
 (3993., 4006., 3989., 3996.,  43751., 1022496, 20220829100000)
 (3996., 3997., 3985., 3990.,  36354., 1025858, 20220829101500)
 (3991., 3992., 3980., 3984.,  55520., 1031418, 20220829104500)
 (3984., 3985., 3973., 3974.,  45636., 1030383, 20220829110000)
 (3974., 3987., 3972., 3979.,  46834., 1021250, 20220829111500)
 (3978., 3990., 3976., 3987.,  34471., 1012280, 20220829113000)
 (3983., 3983., 3963., 3972.,  73328., 1014215, 20220829134500)
 (3972., 3973., 3964., 3971.,  34804., 1010613, 20220829140000)
 (3971., 3971., 3950., 3955.,  56219., 1002859, 20220829141500)
 (3954., 3968., 3951., 3960.,  41932.,  999436, 20220829143000)
 (3960., 3967., 3953., 3957.,  32044.,  998542, 20220829144500)
 (3956., 3974., 3944., 3965.,  81525.,  979188, 20220829150000)]
2022-08-30 15:30:00  INFO  [(3965., 3972., 3946., 3955., 117567., 966099, 20220829211500)
 (3955., 3955., 3936., 3950.,  73126., 960477, 20220829213000)
 (3950., 3963., 3945., 3950.,  47657., 953094, 20220829214500)
 (3949., 3959., 3945., 3955.,  21855., 949386, 20220829220000)
 (3955., 3962., 3950., 3959.,  26345., 950364, 20220829221500)
 (3958., 3962., 3942., 3942.,  34456., 950458, 20220829223000)
 (3943., 3950., 3940., 3946.,  18114., 950383, 20220829224500)
 (3947., 3953., 3941., 3943.,  23659., 945136, 20220829230000)
 (3943., 3961., 3934., 3938.,  59434., 945595, 20220830091500)
 (3939., 3942., 3930., 3932.,  44094., 945049, 20220830093000)
 (3932., 3933., 3900., 3903., 109250., 934737, 20220830094500)
 (3902., 3929., 3902., 3914.,  59673., 933331, 20220830100000)
 (3913., 3925., 3900., 3911.,  63566., 920339, 20220830101500)
 (3910., 3915., 3888., 3902.,  72210., 913747, 20220830104500)
 (3901., 3915., 3899., 3903.,  33754., 906940, 20220830110000)
 (3904., 3907., 3893., 3898.,  30222., 904895, 20220830111500)
 (3898., 3903., 3891., 3898.,  26805., 900829, 20220830113000)
 (3899., 3899., 3886., 3893.,  49309., 896842, 20220830134500)
 (3893., 3896., 3881., 3889.,  46630., 893905, 20220830140000)
 (3890., 3894., 3884., 3885.,  25529., 890777, 20220830141500)
 (3884., 3888., 3865., 3867.,  50475., 886474, 20220830143000)
 (3867., 3885., 3861., 3885.,  57451., 883641, 20220830144500)
 (3885., 3897., 3870., 3875.,  80782., 870285, 20220830150000)]
2022-08-31 15:30:00  INFO  [(3900., 3918., 3886., 3909., 131327., 845464, 20220830211500)
 (3909., 3913., 3902., 3904.,  37755., 842430, 20220830213000)
 (3904., 3912., 3901., 3907.,  20357., 840966, 20220830214500)
 (3907., 3913., 3901., 3912.,  19668., 837316, 20220830220000)
 (3913., 3915., 3906., 3909.,  16621., 833809, 20220830221500)
 (3909., 3919., 3908., 3914.,  20219., 830065, 20220830223000)
 (3915., 3920., 3910., 3915.,  17679., 827716, 20220830224500)
 (3915., 3916., 3903., 3907.,  28127., 824016, 20220830230000)
 (3906., 3917., 3902., 3910.,  39218., 816263, 20220831091500)
 (3910., 3911., 3892., 3901.,  31051., 808578, 20220831093000)
 (3901., 3915., 3898., 3907.,  45356., 794318, 20220831094500)
 (3908., 3911., 3902., 3911.,  20566., 785336, 20220831100000)
 (3911., 3913., 3900., 3902.,  18133., 780719, 20220831101500)
 (3902., 3904., 3890., 3892.,  28406., 778727, 20220831104500)
 (3893., 3899., 3890., 3895.,  15376., 775499, 20220831110000)
 (3895., 3901., 3891., 3898.,  13177., 773716, 20220831111500)
 (3898., 3903., 3894., 3897.,  21194., 763800, 20220831113000)
 (3895., 3908., 3874., 3890.,  58985., 756894, 20220831134500)
 (3888., 3896., 3885., 3895.,  27190., 750518, 20220831140000)
 (3896., 3897., 3888., 3897.,  13712., 748744, 20220831141500)
 (3897., 3907., 3893., 3897.,  22265., 741246, 20220831143000)
 (3897., 3904., 3886., 3887.,  19549., 735264, 20220831144500)
 (3887., 3904., 3883., 3902.,  25820., 727435, 20220831150000)]
2022-09-01 15:30:00  INFO  [(3920., 3936., 3906., 3929., 79177., 706834, 20220831211500)
 (3929., 3934., 3922., 3934., 25769., 705370, 20220831213000)
 (3934., 3934., 3921., 3926., 22668., 699535, 20220831214500)
 (3926., 3930., 3921., 3923., 12190., 695672, 20220831220000)
 (3923., 3924., 3914., 3920., 16118., 692468, 20220831221500)
 (3920., 3921., 3914., 3918., 12223., 691419, 20220831223000)
 (3919., 3923., 3908., 3909., 13010., 689491, 20220831224500)
 (3909., 3931., 3909., 3924., 23025., 683419, 20220831230000)
 (3917., 3923., 3914., 3914., 18588., 680024, 20220901091500)
 (3914., 3918., 3911., 3916.,  8255., 679130, 20220901093000)
 (3916., 3919., 3910., 3912.,  8268., 677621, 20220901094500)
 (3912., 3918., 3903., 3910., 16035., 675997, 20220901100000)
 (3909., 3909., 3903., 3904.,  9792., 675059, 20220901101500)
 (3903., 3908., 3895., 3897., 16922., 672774, 20220901104500)
 (3897., 3910., 3890., 3910., 20236., 671646, 20220901110000)
 (3909., 3912., 3905., 3912., 12032., 669918, 20220901111500)
 (3912., 3924., 3908., 3912., 25835., 662628, 20220901113000)
 (3920., 3921., 3895., 3902., 35857., 656664, 20220901134500)
 (3902., 3910., 3897., 3899., 14387., 654029, 20220901140000)
 (3898., 3905., 3888., 3892., 22006., 653303, 20220901141500)
 (3892., 3896., 3877., 3885., 28247., 649067, 20220901143000)
 (3885., 3900., 3883., 3886., 25849., 645988, 20220901144500)
 (3887., 3894., 3877., 3890., 33005., 638714, 20220901150000)]
2022-09-02 15:30:00  INFO  [(3868., 3876., 3852., 3873., 59137., 626892, 20220901211500)
 (3874., 3879., 3867., 3876., 18265., 624045, 20220901213000)
 (3876., 3885., 3871., 3885., 14771., 622089, 20220901214500)
 (3885., 3885., 3872., 3873., 10913., 620549, 20220901220000)
 (3873., 3880., 3871., 3874.,  8326., 620450, 20220901221500)
 (3874., 3875., 3860., 3868., 15374., 617031, 20220901223000)
 (3868., 3873., 3861., 3865.,  6972., 616991, 20220901224500)
 (3865., 3867., 3858., 3861., 12139., 614870, 20220901230000)
 (3859., 3879., 3859., 3867., 20550., 612408, 20220902091500)
 (3867., 3874., 3859., 3872., 20260., 607009, 20220902093000)
 (3872., 3872., 3859., 3859., 15279., 604709, 20220902094500)
 (3858., 3865., 3850., 3851., 12542., 602300, 20220902100000)
 (3851., 3854., 3824., 3825., 34299., 595175, 20220902101500)
 (3825., 3842., 3822., 3840., 21319., 590830, 20220902104500)
 (3839., 3867., 3836., 3865., 28076., 586715, 20220902110000)
 (3865., 3870., 3848., 3870., 16213., 585917, 20220902111500)
 (3870., 3873., 3858., 3864., 14981., 582779, 20220902113000)
 (3865., 3870., 3854., 3869., 12305., 582159, 20220902134500)
 (3869., 3869., 3859., 3862.,  5544., 581656, 20220902140000)
 (3862., 3869., 3861., 3864.,  5534., 580518, 20220902141500)
 (3864., 3867., 3844., 3852., 16116., 579223, 20220902143000)
 (3852., 3866., 3847., 3856., 10698., 578671, 20220902144500)
 (3856., 3873., 3856., 3866., 16537., 575860, 20220902150000)]
2022-09-05 15:30:00  INFO  [(3895., 3895., 3873., 3874., 38425., 565362, 20220902211500)
 (3874., 3880., 3863., 3876., 14291., 564039, 20220902213000)
 (3876., 3877., 3860., 3863., 10340., 561621, 20220902214500)
 (3862., 3870., 3860., 3868.,  6998., 560083, 20220902220000)
 (3868., 3877., 3865., 3877., 12265., 559718, 20220902221500)
 (3876., 3889., 3872., 3882., 11231., 557751, 20220902223000)
 (3882., 3900., 3880., 3896., 20422., 554913, 20220902224500)
 (3896., 3909., 3891., 3905., 24437., 548340, 20220902230000)
 (3898., 3898., 3875., 3883., 27592., 549242, 20220905091500)
 (3883., 3888., 3876., 3878.,  8649., 549239, 20220905093000)
 (3878., 3885., 3865., 3868.,  9482., 549438, 20220905094500)
 (3868., 3875., 3866., 3868.,  8152., 550361, 20220905100000)
 (3868., 3877., 3863., 3869.,  6419., 551106, 20220905101500)
 (3869., 3885., 3867., 3877., 10176., 549980, 20220905104500)
 (3877., 3888., 3875., 3884.,  7394., 548419, 20220905110000)
 (3884., 3895., 3884., 3895.,  6645., 547309, 20220905111500)
 (3894., 3894., 3883., 3887.,  6575., 545765, 20220905113000)
 (3888., 3890., 3878., 3885., 12370., 543791, 20220905134500)
 (3885., 3894., 3878., 3893., 14208., 538465, 20220905140000)
 (3893., 3899., 3891., 3897., 12789., 535120, 20220905141500)
 (3897., 3905., 3895., 3905., 12547., 533823, 20220905143000)
 (3904., 3906., 3891., 3895., 14173., 529396, 20220905144500)
 (3896., 3905., 3888., 3897., 13137., 524916, 20220905150000)]
2022-09-06 15:30:00  INFO  [(3910., 3910., 3895., 3895., 21159., 521357, 20220905211500)
 (3896., 3902., 3891., 3892.,  8662., 519700, 20220905213000)
 (3892., 3898., 3889., 3894.,  6576., 518060, 20220905214500)
 (3894., 3902., 3893., 3901.,  6375., 517089, 20220905220000)
 (3901., 3904., 3897., 3901.,  4407., 516887, 20220905221500)
 (3902., 3904., 3895., 3902.,  4671., 515389, 20220905223000)
 (3902., 3907., 3897., 3898.,  7080., 513929, 20220905224500)
 (3898., 3901., 3893., 3900.,  4116., 512890, 20220905230000)
 (3902., 3910., 3899., 3904., 10302., 511344, 20220906091500)
 (3904., 3907., 3896., 3898.,  5378., 510428, 20220906093000)
 (3898., 3901., 3891., 3892.,  5544., 509993, 20220906094500)
 (3893., 3899., 3890., 3893.,  4498., 508850, 20220906100000)
 (3893., 3898., 3889., 3889.,  3375., 508003, 20220906101500)
 (3890., 3905., 3888., 3901.,  6935., 506709, 20220906104500)
 (3901., 3903., 3892., 3898.,  3582., 506402, 20220906110000)
 (3898., 3907., 3891., 3907.,  8763., 506148, 20220906111500)
 (3908., 3908., 3901., 3904.,  6405., 504757, 20220906113000)
 (3905., 3908., 3895., 3903., 11480., 503009, 20220906134500)
 (3903., 3904., 3896., 3900.,  4525., 502017, 20220906140000)
 (3900., 3903., 3896., 3901.,  3484., 501687, 20220906141500)
 (3902., 3904., 3900., 3900.,  3915., 500712, 20220906143000)
 (3900., 3904., 3898., 3899.,  3537., 499463, 20220906144500)
 (3899., 3903., 3898., 3899.,  6187., 497294, 20220906150000)]
2022-09-07 15:30:00  INFO  [(3887., 3917., 3887., 3911., 26494., 490425, 20220906211500)
 (3911., 3919., 3908., 3915., 13232., 486745, 20220906213000)
 (3916., 3917., 3909., 3911.,  6975., 485796, 20220906214500)
 (3911., 3912., 3901., 3904.,  8174., 484384, 20220906220000)
 (3904., 3906., 3889., 3891., 11705., 482102, 20220906221500)
 (3890., 3900., 3889., 3896.,  6266., 480503, 20220906223000)
 (3896., 3898., 3890., 3894.,  3335., 479633, 20220906224500)
 (3894., 3898., 3891., 3895.,  3165., 478323, 20220906230000)
 (3890., 3894., 3870., 3878., 18968., 476510, 20220907091500)
 (3878., 3892., 3875., 3890., 10533., 474328, 20220907093000)
 (3890., 3899., 3886., 3897., 12944., 470910, 20220907094500)
 (3896., 3906., 3890., 3902.,  8159., 469614, 20220907100000)
 (3902., 3910., 3898., 3899.,  8129., 468550, 20220907101500)
 (3900., 3902., 3891., 3892.,  5214., 467831, 20220907104500)
 (3892., 3895., 3880., 3892.,  6402., 467062, 20220907110000)
 (3892., 3896., 3888., 3890.,  3053., 466818, 20220907111500)
 (3890., 3898., 3882., 3893.,  6491., 465898, 20220907113000)
 (3893., 3895., 3883., 3892.,  8509., 464772, 20220907134500)
 (3892., 3899., 3890., 3895.,  5325., 464164, 20220907140000)
 (3895., 3905., 3892., 3901.,  7288., 462699, 20220907141500)
 (3900., 3902., 3894., 3898.,  3816., 462141, 20220907143000)
 (3898., 3899., 3888., 3892.,  4350., 461232, 20220907144500)
 (3892., 3894., 3888., 3892.,  5773., 459612, 20220907150000)]
2022-09-08 15:30:00  INFO  [(3890., 3905., 3890., 3899., 12109., 457968, 20220907211500)
 (3898., 3900., 3890., 3893.,  5305., 457191, 20220907213000)
 (3893., 3904., 3891., 3901.,  7010., 456904, 20220907214500)
 (3902., 3903., 3896., 3897.,  5123., 455361, 20220907220000)
 (3896., 3903., 3895., 3901.,  4998., 453653, 20220907221500)
 (3902., 3906., 3899., 3903.,  5065., 451600, 20220907223000)
 (3904., 3914., 3903., 3912., 12836., 448738, 20220907224500)
 (3912., 3913., 3906., 3910.,  6647., 445764, 20220907230000)
 (3910., 3919., 3905., 3916., 13131., 443699, 20220908091500)
 (3916., 3917., 3908., 3914.,  6459., 441849, 20220908093000)
 (3914., 3916., 3906., 3912.,  3088., 441493, 20220908094500)
 (3912., 3914., 3909., 3911.,  3198., 440634, 20220908100000)
 (3911., 3916., 3911., 3915.,  4999., 439497, 20220908101500)
 (3914., 3927., 3914., 3922., 12349., 436915, 20220908104500)
 (3923., 3927., 3920., 3925.,  8601., 435049, 20220908110000)
 (3925., 3936., 3924., 3936., 15594., 431560, 20220908111500)
 (3934., 3939., 3930., 3938.,  9122., 429458, 20220908113000)
 (3945., 3945., 3927., 3942., 14773., 426821, 20220908134500)
 (3942., 3944., 3928., 3930.,  6772., 425132, 20220908140000)
 (3930., 3935., 3924., 3934.,  6043., 424055, 20220908141500)
 (3934., 3936., 3929., 3934.,  2532., 423742, 20220908143000)
 (3934., 3935., 3921., 3923.,  7096., 421685, 20220908144500)
 (3923., 3930., 3921., 3926.,  5179., 419892, 20220908150000)]
2022-09-09 15:30:00  INFO  [(3929., 3940., 3928., 3930., 16020., 416699, 20220908211500)
 (3930., 3940., 3929., 3936.,  6215., 415720, 20220908213000)
 (3936., 3938., 3931., 3936.,  4412., 414860, 20220908214500)
 (3936., 3943., 3934., 3941.,  5732., 413887, 20220908220000)
 (3941., 3942., 3934., 3936.,  3276., 413125, 20220908221500)
 (3936., 3940., 3933., 3939.,  2082., 412723, 20220908223000)
 (3940., 3941., 3936., 3939.,  1767., 412576, 20220908224500)
 (3939., 3940., 3934., 3937.,  2631., 411611, 20220908230000)
 (3942., 3957., 3938., 3944., 13158., 408895, 20220909091500)
 (3943., 3950., 3942., 3948.,  4427., 407988, 20220909093000)
 (3948., 3956., 3944., 3956.,  7005., 405252, 20220909094500)
 (3956., 3963., 3951., 3963.,  8333., 402266, 20220909100000)
 (3963., 3975., 3958., 3974., 10326., 399363, 20220909101500)
 (3970., 3979., 3963., 3966., 12170., 396192, 20220909104500)
 (3966., 3974., 3962., 3970.,  5981., 395507, 20220909110000)
 (3970., 3973., 3959., 3965.,  9905., 395453, 20220909111500)
 (3965., 3967., 3960., 3961.,  3361., 394340, 20220909113000)
 (3962., 3971., 3962., 3966.,  5740., 392823, 20220909134500)
 (3966., 3971., 3961., 3971.,  5885., 390717, 20220909140000)
 (3971., 3975., 3966., 3970.,  6066., 389696, 20220909141500)
 (3970., 3975., 3967., 3970.,  5030., 388167, 20220909143000)
 (3970., 3979., 3969., 3973.,  6017., 386229, 20220909144500)
 (3974., 3980., 3971., 3972.,  9076., 382276, 20220909150000)]
2022-09-13 15:30:00  INFO  [(3970., 3973., 3959., 3965.,  9905., 395453, 20220909111500)
 (3965., 3967., 3960., 3961.,  3361., 394340, 20220909113000)
 (3962., 3971., 3962., 3966.,  5740., 392823, 20220909134500)
 (3966., 3971., 3961., 3971.,  5885., 390717, 20220909140000)
 (3971., 3975., 3966., 3970.,  6066., 389696, 20220909141500)
 (3970., 3975., 3967., 3970.,  5030., 388167, 20220909143000)
 (3970., 3979., 3969., 3973.,  6017., 386229, 20220909144500)
 (3974., 3980., 3971., 3972.,  9076., 382276, 20220909150000)
 (3982., 3990., 3973., 3982., 21374., 374829, 20220913091500)
 (3982., 3993., 3977., 3979.,  8992., 373008, 20220913093000)
 (3979., 3982., 3967., 3970.,  7367., 371964, 20220913094500)
 (3971., 3974., 3966., 3973.,  3809., 371057, 20220913100000)
 (3973., 3981., 3970., 3980.,  3077., 370197, 20220913101500)
 (3979., 3983., 3972., 3975.,  3816., 369296, 20220913104500)
 (3975., 3978., 3973., 3974.,  1678., 369105, 20220913110000)
 (3975., 3981., 3971., 3979.,  2436., 368555, 20220913111500)
 (3979., 3982., 3974., 3978.,  2350., 367529, 20220913113000)
 (3978., 3981., 3973., 3977.,  3572., 366999, 20220913134500)
 (3977., 3981., 3973., 3977.,  2356., 366773, 20220913140000)
 (3977., 3980., 3971., 3975.,  5180., 364871, 20220913141500)
 (3975., 3980., 3970., 3976.,  5857., 362755, 20220913143000)
 (3976., 3983., 3976., 3979.,  3665., 361177, 20220913144500)
 (3979., 3983., 3975., 3983.,  5018., 359235, 20220913150000)]
2022-09-14 15:30:00  INFO  [(3960., 3971., 3949., 3968., 22601., 349504, 20220913211500)
 (3969., 3969., 3955., 3958.,  6028., 349022, 20220913213000)
 (3958., 3963., 3956., 3960.,  4000., 348076, 20220913214500)
 (3960., 3962., 3957., 3959.,  1728., 347934, 20220913220000)
 (3959., 3959., 3952., 3955.,  3116., 347184, 20220913221500)
 (3954., 3958., 3952., 3953.,  1272., 347105, 20220913223000)
 (3953., 3954., 3943., 3943.,  4170., 346129, 20220913224500)
 (3943., 3945., 3930., 3932.,  8245., 343724, 20220913230000)
 (3932., 3932., 3902., 3909., 20593., 340957, 20220914091500)
 (3909., 3924., 3908., 3916., 11504., 337573, 20220914093000)
 (3916., 3927., 3915., 3925.,  4550., 336786, 20220914094500)
 (3925., 3931., 3919., 3928.,  3216., 336438, 20220914100000)
 (3928., 3935., 3922., 3930.,  3335., 336103, 20220914101500)
 (3930., 3939., 3928., 3931.,  3783., 335608, 20220914104500)
 (3931., 3933., 3925., 3926.,  1970., 334933, 20220914110000)
 (3926., 3929., 3919., 3925.,  4074., 334501, 20220914111500)
 (3925., 3925., 3910., 3923.,  5560., 334642, 20220914113000)
 (3913., 3925., 3911., 3921.,  7601., 333819, 20220914134500)
 (3921., 3923., 3916., 3919.,  7594., 331937, 20220914140000)
 (3919., 3927., 3918., 3926.,  4969., 330880, 20220914141500)
 (3926., 3927., 3918., 3920.,  4058., 329194, 20220914143000)
 (3920., 3928., 3918., 3926.,  3418., 327737, 20220914144500)
 (3926., 3938., 3925., 3931.,  7773., 325618, 20220914150000)]
2022-09-15 15:30:00  INFO  [(3900., 3946., 3900., 3942., 22394., 321373, 20220914211500)
 (3942., 3945., 3938., 3941.,  5029., 320960, 20220914213000)
 (3941., 3945., 3936., 3944.,  7293., 320934, 20220914214500)
 (3944., 3951., 3942., 3950.,  4260., 319986, 20220914220000)
 (3950., 3954., 3943., 3948.,  5837., 319274, 20220914221500)
 (3948., 3949., 3940., 3943.,  2286., 318908, 20220914223000)
 (3943., 3952., 3941., 3950.,  2299., 318764, 20220914224500)
 (3950., 3952., 3943., 3948.,  1638., 318307, 20220914230000)
 (3948., 3958., 3947., 3958.,  5175., 318433, 20220915091500)
 (3958., 3962., 3954., 3954.,  4731., 316887, 20220915093000)
 (3954., 3959., 3952., 3953.,  3325., 316272, 20220915094500)
 (3953., 3955., 3949., 3954.,  2263., 316211, 20220915100000)
 (3952., 3955., 3944., 3947.,  3302., 315158, 20220915101500)
 (3948., 3951., 3934., 3939.,  6819., 314734, 20220915104500)
 (3939., 3943., 3935., 3937.,  3856., 313629, 20220915110000)
 (3937., 3944., 3931., 3939.,  4168., 312915, 20220915111500)
 (3939., 3943., 3935., 3941.,  1744., 312634, 20220915113000)
 (3937., 3941., 3915., 3917., 11051., 310473, 20220915134500)
 (3917., 3917., 3900., 3903., 18673., 306862, 20220915140000)
 (3903., 3918., 3897., 3915., 15596., 304865, 20220915141500)
 (3916., 3923., 3911., 3919.,  4141., 303842, 20220915143000)
 (3918., 3921., 3907., 3913.,  3796., 302598, 20220915144500)
 (3913., 3920., 3907., 3913.,  6082., 300327, 20220915150000)]
2022-09-16 15:30:00  INFO  [(3905., 3921., 3905., 3915., 17694., 292721, 20220915211500)
 (3916., 3923., 3909., 3922.,  4409., 292195, 20220915213000)
 (3922., 3925., 3918., 3919.,  2294., 292088, 20220915214500)
 (3919., 3921., 3917., 3917.,  1365., 291539, 20220915220000)
 (3917., 3920., 3912., 3913.,  2030., 290647, 20220915221500)
 (3913., 3918., 3908., 3910.,  2623., 289596, 20220915223000)
 (3910., 3912., 3903., 3912.,  2715., 289504, 20220915224500)
 (3912., 3913., 3901., 3901.,  5302., 289779, 20220915230000)
 (3903., 3912., 3901., 3907.,  3274., 289591, 20220916091500)
 (3906., 3907., 3900., 3903.,  3582., 289790, 20220916093000)
 (3903., 3906., 3900., 3902.,  3311., 288973, 20220916094500)
 (3902., 3913., 3900., 3913.,  2982., 288602, 20220916100000)
 (3913., 3925., 3886., 3891., 13721., 287546, 20220916101500)
 (3891., 3896., 3885., 3888.,  8733., 286140, 20220916104500)
 (3888., 3891., 3880., 3883.,  4332., 285185, 20220916110000)
 (3882., 3883., 3875., 3876.,  7315., 284397, 20220916111500)
 (3876., 3888., 3872., 3887.,  5401., 283307, 20220916113000)
 (3879., 3888., 3871., 3873.,  6830., 281966, 20220916134500)
 (3873., 3880., 3872., 3876.,  2702., 281373, 20220916140000)
 (3876., 3878., 3867., 3870.,  4969., 280595, 20220916141500)
 (3870., 3887., 3869., 3886.,  4025., 279231, 20220916143000)
 (3886., 3894., 3882., 3890.,  5035., 277949, 20220916144500)
 (3890., 3903., 3889., 3890.,  6533., 276154, 20220916150000)]
2022-09-19 15:30:00  INFO  [(3890., 3905., 3890., 3902., 7294., 272524, 20220916211500)
 (3902., 3914., 3899., 3910., 3584., 272101, 20220916213000)
 (3911., 3915., 3898., 3903., 4948., 272543, 20220916214500)
 (3903., 3912., 3902., 3907., 2304., 272107, 20220916220000)
 (3908., 3912., 3905., 3911., 2844., 271571, 20220916221500)
 (3911., 3920., 3911., 3919., 4779., 271309, 20220916223000)
 (3920., 3922., 3904., 3908., 3145., 270726, 20220916224500)
 (3908., 3911., 3905., 3905., 2295., 269762, 20220916230000)
 (3907., 3911., 3897., 3901., 6193., 270053, 20220919091500)
 (3901., 3909., 3899., 3907., 1726., 269618, 20220919093000)
 (3907., 3913., 3900., 3910., 3632., 269436, 20220919094500)
 (3910., 3915., 3906., 3914., 2361., 268600, 20220919100000)
 (3915., 3918., 3907., 3909., 2809., 268059, 20220919101500)
 (3909., 3913., 3904., 3908., 2976., 267512, 20220919104500)
 (3908., 3911., 3902., 3907., 1973., 267169, 20220919110000)
 (3907., 3909., 3901., 3906., 1532., 266811, 20220919111500)
 (3906., 3913., 3904., 3906., 2277., 266403, 20220919113000)
 (3907., 3910., 3902., 3905., 4628., 265046, 20220919134500)
 (3905., 3907., 3901., 3904., 4157., 263019, 20220919140000)
 (3904., 3906., 3897., 3902., 4384., 262072, 20220919141500)
 (3902., 3902., 3895., 3896., 2733., 261239, 20220919143000)
 (3896., 3903., 3888., 3889., 4008., 259989, 20220919144500)
 (3889., 3890., 3881., 3885., 8753., 256620, 20220919150000)]
2022-09-20 15:30:00  INFO  [(3880., 3885., 3851., 3870., 22886., 251919, 20220919211500)
 (3871., 3886., 3868., 3877.,  7063., 250706, 20220919213000)
 (3877., 3891., 3876., 3881.,  3714., 250363, 20220919214500)
 (3882., 3886., 3877., 3877.,  1518., 250235, 20220919220000)
 (3877., 3879., 3872., 3877.,  2474., 250187, 20220919221500)
 (3877., 3885., 3874., 3885.,  1959., 250081, 20220919223000)
 (3886., 3892., 3882., 3888.,  2209., 249963, 20220919224500)
 (3887., 3888., 3879., 3879.,  1233., 249709, 20220919230000)
 (3879., 3893., 3879., 3887.,  3704., 249503, 20220920091500)
 (3887., 3900., 3881., 3895.,  4783., 249874, 20220920093000)
 (3895., 3902., 3892., 3897.,  3998., 250017, 20220920094500)
 (3897., 3899., 3889., 3889.,  1953., 249597, 20220920100000)
 (3889., 3890., 3877., 3886.,  3823., 248446, 20220920101500)
 (3886., 3896., 3886., 3893.,  1925., 248235, 20220920104500)
 (3893., 3896., 3889., 3892.,  2097., 248385, 20220920110000)
 (3892., 3898., 3890., 3893.,  1691., 248135, 20220920111500)
 (3893., 3897., 3888., 3893.,  1294., 248057, 20220920113000)
 (3895., 3899., 3888., 3897.,  2896., 247548, 20220920134500)
 (3897., 3902., 3891., 3894.,  2683., 247263, 20220920140000)
 (3895., 3896., 3879., 3884.,  3060., 246590, 20220920141500)
 (3884., 3890., 3871., 3877.,  3706., 245698, 20220920143000)
 (3877., 3882., 3865., 3865.,  5476., 244418, 20220920144500)
 (3865., 3874., 3850., 3852., 11381., 242187, 20220920150000)]
2022-09-21 15:30:00  INFO  [(3860., 3871., 3852., 3867., 6725., 241450, 20220920211500)
 (3867., 3869., 3852., 3853., 3657., 240839, 20220920213000)
 (3853., 3863., 3853., 3855., 5057., 239066, 20220920214500)
 (3855., 3875., 3855., 3866., 7148., 237719, 20220920220000)
 (3866., 3876., 3863., 3870., 3539., 237566, 20220920221500)
 (3870., 3875., 3866., 3870., 1445., 237349, 20220920223000)
 (3870., 3872., 3863., 3863., 1033., 237186, 20220920224500)
 (3863., 3871., 3860., 3869., 1854., 236539, 20220920230000)
 (3868., 3869., 3856., 3858., 3554., 235948, 20220921091500)
 (3858., 3861., 3848., 3855., 4212., 234929, 20220921093000)
 (3855., 3857., 3849., 3849., 2637., 233890, 20220921094500)
 (3849., 3852., 3839., 3839., 4863., 233295, 20220921100000)
 (3839., 3851., 3836., 3847., 6084., 231019, 20220921101500)
 (3847., 3854., 3842., 3852., 3614., 229843, 20220921104500)
 (3852., 3863., 3849., 3860., 3689., 228563, 20220921110000)
 (3860., 3861., 3843., 3845., 4367., 226715, 20220921111500)
 (3844., 3848., 3841., 3845., 1881., 226413, 20220921113000)
 (3850., 3856., 3843., 3846., 3741., 226213, 20220921134500)
 (3846., 3850., 3840., 3843., 3183., 226356, 20220921140000)
 (3843., 3852., 3840., 3850., 1688., 226079, 20220921141500)
 (3850., 3863., 3843., 3862., 3868., 225735, 20220921143000)
 (3862., 3875., 3854., 3870., 5846., 224366, 20220921144500)
 (3870., 3878., 3863., 3864., 3391., 223775, 20220921150000)]
2022-09-22 15:30:00  INFO  [(3860., 3876., 3860., 3869.,  5834., 222463, 20220921211500)
 (3869., 3874., 3868., 3870.,  2674., 221848, 20220921213000)
 (3870., 3877., 3868., 3875.,  2663., 221902, 20220921214500)
 (3875., 3877., 3867., 3870.,  2041., 221304, 20220921220000)
 (3869., 3871., 3865., 3868.,  2025., 220659, 20220921221500)
 (3868., 3873., 3866., 3871.,  2709., 220657, 20220921223000)
 (3872., 3872., 3862., 3866.,  2387., 220072, 20220921224500)
 (3866., 3872., 3864., 3872.,  1735., 219354, 20220921230000)
 (3866., 3903., 3863., 3901., 12880., 218320, 20220922091500)
 (3902., 3913., 3901., 3911.,  9447., 216014, 20220922093000)
 (3912., 3917., 3905., 3916.,  7709., 213556, 20220922094500)
 (3916., 3917., 3904., 3911.,  3809., 211951, 20220922100000)
 (3911., 3922., 3910., 3915.,  5938., 210822, 20220922101500)
 (3915., 3929., 3911., 3928.,  5799., 208948, 20220922104500)
 (3928., 3931., 3923., 3928.,  2996., 208679, 20220922110000)
 (3928., 3930., 3922., 3928.,  2263., 207962, 20220922111500)
 (3928., 3930., 3916., 3929.,  4404., 207316, 20220922113000)
 (3928., 3940., 3928., 3939.,  7695., 205443, 20220922134500)
 (3939., 3940., 3927., 3931.,  5254., 203541, 20220922140000)
 (3931., 3937., 3930., 3935.,  4521., 202426, 20220922141500)
 (3935., 3941., 3934., 3938.,  4017., 200171, 20220922143000)
 (3938., 3942., 3932., 3932.,  2319., 199089, 20220922144500)
 (3931., 3949., 3929., 3945.,  6219., 196349, 20220922150000)]
2022-09-23 15:30:00  INFO  [(3950., 3965., 3948., 3960., 14589., 192122, 20220922211500)
 (3960., 3962., 3947., 3950.,  4131., 191370, 20220922213000)
 (3951., 3956., 3948., 3952.,  2310., 191239, 20220922214500)
 (3953., 3955., 3940., 3944.,  5859., 189610, 20220922220000)
 (3945., 3949., 3938., 3949.,  4134., 188397, 20220922221500)
 (3949., 3950., 3945., 3949.,  1841., 187731, 20220922223000)
 (3949., 3952., 3945., 3951.,  1619., 187395, 20220922224500)
 (3952., 3953., 3946., 3948.,  1638., 186612, 20220922230000)
 (3947., 3958., 3947., 3957.,  2412., 185947, 20220923091500)
 (3955., 3956., 3940., 3944.,  3303., 185162, 20220923093000)
 (3943., 3947., 3937., 3941.,  1508., 184866, 20220923094500)
 (3941., 3948., 3940., 3946.,  1308., 184586, 20220923100000)
 (3947., 3947., 3935., 3937.,  2049., 184329, 20220923101500)
 (3936., 3940., 3932., 3936.,  3033., 183530, 20220923104500)
 (3936., 3938., 3932., 3933.,  1915., 183142, 20220923110000)
 (3932., 3943., 3932., 3939.,  1547., 182661, 20220923111500)
 (3940., 3945., 3934., 3942.,  1511., 182129, 20220923113000)
 (3945., 3956., 3945., 3954.,  6109., 182065, 20220923134500)
 (3954., 3957., 3950., 3955.,  1668., 181575, 20220923140000)
 (3957., 3960., 3952., 3958.,  1840., 181029, 20220923141500)
 (3958., 3959., 3947., 3952.,  2260., 180411, 20220923143000)
 (3952., 3957., 3940., 3943.,  2655., 179939, 20220923144500)
 (3942., 3947., 3930., 3942.,  4943., 178222, 20220923150000)]
2022-09-26 15:30:00  INFO  [(3910., 3930., 3905., 3922., 6218., 177220, 20220923211500)
 (3921., 3931., 3919., 3928., 2128., 176735, 20220923213000)
 (3928., 3929., 3923., 3924., 1599., 176360, 20220923214500)
 (3923., 3926., 3917., 3918., 1443., 175745, 20220923220000)
 (3917., 3920., 3910., 3912., 2774., 174828, 20220923221500)
 (3912., 3914., 3900., 3911., 5645., 174243, 20220923223000)
 (3911., 3915., 3909., 3913., 1075., 174186, 20220923224500)
 (3913., 3928., 3912., 3925., 2216., 173286, 20220923230000)
 (3923., 3942., 3921., 3941., 8542., 170493, 20220926091500)
 (3943., 3948., 3936., 3947., 4013., 169413, 20220926093000)
 (3947., 3959., 3944., 3950., 4493., 167320, 20220926094500)
 (3950., 3950., 3942., 3949., 2194., 166569, 20220926100000)
 (3949., 3951., 3942., 3950., 1441., 165964, 20220926101500)
 (3951., 3957., 3942., 3943., 3134., 164165, 20220926104500)
 (3943., 3946., 3932., 3934., 2485., 163282, 20220926110000)
 (3936., 3941., 3926., 3927., 2361., 162647, 20220926111500)
 (3927., 3936., 3921., 3936., 3447., 161805, 20220926113000)
 (3935., 3941., 3923., 3937., 2832., 161284, 20220926134500)
 (3937., 3945., 3932., 3939., 2303., 160712, 20220926140000)
 (3940., 3941., 3931., 3932.,  961., 160436, 20220926141500)
 (3932., 3935., 3925., 3926., 2523., 159740, 20220926143000)
 (3925., 3943., 3924., 3931., 2089., 159167, 20220926144500)
 (3931., 3940., 3928., 3938., 3132., 157712, 20220926150000)]
2022-09-27 15:30:00  INFO  [(3940., 3970., 3940., 3963., 20377., 142999, 20220926211500)
 (3964., 3974., 3963., 3970.,  6157., 141294, 20220926213000)
 (3972., 3975., 3966., 3966.,  2565., 140309, 20220926214500)
 (3966., 3970., 3962., 3968.,  3128., 138671, 20220926220000)
 (3968., 3971., 3962., 3967.,  3081., 137162, 20220926221500)
 (3967., 3971., 3963., 3966.,  2421., 135844, 20220926223000)
 (3966., 3970., 3961., 3965.,  1784., 135425, 20220926224500)
 (3965., 3967., 3961., 3966.,  1628., 135197, 20220926230000)
 (3965., 3967., 3951., 3954.,  4926., 133037, 20220927091500)
 (3954., 3964., 3951., 3964.,  3761., 131011, 20220927093000)
 (3965., 3966., 3961., 3963.,  2426., 129840, 20220927094500)
 (3963., 3967., 3961., 3967.,  1893., 128727, 20220927100000)
 (3966., 3968., 3962., 3965.,  1609., 128035, 20220927101500)
 (3964., 3967., 3954., 3957.,  2173., 127006, 20220927104500)
 (3956., 3962., 3949., 3959.,  3006., 125567, 20220927110000)
 (3959., 3963., 3943., 3943.,  3779., 123438, 20220927111500)
 (3943., 3951., 3940., 3949.,  3283., 121423, 20220927113000)
 (3953., 3964., 3953., 3959.,  4718., 120426, 20220927134500)
 (3960., 3963., 3955., 3960.,  1372., 119908, 20220927140000)
 (3960., 3963., 3957., 3959.,  1876., 119403, 20220927141500)
 (3959., 3973., 3957., 3972.,  3661., 117833, 20220927143000)
 (3972., 3977., 3971., 3974.,  5611., 114687, 20220927144500)
 (3976., 3978., 3968., 3976.,  4777., 112047, 20220927150000)]
2022-09-28 15:30:00  INFO  [(3980., 3989., 3974., 3986., 7726., 107785, 20220927211500)
 (3986., 3986., 3974., 3977., 1673., 107309, 20220927213000)
 (3978., 3984., 3976., 3979., 1616., 106571, 20220927214500)
 (3979., 3980., 3975., 3975., 1632., 106039, 20220927220000)
 (3977., 3979., 3969., 3972., 1396., 105575, 20220927221500)
 (3972., 3972., 3961., 3968., 1699., 105683, 20220927223000)
 (3968., 3972., 3967., 3971.,  347., 105612, 20220927224500)
 (3970., 3973., 3968., 3972.,  687., 105266, 20220927230000)
 (3973., 3973., 3960., 3964., 3288., 103943, 20220928091500)
 (3964., 3971., 3963., 3968., 2886., 102781, 20220928093000)
 (3968., 3970., 3965., 3967., 1313., 102050, 20220928094500)
 (3966., 3970., 3965., 3968.,  707., 101774, 20220928100000)
 (3967., 3971., 3963., 3969., 2385., 101459, 20220928101500)
 (3966., 3973., 3965., 3971., 1465., 100611, 20220928104500)
 (3971., 3974., 3963., 3972., 4906.,  98308, 20220928110000)
 (3971., 3973., 3968., 3970., 1321.,  97557, 20220928111500)
 (3972., 3979., 3963., 3965., 2175.,  96681, 20220928113000)
 (3970., 3974., 3962., 3973., 2336.,  95771, 20220928134500)
 (3973., 3975., 3966., 3969.,  834.,  95531, 20220928140000)
 (3969., 3972., 3966., 3970., 1333.,  94754, 20220928141500)
 (3972., 3972., 3965., 3967., 1029.,  94305, 20220928143000)
 (3966., 3969., 3961., 3964., 1752.,  93275, 20220928144500)
 (3964., 3964., 3958., 3961., 3054.,  91211, 20220928150000)]
2022-09-29 15:30:00  INFO  [(3975., 3977., 3962., 3966., 7488., 84947, 20220928211500)
 (3967., 3970., 3965., 3965., 2305., 83507, 20220928213000)
 (3965., 3966., 3961., 3963., 2834., 82340, 20220928214500)
 (3962., 3970., 3962., 3969., 1775., 81514, 20220928220000)
 (3969., 3972., 3967., 3969., 1503., 80827, 20220928221500)
 (3971., 3975., 3968., 3975., 1538., 79717, 20220928223000)
 (3975., 3979., 3972., 3973., 1488., 79042, 20220928224500)
 (3973., 3976., 3965., 3969., 1471., 78313, 20220928230000)
 (3969., 3976., 3967., 3972., 1876., 77390, 20220929091500)
 (3971., 3979., 3971., 3977., 2048., 76229, 20220929093000)
 (3977., 3980., 3973., 3978., 2247., 74696, 20220929094500)
 (3978., 3983., 3976., 3982., 3287., 72754, 20220929100000)
 (3982., 3982., 3976., 3981., 1023., 72244, 20220929101500)
 (3981., 3981., 3976., 3980., 1138., 71934, 20220929104500)
 (3979., 3981., 3975., 3979.,  890., 71428, 20220929110000)
 (3980., 3983., 3977., 3980., 1427., 70713, 20220929111500)
 (3981., 3985., 3980., 3983., 2558., 69902, 20220929113000)
 (3987., 3990., 3973., 3975., 3894., 68399, 20220929134500)
 (3975., 3978., 3964., 3967., 2263., 67580, 20220929140000)
 (3969., 3970., 3962., 3965., 1551., 66636, 20220929141500)
 (3965., 3971., 3965., 3969., 1173., 66021, 20220929143000)
 (3970., 3981., 3964., 3978., 2083., 64697, 20220929144500)
 (3976., 3980., 3969., 3973., 1782., 63523, 20220929150000)]
2022-09-30 15:30:00  INFO  [(3983., 3983., 3955., 3971., 4314., 60792, 20220929211500)
 (3972., 3975., 3969., 3972., 1880., 59596, 20220929213000)
 (3970., 3982., 3969., 3980., 1547., 58703, 20220929214500)
 (3979., 3979., 3973., 3974.,  824., 58236, 20220929220000)
 (3976., 3976., 3970., 3970.,  485., 57979, 20220929221500)
 (3970., 3970., 3966., 3968.,  477., 57695, 20220929223000)
 (3968., 3969., 3961., 3964.,  781., 57276, 20220929224500)
 (3964., 3966., 3960., 3960.,  792., 56716, 20220929230000)
 (3961., 3970., 3951., 3959., 2094., 55115, 20220930091500)
 (3958., 3960., 3947., 3955., 2442., 53327, 20220930093000)
 (3955., 3961., 3951., 3951., 2134., 51542, 20220930094500)
 (3954., 3955., 3940., 3944., 2885., 49445, 20220930100000)
 (3943., 3948., 3937., 3941., 1555., 48408, 20220930101500)
 (3939., 3945., 3935., 3936., 2268., 46796, 20220930104500)
 (3936., 3940., 3935., 3937., 2014., 45290, 20220930110000)
 (3937., 3939., 3934., 3935., 1763., 44376, 20220930111500)
 (3935., 3936., 3930., 3931., 3614., 41403, 20220930113000)
 (3931., 3937., 3925., 3932., 2511., 39303, 20220930134500)
 (3931., 3933., 3910., 3922., 3715., 36340, 20220930140000)
 (3922., 3925., 3900., 3900., 4477., 33759, 20220930141500)
 (3900., 3930., 3873., 3902., 4800., 30811, 20220930143000)
 (3902., 3910., 3894., 3894., 2093., 29334, 20220930144500)
 (3895., 3895., 3872., 3890., 2584., 27694, 20220930150000)]
2022-10-10 15:30:00  INFO  [(3937., 3939., 3934., 3935., 1763., 44376, 20220930111500)
 (3935., 3936., 3930., 3931., 3614., 41403, 20220930113000)
 (3931., 3937., 3925., 3932., 2511., 39303, 20220930134500)
 (3931., 3933., 3910., 3922., 3715., 36340, 20220930140000)
 (3922., 3925., 3900., 3900., 4477., 33759, 20220930141500)
 (3900., 3930., 3873., 3902., 4800., 30811, 20220930143000)
 (3902., 3910., 3894., 3894., 2093., 29334, 20220930144500)
 (3895., 3895., 3872., 3890., 2584., 27694, 20220930150000)
 (3910., 3956., 3901., 3956., 1500., 26344, 20221010091500)
 (3960., 3962., 3940., 3940., 1140., 25234, 20221010093000)
 (3940., 3958., 3940., 3958., 1530., 23794, 20221010094500)
 (3959., 3961., 3954., 3954., 1140., 22864, 20221010100000)
 (3954., 3960., 3953., 3960.,  420., 22474, 20221010101500)
 (3960., 3963., 3960., 3960.,  304., 22170, 20221010104500)
 (3960., 3960., 3956., 3956.,  150., 22020, 20221010110000)
 (3956., 3956., 3954., 3954.,  120., 21900, 20221010111500)
 (3953., 3958., 3950., 3958.,  420., 21540, 20221010113000)
 (3958., 3960., 3953., 3959.,  810., 20940, 20221010134500)
 (3959., 3960., 3955., 3960.,  630., 20400, 20221010140000)
 (3960., 3960., 3954., 3959.,  450., 20070, 20221010141500)
 (3956., 3956., 3951., 3951.,  270., 19860, 20221010143000)
 (3951., 3951., 3942., 3942.,  300., 19590, 20221010144500)
 (3942., 3950., 3930., 3930.,  300., 19380, 20221010150000)]
2022-10-11 15:30:00  INFO  [(3955., 3958., 3936., 3936.,  570., 18870, 20221010211500)
 (3935., 3935., 3925., 3925.,  840., 18120, 20221010213000)
 (3925., 3940., 3922., 3930.,  330., 17910, 20221010214500)
 (3932., 3938., 3930., 3936.,  180., 17790, 20221010220000)
 (3936., 3940., 3936., 3940.,  210., 17580, 20221010221500)
 (3940., 3940., 3939., 3939.,   60., 17550, 20221010223000)
 (3939., 3939., 3923., 3923.,  420., 17220, 20221010224500)
 (3923., 3923., 3923., 3923.,    0., 17220, 20221010230000)
 (3923., 3929., 3921., 3923.,  180., 17070, 20221011091500)
 (3923., 3923., 3910., 3910.,  450., 16830, 20221011093000)
 (3915., 3920., 3906., 3907.,  180., 16710, 20221011094500)
 (3907., 3907., 3904., 3906.,  150., 16560, 20221011100000)
 (3906., 3920., 3906., 3920.,   90., 16470, 20221011101500)
 (3911., 3923., 3911., 3923.,  240., 16260, 20221011104500)
 (3923., 3923., 3915., 3915.,   30., 16230, 20221011110000)
 (3915., 3922., 3910., 3910.,  570., 15810, 20221011111500)
 (3910., 3910., 3906., 3907.,  120., 15750, 20221011113000)
 (3906., 3907., 3900., 3906.,  600., 15300, 20221011134500)
 (3906., 3906., 3900., 3902.,  240., 15150, 20221011140000)
 (3902., 3902., 3891., 3891.,  300., 14970, 20221011141500)
 (3891., 3891., 3875., 3890.,  450., 14580, 20221011143000)
 (3881., 3881., 3873., 3873.,  330., 14340, 20221011144500)
 (3873., 3873., 3800., 3868., 3240., 12930, 20221011150000)]
2022-10-12 15:30:00  INFO  [(3868., 3879., 3852., 3852.,   90., 12870, 20221011211500)
 (3852., 3852., 3841., 3841.,  180., 12780, 20221011213000)
 (3841., 3847., 3837., 3837.,  120., 12720, 20221011214500)
 (3837., 3837., 3833., 3833.,   90., 12630, 20221011220000)
 (3833., 3833., 3810., 3810.,  210., 12450, 20221011221500)
 (3810., 3810., 3808., 3808.,   90., 12420, 20221011223000)
 (3808., 3808., 3807., 3808.,   90., 12360, 20221011224500)
 (3808., 3808., 3807., 3807.,   30., 12330, 20221011230000)
 (3807., 3809., 3800., 3800.,  240., 12150, 20221012091500)
 (3800., 3810., 3798., 3810.,  330., 12090, 20221012093000)
 (3810., 3810., 3800., 3802.,  180., 12060, 20221012094500)
 (3802., 3808., 3797., 3808.,   60., 12060, 20221012100000)
 (3808., 3808., 3794., 3800.,   90., 12060, 20221012101500)
 (3800., 3800., 3791., 3791.,   90., 12000, 20221012104500)
 (3790., 3800., 3790., 3799.,  780., 11580, 20221012110000)
 (3798., 3799., 3790., 3799.,  300., 11370, 20221012111500)
 (3799., 3800., 3794., 3800.,  270., 11280, 20221012113000)
 (3800., 3810., 3800., 3810., 1080., 10980, 20221012134500)
 (3810., 3815., 3805., 3809.,  690., 10530, 20221012140000)
 (3809., 3813., 3800., 3813.,  630., 10350, 20221012141500)
 (3812., 3818., 3801., 3802.,  720., 10170, 20221012143000)
 (3794., 3812., 3780., 3800.,  660.,  9960, 20221012144500)
 (3800., 3807., 3790., 3800.,  480.,  9870, 20221012150000)]
2022-10-13 15:30:00  INFO  [(3823., 3850., 3810., 3810., 330.,  9870, 20221012211500)
 (3810., 3810., 3781., 3810., 510.,  9810, 20221012213000)
 (3810., 3810., 3795., 3795., 180.,  9810, 20221012214500)
 (3795., 3795., 3795., 3795.,   0.,  9810, 20221012220000)
 (3805., 3815., 3800., 3815., 300.,  9840, 20221012221500)
 (3815., 3815., 3797., 3797., 330., 10110, 20221012223000)
 (3797., 3799., 3797., 3799., 420., 10170, 20221012224500)
 (3799., 3799., 3799., 3799.,   0., 10170, 20221012230000)
 (3799., 3824., 3799., 3824., 120., 10110, 20221013091500)
 (3824., 3832., 3824., 3832.,  90., 10080, 20221013093000)
 (3832., 3832., 3820., 3820., 120., 10080, 20221013094500)
 (3812., 3815., 3810., 3811., 150., 10050, 20221013100000)
 (3811., 3811., 3811., 3811.,   0., 10050, 20221013101500)
 (3811., 3811., 3810., 3810., 300., 10050, 20221013104500)
 (3800., 3800., 3800., 3800.,  30., 10050, 20221013110000)
 (3800., 3800., 3800., 3800.,   0., 10050, 20221013111500)
 (3800., 3800., 3800., 3800.,   0., 10050, 20221013113000)
 (3810., 3810., 3810., 3810.,  30., 10080, 20221013134500)
 (3810., 3810., 3810., 3810.,   0., 10080, 20221013140000)
 (3810., 3810., 3810., 3810.,   0., 10080, 20221013141500)
 (3810., 3819., 3795., 3795., 180., 10080, 20221013143000)
 (3795., 3800., 3790., 3790., 150., 10080, 20221013144500)
 (3790., 3790., 3790., 3790., 360., 10080, 20221013150000)]
2022-10-14 15:30:00  INFO  [(3790., 3790., 3783., 3783.,  60., 10080, 20221013211500)
 (3783., 3783., 3783., 3783.,   0., 10080, 20221013213000)
 (3783., 3783., 3783., 3783.,   0., 10080, 20221013214500)
 (3783., 3783., 3783., 3783.,   0., 10080, 20221013220000)
 (3783., 3783., 3783., 3783.,   0., 10080, 20221013221500)
 (3783., 3783., 3783., 3783.,   0., 10080, 20221013223000)
 (3783., 3783., 3783., 3783.,   0., 10080, 20221013224500)
 (3783., 3807., 3783., 3807.,  30., 10080, 20221013230000)
 (3807., 3820., 3807., 3820., 120., 10080, 20221014091500)
 (3820., 3821., 3808., 3808., 120., 10080, 20221014093000)
 (3808., 3820., 3808., 3817., 480.,  9990, 20221014094500)
 (3818., 3820., 3818., 3820., 150.,  9870, 20221014100000)
 (3820., 3820., 3815., 3815., 300.,  9840, 20221014101500)
 (3820., 3820., 3820., 3820.,  90.,  9810, 20221014104500)
 (3820., 3825., 3820., 3825.,  90.,  9810, 20221014110000)
 (3825., 3825., 3825., 3825.,   0.,  9810, 20221014111500)
 (3825., 3825., 3820., 3825., 270.,  9810, 20221014113000)
 (3825., 3830., 3825., 3830.,  30.,  9780, 20221014134500)
 (3830., 3830., 3830., 3830., 180.,  9780, 20221014140000)
 (3830., 3830., 3830., 3830.,   0.,  9780, 20221014141500)
 (3830., 3830., 3825., 3830.,  90.,  9780, 20221014143000)
 (3830., 3830., 3825., 3827.,  60.,  9780, 20221014144500)
 (3828., 3830., 3828., 3830., 120.,  9780, 20221014150000)]
2022-10-17 15:30:00  INFO  [(3830., 3830., 3830., 3830.,   0., 9780, 20221014211500)
 (3812., 3812., 3800., 3800.,  60., 9780, 20221014213000)
 (3800., 3800., 3800., 3800.,   0., 9780, 20221014214500)
 (3800., 3800., 3800., 3800.,  30., 9780, 20221014220000)
 (3800., 3805., 3800., 3805.,  30., 9780, 20221014221500)
 (3805., 3805., 3791., 3791.,  60., 9780, 20221014223000)
 (3791., 3791., 3776., 3776.,  60., 9780, 20221014224500)
 (3776., 3776., 3770., 3770.,  30., 9780, 20221014230000)
 (3788., 3793., 3773., 3773., 120., 9780, 20221017091500)
 (3773., 3773., 3750., 3750.,  90., 9780, 20221017093000)
 (3750., 3763., 3750., 3760.,  60., 9780, 20221017094500)
 (3760., 3773., 3751., 3751.,  90., 9780, 20221017100000)
 (3751., 3751., 3751., 3751.,   0., 9780, 20221017101500)
 (3760., 3760., 3751., 3751.,  60., 9780, 20221017104500)
 (3751., 3751., 3751., 3751.,   0., 9780, 20221017110000)
 (3751., 3751., 3751., 3751.,   0., 9780, 20221017111500)
 (3751., 3751., 3700., 3715., 300., 9750, 20221017113000)
 (3715., 3728., 3710., 3715., 300., 9690, 20221017134500)
 (3715., 3773., 3715., 3772., 120., 9690, 20221017140000)
 (3826., 3826., 3777., 3777., 240., 9690, 20221017141500)
 (3777., 3777., 3776., 3776.,  90., 9780, 20221017143000)
 (3776., 3776., 3730., 3730.,  30., 9780, 20221017144500)
 (3730., 3730., 3730., 3730.,   0., 9780, 20221017150000)]
