2022-05-17 15:30:00  INFO  [(4410., 4501., 4410., 4484., 1110.,  802, 20220516211500)
 (4484., 4498., 4484., 4494.,  288.,  922, 20220516213000)
 (4494., 4498., 4483., 4484.,  143., 1035, 20220516214500)
 (4484., 4495., 4484., 4495.,  106., 1115, 20220516220000)
 (4495., 4496., 4489., 4494.,   35., 1123, 20220516221500)
 (4494., 4500., 4492., 4496.,   71., 1145, 20220516223000)
 (4496., 4496., 4487., 4494.,   68., 1179, 20220516224500)
 (4494., 4505., 4491., 4495.,  111., 1193, 20220516230000)
 (4495., 4518., 4495., 4515.,  155., 1225, 20220517091500)
 (4515., 4518., 4506., 4515.,   88., 1230, 20220517093000)
 (4515., 4517., 4499., 4499.,   70., 1291, 20220517094500)
 (4499., 4513., 4498., 4499.,   89., 1316, 20220517100000)
 (4499., 4520., 4496., 4520.,   43., 1324, 20220517101500)
 (4520., 4520., 4492., 4494.,   74., 1353, 20220517104500)
 (4494., 4498., 4488., 4493.,   34., 1368, 20220517110000)
 (4493., 4515., 4493., 4508.,   55., 1336, 20220517111500)
 (4508., 4508., 4475., 4477.,  218., 1532, 20220517113000)
 (4477., 4484., 4468., 4481.,   90., 1564, 20220517134500)
 (4481., 4492., 4480., 4481.,  146., 1678, 20220517140000)
 (4481., 4493., 4480., 4487.,   62., 1680, 20220517141500)
 (4487., 4490., 4481., 4482.,   46., 1702, 20220517143000)
 (4484., 4499., 4478., 4495.,  244., 1872, 20220517144500)
 (4495., 4495., 4483., 4484.,   31., 1889, 20220517150000)]
2022-05-18 15:30:00  INFO  [(4480., 4494., 4468., 4471., 148., 1986, 20220517211500)
 (4471., 4481., 4466., 4466., 124., 2102, 20220517213000)
 (4466., 4520., 4465., 4472., 111., 2154, 20220517214500)
 (4472., 4480., 4460., 4462., 263., 2358, 20220517220000)
 (4461., 4470., 4460., 4460.,  74., 2376, 20220517221500)
 (4460., 4470., 4459., 4459.,  74., 2396, 20220517223000)
 (4459., 4465., 4459., 4460.,  24., 2407, 20220517224500)
 (4460., 4462., 4453., 4457.,  37., 2426, 20220517230000)
 (4466., 4470., 4457., 4459., 162., 2522, 20220518091500)
 (4459., 4459., 4446., 4450., 621., 3091, 20220518093000)
 (4450., 4451., 4443., 4445., 205., 3258, 20220518094500)
 (4445., 4451., 4431., 4438.,  97., 3309, 20220518100000)
 (4438., 4448., 4435., 4435.,  37., 3333, 20220518101500)
 (4435., 4453., 4430., 4446., 256., 3496, 20220518104500)
 (4446., 4457., 4442., 4442.,  68., 3501, 20220518110000)
 (4442., 4448., 4442., 4445.,   8., 3503, 20220518111500)
 (4445., 4445., 4425., 4425., 227., 3671, 20220518113000)
 (4434., 4442., 4424., 4431.,  76., 3701, 20220518134500)
 (4431., 4434., 4424., 4434.,  42., 3707, 20220518140000)
 (4434., 4448., 4432., 4432.,  60., 3705, 20220518141500)
 (4430., 4430., 4419., 4420., 261., 3908, 20220518143000)
 (4420., 4424., 4402., 4403., 278., 4101, 20220518144500)
 (4403., 4412., 4398., 4398., 562., 4590, 20220518150000)]
2022-05-19 15:30:00  INFO  [(4400., 4400., 4370., 4371., 585., 4970, 20220518211500)
 (4370., 4373., 4360., 4362., 417., 5156, 20220518213000)
 (4362., 4372., 4361., 4362., 240., 5218, 20220518214500)
 (4362., 4375., 4361., 4361.,  44., 5227, 20220518220000)
 (4360., 4368., 4358., 4362., 273., 5164, 20220518221500)
 (4362., 4363., 4361., 4363.,  55., 5216, 20220518223000)
 (4363., 4363., 4352., 4359.,  59., 5249, 20220518224500)
 (4359., 4370., 4353., 4355., 120., 5243, 20220518230000)
 (4352., 4357., 4336., 4344., 903., 5802, 20220519091500)
 (4344., 4356., 4342., 4342., 192., 5881, 20220519093000)
 (4342., 4355., 4341., 4355.,  50., 5881, 20220519094500)
 (4355., 4382., 4355., 4379., 155., 5858, 20220519100000)
 (4379., 4388., 4371., 4388., 163., 5747, 20220519101500)
 (4390., 4398., 4383., 4392.,  75., 5730, 20220519104500)
 (4392., 4398., 4382., 4384.,  51., 5725, 20220519110000)
 (4384., 4396., 4380., 4388.,  46., 5706, 20220519111500)
 (4388., 4405., 4388., 4390., 119., 5643, 20220519113000)
 (4390., 4390., 4372., 4375.,  36., 5649, 20220519134500)
 (4375., 4387., 4374., 4387.,  49., 5631, 20220519140000)
 (4387., 4408., 4387., 4402.,  70., 5631, 20220519141500)
 (4402., 4428., 4402., 4428., 143., 5589, 20220519143000)
 (4428., 4428., 4415., 4418.,  90., 5613, 20220519144500)
 (4418., 4424., 4414., 4417.,  66., 5613, 20220519150000)]
2022-05-20 15:30:00  INFO  [(4429., 4429., 4401., 4409.,  185., 5620, 20220519211500)
 (4409., 4424., 4408., 4421.,  130., 5613, 20220519213000)
 (4421., 4433., 4421., 4431.,   74., 5575, 20220519214500)
 (4431., 4435., 4425., 4425.,   50., 5602, 20220519220000)
 (4425., 4425., 4420., 4420.,   19., 5612, 20220519221500)
 (4420., 4430., 4420., 4426.,   19., 5602, 20220519223000)
 (4426., 4431., 4425., 4428.,   53., 5565, 20220519224500)
 (4428., 4438., 4411., 4438.,   61., 5535, 20220519230000)
 (4438., 4459., 4434., 4453.,  149., 5473, 20220520091500)
 (4453., 4478., 4445., 4471.,  168., 5429, 20220520093000)
 (4471., 4475., 4464., 4473.,   67., 5427, 20220520094500)
 (4473., 4480., 4469., 4475.,  127., 5427, 20220520100000)
 (4475., 4475., 4449., 4449.,   72., 5405, 20220520101500)
 (4449., 4459., 4449., 4455.,   30., 5399, 20220520104500)
 (4455., 4466., 4449., 4466.,  133., 5400, 20220520110000)
 (4466., 4466., 4440., 4446.,   45., 5407, 20220520111500)
 (4446., 4457., 4446., 4453.,   32., 5396, 20220520113000)
 (4453., 4467., 4453., 4459., 1292., 6631, 20220520134500)
 (4459., 4464., 4455., 4455.,   34., 6648, 20220520140000)
 (4457., 4460., 4450., 4453.,   17., 6653, 20220520141500)
 (4453., 4463., 4453., 4463.,   14., 6648, 20220520143000)
 (4463., 4464., 4450., 4461.,   50., 6644, 20220520144500)
 (4461., 4475., 4460., 4465.,   38., 6638, 20220520150000)]
2022-05-23 15:30:00  INFO  [(4463., 4500., 4461., 4489., 200., 6566, 20220520211500)
 (4489., 4502., 4489., 4495.,  82., 6544, 20220520213000)
 (4495., 4498., 4492., 4497.,  19., 6541, 20220520214500)
 (4497., 4497., 4490., 4496.,  22., 6535, 20220520220000)
 (4496., 4502., 4493., 4493.,  91., 6518, 20220520221500)
 (4493., 4499., 4488., 4488.,  49., 6535, 20220520223000)
 (4488., 4493., 4473., 4477.,  60., 6542, 20220520224500)
 (4477., 4477., 4441., 4461.,  80., 6558, 20220520230000)
 (4472., 4517., 4472., 4480., 382., 6597, 20220523091500)
 (4480., 4483., 4460., 4480.,  88., 6596, 20220523093000)
 (4480., 4480., 4466., 4476.,  73., 6629, 20220523094500)
 (4476., 4482., 4462., 4464.,  41., 6643, 20220523100000)
 (4464., 4470., 4452., 4455.,  94., 6631, 20220523101500)
 (4455., 4470., 4455., 4457.,  42., 6617, 20220523104500)
 (4457., 4463., 4452., 4463.,  81., 6628, 20220523110000)
 (4463., 4469., 4453., 4461.,  43., 6627, 20220523111500)
 (4461., 4461., 4428., 4428., 149., 6666, 20220523113000)
 (4428., 4438., 4420., 4426.,  95., 6715, 20220523134500)
 (4426., 4437., 4424., 4428.,  29., 6715, 20220523140000)
 (4428., 4428., 4410., 4410., 124., 6801, 20220523141500)
 (4410., 4420., 4406., 4420., 186., 6937, 20220523143000)
 (4420., 4452., 4415., 4452.,  95., 6886, 20220523144500)
 (4452., 4459., 4442., 4442., 102., 6904, 20220523150000)]
2022-05-24 15:30:00  INFO  [(4450., 4457., 4433., 4439., 168., 6932, 20220523211500)
 (4439., 4443., 4435., 4436.,  56., 6944, 20220523213000)
 (4436., 4452., 4434., 4436.,  78., 6940, 20220523214500)
 (4438., 4443., 4430., 4432.,  52., 6977, 20220523220000)
 (4432., 4434., 4423., 4425.,  60., 7008, 20220523221500)
 (4425., 4448., 4425., 4447.,  28., 7001, 20220523223000)
 (4447., 4447., 4430., 4434.,  21., 7014, 20220523224500)
 (4434., 4437., 4416., 4423.,  80., 7069, 20220523230000)
 (4423., 4430., 4415., 4415.,  73., 7111, 20220524091500)
 (4418., 4431., 4418., 4422.,  70., 7141, 20220524093000)
 (4422., 4427., 4419., 4427.,  20., 7144, 20220524094500)
 (4427., 4430., 4403., 4405.,  94., 7204, 20220524100000)
 (4405., 4415., 4402., 4415.,  71., 7243, 20220524101500)
 (4415., 4430., 4404., 4419., 113., 7265, 20220524104500)
 (4419., 4419., 4405., 4405.,  49., 7288, 20220524110000)
 (4405., 4413., 4403., 4413.,  58., 7321, 20220524111500)
 (4413., 4413., 4396., 4396., 202., 7444, 20220524113000)
 (4396., 4397., 4362., 4365., 318., 7656, 20220524134500)
 (4369., 4379., 4366., 4370., 230., 7834, 20220524140000)
 (4370., 4377., 4361., 4371., 236., 7993, 20220524141500)
 (4371., 4373., 4358., 4360., 320., 8226, 20220524143000)
 (4360., 4362., 4337., 4340., 301., 8438, 20220524144500)
 (4340., 4343., 4313., 4323., 534., 8786, 20220524150000)]
2022-05-25 15:30:00  INFO  [(4320., 4336., 4302., 4329., 226., 8859, 20220524211500)
 (4329., 4372., 4320., 4322., 232., 8939, 20220524213000)
 (4322., 4327., 4321., 4327., 454., 8711, 20220524214500)
 (4327., 4342., 4327., 4335., 178., 8719, 20220524220000)
 (4335., 4338., 4325., 4335.,  85., 8760, 20220524221500)
 (4335., 4337., 4326., 4332.,  27., 8768, 20220524223000)
 (4332., 4338., 4326., 4333.,  10., 8769, 20220524224500)
 (4333., 4345., 4332., 4339.,  55., 8761, 20220524230000)
 (4345., 4363., 4334., 4360., 137., 8727, 20220525091500)
 (4360., 4364., 4351., 4363.,  56., 8726, 20220525093000)
 (4363., 4363., 4356., 4356.,  11., 8727, 20220525094500)
 (4356., 4378., 4356., 4370.,  90., 8714, 20220525100000)
 (4370., 4380., 4369., 4376.,  49., 8697, 20220525101500)
 (4376., 4383., 4366., 4366.,  76., 8664, 20220525104500)
 (4366., 4366., 4346., 4346., 134., 8686, 20220525110000)
 (4346., 4356., 4346., 4355.,  31., 8686, 20220525111500)
 (4355., 4355., 4330., 4330.,  71., 8680, 20220525113000)
 (4330., 4340., 4324., 4327.,  79., 8697, 20220525134500)
 (4327., 4331., 4314., 4315., 173., 8802, 20220525140000)
 (4315., 4324., 4314., 4320.,  57., 8824, 20220525141500)
 (4320., 4324., 4314., 4314.,  18., 8832, 20220525143000)
 (4313., 4355., 4313., 4346., 119., 8787, 20220525144500)
 (4346., 4384., 4346., 4382., 236., 8664, 20220525150000)]
2022-05-26 15:30:00  INFO  [(4384., 4384., 4300., 4301., 514., 8971, 20220525211500)
 (4301., 4310., 4286., 4310., 524., 9289, 20220525213000)
 (4310., 4331., 4303., 4331., 249., 9264, 20220525214500)
 (4333., 4334., 4310., 4330., 180., 9263, 20220525220000)
 (4330., 4335., 4316., 4327., 101., 9258, 20220525221500)
 (4327., 4327., 4318., 4318.,  39., 9279, 20220525223000)
 (4318., 4325., 4315., 4320.,  21., 9289, 20220525224500)
 (4320., 4326., 4313., 4325.,  65., 9276, 20220525230000)
 (4325., 4343., 4316., 4337., 119., 9275, 20220526091500)
 (4337., 4341., 4310., 4317., 165., 9335, 20220526093000)
 (4317., 4322., 4311., 4319.,  81., 9351, 20220526094500)
 (4319., 4320., 4297., 4297., 250., 9471, 20220526100000)
 (4297., 4330., 4295., 4325., 128., 9436, 20220526101500)
 (4325., 4340., 4322., 4326.,  92., 9435, 20220526104500)
 (4326., 4332., 4324., 4332.,  44., 9432, 20220526110000)
 (4332., 4335., 4313., 4313., 102., 9456, 20220526111500)
 (4313., 4341., 4311., 4338., 133., 9406, 20220526113000)
 (4336., 4367., 4336., 4343., 305., 9312, 20220526134500)
 (4343., 4351., 4333., 4342., 120., 9317, 20220526140000)
 (4342., 4347., 4339., 4344.,  51., 9304, 20220526141500)
 (4344., 4353., 4342., 4348.,  48., 9296, 20220526143000)
 (4348., 4358., 4340., 4358.,  57., 9284, 20220526144500)
 (4358., 4368., 4350., 4350.,  82., 9234, 20220526150000)]
2022-05-27 15:30:00  INFO  [(4355., 4368., 4347., 4362., 1637.,  9989, 20220526211500)
 (4364., 4395., 4364., 4381.,  244.,  9946, 20220526213000)
 (4381., 4385., 4374., 4382.,   71.,  9930, 20220526214500)
 (4382., 4391., 4379., 4391.,   41.,  9918, 20220526220000)
 (4392., 4396., 4380., 4384.,  143.,  9869, 20220526221500)
 (4384., 4390., 4381., 4389.,   42.,  9855, 20220526223000)
 (4389., 4398., 4389., 4396.,  125.,  9776, 20220526224500)
 (4396., 4399., 4390., 4397.,   86.,  9732, 20220526230000)
 (4397., 4416., 4393., 4415.,  649., 10014, 20220527091500)
 (4416., 4434., 4413., 4422.,  198.,  9983, 20220527093000)
 (4422., 4427., 4416., 4427.,   25.,  9977, 20220527094500)
 (4427., 4428., 4411., 4417.,   31.,  9974, 20220527100000)
 (4415., 4430., 4415., 4428.,   59.,  9963, 20220527101500)
 (4428., 4430., 4421., 4428.,   27.,  9960, 20220527104500)
 (4428., 4433., 4420., 4421.,   62.,  9961, 20220527110000)
 (4421., 4434., 4420., 4433.,  107.,  9945, 20220527111500)
 (4433., 4439., 4428., 4430.,  113.,  9919, 20220527113000)
 (4430., 4430., 4406., 4412.,  126.,  9896, 20220527134500)
 (4412., 4417., 4402., 4405.,  131.,  9937, 20220527140000)
 (4405., 4412., 4394., 4395.,   85.,  9949, 20220527141500)
 (4395., 4420., 4390., 4413.,   98.,  9971, 20220527143000)
 (4413., 4428., 4413., 4414.,   50.,  9952, 20220527144500)
 (4414., 4427., 4414., 4419.,   79.,  9901, 20220527150000)]
2022-05-30 15:30:00  INFO  [(4426., 4460., 4426., 4458., 282., 9954, 20220527211500)
 (4458., 4460., 4447., 4447.,  68., 9948, 20220527213000)
 (4447., 4458., 4447., 4453.,  53., 9923, 20220527214500)
 (4453., 4464., 4451., 4464.,  69., 9887, 20220527220000)
 (4464., 4465., 4450., 4461.,  52., 9875, 20220527221500)
 (4460., 4472., 4458., 4469., 111., 9811, 20220527223000)
 (4469., 4469., 4456., 4466.,  47., 9824, 20220527224500)
 (4466., 4469., 4456., 4456., 126., 9776, 20220527230000)
 (4465., 4479., 4444., 4470., 268., 9837, 20220530091500)
 (4470., 4475., 4460., 4463., 221., 9973, 20220530093000)
 (4463., 4468., 4459., 4465.,  23., 9967, 20220530094500)
 (4465., 4465., 4451., 4454., 147., 9977, 20220530100000)
 (4454., 4469., 4454., 4457.,  57., 9977, 20220530101500)
 (4457., 4466., 4454., 4463.,  46., 9990, 20220530104500)
 (4463., 4463., 4452., 4455.,  37., 9977, 20220530110000)
 (4455., 4455., 4431., 4444., 260., 9956, 20220530111500)
 (4444., 4444., 4428., 4433.,  56., 9951, 20220530113000)
 (4433., 4448., 4431., 4441.,  69., 9934, 20220530134500)
 (4441., 4446., 4440., 4442.,  33., 9927, 20220530140000)
 (4442., 4454., 4438., 4450.,  29., 9923, 20220530141500)
 (4450., 4453., 4446., 4447.,  18., 9922, 20220530143000)
 (4447., 4455., 4442., 4442.,  27., 9921, 20220530144500)
 (4442., 4460., 4442., 4455.,  44., 9901, 20220530150000)]
2022-05-31 15:30:00  INFO  [(4460., 4467., 4445., 4445.,  60., 9916, 20220530211500)
 (4445., 4457., 4445., 4457.,  27., 9908, 20220530213000)
 (4454., 4468., 4454., 4462.,  35., 9901, 20220530214500)
 (4462., 4490., 4462., 4490.,  89., 9886, 20220530220000)
 (4490., 4497., 4483., 4491.,  54., 9873, 20220530221500)
 (4491., 4509., 4491., 4503.,  77., 9852, 20220530223000)
 (4503., 4505., 4490., 4493.,  86., 9827, 20220530224500)
 (4501., 4510., 4493., 4503.,  95., 9840, 20220530230000)
 (4497., 4510., 4495., 4510., 177., 9732, 20220531091500)
 (4510., 4512., 4501., 4505., 117., 9671, 20220531093000)
 (4505., 4505., 4495., 4498.,  50., 9678, 20220531094500)
 (4498., 4501., 4493., 4497.,  74., 9674, 20220531100000)
 (4497., 4507., 4486., 4504.,  81., 9673, 20220531101500)
 (4504., 4504., 4493., 4494.,  40., 9677, 20220531104500)
 (4494., 4500., 4490., 4495.,  39., 9680, 20220531110000)
 (4496., 4496., 4481., 4482.,  43., 9695, 20220531111500)
 (4482., 4489., 4479., 4489.,  30., 9706, 20220531113000)
 (4489., 4502., 4489., 4502.,  54., 9690, 20220531134500)
 (4502., 4505., 4500., 4500.,  20., 9686, 20220531140000)
 (4500., 4510., 4500., 4509.,  57., 9687, 20220531141500)
 (4509., 4514., 4504., 4506.,  37., 9681, 20220531143000)
 (4506., 4520., 4503., 4503., 131., 9647, 20220531144500)
 (4503., 4517., 4493., 4517.,  57., 9636, 20220531150000)]
2022-06-01 15:30:00  INFO  [(4520., 4525., 4511., 4516.,  258.,  9666, 20220531211500)
 (4516., 4517., 4509., 4516.,   63.,  9679, 20220531213000)
 (4516., 4516., 4508., 4508.,   89.,  9693, 20220531214500)
 (4508., 4514., 4508., 4510.,   50.,  9684, 20220531220000)
 (4510., 4516., 4507., 4513.,   33.,  9682, 20220531221500)
 (4513., 4525., 4513., 4524.,   48.,  9670, 20220531223000)
 (4524., 4527., 4518., 4518.,   37.,  9663, 20220531224500)
 (4518., 4524., 4510., 4516.,   31.,  9674, 20220531230000)
 (4516., 4516., 4495., 4505.,  138.,  9698, 20220601091500)
 (4504., 4515., 4502., 4511.,   41.,  9713, 20220601093000)
 (4511., 4511., 4504., 4504.,   24.,  9719, 20220601094500)
 (4504., 4515., 4504., 4515.,   32.,  9722, 20220601100000)
 (4515., 4543., 4514., 4534.,  203.,  9660, 20220601101500)
 (4534., 4559., 4534., 4555.,  209.,  9591, 20220601104500)
 (4555., 4555., 4546., 4554.,   35.,  9575, 20220601110000)
 (4554., 4554., 4543., 4550., 1026., 10483, 20220601111500)
 (4552., 4559., 4548., 4557.,   72., 10483, 20220601113000)
 (4559., 4559., 4540., 4543.,   88., 10465, 20220601134500)
 (4543., 4548., 4542., 4548.,   27., 10460, 20220601140000)
 (4549., 4557., 4548., 4548.,   53., 10453, 20220601141500)
 (4548., 4552., 4542., 4543.,   41., 10436, 20220601143000)
 (4543., 4560., 4541., 4552.,   34., 10444, 20220601144500)
 (4552., 4556., 4545., 4548.,   46., 10456, 20220601150000)]
2022-06-02 15:30:00  INFO  [(4538., 4560., 4538., 4540., 1964., 12259, 20220601211500)
 (4540., 4547., 4540., 4542.,   42., 12287, 20220601213000)
 (4542., 4553., 4542., 4546.,   73., 12267, 20220601214500)
 (4546., 4553., 4540., 4553.,   54., 12252, 20220601220000)
 (4553., 4557., 4547., 4550.,   46., 12246, 20220601221500)
 (4550., 4552., 4547., 4548.,   18., 12252, 20220601223000)
 (4548., 4553., 4541., 4553.,   21., 12250, 20220601224500)
 (4553., 4559., 4547., 4552.,   95., 12221, 20220601230000)
 (4552., 4552., 4531., 4532.,  152., 12262, 20220602091500)
 (4532., 4542., 4531., 4542.,   57., 12248, 20220602093000)
 (4542., 4552., 4540., 4544.,   58., 12235, 20220602094500)
 (4544., 4548., 4540., 4540.,   32., 12247, 20220602100000)
 (4540., 4540., 4531., 4531.,   30., 12245, 20220602101500)
 (4531., 4542., 4531., 4540.,   18., 12243, 20220602104500)
 (4540., 4541., 4538., 4539.,   20., 12244, 20220602110000)
 (4539., 4545., 4537., 4545., 1374., 13592, 20220602111500)
 (4545., 4570., 4542., 4570.,  442., 13827, 20220602113000)
 (4570., 4579., 4560., 4579.,  188., 13800, 20220602134500)
 (4579., 4598., 4574., 4596.,  260., 13718, 20220602140000)
 (4596., 4601., 4592., 4601.,  338., 13621, 20220602141500)
 (4601., 4610., 4598., 4610.,  186., 13567, 20220602143000)
 (4610., 4614., 4600., 4608.,  123., 13517, 20220602144500)
 (4608., 4613., 4600., 4609.,  146., 13501, 20220602150000)]
2022-06-06 15:30:00  INFO  [(4539., 4545., 4537., 4545., 1374., 13592, 20220602111500)
 (4545., 4570., 4542., 4570.,  442., 13827, 20220602113000)
 (4570., 4579., 4560., 4579.,  188., 13800, 20220602134500)
 (4579., 4598., 4574., 4596.,  260., 13718, 20220602140000)
 (4596., 4601., 4592., 4601.,  338., 13621, 20220602141500)
 (4601., 4610., 4598., 4610.,  186., 13567, 20220602143000)
 (4610., 4614., 4600., 4608.,  123., 13517, 20220602144500)
 (4608., 4613., 4600., 4609.,  146., 13501, 20220602150000)
 (4620., 4620., 4595., 4611., 2364., 15525, 20220606091500)
 (4610., 4615., 4583., 4583.,  109., 15520, 20220606093000)
 (4583., 4595., 4583., 4595.,   78., 15503, 20220606094500)
 (4595., 4606., 4595., 4596.,   44., 15513, 20220606100000)
 (4596., 4610., 4591., 4597.,  366., 15428, 20220606101500)
 (4597., 4612., 4597., 4605.,   75., 15395, 20220606104500)
 (4605., 4610., 4600., 4600.,  167., 15435, 20220606110000)
 (4600., 4603., 4586., 4603.,   53., 15440, 20220606111500)
 (4603., 4621., 4603., 4621.,  188., 15332, 20220606113000)
 (4621., 4621., 4610., 4619.,  158., 15332, 20220606134500)
 (4619., 4619., 4607., 4615.,   86., 15286, 20220606140000)
 (4615., 4619., 4605., 4609.,  288., 15256, 20220606141500)
 (4609., 4614., 4596., 4605.,  107., 15276, 20220606143000)
 (4605., 4607., 4596., 4606.,   37., 15279, 20220606144500)
 (4597., 4598., 4574., 4588.,  556., 15601, 20220606150000)]
2022-06-07 15:30:00  INFO  [(4588., 4603., 4576., 4592., 1145., 16606, 20220606211500)
 (4592., 4598., 4590., 4590.,   82., 16615, 20220606213000)
 (4590., 4602., 4590., 4601.,  133., 16593, 20220606214500)
 (4600., 4600., 4593., 4593.,   62., 16594, 20220606220000)
 (4593., 4594., 4580., 4580.,   86., 16619, 20220606221500)
 (4580., 4593., 4580., 4592.,   54., 16601, 20220606223000)
 (4591., 4600., 4591., 4600.,  113., 16511, 20220606224500)
 (4600., 4600., 4582., 4595.,   27., 16513, 20220606230000)
 (4599., 4599., 4588., 4597.,   66., 16506, 20220607091500)
 (4599., 4613., 4597., 4606.,  132., 16487, 20220607093000)
 (4606., 4610., 4601., 4606.,   45., 16490, 20220607094500)
 (4606., 4610., 4600., 4600.,   35., 16501, 20220607100000)
 (4600., 4604., 4589., 4590.,   59., 16527, 20220607101500)
 (4590., 4593., 4590., 4590.,   33., 16537, 20220607104500)
 (4589., 4593., 4581., 4581.,   39., 16544, 20220607110000)
 (4581., 4588., 4577., 4577.,   53., 16567, 20220607111500)
 (4577., 4595., 4572., 4594.,  123., 16583, 20220607113000)
 (4594., 4594., 4580., 4583.,   57., 16591, 20220607134500)
 (4583., 4586., 4564., 4569.,  180., 16684, 20220607140000)
 (4569., 4572., 4560., 4560.,  101., 16713, 20220607141500)
 (4560., 4566., 4555., 4566.,   71., 16727, 20220607143000)
 (4566., 4569., 4550., 4551.,   48., 16724, 20220607144500)
 (4551., 4557., 4547., 4553.,   97., 16729, 20220607150000)]
2022-06-08 15:30:00  INFO  [(4569., 4569., 4535., 4543., 236., 16842, 20220607211500)
 (4543., 4557., 4538., 4557.,  77., 16850, 20220607213000)
 (4557., 4564., 4552., 4552.,  44., 16849, 20220607214500)
 (4552., 4577., 4552., 4575., 129., 16887, 20220607220000)
 (4575., 4576., 4568., 4573.,  50., 16902, 20220607221500)
 (4573., 4583., 4568., 4583.,  56., 16901, 20220607223000)
 (4583., 4590., 4577., 4590.,  65., 16903, 20220607224500)
 (4590., 4597., 4587., 4590.,  45., 16885, 20220607230000)
 (4590., 4598., 4588., 4591., 311., 16849, 20220608091500)
 (4591., 4600., 4591., 4600.,  69., 16880, 20220608093000)
 (4600., 4600., 4592., 4592.,  45., 16885, 20220608094500)
 (4592., 4609., 4592., 4607., 103., 16884, 20220608100000)
 (4607., 4612., 4600., 4606., 348., 16943, 20220608101500)
 (4606., 4620., 4601., 4602., 219., 16916, 20220608104500)
 (4602., 4603., 4590., 4603.,  73., 16906, 20220608110000)
 (4603., 4603., 4586., 4587., 103., 16939, 20220608111500)
 (4587., 4625., 4585., 4590., 262., 16918, 20220608113000)
 (4590., 4617., 4589., 4614., 123., 16885, 20220608134500)
 (4614., 4624., 4613., 4617.,  95., 16854, 20220608140000)
 (4617., 4634., 4616., 4628., 175., 16809, 20220608141500)
 (4628., 4630., 4617., 4617.,  34., 16813, 20220608143000)
 (4617., 4633., 4617., 4625.,  54., 16799, 20220608144500)
 (4625., 4628., 4616., 4628.,  74., 16814, 20220608150000)]
2022-06-09 15:30:00  INFO  [(4628., 4644., 4624., 4641., 209., 16897, 20220608211500)
 (4641., 4658., 4640., 4658., 167., 16944, 20220608213000)
 (4658., 4659., 4650., 4652., 109., 16937, 20220608214500)
 (4652., 4656., 4647., 4652.,  66., 16957, 20220608220000)
 (4652., 4658., 4645., 4645.,  70., 16982, 20220608221500)
 (4645., 4655., 4644., 4644., 223., 17162, 20220608223000)
 (4644., 4653., 4643., 4643.,  62., 17188, 20220608224500)
 (4643., 4654., 4639., 4647., 147., 17187, 20220608230000)
 (4647., 4650., 4630., 4644., 114., 17204, 20220609091500)
 (4644., 4651., 4640., 4641.,  95., 17206, 20220609093000)
 (4641., 4644., 4633., 4633.,  46., 17213, 20220609094500)
 (4633., 4640., 4628., 4638.,  75., 17209, 20220609100000)
 (4638., 4641., 4626., 4630.,  99., 17194, 20220609101500)
 (4630., 4636., 4626., 4630.,  58., 17180, 20220609104500)
 (4630., 4640., 4621., 4640.,  91., 17168, 20220609110000)
 (4640., 4648., 4635., 4635.,  92., 17186, 20220609111500)
 (4635., 4635., 4615., 4617., 130., 17201, 20220609113000)
 (4615., 4629., 4602., 4629., 134., 17186, 20220609134500)
 (4629., 4630., 4613., 4617.,  35., 17181, 20220609140000)
 (4617., 4625., 4617., 4617.,  22., 17178, 20220609141500)
 (4616., 4625., 4615., 4625.,  11., 17179, 20220609143000)
 (4625., 4627., 4615., 4627.,  28., 17174, 20220609144500)
 (4627., 4631., 4611., 4626., 867., 17905, 20220609150000)]
2022-06-10 15:30:00  INFO  [(4614., 4625., 4607., 4619., 877., 18330, 20220609211500)
 (4619., 4634., 4619., 4627., 243., 18308, 20220609213000)
 (4627., 4636., 4623., 4629., 110., 18331, 20220609214500)
 (4629., 4631., 4623., 4623.,  41., 18324, 20220609220000)
 (4623., 4623., 4600., 4612.,  86., 18296, 20220609221500)
 (4612., 4617., 4608., 4614.,  60., 18282, 20220609223000)
 (4614., 4618., 4610., 4614.,  33., 18275, 20220609224500)
 (4614., 4616., 4605., 4607.,  55., 18264, 20220609230000)
 (4607., 4607., 4582., 4588., 143., 18290, 20220610091500)
 (4587., 4592., 4570., 4581.,  88., 18296, 20220610093000)
 (4581., 4605., 4577., 4605.,  64., 18281, 20220610094500)
 (4600., 4605., 4588., 4590.,  38., 18285, 20220610100000)
 (4590., 4613., 4590., 4604.,  52., 18283, 20220610101500)
 (4604., 4615., 4604., 4609.,  59., 18279, 20220610104500)
 (4609., 4619., 4608., 4619.,  57., 18265, 20220610110000)
 (4619., 4629., 4614., 4629.,  58., 18248, 20220610111500)
 (4629., 4629., 4614., 4614.,  43., 18237, 20220610113000)
 (4614., 4621., 4608., 4613.,  38., 18234, 20220610134500)
 (4613., 4615., 4600., 4613.,  42., 18232, 20220610140000)
 (4613., 4623., 4606., 4620.,  57., 18231, 20220610141500)
 (4625., 4640., 4618., 4640., 104., 18224, 20220610143000)
 (4640., 4658., 4633., 4658., 242., 18175, 20220610144500)
 (4658., 4659., 4622., 4627., 184., 18166, 20220610150000)]
2022-06-13 15:30:00  INFO  [(4631., 4631., 4611., 4620., 4676., 18710, 20220610211500)
 (4620., 4620., 4602., 4604.,  161., 18777, 20220610213000)
 (4604., 4606., 4600., 4606.,   92., 18795, 20220610214500)
 (4606., 4610., 4598., 4605.,   93., 18841, 20220610220000)
 (4605., 4608., 4598., 4598.,   95., 18827, 20220610221500)
 (4598., 4599., 4590., 4599.,   60., 18846, 20220610223000)
 (4599., 4599., 4566., 4571.,  170., 18927, 20220610224500)
 (4571., 4593., 4568., 4579.,  153., 18933, 20220610230000)
 (4569., 4569., 4531., 4531.,  604., 19066, 20220613091500)
 (4531., 4548., 4529., 4540.,  282., 19071, 20220613093000)
 (4540., 4552., 4540., 4540.,   79., 19091, 20220613094500)
 (4538., 4554., 4538., 4544.,   48., 19090, 20220613100000)
 (4544., 4550., 4537., 4539.,   58., 19113, 20220613101500)
 (4540., 4541., 4529., 4532.,  140., 19123, 20220613104500)
 (4532., 4539., 4528., 4530.,  268., 19079, 20220613110000)
 (4530., 4534., 4524., 4529.,   39., 19079, 20220613111500)
 (4529., 4532., 4521., 4525.,   67., 19079, 20220613113000)
 (4525., 4528., 4517., 4519.,  125., 19067, 20220613134500)
 (4519., 4533., 4519., 4528.,  101., 19092, 20220613140000)
 (4528., 4534., 4526., 4526.,   77., 19102, 20220613141500)
 (4527., 4538., 4524., 4535.,   83., 19138, 20220613143000)
 (4533., 4539., 4532., 4538.,   98., 19162, 20220613144500)
 (4538., 4545., 4536., 4544.,  106., 19159, 20220613150000)]
2022-06-14 15:30:00  INFO  [(4541., 4551., 4532., 4547., 1860., 20800, 20220613211500)
 (4547., 4554., 4541., 4551.,  143., 20869, 20220613213000)
 (4551., 4559., 4548., 4559.,   97., 20855, 20220613214500)
 (4559., 4577., 4559., 4577.,  159., 20830, 20220613220000)
 (4578., 4578., 4558., 4559.,   77., 20804, 20220613221500)
 (4559., 4563., 4546., 4546.,  125., 20782, 20220613223000)
 (4546., 4549., 4536., 4543.,   76., 20805, 20220613224500)
 (4543., 4545., 4530., 4530.,  126., 20858, 20220613230000)
 (4530., 4542., 4525., 4526.,  144., 20895, 20220614091500)
 (4526., 4536., 4526., 4535.,  117., 20875, 20220614093000)
 (4535., 4537., 4521., 4521.,  106., 20887, 20220614094500)
 (4521., 4525., 4512., 4514.,  193., 20933, 20220614100000)
 (4514., 4532., 4513., 4527.,  245., 20987, 20220614101500)
 (4527., 4527., 4515., 4521.,  121., 21005, 20220614104500)
 (4521., 4526., 4513., 4525.,  267., 21109, 20220614110000)
 (4525., 4525., 4500., 4500.,  614., 21396, 20220614111500)
 (4500., 4509., 4495., 4500.,  292., 21545, 20220614113000)
 (4505., 4510., 4490., 4500.,  680., 21923, 20220614134500)
 (4500., 4511., 4494., 4501.,  232., 21967, 20220614140000)
 (4502., 4517., 4502., 4513.,  349., 22065, 20220614141500)
 (4513., 4523., 4513., 4523.,   72., 22062, 20220614143000)
 (4523., 4530., 4519., 4527.,   54., 22052, 20220614144500)
 (4527., 4536., 4498., 4498.,  279., 22121, 20220614150000)]
2022-06-15 15:30:00  INFO  [(4495., 4506., 4490., 4492.,  424., 22260, 20220614211500)
 (4492., 4497., 4474., 4477.,  832., 22474, 20220614213000)
 (4477., 4478., 4465., 4470.,  708., 22588, 20220614214500)
 (4470., 4483., 4470., 4478.,  243., 22579, 20220614220000)
 (4478., 4486., 4473., 4484.,   69., 22580, 20220614221500)
 (4483., 4489., 4474., 4474.,  106., 22579, 20220614223000)
 (4474., 4485., 4472., 4478.,   36., 22585, 20220614224500)
 (4478., 4489., 4473., 4484.,   71., 22586, 20220614230000)
 (4484., 4510., 4480., 4493.,  420., 22620, 20220615091500)
 (4493., 4494., 4488., 4488.,  224., 22738, 20220615093000)
 (4486., 4503., 4486., 4499.,   88., 22731, 20220615094500)
 (4498., 4513., 4495., 4510.,  422., 22433, 20220615100000)
 (4510., 4515., 4487., 4515.,  130., 22453, 20220615101500)
 (4515., 4519., 4498., 4515.,  196., 22425, 20220615104500)
 (4514., 4522., 4510., 4512.,   85., 22423, 20220615110000)
 (4511., 4515., 4502., 4507.,   90., 22396, 20220615111500)
 (4507., 4510., 4490., 4503.,   82., 22413, 20220615113000)
 (4512., 4512., 4492., 4508.,  111., 22416, 20220615134500)
 (4509., 4516., 4500., 4515.,  400., 22751, 20220615140000)
 (4515., 4515., 4480., 4485.,  155., 22787, 20220615141500)
 (4485., 4488., 4446., 4450., 1044., 23174, 20220615143000)
 (4450., 4498., 4438., 4446.,  445., 23374, 20220615144500)
 (4446., 4451., 4436., 4443.,  474., 23498, 20220615150000)]
2022-06-16 15:30:00  INFO  [(4450., 4464., 4450., 4456., 937., 24126, 20220615211500)
 (4456., 4462., 4454., 4455.,  58., 24144, 20220615213000)
 (4455., 4465., 4450., 4465., 154., 24081, 20220615214500)
 (4465., 4469., 4461., 4466.,  77., 24067, 20220615220000)
 (4466., 4466., 4455., 4455.,  84., 24087, 20220615221500)
 (4455., 4466., 4455., 4462.,  34., 24090, 20220615223000)
 (4462., 4469., 4461., 4468.,  84., 24110, 20220615224500)
 (4468., 4470., 4460., 4464.,  76., 24102, 20220615230000)
 (4464., 4482., 4464., 4474., 220., 24112, 20220616091500)
 (4474., 4474., 4456., 4458., 175., 24193, 20220616093000)
 (4458., 4458., 4437., 4445., 270., 24273, 20220616094500)
 (4445., 4453., 4443., 4443.,  64., 24257, 20220616100000)
 (4443., 4451., 4443., 4445.,  66., 24274, 20220616101500)
 (4445., 4445., 4435., 4444., 288., 24364, 20220616104500)
 (4444., 4450., 4435., 4436.,  75., 24382, 20220616110000)
 (4435., 4439., 4414., 4414., 694., 24699, 20220616111500)
 (4414., 4429., 4413., 4420., 211., 24736, 20220616113000)
 (4418., 4423., 4400., 4401., 614., 25088, 20220616134500)
 (4401., 4405., 4394., 4395., 491., 25263, 20220616140000)
 (4397., 4404., 4390., 4391., 487., 25619, 20220616141500)
 (4391., 4405., 4386., 4388., 728., 25924, 20220616143000)
 (4392., 4395., 4388., 4388., 179., 25969, 20220616144500)
 (4393., 4407., 4390., 4391., 145., 25972, 20220616150000)]
2022-06-17 15:30:00  INFO  [(4390., 4390., 4339., 4344., 1223., 26349, 20220616211500)
 (4344., 4349., 4303., 4309., 1304., 26478, 20220616213000)
 (4308., 4315., 4286., 4290., 1111., 26758, 20220616214500)
 (4292., 4295., 4264., 4274., 1366., 27512, 20220616220000)
 (4274., 4302., 4270., 4296.,  884., 27847, 20220616221500)
 (4296., 4327., 4291., 4320.,  378., 27843, 20220616223000)
 (4320., 4330., 4312., 4315.,  189., 27837, 20220616224500)
 (4315., 4315., 4302., 4305.,  143., 27816, 20220616230000)
 (4300., 4326., 4300., 4326.,  693., 27991, 20220617091500)
 (4326., 4326., 4312., 4317.,  226., 28005, 20220617093000)
 (4317., 4328., 4316., 4322.,  293., 28069, 20220617094500)
 (4323., 4328., 4317., 4320.,  196., 28164, 20220617100000)
 (4320., 4323., 4305., 4308.,  140., 28197, 20220617101500)
 (4308., 4315., 4302., 4311.,  118., 28213, 20220617104500)
 (4311., 4314., 4306., 4308.,   88., 28216, 20220617110000)
 (4308., 4308., 4280., 4294.,  323., 28228, 20220617111500)
 (4294., 4302., 4282., 4290.,  210., 28299, 20220617113000)
 (4295., 4295., 4270., 4283.,  554., 28637, 20220617134500)
 (4283., 4305., 4278., 4279.,  337., 28663, 20220617140000)
 (4279., 4286., 4273., 4278.,  290., 28806, 20220617141500)
 (4278., 4288., 4269., 4278.,  276., 28907, 20220617143000)
 (4278., 4284., 4270., 4271.,  141., 28947, 20220617144500)
 (4271., 4273., 4257., 4257.,  853., 29423, 20220617150000)]
2022-06-20 15:30:00  INFO  [(4246., 4253., 4230., 4234., 3379., 32351, 20220617211500)
 (4234., 4254., 4234., 4251.,  517., 32528, 20220617213000)
 (4251., 4265., 4247., 4255.,  179., 32533, 20220617214500)
 (4255., 4261., 4250., 4251.,  438., 32872, 20220617220000)
 (4251., 4254., 4242., 4250.,   98., 32872, 20220617221500)
 (4250., 4250., 4234., 4235.,  299., 32977, 20220617223000)
 (4235., 4239., 4219., 4222.,  609., 32996, 20220617224500)
 (4222., 4225., 4200., 4212.,  628., 32909, 20220617230000)
 (4170., 4170., 4100., 4110., 3206., 33968, 20220620091500)
 (4110., 4114., 4050., 4057., 2784., 34728, 20220620093000)
 (4058., 4070., 4040., 4052., 1429., 34860, 20220620094500)
 (4052., 4059., 4007., 4016., 1153., 35140, 20220620100000)
 (4016., 4033., 3983., 3983., 1197., 35416, 20220620101500)
 (3999., 4042., 3990., 4040., 1251., 35409, 20220620104500)
 (4040., 4050., 4025., 4028.,  628., 35422, 20220620110000)
 (4028., 4030., 4006., 4017.,  322., 35467, 20220620111500)
 (4017., 4033., 4015., 4030.,  181., 35462, 20220620113000)
 (4030., 4050., 4015., 4050., 1163., 36028, 20220620134500)
 (4050., 4081., 4043., 4070.,  758., 36044, 20220620140000)
 (4070., 4071., 4026., 4030.,  667., 36058, 20220620141500)
 (4030., 4040., 4011., 4019.,  317., 36024, 20220620143000)
 (4019., 4055., 3998., 4037., 1134., 36183, 20220620144500)
 (4037., 4075., 4031., 4053.,  798., 36330, 20220620150000)]
2022-06-21 15:30:00  INFO  [(4046., 4052., 4025., 4040.,  763., 36320, 20220620211500)
 (4040., 4060., 4038., 4041.,  562., 36420, 20220620213000)
 (4042., 4048., 4025., 4030.,  303., 36420, 20220620214500)
 (4030., 4032., 4013., 4017.,  311., 36436, 20220620220000)
 (4017., 4028., 4000., 4002.,  412., 36594, 20220620221500)
 (4002., 4015., 4000., 4011.,  341., 36584, 20220620223000)
 (4011., 4066., 4011., 4056.,  813., 36596, 20220620224500)
 (4056., 4105., 4053., 4086., 5790., 39233, 20220620230000)
 (4086., 4122., 4086., 4118., 1121., 39252, 20220621091500)
 (4119., 4147., 4115., 4147.,  559., 39150, 20220621093000)
 (4147., 4153., 4136., 4141.,  490., 39047, 20220621094500)
 (4141., 4160., 4140., 4151.,  367., 39014, 20220621100000)
 (4151., 4161., 4131., 4135.,  512., 39113, 20220621101500)
 (4135., 4138., 4119., 4123.,  236., 39200, 20220621104500)
 (4123., 4136., 4119., 4124.,  155., 39184, 20220621110000)
 (4126., 4126., 4104., 4122.,  236., 39261, 20220621111500)
 (4115., 4132., 4109., 4132.,  258., 39297, 20220621113000)
 (4133., 4135., 4111., 4112.,  158., 39350, 20220621134500)
 (4112., 4127., 4103., 4121.,  304., 39467, 20220621140000)
 (4121., 4126., 4112., 4122.,  152., 39466, 20220621141500)
 (4121., 4131., 4118., 4130.,  194., 39433, 20220621143000)
 (4130., 4137., 4122., 4125.,  216., 39387, 20220621144500)
 (4125., 4130., 4115., 4128.,  256., 39334, 20220621150000)]
2022-06-22 15:30:00  INFO  [(4112., 4154., 4112., 4130., 1654., 40455, 20220621211500)
 (4130., 4138., 4125., 4133.,  239., 40492, 20220621213000)
 (4133., 4142., 4132., 4136.,  188., 40491, 20220621214500)
 (4136., 4140., 4129., 4130.,  138., 40514, 20220621220000)
 (4130., 4139., 4125., 4134.,  209., 40518, 20220621221500)
 (4134., 4139., 4131., 4132.,   83., 40524, 20220621223000)
 (4132., 4147., 4132., 4140.,  420., 40804, 20220621224500)
 (4140., 4156., 4120., 4120.,  511., 40884, 20220621230000)
 (4120., 4120., 4095., 4107.,  458., 41009, 20220622091500)
 (4107., 4112., 4101., 4105.,  122., 41032, 20220622093000)
 (4103., 4105., 4075., 4078.,  812., 41189, 20220622094500)
 (4078., 4085., 4056., 4059.,  944., 41758, 20220622100000)
 (4060., 4065., 4035., 4041.,  722., 42008, 20220622101500)
 (4041., 4067., 4038., 4050.,  462., 42035, 20220622104500)
 (4050., 4056., 4042., 4044.,  432., 42116, 20220622110000)
 (4044., 4055., 4031., 4034.,  347., 42214, 20220622111500)
 (4034., 4051., 4034., 4045.,  319., 42161, 20220622113000)
 (4045., 4080., 4045., 4063.,  507., 42121, 20220622134500)
 (4062., 4069., 4049., 4050.,  195., 42102, 20220622140000)
 (4050., 4054., 4040., 4043.,  125., 42123, 20220622141500)
 (4043., 4048., 4033., 4041.,  193., 42115, 20220622143000)
 (4041., 4045., 4030., 4038.,  289., 42156, 20220622144500)
 (4038., 4058., 4012., 4035.,  475., 42154, 20220622150000)]
2022-06-23 15:30:00  INFO  [(4030., 4065., 4030., 4048.,  419., 42192, 20220622211500)
 (4048., 4082., 4048., 4080.,  352., 42181, 20220622213000)
 (4080., 4093., 4070., 4082., 2766., 43340, 20220622214500)
 (4083., 4102., 4078., 4092., 3750., 44888, 20220622220000)
 (4092., 4096., 4083., 4090.,  832., 45120, 20220622221500)
 (4090., 4094., 4081., 4086.,  120., 45124, 20220622223000)
 (4084., 4093., 4081., 4086.,  209., 45105, 20220622224500)
 (4086., 4104., 4086., 4094.,  215., 44982, 20220622230000)
 (4092., 4099., 4081., 4082.,  311., 44926, 20220623091500)
 (4082., 4087., 4063., 4074.,  260., 44868, 20220623093000)
 (4074., 4077., 4060., 4066.,  463., 44640, 20220623094500)
 (4066., 4078., 4064., 4072.,  101., 44631, 20220623100000)
 (4072., 4084., 4060., 4060.,  155., 44615, 20220623101500)
 (4060., 4062., 4042., 4048.,  430., 44688, 20220623104500)
 (4050., 4075., 4050., 4054.,  164., 44674, 20220623110000)
 (4054., 4065., 4050., 4065.,   90., 44685, 20220623111500)
 (4065., 4107., 4057., 4105.,  406., 44692, 20220623113000)
 (4096., 4146., 4096., 4129.,  909., 44607, 20220623134500)
 (4129., 4136., 4110., 4134.,  306., 44572, 20220623140000)
 (4137., 4175., 4129., 4170., 2262., 45473, 20220623141500)
 (4170., 4188., 4156., 4157., 7109., 48116, 20220623143000)
 (4159., 4173., 4152., 4160.,  423., 48101, 20220623144500)
 (4159., 4168., 4150., 4159.,  301., 48144, 20220623150000)]
2022-06-24 15:30:00  INFO  [(4169., 4195., 4162., 4172., 2799., 49880, 20220623211500)
 (4172., 4184., 4167., 4180.,  461., 49886, 20220623213000)
 (4180., 4191., 4178., 4183.,  387., 49927, 20220623214500)
 (4183., 4183., 4156., 4165.,  582., 49923, 20220623220000)
 (4165., 4167., 4153., 4156.,  321., 50012, 20220623221500)
 (4153., 4171., 4152., 4166.,  148., 50010, 20220623223000)
 (4166., 4171., 4157., 4161.,  338., 49887, 20220623224500)
 (4161., 4161., 4145., 4158.,  356., 49892, 20220623230000)
 (4161., 4163., 4140., 4161.,  202., 49891, 20220624091500)
 (4161., 4167., 4150., 4159.,  573., 49973, 20220624093000)
 (4160., 4163., 4147., 4155.,  248., 49936, 20220624094500)
 (4155., 4158., 4131., 4135.,  523., 50020, 20220624100000)
 (4135., 4158., 4130., 4148.,  304., 50024, 20220624101500)
 (4148., 4154., 4136., 4140.,  283., 49982, 20220624104500)
 (4140., 4150., 4131., 4150.,  276., 49969, 20220624110000)
 (4150., 4162., 4144., 4144.,  125., 49952, 20220624111500)
 (4144., 4153., 4120., 4133.,  372., 49999, 20220624113000)
 (4133., 4162., 4131., 4160.,  512., 50088, 20220624134500)
 (4160., 4163., 4141., 4145.,  240., 50157, 20220624140000)
 (4145., 4152., 4125., 4132.,  152., 50221, 20220624141500)
 (4132., 4140., 4125., 4128.,  149., 50263, 20220624143000)
 (4128., 4140., 4121., 4134.,  445., 50364, 20220624144500)
 (4134., 4134., 4116., 4116.,  427., 50332, 20220624150000)]
2022-06-27 15:30:00  INFO  [(4130., 4146., 4123., 4143., 2080., 51972, 20220624211500)
 (4143., 4145., 4122., 4125.,  665., 52139, 20220624213000)
 (4125., 4135., 4119., 4124.,  203., 52126, 20220624214500)
 (4124., 4124., 4083., 4083.,  482., 52271, 20220624220000)
 (4089., 4136., 4086., 4123.,  365., 52257, 20220624221500)
 (4123., 4143., 4121., 4141.,  340., 52228, 20220624223000)
 (4141., 4154., 4133., 4150.,  550., 52222, 20220624224500)
 (4150., 4195., 4150., 4184.,  864., 51930, 20220624230000)
 (4195., 4210., 4185., 4197., 1703., 51389, 20220627091500)
 (4197., 4209., 4194., 4209.,  200., 51360, 20220627093000)
 (4209., 4211., 4188., 4193.,  234., 51320, 20220627094500)
 (4193., 4197., 4180., 4197.,  176., 51330, 20220627100000)
 (4197., 4202., 4188., 4192.,  138., 51359, 20220627101500)
 (4192., 4198., 4182., 4182.,   91., 51373, 20220627104500)
 (4182., 4192., 4176., 4180.,  114., 51390, 20220627110000)
 (4180., 4189., 4177., 4187.,  106., 51414, 20220627111500)
 (4187., 4192., 4168., 4174.,   86., 51439, 20220627113000)
 (4174., 4185., 4168., 4182.,  100., 51459, 20220627134500)
 (4182., 4188., 4174., 4188.,  847., 51644, 20220627140000)
 (4188., 4194., 4180., 4187.,  110., 51620, 20220627141500)
 (4187., 4188., 4170., 4176.,   85., 51630, 20220627143000)
 (4176., 4188., 4176., 4185.,   61., 51633, 20220627144500)
 (4187., 4188., 4175., 4180.,  106., 51616, 20220627150000)]
2022-06-28 15:30:00  INFO  [(4181., 4200., 4181., 4190.,  509., 51836, 20220627211500)
 (4190., 4190., 4181., 4187.,  312., 51797, 20220627213000)
 (4187., 4193., 4176., 4179.,  218., 51753, 20220627214500)
 (4179., 4182., 4173., 4176.,  107., 51737, 20220627220000)
 (4176., 4187., 4170., 4170.,  104., 51751, 20220627221500)
 (4170., 4179., 4170., 4179.,   65., 51750, 20220627223000)
 (4179., 4187., 4173., 4187.,   79., 51716, 20220627224500)
 (4187., 4188., 4175., 4182.,   92., 51721, 20220627230000)
 (4182., 4191., 4179., 4186.,  139., 51736, 20220628091500)
 (4186., 4188., 4175., 4180.,  237., 51779, 20220628093000)
 (4178., 4178., 4165., 4173.,  210., 51751, 20220628094500)
 (4173., 4173., 4159., 4159.,  148., 51763, 20220628100000)
 (4159., 4183., 4159., 4178.,  148., 51768, 20220628101500)
 (4178., 4186., 4168., 4171.,  267., 51706, 20220628104500)
 (4171., 4187., 4166., 4184.,  263., 51699, 20220628110000)
 (4183., 4189., 4175., 4182.,  158., 51753, 20220628111500)
 (4182., 4187., 4161., 4174.,  167., 51811, 20220628113000)
 (4176., 4206., 4176., 4190.,  323., 51744, 20220628134500)
 (4190., 4200., 4187., 4196.,   97., 51746, 20220628140000)
 (4196., 4223., 4196., 4223., 2018., 53221, 20220628141500)
 (4223., 4231., 4223., 4231.,  500., 53320, 20220628143000)
 (4231., 4238., 4225., 4231.,  373., 53459, 20220628144500)
 (4231., 4237., 4225., 4237.,  283., 53306, 20220628150000)]
2022-06-29 15:30:00  INFO  [(4230., 4253., 4230., 4248., 1319., 53951, 20220628211500)
 (4248., 4259., 4248., 4258.,  211., 53939, 20220628213000)
 (4258., 4258., 4246., 4254.,  253., 53849, 20220628214500)
 (4254., 4256., 4249., 4252.,  157., 53816, 20220628220000)
 (4252., 4252., 4245., 4245.,  119., 53837, 20220628221500)
 (4245., 4254., 4226., 4236.,  536., 54166, 20220628223000)
 (4236., 4244., 4220., 4237.,  531., 54111, 20220628224500)
 (4241., 4244., 4230., 4237.,  255., 54085, 20220628230000)
 (4237., 4239., 4227., 4230.,  289., 54055, 20220629091500)
 (4230., 4242., 4230., 4233.,  123., 54025, 20220629093000)
 (4233., 4241., 4233., 4235.,   71., 54025, 20220629094500)
 (4235., 4261., 4235., 4260., 4086., 57402, 20220629100000)
 (4260., 4280., 4259., 4271., 1960., 58694, 20220629101500)
 (4267., 4279., 4263., 4271.,  534., 58727, 20220629104500)
 (4271., 4272., 4252., 4253.,  181., 58796, 20220629110000)
 (4255., 4260., 4249., 4252.,  116., 58813, 20220629111500)
 (4249., 4259., 4244., 4245.,  268., 58833, 20220629113000)
 (4250., 4284., 4244., 4264., 1312., 59483, 20220629134500)
 (4264., 4280., 4257., 4279.,  673., 59227, 20220629140000)
 (4279., 4284., 4270., 4283.,  267., 59117, 20220629141500)
 (4283., 4299., 4273., 4295.,  760., 58873, 20220629143000)
 (4295., 4295., 4252., 4264.,  657., 58993, 20220629144500)
 (4261., 4269., 4252., 4252.,  342., 59037, 20220629150000)]
2022-06-30 15:30:00  INFO  [(4265., 4290., 4265., 4278., 664., 59196, 20220629211500)
 (4278., 4281., 4260., 4265., 179., 59176, 20220629213000)
 (4265., 4274., 4260., 4274., 295., 59201, 20220629214500)
 (4274., 4279., 4273., 4276.,  52., 59184, 20220629220000)
 (4276., 4284., 4274., 4274., 167., 59191, 20220629221500)
 (4274., 4283., 4270., 4281., 137., 59183, 20220629223000)
 (4281., 4281., 4271., 4279.,  73., 59200, 20220629224500)
 (4279., 4285., 4277., 4284.,  97., 59173, 20220629230000)
 (4278., 4279., 4262., 4279., 918., 58641, 20220630091500)
 (4279., 4281., 4266., 4266., 293., 58714, 20220630093000)
 (4266., 4271., 4257., 4257., 252., 58783, 20220630094500)
 (4257., 4268., 4252., 4267., 226., 58781, 20220630100000)
 (4267., 4272., 4249., 4254., 211., 58799, 20220630101500)
 (4254., 4266., 4254., 4258., 175., 58840, 20220630104500)
 (4258., 4258., 4235., 4247., 266., 58885, 20220630110000)
 (4247., 4249., 4212., 4233., 576., 59010, 20220630111500)
 (4233., 4263., 4227., 4256., 378., 58889, 20220630113000)
 (4252., 4273., 4250., 4256., 427., 58935, 20220630134500)
 (4256., 4258., 4228., 4240., 279., 59025, 20220630140000)
 (4240., 4260., 4239., 4256., 382., 59059, 20220630141500)
 (4256., 4277., 4251., 4270., 155., 58998, 20220630143000)
 (4270., 4273., 4258., 4268., 130., 58994, 20220630144500)
 (4268., 4268., 4232., 4245., 349., 58965, 20220630150000)]
2022-07-01 15:30:00  INFO  [(4238., 4239., 4191., 4194., 1996., 60262, 20220630211500)
 (4194., 4210., 4190., 4207.,  281., 60343, 20220630213000)
 (4207., 4220., 4201., 4218.,  219., 60326, 20220630214500)
 (4216., 4219., 4204., 4204.,  178., 60381, 20220630220000)
 (4204., 4216., 4203., 4212.,  142., 60320, 20220630221500)
 (4212., 4215., 4205., 4210.,   90., 60323, 20220630223000)
 (4210., 4214., 4201., 4201.,  117., 60338, 20220630224500)
 (4201., 4214., 4193., 4208.,  775., 60339, 20220630230000)
 (4201., 4223., 4198., 4223.,  531., 60202, 20220701091500)
 (4223., 4226., 4210., 4210.,  266., 60232, 20220701093000)
 (4208., 4232., 4201., 4225.,  386., 60134, 20220701094500)
 (4225., 4239., 4225., 4237.,  191., 60094, 20220701100000)
 (4237., 4251., 4233., 4240.,  775., 60216, 20220701101500)
 (4240., 4242., 4230., 4232.,  595., 60715, 20220701104500)
 (4232., 4245., 4217., 4226.,  242., 60753, 20220701110000)
 (4226., 4230., 4217., 4220.,  395., 60972, 20220701111500)
 (4220., 4228., 4202., 4207.,  279., 60967, 20220701113000)
 (4207., 4207., 4165., 4175., 1223., 61136, 20220701134500)
 (4174., 4184., 4155., 4156.,  859., 61464, 20220701140000)
 (4156., 4189., 4156., 4175.,  763., 61569, 20220701141500)
 (4175., 4179., 4160., 4169.,  406., 61679, 20220701143000)
 (4169., 4179., 4164., 4169.,  206., 61670, 20220701144500)
 (4169., 4169., 4151., 4160.,  371., 61658, 20220701150000)]
2022-07-04 15:30:00  INFO  [(4158., 4212., 4158., 4210., 7263., 67847, 20220701211500)
 (4210., 4239., 4210., 4217., 6836., 72297, 20220701213000)
 (4217., 4224., 4197., 4200.,  917., 72453, 20220701214500)
 (4200., 4208., 4190., 4198.,  910., 72464, 20220701220000)
 (4198., 4199., 4184., 4190.,  350., 72485, 20220701221500)
 (4190., 4208., 4182., 4182.,  406., 72541, 20220701223000)
 (4182., 4182., 4156., 4164.,  649., 72733, 20220701224500)
 (4164., 4173., 4140., 4141.,  551., 72974, 20220701230000)
 (4109., 4120., 4078., 4093., 1955., 73403, 20220704091500)
 (4093., 4100., 4077., 4088., 1263., 73900, 20220704093000)
 (4088., 4093., 4077., 4093.,  724., 73842, 20220704094500)
 (4093., 4115., 4090., 4108.,  366., 73814, 20220704100000)
 (4108., 4115., 4094., 4106.,  321., 73913, 20220704101500)
 (4106., 4115., 4093., 4095.,  249., 73841, 20220704104500)
 (4095., 4101., 4089., 4093.,  135., 73825, 20220704110000)
 (4093., 4104., 4093., 4097.,   96., 73853, 20220704111500)
 (4097., 4099., 4087., 4094.,  191., 73958, 20220704113000)
 (4096., 4109., 4085., 4099.,  341., 74031, 20220704134500)
 (4099., 4102., 4087., 4092.,  182., 74090, 20220704140000)
 (4092., 4098., 4082., 4089.,  178., 74171, 20220704141500)
 (4089., 4098., 4085., 4085.,  176., 74255, 20220704143000)
 (4085., 4095., 4084., 4085.,  190., 74292, 20220704144500)
 (4085., 4089., 4076., 4086.,  182., 74294, 20220704150000)]
2022-07-05 15:30:00  INFO  [(4088., 4100., 4081., 4081., 1107., 75096, 20220704211500)
 (4081., 4093., 4081., 4086.,  246., 75144, 20220704213000)
 (4086., 4086., 4048., 4054.,  691., 75334, 20220704214500)
 (4054., 4062., 4039., 4046.,  736., 75354, 20220704220000)
 (4046., 4074., 4036., 4071.,  707., 75409, 20220704221500)
 (4071., 4105., 4068., 4092.,  628., 75385, 20220704223000)
 (4092., 4124., 4092., 4124.,  690., 75254, 20220704224500)
 (4124., 4128., 4090., 4106.,  398., 75265, 20220704230000)
 (4108., 4133., 4108., 4117.,  689., 75285, 20220705091500)
 (4117., 4120., 4101., 4102.,  372., 75348, 20220705093000)
 (4102., 4107., 4098., 4099.,  269., 75405, 20220705094500)
 (4099., 4123., 4099., 4118.,  262., 75301, 20220705100000)
 (4118., 4125., 4109., 4114.,   85., 75293, 20220705101500)
 (4118., 4119., 4100., 4105.,  170., 75320, 20220705104500)
 (4105., 4131., 4100., 4109.,  424., 75222, 20220705110000)
 (4109., 4132., 4105., 4130.,  194., 75158, 20220705111500)
 (4130., 4135., 4124., 4133.,  149., 75123, 20220705113000)
 (4133., 4136., 4118., 4135.,  207., 75052, 20220705134500)
 (4135., 4146., 4129., 4142.,  317., 75002, 20220705140000)
 (4142., 4153., 4136., 4147.,  245., 74915, 20220705141500)
 (4150., 4154., 4138., 4143.,  204., 74942, 20220705143000)
 (4143., 4145., 4126., 4133.,  104., 74926, 20220705144500)
 (4133., 4145., 4131., 4135.,  194., 74894, 20220705150000)]
2022-07-06 15:30:00  INFO  [(4128., 4128., 4078., 4093., 1961., 75208, 20220705211500)
 (4093., 4093., 4073., 4074.,  390., 75340, 20220705213000)
 (4074., 4090., 4070., 4082.,  656., 75503, 20220705214500)
 (4082., 4083., 4060., 4063.,  561., 75611, 20220705220000)
 (4063., 4078., 4062., 4074.,  234., 75604, 20220705221500)
 (4074., 4098., 4074., 4084.,  282., 75568, 20220705223000)
 (4084., 4096., 4081., 4090.,  148., 75576, 20220705224500)
 (4090., 4090., 4064., 4064.,  579., 75711, 20220705230000)
 (4075., 4120., 4074., 4112.,  907., 75441, 20220706091500)
 (4112., 4112., 4100., 4101.,  401., 75300, 20220706093000)
 (4101., 4106., 4098., 4100.,  189., 75304, 20220706094500)
 (4100., 4109., 4073., 4078.,  497., 75105, 20220706100000)
 (4078., 4085., 4067., 4072.,  314., 75183, 20220706101500)
 (4072., 4078., 4055., 4057.,  566., 75289, 20220706104500)
 (4057., 4061., 4044., 4058.,  530., 75493, 20220706110000)
 (4058., 4065., 4046., 4046.,  281., 75517, 20220706111500)
 (4045., 4067., 4030., 4048.,  595., 75640, 20220706113000)
 (4048., 4069., 4028., 4040.,  481., 75657, 20220706134500)
 (4040., 4051., 4036., 4048.,  305., 75601, 20220706140000)
 (4048., 4067., 4044., 4056., 1612., 76112, 20220706141500)
 (4056., 4074., 4049., 4069.,  352., 76167, 20220706143000)
 (4066., 4090., 4063., 4089.,  401., 76110, 20220706144500)
 (4086., 4126., 4085., 4125.,  857., 75751, 20220706150000)]
2022-07-07 15:30:00  INFO  [(4121., 4146., 4096., 4112., 3006., 78077, 20220706211500)
 (4112., 4113., 4100., 4103.,  268., 78093, 20220706213000)
 (4103., 4122., 4103., 4116.,  419., 78070, 20220706214500)
 (4116., 4124., 4114., 4116.,  235., 78041, 20220706220000)
 (4116., 4134., 4114., 4122.,  169., 78010, 20220706221500)
 (4126., 4127., 4112., 4119.,  642., 77751, 20220706223000)
 (4119., 4126., 4112., 4115.,  255., 77634, 20220706224500)
 (4114., 4119., 4108., 4110.,  226., 77654, 20220706230000)
 (4113., 4127., 4107., 4111.,  370., 77647, 20220707091500)
 (4111., 4111., 4088., 4094.,  412., 77627, 20220707093000)
 (4094., 4105., 4086., 4091.,  181., 77669, 20220707094500)
 (4091., 4094., 4076., 4081.,  367., 77771, 20220707100000)
 (4080., 4100., 4072., 4080.,  222., 77767, 20220707101500)
 (4080., 4112., 4078., 4110.,  432., 77719, 20220707104500)
 (4110., 4117., 4105., 4111.,  315., 77674, 20220707110000)
 (4111., 4145., 4104., 4144.,  432., 77657, 20220707111500)
 (4145., 4148., 4134., 4134.,  342., 77567, 20220707113000)
 (4139., 4145., 4119., 4124.,  332., 77564, 20220707134500)
 (4124., 4136., 4109., 4110.,  291., 77527, 20220707140000)
 (4110., 4116., 4104., 4113.,  133., 77562, 20220707141500)
 (4113., 4125., 4105., 4115.,  203., 77578, 20220707143000)
 (4115., 4123., 4102., 4102.,  244., 77563, 20220707144500)
 (4102., 4107., 4085., 4090.,  609., 77872, 20220707150000)]
2022-07-08 15:30:00  INFO  [(4103., 4142., 4103., 4135., 961., 78157, 20220707211500)
 (4135., 4142., 4128., 4135., 463., 78033, 20220707213000)
 (4135., 4140., 4130., 4138.,  73., 78014, 20220707214500)
 (4138., 4154., 4137., 4145., 472., 78033, 20220707220000)
 (4145., 4149., 4135., 4135., 170., 78072, 20220707221500)
 (4135., 4142., 4130., 4135., 262., 78138, 20220707223000)
 (4135., 4139., 4122., 4123., 163., 78134, 20220707224500)
 (4123., 4135., 4120., 4125., 163., 78131, 20220707230000)
 (4125., 4138., 4114., 4122., 416., 78291, 20220708091500)
 (4122., 4125., 4102., 4105., 384., 78406, 20220708093000)
 (4105., 4106., 4094., 4096., 309., 78462, 20220708094500)
 (4096., 4099., 4083., 4091., 626., 78579, 20220708100000)
 (4091., 4097., 4080., 4090., 892., 78954, 20220708101500)
 (4094., 4105., 4087., 4098., 308., 78899, 20220708104500)
 (4098., 4107., 4094., 4095., 352., 78868, 20220708110000)
 (4095., 4102., 4092., 4102., 160., 78873, 20220708111500)
 (4102., 4110., 4082., 4088., 451., 79101, 20220708113000)
 (4089., 4089., 4070., 4078., 620., 79322, 20220708134500)
 (4078., 4080., 4063., 4075., 624., 79489, 20220708140000)
 (4075., 4075., 4062., 4063., 805., 79756, 20220708141500)
 (4063., 4082., 4062., 4076., 347., 79824, 20220708143000)
 (4076., 4097., 4072., 4083., 420., 79752, 20220708144500)
 (4080., 4088., 4075., 4081., 314., 79752, 20220708150000)]
2022-07-11 15:30:00  INFO  [(4079., 4122., 4074., 4122., 2090., 80427, 20220708211500)
 (4122., 4125., 4109., 4111.,  505., 80359, 20220708213000)
 (4111., 4113., 4098., 4104.,  259., 80390, 20220708214500)
 (4104., 4109., 4093., 4093.,  190., 80403, 20220708220000)
 (4093., 4099., 4079., 4084.,  296., 80398, 20220708221500)
 (4084., 4084., 4054., 4056.,  649., 80818, 20220708223000)
 (4056., 4065., 4046., 4053.,  720., 81126, 20220708224500)
 (4053., 4064., 3995., 4000., 2280., 82047, 20220708230000)
 (3996., 3996., 3941., 3951., 2782., 82955, 20220711091500)
 (3951., 3952., 3933., 3942., 1168., 83329, 20220711093000)
 (3942., 3953., 3926., 3947., 1299., 83812, 20220711094500)
 (3947., 3961., 3932., 3936., 1116., 83776, 20220711100000)
 (3936., 3958., 3933., 3951.,  744., 83741, 20220711101500)
 (3953., 3958., 3943., 3946.,  604., 83721, 20220711104500)
 (3946., 3947., 3934., 3936.,  458., 83812, 20220711110000)
 (3936., 3942., 3932., 3935.,  449., 83787, 20220711111500)
 (3935., 3942., 3922., 3922.,  825., 83995, 20220711113000)
 (3922., 3935., 3906., 3908., 1688., 84366, 20220711134500)
 (3913., 3916., 3895., 3896., 1010., 84807, 20220711140000)
 (3896., 3924., 3894., 3906.,  986., 84680, 20220711141500)
 (3906., 3947., 3902., 3946., 1195., 84332, 20220711143000)
 (3946., 3953., 3933., 3939.,  738., 84213, 20220711144500)
 (3939., 3952., 3936., 3947.,  520., 84112, 20220711150000)]
2022-07-12 15:30:00  INFO  [(3953., 3968., 3941., 3945., 7003., 90353, 20220711211500)
 (3948., 3951., 3937., 3945.,  325., 90379, 20220711213000)
 (3945., 3945., 3920., 3928.,  704., 90411, 20220711214500)
 (3925., 3936., 3920., 3935., 1148., 90334, 20220711220000)
 (3932., 3937., 3925., 3925.,  460., 90271, 20220711221500)
 (3925., 3932., 3917., 3920.,  403., 90262, 20220711223000)
 (3920., 3928., 3919., 3925.,  197., 90258, 20220711224500)
 (3925., 3928., 3921., 3925.,  134., 90178, 20220711230000)
 (3921., 3927., 3910., 3913.,  683., 90291, 20220712091500)
 (3913., 3914., 3891., 3891., 1675., 90447, 20220712093000)
 (3892., 3935., 3890., 3923., 1919., 90728, 20220712094500)
 (3923., 3933., 3911., 3927., 1009., 90794, 20220712100000)
 (3927., 3935., 3895., 3906., 1731., 90952, 20220712101500)
 (3906., 3908., 3890., 3899.,  972., 91354, 20220712104500)
 (3899., 3904., 3890., 3893.,  248., 91461, 20220712110000)
 (3893., 3909., 3890., 3904.,  469., 91363, 20220712111500)
 (3904., 3913., 3890., 3893.,  389., 91420, 20220712113000)
 (3895., 3905., 3885., 3890.,  778., 91474, 20220712134500)
 (3890., 3890., 3868., 3874., 1209., 91777, 20220712140000)
 (3874., 3881., 3867., 3874.,  902., 91889, 20220712141500)
 (3874., 3880., 3860., 3863., 1183., 92288, 20220712143000)
 (3863., 3865., 3844., 3845., 1854., 92749, 20220712144500)
 (3845., 3854., 3801., 3820., 2683., 93611, 20220712150000)]
2022-07-13 15:30:00  INFO  [(3820., 3820., 3775., 3796., 4725., 94740, 20220712211500)
 (3796., 3807., 3785., 3795., 1062., 94925, 20220712213000)
 (3796., 3820., 3792., 3807., 1160., 95205, 20220712214500)
 (3805., 3808., 3787., 3789.,  963., 95387, 20220712220000)
 (3789., 3800., 3781., 3793.,  664., 95662, 20220712221500)
 (3793., 3801., 3788., 3793.,  406., 95718, 20220712223000)
 (3793., 3798., 3789., 3789.,  454., 95701, 20220712224500)
 (3789., 3790., 3765., 3789., 1170., 95879, 20220712230000)
 (3778., 3808., 3773., 3802., 1167., 95884, 20220713091500)
 (3802., 3831., 3799., 3814., 1278., 95912, 20220713093000)
 (3814., 3819., 3801., 3807., 2092., 97555, 20220713094500)
 (3807., 3820., 3804., 3813.,  758., 97928, 20220713100000)
 (3813., 3820., 3807., 3820.,  207., 97924, 20220713101500)
 (3820., 3825., 3808., 3812.,  377., 97933, 20220713104500)
 (3812., 3813., 3794., 3797.,  397., 98079, 20220713110000)
 (3797., 3803., 3784., 3784.,  334., 98146, 20220713111500)
 (3782., 3797., 3773., 3781.,  586., 98268, 20220713113000)
 (3785., 3800., 3777., 3794.,  678., 98236, 20220713134500)
 (3794., 3796., 3751., 3754., 1634., 98763, 20220713140000)
 (3754., 3767., 3752., 3756.,  507., 98813, 20220713141500)
 (3756., 3796., 3753., 3794., 1064., 99031, 20220713143000)
 (3791., 3804., 3782., 3795., 1216., 99181, 20220713144500)
 (3795., 3812., 3786., 3799.,  457., 99085, 20220713150000)]
2022-07-14 15:30:00  INFO  [(3790., 3796., 3736., 3770., 6045., 103637, 20220713211500)
 (3770., 3778., 3742., 3751., 1309., 103962, 20220713213000)
 (3752., 3764., 3745., 3761., 1048., 104123, 20220713214500)
 (3761., 3769., 3756., 3762.,  287., 104089, 20220713220000)
 (3762., 3762., 3739., 3746.,  811., 104166, 20220713221500)
 (3746., 3750., 3718., 3722., 1627., 104481, 20220713223000)
 (3722., 3764., 3718., 3738., 1661., 104572, 20220713224500)
 (3738., 3791., 3731., 3780., 1222., 104333, 20220713230000)
 (3785., 3785., 3749., 3749.,  743., 104407, 20220714091500)
 (3749., 3769., 3743., 3762.,  611., 104509, 20220714093000)
 (3764., 3767., 3755., 3766.,  572., 104539, 20220714094500)
 (3766., 3775., 3756., 3757.,  323., 104588, 20220714100000)
 (3757., 3773., 3756., 3763.,  234., 104580, 20220714101500)
 (3763., 3793., 3760., 3791.,  742., 104808, 20220714104500)
 (3789., 3789., 3767., 3778.,  670., 104865, 20220714110000)
 (3778., 3785., 3773., 3785.,  695., 104798, 20220714111500)
 (3781., 3793., 3766., 3780., 1309., 105030, 20220714113000)
 (3781., 3790., 3743., 3743., 1191., 105477, 20220714134500)
 (3747., 3754., 3730., 3734., 1433., 105659, 20220714140000)
 (3734., 3751., 3725., 3728., 3170., 106133, 20220714141500)
 (3728., 3737., 3716., 3719., 1284., 106417, 20220714143000)
 (3719., 3727., 3712., 3725., 1668., 106634, 20220714144500)
 (3725., 3735., 3700., 3700., 1949., 107452, 20220714150000)]
2022-07-15 15:30:00  INFO  [(3684., 3684., 3615., 3636.,  7681., 109526, 20220714211500)
 (3636., 3649., 3596., 3612.,  4218., 110790, 20220714213000)
 (3612., 3612., 3555., 3563., 11589., 104447, 20220714214500)
 (3562., 3590., 3561., 3569.,  4952., 102671, 20220714220000)
 (3569., 3572., 3554., 3570.,  1313., 102923, 20220714221500)
 (3570., 3589., 3570., 3580.,  1119., 102796, 20220714223000)
 (3580., 3581., 3548., 3555.,  2223., 103225, 20220714224500)
 (3555., 3576., 3549., 3560.,  1250., 103248, 20220714230000)
 (3570., 3590., 3563., 3567.,  2803., 104152, 20220715091500)
 (3567., 3571., 3554., 3561.,  1494., 104645, 20220715093000)
 (3560., 3572., 3555., 3557.,   843., 104818, 20220715094500)
 (3559., 3570., 3537., 3570.,  2960., 105503, 20220715100000)
 (3570., 3585., 3550., 3569.,  1281., 105594, 20220715101500)
 (3565., 3587., 3565., 3584.,   960., 105921, 20220715104500)
 (3584., 3588., 3563., 3569.,   800., 106165, 20220715110000)
 (3569., 3570., 3551., 3552.,   919., 106468, 20220715111500)
 (3552., 3555., 3538., 3551.,  1319., 106878, 20220715113000)
 (3544., 3544., 3518., 3522.,  2735., 107212, 20220715134500)
 (3520., 3548., 3520., 3542.,  1254., 107216, 20220715140000)
 (3542., 3545., 3501., 3515.,  8570., 103996, 20220715141500)
 (3515., 3536., 3511., 3533.,  2176., 103562, 20220715143000)
 (3533., 3538., 3503., 3504.,  2058., 103374, 20220715144500)
 (3504., 3510., 3469., 3472.,  3800., 103992, 20220715150000)]
2022-07-18 15:30:00  INFO  [(3488., 3523., 3488., 3509., 6463., 107398, 20220715211500)
 (3509., 3527., 3501., 3527., 1300., 107416, 20220715213000)
 (3526., 3551., 3525., 3531., 1980., 107327, 20220715214500)
 (3531., 3542., 3519., 3525.,  773., 107310, 20220715220000)
 (3525., 3538., 3525., 3529.,  362., 107244, 20220715221500)
 (3529., 3540., 3522., 3540.,  422., 107258, 20220715223000)
 (3540., 3582., 3532., 3575., 1880., 107297, 20220715224500)
 (3575., 3595., 3552., 3593., 1251., 106918, 20220715230000)
 (3594., 3628., 3574., 3625., 3667., 106299, 20220718091500)
 (3625., 3627., 3587., 3594., 2080., 106425, 20220718093000)
 (3594., 3599., 3577., 3591., 2184., 106254, 20220718094500)
 (3591., 3607., 3579., 3597., 1666., 106774, 20220718100000)
 (3597., 3611., 3584., 3607.,  804., 106646, 20220718101500)
 (3608., 3610., 3598., 3606., 1121., 106590, 20220718104500)
 (3606., 3606., 3592., 3599.,  564., 106725, 20220718110000)
 (3597., 3604., 3595., 3603.,  568., 106736, 20220718111500)
 (3603., 3620., 3600., 3616.,  784., 106660, 20220718113000)
 (3614., 3626., 3605., 3611.,  987., 106732, 20220718134500)
 (3610., 3617., 3593., 3598.,  895., 106774, 20220718140000)
 (3597., 3608., 3589., 3603.,  563., 106759, 20220718141500)
 (3603., 3620., 3598., 3618.,  653., 106515, 20220718143000)
 (3618., 3630., 3611., 3629.,  672., 106293, 20220718144500)
 (3629., 3636., 3620., 3625.,  776., 106333, 20220718150000)]
2022-07-19 15:30:00  INFO  [(3618., 3662., 3618., 3645., 4583., 108960, 20220718211500)
 (3645., 3672., 3638., 3664., 1367., 109109, 20220718213000)
 (3664., 3685., 3660., 3681., 2190., 109092, 20220718214500)
 (3681., 3722., 3666., 3721., 7656., 113060, 20220718220000)
 (3722., 3722., 3698., 3709., 7729., 117688, 20220718221500)
 (3710., 3718., 3700., 3701., 1707., 117832, 20220718223000)
 (3701., 3711., 3700., 3710.,  476., 117800, 20220718224500)
 (3710., 3711., 3700., 3710.,  660., 117747, 20220718230000)
 (3710., 3710., 3680., 3683., 2609., 117212, 20220719091500)
 (3683., 3692., 3675., 3675., 1443., 116675, 20220719093000)
 (3675., 3682., 3662., 3682., 1283., 116629, 20220719094500)
 (3682., 3684., 3665., 3670.,  458., 116651, 20220719100000)
 (3670., 3677., 3661., 3675.,  420., 116607, 20220719101500)
 (3673., 3683., 3672., 3676.,  339., 116545, 20220719104500)
 (3676., 3677., 3661., 3668.,  383., 116537, 20220719110000)
 (3668., 3688., 3660., 3660., 1022., 116645, 20220719111500)
 (3661., 3666., 3638., 3649.,  949., 116481, 20220719113000)
 (3650., 3655., 3635., 3637., 1534., 116315, 20220719134500)
 (3637., 3640., 3613., 3618., 1149., 116431, 20220719140000)
 (3616., 3632., 3606., 3621.,  755., 116340, 20220719141500)
 (3623., 3670., 3623., 3667., 1559., 116450, 20220719143000)
 (3666., 3674., 3640., 3643., 1294., 116272, 20220719144500)
 (3643., 3650., 3630., 3633.,  801., 116390, 20220719150000)]
2022-07-20 15:30:00  INFO  [(3627., 3627., 3572., 3583., 3554., 117333, 20220719211500)
 (3583., 3605., 3576., 3599., 1965., 117402, 20220719213000)
 (3601., 3626., 3599., 3617., 1250., 117336, 20220719214500)
 (3617., 3620., 3607., 3611.,  419., 117342, 20220719220000)
 (3611., 3633., 3611., 3625.,  743., 117243, 20220719221500)
 (3625., 3646., 3622., 3642.,  638., 117199, 20220719223000)
 (3642., 3675., 3642., 3664., 1240., 117058, 20220719224500)
 (3664., 3670., 3653., 3668.,  464., 116912, 20220719230000)
 (3671., 3690., 3658., 3662., 1995., 116757, 20220720091500)
 (3662., 3682., 3662., 3675.,  734., 116804, 20220720093000)
 (3675., 3680., 3662., 3674.,  615., 116806, 20220720094500)
 (3674., 3678., 3668., 3678.,  346., 116820, 20220720100000)
 (3678., 3692., 3672., 3687.,  635., 116716, 20220720101500)
 (3684., 3700., 3679., 3696.,  678., 116567, 20220720104500)
 (3696., 3701., 3683., 3698.,  586., 116480, 20220720110000)
 (3697., 3708., 3693., 3704.,  779., 116307, 20220720111500)
 (3704., 3713., 3692., 3713.,  476., 116267, 20220720113000)
 (3705., 3705., 3678., 3684., 2402., 116149, 20220720134500)
 (3684., 3696., 3681., 3684.,  766., 116530, 20220720140000)
 (3684., 3691., 3671., 3676.,  592., 116513, 20220720141500)
 (3676., 3689., 3675., 3678.,  847., 116688, 20220720143000)
 (3677., 3682., 3644., 3653., 2336., 117589, 20220720144500)
 (3651., 3690., 3648., 3678., 1183., 117311, 20220720150000)]
2022-07-21 15:30:00  INFO  [(3681., 3683., 3658., 3663., 1861., 117569, 20220720211500)
 (3663., 3688., 3663., 3688.,  654., 117566, 20220720213000)
 (3688., 3693., 3670., 3671.,  827., 117517, 20220720214500)
 (3670., 3675., 3666., 3668.,  596., 117736, 20220720220000)
 (3668., 3673., 3657., 3665.,  516., 117772, 20220720221500)
 (3665., 3676., 3661., 3663.,  209., 117777, 20220720223000)
 (3663., 3670., 3646., 3655., 1271., 117905, 20220720224500)
 (3655., 3675., 3654., 3666.,  493., 117772, 20220720230000)
 (3666., 3667., 3648., 3656.,  765., 117892, 20220721091500)
 (3655., 3658., 3636., 3643., 1150., 118008, 20220721093000)
 (3641., 3659., 3640., 3650.,  630., 118049, 20220721094500)
 (3650., 3652., 3632., 3641.,  839., 118110, 20220721100000)
 (3641., 3649., 3634., 3642.,  423., 118056, 20220721101500)
 (3639., 3647., 3629., 3632.,  824., 118149, 20220721104500)
 (3632., 3655., 3630., 3651.,  538., 118121, 20220721110000)
 (3651., 3673., 3641., 3668.,  832., 118115, 20220721111500)
 (3668., 3673., 3631., 3635.,  979., 118114, 20220721113000)
 (3640., 3666., 3634., 3659., 1191., 118103, 20220721134500)
 (3659., 3673., 3654., 3670., 1536., 117538, 20220721140000)
 (3670., 3691., 3665., 3691., 1113., 117245, 20220721141500)
 (3690., 3692., 3670., 3673., 1256., 117032, 20220721143000)
 (3673., 3674., 3653., 3665., 1500., 117142, 20220721144500)
 (3665., 3665., 3650., 3665.,  665., 117232, 20220721150000)]
2022-07-22 15:30:00  INFO  [(3650., 3650., 3603., 3619., 2776., 117879, 20220721211500)
 (3619., 3638., 3618., 3634.,  996., 117986, 20220721213000)
 (3635., 3648., 3631., 3644.,  835., 117944, 20220721214500)
 (3646., 3657., 3638., 3647.,  444., 117924, 20220721220000)
 (3647., 3653., 3640., 3646.,  274., 117918, 20220721221500)
 (3646., 3652., 3635., 3635.,  202., 117919, 20220721223000)
 (3635., 3645., 3634., 3644.,  371., 117970, 20220721224500)
 (3644., 3644., 3629., 3634.,  348., 117988, 20220721230000)
 (3634., 3654., 3634., 3642., 1182., 118026, 20220722091500)
 (3642., 3646., 3627., 3645.,  667., 117967, 20220722093000)
 (3645., 3650., 3638., 3646.,  407., 117944, 20220722094500)
 (3646., 3663., 3642., 3661.,  906., 118052, 20220722100000)
 (3661., 3675., 3651., 3675.,  628., 117982, 20220722101500)
 (3675., 3680., 3656., 3663., 1249., 117870, 20220722104500)
 (3663., 3667., 3649., 3649.,  481., 117982, 20220722110000)
 (3649., 3667., 3649., 3662.,  314., 118025, 20220722111500)
 (3662., 3664., 3644., 3653.,  429., 118070, 20220722113000)
 (3653., 3661., 3644., 3657.,  233., 118015, 20220722134500)
 (3657., 3660., 3646., 3655.,  203., 117993, 20220722140000)
 (3655., 3665., 3651., 3662.,  526., 118067, 20220722141500)
 (3663., 3669., 3661., 3669.,  338., 118006, 20220722143000)
 (3667., 3671., 3657., 3661.,  615., 118190, 20220722144500)
 (3661., 3668., 3652., 3668.,  295., 118179, 20220722150000)]
2022-07-25 15:30:00  INFO  [(3676., 3705., 3669., 3690., 1799., 118253, 20220722211500)
 (3690., 3693., 3666., 3678.,  625., 118251, 20220722213000)
 (3678., 3692., 3673., 3692.,  345., 118180, 20220722214500)
 (3690., 3694., 3685., 3688.,  366., 118178, 20220722220000)
 (3690., 3697., 3683., 3694.,  368., 118132, 20220722221500)
 (3694., 3699., 3685., 3692.,  398., 118125, 20220722223000)
 (3692., 3709., 3685., 3708., 1208., 117995, 20220722224500)
 (3708., 3714., 3689., 3693., 1197., 117814, 20220722230000)
 (3692., 3703., 3666., 3673., 1482., 118102, 20220725091500)
 (3673., 3689., 3672., 3676.,  544., 118240, 20220725093000)
 (3674., 3686., 3669., 3686.,  672., 118315, 20220725094500)
 (3686., 3686., 3673., 3678.,  299., 118303, 20220725100000)
 (3678., 3692., 3676., 3684.,  458., 118300, 20220725101500)
 (3684., 3698., 3679., 3698.,  243., 118228, 20220725104500)
 (3698., 3699., 3690., 3695.,  372., 118090, 20220725110000)
 (3695., 3698., 3687., 3692.,  162., 118044, 20220725111500)
 (3692., 3692., 3678., 3680.,  409., 118048, 20220725113000)
 (3680., 3689., 3673., 3676.,  581., 118129, 20220725134500)
 (3676., 3680., 3670., 3675.,  261., 118138, 20220725140000)
 (3675., 3686., 3675., 3680.,  487., 118005, 20220725141500)
 (3680., 3687., 3674., 3681.,  140., 118020, 20220725143000)
 (3681., 3681., 3663., 3675.,  392., 118061, 20220725144500)
 (3675., 3675., 3666., 3670.,  273., 117990, 20220725150000)]
2022-07-26 15:30:00  INFO  [(3680., 3680., 3618., 3625., 2457., 118574, 20220725211500)
 (3624., 3636., 3620., 3635.,  675., 118731, 20220725213000)
 (3635., 3636., 3624., 3626.,  520., 118791, 20220725214500)
 (3626., 3634., 3624., 3628.,  144., 118785, 20220725220000)
 (3628., 3640., 3628., 3640.,  412., 118718, 20220725221500)
 (3640., 3656., 3638., 3649.,  450., 118572, 20220725223000)
 (3649., 3653., 3642., 3645.,  257., 118507, 20220725224500)
 (3645., 3650., 3633., 3634.,  353., 118494, 20220725230000)
 (3634., 3648., 3630., 3636.,  963., 118881, 20220726091500)
 (3636., 3644., 3632., 3640.,  272., 118986, 20220726093000)
 (3641., 3653., 3638., 3643.,  567., 119100, 20220726094500)
 (3643., 3668., 3643., 3666.,  593., 119064, 20220726100000)
 (3666., 3689., 3658., 3688.,  963., 119101, 20220726101500)
 (3688., 3708., 3686., 3704., 1447., 119031, 20220726104500)
 (3704., 3711., 3686., 3688.,  612., 118897, 20220726110000)
 (3688., 3699., 3675., 3685.,  506., 118914, 20220726111500)
 (3685., 3691., 3675., 3690.,  263., 118927, 20220726113000)
 (3692., 3693., 3678., 3680.,  696., 119085, 20220726134500)
 (3680., 3688., 3676., 3684.,  350., 119162, 20220726140000)
 (3684., 3690., 3683., 3690.,  146., 119143, 20220726141500)
 (3690., 3705., 3689., 3693., 2502., 119538, 20220726143000)
 (3693., 3711., 3684., 3709., 5253., 123450, 20220726144500)
 (3710., 3725., 3708., 3720., 7319., 128401, 20220726150000)]
2022-07-27 15:30:00  INFO  [(3720., 3743., 3716., 3719., 6516., 132905, 20220726211500)
 (3719., 3748., 3705., 3746., 9169., 138604, 20220726213000)
 (3745., 3754., 3733., 3738., 6649., 142906, 20220726214500)
 (3738., 3747., 3733., 3744., 4286., 145591, 20220726220000)
 (3743., 3745., 3728., 3729., 2614., 146690, 20220726221500)
 (3728., 3737., 3728., 3735.,  832., 146819, 20220726223000)
 (3735., 3738., 3730., 3736.,  517., 146984, 20220726224500)
 (3737., 3738., 3726., 3731.,  691., 146984, 20220726230000)
 (3731., 3731., 3711., 3715., 1975., 147393, 20220727091500)
 (3715., 3715., 3690., 3701., 2736., 147404, 20220727093000)
 (3701., 3706., 3685., 3686.,  792., 147561, 20220727094500)
 (3686., 3691., 3678., 3680.,  849., 147490, 20220727100000)
 (3680., 3692., 3677., 3692.,  338., 147442, 20220727101500)
 (3692., 3693., 3678., 3680.,  755., 147784, 20220727104500)
 (3680., 3703., 3678., 3703.,  854., 147924, 20220727110000)
 (3703., 3722., 3696., 3721., 1117., 147805, 20220727111500)
 (3720., 3729., 3701., 3727., 1103., 147423, 20220727113000)
 (3732., 3754., 3730., 3746., 3502., 146219, 20220727134500)
 (3746., 3750., 3739., 3746.,  985., 145995, 20220727140000)
 (3746., 3755., 3742., 3750.,  956., 145611, 20220727141500)
 (3750., 3753., 3733., 3737.,  585., 145648, 20220727143000)
 (3739., 3740., 3730., 3737.,  760., 146066, 20220727144500)
 (3738., 3745., 3731., 3744., 1426., 146193, 20220727150000)]
2022-07-28 15:30:00  INFO  [(3744., 3747., 3720., 3732., 2420., 147362, 20220727211500)
 (3732., 3742., 3728., 3732.,  996., 147616, 20220727213000)
 (3732., 3741., 3727., 3733.,  932., 147737, 20220727214500)
 (3733., 3747., 3731., 3745.,  609., 147703, 20220727220000)
 (3746., 3747., 3735., 3742.,  284., 147658, 20220727221500)
 (3742., 3746., 3736., 3740.,  282., 147631, 20220727223000)
 (3742., 3753., 3742., 3750.,  620., 147475, 20220727224500)
 (3750., 3770., 3750., 3762., 1358., 147139, 20220727230000)
 (3763., 3798., 3763., 3798., 2432., 146651, 20220728091500)
 (3798., 3801., 3791., 3795., 1009., 146676, 20220728093000)
 (3795., 3818., 3794., 3816., 1179., 146525, 20220728094500)
 (3816., 3816., 3803., 3810., 1521., 145841, 20220728100000)
 (3810., 3816., 3806., 3815.,  387., 145733, 20220728101500)
 (3813., 3819., 3803., 3807.,  691., 145708, 20220728104500)
 (3808., 3814., 3798., 3812.,  446., 145677, 20220728110000)
 (3812., 3826., 3811., 3822.,  598., 145539, 20220728111500)
 (3822., 3837., 3816., 3831., 1122., 145191, 20220728113000)
 (3835., 3853., 3827., 3827., 1741., 144947, 20220728134500)
 (3827., 3840., 3826., 3832., 1881., 144930, 20220728140000)
 (3832., 3842., 3830., 3838.,  933., 144965, 20220728141500)
 (3838., 3854., 3836., 3853.,  977., 144810, 20220728143000)
 (3855., 3862., 3847., 3860., 1065., 144700, 20220728144500)
 (3860., 3883., 3854., 3878., 2583., 144606, 20220728150000)]
2022-07-29 15:30:00  INFO  [(3873., 3873., 3834., 3848., 2180., 144633, 20220728211500)
 (3848., 3854., 3841., 3841.,  872., 144831, 20220728213000)
 (3841., 3864., 3841., 3853., 1105., 144686, 20220728214500)
 (3853., 3856., 3838., 3840., 1164., 144751, 20220728220000)
 (3840., 3874., 3836., 3874., 5159., 148757, 20220728221500)
 (3873., 3884., 3858., 3862., 9225., 154230, 20220728223000)
 (3862., 3875., 3862., 3868.,  794., 154359, 20220728224500)
 (3868., 3875., 3862., 3864., 1033., 154315, 20220728230000)
 (3864., 3884., 3861., 3881., 1229., 154510, 20220729091500)
 (3881., 3888., 3874., 3880., 1225., 154880, 20220729093000)
 (3880., 3889., 3877., 3883., 1004., 154937, 20220729094500)
 (3883., 3884., 3866., 3873.,  926., 154922, 20220729100000)
 (3875., 3875., 3854., 3854.,  616., 155070, 20220729101500)
 (3854., 3860., 3838., 3846., 2531., 155516, 20220729104500)
 (3846., 3854., 3841., 3848.,  949., 155749, 20220729110000)
 (3848., 3860., 3844., 3849.,  504., 155863, 20220729111500)
 (3849., 3851., 3838., 3839., 1000., 155990, 20220729113000)
 (3839., 3852., 3830., 3850.,  604., 156090, 20220729134500)
 (3850., 3853., 3837., 3838.,  766., 155930, 20220729140000)
 (3838., 3840., 3830., 3837.,  686., 155947, 20220729141500)
 (3834., 3846., 3826., 3841.,  643., 155917, 20220729143000)
 (3841., 3845., 3836., 3840.,  400., 155903, 20220729144500)
 (3840., 3846., 3833., 3843.,  382., 155822, 20220729150000)]
2022-08-01 15:30:00  INFO  [(3843., 3887., 3840., 3884., 3369., 156470, 20220729211500)
 (3884., 3896., 3872., 3875., 1436., 156294, 20220729213000)
 (3876., 3881., 3868., 3877.,  733., 156343, 20220729214500)
 (3877., 3890., 3876., 3889.,  594., 156237, 20220729220000)
 (3889., 3906., 3888., 3902., 2131., 155922, 20220729221500)
 (3901., 3932., 3901., 3932., 1475., 155665, 20220729223000)
 (3932., 3944., 3916., 3943., 1737., 155323, 20220729224500)
 (3943., 3955., 3922., 3934., 1151., 155297, 20220729230000)
 (3954., 3956., 3904., 3905., 2233., 155298, 20220801091500)
 (3906., 3920., 3906., 3909.,  729., 155412, 20220801093000)
 (3909., 3923., 3904., 3908., 1288., 155565, 20220801094500)
 (3908., 3911., 3896., 3904., 1630., 155587, 20220801100000)
 (3904., 3916., 3904., 3915.,  999., 155474, 20220801101500)
 (3913., 3920., 3906., 3906.,  446., 155481, 20220801104500)
 (3907., 3936., 3906., 3935.,  836., 155652, 20220801110000)
 (3935., 3936., 3916., 3917.,  549., 155703, 20220801111500)
 (3916., 3920., 3908., 3920.,  574., 155809, 20220801113000)
 (3921., 3935., 3917., 3930.,  713., 155976, 20220801134500)
 (3930., 3937., 3919., 3922.,  667., 156028, 20220801140000)
 (3922., 3922., 3901., 3909., 1956., 157279, 20220801141500)
 (3909., 3911., 3898., 3906.,  502., 157274, 20220801143000)
 (3904., 3917., 3901., 3912.,  403., 157289, 20220801144500)
 (3912., 3922., 3900., 3903.,  496., 157145, 20220801150000)]
2022-08-02 15:30:00  INFO  [(3900., 3900., 3850., 3891., 13540., 165036, 20220801211500)
 (3892., 3892., 3883., 3886.,   542., 165079, 20220801213000)
 (3886., 3894., 3877., 3892.,   747., 165114, 20220801214500)
 (3892., 3894., 3883., 3888.,   378., 165177, 20220801220000)
 (3888., 3895., 3886., 3891.,   228., 165165, 20220801221500)
 (3891., 3891., 3873., 3878.,   434., 165184, 20220801223000)
 (3878., 3890., 3876., 3890.,   153., 165154, 20220801224500)
 (3890., 3892., 3876., 3878.,   296., 165070, 20220801230000)
 (3876., 3880., 3862., 3868.,  1578., 165309, 20220802091500)
 (3868., 3887., 3868., 3875.,   936., 165273, 20220802093000)
 (3875., 3878., 3861., 3864.,   718., 165089, 20220802094500)
 (3864., 3875., 3862., 3871.,   695., 165100, 20220802100000)
 (3871., 3879., 3860., 3861.,   598., 164997, 20220802101500)
 (3861., 3866., 3837., 3841.,  1166., 164958, 20220802104500)
 (3841., 3851., 3822., 3847.,  1424., 164891, 20220802110000)
 (3847., 3848., 3827., 3841.,   547., 164890, 20220802111500)
 (3841., 3857., 3831., 3845.,   483., 164840, 20220802113000)
 (3848., 3854., 3837., 3841.,  1386., 165859, 20220802134500)
 (3841., 3845., 3831., 3838.,  1182., 166322, 20220802140000)
 (3838., 3880., 3837., 3876.,  1377., 165962, 20220802141500)
 (3876., 3895., 3872., 3877.,  2294., 167392, 20220802143000)
 (3877., 3888., 3875., 3883.,   700., 167400, 20220802144500)
 (3883., 3888., 3875., 3878.,   977., 167351, 20220802150000)]
2022-08-03 15:30:00  INFO  [(3875., 3885., 3856., 3877., 2417., 168337, 20220802211500)
 (3877., 3888., 3871., 3882.,  745., 168388, 20220802213000)
 (3882., 3887., 3872., 3875.,  498., 168363, 20220802214500)
 (3875., 3880., 3856., 3859.,  946., 168665, 20220802220000)
 (3859., 3863., 3851., 3858., 1199., 168968, 20220802221500)
 (3858., 3867., 3855., 3863.,  687., 168846, 20220802223000)
 (3863., 3864., 3828., 3848., 1448., 168740, 20220802224500)
 (3848., 3878., 3839., 3855., 1275., 168486, 20220802230000)
 (3855., 3886., 3854., 3882., 1379., 168671, 20220803091500)
 (3882., 3897., 3878., 3887.,  975., 168665, 20220803093000)
 (3888., 3892., 3875., 3883.,  439., 168633, 20220803094500)
 (3883., 3896., 3878., 3888.,  457., 168560, 20220803100000)
 (3888., 3894., 3883., 3892.,  353., 168577, 20220803101500)
 (3889., 3898., 3879., 3888.,  527., 168667, 20220803104500)
 (3888., 3891., 3876., 3884.,  623., 168862, 20220803110000)
 (3884., 3890., 3879., 3887.,  352., 168821, 20220803111500)
 (3887., 3900., 3887., 3896.,  709., 168700, 20220803113000)
 (3900., 3903., 3882., 3900., 1204., 168934, 20220803134500)
 (3900., 3910., 3894., 3900., 1697., 169027, 20220803140000)
 (3900., 3906., 3896., 3904.,  916., 168914, 20220803141500)
 (3904., 3906., 3895., 3903.,  577., 168945, 20220803143000)
 (3903., 3904., 3883., 3885., 1057., 169105, 20220803144500)
 (3885., 3890., 3860., 3860., 1990., 169849, 20220803150000)]
2022-08-04 15:30:00  INFO  [(3871., 3879., 3845., 3851., 4153., 172554, 20220803211500)
 (3851., 3856., 3840., 3849.,  779., 172783, 20220803213000)
 (3849., 3860., 3845., 3855.,  382., 172820, 20220803214500)
 (3855., 3860., 3848., 3848.,  378., 172856, 20220803220000)
 (3848., 3849., 3835., 3837., 1368., 173236, 20220803221500)
 (3837., 3839., 3825., 3827., 1267., 173442, 20220803223000)
 (3827., 3839., 3825., 3838.,  267., 173485, 20220803224500)
 (3838., 3838., 3805., 3812., 1109., 173362, 20220803230000)
 (3811., 3819., 3796., 3804., 1284., 173631, 20220804091500)
 (3804., 3818., 3801., 3815.,  561., 173770, 20220804093000)
 (3815., 3822., 3813., 3820.,  449., 173773, 20220804094500)
 (3820., 3828., 3817., 3825.,  539., 173845, 20220804100000)
 (3825., 3838., 3810., 3810.,  946., 173880, 20220804101500)
 (3814., 3814., 3791., 3797., 1130., 174222, 20220804104500)
 (3797., 3805., 3791., 3800., 1091., 174699, 20220804110000)
 (3800., 3806., 3793., 3802., 1316., 174846, 20220804111500)
 (3800., 3803., 3791., 3800.,  407., 174872, 20220804113000)
 (3797., 3808., 3777., 3779., 1152., 175171, 20220804134500)
 (3779., 3781., 3759., 3771., 1399., 175229, 20220804140000)
 (3769., 3794., 3769., 3784.,  722., 175335, 20220804141500)
 (3784., 3788., 3760., 3761.,  814., 175346, 20220804143000)
 (3761., 3763., 3740., 3750., 2007., 175711, 20220804144500)
 (3750., 3758., 3740., 3740., 1929., 176009, 20220804150000)]
2022-08-05 15:30:00  INFO  [(3739., 3753., 3725., 3728., 3217., 177594, 20220804211500)
 (3728., 3739., 3722., 3722., 1073., 177869, 20220804213000)
 (3722., 3731., 3719., 3730.,  847., 177874, 20220804214500)
 (3730., 3746., 3729., 3742.,  976., 177803, 20220804220000)
 (3742., 3789., 3740., 3776., 6573., 181841, 20220804221500)
 (3774., 3796., 3771., 3793., 5024., 184707, 20220804223000)
 (3793., 3801., 3781., 3794., 7456., 190232, 20220804224500)
 (3794., 3806., 3786., 3786., 7518., 196000, 20220804230000)
 (3786., 3792., 3776., 3783., 2903., 196251, 20220805091500)
 (3783., 3815., 3780., 3811., 2451., 196142, 20220805093000)
 (3811., 3826., 3807., 3821., 1674., 196037, 20220805094500)
 (3821., 3828., 3808., 3818., 1063., 195805, 20220805100000)
 (3818., 3820., 3803., 3818.,  729., 195801, 20220805101500)
 (3818., 3829., 3816., 3823., 1803., 195866, 20220805104500)
 (3823., 3829., 3815., 3817.,  648., 195655, 20220805110000)
 (3817., 3817., 3803., 3805.,  654., 195579, 20220805111500)
 (3805., 3830., 3805., 3823.,  748., 195514, 20220805113000)
 (3823., 3832., 3818., 3831.,  788., 195630, 20220805134500)
 (3833., 3843., 3826., 3832.,  886., 195600, 20220805140000)
 (3832., 3840., 3827., 3838.,  344., 195643, 20220805141500)
 (3838., 3854., 3838., 3852., 2559., 196766, 20220805143000)
 (3852., 3854., 3839., 3839.,  796., 196675, 20220805144500)
 (3839., 3842., 3815., 3819., 1330., 196666, 20220805150000)]
2022-08-08 15:30:00  INFO  [(3819., 3822., 3796., 3797., 2588., 197847, 20220805211500)
 (3797., 3827., 3796., 3812., 1353., 197907, 20220805213000)
 (3812., 3840., 3810., 3838., 1644., 197965, 20220805214500)
 (3838., 3852., 3833., 3850., 1795., 197970, 20220805220000)
 (3850., 3881., 3842., 3878., 2562., 197417, 20220805221500)
 (3880., 3888., 3869., 3869., 1871., 197050, 20220805223000)
 (3869., 3890., 3869., 3890.,  762., 197082, 20220805224500)
 (3889., 3900., 3880., 3900., 1382., 196652, 20220805230000)
 (3893., 3901., 3863., 3885., 3055., 196778, 20220808091500)
 (3885., 3893., 3882., 3893., 1858., 196766, 20220808093000)
 (3893., 3919., 3889., 3917., 1382., 196438, 20220808094500)
 (3917., 3927., 3908., 3922., 2058., 196385, 20220808100000)
 (3922., 3925., 3898., 3907.,  930., 196309, 20220808101500)
 (3907., 3914., 3901., 3901.,  555., 196316, 20220808104500)
 (3901., 3908., 3897., 3899.,  365., 196323, 20220808110000)
 (3899., 3912., 3896., 3905.,  519., 196193, 20220808111500)
 (3905., 3905., 3888., 3896.,  385., 196109, 20220808113000)
 (3896., 3906., 3887., 3900.,  803., 196172, 20220808134500)
 (3902., 3919., 3900., 3915.,  644., 195939, 20220808140000)
 (3915., 3919., 3906., 3917.,  934., 195845, 20220808141500)
 (3917., 3923., 3913., 3914., 1044., 195596, 20220808143000)
 (3914., 3922., 3908., 3920.,  722., 195507, 20220808144500)
 (3920., 3928., 3914., 3928.,  810., 195237, 20220808150000)]
2022-08-09 15:30:00  INFO  [(3940., 3940., 3908., 3933., 3834., 197068, 20220808211500)
 (3932., 3946., 3927., 3940., 1459., 196977, 20220808213000)
 (3940., 3946., 3935., 3943.,  988., 196884, 20220808214500)
 (3942., 3950., 3938., 3948., 1010., 196660, 20220808220000)
 (3948., 3953., 3926., 3929., 1044., 196692, 20220808221500)
 (3929., 3933., 3914., 3920.,  713., 196658, 20220808223000)
 (3920., 3925., 3913., 3922.,  877., 196613, 20220808224500)
 (3923., 3929., 3915., 3929.,  500., 196447, 20220808230000)
 (3927., 3936., 3910., 3911., 1108., 196457, 20220809091500)
 (3911., 3915., 3902., 3909.,  741., 196499, 20220809093000)
 (3909., 3915., 3897., 3898., 1072., 196728, 20220809094500)
 (3898., 3903., 3891., 3895.,  595., 196944, 20220809100000)
 (3895., 3904., 3885., 3896.,  774., 196988, 20220809101500)
 (3896., 3906., 3890., 3898.,  790., 197099, 20220809104500)
 (3898., 3907., 3891., 3904.,  517., 197056, 20220809110000)
 (3904., 3915., 3897., 3901.,  319., 197018, 20220809111500)
 (3901., 3905., 3888., 3893.,  439., 197132, 20220809113000)
 (3893., 3897., 3880., 3894., 1047., 197386, 20220809134500)
 (3894., 3902., 3887., 3892.,  487., 197370, 20220809140000)
 (3892., 3908., 3886., 3903.,  763., 197463, 20220809141500)
 (3903., 3909., 3876., 3881., 1452., 197603, 20220809143000)
 (3881., 3887., 3877., 3882.,  518., 197650, 20220809144500)
 (3882., 3888., 3874., 3880.,  862., 197878, 20220809150000)]
2022-08-10 15:30:00  INFO  [(3891., 3896., 3863., 3891., 2781., 199493, 20220809211500)
 (3891., 3900., 3886., 3893.,  809., 199434, 20220809213000)
 (3894., 3905., 3893., 3898.,  919., 199515, 20220809214500)
 (3898., 3898., 3888., 3893.,  287., 199518, 20220809220000)
 (3893., 3894., 3880., 3887.,  250., 199546, 20220809221500)
 (3887., 3900., 3887., 3896.,  224., 199573, 20220809223000)
 (3897., 3897., 3857., 3869., 1398., 199990, 20220809224500)
 (3869., 3872., 3860., 3860.,  719., 199923, 20220809230000)
 (3860., 3872., 3858., 3865., 1152., 200146, 20220810091500)
 (3865., 3878., 3865., 3871.,  577., 200190, 20220810093000)
 (3869., 3883., 3865., 3880.,  530., 200238, 20220810094500)
 (3880., 3884., 3873., 3880.,  290., 200196, 20220810100000)
 (3880., 3893., 3879., 3880.,  435., 200097, 20220810101500)
 (3884., 3884., 3862., 3864.,  877., 200206, 20220810104500)
 (3864., 3871., 3861., 3861.,  408., 200323, 20220810110000)
 (3861., 3864., 3849., 3856., 1692., 200656, 20220810111500)
 (3856., 3860., 3837., 3838., 1211., 200891, 20220810113000)
 (3841., 3858., 3832., 3854., 1123., 200938, 20220810134500)
 (3854., 3854., 3841., 3850.,  415., 201161, 20220810140000)
 (3850., 3856., 3844., 3856.,  304., 201259, 20220810141500)
 (3856., 3866., 3853., 3863.,  670., 201310, 20220810143000)
 (3863., 3865., 3847., 3851.,  662., 201514, 20220810144500)
 (3851., 3863., 3847., 3849.,  400., 201553, 20220810150000)]
2022-08-11 15:30:00  INFO  [(3859., 3895., 3859., 3874., 3550., 199683, 20220810211500)
 (3874., 3881., 3858., 3863.,  674., 199865, 20220810213000)
 (3863., 3866., 3853., 3857.,  604., 200161, 20220810214500)
 (3857., 3862., 3856., 3862.,  341., 200199, 20220810220000)
 (3862., 3866., 3840., 3842.,  602., 200356, 20220810221500)
 (3842., 3845., 3825., 3825., 1893., 200911, 20220810223000)
 (3825., 3841., 3825., 3835.,  985., 200986, 20220810224500)
 (3835., 3842., 3832., 3836.,  762., 200876, 20220810230000)
 (3840., 3864., 3840., 3850., 1717., 200962, 20220811091500)
 (3850., 3867., 3850., 3860., 3570., 201583, 20220811093000)
 (3860., 3874., 3860., 3872.,  714., 201391, 20220811094500)
 (3872., 3879., 3860., 3872., 1215., 201440, 20220811100000)
 (3871., 3878., 3862., 3866.,  546., 201455, 20220811101500)
 (3866., 3869., 3842., 3843., 1169., 201693, 20220811104500)
 (3843., 3854., 3835., 3853.,  418., 201765, 20220811110000)
 (3853., 3862., 3849., 3853., 1173., 202390, 20220811111500)
 (3853., 3871., 3852., 3853.,  633., 202408, 20220811113000)
 (3853., 3877., 3831., 3873., 2137., 202463, 20220811134500)
 (3873., 3880., 3868., 3876.,  887., 202530, 20220811140000)
 (3878., 3880., 3864., 3868.,  599., 202435, 20220811141500)
 (3868., 3879., 3862., 3878.,  653., 202387, 20220811143000)
 (3878., 3888., 3877., 3881.,  737., 202210, 20220811144500)
 (3881., 3883., 3875., 3881.,  481., 202157, 20220811150000)]
2022-08-12 15:30:00  INFO  [(3885., 3910., 3885., 3888., 3376., 202211, 20220811211500)
 (3888., 3900., 3886., 3898.,  680., 202109, 20220811213000)
 (3898., 3900., 3890., 3894.,  199., 202070, 20220811214500)
 (3894., 3895., 3884., 3886.,  322., 202032, 20220811220000)
 (3886., 3890., 3883., 3887.,  164., 202023, 20220811221500)
 (3887., 3895., 3879., 3881.,  361., 202003, 20220811223000)
 (3881., 3899., 3880., 3898.,  346., 201960, 20220811224500)
 (3898., 3904., 3895., 3900.,  908., 201766, 20220811230000)
 (3900., 3911., 3895., 3901., 1315., 202000, 20220812091500)
 (3901., 3913., 3898., 3913.,  596., 201969, 20220812093000)
 (3913., 3916., 3896., 3897.,  531., 201833, 20220812094500)
 (3897., 3903., 3889., 3891., 1402., 201406, 20220812100000)
 (3891., 3897., 3872., 3884., 1106., 201841, 20220812101500)
 (3884., 3889., 3874., 3881.,  867., 202336, 20220812104500)
 (3881., 3891., 3879., 3881.,  362., 202348, 20220812110000)
 (3881., 3883., 3873., 3882.,  682., 202539, 20220812111500)
 (3882., 3886., 3877., 3886.,  356., 202577, 20220812113000)
 (3886., 3902., 3884., 3890., 1280., 202143, 20220812134500)
 (3890., 3900., 3888., 3896.,  446., 202165, 20220812140000)
 (3896., 3901., 3891., 3895.,  236., 202143, 20220812141500)
 (3895., 3901., 3893., 3898.,  199., 202198, 20220812143000)
 (3898., 3903., 3892., 3902.,  356., 202231, 20220812144500)
 (3902., 3907., 3895., 3907.,  795., 202333, 20220812150000)]
2022-08-15 15:30:00  INFO  [(3866., 3936., 3866., 3926., 5261., 205078, 20220812211500)
 (3926., 3929., 3908., 3923., 1625., 204942, 20220812213000)
 (3923., 3926., 3911., 3915.,  840., 204931, 20220812214500)
 (3916., 3922., 3913., 3919.,  485., 204836, 20220812220000)
 (3919., 3920., 3910., 3914.,  262., 204852, 20220812221500)
 (3914., 3926., 3911., 3922.,  384., 204805, 20220812223000)
 (3922., 3928., 3917., 3927.,  656., 204839, 20220812224500)
 (3927., 3927., 3911., 3920.,  654., 204675, 20220812230000)
 (3915., 3920., 3896., 3900., 1817., 204600, 20220815091500)
 (3900., 3921., 3898., 3921., 1237., 204719, 20220815093000)
 (3921., 3926., 3913., 3922.,  740., 204704, 20220815094500)
 (3922., 3924., 3908., 3918.,  346., 204720, 20220815100000)
 (3918., 3921., 3887., 3888., 1701., 205133, 20220815101500)
 (3889., 3895., 3876., 3879., 1996., 206013, 20220815104500)
 (3879., 3885., 3868., 3882., 2037., 206212, 20220815110000)
 (3882., 3889., 3870., 3885.,  841., 206173, 20220815111500)
 (3885., 3885., 3865., 3867.,  689., 206105, 20220815113000)
 (3871., 3882., 3870., 3876.,  823., 206356, 20220815134500)
 (3876., 3876., 3844., 3848., 1818., 206810, 20220815140000)
 (3848., 3853., 3822., 3826., 4528., 209314, 20220815141500)
 (3826., 3844., 3822., 3841., 1450., 209654, 20220815143000)
 (3841., 3847., 3833., 3847., 2277., 211117, 20220815144500)
 (3847., 3851., 3836., 3837.,  883., 210922, 20220815150000)]
2022-08-16 15:30:00  INFO  [(3816., 3827., 3789., 3820., 3250., 211207, 20220815211500)
 (3820., 3823., 3814., 3817.,  613., 211315, 20220815213000)
 (3817., 3828., 3810., 3810., 1014., 211491, 20220815214500)
 (3810., 3823., 3809., 3813.,  415., 211541, 20220815220000)
 (3813., 3818., 3805., 3818.,  476., 211563, 20220815221500)
 (3820., 3824., 3816., 3819.,  296., 211635, 20220815223000)
 (3818., 3823., 3815., 3822.,  200., 211653, 20220815224500)
 (3824., 3829., 3820., 3823.,  335., 211732, 20220815230000)
 (3823., 3837., 3823., 3833.,  878., 211796, 20220816091500)
 (3833., 3836., 3826., 3833.,  792., 211624, 20220816093000)
 (3833., 3858., 3833., 3854., 1575., 211521, 20220816094500)
 (3854., 3862., 3850., 3852., 1040., 211568, 20220816100000)
 (3852., 3870., 3848., 3864.,  793., 211333, 20220816101500)
 (3863., 3880., 3862., 3879., 2307., 212538, 20220816104500)
 (3881., 3883., 3869., 3879., 1317., 212388, 20220816110000)
 (3879., 3881., 3867., 3873.,  785., 212220, 20220816111500)
 (3873., 3882., 3865., 3873.,  576., 212159, 20220816113000)
 (3870., 3876., 3857., 3867.,  500., 212185, 20220816134500)
 (3867., 3878., 3863., 3875.,  314., 212034, 20220816140000)
 (3875., 3878., 3866., 3876.,  238., 211978, 20220816141500)
 (3876., 3877., 3863., 3863.,  315., 211955, 20220816143000)
 (3863., 3874., 3858., 3870.,  755., 211963, 20220816144500)
 (3870., 3870., 3861., 3862.,  453., 211845, 20220816150000)]
2022-08-17 15:30:00  INFO  [(3860., 3877., 3860., 3868.,  2069., 211099, 20220816211500)
 (3868., 3869., 3850., 3860.,   815., 210758, 20220816213000)
 (3860., 3865., 3852., 3860.,   384., 210616, 20220816214500)
 (3860., 3867., 3853., 3853.,   676., 210836, 20220816220000)
 (3855., 3865., 3851., 3855.,   492., 210727, 20220816221500)
 (3855., 3863., 3853., 3857.,   251., 210783, 20220816223000)
 (3857., 3857., 3851., 3855.,   288., 210877, 20220816224500)
 (3855., 3857., 3842., 3852.,   746., 211045, 20220816230000)
 (3852., 3858., 3838., 3852.,   821., 211118, 20220817091500)
 (3850., 3856., 3842., 3848.,   495., 211008, 20220817093000)
 (3848., 3848., 3817., 3822.,  1650., 211607, 20220817094500)
 (3822., 3837., 3819., 3826.,   419., 211637, 20220817100000)
 (3827., 3828., 3818., 3827.,   469., 211738, 20220817101500)
 (3826., 3832., 3816., 3817.,  1140., 211835, 20220817104500)
 (3817., 3824., 3814., 3817.,  1141., 212282, 20220817110000)
 (3817., 3823., 3800., 3800.,   984., 212593, 20220817111500)
 (3800., 3812., 3791., 3800.,  2334., 213375, 20220817113000)
 (3802., 3819., 3791., 3807.,  1878., 213450, 20220817134500)
 (3810., 3821., 3801., 3821.,  1572., 213852, 20220817140000)
 (3821., 3841., 3816., 3826., 13501., 222842, 20220817141500)
 (3827., 3827., 3800., 3801.,  1129., 222890, 20220817143000)
 (3801., 3801., 3765., 3769.,  3878., 225299, 20220817144500)
 (3766., 3772., 3743., 3746.,  2835., 226332, 20220817150000)]
2022-08-18 15:30:00  INFO  [(3746., 3758., 3732., 3755., 5374., 228251, 20220817211500)
 (3755., 3763., 3752., 3761., 3343., 229744, 20220817213000)
 (3760., 3761., 3748., 3757.,  595., 229870, 20220817214500)
 (3757., 3758., 3745., 3750.,  674., 230034, 20220817220000)
 (3750., 3758., 3747., 3753.,  522., 230129, 20220817221500)
 (3753., 3777., 3752., 3775., 6748., 235866, 20220817223000)
 (3775., 3790., 3758., 3762., 7849., 239981, 20220817224500)
 (3762., 3765., 3750., 3756., 1186., 239951, 20220817230000)
 (3755., 3771., 3755., 3766., 1302., 240069, 20220818091500)
 (3765., 3773., 3762., 3771.,  776., 240265, 20220818093000)
 (3771., 3774., 3765., 3773.,  468., 240341, 20220818094500)
 (3773., 3773., 3760., 3764.,  879., 240739, 20220818100000)
 (3764., 3765., 3745., 3748.,  992., 240911, 20220818101500)
 (3748., 3748., 3704., 3714., 3418., 242194, 20220818104500)
 (3713., 3736., 3708., 3717., 1875., 242673, 20220818110000)
 (3717., 3732., 3711., 3730.,  850., 242795, 20220818111500)
 (3730., 3745., 3715., 3743., 1100., 242581, 20220818113000)
 (3745., 3777., 3745., 3756., 3777., 242267, 20220818134500)
 (3758., 3770., 3748., 3768., 1195., 242340, 20220818140000)
 (3768., 3771., 3757., 3761.,  669., 242268, 20220818141500)
 (3762., 3769., 3750., 3760., 1748., 242786, 20220818143000)
 (3760., 3760., 3736., 3739., 3545., 242278, 20220818144500)
 (3739., 3742., 3721., 3729., 1104., 242627, 20220818150000)]
2022-08-19 15:30:00  INFO  [(3750., 3755., 3736., 3742., 2317., 243420, 20220818211500)
 (3744., 3749., 3737., 3742., 1716., 243829, 20220818213000)
 (3741., 3747., 3732., 3737.,  493., 243877, 20220818214500)
 (3736., 3736., 3720., 3727., 1208., 244440, 20220818220000)
 (3724., 3725., 3705., 3709., 1612., 244726, 20220818221500)
 (3707., 3734., 3702., 3728., 1744., 245166, 20220818223000)
 (3727., 3729., 3708., 3715.,  532., 245242, 20220818224500)
 (3712., 3722., 3711., 3717.,  596., 245150, 20220818230000)
 (3720., 3732., 3715., 3722., 1450., 245478, 20220819091500)
 (3720., 3725., 3708., 3709.,  947., 245876, 20220819093000)
 (3710., 3721., 3707., 3721.,  430., 245843, 20220819094500)
 (3722., 3729., 3703., 3705., 1165., 246253, 20220819100000)
 (3705., 3711., 3696., 3709., 1645., 246763, 20220819101500)
 (3709., 3724., 3702., 3722., 1451., 246301, 20220819104500)
 (3721., 3733., 3713., 3733.,  680., 246220, 20220819110000)
 (3731., 3747., 3725., 3743., 1671., 245885, 20220819111500)
 (3742., 3746., 3721., 3734.,  514., 245801, 20220819113000)
 (3729., 3733., 3710., 3712., 1278., 246030, 20220819134500)
 (3713., 3718., 3704., 3705.,  553., 246065, 20220819140000)
 (3706., 3712., 3690., 3690., 2153., 246706, 20220819141500)
 (3690., 3708., 3687., 3696., 1008., 246822, 20220819143000)
 (3695., 3697., 3672., 3674., 3474., 247926, 20220819144500)
 (3673., 3675., 3661., 3661., 2831., 248683, 20220819150000)]
2022-08-22 15:30:00  INFO  [(3675., 3684., 3658., 3664.,  2446., 248825, 20220819211500)
 (3662., 3689., 3658., 3681.,  1665., 248783, 20220819213000)
 (3680., 3686., 3675., 3682.,   883., 248609, 20220819214500)
 (3682., 3708., 3676., 3700., 12728., 257977, 20220819220000)
 (3702., 3717., 3695., 3713.,  2129., 257631, 20220819221500)
 (3713., 3723., 3708., 3711.,  1491., 257552, 20220819223000)
 (3711., 3731., 3706., 3725.,  1398., 257386, 20220819224500)
 (3725., 3735., 3718., 3731.,   836., 257117, 20220819230000)
 (3732., 3749., 3724., 3745.,  2844., 257493, 20220822091500)
 (3746., 3746., 3715., 3726.,  2582., 257769, 20220822093000)
 (3728., 3739., 3721., 3737.,   802., 257662, 20220822094500)
 (3737., 3747., 3734., 3743.,  1619., 257032, 20220822100000)
 (3743., 3753., 3739., 3741.,  1167., 256712, 20220822101500)
 (3739., 3742., 3728., 3733.,   460., 256720, 20220822104500)
 (3733., 3747., 3729., 3745.,   400., 256785, 20220822110000)
 (3746., 3748., 3736., 3744.,   457., 256764, 20220822111500)
 (3744., 3762., 3742., 3750.,  1324., 256739, 20220822113000)
 (3750., 3753., 3737., 3739.,   501., 256895, 20220822134500)
 (3739., 3752., 3731., 3750.,   770., 257077, 20220822140000)
 (3750., 3752., 3742., 3750.,   538., 257002, 20220822141500)
 (3750., 3758., 3749., 3753.,  2384., 255538, 20220822143000)
 (3753., 3754., 3740., 3747.,   780., 255569, 20220822144500)
 (3747., 3749., 3738., 3742.,  2058., 255568, 20220822150000)]
2022-08-23 15:30:00  INFO  [(3733., 3753., 3730., 3737., 1652., 255721, 20220822211500)
 (3737., 3744., 3734., 3740.,  480., 255715, 20220822213000)
 (3740., 3742., 3718., 3725., 1114., 255694, 20220822214500)
 (3725., 3729., 3717., 3724.,  488., 255578, 20220822220000)
 (3724., 3740., 3720., 3733.,  848., 255691, 20220822221500)
 (3733., 3748., 3732., 3741.,  903., 255655, 20220822223000)
 (3741., 3746., 3733., 3736.,  659., 255653, 20220822224500)
 (3736., 3755., 3732., 3754.,  631., 255497, 20220822230000)
 (3755., 3787., 3753., 3782., 2486., 255192, 20220823091500)
 (3785., 3789., 3772., 3779., 1313., 255295, 20220823093000)
 (3779., 3787., 3773., 3776.,  867., 255117, 20220823094500)
 (3776., 3790., 3775., 3790.,  976., 254742, 20220823100000)
 (3790., 3792., 3782., 3790.,  459., 254558, 20220823101500)
 (3790., 3792., 3779., 3779., 1069., 254817, 20220823104500)
 (3780., 3785., 3772., 3775., 1132., 255038, 20220823110000)
 (3775., 3784., 3773., 3783.,  746., 255107, 20220823111500)
 (3783., 3788., 3776., 3780., 1292., 255104, 20220823113000)
 (3780., 3780., 3770., 3774.,  760., 255011, 20220823134500)
 (3774., 3774., 3762., 3769., 1797., 253712, 20220823140000)
 (3769., 3780., 3763., 3771.,  673., 253860, 20220823141500)
 (3771., 3771., 3761., 3763.,  744., 254099, 20220823143000)
 (3763., 3770., 3758., 3770., 1912., 253665, 20220823144500)
 (3770., 3777., 3764., 3773.,  933., 253468, 20220823150000)]
2022-08-24 15:30:00  INFO  [(3775., 3788., 3769., 3774., 3823., 255115, 20220823211500)
 (3774., 3781., 3772., 3775.,  537., 255323, 20220823213000)
 (3775., 3783., 3773., 3782.,  949., 255521, 20220823214500)
 (3782., 3784., 3777., 3779., 1117., 255375, 20220823220000)
 (3779., 3782., 3776., 3781.,  750., 254948, 20220823221500)
 (3781., 3804., 3781., 3794., 2496., 254677, 20220823223000)
 (3794., 3808., 3793., 3806.,  988., 254399, 20220823224500)
 (3806., 3809., 3778., 3785., 1206., 254388, 20220823230000)
 (3786., 3790., 3777., 3777.,  787., 254312, 20220824091500)
 (3777., 3782., 3775., 3781.,  597., 254130, 20220824093000)
 (3781., 3784., 3763., 3768., 1157., 254087, 20220824094500)
 (3768., 3769., 3755., 3755., 2006., 254616, 20220824100000)
 (3755., 3772., 3753., 3763.,  797., 254565, 20220824101500)
 (3763., 3764., 3748., 3750., 1251., 254820, 20220824104500)
 (3750., 3769., 3749., 3766.,  924., 254785, 20220824110000)
 (3767., 3779., 3763., 3778., 1474., 255029, 20220824111500)
 (3778., 3781., 3762., 3764., 1656., 254665, 20220824113000)
 (3764., 3778., 3754., 3775., 1279., 254898, 20220824134500)
 (3775., 3781., 3762., 3766.,  879., 254854, 20220824140000)
 (3766., 3770., 3757., 3766.,  370., 254860, 20220824141500)
 (3766., 3766., 3756., 3760.,  553., 254874, 20220824143000)
 (3760., 3772., 3759., 3771.,  827., 255084, 20220824144500)
 (3771., 3778., 3768., 3778.,  949., 255076, 20220824150000)]
2022-08-25 15:30:00  INFO  [(3792., 3796., 3779., 3784., 7825., 261167, 20220824211500)
 (3784., 3794., 3782., 3784., 1159., 260945, 20220824213000)
 (3784., 3795., 3783., 3792.,  590., 261016, 20220824214500)
 (3792., 3794., 3784., 3794.,  622., 260938, 20220824220000)
 (3794., 3812., 3792., 3811., 1362., 260712, 20220824221500)
 (3811., 3813., 3795., 3806.,  937., 260757, 20220824223000)
 (3807., 3810., 3788., 3791.,  660., 260718, 20220824224500)
 (3791., 3801., 3790., 3798.,  451., 260666, 20220824230000)
 (3800., 3807., 3788., 3789., 1021., 260599, 20220825091500)
 (3789., 3797., 3780., 3782.,  898., 260517, 20220825093000)
 (3782., 3789., 3777., 3780.,  763., 260548, 20220825094500)
 (3780., 3799., 3780., 3799.,  911., 260684, 20220825100000)
 (3798., 3801., 3790., 3795.,  902., 260802, 20220825101500)
 (3796., 3802., 3793., 3796.,  457., 260919, 20220825104500)
 (3796., 3802., 3796., 3800.,  387., 260752, 20220825110000)
 (3802., 3816., 3798., 3804., 1593., 260723, 20220825111500)
 (3804., 3808., 3795., 3805.,  834., 260713, 20220825113000)
 (3803., 3803., 3754., 3782., 4695., 261502, 20220825134500)
 (3782., 3792., 3777., 3777., 1726., 261798, 20220825140000)
 (3776., 3785., 3764., 3767.,  710., 261781, 20220825141500)
 (3767., 3779., 3764., 3772.,  981., 261792, 20220825143000)
 (3772., 3779., 3756., 3758.,  849., 262044, 20220825144500)
 (3759., 3764., 3748., 3750., 1693., 262546, 20220825150000)]
2022-08-26 15:30:00  INFO  [(3753., 3774., 3740., 3770., 5113., 265419, 20220825211500)
 (3770., 3780., 3769., 3776.,  826., 265160, 20220825213000)
 (3776., 3785., 3776., 3782.,  939., 264995, 20220825214500)
 (3782., 3783., 3774., 3777., 3076., 265354, 20220825220000)
 (3777., 3789., 3766., 3776., 2418., 265540, 20220825221500)
 (3775., 3776., 3760., 3764.,  398., 265549, 20220825223000)
 (3764., 3770., 3758., 3763., 2014., 265981, 20220825224500)
 (3763., 3770., 3758., 3770.,  366., 265986, 20220825230000)
 (3770., 3780., 3765., 3766.,  986., 265785, 20220826091500)
 (3767., 3784., 3766., 3784.,  572., 265623, 20220826093000)
 (3784., 3785., 3776., 3777.,  539., 265275, 20220826094500)
 (3777., 3784., 3771., 3784.,  442., 265242, 20220826100000)
 (3784., 3790., 3780., 3786.,  614., 265216, 20220826101500)
 (3786., 3800., 3784., 3796., 2667., 265382, 20220826104500)
 (3796., 3802., 3793., 3797.,  892., 265474, 20220826110000)
 (3797., 3800., 3773., 3774., 1575., 265276, 20220826111500)
 (3773., 3790., 3773., 3784.,  665., 265338, 20220826113000)
 (3781., 3784., 3774., 3781.,  463., 265480, 20220826134500)
 (3781., 3794., 3779., 3791., 1814., 266282, 20220826140000)
 (3790., 3795., 3783., 3788., 1208., 266649, 20220826141500)
 (3788., 3790., 3781., 3789.,  681., 266588, 20220826143000)
 (3790., 3795., 3784., 3785., 1849., 267301, 20220826144500)
 (3785., 3808., 3782., 3795., 2536., 266785, 20220826150000)]
2022-08-29 15:30:00  INFO  [(3802., 3839., 3802., 3818., 17850., 280454, 20220826211500)
 (3817., 3820., 3813., 3820.,  1406., 280686, 20220826213000)
 (3820., 3821., 3791., 3794.,  1874., 280871, 20220826214500)
 (3794., 3798., 3780., 3791.,  1536., 281113, 20220826220000)
 (3791., 3800., 3781., 3792.,  1052., 281306, 20220826221500)
 (3792., 3801., 3784., 3785.,   765., 281223, 20220826223000)
 (3785., 3789., 3765., 3772.,  1309., 281227, 20220826224500)
 (3771., 3780., 3767., 3768.,   687., 281222, 20220826230000)
 (3765., 3765., 3734., 3750.,  5590., 281710, 20220829091500)
 (3750., 3753., 3709., 3709.,  4374., 282703, 20220829093000)
 (3709., 3733., 3707., 3730.,  5473., 283540, 20220829094500)
 (3730., 3742., 3724., 3730.,  1567., 283858, 20220829100000)
 (3730., 3732., 3716., 3723.,  1275., 284203, 20220829101500)
 (3723., 3724., 3708., 3712.,  2473., 283804, 20220829104500)
 (3712., 3713., 3691., 3695.,  2575., 284670, 20220829110000)
 (3695., 3709., 3691., 3699.,  1345., 285060, 20220829111500)
 (3699., 3706., 3697., 3703.,   853., 285209, 20220829113000)
 (3703., 3703., 3675., 3691.,  2712., 285966, 20220829134500)
 (3691., 3696., 3684., 3692.,   942., 286016, 20220829140000)
 (3692., 3692., 3679., 3683.,  2009., 286362, 20220829141500)
 (3683., 3698., 3680., 3689.,  1005., 286341, 20220829143000)
 (3690., 3694., 3681., 3683.,  1465., 286763, 20220829144500)
 (3683., 3700., 3672., 3697.,  2195., 287084, 20220829150000)]
2022-08-30 15:30:00  INFO  [(3702., 3706., 3664., 3673., 12056., 294231, 20220829211500)
 (3673., 3679., 3663., 3679.,  1633., 294545, 20220829213000)
 (3680., 3692., 3674., 3677.,  1271., 294518, 20220829214500)
 (3677., 3688., 3672., 3686.,   666., 294670, 20220829220000)
 (3686., 3692., 3684., 3687.,   609., 294808, 20220829221500)
 (3686., 3690., 3672., 3674.,  1009., 295145, 20220829223000)
 (3674., 3680., 3670., 3674.,   635., 295325, 20220829224500)
 (3674., 3680., 3668., 3668.,   729., 295411, 20220829230000)
 (3669., 3688., 3662., 3669.,  2371., 296361, 20220830091500)
 (3669., 3672., 3660., 3661.,  2439., 296558, 20220830093000)
 (3661., 3661., 3630., 3633.,  6380., 298484, 20220830094500)
 (3632., 3658., 3632., 3649.,  2583., 298680, 20220830100000)
 (3649., 3656., 3640., 3651.,  1886., 298836, 20220830101500)
 (3651., 3653., 3634., 3645.,  1993., 299287, 20220830104500)
 (3645., 3652., 3642., 3643.,   989., 299261, 20220830110000)
 (3643., 3645., 3632., 3636.,  1169., 299371, 20220830111500)
 (3636., 3641., 3620., 3624.,  2102., 300038, 20220830113000)
 (3623., 3640., 3621., 3633.,  2777., 300806, 20220830134500)
 (3633., 3637., 3612., 3622.,  2889., 301654, 20220830140000)
 (3622., 3626., 3614., 3614.,  1356., 301879, 20220830141500)
 (3614., 3619., 3598., 3601.,  2798., 303309, 20220830143000)
 (3601., 3611., 3591., 3611.,  4760., 304820, 20220830144500)
 (3611., 3622., 3592., 3597.,  4765., 305581, 20220830150000)]
2022-08-31 15:30:00  INFO  [(3596., 3642., 3591., 3633., 16395., 316587, 20220830211500)
 (3633., 3636., 3624., 3626.,  1665., 316597, 20220830213000)
 (3626., 3634., 3622., 3629.,  1258., 316459, 20220830214500)
 (3629., 3630., 3622., 3630.,   764., 316624, 20220830220000)
 (3630., 3635., 3623., 3626.,   838., 316812, 20220830221500)
 (3626., 3638., 3625., 3632.,  1032., 316914, 20220830223000)
 (3632., 3638., 3630., 3631.,   558., 316992, 20220830224500)
 (3631., 3631., 3621., 3626.,   764., 316977, 20220830230000)
 (3627., 3630., 3610., 3620.,  2892., 317693, 20220831091500)
 (3620., 3620., 3604., 3608.,  1775., 317889, 20220831093000)
 (3608., 3631., 3606., 3627.,  2884., 318096, 20220831094500)
 (3627., 3635., 3622., 3634.,  1597., 317837, 20220831100000)
 (3634., 3636., 3617., 3618.,  1798., 317713, 20220831101500)
 (3619., 3621., 3606., 3608.,  3383., 318700, 20220831104500)
 (3607., 3616., 3604., 3611.,  1753., 319016, 20220831110000)
 (3611., 3618., 3609., 3616.,   526., 319051, 20220831111500)
 (3616., 3619., 3605., 3607.,  1339., 319347, 20220831113000)
 (3609., 3630., 3599., 3604.,  4445., 319925, 20220831134500)
 (3604., 3613., 3595., 3613.,  3017., 320158, 20220831140000)
 (3612., 3615., 3603., 3615.,  2517., 319762, 20220831141500)
 (3615., 3620., 3608., 3612.,  1593., 319702, 20220831143000)
 (3612., 3616., 3603., 3605.,   778., 319850, 20220831144500)
 (3605., 3617., 3602., 3612.,  1992., 320240, 20220831150000)]
2022-09-01 15:30:00  INFO  [(3611., 3654., 3611., 3648., 10415., 323387, 20220831211500)
 (3648., 3660., 3645., 3660.,  3993., 323780, 20220831213000)
 (3660., 3660., 3640., 3645.,  3946., 324982, 20220831214500)
 (3645., 3649., 3639., 3640.,  3949., 325914, 20220831220000)
 (3640., 3642., 3634., 3638.,  4038., 326804, 20220831221500)
 (3637., 3638., 3630., 3634.,  5072., 329676, 20220831223000)
 (3634., 3639., 3625., 3627.,  3177., 330775, 20220831224500)
 (3627., 3649., 3627., 3640.,  3280., 330965, 20220831230000)
 (3641., 3645., 3633., 3634.,  3641., 332148, 20220901091500)
 (3634., 3636., 3629., 3635.,  2179., 332547, 20220901093000)
 (3635., 3636., 3627., 3630.,   961., 332693, 20220901094500)
 (3630., 3640., 3625., 3633.,  1511., 332801, 20220901100000)
 (3633., 3633., 3626., 3628.,  1907., 333410, 20220901101500)
 (3629., 3630., 3617., 3618.,  1801., 333997, 20220901104500)
 (3618., 3630., 3613., 3630.,  2459., 334121, 20220901110000)
 (3631., 3635., 3627., 3635.,  1490., 334067, 20220901111500)
 (3635., 3652., 3630., 3636.,  3504., 334091, 20220901113000)
 (3640., 3644., 3611., 3618.,  4093., 334951, 20220901134500)
 (3617., 3624., 3611., 3611.,  2529., 335106, 20220901140000)
 (3611., 3615., 3598., 3599.,  3742., 336206, 20220901141500)
 (3599., 3605., 3580., 3588.,  5614., 338075, 20220901143000)
 (3588., 3602., 3585., 3588.,  3653., 338206, 20220901144500)
 (3587., 3590., 3571., 3585.,  4668., 339469, 20220901150000)]
2022-09-02 15:30:00  INFO  [(3586., 3586., 3548., 3562., 23883., 343909, 20220901211500)
 (3562., 3570., 3559., 3568.,  3552., 343885, 20220901213000)
 (3568., 3583., 3565., 3582.,  2550., 343664, 20220901214500)
 (3582., 3582., 3568., 3571.,  2141., 343533, 20220901220000)
 (3571., 3578., 3565., 3572.,  1434., 343466, 20220901221500)
 (3572., 3574., 3561., 3571.,  2011., 343775, 20220901223000)
 (3571., 3574., 3560., 3561.,  1260., 343925, 20220901224500)
 (3561., 3565., 3550., 3550.,  2040., 343671, 20220901230000)
 (3552., 3568., 3552., 3555.,  3421., 344080, 20220902091500)
 (3555., 3558., 3546., 3558.,  3070., 344955, 20220902093000)
 (3558., 3558., 3544., 3548.,  3859., 345064, 20220902094500)
 (3548., 3553., 3538., 3540.,  2792., 345923, 20220902100000)
 (3540., 3543., 3517., 3520.,  7735., 347660, 20220902101500)
 (3521., 3532., 3515., 3531.,  6725., 349526, 20220902104500)
 (3531., 3557., 3529., 3556.,  4639., 349604, 20220902110000)
 (3556., 3569., 3539., 3569.,  5765., 350207, 20220902111500)
 (3568., 3572., 3553., 3560.,  6989., 350553, 20220902113000)
 (3555., 3564., 3549., 3562.,  2034., 350665, 20220902134500)
 (3562., 3562., 3551., 3555.,   779., 350675, 20220902140000)
 (3555., 3562., 3553., 3557.,   605., 350763, 20220902141500)
 (3557., 3560., 3537., 3545.,  4464., 351455, 20220902143000)
 (3545., 3560., 3540., 3554.,  2422., 351216, 20220902144500)
 (3554., 3572., 3554., 3569.,  3559., 350271, 20220902150000)]
2022-09-05 15:30:00  INFO  [(3560., 3594., 3560., 3582., 22958., 353503, 20220902211500)
 (3582., 3584., 3570., 3580.,  5368., 353950, 20220902213000)
 (3580., 3580., 3562., 3564.,  2174., 354257, 20220902214500)
 (3564., 3571., 3559., 3568.,  2120., 354383, 20220902220000)
 (3568., 3582., 3568., 3580.,  2308., 354608, 20220902221500)
 (3580., 3590., 3575., 3586.,  1979., 354264, 20220902223000)
 (3586., 3612., 3586., 3609.,  4619., 353307, 20220902224500)
 (3609., 3625., 3606., 3615.,  4965., 352669, 20220902230000)
 (3605., 3605., 3588., 3604., 11306., 355278, 20220905091500)
 (3604., 3610., 3595., 3598.,  4208., 356712, 20220905093000)
 (3598., 3605., 3583., 3584.,  2606., 356594, 20220905094500)
 (3585., 3591., 3583., 3590.,  4538., 358105, 20220905100000)
 (3590., 3599., 3583., 3589.,  1097., 358110, 20220905101500)
 (3590., 3607., 3587., 3597.,  1823., 358003, 20220905104500)
 (3597., 3607., 3596., 3604.,  1020., 357847, 20220905110000)
 (3604., 3617., 3604., 3616.,  1414., 357842, 20220905111500)
 (3616., 3618., 3606., 3609.,  1042., 357882, 20220905113000)
 (3612., 3619., 3601., 3616.,  2237., 358142, 20220905134500)
 (3617., 3623., 3607., 3620.,  2358., 358360, 20220905140000)
 (3620., 3630., 3618., 3625.,  2796., 358488, 20220905141500)
 (3625., 3639., 3623., 3639.,  2451., 358651, 20220905143000)
 (3639., 3640., 3625., 3628.,  2217., 358422, 20220905144500)
 (3628., 3632., 3621., 3627.,  2295., 358781, 20220905150000)]
2022-09-06 15:30:00  INFO  [(3620., 3639., 3617., 3620., 10087., 362167, 20220905211500)
 (3618., 3622., 3611., 3613.,  2313., 361963, 20220905213000)
 (3613., 3620., 3607., 3616.,  3588., 361642, 20220905214500)
 (3616., 3629., 3614., 3628.,  1389., 361714, 20220905220000)
 (3628., 3635., 3625., 3633.,  1862., 361602, 20220905221500)
 (3634., 3636., 3627., 3634.,   902., 361717, 20220905223000)
 (3634., 3639., 3627., 3628.,  1332., 361307, 20220905224500)
 (3629., 3636., 3622., 3631.,  2626., 361257, 20220905230000)
 (3631., 3639., 3628., 3635.,  1729., 361076, 20220906091500)
 (3636., 3639., 3628., 3629.,   909., 361067, 20220906093000)
 (3629., 3630., 3616., 3619.,  1791., 361082, 20220906094500)
 (3619., 3625., 3616., 3619.,  1207., 361075, 20220906100000)
 (3619., 3626., 3613., 3614.,  1409., 361154, 20220906101500)
 (3614., 3635., 3614., 3632.,  1756., 361045, 20220906104500)
 (3632., 3634., 3620., 3625.,  1054., 361301, 20220906110000)
 (3625., 3640., 3618., 3640.,  1836., 361235, 20220906111500)
 (3640., 3642., 3632., 3632.,  1771., 361239, 20220906113000)
 (3636., 3637., 3621., 3630.,  2847., 362145, 20220906134500)
 (3630., 3631., 3622., 3628.,  2210., 360896, 20220906140000)
 (3628., 3633., 3623., 3632.,  2310., 361342, 20220906141500)
 (3632., 3637., 3630., 3631.,  1563., 361230, 20220906143000)
 (3631., 3637., 3628., 3630.,  1557., 360793, 20220906144500)
 (3630., 3637., 3627., 3631.,  1575., 360744, 20220906150000)]
2022-09-07 15:30:00  INFO  [(3612., 3653., 3612., 3649., 8313., 363583, 20220906211500)
 (3650., 3660., 3648., 3660., 3363., 363215, 20220906213000)
 (3660., 3664., 3649., 3650., 2752., 362883, 20220906214500)
 (3651., 3652., 3633., 3639., 1947., 362752, 20220906220000)
 (3639., 3639., 3614., 3618., 3457., 363674, 20220906221500)
 (3618., 3629., 3615., 3623., 1920., 363893, 20220906223000)
 (3623., 3625., 3617., 3622.,  803., 363826, 20220906224500)
 (3622., 3625., 3619., 3620., 1058., 363976, 20220906230000)
 (3621., 3621., 3591., 3598., 7101., 365091, 20220907091500)
 (3598., 3615., 3598., 3614., 3050., 364871, 20220907093000)
 (3614., 3627., 3611., 3620., 3509., 364817, 20220907094500)
 (3620., 3626., 3614., 3625., 1599., 364900, 20220907100000)
 (3625., 3638., 3624., 3629., 2165., 364733, 20220907101500)
 (3631., 3632., 3618., 3619., 1270., 364884, 20220907104500)
 (3619., 3622., 3607., 3617., 1642., 365141, 20220907110000)
 (3617., 3618., 3609., 3611., 1531., 365699, 20220907111500)
 (3611., 3621., 3600., 3616., 1959., 365837, 20220907113000)
 (3615., 3620., 3601., 3617., 3199., 366262, 20220907134500)
 (3617., 3624., 3614., 3623., 1522., 366182, 20220907140000)
 (3622., 3634., 3619., 3629., 1571., 365977, 20220907141500)
 (3628., 3632., 3621., 3623.,  868., 365947, 20220907143000)
 (3623., 3623., 3609., 3613., 1709., 365610, 20220907144500)
 (3613., 3617., 3608., 3609., 3155., 366136, 20220907150000)]
2022-09-08 15:30:00  INFO  [(3614., 3629., 3614., 3624., 13945., 355092, 20220907211500)
 (3624., 3625., 3610., 3614.,  2037., 355371, 20220907213000)
 (3614., 3632., 3612., 3630.,  2230., 355386, 20220907214500)
 (3631., 3635., 3622., 3623.,  2314., 355349, 20220907220000)
 (3623., 3631., 3622., 3629.,  1095., 355231, 20220907221500)
 (3629., 3632., 3624., 3632.,  1035., 355307, 20220907223000)
 (3632., 3646., 3632., 3643.,  2669., 355141, 20220907224500)
 (3643., 3644., 3632., 3641.,  2267., 354603, 20220907230000)
 (3640., 3656., 3636., 3654.,  4982., 355197, 20220908091500)
 (3654., 3656., 3641., 3647.,  2998., 355606, 20220908093000)
 (3647., 3650., 3638., 3644.,  1454., 355652, 20220908094500)
 (3644., 3647., 3641., 3644.,  1273., 356112, 20220908100000)
 (3644., 3655., 3643., 3655.,  2560., 356245, 20220908101500)
 (3655., 3668., 3653., 3663.,  4871., 356542, 20220908104500)
 (3663., 3672., 3661., 3670.,  5468., 356614, 20220908110000)
 (3670., 3684., 3669., 3680.,  5631., 355803, 20220908111500)
 (3680., 3685., 3674., 3684.,  4272., 356519, 20220908113000)
 (3685., 3690., 3666., 3686.,  7798., 358420, 20220908134500)
 (3686., 3686., 3666., 3668.,  2707., 358680, 20220908140000)
 (3668., 3674., 3662., 3673.,  3140., 359313, 20220908141500)
 (3673., 3675., 3667., 3672.,  1308., 359449, 20220908143000)
 (3672., 3673., 3652., 3652.,  2742., 360093, 20220908144500)
 (3653., 3664., 3652., 3657.,  2029., 359940, 20220908150000)]
2022-09-09 15:30:00  INFO  [(3660., 3672., 3655., 3657., 7266., 363098, 20220908211500)
 (3657., 3669., 3655., 3666., 1630., 363285, 20220908213000)
 (3666., 3667., 3658., 3663., 1875., 363682, 20220908214500)
 (3663., 3675., 3661., 3670., 2167., 363432, 20220908220000)
 (3673., 3674., 3658., 3663., 4095., 363904, 20220908221500)
 (3663., 3667., 3658., 3664., 3368., 364209, 20220908223000)
 (3664., 3668., 3663., 3668.,  625., 364163, 20220908224500)
 (3668., 3669., 3660., 3661., 1372., 364206, 20220908230000)
 (3663., 3685., 3663., 3670., 4417., 364291, 20220909091500)
 (3670., 3677., 3667., 3675., 1295., 364215, 20220909093000)
 (3675., 3681., 3669., 3681., 2024., 364459, 20220909094500)
 (3681., 3686., 3675., 3683., 5041., 364870, 20220909100000)
 (3683., 3695., 3679., 3691., 3645., 364741, 20220909101500)
 (3691., 3696., 3685., 3687., 3035., 364528, 20220909104500)
 (3687., 3697., 3685., 3697., 1308., 364310, 20220909110000)
 (3697., 3699., 3687., 3697., 1943., 363800, 20220909111500)
 (3697., 3697., 3688., 3688., 1161., 363706, 20220909113000)
 (3690., 3699., 3688., 3692., 2915., 363680, 20220909134500)
 (3692., 3697., 3689., 3696., 2072., 363081, 20220909140000)
 (3696., 3704., 3694., 3699., 2521., 363034, 20220909141500)
 (3699., 3708., 3696., 3703., 2254., 362410, 20220909143000)
 (3703., 3711., 3702., 3703., 2580., 362379, 20220909144500)
 (3703., 3713., 3703., 3712., 2951., 361331, 20220909150000)]
2022-09-13 15:30:00  INFO  [(3697., 3699., 3687., 3697., 1943., 363800, 20220909111500)
 (3697., 3697., 3688., 3688., 1161., 363706, 20220909113000)
 (3690., 3699., 3688., 3692., 2915., 363680, 20220909134500)
 (3692., 3697., 3689., 3696., 2072., 363081, 20220909140000)
 (3696., 3704., 3694., 3699., 2521., 363034, 20220909141500)
 (3699., 3708., 3696., 3703., 2254., 362410, 20220909143000)
 (3703., 3711., 3702., 3703., 2580., 362379, 20220909144500)
 (3703., 3713., 3703., 3712., 2951., 361331, 20220909150000)
 (3706., 3727., 3706., 3717., 8917., 361797, 20220913091500)
 (3717., 3733., 3711., 3711., 3339., 361858, 20220913093000)
 (3711., 3713., 3695., 3701., 3797., 362279, 20220913094500)
 (3701., 3708., 3698., 3707., 1826., 362301, 20220913100000)
 (3708., 3722., 3706., 3718., 1775., 362615, 20220913101500)
 (3720., 3723., 3711., 3714., 2257., 362806, 20220913104500)
 (3714., 3719., 3712., 3714., 1463., 362485, 20220913110000)
 (3714., 3722., 3710., 3722., 1382., 362410, 20220913111500)
 (3723., 3723., 3713., 3718.,  882., 362384, 20220913113000)
 (3719., 3723., 3713., 3718., 1343., 362154, 20220913134500)
 (3718., 3723., 3717., 3721., 1246., 361968, 20220913140000)
 (3721., 3727., 3717., 3718., 1540., 362194, 20220913141500)
 (3718., 3720., 3713., 3716.,  861., 362354, 20220913143000)
 (3716., 3724., 3716., 3721., 2033., 362240, 20220913144500)
 (3721., 3724., 3717., 3720., 3298., 361805, 20220913150000)]
2022-09-14 15:30:00  INFO  [(3720., 3720., 3685., 3702., 7481., 360993, 20220913211500)
 (3702., 3702., 3690., 3695., 3449., 362476, 20220913213000)
 (3695., 3700., 3693., 3696., 1528., 362822, 20220913214500)
 (3695., 3699., 3694., 3697.,  645., 362838, 20220913220000)
 (3697., 3697., 3688., 3693., 1454., 362867, 20220913221500)
 (3693., 3695., 3689., 3689.,  510., 362888, 20220913223000)
 (3689., 3691., 3678., 3680., 2428., 363320, 20220913224500)
 (3680., 3681., 3659., 3661., 3407., 363936, 20220913230000)
 (3660., 3660., 3633., 3638., 8104., 365310, 20220914091500)
 (3638., 3651., 3638., 3646., 2398., 365450, 20220914093000)
 (3646., 3656., 3644., 3655., 1290., 365681, 20220914094500)
 (3656., 3660., 3648., 3656., 2624., 366355, 20220914100000)
 (3656., 3665., 3651., 3661., 1794., 366294, 20220914101500)
 (3661., 3667., 3658., 3659., 1415., 366711, 20220914104500)
 (3659., 3661., 3651., 3653., 1304., 367016, 20220914110000)
 (3653., 3655., 3650., 3653., 1085., 367240, 20220914111500)
 (3653., 3653., 3640., 3650., 2014., 367385, 20220914113000)
 (3646., 3655., 3638., 3649., 1385., 367696, 20220914134500)
 (3649., 3651., 3640., 3641., 1364., 367927, 20220914140000)
 (3641., 3650., 3639., 3648., 1664., 367963, 20220914141500)
 (3648., 3648., 3639., 3643., 1733., 368323, 20220914143000)
 (3643., 3654., 3643., 3654., 1078., 368451, 20220914144500)
 (3654., 3670., 3650., 3667., 3252., 368346, 20220914150000)]
2022-09-15 15:30:00  INFO  [(3665., 3682., 3663., 3681.,  7675., 368715, 20220914211500)
 (3681., 3687., 3680., 3686.,  1478., 368774, 20220914213000)
 (3686., 3695., 3682., 3692.,  1948., 368854, 20220914214500)
 (3692., 3697., 3689., 3696.,  2235., 369050, 20220914220000)
 (3697., 3699., 3686., 3688.,  4518., 369206, 20220914221500)
 (3688., 3689., 3678., 3681.,  2369., 369325, 20220914223000)
 (3681., 3689., 3680., 3687.,  2304., 370006, 20220914224500)
 (3687., 3687., 3680., 3684.,  2399., 370561, 20220914230000)
 (3685., 3699., 3685., 3698.,  2668., 370361, 20220915091500)
 (3698., 3701., 3692., 3694.,  2683., 370100, 20220915093000)
 (3694., 3696., 3688., 3688.,  1314., 370176, 20220915094500)
 (3688., 3695., 3685., 3694.,  1088., 370094, 20220915100000)
 (3694., 3695., 3682., 3685.,  1526., 370376, 20220915101500)
 (3685., 3689., 3674., 3677.,  1599., 370465, 20220915104500)
 (3677., 3679., 3671., 3676.,  1255., 370584, 20220915110000)
 (3676., 3679., 3666., 3675.,  1901., 370615, 20220915111500)
 (3675., 3679., 3670., 3671.,  1079., 370632, 20220915113000)
 (3665., 3671., 3649., 3650.,  6796., 372223, 20220915134500)
 (3650., 3650., 3620., 3624., 13270., 376382, 20220915140000)
 (3624., 3642., 3621., 3640.,  5111., 377008, 20220915141500)
 (3640., 3648., 3634., 3643.,  4208., 378389, 20220915143000)
 (3643., 3644., 3631., 3640.,  2495., 378539, 20220915144500)
 (3640., 3646., 3634., 3642.,  2291., 378929, 20220915150000)]
2022-09-16 15:30:00  INFO  [(3639., 3641., 3622., 3631.,  8370., 377014, 20220915211500)
 (3631., 3644., 3631., 3644.,  2320., 376915, 20220915213000)
 (3644., 3646., 3638., 3641.,  1574., 377000, 20220915214500)
 (3641., 3646., 3639., 3644.,   899., 377043, 20220915220000)
 (3644., 3646., 3638., 3638.,   854., 377154, 20220915221500)
 (3638., 3644., 3636., 3639.,   672., 377291, 20220915223000)
 (3638., 3640., 3632., 3639.,  1069., 377423, 20220915224500)
 (3639., 3644., 3632., 3633.,  1168., 377296, 20220915230000)
 (3631., 3641., 3631., 3638.,  2192., 377525, 20220916091500)
 (3638., 3638., 3628., 3630.,  1568., 378110, 20220916093000)
 (3630., 3635., 3626., 3632.,  1004., 378180, 20220916094500)
 (3631., 3643., 3628., 3641.,  1284., 378255, 20220916100000)
 (3641., 3658., 3608., 3615.,  7206., 378432, 20220916101500)
 (3614., 3619., 3605., 3608.,  6195., 379323, 20220916104500)
 (3608., 3614., 3601., 3604.,  2870., 379268, 20220916110000)
 (3604., 3605., 3591., 3591.,  7576., 381240, 20220916111500)
 (3592., 3604., 3588., 3602.,  5833., 382756, 20220916113000)
 (3600., 3603., 3582., 3586.,  5986., 381887, 20220916134500)
 (3586., 3586., 3571., 3579., 15575., 374970, 20220916140000)
 (3579., 3584., 3573., 3574.,  3308., 374756, 20220916141500)
 (3574., 3594., 3571., 3593.,  3256., 374972, 20220916143000)
 (3593., 3599., 3587., 3594.,  4552., 375247, 20220916144500)
 (3594., 3611., 3593., 3597.,  4159., 374899, 20220916150000)]
2022-09-19 15:30:00  INFO  [(3585., 3614., 3585., 3605., 4588., 374276, 20220916211500)
 (3605., 3622., 3603., 3619., 3175., 374260, 20220916213000)
 (3619., 3624., 3609., 3616., 1921., 374124, 20220916214500)
 (3617., 3625., 3615., 3620., 1301., 374057, 20220916220000)
 (3620., 3628., 3619., 3627., 1920., 373881, 20220916221500)
 (3627., 3638., 3627., 3636., 3431., 373646, 20220916223000)
 (3637., 3642., 3621., 3627., 2173., 373139, 20220916224500)
 (3628., 3629., 3621., 3625., 1700., 372949, 20220916230000)
 (3630., 3634., 3617., 3622., 3832., 373014, 20220919091500)
 (3622., 3630., 3619., 3628., 1457., 373212, 20220919093000)
 (3628., 3636., 3624., 3636., 2270., 373067, 20220919094500)
 (3636., 3642., 3633., 3641., 1908., 372456, 20220919100000)
 (3641., 3646., 3634., 3637., 1939., 372390, 20220919101500)
 (3637., 3642., 3631., 3637., 1841., 372109, 20220919104500)
 (3637., 3640., 3629., 3633.,  774., 372141, 20220919110000)
 (3633., 3636., 3626., 3633., 1551., 372038, 20220919111500)
 (3634., 3641., 3632., 3635., 1027., 371907, 20220919113000)
 (3633., 3639., 3629., 3637., 1524., 372039, 20220919134500)
 (3637., 3638., 3631., 3636.,  784., 372124, 20220919140000)
 (3636., 3636., 3624., 3629., 1092., 372054, 20220919141500)
 (3629., 3630., 3622., 3623., 1437., 372264, 20220919143000)
 (3623., 3629., 3614., 3616., 3556., 371940, 20220919144500)
 (3616., 3617., 3605., 3608., 4492., 372329, 20220919150000)]
2022-09-20 15:30:00  INFO  [(3618., 3618., 3576., 3593., 11580., 371207, 20220919211500)
 (3593., 3605., 3591., 3596.,  2811., 371101, 20220919213000)
 (3596., 3610., 3595., 3602.,  2057., 371795, 20220919214500)
 (3602., 3607., 3596., 3597.,  1060., 372035, 20220919220000)
 (3597., 3600., 3592., 3599.,  1361., 372139, 20220919221500)
 (3599., 3607., 3597., 3607.,   690., 372225, 20220919223000)
 (3607., 3613., 3603., 3606.,  1014., 372271, 20220919224500)
 (3606., 3608., 3600., 3602.,   760., 372024, 20220919230000)
 (3604., 3622., 3604., 3616.,  2883., 371985, 20220920091500)
 (3616., 3630., 3611., 3628.,  1599., 372141, 20220920093000)
 (3628., 3633., 3624., 3628.,  2996., 371901, 20220920094500)
 (3628., 3630., 3621., 3622.,  1879., 371309, 20220920100000)
 (3622., 3623., 3613., 3620.,  2041., 370983, 20220920101500)
 (3620., 3631., 3620., 3628.,  1975., 370520, 20220920104500)
 (3628., 3630., 3624., 3627.,   860., 370494, 20220920110000)
 (3627., 3632., 3623., 3626.,  1461., 370857, 20220920111500)
 (3626., 3630., 3619., 3624.,   933., 370658, 20220920113000)
 (3624., 3632., 3619., 3632.,  2736., 370065, 20220920134500)
 (3632., 3638., 3628., 3629.,  2298., 370082, 20220920140000)
 (3629., 3630., 3611., 3615.,  1892., 370244, 20220920141500)
 (3614., 3620., 3604., 3605.,  2585., 370644, 20220920143000)
 (3605., 3610., 3591., 3591.,  6159., 372514, 20220920144500)
 (3591., 3600., 3575., 3578.,  6470., 374416, 20220920150000)]
2022-09-21 15:30:00  INFO  [(3590., 3599., 3579., 3596., 16554., 364785, 20220920211500)
 (3596., 3597., 3580., 3582.,  2025., 364816, 20220920213000)
 (3582., 3586., 3576., 3579.,  2036., 365133, 20220920214500)
 (3579., 3590., 3578., 3585.,  1928., 365303, 20220920220000)
 (3584., 3592., 3582., 3590.,   832., 365388, 20220920221500)
 (3590., 3594., 3585., 3589.,   686., 365384, 20220920223000)
 (3589., 3590., 3583., 3584.,   768., 365463, 20220920224500)
 (3584., 3590., 3580., 3587.,  1086., 365571, 20220920230000)
 (3589., 3590., 3578., 3579.,  2539., 365924, 20220921091500)
 (3579., 3581., 3563., 3577.,  4753., 367037, 20220921093000)
 (3577., 3578., 3570., 3574.,  1302., 367349, 20220921094500)
 (3574., 3574., 3560., 3560.,  4206., 368391, 20220921100000)
 (3560., 3573., 3556., 3570.,  4738., 369351, 20220921101500)
 (3570., 3579., 3564., 3575.,  2748., 369600, 20220921104500)
 (3575., 3587., 3572., 3584.,  1789., 369750, 20220921110000)
 (3585., 3586., 3565., 3567.,  1722., 369799, 20220921111500)
 (3567., 3571., 3561., 3564.,  2331., 370256, 20220921113000)
 (3567., 3576., 3558., 3562.,  3576., 371059, 20220921134500)
 (3562., 3567., 3556., 3561.,  1794., 371141, 20220921140000)
 (3561., 3573., 3560., 3569.,  1623., 371372, 20220921141500)
 (3569., 3588., 3566., 3586.,  2391., 371296, 20220921143000)
 (3586., 3600., 3579., 3595.,  5340., 371260, 20220921144500)
 (3595., 3605., 3585., 3586.,  3099., 370967, 20220921150000)]
2022-09-22 15:30:00  INFO  [(3584., 3594., 3584., 3592., 3795., 370395, 20220921211500)
 (3592., 3597., 3589., 3595., 1972., 370512, 20220921213000)
 (3596., 3604., 3591., 3600., 2041., 370552, 20220921214500)
 (3600., 3602., 3591., 3593., 1553., 370625, 20220921220000)
 (3593., 3596., 3590., 3594., 1526., 370709, 20220921221500)
 (3594., 3601., 3594., 3601.,  800., 370718, 20220921223000)
 (3601., 3602., 3592., 3596., 1345., 371017, 20220921224500)
 (3596., 3602., 3592., 3595., 1157., 370864, 20220921230000)
 (3592., 3638., 3587., 3636., 9819., 370485, 20220922091500)
 (3635., 3646., 3635., 3646., 6476., 369124, 20220922093000)
 (3645., 3650., 3639., 3646., 3344., 368801, 20220922094500)
 (3646., 3647., 3636., 3643., 2032., 368549, 20220922100000)
 (3643., 3657., 3642., 3652., 3424., 367927, 20220922101500)
 (3652., 3663., 3646., 3660., 3905., 366849, 20220922104500)
 (3659., 3664., 3656., 3662., 2602., 366752, 20220922110000)
 (3662., 3665., 3655., 3661., 2787., 366120, 20220922111500)
 (3661., 3666., 3650., 3665., 2126., 365734, 20220922113000)
 (3660., 3674., 3659., 3673., 5506., 364351, 20220922134500)
 (3674., 3674., 3662., 3664., 2296., 364467, 20220922140000)
 (3664., 3670., 3662., 3668., 1201., 364207, 20220922141500)
 (3669., 3672., 3667., 3670., 1023., 364145, 20220922143000)
 (3670., 3673., 3665., 3666., 1749., 363599, 20220922144500)
 (3666., 3681., 3662., 3677., 4964., 362754, 20220922150000)]
2022-09-23 15:30:00  INFO  [(3687., 3700., 3684., 3695., 8268., 359798, 20220922211500)
 (3696., 3698., 3681., 3685., 4506., 359925, 20220922213000)
 (3685., 3690., 3684., 3688., 1997., 359486, 20220922214500)
 (3688., 3690., 3680., 3682., 2750., 359955, 20220922220000)
 (3682., 3687., 3678., 3687., 1720., 359919, 20220922221500)
 (3687., 3687., 3681., 3684.,  522., 359781, 20220922223000)
 (3684., 3687., 3681., 3686.,  541., 359661, 20220922224500)
 (3685., 3687., 3680., 3682.,  578., 359586, 20220922230000)
 (3681., 3693., 3681., 3693., 2836., 359864, 20220923091500)
 (3692., 3692., 3673., 3678., 3789., 359742, 20220923093000)
 (3678., 3681., 3670., 3675., 1924., 359300, 20220923094500)
 (3675., 3683., 3674., 3680., 1035., 359171, 20220923100000)
 (3681., 3681., 3668., 3669., 1105., 359167, 20220923101500)
 (3667., 3673., 3664., 3669., 2014., 359310, 20220923104500)
 (3668., 3673., 3665., 3667.,  882., 359324, 20220923110000)
 (3668., 3677., 3668., 3671., 1031., 359440, 20220923111500)
 (3671., 3677., 3667., 3677., 1048., 359339, 20220923113000)
 (3686., 3693., 3682., 3687., 2325., 359416, 20220923134500)
 (3688., 3691., 3684., 3690., 1392., 359727, 20220923140000)
 (3690., 3695., 3686., 3693., 2229., 360062, 20220923141500)
 (3694., 3695., 3681., 3687., 1345., 359810, 20220923143000)
 (3687., 3691., 3675., 3680., 1861., 359385, 20220923144500)
 (3680., 3684., 3670., 3678., 3123., 358452, 20220923150000)]
2022-09-26 15:30:00  INFO  [(3668., 3668., 3640., 3657., 7291., 357716, 20220923211500)
 (3657., 3667., 3656., 3664., 1679., 357782, 20220923213000)
 (3664., 3666., 3660., 3661.,  955., 357537, 20220923214500)
 (3660., 3664., 3653., 3653.,  822., 357496, 20220923220000)
 (3653., 3654., 3643., 3648., 3424., 357309, 20220923221500)
 (3647., 3648., 3631., 3642., 4498., 357677, 20220923223000)
 (3642., 3647., 3639., 3645., 1156., 357558, 20220923224500)
 (3644., 3660., 3644., 3659., 2069., 357116, 20220923230000)
 (3660., 3682., 3658., 3681., 5903., 356971, 20220926091500)
 (3681., 3688., 3676., 3687., 2660., 357505, 20220926093000)
 (3687., 3695., 3684., 3690., 3385., 357726, 20220926094500)
 (3690., 3693., 3680., 3689., 1732., 357226, 20220926100000)
 (3689., 3692., 3684., 3690., 1330., 356951, 20220926101500)
 (3691., 3697., 3684., 3685., 1174., 356875, 20220926104500)
 (3685., 3687., 3673., 3678., 1388., 357050, 20220926110000)
 (3678., 3682., 3670., 3674., 1290., 357069, 20220926111500)
 (3674., 3679., 3667., 3677.,  784., 357114, 20220926113000)
 (3677., 3688., 3665., 3680., 1869., 357187, 20220926134500)
 (3681., 3689., 3675., 3684., 1214., 357301, 20220926140000)
 (3684., 3685., 3672., 3675.,  986., 357415, 20220926141500)
 (3675., 3677., 3662., 3668., 2022., 357420, 20220926143000)
 (3666., 3682., 3666., 3673., 1340., 357621, 20220926144500)
 (3673., 3680., 3670., 3680.,  978., 357583, 20220926150000)]
2022-09-27 15:30:00  INFO  [(3680., 3730., 3680., 3712., 9663., 357783, 20220926211500)
 (3712., 3728., 3712., 3723., 6335., 356260, 20220926213000)
 (3723., 3729., 3719., 3721., 2693., 355983, 20220926214500)
 (3720., 3726., 3717., 3725., 1994., 355937, 20220926220000)
 (3726., 3728., 3720., 3727., 1783., 355664, 20220926221500)
 (3728., 3732., 3726., 3729., 1836., 355474, 20220926223000)
 (3729., 3735., 3726., 3728., 1858., 355038, 20220926224500)
 (3728., 3735., 3724., 3735., 1514., 355151, 20220926230000)
 (3730., 3730., 3713., 3714., 3831., 354903, 20220927091500)
 (3714., 3725., 3712., 3724., 1211., 354951, 20220927093000)
 (3725., 3727., 3720., 3722.,  778., 354879, 20220927094500)
 (3721., 3727., 3721., 3727.,  664., 354848, 20220927100000)
 (3726., 3729., 3724., 3726.,  929., 354531, 20220927101500)
 (3726., 3729., 3715., 3719., 1743., 354081, 20220927104500)
 (3718., 3720., 3709., 3717., 1571., 353966, 20220927110000)
 (3716., 3720., 3700., 3703., 3705., 353864, 20220927111500)
 (3703., 3707., 3700., 3706., 3956., 353630, 20220927113000)
 (3708., 3726., 3708., 3724., 2725., 353205, 20220927134500)
 (3724., 3725., 3715., 3721., 1343., 353534, 20220927140000)
 (3721., 3723., 3716., 3717., 1921., 353351, 20220927141500)
 (3717., 3734., 3715., 3733., 7534., 351742, 20220927143000)
 (3733., 3740., 3731., 3738., 6708., 350935, 20220927144500)
 (3738., 3740., 3726., 3728., 5027., 350993, 20220927150000)]
2022-09-28 15:30:00  INFO  [(3733., 3753., 3733., 3748., 16136., 358418, 20220927211500)
 (3747., 3748., 3737., 3740.,  3341., 357781, 20220927213000)
 (3740., 3745., 3738., 3740.,  1602., 357769, 20220927214500)
 (3739., 3745., 3739., 3743.,  1165., 357492, 20220927220000)
 (3745., 3746., 3737., 3742.,  1416., 357380, 20220927221500)
 (3741., 3743., 3733., 3738.,  2832., 357107, 20220927223000)
 (3738., 3741., 3735., 3739.,   464., 357276, 20220927224500)
 (3739., 3742., 3733., 3740.,  2274., 357790, 20220927230000)
 (3738., 3742., 3730., 3731.,  6275., 356672, 20220928091500)
 (3731., 3736., 3722., 3725.,  2008., 356639, 20220928093000)
 (3725., 3730., 3722., 3724.,  2234., 357491, 20220928094500)
 (3725., 3729., 3723., 3724.,   741., 357316, 20220928100000)
 (3724., 3733., 3723., 3732.,  1059., 356901, 20220928101500)
 (3731., 3737., 3727., 3734.,  1480., 357130, 20220928104500)
 (3735., 3738., 3729., 3733.,  4321., 357155, 20220928110000)
 (3733., 3736., 3730., 3736.,  1206., 357190, 20220928111500)
 (3737., 3740., 3722., 3728.,  2898., 356493, 20220928113000)
 (3732., 3735., 3721., 3733.,  4122., 356481, 20220928134500)
 (3734., 3736., 3726., 3729.,  1263., 356468, 20220928140000)
 (3728., 3734., 3726., 3729.,   672., 356449, 20220928141500)
 (3730., 3731., 3724., 3724.,   773., 356459, 20220928143000)
 (3724., 3727., 3720., 3723.,  1251., 356432, 20220928144500)
 (3722., 3730., 3720., 3722.,  1692., 356666, 20220928150000)]
2022-09-29 15:30:00  INFO  [(3726., 3745., 3726., 3731., 8376., 362099, 20220928211500)
 (3731., 3733., 3716., 3718., 1982., 362334, 20220928213000)
 (3719., 3721., 3707., 3717., 2200., 362273, 20220928214500)
 (3718., 3724., 3714., 3721.,  708., 362194, 20220928220000)
 (3722., 3732., 3722., 3731.,  873., 362056, 20220928221500)
 (3733., 3742., 3730., 3742., 1914., 362091, 20220928223000)
 (3741., 3746., 3738., 3738., 1347., 362124, 20220928224500)
 (3738., 3740., 3726., 3733.,  933., 361896, 20220928230000)
 (3740., 3743., 3735., 3739., 1535., 361852, 20220929091500)
 (3738., 3739., 3733., 3735., 1672., 361610, 20220929093000)
 (3735., 3744., 3735., 3743., 1363., 361394, 20220929094500)
 (3744., 3750., 3742., 3745., 1369., 361553, 20220929100000)
 (3745., 3746., 3738., 3739.,  990., 361618, 20220929101500)
 (3739., 3741., 3735., 3739.,  727., 361720, 20220929104500)
 (3740., 3744., 3738., 3740.,  397., 361761, 20220929110000)
 (3740., 3748., 3740., 3745.,  476., 361761, 20220929111500)
 (3746., 3756., 3745., 3753., 3350., 361314, 20220929113000)
 (3756., 3760., 3738., 3739., 4706., 361279, 20220929134500)
 (3739., 3742., 3731., 3734., 3764., 362469, 20220929140000)
 (3734., 3737., 3724., 3727., 1844., 362750, 20220929141500)
 (3726., 3736., 3724., 3735., 4132., 363050, 20220929143000)
 (3735., 3750., 3734., 3746., 2828., 362965, 20220929144500)
 (3746., 3747., 3740., 3740., 2326., 362422, 20220929150000)]
2022-09-30 15:30:00  INFO  [(3744., 3749., 3732., 3747., 6672., 364881, 20220929211500)
 (3746., 3746., 3735., 3739., 3428., 366276, 20220929213000)
 (3738., 3752., 3736., 3749., 2134., 366872, 20220929214500)
 (3749., 3755., 3747., 3753., 1388., 366998, 20220929220000)
 (3755., 3756., 3745., 3746.,  892., 367143, 20220929221500)
 (3745., 3746., 3739., 3743., 1133., 367548, 20220929223000)
 (3744., 3746., 3733., 3737., 2017., 368216, 20220929224500)
 (3737., 3746., 3733., 3733., 1390., 368272, 20220929230000)
 (3735., 3742., 3729., 3733., 1921., 368735, 20220930091500)
 (3735., 3740., 3731., 3737.,  928., 368975, 20220930093000)
 (3737., 3744., 3736., 3740.,  907., 369138, 20220930094500)
 (3741., 3742., 3732., 3738., 1526., 369462, 20220930100000)
 (3737., 3738., 3733., 3735., 1498., 369683, 20220930101500)
 (3735., 3742., 3735., 3739., 2562., 369219, 20220930104500)
 (3739., 3745., 3737., 3742., 1610., 369341, 20220930110000)
 (3742., 3744., 3737., 3740.,  919., 369373, 20220930111500)
 (3739., 3740., 3736., 3738.,  483., 369501, 20220930113000)
 (3735., 3745., 3735., 3743., 1911., 370046, 20220930134500)
 (3744., 3744., 3730., 3733., 4850., 371995, 20220930140000)
 (3733., 3734., 3699., 3700., 4305., 372238, 20220930141500)
 (3701., 3724., 3691., 3712., 4572., 372931, 20220930143000)
 (3712., 3714., 3700., 3708., 2509., 372640, 20220930144500)
 (3708., 3718., 3695., 3697., 4905., 371089, 20220930150000)]
2022-10-10 15:30:00  INFO  [(3742., 3744., 3737., 3740.,   919., 369373, 20220930111500)
 (3739., 3740., 3736., 3738.,   483., 369501, 20220930113000)
 (3735., 3745., 3735., 3743.,  1911., 370046, 20220930134500)
 (3744., 3744., 3730., 3733.,  4850., 371995, 20220930140000)
 (3733., 3734., 3699., 3700.,  4305., 372238, 20220930141500)
 (3701., 3724., 3691., 3712.,  4572., 372931, 20220930143000)
 (3712., 3714., 3700., 3708.,  2509., 372640, 20220930144500)
 (3708., 3718., 3695., 3697.,  4905., 371089, 20220930150000)
 (3730., 3754., 3726., 3754., 14679., 373956, 20221010091500)
 (3753., 3762., 3746., 3753.,  7927., 373364, 20221010093000)
 (3754., 3765., 3753., 3764.,  2271., 372702, 20221010094500)
 (3763., 3767., 3758., 3766.,  5199., 373640, 20221010100000)
 (3767., 3769., 3761., 3763.,  3036., 373860, 20221010101500)
 (3763., 3766., 3756., 3759.,  2503., 373958, 20221010104500)
 (3757., 3763., 3755., 3761.,   687., 373831, 20221010110000)
 (3762., 3764., 3753., 3756.,  2236., 373538, 20221010111500)
 (3757., 3766., 3757., 3766.,  1504., 373795, 20221010113000)
 (3763., 3765., 3755., 3760.,  1610., 373528, 20221010134500)
 (3762., 3764., 3753., 3753.,  1952., 373664, 20221010140000)
 (3753., 3759., 3752., 3756.,  2878., 374712, 20221010141500)
 (3756., 3758., 3749., 3752.,  3327., 375621, 20221010143000)
 (3751., 3755., 3749., 3753.,  1830., 375699, 20221010144500)
 (3753., 3755., 3749., 3753.,  3882., 376555, 20221010150000)]
2022-10-11 15:30:00  INFO  [(3755., 3768., 3738., 3739., 11926., 380121, 20221010211500)
 (3738., 3742., 3733., 3738.,  2847., 380989, 20221010213000)
 (3739., 3742., 3737., 3737.,  2381., 381209, 20221010214500)
 (3737., 3740., 3732., 3736.,  3001., 382627, 20221010220000)
 (3737., 3745., 3736., 3738.,  1570., 383116, 20221010221500)
 (3737., 3739., 3736., 3739.,  1477., 382860, 20221010223000)
 (3739., 3741., 3733., 3734.,  2932., 383289, 20221010224500)
 (3733., 3736., 3730., 3730.,  1512., 383506, 20221010230000)
 (3729., 3732., 3712., 3713.,  4951., 384151, 20221011091500)
 (3712., 3723., 3705., 3705.,  4373., 384945, 20221011093000)
 (3705., 3714., 3704., 3710.,  3964., 385179, 20221011094500)
 (3711., 3713., 3705., 3710.,  6026., 386411, 20221011100000)
 (3709., 3719., 3708., 3713.,  4198., 385752, 20221011101500)
 (3712., 3717., 3710., 3716.,  3099., 385879, 20221011104500)
 (3716., 3716., 3706., 3709.,  2639., 385688, 20221011110000)
 (3708., 3710., 3694., 3694.,  8817., 385714, 20221011111500)
 (3695., 3704., 3688., 3703.,  7181., 386955, 20221011113000)
 (3701., 3701., 3688., 3695.,  5092., 387312, 20221011134500)
 (3695., 3695., 3682., 3693.,  5219., 388721, 20221011140000)
 (3693., 3693., 3667., 3669.,  6156., 390080, 20221011141500)
 (3669., 3680., 3661., 3671.,  8578., 394306, 20221011143000)
 (3671., 3678., 3667., 3669.,  3945., 395485, 20221011144500)
 (3669., 3676., 3663., 3670.,  4619., 395918, 20221011150000)]
2022-10-12 15:30:00  INFO  [(3673., 3683., 3670., 3682., 14685., 397239, 20221011211500)
 (3682., 3685., 3673., 3673.,  2354., 397807, 20221011213000)
 (3672., 3674., 3654., 3656.,  3549., 398878, 20221011214500)
 (3656., 3662., 3650., 3651.,  3176., 399262, 20221011220000)
 (3651., 3651., 3623., 3626.,  5734., 401097, 20221011221500)
 (3626., 3643., 3625., 3636.,  4050., 402022, 20221011223000)
 (3635., 3642., 3631., 3638.,  1213., 402049, 20221011224500)
 (3638., 3641., 3636., 3636.,  1341., 401968, 20221011230000)
 (3636., 3642., 3619., 3630.,  4660., 402907, 20221012091500)
 (3630., 3635., 3623., 3628.,  4132., 404310, 20221012093000)
 (3629., 3632., 3620., 3631.,  4361., 405393, 20221012094500)
 (3631., 3634., 3625., 3626.,  1415., 405224, 20221012100000)
 (3625., 3629., 3615., 3622.,  1818., 405366, 20221012101500)
 (3623., 3628., 3615., 3616.,  2289., 405496, 20221012104500)
 (3616., 3631., 3613., 3627.,  2120., 405826, 20221012110000)
 (3627., 3631., 3622., 3630.,  1774., 405947, 20221012111500)
 (3629., 3630., 3621., 3629.,  2057., 406085, 20221012113000)
 (3630., 3654., 3630., 3654.,  3716., 406030, 20221012134500)
 (3654., 3655., 3646., 3647.,  3727., 406609, 20221012140000)
 (3648., 3648., 3640., 3646.,  1526., 406673, 20221012141500)
 (3645., 3657., 3644., 3649.,  4645., 406794, 20221012143000)
 (3649., 3649., 3632., 3639.,  3444., 407714, 20221012144500)
 (3638., 3651., 3638., 3648.,  2384., 407474, 20221012150000)]
2022-10-13 15:30:00  INFO  [(3658., 3658., 3639., 3650., 24847., 423421, 20221012211500)
 (3650., 3657., 3648., 3651.,  2211., 423734, 20221012213000)
 (3651., 3651., 3636., 3641.,  4477., 424601, 20221012214500)
 (3640., 3648., 3640., 3645.,  1986., 424579, 20221012220000)
 (3643., 3660., 3643., 3660.,  2109., 424571, 20221012221500)
 (3660., 3662., 3648., 3654.,  2082., 424557, 20221012223000)
 (3654., 3657., 3650., 3653.,  1244., 424560, 20221012224500)
 (3653., 3660., 3652., 3656.,  2648., 424832, 20221012230000)
 (3655., 3657., 3649., 3656., 10843., 422122, 20221013091500)
 (3656., 3665., 3650., 3665.,  8707., 418386, 20221013093000)
 (3664., 3666., 3653., 3654.,  3475., 417442, 20221013094500)
 (3654., 3659., 3628., 3630.,  8723., 417885, 20221013100000)
 (3630., 3638., 3623., 3623., 10885., 412900, 20221013101500)
 (3623., 3627., 3609., 3610.,  7697., 411763, 20221013104500)
 (3609., 3623., 3605., 3618.,  8575., 410637, 20221013110000)
 (3618., 3628., 3614., 3615.,  2423., 410444, 20221013111500)
 (3612., 3628., 3610., 3628.,  2724., 410330, 20221013113000)
 (3629., 3640., 3610., 3615., 11824., 413407, 20221013134500)
 (3616., 3618., 3608., 3610.,  3821., 415161, 20221013140000)
 (3611., 3624., 3608., 3612.,  2481., 415679, 20221013141500)
 (3612., 3620., 3612., 3619.,  1435., 415662, 20221013143000)
 (3619., 3620., 3608., 3612.,  2374., 415761, 20221013144500)
 (3611., 3613., 3602., 3605.,  3844., 416789, 20221013150000)]
2022-10-14 15:30:00  INFO  [(3600., 3607., 3579., 3600., 15142., 419707, 20221013211500)
 (3600., 3607., 3593., 3605.,  3107., 420123, 20221013213000)
 (3605., 3614., 3603., 3609.,  3275., 420617, 20221013214500)
 (3611., 3623., 3608., 3620.,  3485., 419233, 20221013220000)
 (3619., 3621., 3609., 3613.,  1635., 419310, 20221013221500)
 (3613., 3614., 3607., 3608.,   687., 419369, 20221013223000)
 (3608., 3615., 3607., 3612.,   637., 419355, 20221013224500)
 (3613., 3622., 3610., 3613.,  1306., 419204, 20221013230000)
 (3620., 3638., 3620., 3637.,  6002., 417952, 20221014091500)
 (3637., 3639., 3626., 3631.,  3445., 417445, 20221014093000)
 (3631., 3637., 3628., 3637.,   946., 417283, 20221014094500)
 (3637., 3638., 3628., 3633.,   937., 417557, 20221014100000)
 (3632., 3639., 3632., 3636.,   928., 417620, 20221014101500)
 (3635., 3639., 3630., 3637.,  1189., 417756, 20221014104500)
 (3637., 3649., 3636., 3646.,  2502., 417249, 20221014110000)
 (3646., 3649., 3642., 3648.,  5147., 415984, 20221014111500)
 (3649., 3654., 3647., 3652.,  6692., 413861, 20221014113000)
 (3653., 3657., 3650., 3656.,  2411., 413517, 20221014134500)
 (3658., 3658., 3635., 3636.,  2507., 414111, 20221014140000)
 (3636., 3647., 3636., 3646.,  1932., 414293, 20221014141500)
 (3646., 3652., 3645., 3647.,  1707., 414196, 20221014143000)
 (3646., 3650., 3644., 3647.,  1393., 414368, 20221014144500)
 (3646., 3648., 3641., 3642.,  1369., 414420, 20221014150000)]
2022-10-17 15:30:00  INFO  [(3641., 3649., 3623., 3625.,  7123., 416260, 20221014211500)
 (3626., 3635., 3622., 3623.,  2367., 417524, 20221014213000)
 (3624., 3630., 3623., 3626.,  1502., 417599, 20221014214500)
 (3625., 3626., 3610., 3610.,  3723., 419301, 20221014220000)
 (3609., 3617., 3607., 3613.,  2424., 419850, 20221014221500)
 (3611., 3614., 3603., 3607.,  4561., 421574, 20221014223000)
 (3606., 3610., 3590., 3596.,  5320., 423504, 20221014224500)
 (3596., 3596., 3584., 3588.,  4045., 424065, 20221014230000)
 (3585., 3613., 3585., 3604., 12576., 425528, 20221017091500)
 (3604., 3605., 3583., 3587., 10936., 428329, 20221017093000)
 (3586., 3595., 3582., 3587.,  2833., 428570, 20221017094500)
 (3587., 3588., 3573., 3574.,  6040., 431462, 20221017100000)
 (3573., 3574., 3558., 3561., 22122., 429629, 20221017101500)
 (3561., 3565., 3554., 3555.,  8531., 433919, 20221017104500)
 (3556., 3575., 3555., 3566.,  3242., 434038, 20221017110000)
 (3566., 3566., 3553., 3559.,  4343., 436019, 20221017111500)
 (3559., 3560., 3552., 3555.,  3709., 437897, 20221017113000)
 (3562., 3566., 3555., 3559.,  3642., 439042, 20221017134500)
 (3558., 3565., 3557., 3564.,  2414., 439120, 20221017140000)
 (3562., 3576., 3561., 3569.,  5777., 441484, 20221017141500)
 (3570., 3581., 3564., 3565.,  5552., 444140, 20221017143000)
 (3564., 3565., 3557., 3561.,  2706., 445035, 20221017144500)
 (3561., 3572., 3560., 3572.,  5332., 446968, 20221017150000)]
2022-10-18 15:30:00  INFO  [(3562., 3580., 3560., 3579.,  9201., 449854, 20221017211500)
 (3580., 3589., 3577., 3586.,  3981., 449765, 20221017213000)
 (3587., 3591., 3585., 3588.,  2626., 449148, 20221017214500)
 (3589., 3589., 3573., 3574.,  2211., 448887, 20221017220000)
 (3574., 3580., 3570., 3579.,  1102., 448999, 20221017221500)
 (3580., 3580., 3562., 3566.,  2643., 449739, 20221017223000)
 (3566., 3569., 3561., 3563.,  1495., 450054, 20221017224500)
 (3562., 3569., 3561., 3568.,  1099., 450024, 20221017230000)
 (3565., 3574., 3562., 3568.,  2015., 449995, 20221018091500)
 (3568., 3569., 3548., 3560.,  9263., 453414, 20221018093000)
 (3560., 3568., 3558., 3563.,  2357., 453416, 20221018094500)
 (3563., 3565., 3555., 3556.,  1555., 453218, 20221018100000)
 (3555., 3557., 3542., 3544.,  5688., 455421, 20221018101500)
 (3544., 3553., 3539., 3547.,  4130., 456207, 20221018104500)
 (3548., 3551., 3543., 3547.,  1777., 456582, 20221018110000)
 (3547., 3548., 3540., 3541.,  2666., 457273, 20221018111500)
 (3542., 3555., 3541., 3546.,  4597., 457211, 20221018113000)
 (3548., 3553., 3542., 3549.,  3805., 457280, 20221018134500)
 (3548., 3559., 3547., 3558.,  2513., 457208, 20221018140000)
 (3556., 3562., 3551., 3557.,  5466., 457726, 20221018141500)
 (3559., 3575., 3556., 3573., 11503., 455112, 20221018143000)
 (3573., 3587., 3571., 3586.,  4491., 453283, 20221018144500)
 (3586., 3589., 3576., 3577.,  3605., 452313, 20221018150000)]
2022-10-19 15:30:00  INFO  [(3576., 3588., 3572., 3585., 14486., 456146, 20221018211500)
 (3586., 3586., 3577., 3582.,  7357., 455240, 20221018213000)
 (3581., 3586., 3578., 3581.,  1415., 454805, 20221018214500)
 (3581., 3581., 3569., 3575.,  2542., 455133, 20221018220000)
 (3576., 3578., 3573., 3575.,  1064., 455306, 20221018221500)
 (3575., 3582., 3571., 3576.,   956., 455385, 20221018223000)
 (3574., 3578., 3559., 3559.,  3127., 455563, 20221018224500)
 (3559., 3572., 3554., 3571.,  1886., 455343, 20221018230000)
 (3571., 3583., 3569., 3583.,  4000., 455420, 20221019091500)
 (3583., 3583., 3575., 3579.,  1754., 455388, 20221019093000)
 (3578., 3583., 3575., 3579.,  1254., 454898, 20221019094500)
 (3577., 3577., 3565., 3572.,  1620., 455208, 20221019100000)
 (3572., 3578., 3572., 3576.,   948., 455241, 20221019101500)
 (3576., 3579., 3568., 3573.,  1973., 455241, 20221019104500)
 (3572., 3577., 3562., 3564.,  2381., 456214, 20221019110000)
 (3563., 3567., 3559., 3565.,  5041., 456614, 20221019111500)
 (3565., 3570., 3558., 3558.,  1928., 457254, 20221019113000)
 (3556., 3557., 3547., 3554.,  8177., 460104, 20221019134500)
 (3553., 3559., 3549., 3550.,  2604., 461205, 20221019140000)
 (3550., 3569., 3546., 3566.,  3662., 460971, 20221019141500)
 (3566., 3568., 3544., 3550.,  6346., 461587, 20221019143000)
 (3549., 3559., 3547., 3550.,  4668., 461620, 20221019144500)
 (3550., 3556., 3542., 3553.,  5149., 462317, 20221019150000)]
2022-10-20 15:30:00  INFO  [(3553., 3555., 3515., 3523., 21163., 474088, 20221019211500)
 (3523., 3531., 3517., 3527.,  7660., 475588, 20221019213000)
 (3527., 3547., 3524., 3535.,  5331., 474819, 20221019214500)
 (3537., 3538., 3527., 3532.,  1281., 475159, 20221019220000)
 (3533., 3534., 3526., 3532.,  1255., 475340, 20221019221500)
 (3533., 3551., 3532., 3550.,  3664., 475214, 20221019223000)
 (3550., 3551., 3535., 3535.,  1512., 475496, 20221019224500)
 (3535., 3540., 3530., 3533.,  1524., 475116, 20221019230000)
 (3535., 3545., 3531., 3543.,  3172., 475340, 20221020091500)
 (3542., 3544., 3534., 3534.,  2221., 475766, 20221020093000)
 (3534., 3540., 3530., 3539.,  2882., 476473, 20221020094500)
 (3540., 3549., 3537., 3540.,  5061., 476352, 20221020100000)
 (3540., 3542., 3530., 3537.,  2573., 476544, 20221020101500)
 (3539., 3542., 3531., 3540.,  1540., 476838, 20221020104500)
 (3540., 3542., 3534., 3541.,  1564., 476762, 20221020110000)
 (3542., 3547., 3535., 3536.,  1052., 476631, 20221020111500)
 (3536., 3537., 3524., 3527.,  2981., 477331, 20221020113000)
 (3535., 3550., 3532., 3548.,  4347., 477311, 20221020134500)
 (3548., 3550., 3537., 3541.,  1932., 477318, 20221020140000)
 (3541., 3541., 3518., 3520.,  5057., 479214, 20221020141500)
 (3519., 3528., 3516., 3523.,  8371., 479307, 20221020143000)
 (3523., 3524., 3507., 3519.,  9289., 482874, 20221020144500)
 (3519., 3520., 3506., 3510.,  7511., 484299, 20221020150000)]
2022-10-21 15:30:00  INFO  [(3510., 3530., 3510., 3514., 15685., 483460, 20221020211500)
 (3513., 3529., 3513., 3529.,  6020., 483501, 20221020213000)
 (3528., 3534., 3527., 3531.,  3163., 483333, 20221020214500)
 (3532., 3551., 3532., 3541.,  7509., 482777, 20221020220000)
 (3541., 3561., 3540., 3559.,  9961., 482476, 20221020221500)
 (3559., 3571., 3553., 3556.,  7743., 481233, 20221020223000)
 (3556., 3562., 3551., 3560.,  2232., 481032, 20221020224500)
 (3558., 3566., 3554., 3560.,  4542., 480756, 20221020230000)
 (3553., 3555., 3541., 3553.,  4146., 480992, 20221021091500)
 (3552., 3560., 3549., 3551.,  2987., 480612, 20221021093000)
 (3552., 3555., 3545., 3550.,  2538., 481930, 20221021094500)
 (3549., 3553., 3546., 3553.,  1146., 482165, 20221021100000)
 (3553., 3557., 3547., 3556.,  1852., 482889, 20221021101500)
 (3556., 3557., 3545., 3549.,  2192., 483629, 20221021104500)
 (3550., 3560., 3550., 3553.,  2118., 483890, 20221021110000)
 (3553., 3566., 3553., 3565.,  3235., 484080, 20221021111500)
 (3566., 3566., 3556., 3559.,  2001., 484004, 20221021113000)
 (3559., 3560., 3550., 3550.,  2382., 484162, 20221021134500)
 (3550., 3557., 3550., 3552.,  2223., 482989, 20221021140000)
 (3554., 3557., 3545., 3548.,  4031., 482895, 20221021141500)
 (3548., 3550., 3531., 3533.,  4583., 483634, 20221021143000)
 (3533., 3541., 3533., 3536.,  2127., 484031, 20221021144500)
 (3536., 3542., 3532., 3537.,  3719., 484629, 20221021150000)]
2022-10-24 15:30:00  INFO  [(3530., 3554., 3530., 3554., 11306., 483166, 20221021211500)
 (3554., 3561., 3546., 3557.,  5033., 482296, 20221021213000)
 (3557., 3562., 3554., 3562.,  2161., 481928, 20221021214500)
 (3561., 3566., 3559., 3566.,  1817., 481871, 20221021220000)
 (3565., 3566., 3553., 3556.,  2637., 482081, 20221021221500)
 (3556., 3558., 3546., 3548.,  1995., 482045, 20221021223000)
 (3548., 3560., 3547., 3558.,  1381., 482020, 20221021224500)
 (3558., 3562., 3551., 3557.,  1596., 481822, 20221021230000)
 (3567., 3588., 3567., 3580., 10459., 479628, 20221024091500)
 (3580., 3585., 3572., 3575.,  6023., 478779, 20221024093000)
 (3575., 3575., 3561., 3564.,  6046., 479576, 20221024094500)
 (3564., 3565., 3550., 3552.,  6953., 481434, 20221024100000)
 (3552., 3555., 3535., 3537.,  7149., 482835, 20221024101500)
 (3537., 3549., 3534., 3536.,  5667., 484356, 20221024104500)
 (3537., 3544., 3535., 3537.,  2035., 484850, 20221024110000)
 (3538., 3542., 3533., 3533.,  3801., 485911, 20221024111500)
 (3533., 3537., 3527., 3532.,  3458., 486742, 20221024113000)
 (3529., 3544., 3523., 3539.,  4739., 486989, 20221024134500)
 (3540., 3550., 3531., 3533.,  4020., 485870, 20221024140000)
 (3533., 3537., 3531., 3533.,  1829., 486080, 20221024141500)
 (3532., 3545., 3531., 3541.,  1530., 485871, 20221024143000)
 (3540., 3545., 3538., 3541.,  2027., 485894, 20221024144500)
 (3541., 3548., 3536., 3543.,  4823., 487237, 20221024150000)]
2022-10-25 15:30:00  INFO  [(3558., 3558., 3502., 3512., 22209., 488630, 20221024211500)
 (3513., 3530., 3512., 3529.,  9249., 488753, 20221024213000)
 (3530., 3536., 3522., 3526.,  4838., 488001, 20221024214500)
 (3527., 3530., 3510., 3513.,  4609., 488338, 20221024220000)
 (3515., 3523., 3511., 3518.,  2707., 488397, 20221024221500)
 (3518., 3520., 3510., 3513.,  1510., 488620, 20221024223000)
 (3513., 3521., 3511., 3516.,  2732., 489644, 20221024224500)
 (3515., 3515., 3510., 3513.,  2487., 489844, 20221024230000)
 (3514., 3519., 3498., 3502.,  9710., 492151, 20221025091500)
 (3502., 3510., 3495., 3496.,  7770., 493856, 20221025093000)
 (3496., 3505., 3496., 3505.,  3695., 494966, 20221025094500)
 (3505., 3515., 3503., 3513.,  3095., 494082, 20221025100000)
 (3514., 3515., 3499., 3503.,  4552., 495495, 20221025101500)
 (3502., 3506., 3494., 3495.,  3228., 495287, 20221025104500)
 (3495., 3506., 3493., 3503.,  2939., 494511, 20221025110000)
 (3502., 3504., 3494., 3496.,  2061., 494422, 20221025111500)
 (3495., 3514., 3494., 3513.,  3794., 493753, 20221025113000)
 (3510., 3515., 3501., 3507.,  2914., 493513, 20221025134500)
 (3505., 3509., 3499., 3509.,  1282., 493720, 20221025140000)
 (3508., 3509., 3503., 3508.,   834., 493721, 20221025141500)
 (3506., 3508., 3500., 3503.,  1021., 494032, 20221025143000)
 (3503., 3510., 3503., 3504.,  1677., 493989, 20221025144500)
 (3503., 3508., 3500., 3504.,  3137., 493796, 20221025150000)]
2022-10-26 15:30:00  INFO  [(3510., 3510., 3490., 3503., 12670., 498171, 20221025211500)
 (3503., 3514., 3503., 3508.,  9084., 498116, 20221025213000)
 (3508., 3524., 3505., 3508.,  6552., 496298, 20221025214500)
 (3506., 3510., 3502., 3508.,  2459., 497118, 20221025220000)
 (3509., 3513., 3505., 3509.,  1549., 496954, 20221025221500)
 (3509., 3512., 3506., 3509.,   750., 497007, 20221025223000)
 (3508., 3511., 3506., 3508.,   659., 496951, 20221025224500)
 (3508., 3513., 3508., 3510.,   836., 496621, 20221025230000)
 (3509., 3512., 3496., 3501.,  4466., 496907, 20221026091500)
 (3501., 3508., 3497., 3500.,  2094., 497478, 20221026093000)
 (3501., 3507., 3499., 3506.,  4153., 498634, 20221026094500)
 (3505., 3515., 3505., 3509.,  7648., 499524, 20221026100000)
 (3509., 3524., 3509., 3524.,  5023., 497815, 20221026101500)
 (3524., 3535., 3522., 3534.,  7268., 494645, 20221026104500)
 (3535., 3536., 3523., 3527.,  3726., 493998, 20221026110000)
 (3528., 3531., 3520., 3522.,  4087., 493949, 20221026111500)
 (3522., 3530., 3520., 3529.,  2113., 493315, 20221026113000)
 (3529., 3529., 3511., 3520.,  6052., 494660, 20221026134500)
 (3518., 3523., 3505., 3507.,  3939., 494898, 20221026140000)
 (3508., 3513., 3504., 3512.,  3485., 495039, 20221026141500)
 (3513., 3514., 3497., 3500.,  7895., 497392, 20221026143000)
 (3499., 3508., 3493., 3496.,  5105., 498534, 20221026144500)
 (3496., 3502., 3488., 3500.,  5270., 499454, 20221026150000)]
2022-10-27 15:30:00  INFO  [(3500., 3509., 3493., 3498., 11096., 505734, 20221026211500)
 (3498., 3502., 3495., 3501.,  2345., 505911, 20221026213000)
 (3501., 3506., 3499., 3502.,  2947., 506473, 20221026214500)
 (3502., 3503., 3497., 3498.,   935., 506217, 20221026220000)
 (3498., 3503., 3497., 3502.,   635., 506335, 20221026221500)
 (3501., 3504., 3498., 3499.,   894., 506517, 20221026223000)
 (3500., 3508., 3498., 3508.,  1173., 506633, 20221026224500)
 (3508., 3517., 3507., 3511.,  3384., 506218, 20221026230000)
 (3516., 3531., 3514., 3530., 11284., 506289, 20221027091500)
 (3531., 3531., 3519., 3520.,  4290., 506398, 20221027093000)
 (3522., 3524., 3514., 3519.,  4060., 506707, 20221027094500)
 (3518., 3520., 3512., 3519.,  2292., 507172, 20221027100000)
 (3520., 3520., 3504., 3506.,  3318., 508229, 20221027101500)
 (3506., 3511., 3500., 3508.,  6761., 510347, 20221027104500)
 (3507., 3521., 3506., 3519.,  3506., 510119, 20221027110000)
 (3518., 3519., 3509., 3512.,  1861., 509783, 20221027111500)
 (3512., 3515., 3503., 3507.,  2741., 509726, 20221027113000)
 (3504., 3510., 3496., 3500.,  7876., 509768, 20221027134500)
 (3499., 3507., 3498., 3503.,  2452., 510028, 20221027140000)
 (3504., 3504., 3487., 3487.,  5850., 511382, 20221027141500)
 (3487., 3495., 3485., 3488.,  3632., 512043, 20221027143000)
 (3488., 3490., 3481., 3482.,  6447., 512789, 20221027144500)
 (3482., 3487., 3481., 3484.,  4508., 513076, 20221027150000)]
2022-10-28 15:30:00  INFO  [(3480., 3483., 3456., 3466., 29468., 529736, 20221027211500)
 (3464., 3471., 3459., 3460.,  3809., 530747, 20221027213000)
 (3460., 3470., 3460., 3463.,  2731., 531594, 20221027214500)
 (3463., 3465., 3457., 3457.,  2767., 532340, 20221027220000)
 (3458., 3460., 3447., 3453.,  8799., 534819, 20221027221500)
 (3453., 3463., 3449., 3462.,  4769., 535264, 20221027223000)
 (3461., 3469., 3453., 3453.,  4086., 535048, 20221027224500)
 (3454., 3461., 3452., 3459.,  2276., 535289, 20221027230000)
 (3455., 3460., 3440., 3451., 10274., 537533, 20221028091500)
 (3451., 3461., 3444., 3447., 12390., 541281, 20221028093000)
 (3448., 3451., 3441., 3446.,  3042., 541864, 20221028094500)
 (3445., 3451., 3438., 3438.,  4514., 543158, 20221028100000)
 (3439., 3447., 3438., 3445.,  2722., 543359, 20221028101500)
 (3443., 3444., 3430., 3431.,  9308., 545791, 20221028104500)
 (3431., 3440., 3417., 3433., 14009., 548372, 20221028110000)
 (3433., 3444., 3429., 3431.,  4629., 548349, 20221028111500)
 (3433., 3444., 3433., 3435.,  4401., 547697, 20221028113000)
 (3429., 3438., 3427., 3430.,  6421., 547734, 20221028134500)
 (3431., 3436., 3426., 3430.,  6147., 548297, 20221028140000)
 (3430., 3442., 3428., 3433.,  4566., 548271, 20221028141500)
 (3432., 3435., 3426., 3429.,  3875., 547992, 20221028143000)
 (3428., 3431., 3420., 3421.,  5149., 548020, 20221028144500)
 (3422., 3432., 3422., 3426.,  7035., 549647, 20221028150000)]
2022-10-31 15:30:00  INFO  [(3420., 3434., 3415., 3431., 13183., 551384, 20221028211500)
 (3432., 3432., 3416., 3417.,  7437., 553395, 20221028213000)
 (3417., 3422., 3413., 3414.,  5255., 554677, 20221028214500)
 (3414., 3418., 3397., 3399.,  8489., 556855, 20221028220000)
 (3397., 3402., 3383., 3391., 11653., 560342, 20221028221500)
 (3390., 3390., 3375., 3377.,  8890., 563026, 20221028223000)
 (3377., 3380., 3358., 3361., 11137., 565349, 20221028224500)
 (3360., 3368., 3352., 3353.,  9878., 567890, 20221028230000)
 (3370., 3392., 3350., 3381., 24838., 571008, 20221031091500)
 (3381., 3382., 3364., 3365.,  5446., 571871, 20221031093000)
 (3365., 3372., 3360., 3361.,  5049., 572690, 20221031094500)
 (3361., 3368., 3353., 3361.,  6635., 574111, 20221031100000)
 (3360., 3371., 3359., 3364.,  4293., 575531, 20221031101500)
 (3365., 3376., 3363., 3374.,  3498., 575986, 20221031104500)
 (3375., 3380., 3372., 3375.,  2856., 576617, 20221031110000)
 (3376., 3376., 3370., 3375.,  3336., 577797, 20221031111500)
 (3375., 3376., 3361., 3371.,  4783., 579203, 20221031113000)
 (3367., 3372., 3354., 3365.,  8918., 579209, 20221031134500)
 (3364., 3366., 3359., 3361.,  7714., 579888, 20221031140000)
 (3361., 3365., 3346., 3349.,  8440., 583306, 20221031141500)
 (3349., 3357., 3348., 3354.,  3246., 583788, 20221031143000)
 (3353., 3354., 3340., 3345.,  8522., 584109, 20221031144500)
 (3345., 3348., 3330., 3336., 11663., 585717, 20221031150000)]
2022-11-01 15:30:00  INFO  [(3337., 3359., 3325., 3354., 28389., 597576, 20221031211500)
 (3354., 3360., 3346., 3346.,  8893., 598863, 20221031213000)
 (3345., 3356., 3342., 3355.,  8014., 600050, 20221031214500)
 (3355., 3372., 3351., 3354., 11876., 601307, 20221031220000)
 (3354., 3358., 3347., 3351.,  3596., 601205, 20221031221500)
 (3351., 3358., 3346., 3353.,  2800., 601138, 20221031223000)
 (3353., 3359., 3345., 3354.,  2219., 601137, 20221031224500)
 (3355., 3370., 3353., 3370.,  4300., 600860, 20221031230000)
 (3370., 3381., 3362., 3373., 11787., 600340, 20221101091500)
 (3373., 3387., 3372., 3383., 11594., 602862, 20221101093000)
 (3383., 3385., 3366., 3370.,  9138., 605681, 20221101094500)
 (3370., 3379., 3369., 3374.,  5434., 606003, 20221101100000)
 (3372., 3382., 3372., 3379.,  2640., 606708, 20221101101500)
 (3381., 3397., 3379., 3392.,  8861., 604999, 20221101104500)
 (3393., 3399., 3384., 3394.,  4976., 604164, 20221101110000)
 (3394., 3397., 3389., 3393.,  5795., 604021, 20221101111500)
 (3394., 3396., 3377., 3382.,  6390., 604345, 20221101113000)
 (3390., 3400., 3387., 3397., 15234., 604917, 20221101134500)
 (3397., 3407., 3395., 3400., 13446., 604949, 20221101140000)
 (3400., 3417., 3397., 3416., 13198., 605236, 20221101141500)
 (3415., 3441., 3415., 3435., 22453., 606101, 20221101143000)
 (3435., 3435., 3422., 3433.,  9989., 606349, 20221101144500)
 (3434., 3440., 3424., 3427., 12466., 605055, 20221101150000)]
2022-11-02 15:30:00  INFO  [(3432., 3444., 3419., 3421., 16743., 609800, 20221101211500)
 (3421., 3427., 3410., 3414., 11711., 609377, 20221101213000)
 (3415., 3420., 3410., 3420.,  4855., 609114, 20221101214500)
 (3420., 3430., 3415., 3425.,  8241., 608721, 20221101220000)
 (3426., 3427., 3417., 3419.,  6107., 608742, 20221101221500)
 (3419., 3423., 3410., 3421.,  5699., 609919, 20221101223000)
 (3422., 3430., 3419., 3424., 11489., 608631, 20221101224500)
 (3423., 3430., 3421., 3426.,  3817., 608711, 20221101230000)
 (3428., 3434., 3420., 3427.,  7926., 609970, 20221102091500)
 (3428., 3434., 3425., 3425.,  4624., 610032, 20221102093000)
 (3426., 3429., 3421., 3424.,  4136., 611161, 20221102094500)
 (3423., 3425., 3412., 3423.,  6611., 611697, 20221102100000)
 (3423., 3428., 3414., 3417.,  8460., 611720, 20221102101500)
 (3419., 3431., 3417., 3431.,  5546., 610744, 20221102104500)
 (3430., 3440., 3429., 3438.,  6042., 611195, 20221102110000)
 (3438., 3452., 3431., 3446., 10118., 610515, 20221102111500)
 (3446., 3451., 3438., 3441.,  7456., 611572, 20221102113000)
 (3444., 3472., 3444., 3471., 18573., 612727, 20221102134500)
 (3472., 3472., 3450., 3452.,  9458., 613598, 20221102140000)
 (3452., 3455., 3441., 3444.,  7800., 614663, 20221102141500)
 (3443., 3450., 3428., 3429.,  8307., 616207, 20221102143000)
 (3429., 3434., 3421., 3430.,  9810., 616776, 20221102144500)
 (3429., 3439., 3428., 3436.,  5615., 616991, 20221102150000)]
2022-11-03 15:30:00  INFO  [(3430., 3442., 3420., 3427., 30116., 616464, 20221102211500)
 (3428., 3430., 3424., 3427.,  3173., 617558, 20221102213000)
 (3426., 3438., 3426., 3437.,  2302., 617424, 20221102214500)
 (3438., 3440., 3430., 3431.,  3161., 617307, 20221102220000)
 (3431., 3444., 3428., 3440.,  4072., 617328, 20221102221500)
 (3441., 3443., 3436., 3439.,  1793., 617521, 20221102223000)
 (3439., 3442., 3432., 3440.,  5251., 616547, 20221102224500)
 (3441., 3442., 3435., 3438.,  2252., 616181, 20221102230000)
 (3433., 3455., 3422., 3450., 14270., 616733, 20221103091500)
 (3451., 3452., 3434., 3438.,  6746., 618846, 20221103093000)
 (3438., 3450., 3430., 3433., 15408., 621201, 20221103094500)
 (3433., 3436., 3418., 3420., 13825., 625414, 20221103100000)
 (3420., 3428., 3418., 3426.,  3671., 625958, 20221103101500)
 (3428., 3429., 3422., 3423., 17824., 630942, 20221103104500)
 (3424., 3432., 3423., 3426.,  3080., 630482, 20221103110000)
 (3426., 3437., 3426., 3436.,  2500., 629913, 20221103111500)
 (3436., 3446., 3431., 3443.,  4388., 628561, 20221103113000)
 (3450., 3459., 3445., 3456., 19082., 625872, 20221103134500)
 (3456., 3460., 3441., 3450., 15987., 627724, 20221103140000)
 (3451., 3451., 3438., 3441.,  7801., 628588, 20221103141500)
 (3442., 3449., 3434., 3448.,  5079., 628960, 20221103143000)
 (3447., 3456., 3447., 3454.,  4986., 627835, 20221103144500)
 (3454., 3454., 3438., 3441.,  5020., 627375, 20221103150000)]
2022-11-04 15:30:00  INFO  [(3444., 3445., 3425., 3435., 13956., 628843, 20221103211500)
 (3435., 3436., 3427., 3430.,  6235., 630443, 20221103213000)
 (3430., 3439., 3427., 3438.,  7166., 631704, 20221103214500)
 (3438., 3438., 3428., 3430.,  6927., 633098, 20221103220000)
 (3430., 3439., 3426., 3437.,  4215., 633532, 20221103221500)
 (3437., 3439., 3432., 3435.,  2725., 634045, 20221103223000)
 (3436., 3442., 3435., 3442.,  2141., 633572, 20221103224500)
 (3442., 3447., 3441., 3446.,  8212., 632611, 20221103230000)
 (3446., 3457., 3440., 3453.,  5869., 631263, 20221104091500)
 (3452., 3458., 3446., 3458.,  7026., 631719, 20221104093000)
 (3458., 3465., 3452., 3457.,  9709., 631352, 20221104094500)
 (3456., 3466., 3454., 3465.,  6792., 629434, 20221104100000)
 (3465., 3466., 3459., 3464.,  3515., 629664, 20221104101500)
 (3465., 3480., 3464., 3479., 14822., 628914, 20221104104500)
 (3478., 3479., 3468., 3472.,  6110., 630319, 20221104110000)
 (3473., 3488., 3472., 3487.,  9044., 631707, 20221104111500)
 (3487., 3490., 3481., 3490.,  7530., 631532, 20221104113000)
 (3495., 3510., 3495., 3501., 23082., 634350, 20221104134500)
 (3502., 3507., 3500., 3505.,  8262., 636383, 20221104140000)
 (3506., 3512., 3502., 3505.,  6825., 637485, 20221104141500)
 (3505., 3507., 3488., 3491.,  8657., 636069, 20221104143000)
 (3492., 3495., 3481., 3488.,  6385., 635842, 20221104144500)
 (3487., 3498., 3479., 3496.,  8849., 634769, 20221104150000)]
2022-11-07 15:30:00  INFO  [(3522., 3543., 3512., 3521., 34744., 646210, 20221104211500)
 (3521., 3521., 3506., 3508.,  9060., 646646, 20221104213000)
 (3508., 3515., 3507., 3512.,  4652., 645547, 20221104214500)
 (3513., 3517., 3510., 3515.,  6622., 645928, 20221104220000)
 (3515., 3520., 3510., 3512.,  4452., 646566, 20221104221500)
 (3512., 3521., 3512., 3520.,  4574., 646638, 20221104223000)
 (3520., 3525., 3517., 3519.,  7821., 646062, 20221104224500)
 (3520., 3541., 3517., 3530., 11987., 644563, 20221104230000)
 (3506., 3506., 3474., 3486., 35282., 645678, 20221107091500)
 (3487., 3499., 3485., 3496., 15420., 644165, 20221107093000)
 (3495., 3499., 3490., 3497.,  7052., 644916, 20221107094500)
 (3498., 3504., 3491., 3491.,  9508., 645803, 20221107100000)
 (3491., 3497., 3483., 3484.,  9818., 648353, 20221107101500)
 (3485., 3493., 3479., 3479.,  9912., 651138, 20221107104500)
 (3479., 3487., 3478., 3486.,  4784., 652854, 20221107110000)
 (3487., 3487., 3480., 3483.,  4136., 653141, 20221107111500)
 (3483., 3488., 3480., 3485.,  4174., 654393, 20221107113000)
 (3483., 3493., 3481., 3492., 13970., 661002, 20221107134500)
 (3492., 3495., 3477., 3478.,  9013., 661624, 20221107140000)
 (3478., 3491., 3478., 3489., 11931., 663104, 20221107141500)
 (3489., 3502., 3488., 3497., 18274., 666428, 20221107143000)
 (3497., 3512., 3495., 3507., 19434., 671725, 20221107144500)
 (3509., 3510., 3499., 3505., 12013., 672880, 20221107150000)]
2022-11-08 15:30:00  INFO  [(3490., 3520., 3490., 3516., 29521., 677943, 20221107211500)
 (3515., 3519., 3500., 3503.,  7914., 678920, 20221107213000)
 (3503., 3506., 3497., 3503.,  4901., 680853, 20221107214500)
 (3503., 3507., 3500., 3505.,  3158., 681620, 20221107220000)
 (3505., 3510., 3502., 3507.,  3208., 682135, 20221107221500)
 (3507., 3512., 3501., 3502.,  4066., 683351, 20221107223000)
 (3502., 3506., 3497., 3498.,  4776., 684598, 20221107224500)
 (3497., 3499., 3484., 3490.,  9615., 685286, 20221107230000)
 (3492., 3498., 3485., 3488., 12129., 685364, 20221108091500)
 (3488., 3494., 3486., 3493.,  6483., 687213, 20221108093000)
 (3493., 3494., 3480., 3482.,  7130., 689515, 20221108094500)
 (3482., 3492., 3480., 3491.,  7405., 689825, 20221108100000)
 (3490., 3492., 3480., 3484., 13344., 692133, 20221108101500)
 (3486., 3498., 3483., 3491.,  4715., 691797, 20221108104500)
 (3492., 3492., 3484., 3488.,  2475., 691657, 20221108110000)
 (3489., 3499., 3487., 3498.,  5558., 690997, 20221108111500)
 (3498., 3500., 3491., 3493.,  3900., 690621, 20221108113000)
 (3489., 3494., 3482., 3486.,  7046., 692500, 20221108134500)
 (3487., 3490., 3484., 3486.,  3741., 693330, 20221108140000)
 (3487., 3498., 3484., 3495.,  5399., 693659, 20221108141500)
 (3496., 3504., 3494., 3499.,  7383., 693684, 20221108143000)
 (3499., 3519., 3498., 3519., 13633., 692925, 20221108144500)
 (3519., 3530., 3511., 3530., 17819., 692289, 20221108150000)]
2022-11-09 15:30:00  INFO  [(3531., 3551., 3528., 3547., 24266., 695416, 20221108211500)
 (3548., 3555., 3540., 3555., 12164., 695742, 20221108213000)
 (3554., 3561., 3550., 3561., 17552., 691984, 20221108214500)
 (3561., 3562., 3547., 3548.,  7013., 693018, 20221108220000)
 (3548., 3552., 3545., 3551.,  6745., 694372, 20221108221500)
 (3552., 3558., 3549., 3558.,  3712., 694787, 20221108223000)
 (3557., 3562., 3553., 3555.,  9378., 693850, 20221108224500)
 (3556., 3558., 3551., 3555.,  4297., 694463, 20221108230000)
 (3552., 3557., 3541., 3542., 12355., 696897, 20221109091500)
 (3542., 3552., 3542., 3545.,  5594., 697597, 20221109093000)
 (3543., 3551., 3542., 3544.,  5164., 699076, 20221109094500)
 (3545., 3548., 3540., 3541.,  4365., 699036, 20221109100000)
 (3541., 3548., 3540., 3547.,  3348., 699789, 20221109101500)
 (3546., 3560., 3546., 3558.,  9239., 701528, 20221109104500)
 (3557., 3561., 3550., 3551.,  8069., 704009, 20221109110000)
 (3552., 3561., 3550., 3560.,  4191., 704070, 20221109111500)
 (3561., 3570., 3555., 3556., 11645., 708364, 20221109113000)
 (3565., 3567., 3554., 3555., 12596., 710267, 20221109134500)
 (3555., 3562., 3549., 3561., 10120., 710351, 20221109140000)
 (3561., 3564., 3555., 3558.,  5589., 711226, 20221109141500)
 (3559., 3563., 3557., 3560.,  5436., 713635, 20221109143000)
 (3561., 3565., 3558., 3563.,  4553., 714470, 20221109144500)
 (3564., 3572., 3558., 3562., 13166., 717125, 20221109150000)]
2022-11-10 15:30:00  INFO  [(3552., 3552., 3537., 3537., 25483., 724382, 20221109211500)
 (3537., 3543., 3535., 3540., 12582., 726835, 20221109213000)
 (3540., 3540., 3513., 3521., 23756., 729615, 20221109214500)
 (3519., 3528., 3518., 3522.,  6874., 730559, 20221109220000)
 (3523., 3530., 3522., 3529.,  7593., 731261, 20221109221500)
 (3529., 3537., 3525., 3528., 10262., 729852, 20221109223000)
 (3529., 3537., 3522., 3531.,  6558., 730739, 20221109224500)
 (3531., 3539., 3529., 3535.,  6763., 731104, 20221109230000)
 (3526., 3535., 3525., 3527., 11217., 731707, 20221110091500)
 (3527., 3528., 3516., 3522., 10621., 732933, 20221110093000)
 (3522., 3526., 3516., 3523.,  4685., 733536, 20221110094500)
 (3523., 3535., 3521., 3531.,  4702., 734014, 20221110100000)
 (3530., 3531., 3525., 3528.,  5309., 735172, 20221110101500)
 (3528., 3541., 3528., 3537.,  6766., 735145, 20221110104500)
 (3538., 3543., 3532., 3543.,  5179., 734735, 20221110110000)
 (3543., 3549., 3540., 3540.,  5705., 734638, 20221110111500)
 (3540., 3557., 3540., 3549., 12492., 734481, 20221110113000)
 (3548., 3548., 3508., 3509., 28817., 733064, 20221110134500)
 (3510., 3517., 3506., 3514., 15114., 732199, 20221110140000)
 (3516., 3528., 3514., 3520.,  9847., 731100, 20221110141500)
 (3520., 3523., 3514., 3519.,  4399., 731393, 20221110143000)
 (3519., 3520., 3503., 3506., 12654., 729946, 20221110144500)
 (3506., 3516., 3505., 3513., 10758., 730254, 20221110150000)]
2022-11-11 15:30:00  INFO  [(3500., 3530., 3486., 3526., 32395., 729902, 20221110211500)
 (3526., 3532., 3521., 3532., 14472., 729389, 20221110213000)
 (3532., 3566., 3531., 3559., 34852., 728514, 20221110214500)
 (3559., 3566., 3556., 3565., 11975., 729214, 20221110220000)
 (3565., 3567., 3555., 3556.,  8844., 729613, 20221110221500)
 (3556., 3565., 3551., 3565.,  5833., 729512, 20221110223000)
 (3563., 3564., 3555., 3559.,  6598., 729698, 20221110224500)
 (3559., 3565., 3558., 3564.,  4445., 729298, 20221110230000)
 (3568., 3605., 3566., 3604., 39667., 737212, 20221111091500)
 (3604., 3609., 3600., 3608., 12298., 739060, 20221111093000)
 (3609., 3611., 3587., 3596., 20339., 741730, 20221111094500)
 (3597., 3597., 3586., 3594.,  6413., 742255, 20221111100000)
 (3593., 3597., 3587., 3594.,  7750., 741925, 20221111101500)
 (3596., 3597., 3589., 3592.,  9283., 740868, 20221111104500)
 (3591., 3598., 3586., 3589., 10548., 739015, 20221111110000)
 (3589., 3595., 3587., 3590.,  4894., 739276, 20221111111500)
 (3590., 3601., 3588., 3596.,  7509., 738265, 20221111113000)
 (3597., 3614., 3597., 3609., 18070., 738136, 20221111134500)
 (3611., 3626., 3608., 3626., 23159., 747082, 20221111140000)
 (3626., 3638., 3616., 3618., 29310., 756674, 20221111141500)
 (3618., 3624., 3610., 3623.,  9000., 757672, 20221111143000)
 (3623., 3624., 3604., 3613., 15467., 756691, 20221111144500)
 (3613., 3618., 3600., 3601., 19227., 761227, 20221111150000)]
2022-11-14 15:30:00  INFO  [(3612., 3614., 3598., 3603., 35325., 755335, 20221111211500)
 (3604., 3609., 3595., 3606., 21224., 760557, 20221111213000)
 (3606., 3623., 3605., 3617., 14303., 761871, 20221111214500)
 (3618., 3626., 3612., 3624., 10432., 761222, 20221111220000)
 (3625., 3628., 3617., 3625., 14310., 762753, 20221111221500)
 (3625., 3628., 3608., 3616., 12276., 763934, 20221111223000)
 (3617., 3623., 3609., 3614.,  9660., 764628, 20221111224500)
 (3614., 3624., 3609., 3619., 10335., 763598, 20221111230000)
 (3652., 3669., 3638., 3668., 70014., 771155, 20221114091500)
 (3668., 3679., 3657., 3660., 35780., 773028, 20221114093000)
 (3660., 3665., 3651., 3652., 16119., 770645, 20221114094500)
 (3654., 3657., 3644., 3649., 19224., 771302, 20221114100000)
 (3650., 3654., 3632., 3638., 23257., 773952, 20221114101500)
 (3637., 3657., 3637., 3649., 12168., 778430, 20221114104500)
 (3650., 3658., 3647., 3656.,  4411., 778338, 20221114110000)
 (3658., 3658., 3645., 3646.,  5837., 778535, 20221114111500)
 (3646., 3649., 3639., 3642.,  7282., 779010, 20221114113000)
 (3637., 3641., 3627., 3632., 20851., 775329, 20221114134500)
 (3632., 3637., 3619., 3623., 18115., 776148, 20221114140000)
 (3622., 3639., 3621., 3631.,  7989., 775907, 20221114141500)
 (3631., 3634., 3625., 3631.,  4080., 776012, 20221114143000)
 (3631., 3636., 3629., 3633.,  3676., 776142, 20221114144500)
 (3634., 3635., 3625., 3625., 16123., 779030, 20221114150000)]
2022-11-15 15:30:00  INFO  [(3628., 3647., 3619., 3642., 40075., 770518, 20221114211500)
 (3641., 3647., 3630., 3640., 10630., 771901, 20221114213000)
 (3641., 3645., 3637., 3642.,  4302., 772329, 20221114214500)
 (3641., 3646., 3634., 3636.,  5600., 773879, 20221114220000)
 (3637., 3641., 3630., 3633.,  5393., 774856, 20221114221500)
 (3634., 3640., 3630., 3636.,  3606., 775387, 20221114223000)
 (3636., 3643., 3635., 3636.,  6989., 776356, 20221114224500)
 (3636., 3643., 3634., 3642.,  6547., 776393, 20221114230000)
 (3642., 3648., 3626., 3627., 17799., 779912, 20221115091500)
 (3627., 3641., 3626., 3635.,  9321., 781988, 20221115093000)
 (3635., 3645., 3635., 3645.,  7802., 783677, 20221115094500)
 (3645., 3645., 3638., 3640.,  6958., 784594, 20221115100000)
 (3640., 3653., 3638., 3645., 14169., 787199, 20221115101500)
 (3646., 3651., 3645., 3648., 14787., 791852, 20221115104500)
 (3648., 3650., 3643., 3647.,  9430., 792800, 20221115110000)
 (3648., 3649., 3643., 3645., 10479., 792748, 20221115111500)
 (3645., 3650., 3644., 3647.,  5145., 792601, 20221115113000)
 (3650., 3653., 3635., 3635., 10899., 794593, 20221115134500)
 (3635., 3642., 3630., 3640.,  9878., 797488, 20221115140000)
 (3640., 3645., 3635., 3644.,  6410., 797073, 20221115141500)
 (3643., 3650., 3643., 3648., 11887., 793700, 20221115143000)
 (3646., 3653., 3642., 3652.,  7444., 792297, 20221115144500)
 (3652., 3663., 3649., 3661., 19482., 795183, 20221115150000)]
2022-11-16 15:30:00  INFO  [(3670., 3682., 3659., 3666., 51283., 804967, 20221115211500)
 (3665., 3679., 3665., 3678., 13170., 804164, 20221115213000)
 (3678., 3695., 3675., 3688., 35724., 805722, 20221115214500)
 (3688., 3689., 3677., 3684., 16260., 810812, 20221115220000)
 (3683., 3687., 3679., 3686., 10014., 812290, 20221115221500)
 (3687., 3690., 3685., 3688.,  5254., 812733, 20221115223000)
 (3688., 3688., 3680., 3683.,  6595., 812320, 20221115224500)
 (3684., 3687., 3678., 3687.,  6100., 811514, 20221115230000)
 (3689., 3696., 3677., 3691., 23487., 816266, 20221116091500)
 (3691., 3697., 3688., 3688., 13873., 818670, 20221116093000)
 (3689., 3691., 3683., 3690.,  9022., 820362, 20221116094500)
 (3689., 3689., 3681., 3684.,  7843., 820935, 20221116100000)
 (3684., 3689., 3675., 3678.,  8258., 821838, 20221116101500)
 (3680., 3694., 3679., 3694.,  7939., 822206, 20221116104500)
 (3693., 3704., 3690., 3700., 18412., 817602, 20221116110000)
 (3700., 3715., 3694., 3714., 19259., 817633, 20221116111500)
 (3713., 3720., 3709., 3719., 22169., 819527, 20221116113000)
 (3714., 3716., 3703., 3709., 19384., 821082, 20221116134500)
 (3709., 3717., 3707., 3710.,  8443., 823859, 20221116140000)
 (3710., 3723., 3710., 3722.,  7499., 825337, 20221116141500)
 (3722., 3723., 3706., 3707., 12562., 825751, 20221116143000)
 (3707., 3715., 3704., 3711.,  7431., 826060, 20221116144500)
 (3712., 3712., 3698., 3704., 12336., 827624, 20221116150000)]
2022-11-17 15:30:00  INFO  [(3709., 3710., 3679., 3680., 45047., 833493, 20221116211500)
 (3680., 3686., 3672., 3675., 28690., 838340, 20221116213000)
 (3674., 3675., 3663., 3666., 30418., 846871, 20221116214500)
 (3665., 3669., 3651., 3658., 26603., 849213, 20221116220000)
 (3657., 3668., 3651., 3652., 25770., 852194, 20221116221500)
 (3652., 3662., 3646., 3650., 16909., 853128, 20221116223000)
 (3651., 3657., 3650., 3652.,  8481., 855552, 20221116224500)
 (3652., 3658., 3637., 3641., 18783., 855246, 20221116230000)
 (3639., 3654., 3633., 3651., 28231., 855016, 20221117091500)
 (3652., 3653., 3643., 3648.,  7777., 855762, 20221117093000)
 (3648., 3662., 3645., 3659., 11924., 857149, 20221117094500)
 (3660., 3664., 3647., 3653.,  9363., 858637, 20221117100000)
 (3653., 3662., 3652., 3659.,  9848., 860980, 20221117101500)
 (3656., 3662., 3654., 3659., 10196., 861341, 20221117104500)
 (3658., 3658., 3648., 3652.,  7914., 861468, 20221117110000)
 (3652., 3652., 3647., 3649.,  8837., 858578, 20221117111500)
 (3650., 3654., 3639., 3642., 13611., 858094, 20221117113000)
 (3643., 3648., 3628., 3642., 23129., 861880, 20221117134500)
 (3642., 3647., 3639., 3642.,  8742., 863677, 20221117140000)
 (3643., 3649., 3631., 3645., 18944., 867251, 20221117141500)
 (3646., 3657., 3645., 3651., 10686., 868437, 20221117143000)
 (3651., 3663., 3651., 3662., 15322., 870613, 20221117144500)
 (3663., 3684., 3661., 3678., 42965., 868088, 20221117150000)]
2022-11-18 15:30:00  INFO  [(3666., 3678., 3660., 3666., 37588., 866214, 20221117211500)
 (3666., 3678., 3662., 3673., 12561., 866420, 20221117213000)
 (3674., 3684., 3673., 3675., 14484., 869851, 20221117214500)
 (3676., 3676., 3665., 3665., 11351., 870068, 20221117220000)
 (3665., 3666., 3652., 3662., 18849., 869501, 20221117221500)
 (3663., 3670., 3658., 3658.,  8379., 870968, 20221117223000)
 (3659., 3672., 3656., 3671.,  6737., 872152, 20221117224500)
 (3672., 3679., 3668., 3673.,  9372., 872409, 20221117230000)
 (3672., 3680., 3669., 3670., 13098., 873568, 20221118091500)
 (3670., 3678., 3666., 3676.,  7426., 872017, 20221118093000)
 (3675., 3677., 3659., 3660.,  9284., 872899, 20221118094500)
 (3659., 3668., 3657., 3662.,  8359., 873237, 20221118100000)
 (3662., 3688., 3661., 3688., 20823., 870247, 20221118101500)
 (3689., 3695., 3681., 3683., 19822., 868868, 20221118104500)
 (3683., 3684., 3667., 3671., 13687., 869853, 20221118110000)
 (3671., 3674., 3662., 3668.,  9262., 871510, 20221118111500)
 (3667., 3684., 3666., 3680., 11159., 873761, 20221118113000)
 (3683., 3686., 3673., 3675., 16508., 873115, 20221118134500)
 (3675., 3680., 3672., 3675.,  4407., 873464, 20221118140000)
 (3677., 3679., 3670., 3678.,  7228., 874314, 20221118141500)
 (3679., 3684., 3677., 3679.,  6218., 874243, 20221118143000)
 (3680., 3685., 3665., 3666., 17511., 872660, 20221118144500)
 (3667., 3681., 3667., 3672., 14454., 873945, 20221118150000)]
2022-11-21 15:30:00  INFO  [(3670., 3677., 3658., 3662., 33818., 882719, 20221118211500)
 (3663., 3664., 3640., 3641., 29306., 891704, 20221118213000)
 (3641., 3657., 3640., 3655., 19532., 893268, 20221118214500)
 (3655., 3656., 3643., 3644., 12528., 896646, 20221118220000)
 (3643., 3647., 3635., 3645., 13418., 898944, 20221118221500)
 (3645., 3657., 3642., 3646., 11424., 900642, 20221118223000)
 (3646., 3653., 3640., 3652.,  7112., 899758, 20221118224500)
 (3652., 3657., 3645., 3646., 10148., 899024, 20221118230000)
 (3627., 3627., 3591., 3591., 77192., 902071, 20221121091500)
 (3592., 3610., 3590., 3603., 23504., 904096, 20221121093000)
 (3603., 3610., 3596., 3606., 20373., 907445, 20221121094500)
 (3606., 3606., 3594., 3596., 13715., 910930, 20221121100000)
 (3596., 3602., 3592., 3598.,  8341., 912410, 20221121101500)
 (3599., 3602., 3583., 3584., 20884., 912378, 20221121104500)
 (3584., 3595., 3583., 3593., 10458., 914711, 20221121110000)
 (3593., 3597., 3589., 3597., 11990., 917801, 20221121111500)
 (3597., 3605., 3593., 3602., 11469., 918252, 20221121113000)
 (3604., 3620., 3604., 3614., 24688., 922232, 20221121134500)
 (3613., 3622., 3607., 3621., 12633., 923034, 20221121140000)
 (3621., 3628., 3619., 3624., 15695., 924273, 20221121141500)
 (3623., 3630., 3616., 3627., 14651., 924479, 20221121143000)
 (3626., 3627., 3618., 3623., 10256., 926376, 20221121144500)
 (3623., 3630., 3618., 3624., 13556., 925827, 20221121150000)]
2022-11-22 15:30:00  INFO  [(3620., 3640., 3615., 3638., 35620., 933033, 20221121211500)
 (3638., 3645., 3636., 3645., 17869., 937743, 20221121213000)
 (3645., 3645., 3635., 3636., 10323., 938820, 20221121214500)
 (3635., 3641., 3634., 3640.,  4909., 938878, 20221121220000)
 (3641., 3645., 3629., 3633.,  7518., 939815, 20221121221500)
 (3633., 3637., 3620., 3622., 10528., 940994, 20221121223000)
 (3623., 3626., 3613., 3614., 12411., 939740, 20221121224500)
 (3614., 3624., 3612., 3617., 10791., 939479, 20221121230000)
 (3622., 3631., 3616., 3617., 18113., 943249, 20221122091500)
 (3617., 3618., 3608., 3614., 18288., 947493, 20221122093000)
 (3613., 3619., 3609., 3619., 18163., 951268, 20221122094500)
 (3619., 3619., 3609., 3618., 10529., 952544, 20221122100000)
 (3618., 3618., 3610., 3615.,  6456., 953315, 20221122101500)
 (3616., 3616., 3598., 3613., 30489., 956149, 20221122104500)
 (3614., 3631., 3612., 3629., 21235., 957601, 20221122110000)
 (3630., 3637., 3622., 3636., 15718., 957264, 20221122111500)
 (3636., 3639., 3630., 3636., 18998., 957595, 20221122113000)
 (3636., 3636., 3621., 3623., 13909., 959544, 20221122134500)
 (3624., 3632., 3615., 3616., 11785., 960663, 20221122140000)
 (3616., 3623., 3610., 3614., 10878., 963143, 20221122141500)
 (3614., 3617., 3604., 3609., 15765., 964456, 20221122143000)
 (3610., 3611., 3595., 3599., 30506., 971035, 20221122144500)
 (3600., 3611., 3597., 3601., 18805., 972697, 20221122150000)]
2022-11-23 15:30:00  INFO  [(3602., 3604., 3586., 3596., 34422.,  980281, 20221122211500)
 (3596., 3611., 3595., 3610., 17259.,  981896, 20221122213000)
 (3611., 3612., 3602., 3607., 12493.,  984031, 20221122214500)
 (3607., 3620., 3597., 3618., 23986.,  981095, 20221122220000)
 (3619., 3627., 3614., 3618., 24128.,  980102, 20221122221500)
 (3617., 3626., 3617., 3626.,  7553.,  981212, 20221122223000)
 (3626., 3628., 3616., 3622.,  7725.,  982075, 20221122224500)
 (3622., 3622., 3617., 3617.,  4411.,  982763, 20221122230000)
 (3620., 3620., 3602., 3604., 25867.,  984385, 20221123091500)
 (3604., 3612., 3603., 3608.,  6485.,  985762, 20221123093000)
 (3608., 3615., 3606., 3609.,  8257.,  988158, 20221123094500)
 (3609., 3614., 3604., 3610.,  9259.,  990822, 20221123100000)
 (3610., 3613., 3604., 3612., 11546.,  994017, 20221123101500)
 (3610., 3611., 3592., 3593., 18522.,  996885, 20221123104500)
 (3594., 3599., 3581., 3595., 33914.,  998960, 20221123110000)
 (3595., 3605., 3592., 3597., 22163., 1005019, 20221123111500)
 (3596., 3606., 3591., 3592., 20216., 1006904, 20221123113000)
 (3599., 3610., 3592., 3610., 24876., 1005436, 20221123134500)
 (3609., 3620., 3606., 3611., 30013., 1015251, 20221123140000)
 (3612., 3613., 3606., 3611., 11098., 1015454, 20221123141500)
 (3611., 3624., 3610., 3623., 20768., 1016580, 20221123143000)
 (3624., 3625., 3615., 3618., 17077., 1015642, 20221123144500)
 (3618., 3620., 3611., 3618., 12387., 1014355, 20221123150000)]
2022-11-24 15:30:00  INFO  [(3620., 3622., 3603., 3613., 48133., 1017429, 20221123211500)
 (3613., 3618., 3610., 3616., 12976., 1020818, 20221123213000)
 (3616., 3620., 3614., 3615.,  9997., 1022323, 20221123214500)
 (3616., 3617., 3611., 3613.,  8305., 1024165, 20221123220000)
 (3612., 3620., 3610., 3618., 11832., 1027517, 20221123221500)
 (3618., 3631., 3617., 3631., 16708., 1026499, 20221123223000)
 (3630., 3656., 3630., 3644., 47140., 1030242, 20221123224500)
 (3643., 3648., 3628., 3637., 31190., 1033622, 20221123230000)
 (3636., 3658., 3636., 3656., 40348., 1045314, 20221124091500)
 (3655., 3662., 3648., 3658., 27903., 1053068, 20221124093000)
 (3658., 3660., 3645., 3646., 13085., 1054427, 20221124094500)
 (3646., 3649., 3640., 3642., 15008., 1056951, 20221124100000)
 (3640., 3648., 3638., 3641., 12730., 1060891, 20221124101500)
 (3640., 3647., 3639., 3646.,  8310., 1061772, 20221124104500)
 (3646., 3651., 3642., 3649., 11401., 1061679, 20221124110000)
 (3649., 3651., 3638., 3641., 12790., 1063606, 20221124111500)
 (3642., 3644., 3629., 3634., 20183., 1066731, 20221124113000)
 (3630., 3638., 3621., 3628., 31953., 1073968, 20221124134500)
 (3626., 3638., 3621., 3635., 18833., 1077723, 20221124140000)
 (3636., 3640., 3628., 3637., 12829., 1081485, 20221124141500)
 (3636., 3643., 3634., 3641., 15785., 1081831, 20221124143000)
 (3641., 3643., 3635., 3639., 21078., 1077587, 20221124144500)
 (3639., 3641., 3630., 3632., 23392., 1077671, 20221124150000)]
2022-11-25 15:30:00  INFO  [(3630., 3636., 3613., 3614., 40613., 1081715, 20221124211500)
 (3613., 3621., 3609., 3614., 20603., 1084655, 20221124213000)
 (3613., 3621., 3613., 3618., 13265., 1087140, 20221124214500)
 (3618., 3622., 3613., 3618., 12216., 1087971, 20221124220000)
 (3619., 3622., 3610., 3613., 10951., 1089965, 20221124221500)
 (3612., 3617., 3611., 3612., 10361., 1090371, 20221124223000)
 (3612., 3622., 3611., 3621.,  8032., 1090190, 20221124224500)
 (3621., 3631., 3620., 3629., 17010., 1089400, 20221124230000)
 (3629., 3639., 3628., 3637., 21122., 1092629, 20221125091500)
 (3636., 3641., 3631., 3635., 14778., 1095382, 20221125093000)
 (3636., 3637., 3628., 3631., 10711., 1096480, 20221125094500)
 (3630., 3649., 3629., 3649., 25451., 1100238, 20221125100000)
 (3648., 3650., 3641., 3645., 19793., 1103903, 20221125101500)
 (3645., 3652., 3642., 3646., 15408., 1103399, 20221125104500)
 (3647., 3649., 3639., 3641.,  7952., 1103000, 20221125110000)
 (3642., 3644., 3634., 3636.,  9726., 1103404, 20221125111500)
 (3635., 3646., 3634., 3645.,  7197., 1102177, 20221125113000)
 (3647., 3658., 3645., 3654., 25621., 1107534, 20221125134500)
 (3654., 3660., 3650., 3657., 21278., 1108803, 20221125140000)
 (3656., 3659., 3653., 3657., 12008., 1108292, 20221125141500)
 (3658., 3658., 3646., 3652., 15258., 1108687, 20221125143000)
 (3653., 3670., 3648., 3670., 22841., 1112966, 20221125144500)
 (3668., 3685., 3664., 3684., 53110., 1113416, 20221125150000)]
2022-11-28 15:30:00  INFO  [(3690., 3700., 3680., 3695., 62961., 1115402, 20221125211500)
 (3695., 3695., 3673., 3676., 30510., 1117683, 20221125213000)
 (3676., 3690., 3675., 3681., 16084., 1119632, 20221125214500)
 (3680., 3688., 3680., 3685.,  9762., 1119758, 20221125220000)
 (3685., 3692., 3682., 3687., 13473., 1121097, 20221125221500)
 (3688., 3690., 3679., 3682.,  9878., 1122384, 20221125223000)
 (3681., 3684., 3677., 3683., 10047., 1124215, 20221125224500)
 (3682., 3700., 3680., 3695., 22450., 1119639, 20221125230000)
 (3670., 3679., 3656., 3676., 82620., 1124972, 20221128091500)
 (3674., 3676., 3654., 3655., 26968., 1127910, 20221128093000)
 (3656., 3664., 3644., 3648., 35081., 1129111, 20221128094500)
 (3649., 3662., 3647., 3658., 21570., 1131660, 20221128100000)
 (3658., 3665., 3655., 3659., 17784., 1136154, 20221128101500)
 (3660., 3684., 3660., 3678., 27121., 1136915, 20221128104500)
 (3678., 3679., 3668., 3673., 14620., 1139025, 20221128110000)
 (3675., 3679., 3670., 3675.,  8177., 1141145, 20221128111500)
 (3675., 3681., 3671., 3673., 13853., 1140342, 20221128113000)
 (3670., 3670., 3660., 3662., 27041., 1149354, 20221128134500)
 (3663., 3664., 3653., 3664., 24110., 1153904, 20221128140000)
 (3664., 3666., 3657., 3666., 19051., 1159443, 20221128141500)
 (3665., 3676., 3662., 3676., 18773., 1157144, 20221128143000)
 (3675., 3680., 3673., 3674., 17217., 1155497, 20221128144500)
 (3675., 3684., 3674., 3681., 25814., 1151973, 20221128150000)]
2022-11-29 15:30:00  INFO  [(3696., 3725., 3689., 3725., 101562., 1180641, 20221128211500)
 (3725., 3730., 3716., 3717.,  44855., 1189954, 20221128213000)
 (3718., 3725., 3715., 3725.,  17866., 1194522, 20221128214500)
 (3725., 3730., 3721., 3725.,  22343., 1201684, 20221128220000)
 (3726., 3733., 3722., 3729.,  16774., 1204555, 20221128221500)
 (3729., 3734., 3718., 3732.,  21412., 1203452, 20221128223000)
 (3732., 3741., 3725., 3738.,  26673., 1206165, 20221128224500)
 (3739., 3745., 3732., 3737.,  20175., 1207742, 20221128230000)
 (3736., 3768., 3736., 3767.,  75437., 1214200, 20221129091500)
 (3766., 3767., 3753., 3757.,  29206., 1221508, 20221129093000)
 (3757., 3760., 3745., 3746.,  32630., 1226607, 20221129094500)
 (3747., 3749., 3735., 3741.,  38873., 1237013, 20221129100000)
 (3741., 3752., 3736., 3749.,  32929., 1246451, 20221129101500)
 (3749., 3752., 3738., 3738.,  26012., 1254378, 20221129104500)
 (3738., 3742., 3719., 3722.,  57927., 1264332, 20221129110000)
 (3723., 3728., 3716., 3723.,  39995., 1270592, 20221129111500)
 (3722., 3743., 3718., 3742.,  33876., 1279260, 20221129113000)
 (3745., 3750., 3736., 3743.,  50381., 1292675, 20221129134500)
 (3743., 3751., 3734., 3735.,  41143., 1299446, 20221129140000)
 (3735., 3746., 3732., 3732.,  19027., 1302454, 20221129141500)
 (3733., 3738., 3730., 3734.,  22756., 1304620, 20221129143000)
 (3734., 3745., 3733., 3742.,  18107., 1309501, 20221129144500)
 (3743., 3743., 3728., 3729.,  31225., 1307428, 20221129150000)]
2022-11-30 15:30:00  INFO  [(3720., 3729., 3712., 3718., 86742., 1322359, 20221129211500)
 (3718., 3720., 3710., 3714., 47525., 1336450, 20221129213000)
 (3714., 3732., 3712., 3724., 35497., 1341838, 20221129214500)
 (3725., 3736., 3725., 3728., 34141., 1350321, 20221129220000)
 (3728., 3732., 3722., 3728., 17124., 1351632, 20221129221500)
 (3729., 3735., 3727., 3733., 16608., 1355797, 20221129223000)
 (3732., 3741., 3731., 3734., 25352., 1358537, 20221129224500)
 (3734., 3736., 3730., 3735., 12805., 1360009, 20221129230000)
 (3736., 3750., 3732., 3734., 50674., 1375800, 20221130091500)
 (3735., 3741., 3730., 3734., 50187., 1396117, 20221130093000)
 (3733., 3740., 3730., 3731., 37104., 1400665, 20221130094500)
 (3731., 3741., 3731., 3731., 20444., 1402857, 20221130100000)
 (3732., 3737., 3726., 3736., 19053., 1403562, 20221130101500)
 (3737., 3738., 3730., 3732., 12363., 1406707, 20221130104500)
 (3732., 3736., 3730., 3734.,  7726., 1408403, 20221130110000)
 (3733., 3736., 3730., 3734.,  7437., 1410100, 20221130111500)
 (3734., 3738., 3730., 3734., 13619., 1412396, 20221130113000)
 (3732., 3732., 3710., 3711., 52510., 1421540, 20221130134500)
 (3711., 3713., 3695., 3696., 59552., 1428526, 20221130140000)
 (3695., 3708., 3691., 3692., 44204., 1433817, 20221130141500)
 (3691., 3705., 3691., 3700., 24179., 1433492, 20221130143000)
 (3700., 3717., 3700., 3716., 32042., 1434843, 20221130144500)
 (3716., 3720., 3708., 3719., 28659., 1433714, 20221130150000)]
2022-12-01 15:30:00  INFO  [(3739., 3751., 3726., 3750., 135671., 1440044, 20221130211500)
 (3749., 3761., 3744., 3745.,  68817., 1444803, 20221130213000)
 (3745., 3748., 3739., 3744.,  27163., 1446858, 20221130214500)
 (3744., 3748., 3739., 3745.,  14989., 1448198, 20221130220000)
 (3745., 3750., 3744., 3745.,  14713., 1449981, 20221130221500)
 (3745., 3749., 3742., 3748.,   9974., 1450623, 20221130223000)
 (3748., 3757., 3746., 3750.,  24809., 1454229, 20221130224500)
 (3750., 3753., 3737., 3747.,  28951., 1449999, 20221130230000)
 (3765., 3766., 3752., 3760.,  73455., 1462499, 20221201091500)
 (3760., 3765., 3749., 3755.,  36990., 1473347, 20221201093000)
 (3754., 3756., 3743., 3751.,  32671., 1475663, 20221201094500)
 (3751., 3751., 3742., 3744.,  17424., 1477513, 20221201100000)
 (3744., 3747., 3729., 3732.,  42860., 1479639, 20221201101500)
 (3732., 3732., 3720., 3726.,  53114., 1485481, 20221201104500)
 (3728., 3734., 3723., 3726.,  23202., 1490510, 20221201110000)
 (3726., 3728., 3721., 3722.,  22556., 1492176, 20221201111500)
 (3723., 3724., 3711., 3713.,  42009., 1491713, 20221201113000)
 (3711., 3733., 3708., 3728.,  50865., 1492529, 20221201134500)
 (3728., 3738., 3725., 3738.,  26376., 1495246, 20221201140000)
 (3738., 3743., 3729., 3734.,  37054., 1495723, 20221201141500)
 (3734., 3739., 3732., 3737.,  17749., 1497046, 20221201143000)
 (3738., 3739., 3730., 3739.,  20169., 1499372, 20221201144500)
 (3740., 3740., 3726., 3733.,  40926., 1494811, 20221201150000)]
2022-12-02 15:30:00  INFO  [(3742., 3745., 3726., 3739., 108426., 1516562, 20221201211500)
 (3739., 3747., 3734., 3736.,  45986., 1521995, 20221201213000)
 (3736., 3743., 3733., 3741.,  24058., 1525694, 20221201214500)
 (3742., 3745., 3728., 3732.,  47814., 1532624, 20221201220000)
 (3732., 3738., 3731., 3735.,  20735., 1535376, 20221201221500)
 (3735., 3745., 3734., 3740.,  31104., 1532928, 20221201223000)
 (3741., 3742., 3732., 3740.,  23529., 1535394, 20221201224500)
 (3739., 3747., 3736., 3739.,  36834., 1536378, 20221201230000)
 (3735., 3739., 3730., 3730.,  39845., 1541326, 20221202091500)
 (3731., 3739., 3731., 3736.,  18968., 1542035, 20221202093000)
 (3735., 3745., 3735., 3744.,  28939., 1543649, 20221202094500)
 (3743., 3783., 3742., 3781., 168157., 1579844, 20221202100000)
 (3781., 3794., 3778., 3785., 137397., 1597988, 20221202101500)
 (3785., 3791., 3781., 3788.,  69621., 1611077, 20221202104500)
 (3788., 3796., 3785., 3793.,  49378., 1623923, 20221202110000)
 (3792., 3799., 3790., 3794.,  59188., 1635838, 20221202111500)
 (3794., 3802., 3790., 3794.,  58858., 1644626, 20221202113000)
 (3794., 3806., 3789., 3804.,  57804., 1654479, 20221202134500)
 (3805., 3811., 3800., 3809.,  57495., 1667204, 20221202140000)
 (3809., 3818., 3799., 3803.,  89555., 1675042, 20221202141500)
 (3804., 3804., 3793., 3800.,  47180., 1677388, 20221202143000)
 (3800., 3805., 3796., 3801.,  31261., 1677422, 20221202144500)
 (3802., 3817., 3801., 3808.,  74535., 1679372, 20221202150000)]
2022-12-05 15:30:00  INFO  [(3805., 3822., 3801., 3811., 164509., 1684383, 20221202211500)
 (3811., 3820., 3810., 3812.,  52355., 1688985, 20221202213000)
 (3811., 3815., 3799., 3812.,  68588., 1695776, 20221202214500)
 (3812., 3814., 3803., 3807.,  36274., 1701004, 20221202220000)
 (3808., 3808., 3795., 3802.,  53497., 1701478, 20221202221500)
 (3802., 3814., 3801., 3813.,  29892., 1704638, 20221202223000)
 (3812., 3827., 3812., 3825.,  61896., 1712698, 20221202224500)
 (3825., 3840., 3822., 3838.,  81875., 1717536, 20221202230000)
 (3862., 3890., 3857., 3876., 260657., 1723936, 20221205091500)
 (3875., 3876., 3850., 3867.,  95594., 1717370, 20221205093000)
 (3866., 3867., 3852., 3853.,  45178., 1715764, 20221205094500)
 (3854., 3861., 3848., 3851.,  37921., 1716582, 20221205100000)
 (3851., 3858., 3844., 3851.,  63919., 1720774, 20221205101500)
 (3850., 3853., 3838., 3839.,  69239., 1714919, 20221205104500)
 (3839., 3849., 3832., 3846.,  75239., 1709424, 20221205110000)
 (3846., 3847., 3840., 3842.,  21193., 1708601, 20221205111500)
 (3843., 3847., 3828., 3835.,  47772., 1706693, 20221205113000)
 (3834., 3847., 3834., 3838.,  47961., 1711732, 20221205134500)
 (3838., 3839., 3811., 3813., 118392., 1719600, 20221205140000)
 (3812., 3816., 3803., 3808., 105113., 1729725, 20221205141500)
 (3808., 3820., 3806., 3814.,  50902., 1730084, 20221205143000)
 (3814., 3816., 3798., 3799.,  57590., 1731204, 20221205144500)
 (3798., 3810., 3790., 3804.,  89881., 1723182, 20221205150000)]
2022-12-06 15:30:00  INFO  [(3799., 3817., 3791., 3798., 174512., 1735514, 20221205211500)
 (3798., 3810., 3797., 3808.,  51434., 1734747, 20221205213000)
 (3808., 3808., 3789., 3797.,  52183., 1734887, 20221205214500)
 (3796., 3802., 3793., 3794.,  26454., 1733573, 20221205220000)
 (3793., 3794., 3780., 3784.,  72060., 1733399, 20221205221500)
 (3784., 3804., 3783., 3803.,  50018., 1729555, 20221205223000)
 (3803., 3810., 3799., 3809.,  43875., 1728969, 20221205224500)
 (3810., 3812., 3798., 3800.,  43978., 1729311, 20221205230000)
 (3788., 3806., 3786., 3803.,  87844., 1728989, 20221206091500)
 (3804., 3812., 3801., 3808.,  47246., 1730665, 20221206093000)
 (3807., 3817., 3807., 3813.,  46298., 1736982, 20221206094500)
 (3813., 3816., 3801., 3803.,  37634., 1737653, 20221206100000)
 (3803., 3825., 3803., 3823.,  52522., 1739641, 20221206101500)
 (3823., 3825., 3808., 3811.,  35383., 1741342, 20221206104500)
 (3811., 3815., 3802., 3804.,  32800., 1740231, 20221206110000)
 (3805., 3810., 3799., 3808.,  38044., 1743615, 20221206111500)
 (3808., 3812., 3793., 3796.,  57473., 1742662, 20221206113000)
 (3796., 3809., 3794., 3806.,  48166., 1747490, 20221206134500)
 (3807., 3814., 3803., 3814.,  33194., 1749661, 20221206140000)
 (3814., 3816., 3801., 3804.,  46391., 1755218, 20221206141500)
 (3804., 3807., 3799., 3805.,  27557., 1757925, 20221206143000)
 (3806., 3811., 3802., 3807.,  39125., 1760640, 20221206144500)
 (3808., 3809., 3801., 3808.,  44992., 1753871, 20221206150000)]
2022-12-07 15:30:00  INFO  [(3803., 3815., 3801., 3813., 100915., 1753953, 20221206211500)
 (3813., 3820., 3809., 3819.,  48044., 1755378, 20221206213000)
 (3819., 3822., 3806., 3810.,  55310., 1755109, 20221206214500)
 (3810., 3816., 3807., 3815.,  30452., 1753104, 20221206220000)
 (3815., 3828., 3813., 3826.,  56175., 1753358, 20221206221500)
 (3826., 3828., 3822., 3826.,  33862., 1755439, 20221206223000)
 (3826., 3836., 3823., 3832.,  56282., 1756240, 20221206224500)
 (3831., 3836., 3824., 3829.,  43903., 1751807, 20221206230000)
 (3820., 3829., 3820., 3822.,  69486., 1753531, 20221207091500)
 (3823., 3824., 3803., 3803.,  77632., 1750399, 20221207093000)
 (3803., 3812., 3803., 3809.,  57546., 1752616, 20221207094500)
 (3810., 3818., 3807., 3814.,  31713., 1750954, 20221207100000)
 (3815., 3818., 3811., 3815.,  25793., 1747862, 20221207101500)
 (3816., 3821., 3809., 3813.,  46100., 1750051, 20221207104500)
 (3814., 3833., 3812., 3829.,  86209., 1754511, 20221207110000)
 (3828., 3829., 3803., 3804.,  97222., 1760529, 20221207111500)
 (3805., 3813., 3804., 3811.,  49277., 1761057, 20221207113000)
 (3818., 3838., 3810., 3812., 156221., 1759700, 20221207134500)
 (3812., 3817., 3791., 3794., 117318., 1767859, 20221207140000)
 (3795., 3799., 3781., 3786., 117304., 1771130, 20221207141500)
 (3786., 3797., 3784., 3787.,  55506., 1770819, 20221207143000)
 (3787., 3789., 3772., 3780., 101771., 1767657, 20221207144500)
 (3780., 3795., 3779., 3782.,  62034., 1761581, 20221207150000)]
2022-12-08 15:30:00  INFO  [(3781., 3796., 3779., 3790., 98341., 1757827, 20221207211500)
 (3791., 3801., 3788., 3799., 59323., 1755565, 20221207213000)
 (3800., 3800., 3787., 3790., 39889., 1754295, 20221207214500)
 (3789., 3793., 3784., 3789., 26995., 1753891, 20221207220000)
 (3788., 3793., 3781., 3785., 27880., 1754571, 20221207221500)
 (3785., 3794., 3784., 3791., 25458., 1751986, 20221207223000)
 (3792., 3806., 3789., 3804., 63966., 1749186, 20221207224500)
 (3803., 3810., 3798., 3810., 47888., 1742264, 20221207230000)
 (3804., 3821., 3804., 3817., 87986., 1743422, 20221208091500)
 (3817., 3819., 3807., 3814., 44424., 1742395, 20221208093000)
 (3813., 3817., 3810., 3814., 22691., 1742894, 20221208094500)
 (3814., 3820., 3813., 3819., 28328., 1746315, 20221208100000)
 (3819., 3820., 3810., 3816., 33384., 1745632, 20221208101500)
 (3814., 3822., 3811., 3814., 34863., 1748069, 20221208104500)
 (3814., 3828., 3814., 3827., 54670., 1752047, 20221208110000)
 (3827., 3835., 3823., 3830., 77651., 1752675, 20221208111500)
 (3830., 3834., 3818., 3821., 59461., 1744575, 20221208113000)
 (3819., 3835., 3815., 3827., 79196., 1748970, 20221208134500)
 (3827., 3833., 3822., 3830., 29130., 1752183, 20221208140000)
 (3829., 3831., 3821., 3830., 32906., 1750396, 20221208141500)
 (3830., 3843., 3828., 3842., 52754., 1754929, 20221208143000)
 (3842., 3845., 3827., 3844., 70671., 1762125, 20221208144500)
 (3843., 3849., 3838., 3839., 78765., 1757505, 20221208150000)]
2022-12-09 15:30:00  INFO  [(3850., 3881., 3850., 3870., 199430., 1774020, 20221208211500)
 (3870., 3880., 3870., 3877.,  63233., 1787618, 20221208213000)
 (3877., 3882., 3872., 3877.,  46192., 1793683, 20221208214500)
 (3878., 3888., 3871., 3884.,  63332., 1803781, 20221208220000)
 (3884., 3886., 3865., 3871.,  80848., 1797327, 20221208221500)
 (3871., 3882., 3869., 3881.,  42079., 1797899, 20221208223000)
 (3880., 3890., 3878., 3881.,  67065., 1805181, 20221208224500)
 (3881., 3893., 3879., 3882.,  64832., 1805359, 20221208230000)
 (3882., 3883., 3874., 3881.,  57984., 1806787, 20221209091500)
 (3882., 3895., 3879., 3892.,  47595., 1815020, 20221209093000)
 (3892., 3898., 3885., 3896.,  51240., 1820979, 20221209094500)
 (3896., 3915., 3893., 3913.,  92588., 1826895, 20221209100000)
 (3914., 3927., 3910., 3914., 132897., 1834098, 20221209101500)
 (3912., 3926., 3911., 3922.,  66020., 1836585, 20221209104500)
 (3922., 3928., 3920., 3926.,  44950., 1842638, 20221209110000)
 (3926., 3935., 3918., 3923.,  83613., 1842608, 20221209111500)
 (3924., 3929., 3916., 3921.,  46383., 1842435, 20221209113000)
 (3919., 3948., 3916., 3944., 130974., 1868918, 20221209134500)
 (3944., 3956., 3941., 3949., 138839., 1893444, 20221209140000)
 (3949., 3960., 3942., 3952., 110433., 1905271, 20221209141500)
 (3952., 3953., 3923., 3924., 145704., 1878489, 20221209143000)
 (3924., 3940., 3920., 3936.,  84736., 1872393, 20221209144500)
 (3935., 3947., 3928., 3945.,  81608., 1868420, 20221209150000)]
2022-12-12 15:30:00  INFO  [(3945., 3955., 3937., 3941., 116704., 1872569, 20221209211500)
 (3941., 3956., 3939., 3944.,  66729., 1872427, 20221209213000)
 (3944., 3953., 3934., 3953.,  62363., 1869780, 20221209214500)
 (3952., 3961., 3950., 3956.,  70368., 1877666, 20221209220000)
 (3956., 3967., 3956., 3958.,  48130., 1877925, 20221209221500)
 (3958., 3983., 3957., 3980., 107725., 1901366, 20221209223000)
 (3980., 3991., 3976., 3986.,  95333., 1911464, 20221209224500)
 (3985., 3987., 3972., 3980.,  58669., 1899950, 20221209230000)
 (3971., 3972., 3932., 3943., 210018., 1872363, 20221212091500)
 (3943., 3957., 3942., 3949.,  75671., 1865816, 20221212093000)
 (3949., 3958., 3942., 3942.,  56864., 1863452, 20221212094500)
 (3942., 3946., 3934., 3939.,  55368., 1866766, 20221212100000)
 (3940., 3951., 3937., 3945.,  43474., 1867898, 20221212101500)
 (3945., 3948., 3938., 3942.,  26115., 1867953, 20221212104500)
 (3941., 3942., 3919., 3923., 104272., 1871708, 20221212110000)
 (3924., 3932., 3917., 3922.,  55663., 1868725, 20221212111500)
 (3922., 3944., 3921., 3938.,  67005., 1866701, 20221212113000)
 (3936., 3945., 3936., 3938.,  42374., 1868386, 20221212134500)
 (3939., 3940., 3930., 3933.,  22547., 1868111, 20221212140000)
 (3933., 3942., 3930., 3936.,  22545., 1870663, 20221212141500)
 (3937., 3944., 3930., 3932.,  45320., 1873421, 20221212143000)
 (3932., 3939., 3926., 3933.,  35538., 1868196, 20221212144500)
 (3932., 3941., 3929., 3935.,  56101., 1857069, 20221212150000)]
2022-12-13 15:30:00  INFO  [(3935., 3944., 3919., 3943., 125193., 1861594, 20221212211500)
 (3942., 3954., 3939., 3951.,  66495., 1865951, 20221212213000)
 (3951., 3959., 3947., 3950.,  58106., 1867069, 20221212214500)
 (3950., 3953., 3935., 3938.,  57697., 1865125, 20221212220000)
 (3938., 3947., 3936., 3945.,  33496., 1864940, 20221212221500)
 (3945., 3946., 3941., 3942.,  19799., 1863523, 20221212223000)
 (3942., 3945., 3929., 3935.,  42618., 1859926, 20221212224500)
 (3935., 3942., 3931., 3933.,  37651., 1854084, 20221212230000)
 (3934., 3944., 3924., 3942.,  74385., 1858353, 20221213091500)
 (3941., 3944., 3931., 3933.,  26578., 1860132, 20221213093000)
 (3933., 3937., 3918., 3925.,  58176., 1861287, 20221213094500)
 (3926., 3928., 3912., 3924.,  59683., 1853974, 20221213100000)
 (3925., 3931., 3922., 3926.,  26904., 1853454, 20221213101500)
 (3927., 3935., 3924., 3931.,  33188., 1853944, 20221213104500)
 (3930., 3932., 3915., 3917.,  30491., 1856956, 20221213110000)
 (3918., 3925., 3908., 3921.,  72729., 1851920, 20221213111500)
 (3921., 3922., 3910., 3913.,  36745., 1849483, 20221213113000)
 (3915., 3930., 3913., 3926.,  58426., 1851289, 20221213134500)
 (3926., 3930., 3914., 3922.,  46951., 1849854, 20221213140000)
 (3922., 3922., 3906., 3914.,  50940., 1853452, 20221213141500)
 (3914., 3918., 3910., 3911.,  25380., 1850804, 20221213143000)
 (3910., 3929., 3910., 3929.,  52708., 1850876, 20221213144500)
 (3929., 3938., 3924., 3937.,  76841., 1848719, 20221213150000)]
2022-12-14 15:30:00  INFO  [(3933., 3945., 3929., 3943., 105211., 1850589, 20221213211500)
 (3943., 3954., 3939., 3953.,  70313., 1856453, 20221213213000)
 (3952., 3969., 3937., 3968., 162910., 1867794, 20221213214500)
 (3968., 3968., 3955., 3959.,  61906., 1867857, 20221213220000)
 (3960., 3963., 3952., 3956.,  47025., 1864971, 20221213221500)
 (3956., 3956., 3923., 3928., 127882., 1849979, 20221213223000)
 (3928., 3942., 3926., 3940.,  57231., 1849912, 20221213224500)
 (3941., 3951., 3937., 3940.,  62646., 1844926, 20221213230000)
 (3935., 3939., 3927., 3930.,  56598., 1847583, 20221214091500)
 (3929., 3938., 3929., 3934.,  19782., 1848193, 20221214093000)
 (3935., 3943., 3930., 3932.,  30080., 1850313, 20221214094500)
 (3932., 3935., 3925., 3930.,  41762., 1849967, 20221214100000)
 (3929., 3936., 3925., 3930.,  25178., 1851949, 20221214101500)
 (3930., 3942., 3927., 3939.,  33461., 1853857, 20221214104500)
 (3939., 3942., 3932., 3942.,  22516., 1854776, 20221214110000)
 (3941., 3942., 3931., 3933.,  22164., 1854153, 20221214111500)
 (3932., 3953., 3931., 3950.,  59192., 1859379, 20221214113000)
 (3957., 3972., 3954., 3956., 124962., 1876165, 20221214134500)
 (3957., 3965., 3955., 3960.,  43444., 1877410, 20221214140000)
 (3959., 3987., 3957., 3982., 105622., 1897698, 20221214141500)
 (3981., 3989., 3976., 3984.,  86940., 1906597, 20221214143000)
 (3984., 3990., 3975., 3975.,  59109., 1909900, 20221214144500)
 (3975., 3990., 3975., 3986.,  74110., 1910944, 20221214150000)]
2022-12-15 15:30:00  INFO  [(3993., 4018., 3988., 4017., 202605., 1941130, 20221214211500)
 (4017., 4034., 4017., 4025., 141417., 1963892, 20221214213000)
 (4025., 4036., 4023., 4027.,  82940., 1976837, 20221214214500)
 (4027., 4039., 4024., 4027.,  70871., 1983399, 20221214220000)
 (4027., 4030., 4020., 4020.,  74553., 1985747, 20221214221500)
 (4020., 4030., 4019., 4028.,  47427., 1987335, 20221214223000)
 (4028., 4043., 4025., 4041.,  61239., 1988184, 20221214224500)
 (4041., 4045., 4032., 4037.,  75541., 1986233, 20221214230000)
 (4038., 4040., 4024., 4037., 115746., 1991429, 20221215091500)
 (4038., 4047., 4031., 4043.,  58265., 1993233, 20221215093000)
 (4044., 4044., 4024., 4031.,  58402., 1991275, 20221215094500)
 (4031., 4032., 4013., 4013.,  83539., 1984784, 20221215100000)
 (4013., 4021., 4006., 4013.,  86865., 1976483, 20221215101500)
 (4011., 4024., 4009., 4017.,  50452., 1973099, 20221215104500)
 (4017., 4031., 4016., 4021.,  41966., 1972500, 20221215110000)
 (4021., 4022., 4000., 4015.,  89701., 1971952, 20221215111500)
 (4014., 4020., 4011., 4017.,  36739., 1971974, 20221215113000)
 (4022., 4035., 4017., 4034.,  79834., 1976386, 20221215134500)
 (4034., 4042., 4027., 4041.,  63435., 1983308, 20221215140000)
 (4042., 4048., 4036., 4044.,  61644., 1985993, 20221215141500)
 (4044., 4064., 4043., 4063., 101213., 1992759, 20221215143000)
 (4063., 4078., 4060., 4078., 121851., 2001412, 20221215144500)
 (4077., 4085., 4067., 4084., 126548., 2002134, 20221215150000)]
2022-12-16 15:30:00  INFO  [(4083., 4113., 4079., 4109., 229537., 2005859, 20221215211500)
 (4109., 4120., 4102., 4113., 133477., 1999787, 20221215213000)
 (4112., 4123., 4108., 4111.,  89101., 2004188, 20221215214500)
 (4111., 4131., 4111., 4129.,  81251., 2007859, 20221215220000)
 (4128., 4148., 4125., 4141., 134951., 2015130, 20221215221500)
 (4141., 4149., 4135., 4146.,  77313., 2014501, 20221215223000)
 (4146., 4147., 4123., 4128.,  78140., 2008088, 20221215224500)
 (4127., 4145., 4126., 4135.,  86649., 1994338, 20221215230000)
 (4125., 4125., 4056., 4078., 372136., 1939763, 20221216091500)
 (4078., 4088., 4071., 4081.,  75512., 1943607, 20221216093000)
 (4080., 4086., 4066., 4069.,  54153., 1940080, 20221216094500)
 (4069., 4072., 4060., 4066.,  65820., 1936318, 20221216100000)
 (4066., 4076., 4055., 4067.,  66399., 1931973, 20221216101500)
 (4067., 4076., 4060., 4068.,  55089., 1927246, 20221216104500)
 (4068., 4070., 4053., 4057.,  54540., 1928699, 20221216110000)
 (4057., 4059., 4025., 4031., 164896., 1917463, 20221216111500)
 (4032., 4038., 3983., 3987., 224000., 1894009, 20221216113000)
 (3984., 4013., 3972., 4006., 232094., 1889300, 20221216134500)
 (4006., 4016., 4003., 4012.,  85491., 1892851, 20221216140000)
 (4011., 4037., 4008., 4031., 144398., 1909657, 20221216141500)
 (4032., 4037., 4025., 4029.,  68618., 1911099, 20221216143000)
 (4029., 4029., 4014., 4027.,  73503., 1912600, 20221216144500)
 (4028., 4052., 4026., 4049., 118735., 1898413, 20221216150000)]
2022-12-19 15:30:00  INFO  [(4041., 4044., 4004., 4006., 231221., 1888920, 20221216211500)
 (4007., 4014., 3984., 3998., 164143., 1882019, 20221216213000)
 (3997., 3999., 3955., 3966., 204297., 1872166, 20221216214500)
 (3966., 3973., 3944., 3946., 163452., 1871248, 20221216220000)
 (3946., 3952., 3933., 3939., 154116., 1873599, 20221216221500)
 (3939., 3971., 3938., 3957., 150481., 1867840, 20221216223000)
 (3957., 3967., 3952., 3958.,  64314., 1871347, 20221216224500)
 (3958., 3961., 3946., 3952.,  77370., 1859257, 20221216230000)
 (3972., 3974., 3949., 3969., 169516., 1870046, 20221219091500)
 (3968., 3988., 3967., 3984.,  99860., 1879212, 20221219093000)
 (3983., 3996., 3980., 3986.,  74709., 1883143, 20221219094500)
 (3986., 3988., 3967., 3977.,  63467., 1881941, 20221219100000)
 (3977., 3994., 3970., 3985.,  55058., 1881762, 20221219101500)
 (3982., 3987., 3955., 3955.,  88088., 1880754, 20221219104500)
 (3956., 3960., 3940., 3946.,  87792., 1875734, 20221219110000)
 (3945., 3970., 3944., 3958.,  74300., 1870308, 20221219111500)
 (3957., 3959., 3948., 3954.,  47695., 1871362, 20221219113000)
 (3950., 3960., 3942., 3947.,  80277., 1873945, 20221219134500)
 (3948., 3963., 3947., 3955.,  34799., 1874247, 20221219140000)
 (3956., 3959., 3949., 3951.,  35387., 1869221, 20221219141500)
 (3952., 3954., 3925., 3930., 100845., 1862764, 20221219143000)
 (3930., 3931., 3915., 3923., 110750., 1858771, 20221219144500)
 (3923., 3932., 3920., 3927.,  79731., 1846442, 20221219150000)]
2022-12-20 15:30:00  INFO  [(3927., 3933., 3898., 3916., 219746., 1852924, 20221219211500)
 (3916., 3937., 3913., 3928., 107715., 1851084, 20221219213000)
 (3929., 3936., 3921., 3930.,  54407., 1856258, 20221219214500)
 (3930., 3932., 3921., 3922.,  40953., 1854482, 20221219220000)
 (3923., 3933., 3917., 3922.,  47450., 1853387, 20221219221500)
 (3924., 3926., 3912., 3915.,  39295., 1851391, 20221219223000)
 (3915., 3925., 3910., 3924.,  50644., 1846292, 20221219224500)
 (3925., 3928., 3918., 3925.,  34806., 1839679, 20221219230000)
 (3923., 3935., 3916., 3933.,  61732., 1841305, 20221220091500)
 (3934., 3948., 3932., 3936.,  73401., 1838984, 20221220093000)
 (3937., 3955., 3936., 3955.,  59132., 1840936, 20221220094500)
 (3954., 3964., 3948., 3961.,  67575., 1839119, 20221220100000)
 (3961., 3963., 3937., 3942.,  66569., 1833187, 20221220101500)
 (3943., 3957., 3938., 3944.,  43451., 1834254, 20221220104500)
 (3944., 3960., 3942., 3959.,  38507., 1834716, 20221220110000)
 (3958., 3960., 3943., 3946.,  33145., 1837889, 20221220111500)
 (3947., 3949., 3934., 3946.,  56053., 1835191, 20221220113000)
 (3935., 3935., 3911., 3923., 131675., 1825105, 20221220134500)
 (3924., 3926., 3912., 3916.,  49597., 1826648, 20221220140000)
 (3917., 3934., 3914., 3927.,  54593., 1827792, 20221220141500)
 (3928., 3934., 3920., 3932.,  39776., 1831780, 20221220143000)
 (3932., 3955., 3928., 3953.,  87269., 1830850, 20221220144500)
 (3954., 3954., 3935., 3939.,  67543., 1822179, 20221220150000)]
2022-12-21 15:30:00  INFO  [(3950., 3958., 3934., 3938., 117010., 1836025, 20221220211500)
 (3938., 3954., 3936., 3949.,  49232., 1842707, 20221220213000)
 (3948., 3952., 3937., 3938.,  39965., 1842106, 20221220214500)
 (3938., 3952., 3935., 3949.,  41640., 1840998, 20221220220000)
 (3949., 3954., 3941., 3944.,  32377., 1839806, 20221220221500)
 (3944., 3948., 3929., 3934.,  52463., 1842207, 20221220223000)
 (3933., 3943., 3933., 3942.,  29226., 1839894, 20221220224500)
 (3942., 3950., 3940., 3944.,  32608., 1835715, 20221220230000)
 (3943., 3954., 3937., 3954.,  61495., 1841056, 20221221091500)
 (3954., 3976., 3951., 3970., 111030., 1854065, 20221221093000)
 (3970., 3989., 3967., 3979., 106422., 1861395, 20221221094500)
 (3980., 3982., 3972., 3978.,  44848., 1859994, 20221221100000)
 (3980., 3987., 3968., 3987.,  47580., 1859684, 20221221101500)
 (3986., 3991., 3980., 3988.,  63010., 1863019, 20221221104500)
 (3988., 3995., 3980., 3987.,  58928., 1871636, 20221221110000)
 (3987., 3991., 3975., 3976.,  50187., 1868042, 20221221111500)
 (3977., 3985., 3972., 3973.,  39498., 1864725, 20221221113000)
 (3968., 3989., 3965., 3988.,  73122., 1866493, 20221221134500)
 (3989., 3992., 3983., 3990.,  45695., 1873277, 20221221140000)
 (3990., 3994., 3983., 3988.,  37857., 1878761, 20221221141500)
 (3989., 4012., 3984., 4010.,  98720., 1886600, 20221221143000)
 (4010., 4035., 4007., 4034., 148078., 1906616, 20221221144500)
 (4034., 4037., 4026., 4034., 108500., 1904049, 20221221150000)]
2022-12-22 15:30:00  INFO  [(4047., 4047., 4033., 4039., 155824., 1902592, 20221221211500)
 (4039., 4041., 4010., 4012., 115254., 1908509, 20221221213000)
 (4013., 4032., 4012., 4031.,  81574., 1912224, 20221221214500)
 (4031., 4040., 4030., 4039.,  45088., 1911781, 20221221220000)
 (4039., 4041., 4024., 4025.,  48111., 1908826, 20221221221500)
 (4025., 4027., 4018., 4024.,  41210., 1908005, 20221221223000)
 (4024., 4027., 4016., 4020.,  34555., 1905527, 20221221224500)
 (4021., 4024., 4015., 4017.,  39727., 1899597, 20221221230000)
 (4025., 4027., 4015., 4025.,  64523., 1900575, 20221222091500)
 (4025., 4026., 4007., 4014.,  60540., 1897543, 20221222093000)
 (4014., 4017., 3997., 4004.,  78331., 1895494, 20221222094500)
 (4004., 4011., 4001., 4010.,  32046., 1893133, 20221222100000)
 (4009., 4019., 3995., 4005.,  67722., 1893068, 20221222101500)
 (4005., 4010., 4000., 4007.,  26688., 1891978, 20221222104500)
 (4006., 4015., 3976., 3978., 145839., 1882241, 20221222110000)
 (3979., 3987., 3972., 3973., 100317., 1886314, 20221222111500)
 (3972., 3976., 3959., 3967., 124073., 1876091, 20221222113000)
 (3968., 3985., 3964., 3977.,  96548., 1876645, 20221222134500)
 (3976., 3981., 3973., 3977.,  29726., 1878131, 20221222140000)
 (3977., 3977., 3964., 3968.,  51560., 1875711, 20221222141500)
 (3969., 3977., 3965., 3972.,  47331., 1875618, 20221222143000)
 (3972., 3975., 3953., 3954.,  78600., 1870848, 20221222144500)
 (3954., 3961., 3950., 3961.,  90695., 1859635, 20221222150000)]
2022-12-23 15:30:00  INFO  [(3966., 3980., 3961., 3966., 150465., 1863445, 20221222211500)
 (3966., 3968., 3946., 3949.,  94843., 1869453, 20221222213000)
 (3949., 3953., 3940., 3946.,  67183., 1870279, 20221222214500)
 (3946., 3955., 3945., 3951.,  42938., 1869589, 20221222220000)
 (3951., 3964., 3950., 3956.,  57285., 1871312, 20221222221500)
 (3956., 3958., 3949., 3953.,  24549., 1869461, 20221222223000)
 (3952., 3954., 3939., 3942.,  51069., 1862257, 20221222224500)
 (3943., 3955., 3932., 3954.,  77663., 1848844, 20221222230000)
 (3949., 3972., 3947., 3963., 126327., 1867609, 20221223091500)
 (3963., 3976., 3960., 3975.,  61997., 1873891, 20221223093000)
 (3976., 3983., 3972., 3975.,  61889., 1879265, 20221223094500)
 (3976., 3989., 3970., 3988.,  54698., 1884078, 20221223100000)
 (3988., 4000., 3984., 3987., 105376., 1887790, 20221223101500)
 (3986., 4009., 3978., 4009.,  93801., 1891512, 20221223104500)
 (4009., 4016., 4000., 4005.,  96435., 1902316, 20221223110000)
 (4005., 4017., 4005., 4014.,  61266., 1908772, 20221223111500)
 (4014., 4015., 4002., 4008.,  51999., 1912895, 20221223113000)
 (4002., 4005., 3988., 3998.,  92387., 1909706, 20221223134500)
 (3998., 4000., 3987., 3992.,  37883., 1909388, 20221223140000)
 (3993., 4009., 3992., 4006.,  56384., 1912088, 20221223141500)
 (4006., 4011., 3985., 3986.,  70373., 1909018, 20221223143000)
 (3986., 4002., 3982., 4001.,  58807., 1904849, 20221223144500)
 (4000., 4011., 4000., 4005.,  81085., 1900337, 20221223150000)]
2022-12-26 15:30:00  INFO  [(4009., 4015., 3996., 3997., 115040., 1905090, 20221223211500)
 (3997., 4005., 3989., 4003.,  69791., 1901902, 20221223213000)
 (4003., 4009., 3998., 4004.,  41275., 1902562, 20221223214500)
 (4003., 4009., 3996., 3999.,  50315., 1902125, 20221223220000)
 (3998., 4003., 3988., 3991.,  48102., 1901323, 20221223221500)
 (3990., 3999., 3985., 3992.,  45638., 1897426, 20221223223000)
 (3992., 4014., 3990., 4013.,  64743., 1895250, 20221223224500)
 (4014., 4014., 3960., 3966., 108451., 1875846, 20221223230000)
 (3962., 3965., 3940., 3941., 234405., 1877791, 20221226091500)
 (3942., 3959., 3941., 3956.,  66300., 1876183, 20221226093000)
 (3955., 3968., 3952., 3959.,  70671., 1869886, 20221226094500)
 (3959., 3960., 3946., 3953.,  46795., 1875377, 20221226100000)
 (3952., 3964., 3950., 3960.,  34974., 1876618, 20221226101500)
 (3960., 3971., 3956., 3969.,  50977., 1877497, 20221226104500)
 (3970., 3995., 3962., 3993., 100529., 1885274, 20221226110000)
 (3993., 3993., 3984., 3992.,  59131., 1890287, 20221226111500)
 (3992., 4016., 3988., 4011., 120218., 1885588, 20221226113000)
 (4011., 4020., 3999., 4007.,  82402., 1895902, 20221226134500)
 (4006., 4012., 4000., 4008.,  45380., 1898756, 20221226140000)
 (4008., 4011., 4001., 4008.,  28633., 1898907, 20221226141500)
 (4007., 4015., 4006., 4012.,  38743., 1904712, 20221226143000)
 (4013., 4014., 3993., 4003.,  64879., 1904581, 20221226144500)
 (4002., 4010., 3996., 4006.,  51461., 1897487, 20221226150000)]
2022-12-27 15:30:00  INFO  [(3999., 4015., 3998., 4003., 122208., 1889632, 20221226211500)
 (4004., 4011., 4000., 4006.,  36397., 1890531, 20221226213000)
 (4007., 4037., 4000., 4000., 137931., 1897172, 20221226214500)
 (4000., 4013., 3994., 4011.,  67286., 1894869, 20221226220000)
 (4011., 4030., 4008., 4025.,  83990., 1899224, 20221226221500)
 (4026., 4028., 4013., 4017.,  27671., 1897912, 20221226223000)
 (4017., 4025., 4012., 4020.,  24225., 1899232, 20221226224500)
 (4021., 4024., 4004., 4021.,  50514., 1890363, 20221226230000)
 (4028., 4044., 4022., 4042., 101230., 1899462, 20221227091500)
 (4043., 4062., 4041., 4058., 138119., 1918359, 20221227093000)
 (4059., 4065., 4053., 4062.,  60840., 1923481, 20221227094500)
 (4062., 4066., 4056., 4066.,  41482., 1929123, 20221227100000)
 (4065., 4078., 4059., 4066.,  94359., 1933396, 20221227101500)
 (4066., 4069., 4059., 4065.,  51553., 1937491, 20221227104500)
 (4065., 4075., 4062., 4073.,  47607., 1946363, 20221227110000)
 (4073., 4075., 4053., 4066.,  53377., 1946114, 20221227111500)
 (4066., 4067., 4057., 4063.,  26073., 1946794, 20221227113000)
 (4064., 4070., 4056., 4063.,  45690., 1947121, 20221227134500)
 (4062., 4065., 4059., 4065.,  23107., 1945617, 20221227140000)
 (4065., 4066., 4058., 4062.,  21273., 1946097, 20221227141500)
 (4062., 4062., 4047., 4056.,  61469., 1942525, 20221227143000)
 (4055., 4069., 4055., 4067.,  33994., 1941690, 20221227144500)
 (4067., 4069., 4056., 4066.,  62666., 1932125, 20221227150000)]
2022-12-28 15:30:00  INFO  [(4060., 4073., 4054., 4067., 112351., 1936038, 20221227211500)
 (4067., 4075., 4062., 4070.,  48938., 1943548, 20221227213000)
 (4069., 4072., 4060., 4063.,  33403., 1943657, 20221227214500)
 (4063., 4067., 4061., 4066.,  23334., 1944487, 20221227220000)
 (4066., 4069., 4062., 4062.,  25891., 1942071, 20221227221500)
 (4063., 4064., 4052., 4057.,  49566., 1942051, 20221227223000)
 (4057., 4062., 4018., 4044., 185812., 1919181, 20221227224500)
 (4045., 4045., 4016., 4027.,  92628., 1904835, 20221227230000)
 (4023., 4044., 4011., 4041., 127885., 1911378, 20221228091500)
 (4040., 4041., 4026., 4026.,  37397., 1915241, 20221228093000)
 (4027., 4036., 4023., 4024.,  35961., 1913409, 20221228094500)
 (4024., 4037., 4023., 4036.,  34654., 1913672, 20221228100000)
 (4036., 4045., 4031., 4044.,  43569., 1914575, 20221228101500)
 (4045., 4057., 4043., 4051.,  60672., 1915843, 20221228104500)
 (4051., 4052., 4038., 4044.,  35349., 1914538, 20221228110000)
 (4044., 4053., 4039., 4052.,  25940., 1913783, 20221228111500)
 (4052., 4057., 4043., 4052.,  35807., 1913424, 20221228113000)
 (4049., 4055., 4042., 4054.,  41030., 1915076, 20221228134500)
 (4054., 4055., 4042., 4042.,  27428., 1918182, 20221228140000)
 (4043., 4050., 4037., 4048.,  42186., 1918861, 20221228141500)
 (4048., 4057., 4043., 4054.,  38331., 1922901, 20221228143000)
 (4055., 4060., 4051., 4058.,  42564., 1926998, 20221228144500)
 (4059., 4065., 4049., 4050.,  63844., 1918199, 20221228150000)]
2022-12-29 15:30:00  INFO  [(4054., 4071., 4045., 4048., 164515., 1917129, 20221228211500)
 (4049., 4050., 4030., 4035., 121697., 1936452, 20221228213000)
 (4035., 4035., 4000., 4013., 228400., 1921925, 20221228214500)
 (4013., 4021., 4007., 4010.,  66675., 1921788, 20221228220000)
 (4010., 4023., 4008., 4018.,  41522., 1920094, 20221228221500)
 (4018., 4028., 4016., 4020.,  44215., 1916175, 20221228223000)
 (4020., 4020., 4011., 4012.,  33203., 1914999, 20221228224500)
 (4012., 4021., 4007., 4017.,  50409., 1906176, 20221228230000)
 (4017., 4025., 4012., 4023.,  46081., 1906823, 20221229091500)
 (4024., 4025., 4018., 4025.,  33080., 1906686, 20221229093000)
 (4025., 4031., 4017., 4018.,  44358., 1909729, 20221229094500)
 (4017., 4022., 4012., 4021.,  33941., 1910597, 20221229100000)
 (4021., 4025., 4014., 4019.,  30841., 1910885, 20221229101500)
 (4020., 4021., 4006., 4018.,  46645., 1910620, 20221229104500)
 (4018., 4031., 4017., 4029.,  50198., 1907265, 20221229110000)
 (4030., 4042., 4027., 4038.,  80834., 1908243, 20221229111500)
 (4037., 4059., 4034., 4050., 106845., 1915138, 20221229113000)
 (4046., 4048., 4026., 4037., 103253., 1914608, 20221229134500)
 (4037., 4050., 4037., 4049.,  71354., 1906741, 20221229140000)
 (4050., 4052., 4042., 4048.,  53364., 1907101, 20221229141500)
 (4048., 4054., 4038., 4047.,  56652., 1905952, 20221229143000)
 (4048., 4056., 4047., 4052.,  45587., 1903802, 20221229144500)
 (4052., 4053., 4044., 4048.,  49912., 1895064, 20221229150000)]
2022-12-30 15:30:00  INFO  [(4052., 4076., 4050., 4065., 187312., 1904310, 20221229211500)
 (4065., 4066., 4049., 4057.,  76995., 1906225, 20221229213000)
 (4058., 4068., 4054., 4067.,  52865., 1907306, 20221229214500)
 (4067., 4070., 4061., 4070.,  36184., 1908326, 20221229220000)
 (4070., 4071., 4055., 4065.,  54335., 1907986, 20221229221500)
 (4064., 4067., 4060., 4065.,  27380., 1907704, 20221229223000)
 (4065., 4093., 4063., 4091., 109987., 1924934, 20221229224500)
 (4090., 4108., 4062., 4072., 232214., 1909345, 20221229230000)
 (4072., 4088., 4065., 4086., 104364., 1917659, 20221230091500)
 (4086., 4100., 4083., 4100.,  71204., 1921100, 20221230093000)
 (4100., 4101., 4089., 4090.,  53543., 1923262, 20221230094500)
 (4091., 4093., 4082., 4088.,  32340., 1922340, 20221230100000)
 (4089., 4098., 4080., 4091.,  42403., 1920478, 20221230101500)
 (4090., 4098., 4088., 4095.,  30220., 1921083, 20221230104500)
 (4096., 4100., 4089., 4094.,  25901., 1921658, 20221230110000)
 (4094., 4099., 4089., 4097.,  20351., 1922098, 20221230111500)
 (4098., 4115., 4095., 4113.,  98817., 1943080, 20221230113000)
 (4113., 4121., 4104., 4113.,  86704., 1953736, 20221230134500)
 (4114., 4122., 4110., 4120.,  48986., 1954177, 20221230140000)
 (4119., 4125., 4113., 4122.,  47344., 1956291, 20221230141500)
 (4123., 4123., 4109., 4113.,  58845., 1952221, 20221230143000)
 (4112., 4124., 4104., 4109.,  63964., 1951224, 20221230144500)
 (4109., 4111., 4095., 4105., 136819., 1931845, 20221230150000)]
2023-01-03 15:30:00  INFO  [(4094., 4099., 4089., 4097.,  20351., 1922098, 20221230111500)
 (4098., 4115., 4095., 4113.,  98817., 1943080, 20221230113000)
 (4113., 4121., 4104., 4113.,  86704., 1953736, 20221230134500)
 (4114., 4122., 4110., 4120.,  48986., 1954177, 20221230140000)
 (4119., 4125., 4113., 4122.,  47344., 1956291, 20221230141500)
 (4123., 4123., 4109., 4113.,  58845., 1952221, 20221230143000)
 (4112., 4124., 4104., 4109.,  63964., 1951224, 20221230144500)
 (4109., 4111., 4095., 4105., 136819., 1931845, 20221230150000)
 (4100., 4100., 4022., 4029., 406529., 1904997, 20230103091500)
 (4028., 4038., 4016., 4037., 178439., 1893214, 20230103093000)
 (4036., 4049., 4035., 4043., 109631., 1882385, 20230103094500)
 (4043., 4047., 4033., 4037.,  46694., 1883537, 20230103100000)
 (4037., 4056., 4037., 4044.,  78074., 1884839, 20230103101500)
 (4051., 4053., 4044., 4046.,  44894., 1884025, 20230103104500)
 (4046., 4046., 4038., 4043.,  35848., 1887716, 20230103110000)
 (4043., 4048., 4037., 4045.,  32644., 1887535, 20230103111500)
 (4044., 4054., 4040., 4051.,  34955., 1890125, 20230103113000)
 (4055., 4065., 4045., 4064.,  76494., 1893853, 20230103134500)
 (4064., 4065., 4057., 4058.,  33551., 1895897, 20230103140000)
 (4058., 4068., 4056., 4065.,  34468., 1894516, 20230103141500)
 (4064., 4074., 4064., 4071.,  44644., 1893937, 20230103143000)
 (4072., 4072., 4060., 4064.,  35666., 1890437, 20230103144500)
 (4063., 4065., 4056., 4063.,  53290., 1882723, 20230103150000)]
2023-01-04 15:30:00  INFO  [(4061., 4073., 4058., 4070., 110506., 1875028, 20230103211500)
 (4071., 4082., 4070., 4080.,  66061., 1878085, 20230103213000)
 (4079., 4084., 4076., 4080.,  30114., 1878178, 20230103214500)
 (4080., 4081., 4070., 4077.,  32923., 1875032, 20230103220000)
 (4076., 4078., 4071., 4072.,  17963., 1875048, 20230103221500)
 (4072., 4079., 4072., 4073.,  21042., 1874960, 20230103223000)
 (4073., 4077., 4070., 4075.,  20202., 1875015, 20230103224500)
 (4075., 4077., 4061., 4061.,  35359., 1869077, 20230103230000)
 (4060., 4073., 4052., 4071.,  72747., 1872588, 20230104091500)
 (4071., 4071., 4040., 4040., 108592., 1869536, 20230104093000)
 (4041., 4049., 4035., 4044.,  76391., 1864230, 20230104094500)
 (4044., 4056., 4040., 4054.,  38368., 1865214, 20230104100000)
 (4055., 4063., 4052., 4059.,  42700., 1861614, 20230104101500)
 (4059., 4063., 4049., 4063.,  37036., 1862645, 20230104104500)
 (4063., 4063., 4027., 4029., 129353., 1860263, 20230104110000)
 (4029., 4040., 4020., 4022., 121598., 1870256, 20230104111500)
 (4022., 4027., 4011., 4019., 132186., 1885371, 20230104113000)
 (4015., 4032., 4010., 4025.,  84070., 1884542, 20230104134500)
 (4025., 4027., 4018., 4018.,  32602., 1885585, 20230104140000)
 (4018., 4025., 4013., 4017.,  53917., 1883558, 20230104141500)
 (4017., 4025., 4014., 4020.,  31621., 1885419, 20230104143000)
 (4019., 4027., 4016., 4024.,  32509., 1882682, 20230104144500)
 (4023., 4030., 4022., 4027.,  55146., 1874643, 20230104150000)]
2023-01-05 15:30:00  INFO  [(4015., 4018., 3988., 3995., 251166., 1870166, 20230104211500)
 (3995., 4015., 3994., 4015.,  97299., 1862246, 20230104213000)
 (4015., 4021., 4005., 4010.,  67268., 1861071, 20230104214500)
 (4010., 4015., 4008., 4011.,  32880., 1860816, 20230104220000)
 (4012., 4012., 4006., 4010.,  20057., 1860739, 20230104221500)
 (4011., 4014., 4005., 4007.,  22100., 1860646, 20230104223000)
 (4008., 4010., 3997., 4005.,  47180., 1859087, 20230104224500)
 (4006., 4008., 3994., 3999.,  49191., 1853032, 20230104230000)
 (3996., 4001., 3970., 3975., 159641., 1844188, 20230105091500)
 (3975., 3994., 3974., 3985.,  75093., 1834503, 20230105093000)
 (3985., 4006., 3984., 4005.,  62739., 1830118, 20230105094500)
 (4004., 4013., 4003., 4012.,  55695., 1828833, 20230105100000)
 (4012., 4013., 4002., 4007.,  30749., 1828991, 20230105101500)
 (4006., 4011., 4001., 4009.,  26815., 1829755, 20230105104500)
 (4008., 4010., 4003., 4004.,  18097., 1828994, 20230105110000)
 (4005., 4006., 3990., 3992.,  52989., 1826815, 20230105111500)
 (3991., 3995., 3977., 3980.,  65494., 1828316, 20230105113000)
 (3978., 4004., 3974., 3999.,  95624., 1826785, 20230105134500)
 (3999., 4020., 3996., 4018.,  92961., 1826131, 20230105140000)
 (4019., 4024., 4015., 4020.,  70435., 1834482, 20230105141500)
 (4020., 4022., 4013., 4019.,  39996., 1838423, 20230105143000)
 (4019., 4019., 4009., 4012.,  32045., 1836484, 20230105144500)
 (4012., 4020., 4005., 4017.,  56787., 1825776, 20230105150000)]
2023-01-06 15:30:00  INFO  [(4031., 4055., 4030., 4040., 190429., 1825410, 20230105211500)
 (4041., 4044., 4035., 4042.,  47808., 1826837, 20230105213000)
 (4042., 4045., 4027., 4030.,  50037., 1824323, 20230105214500)
 (4031., 4037., 4024., 4030.,  44129., 1827837, 20230105220000)
 (4029., 4034., 4023., 4029.,  35083., 1829606, 20230105221500)
 (4029., 4037., 4024., 4035.,  40380., 1830937, 20230105223000)
 (4035., 4044., 4027., 4030.,  49415., 1829981, 20230105224500)
 (4030., 4036., 4027., 4033.,  46453., 1819651, 20230105230000)
 (4039., 4066., 4038., 4063., 155863., 1832812, 20230106091500)
 (4063., 4065., 4047., 4048.,  58215., 1836093, 20230106093000)
 (4048., 4054., 4041., 4054.,  51456., 1837347, 20230106094500)
 (4053., 4056., 4046., 4056.,  34766., 1836581, 20230106100000)
 (4055., 4071., 4052., 4070.,  90617., 1840431, 20230106101500)
 (4069., 4086., 4069., 4084., 123079., 1867752, 20230106104500)
 (4085., 4097., 4083., 4096., 111685., 1879591, 20230106110000)
 (4096., 4104., 4091., 4100., 113721., 1887388, 20230106111500)
 (4100., 4115., 4095., 4113., 104959., 1904553, 20230106113000)
 (4110., 4110., 4095., 4108.,  90879., 1915379, 20230106134500)
 (4108., 4111., 4097., 4098.,  51515., 1924721, 20230106140000)
 (4099., 4106., 4094., 4104.,  45795., 1926461, 20230106141500)
 (4104., 4104., 4093., 4100.,  36223., 1928258, 20230106143000)
 (4099., 4118., 4099., 4116.,  59500., 1931658, 20230106144500)
 (4115., 4122., 4102., 4107.,  98440., 1923950, 20230106150000)]
2023-01-09 15:30:00  INFO  [(4105., 4117., 4080., 4114., 204244., 1904162, 20230106211500)
 (4114., 4115., 4092., 4094.,  72546., 1896289, 20230106213000)
 (4094., 4109., 4094., 4107.,  49455., 1892039, 20230106214500)
 (4107., 4134., 4107., 4127., 120419., 1895606, 20230106220000)
 (4127., 4140., 4125., 4133.,  90188., 1906499, 20230106221500)
 (4133., 4136., 4119., 4126.,  56835., 1909011, 20230106223000)
 (4126., 4127., 4086., 4090., 135640., 1886426, 20230106224500)
 (4090., 4103., 4078., 4088., 171510., 1859874, 20230106230000)
 (4091., 4110., 4091., 4093., 132728., 1869484, 20230109091500)
 (4093., 4108., 4089., 4095.,  64493., 1874000, 20230109093000)
 (4094., 4099., 4089., 4095.,  39783., 1873349, 20230109094500)
 (4094., 4101., 4090., 4095.,  33211., 1871339, 20230109100000)
 (4095., 4106., 4093., 4096.,  43587., 1872995, 20230109101500)
 (4096., 4104., 4092., 4096.,  31490., 1876193, 20230109104500)
 (4095., 4098., 4088., 4092.,  40194., 1876823, 20230109110000)
 (4093., 4093., 4081., 4082.,  53463., 1875498, 20230109111500)
 (4082., 4092., 4072., 4090.,  71300., 1866196, 20230109113000)
 (4090., 4099., 4089., 4095.,  46501., 1870059, 20230109134500)
 (4094., 4102., 4090., 4091.,  40263., 1871959, 20230109140000)
 (4090., 4094., 4087., 4091.,  21134., 1872755, 20230109141500)
 (4090., 4093., 4084., 4087.,  21117., 1872937, 20230109143000)
 (4088., 4092., 4083., 4084.,  22779., 1870744, 20230109144500)
 (4084., 4095., 4083., 4093.,  44699., 1863784, 20230109150000)]
2023-01-10 15:30:00  INFO  [(4103., 4123., 4097., 4104., 130543., 1864004, 20230109211500)
 (4104., 4116., 4104., 4106.,  65302., 1868802, 20230109213000)
 (4106., 4109., 4097., 4097.,  39367., 1868712, 20230109214500)
 (4097., 4103., 4094., 4099.,  33055., 1867588, 20230109220000)
 (4099., 4105., 4098., 4103.,  21251., 1869379, 20230109221500)
 (4104., 4104., 4096., 4100.,  18732., 1868562, 20230109223000)
 (4100., 4102., 4097., 4101.,  21553., 1870831, 20230109224500)
 (4100., 4108., 4098., 4106.,  33457., 1867485, 20230109230000)
 (4103., 4105., 4091., 4102.,  68711., 1872794, 20230110091500)
 (4101., 4103., 4093., 4095.,  23711., 1873434, 20230110093000)
 (4094., 4097., 4087., 4094.,  34553., 1874200, 20230110094500)
 (4095., 4100., 4093., 4100.,  20228., 1873074, 20230110100000)
 (4100., 4102., 4094., 4096.,  22677., 1874338, 20230110101500)
 (4095., 4098., 4089., 4093.,  25701., 1876331, 20230110104500)
 (4092., 4108., 4091., 4106.,  49087., 1878337, 20230110110000)
 (4106., 4126., 4104., 4125.,  88241., 1887525, 20230110111500)
 (4125., 4127., 4111., 4112.,  45948., 1893702, 20230110113000)
 (4112., 4130., 4110., 4127.,  49824., 1901761, 20230110134500)
 (4126., 4128., 4106., 4109.,  64900., 1896889, 20230110140000)
 (4109., 4117., 4106., 4113.,  29769., 1896020, 20230110141500)
 (4113., 4133., 4113., 4131.,  71818., 1917815, 20230110143000)
 (4133., 4136., 4125., 4133.,  62956., 1936126, 20230110144500)
 (4132., 4135., 4123., 4124.,  61835., 1930856, 20230110150000)]
2023-01-11 15:30:00  INFO  [(4120., 4129., 4110., 4115., 127753., 1932311, 20230110211500)
 (4115., 4116., 4101., 4105.,  71270., 1926227, 20230110213000)
 (4106., 4114., 4105., 4110.,  25249., 1926357, 20230110214500)
 (4110., 4113., 4104., 4108.,  27822., 1925892, 20230110220000)
 (4108., 4118., 4103., 4108.,  46612., 1920368, 20230110221500)
 (4109., 4113., 4108., 4111.,  14285., 1920471, 20230110223000)
 (4111., 4115., 4105., 4113.,  22808., 1918785, 20230110224500)
 (4114., 4120., 4112., 4113.,  32683., 1913915, 20230110230000)
 (4115., 4132., 4111., 4129.,  68635., 1918094, 20230111091500)
 (4128., 4145., 4124., 4137.,  74603., 1933885, 20230111093000)
 (4138., 4144., 4133., 4143.,  33902., 1939768, 20230111094500)
 (4143., 4145., 4134., 4144.,  33670., 1946375, 20230111100000)
 (4144., 4146., 4135., 4142.,  27817., 1946373, 20230111101500)
 (4143., 4145., 4132., 4135.,  39220., 1950190, 20230111104500)
 (4135., 4145., 4132., 4143.,  39663., 1948865, 20230111110000)
 (4143., 4145., 4137., 4140.,  24201., 1947565, 20230111111500)
 (4140., 4164., 4137., 4157., 120286., 1953051, 20230111113000)
 (4156., 4164., 4154., 4159.,  53719., 1960810, 20230111134500)
 (4159., 4160., 4149., 4156.,  47314., 1958414, 20230111140000)
 (4156., 4160., 4149., 4159.,  37568., 1957711, 20230111141500)
 (4159., 4166., 4155., 4165.,  40685., 1963324, 20230111143000)
 (4165., 4172., 4163., 4165.,  56399., 1961092, 20230111144500)
 (4166., 4170., 4159., 4161.,  46219., 1955990, 20230111150000)]
2023-01-12 15:30:00  INFO  [(4152., 4163., 4140., 4152., 129163., 1951127, 20230111211500)
 (4152., 4157., 4143., 4143.,  51218., 1948307, 20230111213000)
 (4143., 4148., 4138., 4145.,  50878., 1944198, 20230111214500)
 (4145., 4147., 4140., 4141.,  25187., 1942955, 20230111220000)
 (4140., 4144., 4138., 4142.,  30604., 1941844, 20230111221500)
 (4143., 4145., 4138., 4139.,  22136., 1938329, 20230111223000)
 (4138., 4141., 4091., 4102., 240416., 1892283, 20230111224500)
 (4102., 4118., 4100., 4108., 107619., 1878661, 20230111230000)
 (4109., 4117., 4108., 4113.,  50854., 1881166, 20230112091500)
 (4114., 4131., 4112., 4118.,  85406., 1889678, 20230112093000)
 (4117., 4128., 4114., 4115.,  34876., 1888286, 20230112094500)
 (4116., 4122., 4115., 4119.,  21121., 1887927, 20230112100000)
 (4119., 4124., 4110., 4113.,  37503., 1886053, 20230112101500)
 (4113., 4127., 4112., 4120.,  37818., 1880923, 20230112104500)
 (4120., 4122., 4110., 4112.,  29535., 1881259, 20230112110000)
 (4111., 4115., 4106., 4109.,  38156., 1879350, 20230112111500)
 (4109., 4120., 4108., 4120.,  31072., 1876067, 20230112113000)
 (4121., 4146., 4120., 4145., 114644., 1877041, 20230112134500)
 (4145., 4145., 4133., 4135.,  36574., 1874766, 20230112140000)
 (4135., 4142., 4133., 4141.,  25094., 1874027, 20230112141500)
 (4142., 4146., 4139., 4145.,  30670., 1875237, 20230112143000)
 (4145., 4148., 4137., 4141.,  29848., 1876520, 20230112144500)
 (4141., 4141., 4128., 4136.,  57650., 1867251, 20230112150000)]
2023-01-13 15:30:00  INFO  [(4131., 4156., 4131., 4144., 109930., 1881870, 20230112211500)
 (4144., 4149., 4138., 4148.,  32457., 1883651, 20230112213000)
 (4148., 4154., 4142., 4147.,  47119., 1885051, 20230112214500)
 (4148., 4152., 4145., 4149.,  23580., 1883714, 20230112220000)
 (4148., 4150., 4142., 4144.,  21191., 1884690, 20230112221500)
 (4144., 4149., 4115., 4119., 115754., 1867654, 20230112223000)
 (4119., 4128., 4116., 4116.,  64177., 1865385, 20230112224500)
 (4116., 4132., 4113., 4128.,  66801., 1856337, 20230112230000)
 (4130., 4140., 4127., 4140.,  60086., 1857836, 20230113091500)
 (4140., 4150., 4137., 4149.,  47317., 1856373, 20230113093000)
 (4149., 4151., 4141., 4149.,  40753., 1859630, 20230113094500)
 (4148., 4179., 4148., 4171., 163299., 1881235, 20230113100000)
 (4172., 4175., 4151., 4166.,  65003., 1876814, 20230113101500)
 (4165., 4172., 4159., 4168.,  37098., 1879620, 20230113104500)
 (4167., 4176., 4164., 4172.,  36837., 1886923, 20230113110000)
 (4171., 4176., 4162., 4170.,  33451., 1887500, 20230113111500)
 (4170., 4171., 4160., 4167.,  29602., 1885585, 20230113113000)
 (4166., 4186., 4164., 4181., 110716., 1924241, 20230113134500)
 (4180., 4184., 4176., 4179.,  36244., 1927670, 20230113140000)
 (4179., 4181., 4173., 4180.,  31643., 1932370, 20230113141500)
 (4180., 4182., 4176., 4180.,  20380., 1933217, 20230113143000)
 (4180., 4185., 4176., 4181.,  27821., 1934893, 20230113144500)
 (4180., 4182., 4170., 4173.,  56972., 1927798, 20230113150000)]
2023-01-16 15:30:00  INFO  [(4150., 4151., 4118., 4123., 301590., 1894997, 20230113211500)
 (4123., 4139., 4122., 4136.,  79051., 1895063, 20230113213000)
 (4136., 4145., 4131., 4142.,  53658., 1895702, 20230113214500)
 (4142., 4144., 4135., 4138.,  34587., 1893644, 20230113220000)
 (4137., 4139., 4133., 4134.,  21610., 1888275, 20230113221500)
 (4134., 4140., 4133., 4137.,  21288., 1884333, 20230113223000)
 (4138., 4139., 4134., 4138.,  17428., 1884217, 20230113224500)
 (4138., 4145., 4135., 4143.,  37072., 1874650, 20230113230000)
 (4120., 4122., 4086., 4098., 288671., 1859664, 20230116091500)
 (4097., 4117., 4094., 4113.,  75858., 1856037, 20230116093000)
 (4112., 4117., 4107., 4108.,  36436., 1854300, 20230116094500)
 (4108., 4111., 4100., 4102.,  32989., 1855032, 20230116100000)
 (4102., 4109., 4098., 4107.,  36237., 1853761, 20230116101500)
 (4107., 4107., 4097., 4103.,  27947., 1855272, 20230116104500)
 (4102., 4103., 4091., 4091.,  41188., 1853611, 20230116110000)
 (4091., 4096., 4081., 4083.,  63106., 1852804, 20230116111500)
 (4083., 4101., 4082., 4095.,  52342., 1847476, 20230116113000)
 (4097., 4100., 4087., 4089.,  41267., 1852301, 20230116134500)
 (4089., 4094., 4085., 4090.,  32384., 1850538, 20230116140000)
 (4090., 4099., 4089., 4090.,  32687., 1847090, 20230116141500)
 (4091., 4104., 4090., 4093.,  34823., 1843679, 20230116143000)
 (4093., 4095., 4084., 4087.,  30980., 1843680, 20230116144500)
 (4087., 4097., 4085., 4093.,  48465., 1829618, 20230116150000)]
2023-01-17 15:30:00  INFO  [(4084., 4090., 4067., 4075., 144107., 1846904, 20230116211500)
 (4074., 4079., 4065., 4077.,  64305., 1852771, 20230116213000)
 (4077., 4085., 4075., 4076.,  37107., 1851124, 20230116214500)
 (4077., 4079., 4071., 4072.,  22099., 1850463, 20230116220000)
 (4072., 4076., 4070., 4071.,  19676., 1852496, 20230116221500)
 (4072., 4077., 4068., 4073.,  26687., 1854016, 20230116223000)
 (4074., 4082., 4070., 4078.,  22606., 1852880, 20230116224500)
 (4079., 4093., 4075., 4087.,  47504., 1846172, 20230116230000)
 (4085., 4108., 4085., 4103.,  84815., 1845028, 20230117091500)
 (4103., 4119., 4098., 4118.,  66228., 1845251, 20230117093000)
 (4118., 4120., 4109., 4119.,  57276., 1846363, 20230117094500)
 (4119., 4119., 4111., 4119.,  28719., 1844638, 20230117100000)
 (4119., 4121., 4106., 4113.,  35077., 1843378, 20230117101500)
 (4112., 4117., 4106., 4108.,  23001., 1842443, 20230117104500)
 (4109., 4115., 4107., 4114.,  16486., 1842721, 20230117110000)
 (4115., 4118., 4112., 4115.,  20455., 1842767, 20230117111500)
 (4116., 4120., 4110., 4120.,  25426., 1843740, 20230117113000)
 (4117., 4138., 4116., 4137.,  98708., 1852895, 20230117134500)
 (4137., 4139., 4131., 4137.,  38571., 1856823, 20230117140000)
 (4137., 4139., 4126., 4131.,  37360., 1859206, 20230117141500)
 (4131., 4136., 4127., 4133.,  18456., 1859439, 20230117143000)
 (4133., 4135., 4118., 4118.,  31367., 1855813, 20230117144500)
 (4118., 4126., 4113., 4119.,  59731., 1844213, 20230117150000)]
2023-01-18 15:30:00  INFO  [(4140., 4140., 4125., 4134., 93270., 1850693, 20230117211500)
 (4134., 4150., 4133., 4148., 59393., 1855689, 20230117213000)
 (4148., 4150., 4143., 4148., 44429., 1856512, 20230117214500)
 (4148., 4159., 4143., 4157., 47376., 1858414, 20230117220000)
 (4156., 4165., 4155., 4164., 64387., 1862994, 20230117221500)
 (4165., 4166., 4158., 4163., 39189., 1861490, 20230117223000)
 (4163., 4170., 4158., 4161., 39980., 1860341, 20230117224500)
 (4161., 4166., 4158., 4162., 31432., 1859971, 20230117230000)
 (4156., 4176., 4156., 4168., 83996., 1867672, 20230118091500)
 (4167., 4172., 4163., 4166., 30342., 1869266, 20230118093000)
 (4166., 4167., 4150., 4152., 46002., 1861903, 20230118094500)
 (4152., 4161., 4149., 4159., 35877., 1863439, 20230118100000)
 (4158., 4165., 4156., 4157., 27516., 1865286, 20230118101500)
 (4156., 4163., 4148., 4154., 36596., 1869205, 20230118104500)
 (4154., 4160., 4146., 4147., 31255., 1867416, 20230118110000)
 (4147., 4156., 4147., 4153., 18121., 1867798, 20230118111500)
 (4153., 4157., 4150., 4152., 13284., 1866528, 20230118113000)
 (4152., 4165., 4152., 4159., 37526., 1863281, 20230118134500)
 (4158., 4161., 4152., 4160., 23852., 1863816, 20230118140000)
 (4160., 4166., 4158., 4160., 18833., 1864071, 20230118141500)
 (4160., 4169., 4158., 4168., 20431., 1865430, 20230118143000)
 (4167., 4167., 4157., 4162., 23853., 1864712, 20230118144500)
 (4163., 4165., 4158., 4165., 32763., 1856961, 20230118150000)]
2023-01-19 15:30:00  INFO  [(4166., 4175., 4164., 4172., 76063., 1864703, 20230118211500)
 (4172., 4182., 4170., 4175., 57661., 1865346, 20230118213000)
 (4175., 4178., 4170., 4175., 24185., 1863212, 20230118214500)
 (4174., 4188., 4171., 4186., 61418., 1864340, 20230118220000)
 (4186., 4188., 4180., 4181., 25158., 1862673, 20230118221500)
 (4181., 4191., 4181., 4189., 26285., 1862362, 20230118223000)
 (4190., 4191., 4182., 4185., 27994., 1861494, 20230118224500)
 (4184., 4187., 4171., 4173., 54953., 1855554, 20230118230000)
 (4160., 4173., 4154., 4162., 90686., 1851785, 20230119091500)
 (4162., 4173., 4159., 4171., 28449., 1851663, 20230119093000)
 (4172., 4176., 4168., 4172., 22668., 1854921, 20230119094500)
 (4172., 4174., 4164., 4167., 16622., 1854941, 20230119100000)
 (4167., 4177., 4165., 4175., 21903., 1854785, 20230119101500)
 (4175., 4179., 4169., 4178., 34063., 1849337, 20230119104500)
 (4178., 4189., 4176., 4186., 44079., 1852528, 20230119110000)
 (4186., 4190., 4176., 4184., 31181., 1848009, 20230119111500)
 (4185., 4185., 4177., 4178., 17216., 1847900, 20230119113000)
 (4178., 4189., 4173., 4186., 51168., 1845505, 20230119134500)
 (4187., 4194., 4186., 4194., 45470., 1848423, 20230119140000)
 (4193., 4200., 4190., 4199., 56115., 1854539, 20230119141500)
 (4199., 4199., 4192., 4196., 28402., 1857907, 20230119143000)
 (4195., 4199., 4189., 4197., 29246., 1859339, 20230119144500)
 (4197., 4198., 4189., 4196., 43599., 1854203, 20230119150000)]
2023-01-20 15:30:00  INFO  [(4195., 4196., 4178., 4182., 84405., 1854928, 20230119211500)
 (4182., 4185., 4174., 4183., 49630., 1852410, 20230119213000)
 (4183., 4183., 4177., 4179., 13469., 1851431, 20230119214500)
 (4180., 4181., 4169., 4170., 30626., 1847986, 20230119220000)
 (4169., 4173., 4155., 4166., 86802., 1834738, 20230119221500)
 (4166., 4177., 4164., 4173., 30403., 1833801, 20230119223000)
 (4173., 4174., 4160., 4163., 23276., 1833360, 20230119224500)
 (4162., 4169., 4158., 4168., 34878., 1827313, 20230119230000)
 (4173., 4186., 4167., 4185., 67157., 1833441, 20230120091500)
 (4185., 4191., 4181., 4188., 33878., 1836766, 20230120093000)
 (4189., 4196., 4185., 4195., 38862., 1843080, 20230120094500)
 (4196., 4196., 4186., 4190., 20345., 1845453, 20230120100000)
 (4190., 4193., 4182., 4185., 19212., 1844504, 20230120101500)
 (4186., 4189., 4178., 4180., 21342., 1844249, 20230120104500)
 (4179., 4186., 4178., 4186., 15331., 1843546, 20230120110000)
 (4186., 4187., 4174., 4177., 24525., 1843659, 20230120111500)
 (4176., 4182., 4169., 4173., 32777., 1839103, 20230120113000)
 (4173., 4183., 4173., 4178., 23781., 1840947, 20230120134500)
 (4177., 4180., 4170., 4170., 23591., 1842013, 20230120140000)
 (4171., 4181., 4170., 4171., 28772., 1837868, 20230120141500)
 (4172., 4178., 4170., 4172., 21047., 1833412, 20230120143000)
 (4173., 4178., 4172., 4176., 23874., 1828029, 20230120144500)
 (4177., 4182., 4171., 4179., 69935., 1811643, 20230120150000)]
2023-01-30 15:30:00  INFO  [(4186., 4187., 4174., 4177.,  24525., 1843659, 20230120111500)
 (4176., 4182., 4169., 4173.,  32777., 1839103, 20230120113000)
 (4173., 4183., 4173., 4178.,  23781., 1840947, 20230120134500)
 (4177., 4180., 4170., 4170.,  23591., 1842013, 20230120140000)
 (4171., 4181., 4170., 4171.,  28772., 1837868, 20230120141500)
 (4172., 4178., 4170., 4172.,  21047., 1833412, 20230120143000)
 (4173., 4178., 4172., 4176.,  23874., 1828029, 20230120144500)
 (4177., 4182., 4171., 4179.,  69935., 1811643, 20230120150000)
 (4230., 4273., 4226., 4270., 279268., 1854522, 20230130091500)
 (4270., 4271., 4256., 4266.,  61306., 1858760, 20230130093000)
 (4265., 4270., 4252., 4257.,  46793., 1868629, 20230130094500)
 (4258., 4265., 4252., 4257.,  47588., 1880137, 20230130100000)
 (4258., 4263., 4241., 4247.,  60730., 1875176, 20230130101500)
 (4247., 4253., 4234., 4244.,  56554., 1875163, 20230130104500)
 (4243., 4255., 4241., 4246.,  35381., 1875448, 20230130110000)
 (4247., 4247., 4212., 4213., 104756., 1879984, 20230130111500)
 (4213., 4222., 4205., 4219.,  72186., 1877707, 20230130113000)
 (4215., 4225., 4210., 4212.,  50486., 1884251, 20230130134500)
 (4212., 4217., 4194., 4195.,  66743., 1887066, 20230130140000)
 (4195., 4207., 4195., 4197.,  55619., 1888113, 20230130141500)
 (4197., 4200., 4192., 4193.,  30246., 1892308, 20230130143000)
 (4192., 4204., 4191., 4194.,  34302., 1892218, 20230130144500)
 (4194., 4204., 4190., 4201.,  46176., 1882832, 20230130150000)]
2023-01-31 15:30:00  INFO  [(4200., 4216., 4197., 4215.,  83624., 1892038, 20230130211500)
 (4215., 4216., 4210., 4215.,  23032., 1894366, 20230130213000)
 (4215., 4218., 4203., 4206.,  35278., 1898378, 20230130214500)
 (4206., 4210., 4196., 4210.,  31337., 1901014, 20230130220000)
 (4210., 4214., 4207., 4212.,  23434., 1902135, 20230130221500)
 (4212., 4213., 4201., 4202.,  18744., 1902018, 20230130223000)
 (4202., 4206., 4200., 4204.,  14729., 1903194, 20230130224500)
 (4204., 4214., 4203., 4212.,  23434., 1900033, 20230130230000)
 (4209., 4211., 4181., 4183.,  98304., 1911452, 20230131091500)
 (4183., 4185., 4174., 4182.,  71845., 1917152, 20230131093000)
 (4181., 4203., 4180., 4200.,  59081., 1916382, 20230131094500)
 (4201., 4206., 4197., 4199.,  40483., 1917694, 20230131100000)
 (4200., 4203., 4193., 4198.,  21809., 1918125, 20230131101500)
 (4198., 4204., 4189., 4189.,  26832., 1919376, 20230131104500)
 (4190., 4194., 4184., 4187.,  23280., 1923453, 20230131110000)
 (4187., 4188., 4182., 4183.,  19006., 1925853, 20230131111500)
 (4183., 4184., 4162., 4168., 101658., 1931335, 20230131113000)
 (4166., 4170., 4151., 4166., 122473., 1939894, 20230131134500)
 (4165., 4173., 4160., 4160.,  49625., 1940184, 20230131140000)
 (4160., 4162., 4153., 4154.,  47630., 1945933, 20230131141500)
 (4155., 4171., 4143., 4168.,  79993., 1948368, 20230131143000)
 (4168., 4168., 4153., 4153.,  25167., 1945628, 20230131144500)
 (4154., 4157., 4141., 4143.,  78361., 1953457, 20230131150000)]
2023-02-01 15:30:00  INFO  [(4143., 4148., 4120., 4137., 168758., 1936824, 20230131211500)
 (4136., 4141., 4127., 4128.,  39370., 1940009, 20230131213000)
 (4127., 4134., 4124., 4132.,  37858., 1943201, 20230131214500)
 (4132., 4138., 4127., 4136.,  28942., 1946166, 20230131220000)
 (4135., 4144., 4129., 4142.,  36293., 1948388, 20230131221500)
 (4141., 4150., 4141., 4146.,  52497., 1952765, 20230131223000)
 (4146., 4150., 4138., 4141.,  31579., 1951329, 20230131224500)
 (4141., 4159., 4140., 4154.,  59124., 1945211, 20230131230000)
 (4158., 4178., 4158., 4165., 104537., 1958395, 20230201091500)
 (4165., 4167., 4155., 4156.,  29722., 1962239, 20230201093000)
 (4155., 4162., 4154., 4161.,  19315., 1964139, 20230201094500)
 (4161., 4165., 4149., 4150.,  31330., 1968096, 20230201100000)
 (4149., 4154., 4136., 4140.,  46832., 1969884, 20230201101500)
 (4139., 4141., 4124., 4128.,  69437., 1973781, 20230201104500)
 (4127., 4133., 4125., 4127.,  35457., 1981424, 20230201110000)
 (4126., 4127., 4104., 4119., 135918., 1986902, 20230201111500)
 (4119., 4129., 4107., 4107.,  57442., 1984919, 20230201113000)
 (4108., 4117., 4101., 4107.,  80131., 1995578, 20230201134500)
 (4107., 4115., 4100., 4108.,  56997., 1998316, 20230201140000)
 (4109., 4114., 4105., 4106.,  29272., 2003955, 20230201141500)
 (4106., 4111., 4095., 4102.,  60882., 2009289, 20230201143000)
 (4102., 4104., 4077., 4081., 134327., 2014484, 20230201144500)
 (4081., 4097., 4075., 4084., 154503., 1994915, 20230201150000)]
2023-02-02 15:30:00  INFO  [(4090., 4099., 4085., 4091.,  89050., 1996711, 20230201211500)
 (4091., 4104., 4091., 4093.,  62745., 1992910, 20230201213000)
 (4093., 4104., 4093., 4096.,  34540., 1990196, 20230201214500)
 (4097., 4104., 4096., 4102.,  24380., 1988628, 20230201220000)
 (4103., 4109., 4082., 4086.,  65185., 1987469, 20230201221500)
 (4086., 4094., 4078., 4079.,  44131., 1982967, 20230201223000)
 (4078., 4090., 4075., 4084.,  42623., 1980261, 20230201224500)
 (4084., 4099., 4077., 4098.,  37831., 1973544, 20230201230000)
 (4105., 4116., 4096., 4115.,  96776., 1973922, 20230202091500)
 (4115., 4124., 4111., 4117.,  74025., 1971906, 20230202093000)
 (4117., 4117., 4105., 4111.,  35936., 1972056, 20230202094500)
 (4110., 4122., 4109., 4121.,  29973., 1975306, 20230202100000)
 (4120., 4135., 4117., 4129.,  70747., 1967684, 20230202101500)
 (4129., 4129., 4109., 4119.,  54674., 1962808, 20230202104500)
 (4120., 4129., 4115., 4128.,  28777., 1964559, 20230202110000)
 (4128., 4130., 4123., 4126.,  22127., 1962892, 20230202111500)
 (4126., 4126., 4113., 4122.,  41971., 1961129, 20230202113000)
 (4120., 4127., 4103., 4106.,  71395., 1967581, 20230202134500)
 (4106., 4107., 4094., 4099.,  61624., 1967187, 20230202140000)
 (4098., 4101., 4088., 4089.,  46529., 1969395, 20230202141500)
 (4090., 4094., 4056., 4060., 168279., 1976864, 20230202143000)
 (4059., 4066., 4045., 4045., 124610., 1980840, 20230202144500)
 (4045., 4052., 4029., 4042., 212878., 1967591, 20230202150000)]
2023-02-03 15:30:00  INFO  [(4050., 4058., 4042., 4048., 107758., 1974448, 20230202211500)
 (4047., 4050., 4040., 4045.,  37456., 1977239, 20230202213000)
 (4045., 4055., 4041., 4043.,  36886., 1978783, 20230202214500)
 (4043., 4049., 4042., 4047.,  20417., 1978501, 20230202220000)
 (4046., 4055., 4042., 4053.,  32067., 1977387, 20230202221500)
 (4053., 4059., 4050., 4055.,  25088., 1976512, 20230202223000)
 (4055., 4055., 4041., 4041.,  30630., 1975340, 20230202224500)
 (4040., 4041., 4032., 4037.,  58989., 1971844, 20230202230000)
 (4038., 4049., 4020., 4021., 111494., 1982910, 20230203091500)
 (4021., 4031., 4013., 4017.,  83773., 1989257, 20230203093000)
 (4017., 4026., 4012., 4016.,  49703., 1988465, 20230203094500)
 (4016., 4019., 4008., 4009.,  51663., 1991587, 20230203100000)
 (4009., 4012., 4000., 4001.,  79019., 1988953, 20230203101500)
 (4000., 4007., 3993., 4000.,  78680., 1993686, 20230203104500)
 (4000., 4016., 3999., 4006.,  61731., 1990175, 20230203110000)
 (4007., 4025., 4004., 4023.,  70804., 1989533, 20230203111500)
 (4023., 4044., 4020., 4033., 120954., 1977066, 20230203113000)
 (4035., 4042., 4032., 4036.,  53022., 1974704, 20230203134500)
 (4036., 4046., 4033., 4035.,  50254., 1973875, 20230203140000)
 (4035., 4050., 4034., 4050.,  36831., 1974463, 20230203141500)
 (4049., 4056., 4041., 4055.,  52223., 1974271, 20230203143000)
 (4055., 4055., 4046., 4049.,  39805., 1969858, 20230203144500)
 (4049., 4055., 4042., 4055.,  51686., 1962672, 20230203150000)]
2023-02-06 15:30:00  INFO  [(4054., 4062., 4037., 4041., 117637., 1964062, 20230203211500)
 (4041., 4042., 4030., 4037.,  54172., 1966523, 20230203213000)
 (4038., 4049., 4035., 4037.,  45082., 1962244, 20230203214500)
 (4036., 4050., 4035., 4049.,  26561., 1961955, 20230203220000)
 (4049., 4073., 4045., 4068.,  72886., 1965912, 20230203221500)
 (4068., 4076., 4058., 4068.,  62758., 1967308, 20230203223000)
 (4068., 4084., 4063., 4083.,  56547., 1965147, 20230203224500)
 (4083., 4083., 4067., 4073.,  55384., 1961363, 20230203230000)
 (4050., 4050., 4021., 4033., 214068., 1971719, 20230206091500)
 (4034., 4037., 4024., 4025.,  48803., 1975337, 20230206093000)
 (4025., 4036., 4019., 4019.,  48666., 1977460, 20230206094500)
 (4019., 4031., 4012., 4019.,  68702., 1981124, 20230206100000)
 (4019., 4026., 4014., 4014.,  36046., 1985139, 20230206101500)
 (4014., 4017., 4004., 4006.,  59819., 1998344, 20230206104500)
 (4006., 4014., 4003., 4004.,  40874., 2002103, 20230206110000)
 (4004., 4015., 4001., 4006.,  36943., 2006285, 20230206111500)
 (4007., 4013., 4001., 4006.,  38918., 2006451, 20230206113000)
 (4007., 4025., 4004., 4020.,  63372., 2008830, 20230206134500)
 (4020., 4030., 4015., 4022.,  52139., 2006706, 20230206140000)
 (4022., 4037., 4020., 4036.,  58973., 2004392, 20230206141500)
 (4037., 4038., 4026., 4034.,  35567., 2003871, 20230206143000)
 (4034., 4051., 4031., 4050.,  66320., 1995400, 20230206144500)
 (4049., 4057., 4044., 4049.,  87267., 1984660, 20230206150000)]
2023-02-07 15:30:00  INFO  [(4040., 4055., 4039., 4047.,  85687., 1987381, 20230206211500)
 (4048., 4055., 4044., 4047.,  32031., 1989146, 20230206213000)
 (4047., 4050., 4037., 4049.,  31569., 1988877, 20230206214500)
 (4049., 4053., 4040., 4044.,  28119., 1991103, 20230206220000)
 (4044., 4046., 4033., 4039.,  40886., 1988983, 20230206221500)
 (4039., 4049., 4030., 4037.,  42039., 1988062, 20230206223000)
 (4037., 4045., 4030., 4034.,  35981., 1990463, 20230206224500)
 (4033., 4034., 4005., 4007.,  91241., 1992399, 20230206230000)
 (4010., 4017., 3993., 4011., 128042., 1989709, 20230207091500)
 (4011., 4018., 4002., 4016.,  45265., 1992337, 20230207093000)
 (4016., 4024., 4005., 4006.,  59014., 1991340, 20230207094500)
 (4006., 4012., 4005., 4011.,  33524., 1992240, 20230207100000)
 (4011., 4019., 4006., 4016.,  26126., 1991404, 20230207101500)
 (4018., 4030., 4016., 4021.,  55581., 1989736, 20230207104500)
 (4021., 4032., 4015., 4029.,  36678., 1986895, 20230207110000)
 (4029., 4030., 4017., 4021.,  23406., 1985384, 20230207111500)
 (4021., 4023., 3998., 4002.,  96204., 1992142, 20230207113000)
 (3998., 3998., 3978., 3983., 169610., 2011342, 20230207134500)
 (3983., 4005., 3980., 4000.,  93889., 2007291, 20230207140000)
 (4000., 4021., 3997., 4020.,  91885., 1996018, 20230207141500)
 (4020., 4036., 4016., 4020., 126035., 1987853, 20230207143000)
 (4021., 4037., 4019., 4036.,  71349., 1986698, 20230207144500)
 (4036., 4037., 4018., 4018.,  67455., 1974498, 20230207150000)]
2023-02-08 15:30:00  INFO  [(4010., 4018., 4000., 4004., 124154., 1982378, 20230207211500)
 (4005., 4008., 3992., 3995.,  71988., 1993937, 20230207213000)
 (3995., 4004., 3986., 4000.,  82226., 2006425, 20230207214500)
 (3999., 4007., 3994., 4001.,  34790., 2007258, 20230207220000)
 (4002., 4002., 3990., 3993.,  35567., 2013285, 20230207221500)
 (3993., 3997., 3986., 3991.,  38781., 2017413, 20230207223000)
 (3991., 4005., 3987., 3999.,  48292., 2013992, 20230207224500)
 (3999., 3999., 3984., 3991.,  55119., 2012497, 20230207230000)
 (3999., 4016., 3999., 4008., 104350., 2005612, 20230208091500)
 (4007., 4013., 3998., 4010.,  48041., 2006093, 20230208093000)
 (4010., 4016., 4004., 4006.,  43077., 2006920, 20230208094500)
 (4007., 4010., 4002., 4008.,  23914., 2007241, 20230208100000)
 (4008., 4025., 4006., 4024.,  75903., 2003801, 20230208101500)
 (4024., 4044., 4024., 4042., 144702., 2005063, 20230208104500)
 (4042., 4051., 4037., 4041., 111623., 1994354, 20230208110000)
 (4041., 4041., 4030., 4035.,  52616., 1991493, 20230208111500)
 (4035., 4045., 4025., 4037.,  65845., 1979990, 20230208113000)
 (4032., 4040., 4028., 4039.,  50257., 1983634, 20230208134500)
 (4040., 4045., 4037., 4043.,  48739., 1980159, 20230208140000)
 (4043., 4050., 4042., 4049.,  67725., 1984916, 20230208141500)
 (4048., 4063., 4048., 4057.,  89410., 1986538, 20230208143000)
 (4058., 4063., 4046., 4048.,  57259., 1987927, 20230208144500)
 (4048., 4061., 4046., 4055.,  64940., 1981288, 20230208150000)]
2023-02-09 15:30:00  INFO  [(4052., 4070., 4051., 4064., 118558., 1981711, 20230208211500)
 (4065., 4066., 4055., 4061.,  45233., 1982203, 20230208213000)
 (4062., 4062., 4053., 4059.,  26453., 1985687, 20230208214500)
 (4059., 4066., 4055., 4065.,  26832., 1984083, 20230208220000)
 (4064., 4067., 4058., 4059.,  30256., 1982779, 20230208221500)
 (4059., 4060., 4054., 4057.,  21746., 1981554, 20230208223000)
 (4057., 4060., 4048., 4052.,  47507., 1977115, 20230208224500)
 (4052., 4057., 4049., 4054.,  27347., 1970862, 20230208230000)
 (4050., 4066., 4050., 4059.,  56025., 1972474, 20230209091500)
 (4059., 4063., 4054., 4060.,  27620., 1974452, 20230209093000)
 (4060., 4077., 4060., 4076.,  77087., 1981399, 20230209094500)
 (4077., 4096., 4075., 4095., 113713., 1984797, 20230209100000)
 (4095., 4100., 4085., 4097., 114189., 1986464, 20230209101500)
 (4098., 4098., 4090., 4095.,  47461., 1988279, 20230209104500)
 (4095., 4097., 4081., 4083.,  52325., 1988680, 20230209110000)
 (4083., 4088., 4074., 4077.,  45150., 1987208, 20230209111500)
 (4075., 4090., 4075., 4082.,  42485., 1986915, 20230209113000)
 (4085., 4091., 4078., 4089.,  53398., 1993602, 20230209134500)
 (4090., 4090., 4081., 4082.,  28649., 1993796, 20230209140000)
 (4082., 4084., 4076., 4082.,  37199., 1990971, 20230209141500)
 (4082., 4090., 4081., 4089.,  23539., 1989476, 20230209143000)
 (4089., 4094., 4086., 4089.,  36556., 1989840, 20230209144500)
 (4088., 4095., 4082., 4085.,  58402., 1979876, 20230209150000)]
2023-02-10 15:30:00  INFO  [(4085., 4090., 4076., 4086.,  80027., 1980427, 20230209211500)
 (4086., 4091., 4085., 4088.,  29661., 1979665, 20230209213000)
 (4088., 4095., 4086., 4093.,  24989., 1981310, 20230209214500)
 (4093., 4096., 4090., 4094.,  22521., 1983039, 20230209220000)
 (4093., 4096., 4084., 4086.,  41813., 1980131, 20230209221500)
 (4086., 4089., 4075., 4082.,  51723., 1977053, 20230209223000)
 (4082., 4084., 4063., 4068.,  89248., 1969538, 20230209224500)
 (4069., 4080., 4058., 4077.,  75837., 1960538, 20230209230000)
 (4072., 4085., 4069., 4080.,  65577., 1959808, 20230210091500)
 (4081., 4081., 4065., 4067.,  41492., 1960761, 20230210093000)
 (4067., 4077., 4062., 4064.,  50512., 1959174, 20230210094500)
 (4064., 4071., 4055., 4058.,  56899., 1960260, 20230210100000)
 (4058., 4063., 4037., 4041., 111060., 1964526, 20230210101500)
 (4041., 4054., 4035., 4043.,  75616., 1965643, 20230210104500)
 (4044., 4045., 4025., 4031., 111080., 1964837, 20230210110000)
 (4031., 4037., 4025., 4029.,  59334., 1969270, 20230210111500)
 (4028., 4036., 4021., 4021.,  60841., 1971583, 20230210113000)
 (4020., 4031., 4016., 4023.,  94414., 1974382, 20230210134500)
 (4023., 4042., 4022., 4039.,  64263., 1969599, 20230210140000)
 (4040., 4053., 4039., 4050.,  74428., 1953979, 20230210141500)
 (4050., 4076., 4050., 4075., 128741., 1941567, 20230210143000)
 (4075., 4081., 4062., 4078., 108681., 1942130, 20230210144500)
 (4079., 4081., 4069., 4074.,  63753., 1933276, 20230210150000)]
2023-02-13 15:30:00  INFO  [(4074., 4080., 4056., 4059., 119449., 1929462, 20230210211500)
 (4059., 4065., 4051., 4056.,  49110., 1934691, 20230210213000)
 (4057., 4071., 4056., 4065.,  41309., 1933987, 20230210214500)
 (4066., 4070., 4056., 4061.,  29856., 1931686, 20230210220000)
 (4061., 4064., 4056., 4060.,  19595., 1931938, 20230210221500)
 (4059., 4063., 4056., 4060.,  15873., 1931156, 20230210223000)
 (4061., 4069., 4054., 4060.,  39051., 1926822, 20230210224500)
 (4060., 4074., 4059., 4063.,  52868., 1920794, 20230210230000)
 (4060., 4062., 4035., 4038., 179633., 1929172, 20230213091500)
 (4037., 4047., 4030., 4038.,  78995., 1934012, 20230213093000)
 (4039., 4046., 4033., 4041.,  48598., 1936868, 20230213094500)
 (4042., 4043., 4030., 4035.,  60387., 1941912, 20230213100000)
 (4035., 4042., 4030., 4035.,  52938., 1942342, 20230213101500)
 (4035., 4037., 4020., 4031., 102415., 1933934, 20230213104500)
 (4032., 4037., 4025., 4031.,  34727., 1934749, 20230213110000)
 (4031., 4033., 4015., 4020.,  59122., 1944714, 20230213111500)
 (4020., 4027., 4013., 4026.,  56347., 1947704, 20230213113000)
 (4028., 4034., 4008., 4009., 134829., 1933376, 20230213134500)
 (4008., 4015., 4002., 4005.,  87969., 1936476, 20230213140000)
 (4005., 4012., 3995., 3997.,  99045., 1941106, 20230213141500)
 (3997., 4004., 3994., 3999.,  53352., 1942362, 20230213143000)
 (3998., 4005., 3997., 3997.,  39441., 1944441, 20230213144500)
 (3998., 3999., 3991., 3993.,  97353., 1942412, 20230213150000)]
2023-02-14 15:30:00  INFO  [(3992., 4000., 3983., 3999., 138497., 1959080, 20230213211500)
 (4000., 4001., 3985., 3988.,  66747., 1960193, 20230213213000)
 (3988., 3995., 3985., 3991.,  32665., 1963247, 20230213214500)
 (3990., 3994., 3980., 3985.,  37872., 1965061, 20230213220000)
 (3984., 3990., 3981., 3984.,  35753., 1966054, 20230213221500)
 (3984., 3986., 3964., 3969., 125486., 1978299, 20230213223000)
 (3968., 3973., 3961., 3963.,  57376., 1984068, 20230213224500)
 (3963., 3991., 3961., 3989., 103287., 1965830, 20230213230000)
 (3993., 4008., 3986., 4008., 120687., 1963437, 20230214091500)
 (4007., 4019., 4004., 4017., 111470., 1950024, 20230214093000)
 (4017., 4024., 4012., 4023.,  77502., 1944372, 20230214094500)
 (4022., 4024., 4010., 4020.,  66790., 1942919, 20230214100000)
 (4019., 4023., 4014., 4023.,  36572., 1941947, 20230214101500)
 (4022., 4025., 4012., 4018.,  45190., 1939059, 20230214104500)
 (4019., 4030., 4015., 4028.,  56621., 1938105, 20230214110000)
 (4029., 4030., 4022., 4023.,  44922., 1934059, 20230214111500)
 (4023., 4027., 4013., 4013.,  32633., 1928862, 20230214113000)
 (4013., 4020., 4010., 4014.,  47817., 1930794, 20230214134500)
 (4014., 4040., 4014., 4040.,  91147., 1919208, 20230214140000)
 (4040., 4044., 4034., 4044.,  95385., 1921924, 20230214141500)
 (4044., 4046., 4038., 4041.,  54850., 1921034, 20230214143000)
 (4041., 4041., 4031., 4032.,  41185., 1916474, 20230214144500)
 (4032., 4040., 4025., 4027.,  64691., 1911228, 20230214150000)]
2023-02-15 15:30:00  INFO  [(4036., 4041., 4031., 4032.,  97431., 1916237, 20230214211500)
 (4032., 4057., 4030., 4055., 107158., 1916624, 20230214213000)
 (4056., 4061., 4041., 4050., 116829., 1916697, 20230214214500)
 (4050., 4052., 4045., 4047.,  28689., 1914155, 20230214220000)
 (4047., 4058., 4047., 4052.,  38008., 1914259, 20230214221500)
 (4052., 4057., 4050., 4054.,  23051., 1913743, 20230214223000)
 (4052., 4055., 4041., 4050.,  56847., 1909631, 20230214224500)
 (4050., 4059., 4049., 4059.,  40297., 1902640, 20230214230000)
 (4065., 4076., 4061., 4071., 121157., 1897050, 20230215091500)
 (4071., 4088., 4071., 4086.,  89648., 1900869, 20230215093000)
 (4086., 4087., 4080., 4086.,  50666., 1897678, 20230215094500)
 (4087., 4088., 4073., 4082.,  50826., 1897095, 20230215100000)
 (4082., 4085., 4077., 4078.,  30583., 1897671, 20230215101500)
 (4077., 4078., 4071., 4078.,  35903., 1895641, 20230215104500)
 (4077., 4080., 4068., 4070.,  32263., 1895895, 20230215110000)
 (4070., 4076., 4062., 4068.,  50451., 1899116, 20230215111500)
 (4067., 4073., 4066., 4068.,  21590., 1898499, 20230215113000)
 (4065., 4074., 4061., 4065.,  46820., 1900105, 20230215134500)
 (4064., 4068., 4057., 4067.,  62074., 1899048, 20230215140000)
 (4067., 4069., 4053., 4059.,  61279., 1901398, 20230215141500)
 (4059., 4065., 4056., 4057.,  31271., 1905894, 20230215143000)
 (4058., 4064., 4054., 4061.,  46832., 1904959, 20230215144500)
 (4061., 4068., 4057., 4066.,  47709., 1896584, 20230215150000)]
2023-02-16 15:30:00  INFO  [(4061., 4073., 4056., 4072.,  90307., 1889397, 20230215211500)
 (4072., 4073., 4052., 4057.,  65212., 1889775, 20230215213000)
 (4056., 4066., 4054., 4063.,  31086., 1891923, 20230215214500)
 (4064., 4072., 4062., 4071.,  40696., 1897861, 20230215220000)
 (4070., 4081., 4070., 4077.,  56342., 1899075, 20230215221500)
 (4076., 4077., 4067., 4068.,  25681., 1899431, 20230215223000)
 (4067., 4076., 4067., 4074.,  20158., 1898925, 20230215224500)
 (4075., 4076., 4062., 4073.,  36234., 1892163, 20230215230000)
 (4079., 4088., 4078., 4087.,  85043., 1902335, 20230216091500)
 (4087., 4091., 4080., 4085.,  54479., 1898894, 20230216093000)
 (4084., 4088., 4074., 4075.,  32957., 1898909, 20230216094500)
 (4076., 4086., 4074., 4086.,  24683., 1898699, 20230216100000)
 (4086., 4086., 4075., 4076.,  29157., 1898176, 20230216101500)
 (4077., 4093., 4077., 4089.,  66917., 1900218, 20230216104500)
 (4089., 4112., 4088., 4108., 143934., 1907810, 20230216110000)
 (4108., 4113., 4105., 4112., 100763., 1916429, 20230216111500)
 (4111., 4116., 4107., 4114.,  65172., 1916646, 20230216113000)
 (4115., 4138., 4112., 4138., 159376., 1926195, 20230216134500)
 (4137., 4164., 4136., 4157., 263693., 1926261, 20230216140000)
 (4157., 4161., 4135., 4139., 172474., 1919739, 20230216141500)
 (4140., 4155., 4140., 4152.,  85792., 1924615, 20230216143000)
 (4151., 4152., 4128., 4130., 116232., 1920278, 20230216144500)
 (4129., 4147., 4125., 4146., 111026., 1906154, 20230216150000)]
2023-02-17 15:30:00  INFO  [(4155., 4171., 4150., 4166., 164339., 1919848, 20230216211500)
 (4167., 4167., 4155., 4160.,  55320., 1919507, 20230216213000)
 (4160., 4166., 4156., 4161.,  30259., 1922445, 20230216214500)
 (4162., 4162., 4157., 4160.,  20395., 1924702, 20230216220000)
 (4160., 4163., 4157., 4159.,  23202., 1922395, 20230216221500)
 (4159., 4161., 4153., 4155.,  24432., 1922641, 20230216223000)
 (4155., 4167., 4154., 4165.,  30793., 1919633, 20230216224500)
 (4165., 4167., 4159., 4160.,  30920., 1914561, 20230216230000)
 (4157., 4174., 4154., 4169.,  81426., 1918774, 20230217091500)
 (4169., 4175., 4165., 4174.,  31807., 1922993, 20230217093000)
 (4174., 4178., 4170., 4174.,  46384., 1928496, 20230217094500)
 (4172., 4174., 4166., 4171.,  28984., 1932121, 20230217100000)
 (4171., 4172., 4161., 4167.,  42179., 1931863, 20230217101500)
 (4167., 4174., 4163., 4171.,  35680., 1932174, 20230217104500)
 (4171., 4178., 4168., 4170.,  43424., 1937664, 20230217110000)
 (4170., 4171., 4153., 4156.,  57572., 1939107, 20230217111500)
 (4156., 4162., 4146., 4152.,  73108., 1940573, 20230217113000)
 (4148., 4160., 4148., 4158.,  50653., 1944586, 20230217134500)
 (4158., 4162., 4155., 4157.,  30192., 1948385, 20230217140000)
 (4157., 4169., 4153., 4165.,  56030., 1954389, 20230217141500)
 (4166., 4167., 4152., 4154.,  49860., 1954528, 20230217143000)
 (4155., 4166., 4153., 4162.,  35955., 1953714, 20230217144500)
 (4162., 4169., 4155., 4167.,  48876., 1946318, 20230217150000)]
2023-02-20 15:30:00  INFO  [(4150., 4165., 4140., 4160., 120935., 1949947, 20230217211500)
 (4160., 4163., 4130., 4132., 110760., 1940785, 20230217213000)
 (4132., 4155., 4130., 4152.,  80654., 1938374, 20230217214500)
 (4152., 4159., 4150., 4154.,  28847., 1939343, 20230217220000)
 (4154., 4171., 4154., 4168.,  72768., 1948520, 20230217221500)
 (4168., 4169., 4159., 4160.,  25893., 1947156, 20230217223000)
 (4160., 4174., 4159., 4172.,  45430., 1946778, 20230217224500)
 (4172., 4175., 4159., 4170.,  81622., 1941469, 20230217230000)
 (4160., 4177., 4155., 4156., 127528., 1943354, 20230220091500)
 (4156., 4161., 4151., 4159.,  51727., 1943606, 20230220093000)
 (4159., 4164., 4152., 4157.,  44434., 1949830, 20230220094500)
 (4156., 4170., 4155., 4168.,  34583., 1948762, 20230220100000)
 (4167., 4181., 4165., 4175.,  83421., 1958046, 20230220101500)
 (4175., 4192., 4175., 4183.,  93292., 1960124, 20230220104500)
 (4184., 4185., 4170., 4174.,  47503., 1961616, 20230220110000)
 (4174., 4179., 4170., 4176.,  32151., 1963485, 20230220111500)
 (4176., 4184., 4171., 4178.,  32092., 1966201, 20230220113000)
 (4185., 4194., 4181., 4190.,  77724., 1965936, 20230220134500)
 (4189., 4192., 4182., 4186.,  35501., 1967248, 20230220140000)
 (4187., 4192., 4185., 4190.,  26108., 1968700, 20230220141500)
 (4190., 4191., 4178., 4184.,  34852., 1967030, 20230220143000)
 (4185., 4190., 4180., 4184.,  29260., 1965786, 20230220144500)
 (4184., 4186., 4178., 4184.,  49371., 1960497, 20230220150000)]
2023-02-21 15:30:00  INFO  [(4195., 4213., 4191., 4213., 167020., 1972056, 20230220211500)
 (4212., 4230., 4207., 4223., 166705., 1956061, 20230220213000)
 (4223., 4229., 4221., 4225.,  46435., 1957591, 20230220214500)
 (4226., 4233., 4223., 4232.,  56714., 1965584, 20230220220000)
 (4230., 4232., 4225., 4229.,  39890., 1970621, 20230220221500)
 (4229., 4239., 4228., 4236.,  50469., 1976128, 20230220223000)
 (4237., 4245., 4235., 4244.,  48511., 1977205, 20230220224500)
 (4244., 4245., 4234., 4238.,  65296., 1972045, 20230220230000)
 (4241., 4247., 4236., 4245.,  69289., 1974578, 20230221091500)
 (4245., 4248., 4237., 4240.,  44125., 1980686, 20230221093000)
 (4240., 4242., 4227., 4234.,  74928., 1981329, 20230221094500)
 (4234., 4238., 4226., 4230.,  49388., 1980841, 20230221100000)
 (4230., 4235., 4224., 4233.,  38949., 1978898, 20230221101500)
 (4233., 4243., 4232., 4234.,  42739., 1978798, 20230221104500)
 (4234., 4236., 4227., 4229.,  26449., 1979093, 20230221110000)
 (4228., 4236., 4218., 4224.,  59915., 1971031, 20230221111500)
 (4224., 4234., 4223., 4233.,  31149., 1969226, 20230221113000)
 (4233., 4245., 4232., 4244.,  68408., 1966477, 20230221134500)
 (4244., 4250., 4243., 4248.,  71376., 1975848, 20230221140000)
 (4248., 4254., 4242., 4253.,  53763., 1972457, 20230221141500)
 (4253., 4255., 4242., 4249.,  48286., 1974377, 20230221143000)
 (4249., 4251., 4242., 4250.,  24588., 1976814, 20230221144500)
 (4250., 4258., 4248., 4254.,  77190., 1971799, 20230221150000)]
2023-02-22 15:30:00  INFO  [(4228., 4255., 4228., 4251., 130375., 1970480, 20230221211500)
 (4251., 4252., 4233., 4237.,  70165., 1966256, 20230221213000)
 (4237., 4240., 4227., 4230.,  54455., 1965380, 20230221214500)
 (4229., 4237., 4225., 4235.,  59687., 1965512, 20230221220000)
 (4234., 4242., 4234., 4237.,  31872., 1965035, 20230221221500)
 (4237., 4244., 4235., 4241.,  18330., 1965490, 20230221223000)
 (4242., 4250., 4241., 4248.,  38968., 1966094, 20230221224500)
 (4248., 4249., 4240., 4245.,  37905., 1962293, 20230221230000)
 (4242., 4242., 4228., 4233.,  77445., 1961006, 20230222091500)
 (4234., 4247., 4233., 4244.,  46983., 1963888, 20230222093000)
 (4244., 4249., 4239., 4240.,  35207., 1965263, 20230222094500)
 (4240., 4242., 4235., 4239.,  28153., 1966355, 20230222100000)
 (4238., 4250., 4237., 4248.,  35981., 1966802, 20230222101500)
 (4250., 4266., 4248., 4264., 110306., 1976229, 20230222104500)
 (4264., 4271., 4260., 4268.,  74116., 1982116, 20230222110000)
 (4269., 4271., 4261., 4266.,  34138., 1983977, 20230222111500)
 (4266., 4268., 4260., 4262.,  29782., 1986198, 20230222113000)
 (4267., 4278., 4254., 4256., 116283., 1991906, 20230222134500)
 (4255., 4255., 4228., 4234., 152421., 1973249, 20230222140000)
 (4233., 4238., 4226., 4226.,  69462., 1977641, 20230222141500)
 (4226., 4237., 4225., 4231.,  68877., 1980043, 20230222143000)
 (4231., 4246., 4228., 4243.,  69280., 1979340, 20230222144500)
 (4243., 4245., 4232., 4237.,  54070., 1974418, 20230222150000)]
2023-02-23 15:30:00  INFO  [(4260., 4274., 4250., 4251., 207939., 1991840, 20230222211500)
 (4252., 4264., 4245., 4262.,  71233., 1998836, 20230222213000)
 (4261., 4269., 4261., 4266.,  52687., 2009951, 20230222214500)
 (4266., 4268., 4258., 4264.,  29094., 2012618, 20230222220000)
 (4263., 4273., 4261., 4272.,  52916., 2020898, 20230222221500)
 (4272., 4289., 4269., 4270., 128194., 2030837, 20230222223000)
 (4270., 4284., 4265., 4284.,  66848., 2034168, 20230222224500)
 (4283., 4288., 4277., 4285.,  52242., 2031591, 20230222230000)
 (4283., 4289., 4267., 4271.,  91948., 2028914, 20230223091500)
 (4271., 4282., 4269., 4277.,  35808., 2031097, 20230223093000)
 (4278., 4285., 4270., 4284.,  37090., 2032599, 20230223094500)
 (4284., 4288., 4278., 4287.,  42411., 2037561, 20230223100000)
 (4287., 4288., 4276., 4280.,  32096., 2040438, 20230223101500)
 (4280., 4281., 4267., 4273.,  59379., 2042788, 20230223104500)
 (4273., 4281., 4269., 4271.,  36071., 2044044, 20230223110000)
 (4272., 4283., 4269., 4278.,  39093., 2045843, 20230223111500)
 (4278., 4289., 4278., 4285.,  65595., 2051286, 20230223113000)
 (4284., 4284., 4260., 4271., 160913., 2043629, 20230223134500)
 (4271., 4273., 4240., 4244., 170305., 2031585, 20230223140000)
 (4244., 4257., 4235., 4249., 104966., 2026378, 20230223141500)
 (4249., 4250., 4229., 4232., 154456., 2023263, 20230223143000)
 (4232., 4240., 4220., 4228., 103296., 2014869, 20230223144500)
 (4227., 4234., 4221., 4228., 101567., 2005675, 20230223150000)]
2023-02-24 15:30:00  INFO  [(4227., 4233., 4212., 4224., 152070., 2010819, 20230223211500)
 (4224., 4227., 4218., 4225.,  63526., 2017444, 20230223213000)
 (4224., 4239., 4222., 4236.,  78525., 2019311, 20230223214500)
 (4237., 4239., 4220., 4226.,  57784., 2021613, 20230223220000)
 (4225., 4234., 4225., 4232.,  37762., 2025379, 20230223221500)
 (4232., 4238., 4230., 4233.,  22048., 2026837, 20230223223000)
 (4233., 4243., 4228., 4228.,  44407., 2025983, 20230223224500)
 (4229., 4244., 4228., 4239.,  64202., 2018523, 20230223230000)
 (4232., 4239., 4226., 4231.,  60324., 2021543, 20230224091500)
 (4230., 4235., 4223., 4231.,  51377., 2024391, 20230224093000)
 (4231., 4233., 4208., 4219., 116105., 2036806, 20230224094500)
 (4220., 4232., 4217., 4227.,  67091., 2036025, 20230224100000)
 (4227., 4240., 4227., 4239.,  54324., 2040205, 20230224101500)
 (4238., 4238., 4226., 4227.,  35451., 2042004, 20230224104500)
 (4227., 4229., 4207., 4210., 105304., 2048217, 20230224110000)
 (4210., 4213., 4195., 4209., 158911., 2056182, 20230224111500)
 (4208., 4218., 4203., 4209.,  65269., 2055319, 20230224113000)
 (4206., 4211., 4193., 4194.,  90338., 2066711, 20230224134500)
 (4194., 4205., 4187., 4203., 110874., 2071929, 20230224140000)
 (4204., 4212., 4201., 4203.,  58219., 2075209, 20230224141500)
 (4204., 4210., 4195., 4206.,  39307., 2074157, 20230224143000)
 (4207., 4217., 4203., 4215.,  50993., 2068771, 20230224144500)
 (4215., 4226., 4215., 4224.,  85205., 2057187, 20230224150000)]
2023-02-27 15:30:00  INFO  [(4200., 4205., 4177., 4201., 231097., 2048046, 20230224211500)
 (4200., 4217., 4198., 4213.,  83507., 2054816, 20230224213000)
 (4212., 4213., 4205., 4208.,  33812., 2055004, 20230224214500)
 (4209., 4209., 4196., 4203.,  55516., 2056223, 20230224220000)
 (4202., 4211., 4198., 4203.,  35628., 2053729, 20230224221500)
 (4203., 4207., 4186., 4188.,  61659., 2054620, 20230224223000)
 (4189., 4199., 4184., 4188.,  72974., 2049648, 20230224224500)
 (4188., 4194., 4175., 4184., 108598., 2025663, 20230224230000)
 (4189., 4230., 4189., 4227., 243627., 2039883, 20230227091500)
 (4227., 4232., 4220., 4230.,  72028., 2043654, 20230227093000)
 (4229., 4238., 4226., 4235.,  65916., 2047916, 20230227094500)
 (4236., 4240., 4233., 4237.,  43325., 2049580, 20230227100000)
 (4237., 4238., 4222., 4227.,  61869., 2047979, 20230227101500)
 (4227., 4231., 4221., 4222.,  37442., 2042966, 20230227104500)
 (4222., 4232., 4219., 4228.,  35173., 2040845, 20230227110000)
 (4228., 4228., 4215., 4215.,  43435., 2037297, 20230227111500)
 (4214., 4218., 4180., 4183., 166113., 2022114, 20230227113000)
 (4183., 4188., 4173., 4183., 159006., 2005273, 20230227134500)
 (4181., 4200., 4181., 4187., 102178., 1992516, 20230227140000)
 (4187., 4196., 4186., 4187.,  34368., 1989433, 20230227141500)
 (4187., 4193., 4179., 4181.,  47750., 1991607, 20230227143000)
 (4181., 4190., 4175., 4189.,  66122., 1987374, 20230227144500)
 (4189., 4195., 4183., 4191.,  64027., 1975574, 20230227150000)]
2023-02-28 15:30:00  INFO  [(4190., 4193., 4171., 4175., 131377., 1979185, 20230227211500)
 (4174., 4182., 4168., 4178.,  67286., 1981995, 20230227213000)
 (4179., 4186., 4174., 4174.,  46277., 1983511, 20230227214500)
 (4175., 4179., 4172., 4176.,  28247., 1982532, 20230227220000)
 (4175., 4177., 4165., 4170.,  62805., 1980639, 20230227221500)
 (4169., 4178., 4168., 4174.,  28304., 1978281, 20230227223000)
 (4174., 4175., 4166., 4169.,  32793., 1978020, 20230227224500)
 (4168., 4176., 4168., 4175.,  25904., 1970890, 20230227230000)
 (4177., 4191., 4177., 4184.,  79422., 1972334, 20230228091500)
 (4184., 4189., 4178., 4185.,  38712., 1972971, 20230228093000)
 (4184., 4188., 4172., 4173.,  50189., 1975255, 20230228094500)
 (4173., 4173., 4162., 4164.,  89485., 1980386, 20230228100000)
 (4163., 4171., 4162., 4166.,  54403., 1980357, 20230228101500)
 (4165., 4170., 4160., 4170.,  57022., 1979370, 20230228104500)
 (4169., 4182., 4162., 4163.,  83593., 1973529, 20230228110000)
 (4164., 4164., 4158., 4164.,  60347., 1974011, 20230228111500)
 (4164., 4177., 4161., 4171.,  51814., 1970745, 20230228113000)
 (4168., 4172., 4162., 4168.,  41206., 1970198, 20230228134500)
 (4168., 4173., 4165., 4167.,  20758., 1970111, 20230228140000)
 (4167., 4167., 4154., 4159.,  76426., 1966461, 20230228141500)
 (4158., 4164., 4150., 4154.,  81832., 1964627, 20230228143000)
 (4155., 4168., 4151., 4167.,  65461., 1958011, 20230228144500)
 (4168., 4181., 4165., 4174.,  96038., 1943334, 20230228150000)]
2023-03-01 15:30:00  INFO  [(4175., 4198., 4175., 4189., 165626., 1942541, 20230228211500)
 (4190., 4192., 4178., 4179.,  68718., 1943462, 20230228213000)
 (4179., 4182., 4174., 4178.,  53793., 1947154, 20230228214500)
 (4178., 4184., 4174., 4178.,  54642., 1949960, 20230228220000)
 (4178., 4182., 4176., 4179.,  21479., 1947281, 20230228221500)
 (4179., 4184., 4176., 4181.,  16779., 1946008, 20230228223000)
 (4180., 4182., 4171., 4176.,  33528., 1946075, 20230228224500)
 (4175., 4182., 4174., 4179.,  31796., 1938688, 20230228230000)
 (4178., 4180., 4164., 4175.,  66936., 1942696, 20230301091500)
 (4175., 4187., 4175., 4186.,  42285., 1946035, 20230301093000)
 (4186., 4193., 4181., 4188.,  75672., 1956158, 20230301094500)
 (4188., 4213., 4188., 4211., 122692., 1959307, 20230301100000)
 (4212., 4220., 4205., 4219., 116335., 1963917, 20230301101500)
 (4219., 4225., 4214., 4221.,  80467., 1964788, 20230301104500)
 (4221., 4222., 4210., 4216.,  55167., 1967604, 20230301110000)
 (4217., 4218., 4211., 4217.,  27026., 1970592, 20230301111500)
 (4217., 4220., 4211., 4216.,  32634., 1968555, 20230301113000)
 (4210., 4210., 4196., 4201., 124942., 1976419, 20230301134500)
 (4201., 4203., 4190., 4192.,  68706., 1975595, 20230301140000)
 (4191., 4209., 4191., 4207.,  48417., 1975492, 20230301141500)
 (4207., 4226., 4207., 4216., 121851., 1990023, 20230301143000)
 (4216., 4217., 4208., 4213.,  47124., 1989334, 20230301144500)
 (4214., 4220., 4212., 4216.,  56828., 1983020, 20230301150000)]
2023-03-02 15:30:00  INFO  [(4213., 4220., 4205., 4207.,  93847., 1986172, 20230301211500)
 (4206., 4211., 4205., 4206.,  30119., 1986514, 20230301213000)
 (4207., 4214., 4205., 4208.,  29060., 1982680, 20230301214500)
 (4208., 4214., 4206., 4213.,  22281., 1980518, 20230301220000)
 (4213., 4213., 4206., 4207.,  15246., 1981681, 20230301221500)
 (4207., 4209., 4203., 4207.,  28743., 1981124, 20230301223000)
 (4207., 4213., 4206., 4209.,  19411., 1981296, 20230301224500)
 (4209., 4218., 4208., 4213.,  35088., 1972716, 20230301230000)
 (4217., 4230., 4213., 4226.,  83235., 1970069, 20230302091500)
 (4227., 4233., 4224., 4230.,  45358., 1971172, 20230302093000)
 (4230., 4232., 4216., 4219.,  53127., 1970530, 20230302094500)
 (4219., 4227., 4218., 4226.,  27125., 1971605, 20230302100000)
 (4227., 4228., 4217., 4220.,  22991., 1971115, 20230302101500)
 (4220., 4225., 4210., 4212.,  50756., 1973742, 20230302104500)
 (4212., 4224., 4210., 4220.,  43113., 1970092, 20230302110000)
 (4221., 4225., 4217., 4221.,  20769., 1970240, 20230302111500)
 (4220., 4223., 4217., 4218.,  20014., 1971424, 20230302113000)
 (4217., 4236., 4208., 4225., 173535., 1970422, 20230302134500)
 (4225., 4233., 4224., 4229.,  62500., 1977668, 20230302140000)
 (4228., 4231., 4224., 4226.,  28361., 1979381, 20230302141500)
 (4227., 4231., 4224., 4226.,  22561., 1980727, 20230302143000)
 (4225., 4230., 4225., 4228.,  18184., 1977167, 20230302144500)
 (4228., 4232., 4225., 4225.,  48064., 1971186, 20230302150000)]
2023-03-03 15:30:00  INFO  [(4229., 4241., 4225., 4229., 139398., 1974399, 20230302211500)
 (4229., 4237., 4228., 4235.,  37778., 1973541, 20230302213000)
 (4234., 4237., 4230., 4232.,  28524., 1972888, 20230302214500)
 (4232., 4233., 4223., 4226.,  41203., 1970521, 20230302220000)
 (4227., 4231., 4223., 4230.,  32124., 1970408, 20230302221500)
 (4230., 4231., 4224., 4226.,  26535., 1969451, 20230302223000)
 (4226., 4227., 4218., 4225.,  40866., 1971258, 20230302224500)
 (4224., 4231., 4222., 4228.,  31425., 1962430, 20230302230000)
 (4228., 4244., 4225., 4240.,  91623., 1959878, 20230303091500)
 (4240., 4243., 4237., 4241.,  32377., 1961272, 20230303093000)
 (4242., 4247., 4238., 4245.,  43830., 1961941, 20230303094500)
 (4246., 4260., 4244., 4260., 101809., 1956908, 20230303100000)
 (4260., 4263., 4255., 4260.,  59580., 1963893, 20230303101500)
 (4260., 4268., 4257., 4264.,  55702., 1968189, 20230303104500)
 (4265., 4268., 4256., 4261.,  43209., 1976455, 20230303110000)
 (4262., 4263., 4253., 4261.,  61024., 1971867, 20230303111500)
 (4261., 4266., 4260., 4265.,  23527., 1971226, 20230303113000)
 (4263., 4272., 4260., 4270.,  68412., 1979705, 20230303134500)
 (4269., 4272., 4264., 4268.,  32948., 1983443, 20230303140000)
 (4269., 4276., 4266., 4274.,  39690., 1990004, 20230303141500)
 (4274., 4278., 4272., 4274.,  33341., 1993919, 20230303143000)
 (4274., 4277., 4269., 4271.,  34954., 1992142, 20230303144500)
 (4272., 4274., 4267., 4272.,  54619., 1981344, 20230303150000)]
2023-03-06 15:30:00  INFO  [(4260., 4270., 4254., 4259., 149349., 1969506, 20230303211500)
 (4258., 4261., 4247., 4247., 100426., 1969366, 20230303213000)
 (4247., 4253., 4242., 4248.,  89233., 1977679, 20230303214500)
 (4249., 4252., 4244., 4245.,  32957., 1981479, 20230303220000)
 (4245., 4258., 4244., 4255.,  38982., 1981745, 20230303221500)
 (4254., 4259., 4251., 4254.,  25575., 1984583, 20230303223000)
 (4255., 4258., 4248., 4249.,  30151., 1981651, 20230303224500)
 (4249., 4251., 4243., 4250.,  51049., 1976494, 20230303230000)
 (4226., 4226., 4184., 4195., 430109., 1984883, 20230306091500)
 (4195., 4197., 4189., 4190.,  91826., 1985397, 20230306093000)
 (4189., 4194., 4183., 4188.,  82745., 1983895, 20230306094500)
 (4188., 4194., 4182., 4188.,  62869., 1983079, 20230306100000)
 (4190., 4192., 4182., 4183.,  40597., 1984271, 20230306101500)
 (4183., 4186., 4175., 4177.,  75238., 1979837, 20230306104500)
 (4177., 4196., 4175., 4195.,  80319., 1977691, 20230306110000)
 (4196., 4196., 4187., 4188.,  42707., 1977717, 20230306111500)
 (4187., 4194., 4185., 4193.,  24143., 1974326, 20230306113000)
 (4192., 4197., 4189., 4192.,  36864., 1972827, 20230306134500)
 (4192., 4202., 4192., 4200.,  57678., 1970605, 20230306140000)
 (4200., 4209., 4200., 4207.,  59471., 1968166, 20230306141500)
 (4206., 4207., 4197., 4200.,  35645., 1970675, 20230306143000)
 (4200., 4214., 4200., 4213.,  49179., 1971619, 20230306144500)
 (4213., 4216., 4209., 4210.,  74892., 1961814, 20230306150000)]
2023-03-07 15:30:00  INFO  [(4212., 4221., 4206., 4207., 119972., 1974930, 20230306211500)
 (4207., 4215., 4207., 4210.,  29720., 1978812, 20230306213000)
 (4210., 4215., 4204., 4206.,  40975., 1987478, 20230306214500)
 (4205., 4207., 4199., 4202.,  41301., 1988622, 20230306220000)
 (4202., 4210., 4200., 4207.,  35837., 1983739, 20230306221500)
 (4207., 4213., 4204., 4210.,  25448., 1984529, 20230306223000)
 (4210., 4213., 4205., 4210.,  20128., 1983624, 20230306224500)
 (4209., 4213., 4204., 4205.,  25939., 1978966, 20230306230000)
 (4204., 4219., 4203., 4216.,  54947., 1982610, 20230307091500)
 (4215., 4218., 4208., 4217.,  40774., 1982540, 20230307093000)
 (4217., 4240., 4213., 4237., 123742., 1981707, 20230307094500)
 (4237., 4253., 4236., 4245., 131318., 1985726, 20230307100000)
 (4244., 4248., 4238., 4244.,  52125., 1989957, 20230307101500)
 (4244., 4253., 4241., 4252.,  50861., 1992973, 20230307104500)
 (4253., 4255., 4243., 4248.,  54489., 2000266, 20230307110000)
 (4248., 4248., 4238., 4247.,  48752., 1999592, 20230307111500)
 (4247., 4269., 4247., 4268., 133952., 2007857, 20230307113000)
 (4267., 4273., 4262., 4268., 106150., 2034091, 20230307134500)
 (4267., 4269., 4255., 4263.,  94344., 2043506, 20230307140000)
 (4262., 4266., 4255., 4259.,  58384., 2045611, 20230307141500)
 (4259., 4263., 4252., 4256.,  42064., 2046953, 20230307143000)
 (4256., 4259., 4245., 4250.,  69925., 2054563, 20230307144500)
 (4251., 4255., 4244., 4248.,  63040., 2048392, 20230307150000)]
2023-03-08 15:30:00  INFO  [(4249., 4262., 4247., 4248., 110520., 2054784, 20230307211500)
 (4248., 4256., 4248., 4254.,  32502., 2056471, 20230307213000)
 (4253., 4257., 4250., 4254.,  21288., 2058061, 20230307214500)
 (4254., 4258., 4251., 4256.,  19082., 2057615, 20230307220000)
 (4256., 4262., 4256., 4257.,  34164., 2057653, 20230307221500)
 (4258., 4267., 4257., 4262.,  41884., 2051519, 20230307223000)
 (4261., 4262., 4254., 4254.,  26439., 2051135, 20230307224500)
 (4255., 4256., 4252., 4253.,  28139., 2047462, 20230307230000)
 (4241., 4251., 4221., 4248., 146431., 2045155, 20230308091500)
 (4248., 4254., 4244., 4251.,  39673., 2047742, 20230308093000)
 (4251., 4263., 4248., 4256.,  60370., 2048822, 20230308094500)
 (4257., 4261., 4252., 4260.,  32271., 2049928, 20230308100000)
 (4259., 4262., 4251., 4260.,  33586., 2052538, 20230308101500)
 (4260., 4263., 4254., 4256.,  27894., 2052603, 20230308104500)
 (4256., 4259., 4246., 4247.,  42342., 2055373, 20230308110000)
 (4247., 4253., 4243., 4253.,  42891., 2051918, 20230308111500)
 (4253., 4260., 4248., 4248.,  43540., 2048763, 20230308113000)
 (4254., 4259., 4242., 4244.,  78016., 2053546, 20230308134500)
 (4244., 4256., 4243., 4253.,  54703., 2054250, 20230308140000)
 (4253., 4256., 4248., 4250.,  30447., 2058378, 20230308141500)
 (4250., 4254., 4244., 4245.,  39603., 2054399, 20230308143000)
 (4245., 4251., 4241., 4250.,  36314., 2054004, 20230308144500)
 (4250., 4253., 4248., 4249.,  36548., 2048137, 20230308150000)]
2023-03-09 15:30:00  INFO  [(4250., 4265., 4250., 4264., 137348., 2048023, 20230308211500)
 (4263., 4265., 4256., 4258.,  41559., 2051579, 20230308213000)
 (4257., 4263., 4256., 4260.,  31441., 2054237, 20230308214500)
 (4261., 4265., 4257., 4259.,  34163., 2059168, 20230308220000)
 (4258., 4262., 4244., 4245.,  78877., 2060858, 20230308221500)
 (4246., 4248., 4233., 4235.,  92515., 2054424, 20230308223000)
 (4235., 4235., 4212., 4218., 187045., 2032200, 20230308224500)
 (4218., 4238., 4216., 4235., 110686., 2017800, 20230308230000)
 (4233., 4242., 4224., 4231.,  85432., 2026691, 20230309091500)
 (4231., 4237., 4229., 4234.,  31396., 2029082, 20230309093000)
 (4233., 4237., 4226., 4235.,  31635., 2031288, 20230309094500)
 (4235., 4235., 4223., 4228.,  36103., 2029522, 20230309100000)
 (4227., 4235., 4224., 4233.,  35568., 2027110, 20230309101500)
 (4233., 4237., 4223., 4227.,  46995., 2029910, 20230309104500)
 (4228., 4230., 4214., 4218.,  54001., 2035270, 20230309110000)
 (4220., 4220., 4206., 4211., 109505., 2043772, 20230309111500)
 (4211., 4228., 4209., 4221.,  81530., 2043267, 20230309113000)
 (4235., 4261., 4224., 4259., 439011., 2012611, 20230309134500)
 (4260., 4270., 4257., 4262., 168139., 2027566, 20230309140000)
 (4262., 4275., 4258., 4273., 122649., 2041000, 20230309141500)
 (4273., 4302., 4273., 4296., 314033., 2105708, 20230309143000)
 (4296., 4308., 4294., 4306., 161680., 2120027, 20230309144500)
 (4307., 4322., 4304., 4313., 207993., 2107683, 20230309150000)]
2023-03-10 15:30:00  INFO  [(4325., 4331., 4315., 4328., 194418., 2130637, 20230309211500)
 (4328., 4335., 4323., 4334.,  71338., 2136391, 20230309213000)
 (4335., 4336., 4328., 4333.,  56261., 2130660, 20230309214500)
 (4333., 4340., 4332., 4339.,  54711., 2128329, 20230309220000)
 (4338., 4346., 4338., 4344.,  64234., 2126795, 20230309221500)
 (4343., 4345., 4329., 4332.,  69372., 2117968, 20230309223000)
 (4333., 4342., 4332., 4340.,  41213., 2118693, 20230309224500)
 (4340., 4343., 4336., 4338.,  33637., 2114544, 20230309230000)
 (4326., 4336., 4324., 4330.,  94393., 2115371, 20230310091500)
 (4330., 4337., 4322., 4328.,  48468., 2117978, 20230310093000)
 (4328., 4329., 4321., 4328.,  38544., 2123708, 20230310094500)
 (4329., 4333., 4323., 4324.,  33928., 2122981, 20230310100000)
 (4324., 4329., 4316., 4318.,  56494., 2121802, 20230310101500)
 (4317., 4327., 4315., 4327.,  44073., 2120339, 20230310104500)
 (4326., 4329., 4318., 4323.,  39764., 2114879, 20230310110000)
 (4323., 4327., 4311., 4313.,  47726., 2110506, 20230310111500)
 (4312., 4316., 4303., 4313.,  96105., 2102027, 20230310113000)
 (4313., 4332., 4311., 4328.,  79140., 2101908, 20230310134500)
 (4328., 4337., 4328., 4335.,  69242., 2107873, 20230310140000)
 (4335., 4345., 4331., 4341.,  78924., 2104747, 20230310141500)
 (4341., 4345., 4331., 4341.,  61668., 2100646, 20230310143000)
 (4342., 4348., 4337., 4341.,  68689., 2095936, 20230310144500)
 (4340., 4341., 4308., 4314., 209924., 2073405, 20230310150000)]
2023-03-13 15:30:00  INFO  [(4327., 4339., 4317., 4323., 165942., 2084500, 20230310211500)
 (4323., 4332., 4322., 4329.,  44384., 2088592, 20230310213000)
 (4329., 4360., 4328., 4354., 148721., 2103753, 20230310214500)
 (4353., 4358., 4345., 4345.,  63204., 2108802, 20230310220000)
 (4346., 4349., 4337., 4339.,  57401., 2106095, 20230310221500)
 (4338., 4348., 4338., 4343.,  30984., 2105930, 20230310223000)
 (4344., 4346., 4338., 4341.,  31572., 2107752, 20230310224500)
 (4342., 4349., 4327., 4346.,  81367., 2098153, 20230310230000)
 (4346., 4358., 4333., 4348., 148403., 2097211, 20230313091500)
 (4347., 4354., 4342., 4351.,  67901., 2095265, 20230313093000)
 (4350., 4371., 4349., 4368., 106585., 2090735, 20230313094500)
 (4368., 4376., 4360., 4364.,  97435., 2083389, 20230313100000)
 (4364., 4370., 4354., 4360.,  61533., 2083451, 20230313101500)
 (4360., 4377., 4360., 4374.,  77943., 2090606, 20230313104500)
 (4375., 4377., 4367., 4371.,  38213., 2091855, 20230313110000)
 (4371., 4375., 4364., 4368.,  31147., 2094868, 20230313111500)
 (4368., 4376., 4365., 4369.,  34271., 2092207, 20230313113000)
 (4370., 4372., 4358., 4359.,  54712., 2096251, 20230313134500)
 (4359., 4364., 4356., 4361.,  39219., 2097921, 20230313140000)
 (4360., 4366., 4358., 4366.,  19520., 2096464, 20230313141500)
 (4365., 4369., 4360., 4361.,  29988., 2095693, 20230313143000)
 (4361., 4368., 4358., 4366.,  25114., 2091833, 20230313144500)
 (4367., 4374., 4364., 4371.,  69672., 2073723, 20230313150000)]
2023-03-14 15:30:00  INFO  [(4328., 4359., 4327., 4348., 245586., 2047367, 20230313211500)
 (4348., 4365., 4347., 4362.,  74554., 2043661, 20230313213000)
 (4363., 4365., 4356., 4362.,  45854., 2041548, 20230313214500)
 (4362., 4369., 4359., 4367.,  34702., 2043308, 20230313220000)
 (4368., 4381., 4366., 4377.,  80246., 2044849, 20230313221500)
 (4378., 4380., 4372., 4377.,  32626., 2043096, 20230313223000)
 (4377., 4390., 4376., 4388.,  61159., 2048368, 20230313224500)
 (4388., 4392., 4385., 4385.,  60329., 2041878, 20230313230000)
 (4385., 4391., 4381., 4387.,  61304., 2042508, 20230314091500)
 (4387., 4390., 4381., 4381.,  34090., 2044868, 20230314093000)
 (4381., 4382., 4373., 4381.,  44423., 2042330, 20230314094500)
 (4380., 4384., 4373., 4376.,  30942., 2044076, 20230314100000)
 (4375., 4380., 4372., 4376.,  32943., 2041698, 20230314101500)
 (4374., 4383., 4369., 4380.,  46041., 2040693, 20230314104500)
 (4381., 4381., 4354., 4358., 117327., 2038710, 20230314110000)
 (4359., 4368., 4355., 4364.,  60352., 2037195, 20230314111500)
 (4363., 4372., 4363., 4366.,  39106., 2037140, 20230314113000)
 (4366., 4377., 4364., 4375.,  67338., 2030024, 20230314134500)
 (4376., 4378., 4370., 4376.,  47412., 2027402, 20230314140000)
 (4375., 4401., 4375., 4393., 166365., 2036540, 20230314141500)
 (4392., 4394., 4379., 4391., 103632., 2026379, 20230314143000)
 (4391., 4394., 4383., 4391.,  62891., 2017380, 20230314144500)
 (4391., 4391., 4362., 4373., 153843., 1999189, 20230314150000)]
2023-03-15 15:30:00  INFO  [(4379., 4386., 4365., 4368., 173492., 1987003, 20230314211500)
 (4368., 4372., 4361., 4363.,  64989., 1978415, 20230314213000)
 (4363., 4373., 4360., 4371.,  62182., 1972452, 20230314214500)
 (4371., 4381., 4366., 4378.,  55200., 1968890, 20230314220000)
 (4378., 4381., 4374., 4380.,  38412., 1966430, 20230314221500)
 (4380., 4384., 4378., 4378.,  34657., 1966147, 20230314223000)
 (4378., 4383., 4373., 4378.,  26443., 1962439, 20230314224500)
 (4379., 4382., 4375., 4377.,  22374., 1956441, 20230314230000)
 (4375., 4377., 4368., 4371.,  53007., 1956614, 20230315091500)
 (4372., 4381., 4369., 4381.,  39710., 1954848, 20230315093000)
 (4379., 4381., 4369., 4374.,  35037., 1951200, 20230315094500)
 (4375., 4375., 4368., 4372.,  20536., 1949313, 20230315100000)
 (4373., 4394., 4370., 4383.,  96226., 1951136, 20230315101500)
 (4383., 4384., 4369., 4372.,  55968., 1948601, 20230315104500)
 (4372., 4376., 4354., 4363.,  89296., 1946516, 20230315110000)
 (4364., 4370., 4360., 4360.,  51499., 1944414, 20230315111500)
 (4360., 4364., 4352., 4359.,  54830., 1944770, 20230315113000)
 (4358., 4364., 4350., 4363.,  84006., 1946419, 20230315134500)
 (4362., 4364., 4336., 4341., 113593., 1941848, 20230315140000)
 (4340., 4345., 4333., 4342., 105797., 1938706, 20230315141500)
 (4342., 4349., 4331., 4332.,  64307., 1926680, 20230315143000)
 (4332., 4336., 4318., 4325., 149923., 1905420, 20230315144500)
 (4326., 4335., 4323., 4332.,  83636., 1888550, 20230315150000)]
2023-03-16 15:30:00  INFO  [(4295., 4308., 4286., 4298., 301951., 1846580, 20230315211500)
 (4299., 4303., 4286., 4296.,  97104., 1840970, 20230315213000)
 (4296., 4307., 4291., 4300.,  72329., 1834989, 20230315214500)
 (4301., 4303., 4288., 4291.,  60893., 1835147, 20230315220000)
 (4291., 4294., 4289., 4289.,  46391., 1833354, 20230315221500)
 (4288., 4292., 4285., 4287.,  43388., 1832986, 20230315223000)
 (4287., 4288., 4273., 4278., 126310., 1822491, 20230315224500)
 (4278., 4289., 4277., 4287.,  61340., 1811195, 20230315230000)
 (4290., 4302., 4263., 4265., 177850., 1799823, 20230316091500)
 (4264., 4273., 4255., 4264., 134180., 1792360, 20230316093000)
 (4264., 4270., 4258., 4262.,  62033., 1792059, 20230316094500)
 (4263., 4270., 4258., 4259.,  50212., 1785857, 20230316100000)
 (4259., 4261., 4230., 4231., 182122., 1770177, 20230316101500)
 (4231., 4233., 4212., 4213., 169707., 1759244, 20230316104500)
 (4212., 4229., 4197., 4224., 189849., 1748378, 20230316110000)
 (4223., 4241., 4221., 4233., 106324., 1739941, 20230316111500)
 (4233., 4245., 4230., 4243.,  77948., 1729586, 20230316113000)
 (4245., 4259., 4234., 4243., 135998., 1736125, 20230316134500)
 (4243., 4249., 4236., 4237.,  56150., 1740524, 20230316140000)
 (4237., 4241., 4215., 4220.,  86748., 1730647, 20230316141500)
 (4220., 4228., 4215., 4218.,  60371., 1728121, 20230316143000)
 (4218., 4224., 4206., 4207.,  81697., 1713570, 20230316144500)
 (4207., 4216., 4200., 4205., 130694., 1691785, 20230316150000)]
2023-03-17 15:30:00  INFO  [(4203., 4216., 4191., 4211., 192397., 1696873, 20230316211500)
 (4210., 4214., 4204., 4205.,  56839., 1699500, 20230316213000)
 (4205., 4209., 4193., 4196.,  71784., 1702584, 20230316214500)
 (4196., 4202., 4188., 4195.,  81751., 1698325, 20230316220000)
 (4195., 4211., 4194., 4200.,  75086., 1696361, 20230316221500)
 (4199., 4203., 4193., 4193.,  35222., 1694293, 20230316223000)
 (4194., 4202., 4185., 4194.,  78912., 1693677, 20230316224500)
 (4193., 4226., 4193., 4224., 124169., 1690396, 20230316230000)
 (4230., 4243., 4226., 4232., 134992., 1687100, 20230317091500)
 (4231., 4245., 4230., 4238.,  64413., 1682820, 20230317093000)
 (4239., 4244., 4236., 4236.,  43036., 1683053, 20230317094500)
 (4236., 4242., 4228., 4242.,  41056., 1677927, 20230317100000)
 (4241., 4254., 4238., 4246.,  80428., 1678883, 20230317101500)
 (4246., 4269., 4243., 4266.,  87360., 1679956, 20230317104500)
 (4265., 4272., 4258., 4262.,  88102., 1682048, 20230317110000)
 (4262., 4281., 4259., 4279.,  96238., 1674275, 20230317111500)
 (4280., 4284., 4275., 4281.,  67392., 1667828, 20230317113000)
 (4279., 4279., 4261., 4265.,  88409., 1661331, 20230317134500)
 (4265., 4273., 4261., 4261.,  43636., 1659284, 20230317140000)
 (4261., 4264., 4250., 4260.,  82689., 1655095, 20230317141500)
 (4260., 4265., 4252., 4254.,  39456., 1655658, 20230317143000)
 (4254., 4259., 4242., 4258.,  71474., 1650583, 20230317144500)
 (4258., 4266., 4254., 4262.,  67851., 1645579, 20230317150000)]
2023-03-20 15:30:00  INFO  [(4266., 4279., 4258., 4266., 136393., 1656241, 20230317211500)
 (4266., 4274., 4263., 4266.,  42487., 1655447, 20230317213000)
 (4267., 4271., 4262., 4266.,  34178., 1655153, 20230317214500)
 (4266., 4267., 4253., 4254.,  41193., 1654117, 20230317220000)
 (4255., 4266., 4254., 4257.,  36581., 1652742, 20230317221500)
 (4257., 4262., 4251., 4254.,  32710., 1650707, 20230317223000)
 (4254., 4260., 4244., 4248.,  49784., 1643100, 20230317224500)
 (4248., 4261., 4248., 4258.,  44746., 1634310, 20230317230000)
 (4264., 4270., 4230., 4242., 159827., 1632593, 20230320091500)
 (4242., 4258., 4237., 4255.,  62808., 1633248, 20230320093000)
 (4256., 4257., 4225., 4230., 102313., 1628259, 20230320094500)
 (4229., 4236., 4208., 4215., 136371., 1622843, 20230320100000)
 (4215., 4228., 4213., 4227.,  46745., 1621841, 20230320101500)
 (4226., 4230., 4219., 4223.,  46065., 1617469, 20230320104500)
 (4223., 4246., 4222., 4233.,  71409., 1614196, 20230320110000)
 (4233., 4236., 4218., 4223.,  57061., 1612767, 20230320111500)
 (4222., 4223., 4212., 4222.,  46111., 1611012, 20230320113000)
 (4223., 4223., 4212., 4215.,  47007., 1609917, 20230320134500)
 (4215., 4226., 4213., 4217.,  38963., 1612540, 20230320140000)
 (4217., 4220., 4202., 4204.,  61628., 1612572, 20230320141500)
 (4204., 4207., 4193., 4202., 107439., 1619669, 20230320143000)
 (4202., 4207., 4195., 4196.,  45433., 1624980, 20230320144500)
 (4197., 4205., 4192., 4194.,  77558., 1614331, 20230320150000)]
2023-03-21 15:30:00  INFO  [(4200., 4215., 4199., 4206., 139023., 1608617, 20230320211500)
 (4206., 4210., 4196., 4203.,  59865., 1610488, 20230320213000)
 (4204., 4206., 4191., 4196.,  42997., 1614019, 20230320214500)
 (4196., 4206., 4190., 4206.,  50164., 1615304, 20230320220000)
 (4206., 4208., 4195., 4195.,  36256., 1615009, 20230320221500)
 (4196., 4200., 4191., 4193.,  28301., 1617560, 20230320223000)
 (4193., 4197., 4183., 4186.,  74138., 1612503, 20230320224500)
 (4186., 4198., 4184., 4197.,  46220., 1605402, 20230320230000)
 (4201., 4218., 4197., 4212.,  96331., 1603180, 20230321091500)
 (4213., 4223., 4212., 4215.,  76034., 1599004, 20230321093000)
 (4215., 4220., 4209., 4211.,  36326., 1597432, 20230321094500)
 (4210., 4215., 4206., 4212.,  32130., 1596186, 20230321100000)
 (4212., 4218., 4204., 4206.,  36271., 1593311, 20230321101500)
 (4206., 4210., 4172., 4178., 113605., 1590168, 20230321104500)
 (4178., 4189., 4171., 4173.,  76396., 1597375, 20230321110000)
 (4173., 4184., 4165., 4176.,  80908., 1597788, 20230321111500)
 (4176., 4184., 4172., 4175.,  38166., 1597013, 20230321113000)
 (4183., 4184., 4161., 4162.,  87394., 1604191, 20230321134500)
 (4163., 4167., 4156., 4164.,  72773., 1602472, 20230321140000)
 (4164., 4172., 4162., 4166.,  44907., 1600067, 20230321141500)
 (4167., 4171., 4161., 4163.,  29868., 1599188, 20230321143000)
 (4163., 4168., 4156., 4167.,  48681., 1600042, 20230321144500)
 (4166., 4168., 4153., 4156.,  88468., 1583137, 20230321150000)]
2023-03-22 15:30:00  INFO  [(4161., 4165., 4144., 4160., 181435., 1568034, 20230321211500)
 (4160., 4166., 4155., 4166.,  48789., 1564165, 20230321213000)
 (4165., 4181., 4163., 4175., 102493., 1557451, 20230321214500)
 (4175., 4178., 4170., 4175.,  38506., 1552296, 20230321220000)
 (4175., 4178., 4168., 4171.,  27830., 1549485, 20230321221500)
 (4171., 4172., 4157., 4163.,  53787., 1549051, 20230321223000)
 (4162., 4173., 4162., 4172.,  33952., 1548129, 20230321224500)
 (4172., 4191., 4171., 4182.,  89417., 1533639, 20230321230000)
 (4185., 4195., 4181., 4183.,  78837., 1536796, 20230322091500)
 (4182., 4185., 4174., 4178.,  37882., 1536702, 20230322093000)
 (4179., 4183., 4166., 4168.,  52436., 1539569, 20230322094500)
 (4169., 4171., 4154., 4158.,  77830., 1537658, 20230322100000)
 (4158., 4165., 4131., 4146., 139587., 1548863, 20230322101500)
 (4145., 4146., 4130., 4137.,  87687., 1544599, 20230322104500)
 (4136., 4148., 4130., 4134.,  88430., 1544174, 20230322110000)
 (4135., 4142., 4129., 4130.,  57365., 1536675, 20230322111500)
 (4131., 4138., 4130., 4133.,  43925., 1535240, 20230322113000)
 (4134., 4139., 4125., 4126.,  78869., 1536868, 20230322134500)
 (4127., 4137., 4126., 4130.,  36313., 1535870, 20230322140000)
 (4129., 4132., 4120., 4125.,  50127., 1537873, 20230322141500)
 (4124., 4147., 4124., 4146.,  76510., 1526762, 20230322143000)
 (4146., 4152., 4140., 4147.,  75805., 1513921, 20230322144500)
 (4147., 4159., 4143., 4153.,  84037., 1498897, 20230322150000)]
2023-03-23 15:30:00  INFO  [(4159., 4162., 4150., 4151.,  91267., 1497109, 20230322211500)
 (4151., 4160., 4144., 4147.,  56670., 1496278, 20230322213000)
 (4147., 4150., 4143., 4148.,  31825., 1495190, 20230322214500)
 (4148., 4152., 4142., 4146.,  26831., 1495996, 20230322220000)
 (4146., 4155., 4146., 4149.,  32916., 1494512, 20230322221500)
 (4150., 4156., 4149., 4152.,  16134., 1493457, 20230322223000)
 (4153., 4169., 4153., 4164.,  60900., 1493405, 20230322224500)
 (4164., 4177., 4162., 4175.,  61660., 1481154, 20230322230000)
 (4170., 4181., 4160., 4176.,  99577., 1487768, 20230323091500)
 (4177., 4180., 4170., 4177.,  57900., 1493275, 20230323093000)
 (4176., 4179., 4162., 4163.,  51148., 1495240, 20230323094500)
 (4164., 4173., 4163., 4170.,  30297., 1494660, 20230323100000)
 (4169., 4174., 4155., 4160.,  50587., 1495958, 20230323101500)
 (4161., 4168., 4157., 4163.,  33958., 1495311, 20230323104500)
 (4163., 4173., 4162., 4163.,  33738., 1494104, 20230323110000)
 (4164., 4166., 4155., 4157.,  36600., 1498308, 20230323111500)
 (4157., 4159., 4135., 4141., 121848., 1497216, 20230323113000)
 (4129., 4129., 4092., 4094., 360239., 1506993, 20230323134500)
 (4094., 4098., 4077., 4086., 184093., 1517736, 20230323140000)
 (4087., 4093., 4075., 4080., 105525., 1531453, 20230323141500)
 (4080., 4091., 4080., 4086.,  68000., 1532811, 20230323143000)
 (4085., 4086., 4078., 4079.,  46535., 1536631, 20230323144500)
 (4079., 4084., 4066., 4070., 147258., 1528575, 20230323150000)]
2023-03-24 15:30:00  INFO  [(4070., 4084., 4061., 4083., 138832., 1536386, 20230323211500)
 (4083., 4085., 4072., 4080.,  78444., 1540990, 20230323213000)
 (4080., 4083., 4072., 4078.,  43494., 1537586, 20230323214500)
 (4078., 4083., 4075., 4076.,  43459., 1537401, 20230323220000)
 (4076., 4077., 4066., 4073.,  35290., 1538790, 20230323221500)
 (4073., 4074., 4062., 4069.,  44313., 1539793, 20230323223000)
 (4070., 4076., 4069., 4076.,  21179., 1538122, 20230323224500)
 (4075., 4095., 4073., 4085.,  86131., 1519084, 20230323230000)
 (4080., 4083., 4060., 4067.,  78967., 1519941, 20230324091500)
 (4066., 4072., 4055., 4058.,  67138., 1515443, 20230324093000)
 (4059., 4074., 4057., 4071.,  51334., 1511089, 20230324094500)
 (4071., 4072., 4058., 4060.,  36902., 1507599, 20230324100000)
 (4060., 4078., 4060., 4070.,  53555., 1503849, 20230324101500)
 (4070., 4082., 4064., 4073.,  52652., 1504218, 20230324104500)
 (4073., 4097., 4073., 4085.,  93166., 1497152, 20230324110000)
 (4085., 4086., 4076., 4086.,  43376., 1492984, 20230324111500)
 (4086., 4103., 4083., 4096.,  58886., 1488436, 20230324113000)
 (4100., 4108., 4096., 4097., 107894., 1476537, 20230324134500)
 (4097., 4101., 4091., 4097.,  53889., 1480105, 20230324140000)
 (4097., 4115., 4092., 4113.,  62458., 1479135, 20230324141500)
 (4113., 4125., 4106., 4122.,  82505., 1469620, 20230324143000)
 (4122., 4123., 4110., 4119.,  56295., 1468303, 20230324144500)
 (4118., 4120., 4104., 4107.,  73140., 1461026, 20230324150000)]
2023-03-27 15:30:00  INFO  [(4080., 4103., 4074., 4093., 116655., 1455085, 20230324211500)
 (4093., 4111., 4093., 4108.,  51256., 1453661, 20230324213000)
 (4108., 4114., 4102., 4108.,  42387., 1449747, 20230324214500)
 (4107., 4127., 4105., 4126.,  59950., 1443783, 20230324220000)
 (4126., 4129., 4119., 4127.,  53254., 1443004, 20230324221500)
 (4126., 4127., 4109., 4110.,  36143., 1441393, 20230324223000)
 (4110., 4116., 4107., 4108.,  31359., 1436738, 20230324224500)
 (4108., 4112., 4086., 4090.,  87813., 1421677, 20230324230000)
 (4096., 4116., 4095., 4110., 116702., 1420782, 20230327091500)
 (4111., 4121., 4110., 4118.,  67601., 1417560, 20230327093000)
 (4117., 4119., 4107., 4111.,  45768., 1415118, 20230327094500)
 (4110., 4112., 4098., 4102.,  55471., 1414829, 20230327100000)
 (4103., 4107., 4092., 4102.,  52578., 1415169, 20230327101500)
 (4102., 4111., 4101., 4109.,  35486., 1410547, 20230327104500)
 (4109., 4111., 4099., 4104.,  26285., 1407575, 20230327110000)
 (4105., 4110., 4100., 4102.,  23237., 1405698, 20230327111500)
 (4101., 4103., 4091., 4095.,  48721., 1401297, 20230327113000)
 (4100., 4102., 4092., 4093.,  39904., 1402076, 20230327134500)
 (4093., 4111., 4092., 4105.,  49310., 1395338, 20230327140000)
 (4104., 4116., 4104., 4112.,  45285., 1393140, 20230327141500)
 (4113., 4114., 4101., 4105.,  33287., 1390830, 20230327143000)
 (4104., 4111., 4103., 4104.,  23982., 1389982, 20230327144500)
 (4103., 4107., 4101., 4105.,  37140., 1380093, 20230327150000)]
2023-03-28 15:30:00  INFO  [(4110., 4118., 4108., 4113., 90934., 1376416, 20230327211500)
 (4113., 4117., 4109., 4115., 48504., 1371642, 20230327213000)
 (4115., 4118., 4107., 4111., 46015., 1370292, 20230327214500)
 (4110., 4115., 4108., 4115., 22218., 1365402, 20230327220000)
 (4113., 4115., 4095., 4099., 81593., 1356788, 20230327221500)
 (4099., 4106., 4099., 4103., 46356., 1344556, 20230327223000)
 (4103., 4106., 4098., 4103., 32560., 1332934, 20230327224500)
 (4103., 4114., 4102., 4104., 47818., 1318031, 20230327230000)
 (4111., 4121., 4104., 4119., 82492., 1314595, 20230328091500)
 (4120., 4133., 4116., 4131., 73851., 1306971, 20230328093000)
 (4130., 4131., 4116., 4118., 51207., 1304220, 20230328094500)
 (4118., 4130., 4116., 4128., 48183., 1301770, 20230328100000)
 (4128., 4136., 4123., 4129., 54685., 1297207, 20230328101500)
 (4130., 4142., 4128., 4138., 53915., 1287910, 20230328104500)
 (4138., 4140., 4133., 4137., 37280., 1278328, 20230328110000)
 (4137., 4139., 4130., 4138., 32172., 1271789, 20230328111500)
 (4137., 4147., 4132., 4139., 59029., 1259842, 20230328113000)
 (4140., 4143., 4131., 4133., 49881., 1253893, 20230328134500)
 (4133., 4136., 4125., 4127., 49785., 1251448, 20230328140000)
 (4127., 4131., 4121., 4125., 37933., 1247461, 20230328141500)
 (4124., 4135., 4124., 4133., 23435., 1245307, 20230328143000)
 (4132., 4138., 4130., 4132., 34571., 1241785, 20230328144500)
 (4132., 4137., 4128., 4136., 52343., 1233806, 20230328150000)]
2023-03-29 15:30:00  INFO  [(4141., 4152., 4139., 4144.,  84539., 1233087, 20230328211500)
 (4142., 4147., 4139., 4144.,  26026., 1236040, 20230328213000)
 (4145., 4154., 4145., 4150.,  52500., 1233738, 20230328214500)
 (4151., 4164., 4148., 4161.,  51772., 1227157, 20230328220000)
 (4162., 4166., 4157., 4160.,  45690., 1214703, 20230328221500)
 (4160., 4165., 4156., 4163.,  46129., 1211789, 20230328223000)
 (4164., 4168., 4161., 4163.,  36200., 1207431, 20230328224500)
 (4164., 4165., 4151., 4157.,  42850., 1194110, 20230328230000)
 (4160., 4165., 4142., 4147., 100834., 1196825, 20230329091500)
 (4146., 4154., 4145., 4146.,  34644., 1196676, 20230329093000)
 (4148., 4151., 4143., 4146.,  23231., 1192972, 20230329094500)
 (4147., 4155., 4146., 4153.,  26101., 1190061, 20230329100000)
 (4153., 4155., 4138., 4142.,  54206., 1189057, 20230329101500)
 (4142., 4154., 4140., 4143.,  46704., 1185161, 20230329104500)
 (4142., 4147., 4139., 4141.,  24410., 1181269, 20230329110000)
 (4141., 4144., 4133., 4136.,  48634., 1174493, 20230329111500)
 (4136., 4138., 4127., 4129.,  63518., 1159118, 20230329113000)
 (4129., 4141., 4123., 4139.,  66226., 1152028, 20230329134500)
 (4140., 4143., 4135., 4141.,  28362., 1150188, 20230329140000)
 (4141., 4143., 4128., 4128.,  34553., 1146959, 20230329141500)
 (4128., 4142., 4128., 4140.,  29850., 1140044, 20230329143000)
 (4139., 4141., 4134., 4137.,  29918., 1132229, 20230329144500)
 (4136., 4151., 4133., 4151.,  58646., 1123338, 20230329150000)]
2023-03-30 15:30:00  INFO  [(4165., 4176., 4155., 4156., 112961., 1113108, 20230329211500)
 (4157., 4160., 4152., 4158.,  29007., 1111644, 20230329213000)
 (4159., 4165., 4156., 4160.,  26557., 1113140, 20230329214500)
 (4161., 4161., 4156., 4161.,  15576., 1112184, 20230329220000)
 (4161., 4164., 4160., 4162.,  16158., 1110510, 20230329221500)
 (4161., 4162., 4157., 4158.,  10282., 1110184, 20230329223000)
 (4158., 4163., 4152., 4154.,  19222., 1108446, 20230329224500)
 (4154., 4158., 4152., 4157.,  16853., 1104855, 20230329230000)
 (4155., 4157., 4135., 4137.,  60972., 1105492, 20230330091500)
 (4137., 4141., 4133., 4136.,  43805., 1106861, 20230330093000)
 (4136., 4143., 4130., 4133.,  32611., 1104970, 20230330094500)
 (4133., 4137., 4132., 4132.,  17267., 1106031, 20230330100000)
 (4132., 4146., 4131., 4145.,  28536., 1105577, 20230330101500)
 (4145., 4148., 4134., 4135.,  25594., 1105194, 20230330104500)
 (4136., 4138., 4125., 4127.,  38989., 1106125, 20230330110000)
 (4127., 4137., 4126., 4132.,  28288., 1105511, 20230330111500)
 (4133., 4174., 4132., 4174., 107910., 1089529, 20230330113000)
 (4160., 4178., 4127., 4132., 177484., 1080036, 20230330134500)
 (4133., 4167., 4132., 4166., 147171., 1051909, 20230330140000)
 (4166., 4171., 4160., 4161.,  80926., 1040624, 20230330141500)
 (4161., 4163., 4135., 4142.,  82209., 1029724, 20230330143000)
 (4142., 4159., 4141., 4155.,  47339., 1026475, 20230330144500)
 (4155., 4168., 4152., 4167.,  81726., 1013872, 20230330150000)]
2023-03-31 15:30:00  INFO  [(4176., 4177., 4163., 4170., 82601., 1010196, 20230330211500)
 (4169., 4177., 4168., 4170., 43526., 1013688, 20230330213000)
 (4170., 4172., 4164., 4166., 21662., 1013189, 20230330214500)
 (4165., 4173., 4164., 4166., 19928., 1012767, 20230330220000)
 (4167., 4168., 4158., 4161., 40705., 1002263, 20230330221500)
 (4162., 4162., 4153., 4157., 27238.,  998773, 20230330223000)
 (4157., 4169., 4155., 4169., 26664.,  998573, 20230330224500)
 (4169., 4173., 4164., 4166., 28869.,  996506, 20230330230000)
 (4164., 4189., 4164., 4185., 79254.,  990924, 20230331091500)
 (4185., 4189., 4176., 4189., 57679.,  981120, 20230331093000)
 (4189., 4193., 4181., 4192., 48685.,  976076, 20230331094500)
 (4192., 4193., 4186., 4193., 30373.,  971419, 20230331100000)
 (4193., 4199., 4189., 4194., 46614.,  968163, 20230331101500)
 (4193., 4200., 4191., 4195., 32874.,  964403, 20230331104500)
 (4195., 4197., 4191., 4191., 19894.,  961315, 20230331110000)
 (4191., 4191., 4182., 4183., 35254.,  955833, 20230331111500)
 (4184., 4192., 4175., 4181., 41233.,  947357, 20230331113000)
 (4180., 4180., 4172., 4176., 35462.,  939845, 20230331134500)
 (4176., 4184., 4174., 4180., 34642.,  932129, 20230331140000)
 (4181., 4186., 4174., 4174., 29083.,  927246, 20230331141500)
 (4175., 4179., 4161., 4162., 60206.,  915769, 20230331143000)
 (4161., 4166., 4158., 4163., 39245.,  914145, 20230331144500)
 (4162., 4168., 4158., 4161., 36430.,  906146, 20230331150000)]
2023-04-03 15:30:00  INFO  [(4161., 4166., 4147., 4165.,  97121., 895561, 20230331211500)
 (4164., 4165., 4150., 4154.,  30648., 895084, 20230331213000)
 (4154., 4164., 4153., 4160.,  21423., 893852, 20230331214500)
 (4159., 4165., 4156., 4158.,  19293., 891038, 20230331220000)
 (4157., 4162., 4145., 4153.,  31914., 890504, 20230331221500)
 (4153., 4155., 4144., 4144.,  30109., 888631, 20230331223000)
 (4145., 4154., 4143., 4148.,  26032., 881375, 20230331224500)
 (4147., 4152., 4136., 4139.,  33728., 874493, 20230331230000)
 (4157., 4158., 4107., 4119., 152581., 875457, 20230403091500)
 (4119., 4129., 4106., 4109.,  65836., 880459, 20230403093000)
 (4108., 4115., 4104., 4104.,  49357., 884672, 20230403094500)
 (4105., 4113., 4101., 4105.,  37393., 886302, 20230403100000)
 (4105., 4106., 4089., 4090.,  56538., 886730, 20230403101500)
 (4090., 4097., 4079., 4096.,  64874., 883496, 20230403104500)
 (4095., 4095., 4075., 4078.,  43371., 880589, 20230403110000)
 (4077., 4089., 4074., 4082.,  35359., 877518, 20230403111500)
 (4081., 4083., 4069., 4078.,  39201., 880458, 20230403113000)
 (4077., 4085., 4072., 4073.,  30817., 882501, 20230403134500)
 (4073., 4077., 4064., 4064.,  39592., 881784, 20230403140000)
 (4064., 4076., 4059., 4069.,  41713., 877226, 20230403141500)
 (4069., 4076., 4064., 4067.,  20348., 877506, 20230403143000)
 (4067., 4072., 4051., 4058.,  48822., 876024, 20230403144500)
 (4058., 4063., 4043., 4044.,  65549., 863464, 20230403150000)]
2023-04-04 15:30:00  INFO  [(4042., 4057., 4041., 4049., 77137., 853183, 20230403211500)
 (4048., 4060., 4044., 4060., 36596., 845708, 20230403213000)
 (4059., 4067., 4055., 4058., 38436., 841873, 20230403214500)
 (4058., 4059., 4045., 4047., 27339., 839938, 20230403220000)
 (4047., 4059., 4047., 4054., 21250., 837566, 20230403221500)
 (4053., 4056., 4048., 4052., 13234., 836136, 20230403223000)
 (4052., 4055., 4045., 4054., 13113., 835105, 20230403224500)
 (4053., 4055., 4049., 4052., 14861., 831034, 20230403230000)
 (4052., 4052., 4020., 4021., 85780., 825011, 20230404091500)
 (4022., 4030., 4014., 4018., 52432., 817255, 20230404093000)
 (4017., 4027., 4016., 4026., 35711., 814067, 20230404094500)
 (4026., 4042., 4023., 4024., 35866., 810382, 20230404100000)
 (4024., 4027., 4020., 4021., 19385., 807700, 20230404101500)
 (4023., 4025., 4011., 4013., 30863., 806678, 20230404104500)
 (4013., 4026., 4012., 4015., 24917., 802756, 20230404110000)
 (4015., 4020., 4012., 4015., 13916., 802279, 20230404111500)
 (4014., 4019., 4010., 4015., 21077., 802105, 20230404113000)
 (4017., 4030., 4013., 4019., 30376., 797462, 20230404134500)
 (4019., 4029., 4017., 4023., 20766., 795492, 20230404140000)
 (4023., 4025., 4017., 4019., 22437., 788882, 20230404141500)
 (4019., 4022., 4015., 4016., 21698., 785106, 20230404143000)
 (4016., 4032., 4012., 4030., 38075., 779167, 20230404144500)
 (4030., 4031., 4015., 4018., 46040., 767896, 20230404150000)]
2023-04-06 15:30:00  INFO  [(4015., 4020., 4012., 4015.,  13916., 802279, 20230404111500)
 (4014., 4019., 4010., 4015.,  21077., 802105, 20230404113000)
 (4017., 4030., 4013., 4019.,  30376., 797462, 20230404134500)
 (4019., 4029., 4017., 4023.,  20766., 795492, 20230404140000)
 (4023., 4025., 4017., 4019.,  22437., 788882, 20230404141500)
 (4019., 4022., 4015., 4016.,  21698., 785106, 20230404143000)
 (4016., 4032., 4012., 4030.,  38075., 779167, 20230404144500)
 (4030., 4031., 4015., 4018.,  46040., 767896, 20230404150000)
 (4000., 4028., 3980., 4022., 129282., 744407, 20230406091500)
 (4022., 4025., 4002., 4011.,  37897., 739350, 20230406093000)
 (4010., 4017., 4003., 4005.,  25011., 735579, 20230406094500)
 (4005., 4014., 4001., 4012.,  18170., 733873, 20230406100000)
 (4013., 4025., 4010., 4021.,  24522., 728620, 20230406101500)
 (4021., 4024., 4008., 4011.,  18866., 728349, 20230406104500)
 (4012., 4015., 4002., 4005.,  15225., 726861, 20230406110000)
 (4003., 4012., 4002., 4002.,   9036., 725625, 20230406111500)
 (4002., 4004., 3983., 3988.,  36065., 725911, 20230406113000)
 (3986., 3990., 3972., 3986.,  48916., 726875, 20230406134500)
 (3986., 3987., 3968., 3976.,  28658., 726902, 20230406140000)
 (3976., 3979., 3972., 3974.,  14808., 727890, 20230406141500)
 (3975., 3986., 3974., 3985.,  16269., 723305, 20230406143000)
 (3985., 4004., 3978., 3992.,  28941., 716091, 20230406144500)
 (3993., 3993., 3980., 3981.,  25943., 708093, 20230406150000)]
2023-04-07 15:30:00  INFO  [(3990., 4030., 3990., 4025., 80458., 677607, 20230406211500)
 (4025., 4040., 4019., 4038., 35189., 668585, 20230406213000)
 (4038., 4039., 4016., 4024., 26543., 664374, 20230406214500)
 (4023., 4026., 4016., 4018., 14171., 662762, 20230406220000)
 (4017., 4026., 4016., 4021., 10918., 661265, 20230406221500)
 (4021., 4023., 4017., 4020.,  6005., 661113, 20230406223000)
 (4020., 4027., 4018., 4024.,  6910., 659971, 20230406224500)
 (4025., 4030., 4021., 4029., 10813., 655681, 20230406230000)
 (4030., 4040., 4019., 4040., 42822., 653292, 20230407091500)
 (4040., 4042., 4026., 4032., 18929., 650179, 20230407093000)
 (4032., 4036., 4026., 4035.,  7818., 649750, 20230407094500)
 (4035., 4036., 4030., 4033.,  5754., 648920, 20230407100000)
 (4033., 4040., 4028., 4038.,  8970., 647722, 20230407101500)
 (4038., 4054., 4038., 4046., 28476., 641449, 20230407104500)
 (4046., 4046., 4036., 4040., 18126., 636897, 20230407110000)
 (4041., 4047., 4032., 4039., 11797., 633559, 20230407111500)
 (4038., 4040., 4034., 4037.,  4913., 632382, 20230407113000)
 (4038., 4048., 4036., 4048., 11601., 631548, 20230407134500)
 (4048., 4048., 4041., 4043.,  5570., 630273, 20230407140000)
 (4042., 4044., 4038., 4040.,  8664., 630329, 20230407141500)
 (4039., 4044., 4031., 4031., 14418., 628562, 20230407143000)
 (4031., 4036., 4026., 4031., 11240., 625851, 20230407144500)
 (4030., 4033., 4022., 4033., 14353., 622516, 20230407150000)]
2023-04-10 15:30:00  INFO  [(4045., 4056., 4036., 4051., 48275., 614536, 20230407211500)
 (4051., 4052., 4044., 4047., 14469., 614734, 20230407213000)
 (4048., 4049., 4040., 4041.,  7175., 614951, 20230407214500)
 (4041., 4041., 4030., 4039., 15851., 614226, 20230407220000)
 (4039., 4039., 4027., 4033.,  9211., 613848, 20230407221500)
 (4032., 4034., 4027., 4029.,  4180., 614394, 20230407223000)
 (4029., 4039., 4027., 4032.,  7247., 612934, 20230407224500)
 (4033., 4035., 4030., 4032.,  9319., 611552, 20230407230000)
 (4020., 4020., 3982., 3988., 58333., 614824, 20230410091500)
 (3987., 3991., 3980., 3984., 25876., 616554, 20230410093000)
 (3984., 3986., 3974., 3980., 18153., 615665, 20230410094500)
 (3980., 3988., 3977., 3980., 12696., 613731, 20230410100000)
 (3980., 3984., 3978., 3981.,  6513., 612706, 20230410101500)
 (3980., 3983., 3965., 3969., 17151., 613587, 20230410104500)
 (3969., 3976., 3966., 3968., 10009., 613188, 20230410110000)
 (3967., 3969., 3955., 3959., 22635., 610609, 20230410111500)
 (3959., 3964., 3950., 3950., 12732., 609227, 20230410113000)
 (3950., 3960., 3948., 3951., 21402., 606516, 20230410134500)
 (3950., 3954., 3939., 3941., 18552., 606770, 20230410140000)
 (3941., 3945., 3931., 3941., 18176., 604851, 20230410141500)
 (3942., 3951., 3940., 3948., 28880., 595475, 20230410143000)
 (3948., 3956., 3947., 3954., 20988., 585150, 20230410144500)
 (3955., 3982., 3952., 3978., 53317., 562499, 20230410150000)]
2023-04-11 15:30:00  INFO  [(3970., 3976., 3962., 3974., 29805., 557525, 20230410211500)
 (3974., 3978., 3964., 3972., 17506., 554588, 20230410213000)
 (3972., 3974., 3965., 3969.,  6997., 553995, 20230410214500)
 (3970., 3970., 3959., 3961.,  6734., 553395, 20230410220000)
 (3963., 3968., 3961., 3965.,  5760., 553117, 20230410221500)
 (3965., 3966., 3961., 3962.,  3313., 553198, 20230410223000)
 (3963., 3970., 3961., 3963.,  4050., 552255, 20230410224500)
 (3963., 3963., 3946., 3950., 10754., 551643, 20230410230000)
 (3947., 3963., 3942., 3949., 33071., 548532, 20230411091500)
 (3948., 3953., 3944., 3945., 12996., 547145, 20230411093000)
 (3945., 3947., 3935., 3939., 10249., 546137, 20230411094500)
 (3939., 3940., 3932., 3933.,  9993., 546786, 20230411100000)
 (3934., 3954., 3932., 3953., 13024., 546248, 20230411101500)
 (3954., 3973., 3953., 3961., 19047., 543540, 20230411104500)
 (3960., 3961., 3950., 3953.,  6975., 543317, 20230411110000)
 (3953., 3961., 3944., 3960., 10258., 542014, 20230411111500)
 (3960., 3967., 3956., 3964.,  8648., 540109, 20230411113000)
 (3965., 3969., 3953., 3959., 11569., 538426, 20230411134500)
 (3959., 3959., 3951., 3954.,  6619., 538502, 20230411140000)
 (3954., 3978., 3952., 3974., 19097., 535736, 20230411141500)
 (3974., 3980., 3967., 3969., 18998., 531998, 20230411143000)
 (3969., 3985., 3967., 3984., 18141., 529112, 20230411144500)
 (3985., 3988., 3980., 3984., 15665., 528405, 20230411150000)]
2023-04-12 15:30:00  INFO  [(3998., 3998., 3974., 3975., 26491., 522520, 20230411211500)
 (3974., 3981., 3973., 3976.,  5034., 522749, 20230411213000)
 (3976., 3977., 3966., 3971.,  8507., 522619, 20230411214500)
 (3970., 3976., 3966., 3970.,  7387., 522278, 20230411220000)
 (3971., 3979., 3971., 3976.,  4543., 522352, 20230411221500)
 (3976., 3977., 3966., 3969.,  5079., 522305, 20230411223000)
 (3969., 3973., 3964., 3967.,  4233., 521315, 20230411224500)
 (3968., 3970., 3963., 3963.,  3609., 520070, 20230411230000)
 (3964., 3976., 3963., 3973.,  8272., 518324, 20230412091500)
 (3973., 3981., 3965., 3975.,  9782., 518342, 20230412093000)
 (3974., 3983., 3972., 3981.,  7146., 518898, 20230412094500)
 (3981., 3986., 3979., 3983.,  6284., 517070, 20230412100000)
 (3983., 3992., 3982., 3986.,  6504., 515694, 20230412101500)
 (3987., 3988., 3970., 3976., 10490., 514843, 20230412104500)
 (3976., 3977., 3968., 3971.,  5155., 512951, 20230412110000)
 (3972., 3974., 3962., 3968.,  3802., 512227, 20230412111500)
 (3968., 3975., 3951., 3970.,  9957., 509883, 20230412113000)
 (3968., 3970., 3951., 3957., 11052., 508060, 20230412134500)
 (3956., 3969., 3956., 3965.,  6863., 507868, 20230412140000)
 (3965., 3966., 3957., 3961.,  4680., 507552, 20230412141500)
 (3960., 3966., 3956., 3964.,  5813., 507820, 20230412143000)
 (3964., 3965., 3954., 3957.,  4480., 507962, 20230412144500)
 (3956., 3964., 3955., 3956.,  5633., 507282, 20230412150000)]
2023-04-13 15:30:00  INFO  [(3956., 3970., 3948., 3950., 19195., 505642, 20230412211500)
 (3950., 3956., 3943., 3953.,  8049., 505345, 20230412213000)
 (3952., 3956., 3945., 3949.,  6616., 504538, 20230412214500)
 (3949., 3960., 3948., 3952.,  4685., 503784, 20230412220000)
 (3952., 3960., 3952., 3956.,  4708., 502953, 20230412221500)
 (3955., 3957., 3953., 3956.,  3139., 501450, 20230412223000)
 (3956., 3958., 3948., 3948.,  3604., 501416, 20230412224500)
 (3949., 3949., 3935., 3939., 11951., 501083, 20230412230000)
 (3940., 3949., 3921., 3924., 16955., 501336, 20230413091500)
 (3925., 3930., 3911., 3927., 19140., 498457, 20230413093000)
 (3927., 3935., 3924., 3932.,  7839., 497953, 20230413094500)
 (3932., 3935., 3927., 3928.,  5425., 496894, 20230413100000)
 (3927., 3934., 3924., 3933.,  3610., 496794, 20230413101500)
 (3933., 3946., 3927., 3945., 12099., 493923, 20230413104500)
 (3945., 3947., 3931., 3932.,  6492., 493589, 20230413110000)
 (3932., 3945., 3932., 3944.,  7034., 493253, 20230413111500)
 (3944., 3950., 3937., 3941.,  8645., 492713, 20230413113000)
 (3938., 3938., 3920., 3923., 15685., 489375, 20230413134500)
 (3925., 3945., 3923., 3937.,  9158., 487747, 20230413140000)
 (3937., 3937., 3925., 3928.,  6473., 487527, 20230413141500)
 (3928., 3935., 3923., 3925.,  6719., 485814, 20230413143000)
 (3925., 3931., 3923., 3930., 11139., 481837, 20230413144500)
 (3931., 3935., 3928., 3933.,  7569., 479881, 20230413150000)]
2023-04-14 15:30:00  INFO  [(3950., 3954., 3935., 3946., 15232., 479328, 20230413211500)
 (3946., 3949., 3943., 3948.,  5293., 479397, 20230413213000)
 (3948., 3949., 3944., 3947.,  2869., 478410, 20230413214500)
 (3946., 3958., 3945., 3956.,  7896., 476226, 20230413220000)
 (3957., 3958., 3950., 3953.,  5760., 474567, 20230413221500)
 (3954., 3958., 3950., 3955.,  2725., 474026, 20230413223000)
 (3956., 3957., 3951., 3953.,  2338., 473317, 20230413224500)
 (3953., 3959., 3951., 3959.,  3286., 471738, 20230413230000)
 (3959., 3970., 3957., 3969., 12557., 469316, 20230414091500)
 (3969., 3980., 3966., 3975., 12937., 464502, 20230414093000)
 (3975., 3984., 3975., 3977.,  9432., 462315, 20230414094500)
 (3977., 3982., 3974., 3981.,  6556., 462000, 20230414100000)
 (3982., 3987., 3980., 3981.,  5384., 460784, 20230414101500)
 (3979., 3982., 3969., 3973.,  7485., 459056, 20230414104500)
 (3972., 3974., 3961., 3965.,  6805., 457261, 20230414110000)
 (3965., 3968., 3959., 3960.,  3394., 457037, 20230414111500)
 (3961., 3964., 3955., 3957.,  4625., 455646, 20230414113000)
 (3958., 3965., 3956., 3956.,  5255., 454566, 20230414134500)
 (3956., 3965., 3956., 3961.,  3017., 453769, 20230414140000)
 (3961., 3965., 3956., 3958.,  4036., 452750, 20230414141500)
 (3958., 3972., 3958., 3967.,  4615., 451544, 20230414143000)
 (3967., 3968., 3943., 3944.,  9900., 450105, 20230414144500)
 (3945., 3952., 3936., 3945., 13722., 445906, 20230414150000)]
2023-04-17 15:30:00  INFO  [(3941., 3953., 3936., 3948., 14717., 444362, 20230414211500)
 (3949., 3958., 3946., 3955.,  4872., 444057, 20230414213000)
 (3955., 3965., 3954., 3963.,  5960., 443697, 20230414214500)
 (3964., 3964., 3952., 3956.,  3628., 442709, 20230414220000)
 (3956., 3956., 3938., 3940.,  7251., 442863, 20230414221500)
 (3940., 3947., 3934., 3937.,  4160., 442149, 20230414223000)
 (3937., 3942., 3930., 3937.,  6036., 440520, 20230414224500)
 (3938., 3945., 3926., 3942.,  9522., 439229, 20230414230000)
 (3926., 3946., 3925., 3935., 14951., 437899, 20230417091500)
 (3934., 3950., 3934., 3941.,  6588., 438631, 20230417093000)
 (3943., 3958., 3940., 3954.,  9035., 438494, 20230417094500)
 (3954., 3955., 3943., 3948.,  3256., 438211, 20230417100000)
 (3949., 3949., 3935., 3941.,  4152., 437369, 20230417101500)
 (3943., 3945., 3934., 3937.,  4411., 436426, 20230417104500)
 (3937., 3949., 3936., 3940.,  3804., 435157, 20230417110000)
 (3939., 3945., 3938., 3941.,  2366., 434979, 20230417111500)
 (3942., 3950., 3938., 3948.,  3477., 434717, 20230417113000)
 (3949., 3960., 3947., 3948.,  9850., 433234, 20230417134500)
 (3949., 3956., 3948., 3953.,  3084., 432869, 20230417140000)
 (3953., 3960., 3949., 3958.,  3455., 432720, 20230417141500)
 (3959., 3962., 3955., 3960.,  4051., 431816, 20230417143000)
 (3961., 3970., 3959., 3967.,  6814., 429937, 20230417144500)
 (3968., 3969., 3958., 3960., 10461., 427733, 20230417150000)]
2023-04-18 15:30:00  INFO  [(3977., 3993., 3973., 3982., 27174., 421220, 20230417211500)
 (3982., 3989., 3974., 3976.,  8897., 418648, 20230417213000)
 (3976., 3982., 3971., 3980.,  6300., 417303, 20230417214500)
 (3981., 3982., 3972., 3975.,  2964., 416419, 20230417220000)
 (3976., 3980., 3972., 3980.,  3694., 415154, 20230417221500)
 (3980., 3985., 3974., 3982.,  3184., 414653, 20230417223000)
 (3984., 3987., 3980., 3981.,  4254., 413103, 20230417224500)
 (3981., 3985., 3979., 3985.,  4476., 411433, 20230417230000)
 (3985., 3995., 3983., 3993., 13358., 408135, 20230418091500)
 (3994., 4002., 3992., 3997., 12720., 404112, 20230418093000)
 (3997., 4000., 3994., 3998.,  4510., 402761, 20230418094500)
 (3999., 4000., 3990., 3992.,  6197., 401086, 20230418100000)
 (3991., 3995., 3975., 3978.,  9474., 399053, 20230418101500)
 (3977., 3980., 3973., 3974.,  6134., 398299, 20230418104500)
 (3974., 3976., 3960., 3973.,  7788., 398415, 20230418110000)
 (3973., 3981., 3972., 3976.,  2820., 397635, 20230418111500)
 (3977., 3981., 3969., 3971.,  2565., 397135, 20230418113000)
 (3971., 3978., 3956., 3960., 18252., 392611, 20230418134500)
 (3961., 3968., 3956., 3964., 10390., 388662, 20230418140000)
 (3964., 3972., 3960., 3965.,  3251., 387932, 20230418141500)
 (3965., 3968., 3961., 3966.,  3367., 387329, 20230418143000)
 (3965., 3976., 3965., 3975.,  2785., 386512, 20230418144500)
 (3975., 3976., 3969., 3971.,  5910., 384222, 20230418150000)]
2023-04-19 15:30:00  INFO  [(3981., 3981., 3969., 3976., 10530., 382798, 20230418211500)
 (3976., 3984., 3972., 3979.,  4277., 383280, 20230418213000)
 (3980., 3981., 3963., 3967.,  6427., 381811, 20230418214500)
 (3966., 3967., 3961., 3965.,  3288., 381812, 20230418220000)
 (3964., 3975., 3962., 3973.,  2315., 382076, 20230418221500)
 (3973., 3973., 3965., 3967.,  1918., 382014, 20230418223000)
 (3968., 3978., 3964., 3977.,  3749., 381600, 20230418224500)
 (3978., 3982., 3975., 3977.,  3493., 381040, 20230418230000)
 (3977., 3982., 3970., 3980.,  4162., 380659, 20230419091500)
 (3980., 3984., 3977., 3980.,  3593., 380530, 20230419093000)
 (3980., 3981., 3972., 3974.,  3894., 379515, 20230419094500)
 (3974., 3980., 3973., 3977.,  2000., 378980, 20230419100000)
 (3978., 3979., 3969., 3969.,  3211., 378521, 20230419101500)
 (3971., 3972., 3961., 3964.,  5041., 377392, 20230419104500)
 (3963., 3966., 3956., 3963.,  5282., 376332, 20230419110000)
 (3962., 3964., 3956., 3956.,  2664., 375584, 20230419111500)
 (3956., 3963., 3951., 3962.,  5724., 375750, 20230419113000)
 (3963., 3973., 3963., 3968.,  6073., 374045, 20230419134500)
 (3968., 3975., 3961., 3962.,  5901., 372179, 20230419140000)
 (3961., 3967., 3960., 3963.,  3375., 370578, 20230419141500)
 (3962., 3966., 3959., 3964.,  2234., 370152, 20230419143000)
 (3963., 3968., 3961., 3962.,  3886., 369394, 20230419144500)
 (3961., 3964., 3940., 3949., 13982., 368197, 20230419150000)]
2023-04-20 15:30:00  INFO  [(3931., 3941., 3929., 3933., 14407., 368722, 20230419211500)
 (3933., 3942., 3930., 3933.,  4558., 367218, 20230419213000)
 (3934., 3938., 3923., 3925.,  6939., 365852, 20230419214500)
 (3926., 3928., 3902., 3905., 14345., 364589, 20230419220000)
 (3904., 3918., 3896., 3915., 11944., 361760, 20230419221500)
 (3915., 3924., 3911., 3913.,  5780., 360954, 20230419223000)
 (3912., 3929., 3912., 3926.,  4685., 359149, 20230419224500)
 (3927., 3934., 3922., 3929.,  5319., 357121, 20230419230000)
 (3927., 3932., 3918., 3925.,  8089., 354484, 20230420091500)
 (3924., 3931., 3915., 3925.,  4571., 353672, 20230420093000)
 (3925., 3930., 3919., 3923.,  3051., 353514, 20230420094500)
 (3924., 3932., 3923., 3924.,  1984., 353266, 20230420100000)
 (3923., 3929., 3916., 3920.,  2446., 353225, 20230420101500)
 (3917., 3922., 3913., 3913.,  3741., 352592, 20230420104500)
 (3915., 3923., 3910., 3912.,  3898., 352783, 20230420110000)
 (3913., 3920., 3910., 3915.,  1914., 352298, 20230420111500)
 (3915., 3925., 3907., 3907.,  3991., 351456, 20230420113000)
 (3907., 3918., 3901., 3908.,  9931., 348761, 20230420134500)
 (3907., 3922., 3907., 3918.,  6033., 346289, 20230420140000)
 (3918., 3934., 3918., 3930.,  6559., 344561, 20230420141500)
 (3930., 3940., 3926., 3940.,  4959., 343551, 20230420143000)
 (3940., 3947., 3922., 3928., 10274., 339813, 20230420144500)
 (3927., 3930., 3922., 3928., 10594., 337836, 20230420150000)]
2023-04-21 15:30:00  INFO  [(3935., 3935., 3911., 3914., 11543., 334568, 20230420211500)
 (3914., 3915., 3901., 3908.,  9082., 333702, 20230420213000)
 (3908., 3912., 3903., 3904.,  4475., 332970, 20230420214500)
 (3904., 3911., 3900., 3907.,  4128., 331813, 20230420220000)
 (3907., 3915., 3906., 3906.,  3523., 330690, 20230420221500)
 (3906., 3909., 3902., 3909.,  5319., 328489, 20230420223000)
 (3908., 3913., 3894., 3901.,  5116., 326617, 20230420224500)
 (3901., 3904., 3888., 3892.,  6473., 324825, 20230420230000)
 (3890., 3900., 3885., 3889.,  8470., 322574, 20230421091500)
 (3888., 3892., 3863., 3875.,  9665., 321587, 20230421093000)
 (3874., 3882., 3874., 3878.,  6388., 320449, 20230421094500)
 (3878., 3879., 3855., 3862.,  8750., 318294, 20230421100000)
 (3862., 3869., 3856., 3865.,  5870., 316712, 20230421101500)
 (3864., 3864., 3853., 3861.,  3653., 316275, 20230421104500)
 (3860., 3870., 3857., 3857.,  3457., 315730, 20230421110000)
 (3859., 3863., 3856., 3859.,  2303., 315126, 20230421111500)
 (3859., 3860., 3851., 3854.,  4398., 313650, 20230421113000)
 (3858., 3858., 3850., 3853.,  4585., 312798, 20230421134500)
 (3853., 3860., 3850., 3854.,  6074., 311178, 20230421140000)
 (3854., 3862., 3845., 3860.,  7562., 308320, 20230421141500)
 (3860., 3863., 3848., 3849.,  4808., 307358, 20230421143000)
 (3849., 3855., 3833., 3836.,  8400., 305623, 20230421144500)
 (3835., 3845., 3825., 3828., 18571., 303009, 20230421150000)]
2023-04-24 15:30:00  INFO  [(3826., 3835., 3808., 3815., 16933., 298422, 20230421211500)
 (3816., 3831., 3815., 3830.,  6117., 296313, 20230421213000)
 (3829., 3834., 3822., 3825.,  4384., 295546, 20230421214500)
 (3825., 3826., 3816., 3819.,  4152., 294226, 20230421220000)
 (3817., 3824., 3814., 3814.,  2630., 293607, 20230421221500)
 (3814., 3817., 3802., 3803.,  6403., 293129, 20230421223000)
 (3806., 3807., 3780., 3784., 11280., 290346, 20230421224500)
 (3785., 3795., 3771., 3772.,  9893., 287390, 20230421230000)
 (3775., 3775., 3742., 3767., 20120., 281793, 20230424091500)
 (3768., 3769., 3742., 3745.,  9059., 280167, 20230424093000)
 (3745., 3749., 3733., 3736.,  9937., 278416, 20230424094500)
 (3736., 3748., 3733., 3734.,  6635., 277314, 20230424100000)
 (3735., 3748., 3734., 3744.,  4369., 275910, 20230424101500)
 (3746., 3750., 3735., 3738.,  7724., 275303, 20230424104500)
 (3737., 3739., 3729., 3730.,  5901., 274334, 20230424110000)
 (3731., 3747., 3729., 3746.,  8305., 271971, 20230424111500)
 (3744., 3745., 3735., 3737.,  4208., 270913, 20230424113000)
 (3735., 3741., 3715., 3720., 10212., 269672, 20230424134500)
 (3720., 3725., 3702., 3710., 14343., 263627, 20230424140000)
 (3710., 3756., 3710., 3736., 14983., 257331, 20230424141500)
 (3734., 3747., 3731., 3743., 10423., 253267, 20230424143000)
 (3744., 3744., 3722., 3726.,  5990., 251663, 20230424144500)
 (3726., 3733., 3702., 3728., 10465., 251069, 20230424150000)]
2023-04-25 15:30:00  INFO  [(3732., 3735., 3721., 3732., 19191., 245839, 20230424211500)
 (3731., 3750., 3730., 3746.,  5871., 243232, 20230424213000)
 (3745., 3752., 3740., 3740.,  3776., 241969, 20230424214500)
 (3742., 3754., 3741., 3746.,  3407., 240493, 20230424220000)
 (3748., 3755., 3742., 3755.,  2696., 239509, 20230424221500)
 (3754., 3754., 3746., 3751.,  2015., 238714, 20230424223000)
 (3751., 3753., 3744., 3744.,  1316., 238155, 20230424224500)
 (3745., 3747., 3739., 3742.,  2517., 237120, 20230424230000)
 (3743., 3763., 3742., 3760.,  8039., 233548, 20230425091500)
 (3760., 3762., 3753., 3757.,  5850., 230529, 20230425093000)
 (3759., 3759., 3742., 3754.,  3033., 229382, 20230425094500)
 (3754., 3757., 3742., 3747.,  5797., 227530, 20230425100000)
 (3746., 3751., 3743., 3750.,  3503., 226087, 20230425101500)
 (3749., 3753., 3734., 3735.,  6032., 222768, 20230425104500)
 (3736., 3744., 3730., 3734.,  4045., 220559, 20230425110000)
 (3735., 3735., 3725., 3733.,  2776., 219447, 20230425111500)
 (3731., 3742., 3731., 3734.,  2979., 218138, 20230425113000)
 (3729., 3732., 3711., 3716.,  8214., 215404, 20230425134500)
 (3715., 3719., 3710., 3714.,  6003., 212766, 20230425140000)
 (3713., 3730., 3712., 3727.,  5473., 210401, 20230425141500)
 (3729., 3729., 3718., 3720.,  2152., 209551, 20230425143000)
 (3721., 3722., 3712., 3717.,  2685., 208356, 20230425144500)
 (3717., 3717., 3700., 3700.,  6517., 204965, 20230425150000)]
2023-04-26 15:30:00  INFO  [(3684., 3702., 3682., 3699., 21404., 195624, 20230425211500)
 (3699., 3710., 3698., 3703.,  4047., 194366, 20230425213000)
 (3703., 3706., 3687., 3688.,  3690., 193578, 20230425214500)
 (3688., 3694., 3681., 3683.,  5709., 191644, 20230425220000)
 (3683., 3696., 3673., 3678., 12418., 186585, 20230425221500)
 (3678., 3680., 3670., 3673.,  4498., 184298, 20230425223000)
 (3673., 3686., 3670., 3686.,  3231., 182452, 20230425224500)
 (3686., 3696., 3683., 3693.,  2943., 181328, 20230425230000)
 (3694., 3712., 3692., 3705.,  7337., 178291, 20230426091500)
 (3706., 3718., 3703., 3714.,  6976., 174538, 20230426093000)
 (3715., 3724., 3712., 3724.,  7494., 170382, 20230426094500)
 (3725., 3725., 3707., 3710.,  5273., 167225, 20230426100000)
 (3710., 3711., 3701., 3706.,  6478., 164615, 20230426101500)
 (3707., 3707., 3697., 3706.,  5828., 161226, 20230426104500)
 (3706., 3717., 3705., 3711.,  4348., 158901, 20230426110000)
 (3710., 3713., 3697., 3698.,  3417., 157138, 20230426111500)
 (3698., 3703., 3693., 3699.,  2902., 155587, 20230426113000)
 (3695., 3710., 3694., 3697.,  5511., 152880, 20230426134500)
 (3695., 3699., 3687., 3689.,  6122., 150117, 20230426140000)
 (3689., 3691., 3676., 3679.,  6821., 146250, 20230426141500)
 (3679., 3689., 3675., 3686.,  9617., 141132, 20230426143000)
 (3688., 3701., 3686., 3689.,  5224., 138771, 20230426144500)
 (3689., 3699., 3685., 3698.,  5017., 135978, 20230426150000)]
2023-04-27 15:30:00  INFO  [(3705., 3730., 3705., 3719., 16909., 125337, 20230426211500)
 (3719., 3731., 3719., 3722.,  5416., 122480, 20230426213000)
 (3723., 3728., 3712., 3713.,  4467., 120031, 20230426214500)
 (3713., 3719., 3712., 3718.,  2211., 118915, 20230426220000)
 (3717., 3717., 3710., 3715.,  1095., 118295, 20230426221500)
 (3715., 3719., 3708., 3717.,  1102., 117711, 20230426223000)
 (3717., 3720., 3712., 3712.,  1403., 117031, 20230426224500)
 (3712., 3725., 3711., 3722.,  2680., 115853, 20230426230000)
 (3721., 3724., 3712., 3723.,  3828., 113754, 20230427091500)
 (3723., 3724., 3713., 3715.,  3742., 111277, 20230427093000)
 (3716., 3717., 3701., 3707.,  4242., 109136, 20230427094500)
 (3707., 3708., 3699., 3700.,  2770., 107653, 20230427100000)
 (3701., 3703., 3690., 3697.,  1939., 107091, 20230427101500)
 (3697., 3700., 3687., 3692.,  2155., 106270, 20230427104500)
 (3693., 3695., 3680., 3686.,  4169., 104012, 20230427110000)
 (3687., 3692., 3681., 3691.,  4426., 101705, 20230427111500)
 (3690., 3705., 3683., 3693.,  2870.,  99973, 20230427113000)
 (3699., 3705., 3692., 3696.,  3795.,  98150, 20230427134500)
 (3698., 3713., 3698., 3702.,  4746.,  95836, 20230427140000)
 (3703., 3703., 3684., 3690.,  5033.,  93007, 20230427141500)
 (3688., 3695., 3683., 3685.,  2340.,  92058, 20230427143000)
 (3685., 3694., 3683., 3687.,  3433.,  90371, 20230427144500)
 (3688., 3688., 3672., 3679.,  5362.,  87680, 20230427150000)]
2023-04-28 15:30:00  INFO  [(3670., 3678., 3653., 3660., 10164., 84055, 20230427211500)
 (3661., 3663., 3650., 3652.,  3096., 82542, 20230427213000)
 (3651., 3655., 3637., 3644.,  3842., 80974, 20230427214500)
 (3645., 3657., 3642., 3656.,  1919., 80419, 20230427220000)
 (3656., 3666., 3654., 3664.,  2163., 79436, 20230427221500)
 (3666., 3671., 3660., 3666.,  2548., 78181, 20230427223000)
 (3666., 3669., 3657., 3657.,  2353., 77317, 20230427224500)
 (3657., 3666., 3655., 3662.,  1857., 76377, 20230427230000)
 (3664., 3678., 3662., 3669.,  3811., 74214, 20230428091500)
 (3669., 3669., 3657., 3662.,  1393., 73182, 20230428093000)
 (3661., 3667., 3656., 3664.,  1001., 72416, 20230428094500)
 (3663., 3670., 3661., 3666.,  2756., 70472, 20230428100000)
 (3666., 3669., 3658., 3659.,  1766., 69114, 20230428101500)
 (3659., 3661., 3650., 3653.,  1826., 67716, 20230428104500)
 (3653., 3655., 3644., 3644.,  1551., 66752, 20230428110000)
 (3644., 3646., 3636., 3642.,  2470., 65165, 20230428111500)
 (3640., 3645., 3634., 3636.,  2571., 63287, 20230428113000)
 (3640., 3643., 3628., 3629.,  3817., 60610, 20230428134500)
 (3629., 3633., 3621., 3624.,  3930., 58390, 20230428140000)
 (3622., 3623., 3605., 3611.,  4715., 55379, 20230428141500)
 (3611., 3615., 3595., 3595.,  5404., 51395, 20230428143000)
 (3596., 3604., 3581., 3604.,  9822., 43526, 20230428144500)
 (3605., 3625., 3583., 3583.,  3145., 41043, 20230428150000)]
2023-05-04 15:30:00  INFO  [(3644., 3646., 3636., 3642., 2470., 65165, 20230428111500)
 (3640., 3645., 3634., 3636., 2571., 63287, 20230428113000)
 (3640., 3643., 3628., 3629., 3817., 60610, 20230428134500)
 (3629., 3633., 3621., 3624., 3930., 58390, 20230428140000)
 (3622., 3623., 3605., 3611., 4715., 55379, 20230428141500)
 (3611., 3615., 3595., 3595., 5404., 51395, 20230428143000)
 (3596., 3604., 3581., 3604., 9822., 43526, 20230428144500)
 (3605., 3625., 3583., 3583., 3145., 41043, 20230428150000)
 (3596., 3605., 3582., 3593.,  720., 40533, 20230504091500)
 (3589., 3592., 3586., 3588., 1200., 39423, 20230504093000)
 (3586., 3587., 3582., 3586.,  300., 39183, 20230504094500)
 (3586., 3594., 3584., 3594.,  870., 38313, 20230504100000)
 (3594., 3594., 3584., 3592.,  240., 38163, 20230504101500)
 (3595., 3596., 3586., 3596.,  573., 37770, 20230504104500)
 (3593., 3593., 3590., 3590.,  150., 37620, 20230504110000)
 (3590., 3590., 3586., 3586.,  120., 37500, 20230504111500)
 (3588., 3589., 3580., 3580., 1050., 36660, 20230504113000)
 (3580., 3582., 3570., 3570.,  540., 36120, 20230504134500)
 (3570., 3571., 3561., 3564.,  630., 35550, 20230504140000)
 (3564., 3567., 3563., 3564.,  270., 35280, 20230504141500)
 (3564., 3565., 3561., 3561.,  420., 34920, 20230504143000)
 (3573., 3573., 3559., 3559.,  510., 34590, 20230504144500)
 (3559., 3560., 3556., 3558.,  450., 34290, 20230504150000)]
2023-05-05 15:30:00  INFO  [(3558., 3559., 3540., 3540., 1740., 32700, 20230504211500)
 (3540., 3540., 3530., 3530.,  450., 32310, 20230504213000)
 (3530., 3537., 3530., 3530.,  180., 32220, 20230504214500)
 (3530., 3530., 3523., 3526.,  210., 32070, 20230504220000)
 (3526., 3526., 3521., 3521.,  120., 32040, 20230504221500)
 (3527., 3528., 3521., 3525.,  420., 31740, 20230504223000)
 (3525., 3525., 3507., 3510.,  360., 31590, 20230504224500)
 (3510., 3510., 3505., 3505.,  120., 31500, 20230504230000)
 (3508., 3508., 3491., 3494.,  690., 31140, 20230505091500)
 (3494., 3508., 3494., 3508.,  270., 30990, 20230505093000)
 (3508., 3510., 3500., 3510.,   90., 30930, 20230505094500)
 (3513., 3513., 3502., 3502.,  510., 30570, 20230505100000)
 (3502., 3502., 3495., 3495.,  270., 30300, 20230505101500)
 (3495., 3508., 3491., 3496.,  240., 30180, 20230505104500)
 (3496., 3505., 3491., 3505.,  240., 29970, 20230505110000)
 (3505., 3518., 3497., 3515.,  450., 29670, 20230505111500)
 (3510., 3520., 3510., 3520.,  660., 29040, 20230505113000)
 (3519., 3523., 3511., 3523.,  540., 28770, 20230505134500)
 (3523., 3565., 3523., 3565.,  930., 27900, 20230505140000)
 (3565., 3565., 3542., 3552.,  120., 27840, 20230505141500)
 (3541., 3541., 3535., 3535.,   60., 27810, 20230505143000)
 (3536., 3541., 3533., 3540.,  330., 27570, 20230505144500)
 (3525., 3545., 3525., 3542.,  420., 27270, 20230505150000)]
2023-05-08 15:30:00  INFO  [(3540., 3549., 3534., 3549.,  630., 26910, 20230505211500)
 (3550., 3570., 3548., 3570.,  900., 26130, 20230505213000)
 (3570., 3570., 3556., 3565.,  120., 26040, 20230505214500)
 (3566., 3570., 3566., 3566.,  360., 25740, 20230505220000)
 (3568., 3568., 3568., 3568.,   90., 25650, 20230505221500)
 (3568., 3570., 3562., 3570.,  630., 25140, 20230505223000)
 (3570., 3579., 3563., 3578.,  390., 24810, 20230505224500)
 (3578., 3578., 3569., 3578.,  240., 24660, 20230505230000)
 (3578., 3578., 3554., 3560.,  540., 24240, 20230508091500)
 (3560., 3570., 3552., 3567., 1590., 23310, 20230508093000)
 (3570., 3588., 3570., 3583., 1560., 22800, 20230508094500)
 (3581., 3590., 3580., 3585., 1020., 22020, 20230508100000)
 (3585., 3590., 3584., 3590.,  870., 21840, 20230508101500)
 (3591., 3600., 3575., 3597., 2460., 20520, 20230508104500)
 (3591., 3599., 3588., 3594.,  270., 20400, 20230508110000)
 (3594., 3599., 3594., 3599.,  360., 20190, 20230508111500)
 (3600., 3605., 3597., 3597.,  570., 19920, 20230508113000)
 (3601., 3601., 3595., 3598.,  420., 19530, 20230508134500)
 (3598., 3606., 3596., 3606.,  330., 19290, 20230508140000)
 (3606., 3629., 3606., 3629., 1050., 18390, 20230508141500)
 (3623., 3628., 3615., 3626., 1320., 17430, 20230508143000)
 (3626., 3626., 3616., 3620.,  390., 17130, 20230508144500)
 (3624., 3629., 3610., 3616., 1020., 16650, 20230508150000)]
2023-05-09 15:30:00  INFO  [(3616., 3630., 3601., 3601.,  480., 16320, 20230508211500)
 (3601., 3611., 3601., 3607.,  210., 16170, 20230508213000)
 (3607., 3607., 3602., 3602.,  180., 15990, 20230508214500)
 (3602., 3610., 3602., 3607.,  120., 15900, 20230508220000)
 (3607., 3614., 3603., 3614.,   90., 15840, 20230508221500)
 (3614., 3620., 3614., 3618.,  120., 15750, 20230508223000)
 (3618., 3621., 3615., 3615.,   60., 15690, 20230508224500)
 (3615., 3615., 3615., 3615.,    0., 15690, 20230508230000)
 (3605., 3620., 3605., 3609.,  150., 15570, 20230509091500)
 (3609., 3609., 3601., 3601.,  240., 15360, 20230509093000)
 (3602., 3606., 3595., 3595.,  330., 15120, 20230509094500)
 (3595., 3600., 3595., 3595.,  180., 14940, 20230509100000)
 (3595., 3596., 3595., 3596.,  210., 14790, 20230509101500)
 (3598., 3614., 3598., 3614.,  210., 14700, 20230509104500)
 (3610., 3620., 3610., 3620.,  480., 14370, 20230509110000)
 (3617., 3617., 3612., 3612.,  420., 14370, 20230509111500)
 (3614., 3614., 3607., 3608.,  180., 14340, 20230509113000)
 (3607., 3607., 3597., 3600., 1110., 14040, 20230509134500)
 (3600., 3601., 3596., 3600.,  390., 13890, 20230509140000)
 (3600., 3600., 3589., 3592.,  150., 13800, 20230509141500)
 (3592., 3599., 3592., 3599.,  120., 13770, 20230509143000)
 (3600., 3600., 3593., 3593.,  120., 13650, 20230509144500)
 (3593., 3596., 3582., 3588.,  270., 13440, 20230509150000)]
2023-05-10 15:30:00  INFO  [(3588., 3588., 3575., 3588., 210., 13410, 20230509211500)
 (3588., 3597., 3588., 3597.,  60., 13380, 20230509213000)
 (3597., 3597., 3589., 3597.,  90., 13320, 20230509214500)
 (3597., 3604., 3597., 3604.,  60., 13320, 20230509220000)
 (3604., 3604., 3600., 3600.,  60., 13320, 20230509221500)
 (3600., 3600., 3585., 3585.,  60., 13290, 20230509223000)
 (3585., 3602., 3585., 3595.,  90., 13230, 20230509224500)
 (3595., 3600., 3589., 3589., 330., 13050, 20230509230000)
 (3598., 3604., 3590., 3593., 600., 12600, 20230510091500)
 (3593., 3604., 3593., 3604., 420., 12210, 20230510093000)
 (3604., 3604., 3594., 3598., 270., 11940, 20230510094500)
 (3598., 3599., 3590., 3590., 120., 11850, 20230510100000)
 (3590., 3597., 3582., 3582., 570., 11670, 20230510101500)
 (3582., 3582., 3575., 3575., 510., 11280, 20230510104500)
 (3580., 3580., 3575., 3575.,  90., 11190, 20230510110000)
 (3575., 3577., 3571., 3571., 120., 11130, 20230510111500)
 (3570., 3570., 3550., 3550., 240., 10920, 20230510113000)
 (3563., 3563., 3546., 3550., 960., 10260, 20230510134500)
 (3550., 3555., 3541., 3555., 330., 10080, 20230510140000)
 (3555., 3555., 3535., 3549., 300.,  9870, 20230510141500)
 (3535., 3535., 3502., 3516., 600.,  9750, 20230510143000)
 (3516., 3516., 3500., 3510., 960.,  9330, 20230510144500)
 (3512., 3537., 3510., 3537., 780.,  9000, 20230510150000)]
2023-05-11 15:30:00  INFO  [(3537., 3550., 3537., 3550., 750., 8250, 20230510211500)
 (3520., 3538., 3520., 3532., 210., 8130, 20230510213000)
 (3523., 3523., 3518., 3518., 360., 7890, 20230510214500)
 (3518., 3520., 3515., 3520., 420., 7470, 20230510220000)
 (3520., 3520., 3520., 3520.,   0., 7470, 20230510221500)
 (3520., 3520., 3500., 3500., 120., 7380, 20230510223000)
 (3500., 3532., 3490., 3490., 120., 7350, 20230510224500)
 (3490., 3490., 3486., 3486.,  60., 7290, 20230510230000)
 (3486., 3486., 3476., 3476., 210., 7140, 20230511091500)
 (3476., 3476., 3470., 3470., 210., 6990, 20230511093000)
 (3470., 3470., 3432., 3447., 210., 6930, 20230511094500)
 (3447., 3460., 3447., 3447., 120., 6810, 20230511100000)
 (3447., 3450., 3447., 3450.,  30., 6780, 20230511101500)
 (3447., 3447., 3416., 3427., 450., 6570, 20230511104500)
 (3447., 3450., 3447., 3450.,  90., 6570, 20230511110000)
 (3450., 3485., 3450., 3485.,  60., 6540, 20230511111500)
 (3485., 3485., 3475., 3480.,  90., 6450, 20230511113000)
 (3484., 3485., 3460., 3485., 120., 6360, 20230511134500)
 (3485., 3490., 3485., 3490.,  30., 6360, 20230511140000)
 (3490., 3490., 3460., 3463., 180., 6210, 20230511141500)
 (3463., 3463., 3463., 3463.,   0., 6210, 20230511143000)
 (3463., 3480., 3460., 3460., 180., 6030, 20230511144500)
 (3460., 3480., 3449., 3480., 390., 5670, 20230511150000)]
2023-05-12 15:30:00  INFO  [(3480., 3480., 3445., 3445., 150., 5670, 20230511211500)
 (3445., 3445., 3445., 3445., 120., 5670, 20230511213000)
 (3445., 3445., 3445., 3445., 120., 5670, 20230511214500)
 (3445., 3445., 3440., 3440.,  30., 5670, 20230511220000)
 (3440., 3440., 3440., 3440.,   0., 5670, 20230511221500)
 (3440., 3440., 3440., 3440.,   0., 5670, 20230511223000)
 (3440., 3445., 3440., 3445., 150., 5610, 20230511224500)
 (3445., 3445., 3440., 3440.,  90., 5610, 20230511230000)
 (3440., 3440., 3440., 3440., 120., 5490, 20230512091500)
 (3440., 3440., 3432., 3432.,  60., 5490, 20230512093000)
 (3432., 3432., 3432., 3432.,   0., 5490, 20230512094500)
 (3432., 3432., 3432., 3432.,   0., 5490, 20230512100000)
 (3432., 3432., 3420., 3420.,  30., 5520, 20230512101500)
 (3420., 3420., 3420., 3420.,   0., 5520, 20230512104500)
 (3420., 3450., 3420., 3450.,  90., 5490, 20230512110000)
 (3450., 3450., 3450., 3450.,  90., 5400, 20230512111500)
 (3450., 3460., 3450., 3451., 150., 5250, 20230512113000)
 (3451., 3470., 3451., 3470.,  30., 5220, 20230512134500)
 (3470., 3470., 3455., 3455.,  30., 5190, 20230512140000)
 (3455., 3474., 3455., 3474.,  30., 5220, 20230512141500)
 (3474., 3474., 3474., 3474.,   0., 5220, 20230512143000)
 (3474., 3474., 3456., 3456.,  30., 5190, 20230512144500)
 (3455., 3455., 3415., 3415., 270., 5010, 20230512150000)]
2023-05-15 15:30:00  INFO  [(3415., 3415., 3415., 3415.,   0., 5010, 20230512211500)
 (3415., 3415., 3415., 3415.,   0., 5010, 20230512213000)
 (3415., 3415., 3415., 3415.,   0., 5010, 20230512214500)
 (3470., 3470., 3470., 3470.,  30., 4980, 20230512220000)
 (3470., 3470., 3470., 3470.,   0., 4980, 20230512221500)
 (3470., 3470., 3470., 3470.,   0., 4980, 20230512223000)
 (3470., 3470., 3470., 3470.,   0., 4980, 20230512224500)
 (3470., 3470., 3470., 3470.,   0., 4980, 20230512230000)
 (3470., 3535., 3436., 3436.,  60., 4950, 20230515091500)
 (3436., 3436., 3436., 3436.,   0., 4950, 20230515093000)
 (3436., 3436., 3436., 3436.,   0., 4950, 20230515094500)
 (3436., 3447., 3436., 3447.,  30., 4950, 20230515100000)
 (3447., 3447., 3447., 3447.,   0., 4950, 20230515101500)
 (3447., 3460., 3447., 3460.,  30., 4920, 20230515104500)
 (3460., 3460., 3460., 3460.,   0., 4920, 20230515110000)
 (3460., 3460., 3445., 3445.,  30., 4920, 20230515111500)
 (3445., 3445., 3445., 3445.,   0., 4920, 20230515113000)
 (3445., 3456., 3445., 3451., 150., 4830, 20230515134500)
 (3451., 3483., 3451., 3483., 150., 4710, 20230515140000)
 (3483., 3483., 3460., 3460., 240., 4500, 20230515141500)
 (3460., 3460., 3460., 3460.,   0., 4500, 20230515143000)
 (3460., 3484., 3460., 3484.,  60., 4470, 20230515144500)
 (3484., 3485., 3482., 3482.,  90., 4410, 20230515150000)]
