2022-01-18 15:30:00  INFO  [(4249., 4250., 4234., 4248.,  564.,  497, 20220117211500)
 (4247., 4259., 4246., 4257.,  262.,  698, 20220117213000)
 (4258., 4258., 4251., 4258.,  145.,  794, 20220117214500)
 (4259., 4259., 4254., 4256.,   90.,  854, 20220117220000)
 (4256., 4256., 4249., 4250.,  125.,  959, 20220117221500)
 (4250., 4256., 4250., 4252.,   26.,  972, 20220117223000)
 (4252., 4256., 4251., 4254.,   64.,  998, 20220117224500)
 (4254., 4256., 4249., 4254.,   57., 1039, 20220117230000)
 (4254., 4254., 4244., 4244.,  100., 1086, 20220118091500)
 (4244., 4260., 4244., 4260.,   75., 1077, 20220118093000)
 (4260., 4262., 4254., 4260.,   47., 1098, 20220118094500)
 (4260., 4260., 4242., 4247.,   60., 1138, 20220118100000)
 (4247., 4256., 4247., 4256.,   12., 1144, 20220118101500)
 (4256., 4264., 4253., 4264.,   51., 1151, 20220118104500)
 (4266., 4282., 4263., 4280.,  109., 1186, 20220118110000)
 (4280., 4283., 4270., 4278.,  241., 1337, 20220118111500)
 (4278., 4278., 4260., 4269.,   39., 1342, 20220118113000)
 (4269., 4289., 4268., 4283.,   87., 1356, 20220118134500)
 (4283., 4290., 4275., 4290.,   60., 1391, 20220118140000)
 (4290., 4297., 4286., 4292.,   58., 1417, 20220118141500)
 (4292., 4302., 4287., 4293.,   55., 1456, 20220118143000)
 (4293., 4296., 4287., 4290., 1620., 3074, 20220118144500)
 (4290., 4300., 4286., 4293.,  152., 3196, 20220118150000)]
2022-01-19 15:30:00  INFO  [(4310., 4347., 4305., 4345., 308., 3216, 20220118211500)
 (4345., 4350., 4340., 4345., 144., 3278, 20220118213000)
 (4345., 4370., 4343., 4362., 135., 3279, 20220118214500)
 (4362., 4371., 4361., 4370., 186., 3385, 20220118220000)
 (4370., 4387., 4369., 4387., 144., 3430, 20220118221500)
 (4387., 4392., 4384., 4390.,  99., 3455, 20220118223000)
 (4390., 4406., 4387., 4403.,  88., 3463, 20220118224500)
 (4403., 4406., 4383., 4386., 168., 3512, 20220118230000)
 (4394., 4400., 4382., 4384., 248., 3664, 20220119091500)
 (4384., 4409., 4384., 4397., 143., 3636, 20220119093000)
 (4400., 4409., 4396., 4396., 106., 3646, 20220119094500)
 (4396., 4405., 4396., 4400.,  37., 3650, 20220119100000)
 (4400., 4403., 4392., 4401.,  60., 3650, 20220119101500)
 (4401., 4406., 4390., 4394., 102., 3721, 20220119104500)
 (4394., 4396., 4380., 4395., 151., 3834, 20220119110000)
 (4395., 4397., 4390., 4391., 181., 3974, 20220119111500)
 (4391., 4394., 4381., 4388.,  93., 4040, 20220119113000)
 (4383., 4384., 4358., 4359., 192., 4098, 20220119134500)
 (4358., 4373., 4358., 4370., 240., 4012, 20220119140000)
 (4369., 4388., 4369., 4384., 119., 4000, 20220119141500)
 (4384., 4393., 4380., 4389.,  66., 3985, 20220119143000)
 (4383., 4395., 4382., 4394.,  68., 4014, 20220119144500)
 (4393., 4396., 4381., 4394.,  83., 4051, 20220119150000)]
2022-01-20 15:30:00  INFO  [(4400., 4404., 4375., 4382., 205., 4189, 20220119211500)
 (4382., 4385., 4377., 4379.,  46., 4200, 20220119213000)
 (4379., 4398., 4379., 4393., 101., 4180, 20220119214500)
 (4393., 4393., 4385., 4388.,  82., 4138, 20220119220000)
 (4388., 4398., 4388., 4398.,  52., 4103, 20220119221500)
 (4398., 4404., 4397., 4401.,  73., 4101, 20220119223000)
 (4402., 4407., 4400., 4405.,  75., 4099, 20220119224500)
 (4405., 4413., 4401., 4413.,  62., 4100, 20220119230000)
 (4409., 4414., 4396., 4398., 260., 4225, 20220120091500)
 (4398., 4402., 4382., 4402., 280., 4354, 20220120093000)
 (4402., 4412., 4400., 4400., 167., 4350, 20220120094500)
 (4400., 4400., 4387., 4391.,  32., 4364, 20220120100000)
 (4391., 4391., 4383., 4387., 152., 4371, 20220120101500)
 (4387., 4396., 4383., 4394.,  61., 4376, 20220120104500)
 (4394., 4400., 4388., 4395.,  40., 4377, 20220120110000)
 (4395., 4400., 4387., 4392.,  93., 4342, 20220120111500)
 (4392., 4405., 4388., 4388.,  49., 4333, 20220120113000)
 (4388., 4406., 4388., 4400.,  73., 4327, 20220120134500)
 (4400., 4404., 4400., 4402.,  35., 4331, 20220120140000)
 (4402., 4408., 4400., 4408.,  45., 4338, 20220120141500)
 (4408., 4421., 4408., 4413.,  99., 4314, 20220120143000)
 (4413., 4428., 4413., 4421.,  49., 4306, 20220120144500)
 (4421., 4425., 4400., 4407.,  98., 4295, 20220120150000)]
2022-01-21 15:30:00  INFO  [(4400., 4412., 4382., 4410., 287., 4375, 20220120211500)
 (4410., 4413., 4401., 4408.,  33., 4370, 20220120213000)
 (4408., 4416., 4408., 4410.,  57., 4369, 20220120214500)
 (4410., 4425., 4407., 4425.,  37., 4349, 20220120220000)
 (4425., 4442., 4425., 4432., 107., 4307, 20220120221500)
 (4432., 4441., 4430., 4439., 103., 4339, 20220120223000)
 (4439., 4448., 4439., 4444.,  56., 4350, 20220120224500)
 (4444., 4447., 4438., 4440., 103., 4335, 20220120230000)
 (4445., 4445., 4413., 4418., 143., 4378, 20220121091500)
 (4418., 4431., 4413., 4416., 130., 4457, 20220121093000)
 (4416., 4418., 4382., 4411., 176., 4484, 20220121094500)
 (4411., 4424., 4403., 4411., 103., 4525, 20220121100000)
 (4411., 4430., 4407., 4420.,  83., 4539, 20220121101500)
 (4420., 4420., 4390., 4395.,  45., 4555, 20220121104500)
 (4395., 4403., 4382., 4393., 100., 4610, 20220121110000)
 (4393., 4400., 4390., 4394.,  23., 4612, 20220121111500)
 (4394., 4409., 4382., 4408., 115., 4635, 20220121113000)
 (4409., 4434., 4399., 4424., 138., 4580, 20220121134500)
 (4424., 4426., 4415., 4426.,  36., 4574, 20220121140000)
 (4425., 4426., 4414., 4426.,  25., 4569, 20220121141500)
 (4426., 4428., 4419., 4424.,  17., 4569, 20220121143000)
 (4424., 4439., 4405., 4420., 122., 4582, 20220121144500)
 (4420., 4420., 4406., 4408.,  19., 4578, 20220121150000)]
2022-01-24 15:30:00  INFO  [(4403., 4417., 4395., 4401., 119., 4612, 20220121211500)
 (4401., 4408., 4397., 4403.,  19., 4624, 20220121213000)
 (4408., 4425., 4408., 4425., 116., 4653, 20220121214500)
 (4425., 4428., 4418., 4425.,  37., 4651, 20220121220000)
 (4425., 4430., 4414., 4414., 116., 4708, 20220121221500)
 (4414., 4428., 4412., 4427.,  35., 4710, 20220121223000)
 (4427., 4430., 4421., 4425.,  34., 4714, 20220121224500)
 (4425., 4426., 4416., 4426.,  44., 4708, 20220121230000)
 (4429., 4476., 4429., 4458., 311., 4741, 20220124091500)
 (4456., 4456., 4405., 4412., 186., 4760, 20220124093000)
 (4412., 4413., 4400., 4412.,  69., 4775, 20220124094500)
 (4412., 4412., 4402., 4407.,  44., 4798, 20220124100000)
 (4407., 4411., 4398., 4398., 194., 4889, 20220124101500)
 (4397., 4407., 4396., 4407.,  73., 4912, 20220124104500)
 (4407., 4477., 4380., 4393., 262., 5033, 20220124110000)
 (4393., 4405., 4384., 4398.,  93., 5037, 20220124111500)
 (4400., 4410., 4394., 4404.,  63., 5030, 20220124113000)
 (4404., 4430., 4404., 4414., 100., 5024, 20220124134500)
 (4414., 4427., 4409., 4427.,  40., 5014, 20220124140000)
 (4427., 4427., 4411., 4418.,  43., 4998, 20220124141500)
 (4418., 4418., 4377., 4381., 264., 5109, 20220124143000)
 (4381., 4392., 4372., 4391.,  72., 5131, 20220124144500)
 (4391., 4391., 4350., 4365., 273., 5152, 20220124150000)]
2022-01-25 15:30:00  INFO  [(4352., 4384., 4350., 4356., 211., 5135, 20220124211500)
 (4356., 4371., 4354., 4369.,  88., 5147, 20220124213000)
 (4369., 4380., 4366., 4370.,  66., 5149, 20220124214500)
 (4370., 4372., 4361., 4364.,  48., 5165, 20220124220000)
 (4364., 4364., 4344., 4354., 135., 5197, 20220124221500)
 (4354., 4374., 4350., 4350.,  74., 5212, 20220124223000)
 (4350., 4360., 4345., 4354.,  33., 5229, 20220124224500)
 (4354., 4360., 4346., 4349.,  27., 5230, 20220124230000)
 (4358., 4364., 4336., 4360., 219., 5295, 20220125091500)
 (4360., 4371., 4360., 4362.,  97., 5316, 20220125093000)
 (4362., 4375., 4359., 4372., 176., 5308, 20220125094500)
 (4376., 4381., 4371., 4381.,  86., 5309, 20220125100000)
 (4381., 4387., 4377., 4381.,  32., 5291, 20220125101500)
 (4380., 4385., 4374., 4385.,  57., 5290, 20220125104500)
 (4385., 4391., 4375., 4388.,  62., 5266, 20220125110000)
 (4388., 4388., 4375., 4384.,  25., 5263, 20220125111500)
 (4384., 4398., 4384., 4395., 113., 5212, 20220125113000)
 (4395., 4409., 4391., 4405., 102., 5177, 20220125134500)
 (4406., 4409., 4398., 4409.,  49., 5166, 20220125140000)
 (4409., 4410., 4401., 4408.,  43., 5185, 20220125141500)
 (4408., 4408., 4402., 4407.,  84., 5179, 20220125143000)
 (4407., 4412., 4400., 4406.,  48., 5168, 20220125144500)
 (4406., 4413., 4403., 4403., 126., 5199, 20220125150000)]
2022-01-26 15:30:00  INFO  [(4415., 4423., 4400., 4407., 279., 5228, 20220125211500)
 (4407., 4414., 4406., 4406., 138., 5293, 20220125213000)
 (4406., 4407., 4403., 4405.,  91., 5342, 20220125214500)
 (4405., 4405., 4394., 4397., 191., 5449, 20220125220000)
 (4397., 4405., 4397., 4402.,  40., 5450, 20220125221500)
 (4402., 4403., 4390., 4395.,  77., 5491, 20220125223000)
 (4395., 4397., 4380., 4380., 122., 5513, 20220125224500)
 (4380., 4387., 4353., 4353., 214., 5615, 20220125230000)
 (4367., 4369., 4352., 4360., 261., 5785, 20220126091500)
 (4360., 4365., 4346., 4354., 114., 5835, 20220126093000)
 (4354., 4359., 4338., 4355., 143., 5889, 20220126094500)
 (4355., 4365., 4351., 4358.,  96., 5922, 20220126100000)
 (4358., 4373., 4356., 4368.,  48., 5899, 20220126101500)
 (4368., 4372., 4342., 4366.,  69., 5878, 20220126104500)
 (4370., 4392., 4370., 4389., 125., 5878, 20220126110000)
 (4389., 4389., 4374., 4375.,  77., 5869, 20220126111500)
 (4375., 4380., 4366., 4366.,  68., 5895, 20220126113000)
 (4366., 4380., 4355., 4370.,  78., 5887, 20220126134500)
 (4370., 4380., 4362., 4372.,  60., 5875, 20220126140000)
 (4372., 4394., 4372., 4394.,  62., 5874, 20220126141500)
 (4394., 4394., 4385., 4390.,  34., 5875, 20220126143000)
 (4390., 4400., 4388., 4388.,  88., 5849, 20220126144500)
 (4388., 4397., 4384., 4390.,  44., 5844, 20220126150000)]
2022-01-27 15:30:00  INFO  [(4392., 4399., 4367., 4367., 649., 6390, 20220126211500)
 (4367., 4373., 4360., 4369., 109., 6440, 20220126213000)
 (4369., 4377., 4365., 4377.,  85., 6462, 20220126214500)
 (4377., 4395., 4367., 4367., 301., 6556, 20220126220000)
 (4367., 4376., 4367., 4375.,  80., 6585, 20220126221500)
 (4375., 4377., 4374., 4374.,  24., 6582, 20220126223000)
 (4375., 4378., 4365., 4368.,  54., 6598, 20220126224500)
 (4368., 4382., 4368., 4379.,  78., 6596, 20220126230000)
 (4379., 4383., 4371., 4375.,  37., 6593, 20220127091500)
 (4375., 4383., 4375., 4376.,  20., 6597, 20220127093000)
 (4376., 4386., 4368., 4370.,  96., 6630, 20220127094500)
 (4370., 4375., 4364., 4370.,  83., 6676, 20220127100000)
 (4370., 4370., 4354., 4361., 202., 6828, 20220127101500)
 (4361., 4375., 4355., 4370.,  80., 6857, 20220127104500)
 (4370., 4372., 4365., 4366.,  30., 6863, 20220127110000)
 (4366., 4373., 4365., 4365.,  44., 6861, 20220127111500)
 (4365., 4410., 4364., 4401., 229., 6792, 20220127113000)
 (4401., 4430., 4401., 4410., 355., 6741, 20220127134500)
 (4410., 4426., 4410., 4425.,  64., 6696, 20220127140000)
 (4425., 4425., 4414., 4417.,  22., 6696, 20220127141500)
 (4417., 4419., 4403., 4406., 118., 6740, 20220127143000)
 (4406., 4424., 4369., 4385., 486., 6956, 20220127144500)
 (4385., 4385., 4370., 4373.,  70., 6987, 20220127150000)]
2022-01-28 15:30:00  INFO  [(4380., 4444., 4380., 4444.,  339., 6914, 20220127211500)
 (4444., 4454., 4431., 4437.,  454., 6712, 20220127213000)
 (4437., 4448., 4436., 4448.,   89., 6685, 20220127214500)
 (4448., 4448., 4420., 4428.,  160., 6659, 20220127220000)
 (4428., 4440., 4422., 4437.,   63., 6641, 20220127221500)
 (4437., 4442., 4432., 4442.,   32., 6636, 20220127223000)
 (4442., 4443., 4436., 4443.,   23., 6630, 20220127224500)
 (4445., 4450., 4442., 4445.,  207., 6693, 20220127230000)
 (4445., 4445., 4430., 4431., 1894., 5001, 20220128091500)
 (4433., 4440., 4430., 4435.,   33., 5004, 20220128093000)
 (4440., 4441., 4425., 4437.,   42., 5022, 20220128094500)
 (4437., 4454., 4434., 4454.,  143., 5024, 20220128100000)
 (4454., 4454., 4447., 4453.,  102., 5020, 20220128101500)
 (4453., 4453., 4425., 4425.,  126., 5023, 20220128104500)
 (4425., 4449., 4425., 4449.,   95., 5012, 20220128110000)
 (4449., 4460., 4445., 4454.,  123., 5017, 20220128111500)
 (4454., 4475., 4448., 4454.,  138., 5015, 20220128113000)
 (4454., 4471., 4454., 4470.,  111., 4983, 20220128134500)
 (4470., 4473., 4464., 4472.,   52., 4969, 20220128140000)
 (4472., 4472., 4440., 4460.,  127., 4981, 20220128141500)
 (4460., 4471., 4449., 4453.,  201., 4971, 20220128143000)
 (4453., 4467., 4452., 4463.,   66., 4970, 20220128144500)
 (4463., 4500., 4460., 4500.,  264., 4903, 20220128150000)]
2022-02-07 15:30:00  INFO  [(4449., 4460., 4445., 4454., 123., 5017, 20220128111500)
 (4454., 4475., 4448., 4454., 138., 5015, 20220128113000)
 (4454., 4471., 4454., 4470., 111., 4983, 20220128134500)
 (4470., 4473., 4464., 4472.,  52., 4969, 20220128140000)
 (4472., 4472., 4440., 4460., 127., 4981, 20220128141500)
 (4460., 4471., 4449., 4453., 201., 4971, 20220128143000)
 (4453., 4467., 4452., 4463.,  66., 4970, 20220128144500)
 (4463., 4500., 4460., 4500., 264., 4903, 20220128150000)
 (4508., 4600., 4475., 4491., 707., 5008, 20220207091500)
 (4491., 4506., 4484., 4486., 201., 5058, 20220207093000)
 (4486., 4512., 4486., 4507., 165., 5054, 20220207094500)
 (4507., 4515., 4494., 4501.,  82., 5071, 20220207100000)
 (4501., 4506., 4498., 4504.,  58., 5062, 20220207101500)
 (4504., 4522., 4499., 4520., 250., 5175, 20220207104500)
 (4520., 4524., 4511., 4517., 195., 5186, 20220207110000)
 (4517., 4520., 4511., 4514.,  56., 5201, 20220207111500)
 (4514., 4539., 4514., 4531., 115., 5177, 20220207113000)
 (4540., 4540., 4521., 4534.,  53., 5172, 20220207134500)
 (4534., 4536., 4529., 4529.,  33., 5170, 20220207140000)
 (4529., 4530., 4512., 4514., 170., 5182, 20220207141500)
 (4514., 4520., 4505., 4510.,  81., 5199, 20220207143000)
 (4510., 4513., 4502., 4506., 543., 5715, 20220207144500)
 (4506., 4524., 4504., 4516., 108., 5692, 20220207150000)]
2022-02-08 15:30:00  INFO  [(4518., 4549., 4517., 4545., 232., 5714, 20220207211500)
 (4546., 4552., 4542., 4547., 240., 5783, 20220207213000)
 (4547., 4558., 4543., 4557., 310., 5899, 20220207214500)
 (4557., 4570., 4556., 4569., 166., 5931, 20220207220000)
 (4569., 4575., 4563., 4574., 130., 5954, 20220207221500)
 (4574., 4575., 4566., 4566.,  89., 5985, 20220207223000)
 (4566., 4573., 4558., 4565., 140., 6013, 20220207224500)
 (4565., 4568., 4555., 4557., 107., 6036, 20220207230000)
 (4557., 4572., 4557., 4563., 125., 6046, 20220208091500)
 (4563., 4565., 4551., 4555., 257., 6160, 20220208093000)
 (4555., 4560., 4554., 4560., 135., 6231, 20220208094500)
 (4560., 4570., 4554., 4568., 383., 6500, 20220208100000)
 (4568., 4588., 4568., 4586., 135., 6460, 20220208101500)
 (4586., 4592., 4578., 4579., 161., 6486, 20220208104500)
 (4579., 4587., 4572., 4587., 106., 6524, 20220208110000)
 (4587., 4590., 4580., 4588., 159., 6528, 20220208111500)
 (4588., 4590., 4580., 4583.,  52., 6537, 20220208113000)
 (4583., 4590., 4577., 4587.,  92., 6552, 20220208134500)
 (4587., 4596., 4587., 4590.,  44., 6539, 20220208140000)
 (4590., 4599., 4584., 4584.,  67., 6564, 20220208141500)
 (4584., 4586., 4555., 4568., 335., 6697, 20220208143000)
 (4568., 4578., 4566., 4575.,  88., 6729, 20220208144500)
 (4575., 4582., 4556., 4572., 186., 6775, 20220208150000)]
2022-02-09 15:30:00  INFO  [(4572., 4572., 4520., 4570., 2138., 8374, 20220208211500)
 (4570., 4576., 4565., 4575.,  190., 8389, 20220208213000)
 (4575., 4585., 4575., 4575.,  233., 8343, 20220208214500)
 (4575., 4577., 4568., 4573.,  158., 8398, 20220208220000)
 (4573., 4577., 4564., 4565.,  165., 8438, 20220208221500)
 (4565., 4572., 4554., 4556.,  186., 8533, 20220208223000)
 (4556., 4563., 4555., 4561.,  142., 8537, 20220208224500)
 (4561., 4564., 4530., 4533.,  257., 8688, 20220208230000)
 (4553., 4567., 4542., 4542.,  236., 8647, 20220209091500)
 (4542., 4547., 4528., 4538.,  252., 8744, 20220209093000)
 (4538., 4545., 4529., 4540.,  181., 8837, 20220209094500)
 (4540., 4544., 4521., 4521.,  244., 8889, 20220209100000)
 (4521., 4533., 4514., 4528.,  578., 9075, 20220209101500)
 (4525., 4543., 4520., 4536.,  119., 9071, 20220209104500)
 (4536., 4545., 4530., 4530.,  182., 9172, 20220209110000)
 (4530., 4541., 4530., 4536.,   82., 9215, 20220209111500)
 (4536., 4552., 4536., 4539.,  127., 9221, 20220209113000)
 (4539., 4544., 4521., 4530.,  250., 9265, 20220209134500)
 (4530., 4533., 4517., 4533.,  195., 9372, 20220209140000)
 (4533., 4535., 4528., 4529.,   56., 9370, 20220209141500)
 (4529., 4529., 4522., 4529.,   50., 9369, 20220209143000)
 (4529., 4530., 4513., 4516.,  187., 9446, 20220209144500)
 (4516., 4516., 4492., 4506.,  567., 9731, 20220209150000)]
2022-02-10 15:30:00  INFO  [(4505., 4529., 4496., 4523., 1445., 10853, 20220209211500)
 (4523., 4538., 4523., 4532.,  235., 10914, 20220209213000)
 (4532., 4549., 4532., 4545.,  299., 10902, 20220209214500)
 (4544., 4545., 4528., 4529.,  292., 10911, 20220209220000)
 (4529., 4534., 4523., 4525.,  232., 10899, 20220209221500)
 (4525., 4526., 4515., 4521.,  106., 10903, 20220209223000)
 (4521., 4526., 4515., 4526.,   49., 10894, 20220209224500)
 (4526., 4533., 4520., 4522.,   36., 10887, 20220209230000)
 (4522., 4537., 4519., 4525.,  125., 10856, 20220210091500)
 (4525., 4530., 4521., 4530.,   55., 10862, 20220210093000)
 (4530., 4538., 4530., 4536.,  113., 10852, 20220210094500)
 (4536., 4547., 4533., 4547.,   82., 10824, 20220210100000)
 (4547., 4549., 4525., 4533.,  107., 10816, 20220210101500)
 (4533., 4540., 4532., 4540.,   19., 10816, 20220210104500)
 (4540., 4551., 4538., 4550.,   94., 10761, 20220210110000)
 (4550., 4550., 4538., 4538.,   70., 10784, 20220210111500)
 (4538., 4544., 4532., 4542.,   14., 10783, 20220210113000)
 (4542., 4567., 4542., 4562.,  235., 10713, 20220210134500)
 (4562., 4596., 4559., 4595.,  564., 10453, 20220210140000)
 (4595., 4618., 4583., 4592.,  401., 10325, 20220210141500)
 (4592., 4596., 4580., 4580.,  122., 10371, 20220210143000)
 (4580., 4590., 4580., 4585.,   89., 10373, 20220210144500)
 (4585., 4592., 4568., 4584.,  284., 10368, 20220210150000)]
2022-02-11 15:30:00  INFO  [(4595., 4652., 4595., 4647., 977., 10327, 20220210211500)
 (4647., 4650., 4620., 4626., 385., 10440, 20220210213000)
 (4626., 4638., 4620., 4637., 209., 10488, 20220210214500)
 (4637., 4646., 4630., 4639., 111., 10480, 20220210220000)
 (4639., 4639., 4628., 4634.,  90., 10516, 20220210221500)
 (4634., 4636., 4630., 4633.,  58., 10529, 20220210223000)
 (4633., 4639., 4631., 4639.,  23., 10522, 20220210224500)
 (4639., 4642., 4633., 4633., 113., 10462, 20220210230000)
 (4632., 4637., 4609., 4615., 330., 10509, 20220211091500)
 (4615., 4621., 4608., 4614., 416., 10842, 20220211093000)
 (4613., 4628., 4601., 4624., 213., 10800, 20220211094500)
 (4624., 4635., 4607., 4631., 237., 10758, 20220211100000)
 (4631., 4657., 4629., 4639., 565., 10621, 20220211101500)
 (4639., 4644., 4636., 4643., 174., 10515, 20220211104500)
 (4643., 4643., 4635., 4638.,  62., 10529, 20220211110000)
 (4638., 4639., 4615., 4617., 171., 10613, 20220211111500)
 (4617., 4624., 4600., 4623., 200., 10628, 20220211113000)
 (4625., 4641., 4610., 4636., 179., 10590, 20220211134500)
 (4636., 4645., 4624., 4630., 131., 10619, 20220211140000)
 (4628., 4633., 4617., 4625.,  98., 10638, 20220211141500)
 (4625., 4626., 4608., 4614., 128., 10698, 20220211143000)
 (4614., 4618., 4606., 4608.,  43., 10706, 20220211144500)
 (4608., 4617., 4568., 4568., 453., 10824, 20220211150000)]
2022-02-14 15:30:00  INFO  [(4568., 4568., 4530., 4553.,  718., 10958, 20220211211500)
 (4553., 4563., 4540., 4545.,  309., 11007, 20220211213000)
 (4543., 4545., 4530., 4536.,  492., 11232, 20220211214500)
 (4536., 4539., 4502., 4526.,  502., 11455, 20220211220000)
 (4520., 4546., 4520., 4527.,  386., 11479, 20220211221500)
 (4527., 4543., 4527., 4538.,  118., 11502, 20220211223000)
 (4538., 4554., 4538., 4542.,  225., 11487, 20220211224500)
 (4542., 4547., 4521., 4534.,  180., 11526, 20220211230000)
 (4535., 4546., 4507., 4522.,  462., 11622, 20220214091500)
 (4522., 4531., 4515., 4524.,  160., 11639, 20220214093000)
 (4524., 4535., 4524., 4532.,   73., 11641, 20220214094500)
 (4532., 4547., 4530., 4544.,  134., 11642, 20220214100000)
 (4544., 4548., 4531., 4545.,  153., 11705, 20220214101500)
 (4545., 4553., 4536., 4553.,   96., 11719, 20220214104500)
 (4553., 4553., 4545., 4553.,   35., 11713, 20220214110000)
 (4553., 4554., 4537., 4539.,   79., 11767, 20220214111500)
 (4539., 4545., 4525., 4529.,  127., 11832, 20220214113000)
 (4529., 4531., 4508., 4518.,  332., 12025, 20220214134500)
 (4518., 4525., 4511., 4514.,   92., 12050, 20220214140000)
 (4514., 4514., 4492., 4494.,  683., 12475, 20220214141500)
 (4494., 4499., 4450., 4470., 1040., 12786, 20220214143000)
 (4470., 4482., 4450., 4452.,  506., 12980, 20220214144500)
 (4452., 4470., 4442., 4457.,  627., 13279, 20220214150000)]
2022-02-15 15:30:00  INFO  [(4456., 4457., 4420., 4422.,  572., 13432, 20220214211500)
 (4422., 4432., 4408., 4422.,  442., 13553, 20220214213000)
 (4422., 4423., 4409., 4412.,  218., 13660, 20220214214500)
 (4412., 4433., 4412., 4428.,  270., 13732, 20220214220000)
 (4428., 4430., 4418., 4418.,  132., 13754, 20220214221500)
 (4418., 4429., 4418., 4427.,   98., 13786, 20220214223000)
 (4427., 4430., 4412., 4423.,  113., 13797, 20220214224500)
 (4423., 4425., 4412., 4413.,   98., 13781, 20220214230000)
 (4413., 4426., 4410., 4413.,  172., 13864, 20220215091500)
 (4413., 4414., 4396., 4401.,  507., 14097, 20220215093000)
 (4401., 4406., 4383., 4384.,  512., 14383, 20220215094500)
 (4384., 4396., 4380., 4393.,  384., 14576, 20220215100000)
 (4393., 4406., 4386., 4392.,  243., 14645, 20220215101500)
 (4392., 4407., 4386., 4407.,  352., 14682, 20220215104500)
 (4407., 4433., 4405., 4429.,  296., 14631, 20220215110000)
 (4429., 4429., 4391., 4393.,  204., 14652, 20220215111500)
 (4393., 4399., 4363., 4381.,  564., 14902, 20220215113000)
 (4380., 4380., 4320., 4367., 1119., 15328, 20220215134500)
 (4367., 4374., 4331., 4334., 3074., 18037, 20220215140000)
 (4334., 4352., 4330., 4348., 1858., 19565, 20220215141500)
 (4348., 4371., 4338., 4370., 1886., 20653, 20220215143000)
 (4370., 4385., 4368., 4375., 3263., 23422, 20220215144500)
 (4375., 4392., 4371., 4387.,  462., 23383, 20220215150000)]
2022-02-16 15:30:00  INFO  [(4391., 4426., 4391., 4415., 2707., 24494, 20220215211500)
 (4415., 4420., 4397., 4401.,  315., 24563, 20220215213000)
 (4401., 4401., 4378., 4380.,  343., 24681, 20220215214500)
 (4380., 4391., 4375., 4391.,  161., 24735, 20220215220000)
 (4391., 4403., 4380., 4383.,  196., 24748, 20220215221500)
 (4383., 4395., 4383., 4393.,   54., 24755, 20220215223000)
 (4393., 4393., 4379., 4385.,   74., 24774, 20220215224500)
 (4385., 4386., 4376., 4386.,  141., 24805, 20220215230000)
 (4386., 4413., 4381., 4405.,  220., 24809, 20220216091500)
 (4405., 4424., 4405., 4413.,  373., 24884, 20220216093000)
 (4410., 4416., 4405., 4413.,  166., 24935, 20220216094500)
 (4413., 4450., 4409., 4437.,  299., 24960, 20220216100000)
 (4437., 4444., 4428., 4439.,  147., 24948, 20220216101500)
 (4439., 4442., 4422., 4424.,  211., 25038, 20220216104500)
 (4424., 4442., 4424., 4438.,   77., 25025, 20220216110000)
 (4438., 4444., 4435., 4436.,   61., 25037, 20220216111500)
 (4436., 4450., 4436., 4446.,   81., 25046, 20220216113000)
 (4446., 4476., 4444., 4471.,  265., 24999, 20220216134500)
 (4471., 4471., 4451., 4454.,  122., 24989, 20220216140000)
 (4454., 4468., 4454., 4461.,  124., 24967, 20220216141500)
 (4461., 4472., 4457., 4467.,  105., 24922, 20220216143000)
 (4467., 4479., 4462., 4466.,  645., 25435, 20220216144500)
 (4466., 4471., 4430., 4471.,  306., 25350, 20220216150000)]
2022-02-17 15:30:00  INFO  [(4463., 4473., 4432., 4433.,  363., 25418, 20220216211500)
 (4433., 4457., 4430., 4450.,  185., 25436, 20220216213000)
 (4450., 4450., 4440., 4440.,  109., 25454, 20220216214500)
 (4440., 4446., 4424., 4426.,  139., 25512, 20220216220000)
 (4426., 4429., 4411., 4423.,  402., 25639, 20220216221500)
 (4423., 4445., 4415., 4430.,  173., 25625, 20220216223000)
 (4429., 4431., 4411., 4412.,  154., 25689, 20220216224500)
 (4414., 4423., 4402., 4418.,  226., 25712, 20220216230000)
 (4418., 4430., 4410., 4417.,  180., 25743, 20220217091500)
 (4417., 4428., 4415., 4425.,   79., 25755, 20220217093000)
 (4425., 4427., 4412., 4416.,  130., 25784, 20220217094500)
 (4416., 4424., 4415., 4415.,   70., 25784, 20220217100000)
 (4415., 4415., 4380., 4384.,  627., 26037, 20220217101500)
 (4389., 4391., 4376., 4383.,  340., 26177, 20220217104500)
 (4383., 4406., 4372., 4394., 1201., 26789, 20220217110000)
 (4394., 4408., 4390., 4394.,  297., 26886, 20220217111500)
 (4392., 4418., 4392., 4409.,  547., 27133, 20220217113000)
 (4403., 4419., 4391., 4392.,  396., 27319, 20220217134500)
 (4392., 4398., 4383., 4386.,  270., 27360, 20220217140000)
 (4386., 4396., 4375., 4391.,  434., 27545, 20220217141500)
 (4391., 4424., 4386., 4420.,  236., 27448, 20220217143000)
 (4420., 4422., 4372., 4372.,  722., 27996, 20220217144500)
 (4372., 4386., 4358., 4358., 1922., 29572, 20220217150000)]
2022-02-18 15:30:00  INFO  [(4350., 4378., 4342., 4370., 684., 29683, 20220217211500)
 (4370., 4378., 4355., 4357., 296., 29670, 20220217213000)
 (4357., 4390., 4357., 4389., 359., 29681, 20220217214500)
 (4389., 4394., 4376., 4385., 299., 29602, 20220217220000)
 (4385., 4390., 4375., 4380., 325., 29476, 20220217221500)
 (4380., 4384., 4370., 4373., 136., 29438, 20220217223000)
 (4373., 4382., 4370., 4376.,  66., 29433, 20220217224500)
 (4376., 4383., 4368., 4371., 140., 29368, 20220217230000)
 (4385., 4399., 4376., 4395., 225., 29353, 20220218091500)
 (4395., 4406., 4390., 4402., 177., 29400, 20220218093000)
 (4402., 4406., 4393., 4401., 135., 29433, 20220218094500)
 (4401., 4408., 4400., 4400., 138., 29436, 20220218100000)
 (4400., 4419., 4399., 4416., 293., 29358, 20220218101500)
 (4418., 4422., 4406., 4413., 139., 29340, 20220218104500)
 (4413., 4422., 4413., 4421., 217., 29314, 20220218110000)
 (4421., 4433., 4412., 4430., 327., 29415, 20220218111500)
 (4432., 4455., 4426., 4438., 252., 29291, 20220218113000)
 (4438., 4449., 4436., 4447., 512., 28904, 20220218134500)
 (4447., 4447., 4425., 4426., 196., 28917, 20220218140000)
 (4427., 4449., 4426., 4448., 758., 29531, 20220218141500)
 (4448., 4452., 4440., 4442., 105., 29519, 20220218143000)
 (4442., 4447., 4435., 4438.,  72., 29536, 20220218144500)
 (4438., 4444., 4431., 4438., 116., 29536, 20220218150000)]
2022-02-21 15:30:00  INFO  [(4431., 4462., 4430., 4440.,  334., 29548, 20220218211500)
 (4440., 4445., 4429., 4438.,  112., 29579, 20220218213000)
 (4438., 4440., 4431., 4434.,  144., 29573, 20220218214500)
 (4434., 4461., 4431., 4451.,  123., 29528, 20220218220000)
 (4451., 4453., 4444., 4444.,   68., 29527, 20220218221500)
 (4444., 4460., 4444., 4458.,   66., 29481, 20220218223000)
 (4459., 4469., 4455., 4460.,  120., 29444, 20220218224500)
 (4460., 4473., 4452., 4472.,  227., 29316, 20220218230000)
 (4472., 4472., 4441., 4449.,  960., 28994, 20220221091500)
 (4449., 4453., 4422., 4425., 1436., 28302, 20220221093000)
 (4425., 4444., 4422., 4439., 1878., 27460, 20220221094500)
 (4439., 4445., 4435., 4437.,  197., 27461, 20220221100000)
 (4437., 4443., 4420., 4422.,  204., 27451, 20220221101500)
 (4423., 4429., 4405., 4417.,  233., 27465, 20220221104500)
 (4417., 4425., 4408., 4416.,   80., 27451, 20220221110000)
 (4416., 4425., 4416., 4419.,   65., 27433, 20220221111500)
 (4419., 4439., 4416., 4434.,  150., 27425, 20220221113000)
 (4436., 4439., 4422., 4437.,  127., 27410, 20220221134500)
 (4437., 4449., 4433., 4444.,   91., 27368, 20220221140000)
 (4444., 4446., 4436., 4444.,  117., 27371, 20220221141500)
 (4444., 4445., 4430., 4431.,   82., 27386, 20220221143000)
 (4431., 4456., 4431., 4448.,  204., 27319, 20220221144500)
 (4455., 4488., 4454., 4485.,  425., 27127, 20220221150000)]
2022-02-22 15:30:00  INFO  [(4493., 4510., 4480., 4506., 1020., 27277, 20220221211500)
 (4506., 4518., 4500., 4512.,  551., 27321, 20220221213000)
 (4512., 4515., 4504., 4512.,  242., 27250, 20220221214500)
 (4510., 4512., 4503., 4511.,  144., 27235, 20220221220000)
 (4511., 4515., 4503., 4511.,  116., 27191, 20220221221500)
 (4511., 4519., 4508., 4510.,   82., 27180, 20220221223000)
 (4510., 4518., 4503., 4517.,  113., 27178, 20220221224500)
 (4517., 4518., 4503., 4506.,  117., 27137, 20220221230000)
 (4506., 4515., 4496., 4503.,  352., 27234, 20220222091500)
 (4503., 4509., 4498., 4508.,  227., 27158, 20220222093000)
 (4508., 4521., 4508., 4521.,  400., 26948, 20220222094500)
 (4521., 4522., 4502., 4504.,  202., 27013, 20220222100000)
 (4504., 4520., 4503., 4505.,  291., 27080, 20220222101500)
 (4505., 4517., 4504., 4509.,  183., 27162, 20220222104500)
 (4509., 4511., 4495., 4498.,  163., 27179, 20220222110000)
 (4498., 4505., 4479., 4482.,  359., 27215, 20220222111500)
 (4482., 4482., 4452., 4454.,  468., 27194, 20220222113000)
 (4470., 4470., 4445., 4468.,  462., 27268, 20220222134500)
 (4468., 4479., 4463., 4464., 6204., 33341, 20220222140000)
 (4464., 4477., 4461., 4472., 5053., 38331, 20220222141500)
 (4472., 4479., 4433., 4437.,  336., 38487, 20220222143000)
 (4437., 4442., 4411., 4417.,  952., 39050, 20220222144500)
 (4417., 4428., 4400., 4402.,  515., 39226, 20220222150000)]
2022-02-23 15:30:00  INFO  [(4403., 4440., 4401., 4438., 612., 39241, 20220222211500)
 (4438., 4443., 4417., 4417., 226., 39263, 20220222213000)
 (4417., 4438., 4412., 4434., 166., 39276, 20220222214500)
 (4434., 4438., 4420., 4424., 215., 39256, 20220222220000)
 (4423., 4434., 4421., 4424., 141., 39265, 20220222221500)
 (4424., 4439., 4423., 4433., 103., 39231, 20220222223000)
 (4433., 4433., 4421., 4430.,  64., 39235, 20220222224500)
 (4430., 4430., 4410., 4417., 128., 39235, 20220222230000)
 (4417., 4443., 4416., 4441., 225., 39221, 20220223091500)
 (4441., 4447., 4420., 4421., 199., 39272, 20220223093000)
 (4420., 4429., 4406., 4412., 222., 39366, 20220223094500)
 (4412., 4418., 4404., 4409.,  77., 39390, 20220223100000)
 (4409., 4436., 4404., 4420., 231., 39358, 20220223101500)
 (4420., 4436., 4412., 4434., 201., 39370, 20220223104500)
 (4434., 4442., 4430., 4435., 155., 39393, 20220223110000)
 (4435., 4441., 4428., 4430., 235., 39477, 20220223111500)
 (4430., 4440., 4425., 4438., 607., 39979, 20220223113000)
 (4438., 4453., 4431., 4453., 684., 40423, 20220223134500)
 (4453., 4462., 4448., 4462., 163., 40421, 20220223140000)
 (4463., 4464., 4453., 4458.,  55., 40419, 20220223141500)
 (4460., 4464., 4440., 4440., 172., 40375, 20220223143000)
 (4440., 4462., 4428., 4450., 296., 40369, 20220223144500)
 (4450., 4460., 4435., 4444., 150., 40360, 20220223150000)]
2022-02-24 15:30:00  INFO  [(4444., 4457., 4423., 4447.,  340., 40399, 20220223211500)
 (4446., 4449., 4431., 4435.,  194., 40464, 20220223213000)
 (4435., 4435., 4411., 4421.,  369., 40587, 20220223214500)
 (4421., 4430., 4413., 4417.,  167., 40632, 20220223220000)
 (4417., 4420., 4406., 4412.,  209., 40713, 20220223221500)
 (4412., 4418., 4402., 4407.,  176., 40791, 20220223223000)
 (4407., 4422., 4402., 4418.,  138., 40821, 20220223224500)
 (4418., 4421., 4406., 4418.,  148., 40836, 20220223230000)
 (4418., 4423., 4408., 4411.,  738., 41298, 20220224091500)
 (4411., 4418., 4402., 4412.,  191., 41369, 20220224093000)
 (4412., 4422., 4405., 4412.,  207., 41365, 20220224094500)
 (4412., 4420., 4404., 4404.,  181., 41436, 20220224100000)
 (4405., 4408., 4368., 4368., 1317., 42162, 20220224101500)
 (4368., 4376., 4360., 4361.,  992., 42621, 20220224104500)
 (4361., 4362., 4340., 4340., 1334., 43559, 20220224110000)
 (4342., 4375., 4340., 4369.,  602., 43627, 20220224111500)
 (4369., 4383., 4338., 4350.,  586., 43830, 20220224113000)
 (4351., 4380., 4335., 4376., 1202., 43837, 20220224134500)
 (4376., 4376., 4345., 4347.,  351., 43850, 20220224140000)
 (4347., 4347., 4330., 4330., 1345., 44847, 20220224141500)
 (4330., 4333., 4300., 4303., 2121., 46188, 20220224143000)
 (4303., 4325., 4300., 4317.,  434., 46301, 20220224144500)
 (4317., 4332., 4314., 4322., 1376., 47422, 20220224150000)]
2022-02-25 15:30:00  INFO  [(4327., 4330., 4300., 4316., 1127., 47649, 20220224211500)
 (4316., 4334., 4311., 4331.,  692., 47890, 20220224213000)
 (4331., 4340., 4330., 4336.,  494., 47933, 20220224214500)
 (4336., 4339., 4329., 4332.,  476., 48017, 20220224220000)
 (4333., 4340., 4329., 4330.,  203., 48076, 20220224221500)
 (4333., 4336., 4329., 4333.,  151., 48128, 20220224223000)
 (4333., 4333., 4309., 4310.,  264., 48254, 20220224224500)
 (4308., 4316., 4290., 4298.,  987., 48572, 20220224230000)
 (4300., 4313., 4270., 4272., 1360., 49076, 20220225091500)
 (4272., 4293., 4268., 4287.,  642., 49142, 20220225093000)
 (4287., 4304., 4280., 4292.,  366., 49098, 20220225094500)
 (4295., 4307., 4290., 4305.,  305., 49108, 20220225100000)
 (4305., 4307., 4294., 4296.,  439., 49277, 20220225101500)
 (4316., 4316., 4283., 4284.,  343., 49412, 20220225104500)
 (4284., 4298., 4280., 4295., 1909., 50997, 20220225110000)
 (4295., 4305., 4286., 4287.,  207., 51005, 20220225111500)
 (4287., 4303., 4280., 4283.,  309., 51067, 20220225113000)
 (4283., 4283., 4265., 4266.,  831., 51283, 20220225134500)
 (4266., 4278., 4251., 4252.,  769., 51457, 20220225140000)
 (4252., 4269., 4242., 4269., 1301., 51826, 20220225141500)
 (4269., 4328., 4262., 4296., 1531., 51658, 20220225143000)
 (4296., 4301., 4286., 4301.,  714., 52144, 20220225144500)
 (4301., 4322., 4296., 4321.,  508., 52099, 20220225150000)]
2022-02-28 15:30:00  INFO  [(4321., 4342., 4308., 4337., 1081., 51769, 20220225211500)
 (4337., 4342., 4325., 4334., 2110., 53330, 20220225213000)
 (4336., 4345., 4329., 4337., 1243., 54111, 20220225214500)
 (4337., 4342., 4330., 4333.,  189., 54110, 20220225220000)
 (4334., 4343., 4331., 4343.,   78., 54112, 20220225221500)
 (4343., 4350., 4338., 4339.,  163., 54071, 20220225223000)
 (4339., 4345., 4337., 4343.,   83., 54055, 20220225224500)
 (4343., 4345., 4328., 4336.,  155., 54028, 20220225230000)
 (4340., 4383., 4340., 4366., 1762., 53028, 20220228091500)
 (4366., 4370., 4354., 4368.,  228., 53020, 20220228093000)
 (4368., 4375., 4364., 4374.,  177., 53024, 20220228094500)
 (4374., 4380., 4368., 4379.,  856., 52488, 20220228100000)
 (4381., 4384., 4369., 4382.,  257., 52540, 20220228101500)
 (4382., 4385., 4376., 4383.,  203., 52535, 20220228104500)
 (4383., 4384., 4362., 4380.,  251., 52528, 20220228110000)
 (4380., 4380., 4362., 4366.,  110., 52544, 20220228111500)
 (4366., 4373., 4356., 4367.,  311., 52700, 20220228113000)
 (4362., 4380., 4351., 4360.,  347., 52828, 20220228134500)
 (4360., 4365., 4356., 4356.,  192., 52834, 20220228140000)
 (4356., 4368., 4350., 4351.,  616., 53340, 20220228141500)
 (4351., 4360., 4347., 4354., 1681., 54854, 20220228143000)
 (4354., 4367., 4350., 4366.,   92., 54858, 20220228144500)
 (4366., 4392., 4360., 4384.,  683., 54598, 20220228150000)]
2022-03-01 15:30:00  INFO  [(4395., 4421., 4395., 4411., 1779., 55560, 20220228211500)
 (4411., 4418., 4409., 4414.,  202., 55551, 20220228213000)
 (4414., 4425., 4413., 4416.,  219., 55494, 20220228214500)
 (4416., 4422., 4414., 4420.,  145., 55475, 20220228220000)
 (4420., 4420., 4410., 4418.,  138., 55481, 20220228221500)
 (4418., 4419., 4408., 4419.,  188., 55439, 20220228223000)
 (4419., 4420., 4408., 4420.,  135., 55436, 20220228224500)
 (4420., 4444., 4419., 4443.,  630., 55249, 20220228230000)
 (4443., 4461., 4441., 4451.,  935., 55028, 20220301091500)
 (4451., 4468., 4447., 4468.,  605., 54841, 20220301093000)
 (4467., 4492., 4467., 4473.,  911., 54447, 20220301094500)
 (4473., 4493., 4471., 4492.,  321., 54345, 20220301100000)
 (4492., 4496., 4466., 4466.,  316., 54291, 20220301101500)
 (4469., 4483., 4463., 4479.,  167., 54268, 20220301104500)
 (4479., 4482., 4476., 4481.,   69., 54235, 20220301110000)
 (4481., 4481., 4474., 4480.,   59., 54200, 20220301111500)
 (4480., 4490., 4469., 4469.,  293., 54205, 20220301113000)
 (4469., 4475., 4463., 4470.,  203., 54203, 20220301134500)
 (4470., 4481., 4459., 4463.,  182., 54225, 20220301140000)
 (4463., 4470., 4459., 4465.,  195., 54207, 20220301141500)
 (4465., 4484., 4460., 4475.,  163., 54167, 20220301143000)
 (4475., 4498., 4474., 4494.,  287., 54067, 20220301144500)
 (4494., 4538., 4488., 4527., 1362., 53396, 20220301150000)]
2022-03-02 15:30:00  INFO  [(4530., 4542., 4512., 4541., 1588., 52634, 20220301211500)
 (4541., 4541., 4526., 4531.,  563., 52541, 20220301213000)
 (4531., 4538., 4521., 4526.,  283., 52555, 20220301214500)
 (4526., 4533., 4526., 4528.,  197., 52519, 20220301220000)
 (4528., 4533., 4525., 4527., 3257., 54022, 20220301221500)
 (4527., 4532., 4525., 4532.,  143., 54033, 20220301223000)
 (4530., 4546., 4529., 4545.,  284., 53991, 20220301224500)
 (4545., 4550., 4528., 4540.,  375., 53937, 20220301230000)
 (4540., 4550., 4527., 4548.,  717., 53985, 20220302091500)
 (4548., 4550., 4531., 4544.,  707., 53820, 20220302093000)
 (4544., 4550., 4542., 4546.,  571., 53854, 20220302094500)
 (4546., 4555., 4545., 4555.,  281., 53780, 20220302100000)
 (4555., 4572., 4550., 4564.,  530., 53657, 20220302101500)
 (4564., 4584., 4560., 4562.,  704., 53580, 20220302104500)
 (4562., 4564., 4546., 4551.,  457., 53611, 20220302110000)
 (4551., 4555., 4501., 4504.,  685., 53616, 20220302111500)
 (4506., 4526., 4502., 4524.,  368., 53632, 20220302113000)
 (4523., 4541., 4514., 4524.,  392., 53575, 20220302134500)
 (4524., 4530., 4516., 4517.,  130., 53573, 20220302140000)
 (4517., 4528., 4514., 4516.,  580., 54074, 20220302141500)
 (4517., 4522., 4506., 4522.,  229., 54089, 20220302143000)
 (4522., 4534., 4517., 4532.,  152., 54085, 20220302144500)
 (4532., 4545., 4522., 4543.,  214., 54033, 20220302150000)]
2022-03-03 15:30:00  INFO  [(4548., 4566., 4541., 4558.,  760., 54076, 20220302211500)
 (4560., 4568., 4558., 4565.,  424., 54036, 20220302213000)
 (4565., 4566., 4545., 4549.,  606., 53933, 20220302214500)
 (4549., 4552., 4542., 4546.,  397., 53819, 20220302220000)
 (4546., 4552., 4534., 4536.,  233., 53847, 20220302221500)
 (4536., 4542., 4528., 4535.,  266., 53851, 20220302223000)
 (4535., 4543., 4532., 4537.,  137., 53831, 20220302224500)
 (4537., 4541., 4527., 4541.,  196., 53771, 20220302230000)
 (4542., 4567., 4542., 4565.,  469., 53767, 20220303091500)
 (4565., 4586., 4563., 4585.,  677., 53728, 20220303093000)
 (4585., 4593., 4572., 4593.,  667., 53608, 20220303094500)
 (4593., 4608., 4580., 4591.,  996., 53671, 20220303100000)
 (4591., 4598., 4565., 4585.,  470., 53606, 20220303101500)
 (4585., 4600., 4583., 4600.,  219., 53522, 20220303104500)
 (4600., 4605., 4591., 4599.,  327., 53510, 20220303110000)
 (4599., 4602., 4585., 4595.,  122., 53503, 20220303111500)
 (4595., 4598., 4566., 4580.,  404., 53445, 20220303113000)
 (4580., 4580., 4553., 4563.,  530., 53327, 20220303134500)
 (4563., 4566., 4540., 4550.,  713., 53344, 20220303140000)
 (4550., 4570., 4540., 4567., 1415., 54315, 20220303141500)
 (4567., 4568., 4551., 4559.,  449., 54523, 20220303143000)
 (4559., 4565., 4553., 4563.,  163., 54518, 20220303144500)
 (4563., 4564., 4551., 4556.,  575., 54810, 20220303150000)]
2022-03-04 15:30:00  INFO  [(4557., 4596., 4551., 4596., 2118., 56387, 20220303211500)
 (4596., 4600., 4580., 4580.,  737., 56383, 20220303213000)
 (4580., 4582., 4552., 4569.,  626., 56284, 20220303214500)
 (4569., 4569., 4541., 4552.,  285., 56315, 20220303220000)
 (4552., 4562., 4543., 4551.,  356., 56335, 20220303221500)
 (4551., 4556., 4543., 4550.,  230., 56361, 20220303223000)
 (4550., 4561., 4550., 4556.,   71., 56360, 20220303224500)
 (4556., 4570., 4556., 4560.,  347., 56329, 20220303230000)
 (4560., 4571., 4545., 4562.,  362., 56426, 20220304091500)
 (4562., 4566., 4544., 4546.,  291., 56408, 20220304093000)
 (4546., 4552., 4528., 4533.,  367., 56387, 20220304094500)
 (4533., 4543., 4522., 4536.,  228., 56473, 20220304100000)
 (4536., 4547., 4515., 4547.,  754., 56313, 20220304101500)
 (4548., 4565., 4547., 4564.,  244., 56205, 20220304104500)
 (4564., 4577., 4556., 4574.,  207., 56221, 20220304110000)
 (4574., 4582., 4566., 4577., 1195., 57042, 20220304111500)
 (4577., 4581., 4569., 4569.,  395., 57081, 20220304113000)
 (4572., 4572., 4550., 4550., 1452., 58276, 20220304134500)
 (4550., 4561., 4549., 4558.,  129., 58315, 20220304140000)
 (4558., 4573., 4554., 4564.,  240., 58340, 20220304141500)
 (4564., 4564., 4546., 4548.,  168., 58399, 20220304143000)
 (4548., 4564., 4535., 4559.,  303., 58462, 20220304144500)
 (4559., 4570., 4555., 4570.,  228., 58361, 20220304150000)]
2022-03-07 15:30:00  INFO  [(4580., 4597., 4566., 4596., 3208., 60837, 20220304211500)
 (4596., 4599., 4585., 4590.,  381., 60843, 20220304213000)
 (4590., 4600., 4588., 4596.,  361., 60805, 20220304214500)
 (4596., 4607., 4592., 4602.,  304., 60773, 20220304220000)
 (4602., 4616., 4602., 4607.,  267., 60753, 20220304221500)
 (4607., 4611., 4600., 4611.,  335., 60626, 20220304223000)
 (4611., 4625., 4609., 4625.,  497., 60484, 20220304224500)
 (4625., 4627., 4610., 4625.,  512., 60440, 20220304230000)
 (4650., 4725., 4650., 4706., 4252., 59700, 20220307091500)
 (4706., 4722., 4702., 4720.,  943., 59355, 20220307093000)
 (4720., 4729., 4710., 4726.,  486., 59389, 20220307094500)
 (4726., 4749., 4724., 4744.,  449., 59368, 20220307100000)
 (4744., 4758., 4725., 4726., 1242., 59240, 20220307101500)
 (4724., 4732., 4696., 4725., 1200., 59281, 20220307104500)
 (4725., 4732., 4710., 4718.,  218., 59245, 20220307110000)
 (4718., 4725., 4701., 4705.,  606., 58982, 20220307111500)
 (4705., 4717., 4689., 4717.,  535., 58990, 20220307113000)
 (4719., 4738., 4710., 4719., 1067., 59436, 20220307134500)
 (4719., 4737., 4713., 4727.,  542., 59178, 20220307140000)
 (4727., 4733., 4717., 4732.,  131., 59164, 20220307141500)
 (4732., 4739., 4722., 4735.,  155., 59177, 20220307143000)
 (4735., 4736., 4701., 4734.,  605., 59225, 20220307144500)
 (4734., 4743., 4728., 4740.,  956., 58499, 20220307150000)]
2022-03-08 15:30:00  INFO  [(4738., 4749., 4675., 4688., 2264., 59544, 20220307211500)
 (4688., 4700., 4614., 4620.,  932., 59694, 20220307213000)
 (4622., 4635., 4545., 4575., 1816., 60151, 20220307214500)
 (4586., 4635., 4579., 4607.,  761., 60093, 20220307220000)
 (4607., 4607., 4550., 4584.,  825., 60140, 20220307221500)
 (4584., 4596., 4561., 4594.,  610., 60206, 20220307223000)
 (4594., 4624., 4589., 4617.,  530., 60251, 20220307224500)
 (4623., 4640., 4608., 4631.,  582., 60005, 20220307230000)
 (4637., 4651., 4626., 4634.,  634., 59990, 20220308091500)
 (4634., 4647., 4634., 4642.,  323., 60070, 20220308093000)
 (4642., 4655., 4636., 4636.,  340., 59982, 20220308094500)
 (4636., 4650., 4615., 4629.,  394., 60003, 20220308100000)
 (4629., 4649., 4625., 4642.,  213., 59955, 20220308101500)
 (4642., 4659., 4628., 4658.,  791., 59948, 20220308104500)
 (4660., 4665., 4640., 4640.,  289., 59888, 20220308110000)
 (4640., 4650., 4581., 4602.,  772., 60090, 20220308111500)
 (4602., 4615., 4588., 4594.,  439., 60002, 20220308113000)
 (4594., 4636., 4594., 4636., 1093., 59864, 20220308134500)
 (4637., 4656., 4631., 4643.,  364., 59866, 20220308140000)
 (4643., 4667., 4627., 4647., 1819., 60863, 20220308141500)
 (4647., 4655., 4638., 4649.,  259., 60820, 20220308143000)
 (4649., 4651., 4625., 4633.,  188., 60815, 20220308144500)
 (4633., 4641., 4605., 4610.,  463., 60897, 20220308150000)]
2022-03-09 15:30:00  INFO  [(4590., 4591., 4512., 4591., 7652., 67167, 20220308211500)
 (4591., 4608., 4587., 4599.,  652., 67079, 20220308213000)
 (4599., 4632., 4590., 4631.,  553., 67013, 20220308214500)
 (4629., 4629., 4600., 4607.,  279., 67033, 20220308220000)
 (4607., 4616., 4592., 4616.,  527., 67044, 20220308221500)
 (4616., 4618., 4603., 4615.,  244., 66945, 20220308223000)
 (4615., 4625., 4611., 4614.,  126., 66937, 20220308224500)
 (4614., 4629., 4614., 4626.,  132., 66894, 20220308230000)
 (4626., 4648., 4615., 4620.,  404., 66796, 20220309091500)
 (4620., 4644., 4613., 4642.,  265., 66734, 20220309093000)
 (4643., 4645., 4630., 4643.,   98., 66725, 20220309094500)
 (4643., 4648., 4625., 4629.,  278., 66685, 20220309100000)
 (4629., 4642., 4629., 4638.,  325., 66564, 20220309101500)
 (4639., 4639., 4624., 4624.,  131., 66567, 20220309104500)
 (4624., 4632., 4620., 4627.,  137., 66590, 20220309110000)
 (4627., 4638., 4621., 4627.,  253., 66531, 20220309111500)
 (4622., 4627., 4616., 4620.,  218., 66498, 20220309113000)
 (4616., 4629., 4590., 4595.,  803., 66651, 20220309134500)
 (4595., 4607., 4580., 4602.,  405., 66740, 20220309140000)
 (4602., 4613., 4600., 4600.,  672., 66791, 20220309141500)
 (4600., 4632., 4600., 4631.,  383., 66615, 20220309143000)
 (4631., 4631., 4618., 4622.,  332., 66407, 20220309144500)
 (4622., 4628., 4591., 4594.,  531., 66454, 20220309150000)]
2022-03-10 15:30:00  INFO  [(4587., 4587., 4537., 4542., 4755., 69866, 20220309211500)
 (4542., 4563., 4533., 4561., 1184., 70074, 20220309213000)
 (4559., 4572., 4549., 4564.,  502., 69932, 20220309214500)
 (4564., 4571., 4551., 4552.,  211., 69953, 20220309220000)
 (4552., 4561., 4545., 4558.,  292., 69988, 20220309221500)
 (4558., 4563., 4547., 4552.,  201., 69969, 20220309223000)
 (4552., 4564., 4551., 4557., 2429., 68159, 20220309224500)
 (4557., 4571., 4554., 4559., 2404., 66249, 20220309230000)
 (4555., 4558., 4530., 4546.,  752., 66380, 20220310091500)
 (4546., 4549., 4536., 4543.,  270., 66450, 20220310093000)
 (4545., 4554., 4540., 4546.,  211., 66453, 20220310094500)
 (4546., 4546., 4536., 4542.,  192., 66518, 20220310100000)
 (4542., 4546., 4535., 4541., 3124., 63526, 20220310101500)
 (4542., 4581., 4538., 4578., 1876., 61927, 20220310104500)
 (4578., 4599., 4572., 4573., 5160., 58528, 20220310110000)
 (4573., 4592., 4568., 4592., 2062., 59756, 20220310111500)
 (4591., 4607., 4583., 4596.,  517., 59600, 20220310113000)
 (4599., 4630., 4581., 4583.,  894., 59637, 20220310134500)
 (4584., 4598., 4570., 4579.,  443., 59762, 20220310140000)
 (4579., 4590., 4575., 4578.,  177., 59846, 20220310141500)
 (4578., 4593., 4576., 4579.,  126., 59866, 20220310143000)
 (4579., 4586., 4574., 4583.,   81., 59864, 20220310144500)
 (4583., 4596., 4575., 4579.,  383., 59805, 20220310150000)]
2022-03-11 15:30:00  INFO  [(4589., 4620., 4582., 4618., 3585., 62203, 20220310211500)
 (4618., 4619., 4607., 4615.,  343., 62084, 20220310213000)
 (4615., 4623., 4607., 4623.,  928., 61976, 20220310214500)
 (4623., 4631., 4619., 4631.,  723., 61813, 20220310220000)
 (4631., 4631., 4620., 4621.,  322., 61762, 20220310221500)
 (4621., 4625., 4617., 4620.,  322., 61793, 20220310223000)
 (4620., 4626., 4615., 4621.,  156., 61787, 20220310224500)
 (4622., 4625., 4590., 4590.,  693., 62001, 20220310230000)
 (4588., 4600., 4575., 4595.,  903., 62256, 20220311091500)
 (4595., 4600., 4576., 4578.,  466., 62360, 20220311093000)
 (4578., 4601., 4577., 4578., 1023., 62804, 20220311094500)
 (4578., 4595., 4576., 4587.,  461., 62760, 20220311100000)
 (4587., 4599., 4581., 4581.,  316., 62716, 20220311101500)
 (4581., 4589., 4572., 4577.,  563., 62839, 20220311104500)
 (4578., 4595., 4573., 4593.,  224., 62804, 20220311110000)
 (4593., 4599., 4584., 4586.,  162., 62801, 20220311111500)
 (4586., 4595., 4583., 4589.,  122., 62788, 20220311113000)
 (4589., 4610., 4589., 4610.,  657., 62530, 20220311134500)
 (4610., 4624., 4603., 4619.,  526., 62295, 20220311140000)
 (4619., 4622., 4605., 4607.,  239., 62300, 20220311141500)
 (4607., 4628., 4606., 4622.,  285., 62266, 20220311143000)
 (4622., 4622., 4606., 4614.,  196., 62244, 20220311144500)
 (4614., 4632., 4613., 4627., 1434., 63112, 20220311150000)]
2022-03-14 15:30:00  INFO  [(4627., 4629., 4587., 4624., 11143., 73207, 20220311211500)
 (4627., 4627., 4612., 4617.,   320., 73208, 20220311213000)
 (4617., 4634., 4603., 4634.,   597., 73218, 20220311214500)
 (4634., 4640., 4629., 4633.,   217., 73219, 20220311220000)
 (4633., 4635., 4622., 4632.,   231., 73229, 20220311221500)
 (4632., 4632., 4621., 4625.,   784., 73047, 20220311223000)
 (4625., 4630., 4608., 4615.,   156., 73060, 20220311224500)
 (4615., 4620., 4592., 4598.,   559., 73208, 20220311230000)
 (4595., 4595., 4521., 4549.,  3398., 73377, 20220314091500)
 (4549., 4585., 4549., 4566.,  1254., 73285, 20220314093000)
 (4566., 4572., 4556., 4566.,  1072., 73302, 20220314094500)
 (4566., 4583., 4558., 4564.,   915., 73290, 20220314100000)
 (4564., 4568., 4555., 4562.,   486., 73345, 20220314101500)
 (4563., 4563., 4549., 4552.,   673., 73458, 20220314104500)
 (4552., 4557., 4548., 4554.,   248., 73561, 20220314110000)
 (4554., 4555., 4536., 4536.,   446., 73748, 20220314111500)
 (4536., 4560., 4533., 4533.,   276., 73768, 20220314113000)
 (4546., 4546., 4528., 4543.,   801., 73919, 20220314134500)
 (4543., 4543., 4506., 4514.,  1308., 74605, 20220314140000)
 (4514., 4523., 4503., 4504.,   676., 74875, 20220314141500)
 (4504., 4565., 4502., 4538.,  9198., 81307, 20220314143000)
 (4537., 4548., 4526., 4539.,  4093., 83788, 20220314144500)
 (4539., 4544., 4505., 4506.,  1387., 84307, 20220314150000)]
2022-03-15 15:30:00  INFO  [(4938., 4938., 4505., 4538., 10325., 91113, 20220314211500)
 (4538., 4551., 4531., 4546.,  1062., 91462, 20220314213000)
 (4546., 4550., 4539., 4546.,   732., 91745, 20220314214500)
 (4546., 4546., 4522., 4522.,   737., 91934, 20220314220000)
 (4522., 4540., 4512., 4532.,  1059., 91899, 20220314221500)
 (4530., 4550., 4530., 4548.,   775., 91670, 20220314223000)
 (4548., 4552., 4538., 4538.,   544., 91712, 20220314224500)
 (4538., 4544., 4531., 4544.,   639., 91734, 20220314230000)
 (4544., 4552., 4525., 4543.,  1588., 91410, 20220315091500)
 (4543., 4543., 4510., 4518.,  1382., 92119, 20220315093000)
 (4519., 4533., 4506., 4531.,   818., 92140, 20220315094500)
 (4531., 4537., 4512., 4523.,   499., 92044, 20220315100000)
 (4523., 4606., 4519., 4600.,  3342., 91157, 20220315101500)
 (4600., 4606., 4576., 4586.,   958., 91069, 20220315104500)
 (4586., 4604., 4577., 4587.,  3122., 93098, 20220315110000)
 (4588., 4601., 4583., 4593.,   527., 93014, 20220315111500)
 (4593., 4597., 4572., 4572.,   709., 93056, 20220315113000)
 (4570., 4581., 4559., 4562.,  2692., 94991, 20220315134500)
 (4562., 4570., 4558., 4565.,   399., 95121, 20220315140000)
 (4565., 4577., 4553., 4570.,   927., 95630, 20220315141500)
 (4570., 4573., 4559., 4559.,   248., 95671, 20220315143000)
 (4559., 4571., 4557., 4564.,   557., 96036, 20220315144500)
 (4564., 4568., 4551., 4553.,  1444., 97136, 20220315150000)]
2022-03-16 15:30:00  INFO  [(4533., 4582., 4533., 4579., 2346., 97983, 20220315211500)
 (4577., 4577., 4555., 4563.,  831., 98107, 20220315213000)
 (4563., 4565., 4556., 4559.,  210., 98171, 20220315214500)
 (4559., 4570., 4556., 4561.,  211., 98184, 20220315220000)
 (4561., 4585., 4561., 4577., 1024., 98277, 20220315221500)
 (4577., 4580., 4566., 4570.,  175., 98235, 20220315223000)
 (4570., 4591., 4570., 4587.,  403., 98107, 20220315224500)
 (4587., 4593., 4581., 4581.,  376., 97972, 20220315230000)
 (4587., 4600., 4583., 4600.,  781., 97920, 20220316091500)
 (4600., 4620., 4600., 4613.,  672., 97883, 20220316093000)
 (4613., 4615., 4597., 4602.,  904., 98105, 20220316094500)
 (4602., 4610., 4600., 4608.,  156., 98087, 20220316100000)
 (4608., 4609., 4593., 4606.,  241., 98066, 20220316101500)
 (4606., 4609., 4594., 4600., 1308., 99078, 20220316104500)
 (4600., 4608., 4594., 4603.,  212., 99121, 20220316110000)
 (4603., 4612., 4598., 4608.,  171., 99125, 20220316111500)
 (4608., 4612., 4597., 4608.,  249., 99116, 20220316113000)
 (4615., 4650., 4615., 4636., 1683., 99005, 20220316134500)
 (4636., 4649., 4636., 4645.,  507., 98866, 20220316140000)
 (4645., 4660., 4645., 4660.,  974., 98574, 20220316141500)
 (4660., 4668., 4655., 4658.,  367., 98538, 20220316143000)
 (4659., 4663., 4646., 4663.,  618., 98389, 20220316144500)
 (4663., 4680., 4657., 4680.,  840., 98194, 20220316150000)]
2022-03-17 15:30:00  INFO  [(4697., 4718., 4694., 4717., 4791., 100649, 20220316211500)
 (4716., 4718., 4698., 4704.,  799., 100703, 20220316213000)
 (4704., 4708., 4682., 4696.,  901., 100814, 20220316214500)
 (4696., 4700., 4690., 4695.,  534., 100886, 20220316220000)
 (4695., 4700., 4671., 4675.,  884., 100945, 20220316221500)
 (4675., 4692., 4672., 4678.,  635., 101089, 20220316223000)
 (4678., 4685., 4672., 4682.,  483., 101112, 20220316224500)
 (4679., 4688., 4661., 4667.,  334., 101068, 20220316230000)
 (4667., 4710., 4667., 4701., 1089., 101046, 20220317091500)
 (4701., 4707., 4688., 4700.,  420., 101112, 20220317093000)
 (4700., 4700., 4682., 4687.,  192., 101146, 20220317094500)
 (4687., 4693., 4670., 4673.,  293., 101174, 20220317100000)
 (4673., 4678., 4657., 4675.,  418., 101359, 20220317101500)
 (4675., 4689., 4673., 4679., 1911., 103094, 20220317104500)
 (4679., 4687., 4671., 4681.,   73., 103104, 20220317110000)
 (4681., 4695., 4681., 4693.,  611., 103221, 20220317111500)
 (4693., 4697., 4678., 4678.,  480., 103312, 20220317113000)
 (4678., 4678., 4654., 4673., 1947., 102651, 20220317134500)
 (4673., 4675., 4658., 4661., 1988., 103623, 20220317140000)
 (4661., 4666., 4652., 4659., 1489., 104415, 20220317141500)
 (4659., 4671., 4658., 4666.,  389., 104447, 20220317143000)
 (4666., 4667., 4644., 4652.,  775., 104685, 20220317144500)
 (4652., 4671., 4646., 4664.,  776., 104684, 20220317150000)]
2022-03-18 15:30:00  INFO  [(4679., 4681., 4662., 4668., 1111., 104922, 20220317211500)
 (4668., 4673., 4663., 4673., 1198., 104793, 20220317213000)
 (4673., 4690., 4668., 4682.,  553., 104680, 20220317214500)
 (4682., 4689., 4675., 4688.,  423., 104759, 20220317220000)
 (4688., 4689., 4681., 4688.,  214., 104641, 20220317221500)
 (4689., 4690., 4676., 4678.,  333., 104710, 20220317223000)
 (4678., 4684., 4667., 4683.,  292., 104734, 20220317224500)
 (4685., 4696., 4680., 4691.,  484., 104711, 20220317230000)
 (4691., 4711., 4684., 4710.,  732., 104714, 20220318091500)
 (4710., 4714., 4700., 4705.,  381., 104722, 20220318093000)
 (4706., 4710., 4700., 4702., 1407., 104287, 20220318094500)
 (4702., 4706., 4697., 4703.,  398., 104241, 20220318100000)
 (4703., 4714., 4702., 4713.,  254., 104166, 20220318101500)
 (4713., 4714., 4705., 4707.,  583., 104327, 20220318104500)
 (4707., 4710., 4701., 4709.,  278., 104303, 20220318110000)
 (4706., 4711., 4702., 4702.,  154., 104317, 20220318111500)
 (4702., 4703., 4683., 4693., 1013., 104287, 20220318113000)
 (4697., 4700., 4677., 4690.,  834., 104449, 20220318134500)
 (4690., 4695., 4683., 4683.,   89., 104471, 20220318140000)
 (4685., 4699., 4676., 4694.,  999., 104779, 20220318141500)
 (4694., 4700., 4691., 4692., 2111., 102775, 20220318143000)
 (4692., 4698., 4686., 4693.,  153., 102758, 20220318144500)
 (4696., 4712., 4696., 4706., 1951., 104162, 20220318150000)]
2022-03-21 15:30:00  INFO  [(4705., 4705., 4678., 4685., 2595., 106250, 20220318211500)
 (4685., 4704., 4684., 4704.,  409., 106226, 20220318213000)
 (4704., 4707., 4688., 4692.,  426., 106365, 20220318214500)
 (4692., 4697., 4679., 4683.,  504., 106575, 20220318220000)
 (4683., 4690., 4680., 4685.,  248., 106524, 20220318221500)
 (4685., 4692., 4682., 4692.,   83., 106514, 20220318223000)
 (4692., 4698., 4692., 4697.,  150., 106479, 20220318224500)
 (4697., 4699., 4692., 4699.,  130., 106449, 20220318230000)
 (4700., 4727., 4684., 4725., 2098., 106331, 20220321091500)
 (4725., 4734., 4717., 4723.,  955., 106139, 20220321093000)
 (4723., 4731., 4711., 4718., 1119., 106276, 20220321094500)
 (4718., 4727., 4701., 4707.,  487., 106249, 20220321100000)
 (4707., 4719., 4691., 4693.,  811., 106279, 20220321101500)
 (4695., 4704., 4687., 4696.,  739., 106224, 20220321104500)
 (4697., 4706., 4694., 4706.,  202., 106187, 20220321110000)
 (4706., 4706., 4693., 4694.,  217., 106261, 20220321111500)
 (4694., 4698., 4678., 4678.,  615., 106369, 20220321113000)
 (4678., 4685., 4663., 4672.,  981., 106396, 20220321134500)
 (4672., 4681., 4663., 4679.,  629., 106496, 20220321140000)
 (4679., 4691., 4678., 4689., 2327., 108418, 20220321141500)
 (4689., 4699., 4684., 4697.,  525., 108376, 20220321143000)
 (4697., 4700., 4690., 4691.,  303., 108313, 20220321144500)
 (4691., 4699., 4689., 4695.,  314., 108268, 20220321150000)]
2022-03-22 15:30:00  INFO  [(4695., 4699., 4679., 4683., 2645., 106598, 20220321211500)
 (4683., 4707., 4681., 4706.,  795., 106579, 20220321213000)
 (4706., 4714., 4701., 4710., 1090., 106971, 20220321214500)
 (4710., 4718., 4706., 4713.,  589., 107121, 20220321220000)
 (4713., 4716., 4707., 4707.,  414., 107192, 20220321221500)
 (4707., 4714., 4707., 4711.,  205., 107127, 20220321223000)
 (4711., 4725., 4711., 4718.,  393., 107106, 20220321224500)
 (4718., 4720., 4707., 4715.,  491., 107246, 20220321230000)
 (4715., 4729., 4706., 4719.,  736., 107168, 20220322091500)
 (4719., 4725., 4717., 4722.,  184., 107143, 20220322093000)
 (4723., 4730., 4720., 4725.,  315., 107066, 20220322094500)
 (4725., 4727., 4720., 4727.,  143., 107058, 20220322100000)
 (4727., 4731., 4724., 4730.,  267., 107047, 20220322101500)
 (4725., 4728., 4711., 4713.,  824., 107381, 20220322104500)
 (4713., 4715., 4698., 4708.,  710., 107419, 20220322110000)
 (4708., 4710., 4700., 4701., 1488., 108667, 20220322111500)
 (4701., 4722., 4700., 4717.,  345., 108602, 20220322113000)
 (4722., 4723., 4713., 4719.,  251., 108557, 20220322134500)
 (4719., 4719., 4714., 4718.,  106., 108565, 20220322140000)
 (4718., 4722., 4715., 4719.,  173., 108513, 20220322141500)
 (4719., 4719., 4705., 4712.,  453., 108666, 20220322143000)
 (4712., 4717., 4709., 4716.,  646., 108243, 20220322144500)
 (4716., 4719., 4702., 4702.,  505., 108172, 20220322150000)]
2022-03-23 15:30:00  INFO  [(4702., 4710., 4688., 4689., 3310., 110147, 20220322211500)
 (4689., 4691., 4664., 4666., 1539., 110253, 20220322213000)
 (4666., 4681., 4650., 4681., 1346., 110381, 20220322214500)
 (4681., 4686., 4674., 4683.,  266., 110363, 20220322220000)
 (4684., 4685., 4675., 4682.,  284., 110459, 20220322221500)
 (4682., 4695., 4678., 4692.,  315., 110399, 20220322223000)
 (4692., 4692., 4678., 4680.,  275., 110486, 20220322224500)
 (4680., 4689., 4679., 4686.,  217., 110477, 20220322230000)
 (4686., 4693., 4680., 4685.,  654., 110483, 20220323091500)
 (4685., 4698., 4683., 4698., 1405., 111694, 20220323093000)
 (4699., 4703., 4695., 4701.,  704., 111322, 20220323094500)
 (4701., 4714., 4701., 4713.,  487., 111195, 20220323100000)
 (4713., 4723., 4709., 4719.,  631., 110954, 20220323101500)
 (4719., 4723., 4709., 4710.,  455., 110910, 20220323104500)
 (4710., 4720., 4710., 4720.,  212., 110962, 20220323110000)
 (4720., 4740., 4716., 4739., 1549., 110503, 20220323111500)
 (4739., 4759., 4737., 4748., 1512., 110501, 20220323113000)
 (4751., 4756., 4736., 4739.,  695., 110376, 20220323134500)
 (4739., 4747., 4737., 4744.,  554., 110459, 20220323140000)
 (4741., 4750., 4741., 4745.,  192., 110448, 20220323141500)
 (4745., 4754., 4743., 4750.,   97., 110422, 20220323143000)
 (4750., 4760., 4749., 4760.,  532., 110500, 20220323144500)
 (4759., 4775., 4755., 4772.,  955., 110891, 20220323150000)]
2022-03-24 15:30:00  INFO  [(4773., 4805., 4773., 4797., 2115., 110821, 20220323211500)
 (4797., 4803., 4788., 4793.,  930., 110772, 20220323213000)
 (4793., 4800., 4790., 4799.,  499., 110834, 20220323214500)
 (4799., 4803., 4791., 4802.,  462., 110788, 20220323220000)
 (4803., 4803., 4797., 4801.,  163., 110795, 20220323221500)
 (4801., 4803., 4793., 4797.,  334., 110778, 20220323223000)
 (4797., 4805., 4797., 4803.,  397., 110655, 20220323224500)
 (4803., 4805., 4797., 4798.,  294., 110733, 20220323230000)
 (4803., 4807., 4781., 4782., 1173., 111046, 20220324091500)
 (4783., 4788., 4770., 4782., 2089., 112462, 20220324093000)
 (4782., 4785., 4778., 4779.,  253., 112427, 20220324094500)
 (4779., 4787., 4777., 4777.,  152., 112436, 20220324100000)
 (4777., 4779., 4765., 4769.,  624., 112692, 20220324101500)
 (4768., 4774., 4744., 4751., 1017., 113026, 20220324104500)
 (4751., 4759., 4744., 4748., 1334., 112670, 20220324110000)
 (4748., 4766., 4748., 4754., 1779., 111708, 20220324111500)
 (4754., 4770., 4747., 4770.,  542., 111687, 20220324113000)
 (4771., 4793., 4765., 4774., 1170., 111569, 20220324134500)
 (4774., 4787., 4767., 4770.,  483., 111623, 20220324140000)
 (4770., 4778., 4770., 4776.,  122., 111615, 20220324141500)
 (4776., 4779., 4768., 4771.,  233., 111639, 20220324143000)
 (4771., 4774., 4763., 4763.,  399., 111799, 20220324144500)
 (4763., 4768., 4750., 4757.,  701., 111987, 20220324150000)]
2022-03-25 15:30:00  INFO  [(4746., 4798., 4746., 4795., 3583., 109422, 20220324211500)
 (4795., 4799., 4789., 4798.,  436., 109316, 20220324213000)
 (4799., 4800., 4788., 4793.,  333., 109272, 20220324214500)
 (4792., 4794., 4786., 4789.,  418., 109109, 20220324220000)
 (4789., 4793., 4785., 4789.,  146., 109090, 20220324221500)
 (4789., 4792., 4768., 4770.,  554., 109163, 20220324223000)
 (4770., 4781., 4770., 4773.,  363., 109230, 20220324224500)
 (4773., 4789., 4773., 4780.,  374., 109164, 20220324230000)
 (4780., 4791., 4770., 4789.,  803., 109241, 20220325091500)
 (4787., 4793., 4786., 4792.,  439., 109216, 20220325093000)
 (4793., 4799., 4783., 4797.,  369., 109246, 20220325094500)
 (4797., 4800., 4792., 4793.,  456., 109396, 20220325100000)
 (4793., 4804., 4791., 4798., 1376., 110381, 20220325101500)
 (4798., 4802., 4785., 4786.,  428., 110436, 20220325104500)
 (4786., 4796., 4786., 4796.,  189., 110457, 20220325110000)
 (4797., 4802., 4792., 4797.,  285., 110389, 20220325111500)
 (4797., 4801., 4789., 4801.,  398., 110447, 20220325113000)
 (4801., 4801., 4784., 4788.,  533., 110412, 20220325134500)
 (4791., 4818., 4791., 4811., 1092., 110167, 20220325140000)
 (4811., 4828., 4810., 4828.,  602., 110144, 20220325141500)
 (4828., 4843., 4828., 4840., 1161., 110023, 20220325143000)
 (4840., 4841., 4827., 4836.,  978., 110071, 20220325144500)
 (4837., 4843., 4829., 4838.,  789., 110191, 20220325150000)]
2022-03-28 15:30:00  INFO  [(4850., 4852., 4830., 4839., 7113., 115404, 20220325211500)
 (4839., 4841., 4833., 4834.,  587., 115575, 20220325213000)
 (4834., 4838., 4830., 4835.,  806., 115784, 20220325214500)
 (4835., 4855., 4831., 4851.,  932., 115883, 20220325220000)
 (4851., 4864., 4849., 4855., 1105., 116268, 20220325221500)
 (4855., 4867., 4853., 4867.,  399., 116412, 20220325223000)
 (4867., 4876., 4863., 4873.,  886., 116515, 20220325224500)
 (4873., 4873., 4855., 4856.,  716., 116620, 20220325230000)
 (4855., 4855., 4816., 4834., 2039., 117006, 20220328091500)
 (4834., 4860., 4828., 4859.,  956., 117037, 20220328093000)
 (4859., 4898., 4854., 4885., 2714., 116944, 20220328094500)
 (4885., 4890., 4876., 4889., 1126., 116948, 20220328100000)
 (4889., 4899., 4882., 4884.,  741., 116847, 20220328101500)
 (4883., 4908., 4883., 4907., 2753., 114836, 20220328104500)
 (4907., 4910., 4892., 4898.,  384., 114800, 20220328110000)
 (4898., 4908., 4894., 4908.,  442., 114787, 20220328111500)
 (4908., 4918., 4904., 4916., 1908., 115689, 20220328113000)
 (4915., 4918., 4901., 4915., 2120., 116619, 20220328134500)
 (4915., 4930., 4909., 4929.,  926., 116847, 20220328140000)
 (4929., 4931., 4913., 4913.,  640., 116879, 20220328141500)
 (4913., 4916., 4908., 4908.,  553., 116905, 20220328143000)
 (4908., 4911., 4900., 4906.,  838., 116901, 20220328144500)
 (4906., 4918., 4904., 4912.,  810., 116888, 20220328150000)]
2022-03-29 15:30:00  INFO  [(4913., 4925., 4902., 4922., 12532., 125276, 20220328211500)
 (4922., 4933., 4920., 4925.,   900., 125451, 20220328213000)
 (4925., 4929., 4911., 4927.,   776., 125470, 20220328214500)
 (4927., 4928., 4918., 4919.,   254., 125445, 20220328220000)
 (4920., 4921., 4908., 4912.,   441., 125421, 20220328221500)
 (4910., 4919., 4908., 4915.,   329., 125287, 20220328223000)
 (4915., 4923., 4911., 4916.,   204., 125257, 20220328224500)
 (4916., 4918., 4892., 4904.,   706., 125128, 20220328230000)
 (4904., 4912., 4893., 4912.,  1609., 125153, 20220329091500)
 (4912., 4915., 4901., 4901.,   834., 125172, 20220329093000)
 (4902., 4905., 4892., 4895.,   884., 125208, 20220329094500)
 (4895., 4897., 4888., 4892.,   901., 125171, 20220329100000)
 (4892., 4899., 4878., 4883.,   894., 125195, 20220329101500)
 (4884., 4893., 4874., 4889.,   760., 125125, 20220329104500)
 (4889., 4901., 4885., 4898.,   499., 125057, 20220329110000)
 (4898., 4905., 4896., 4904.,   292., 125029, 20220329111500)
 (4904., 4905., 4892., 4900.,   461., 125126, 20220329113000)
 (4895., 4915., 4892., 4906.,  1468., 125664, 20220329134500)
 (4909., 4920., 4909., 4912.,   487., 125594, 20220329140000)
 (4912., 4913., 4904., 4906.,   790., 125420, 20220329141500)
 (4906., 4914., 4905., 4906.,   458., 125505, 20220329143000)
 (4906., 4906., 4882., 4904.,  1338., 125686, 20220329144500)
 (4904., 4907., 4888., 4894.,   610., 125658, 20220329150000)]
2022-03-30 15:30:00  INFO  [(4894., 4894., 4820., 4840., 8856., 122778, 20220329211500)
 (4840., 4855., 4834., 4835., 1150., 122773, 20220329213000)
 (4835., 4842., 4809., 4841., 2898., 121598, 20220329214500)
 (4841., 4841., 4828., 4837.,  538., 121652, 20220329220000)
 (4836., 4836., 4822., 4835.,  679., 121777, 20220329221500)
 (4835., 4847., 4834., 4839.,  609., 121551, 20220329223000)
 (4838., 4853., 4837., 4852.,  412., 121493, 20220329224500)
 (4852., 4860., 4841., 4848.,  541., 121513, 20220329230000)
 (4851., 4865., 4850., 4856., 1113., 121521, 20220330091500)
 (4856., 4870., 4853., 4867.,  559., 121446, 20220330093000)
 (4867., 4878., 4865., 4874.,  428., 121429, 20220330094500)
 (4874., 4879., 4869., 4874., 1177., 121063, 20220330100000)
 (4874., 4887., 4874., 4880.,  508., 120925, 20220330101500)
 (4880., 4889., 4876., 4885., 1338., 121338, 20220330104500)
 (4885., 4897., 4885., 4889.,  814., 121398, 20220330110000)
 (4889., 4903., 4881., 4896.,  611., 121434, 20220330111500)
 (4896., 4896., 4877., 4884.,  561., 121501, 20220330113000)
 (4882., 4894., 4881., 4894.,  266., 121502, 20220330134500)
 (4894., 4916., 4894., 4914., 1026., 121521, 20220330140000)
 (4914., 4918., 4899., 4901.,  776., 121450, 20220330141500)
 (4901., 4907., 4897., 4903.,  623., 121328, 20220330143000)
 (4903., 4907., 4898., 4906.,  211., 121302, 20220330144500)
 (4906., 4925., 4904., 4918., 1053., 120927, 20220330150000)]
2022-03-31 15:30:00  INFO  [(4939., 4995., 4925., 4988., 6136., 119864, 20220330211500)
 (4988., 4989., 4960., 4977., 1635., 119906, 20220330213000)
 (4977., 4977., 4963., 4969.,  516., 119960, 20220330214500)
 (4969., 4974., 4966., 4972.,  363., 119940, 20220330220000)
 (4972., 4974., 4962., 4970.,  370., 119931, 20220330221500)
 (4970., 4972., 4959., 4964.,  488., 119895, 20220330223000)
 (4963., 4975., 4960., 4966.,  570., 119816, 20220330224500)
 (4966., 4977., 4964., 4965.,  514., 119677, 20220330230000)
 (4955., 4972., 4951., 4958., 1606., 119554, 20220331091500)
 (4958., 4958., 4936., 4941., 1324., 119546, 20220331093000)
 (4941., 4948., 4936., 4942.,  771., 119610, 20220331094500)
 (4942., 4942., 4925., 4927., 1047., 119905, 20220331100000)
 (4927., 4937., 4924., 4929.,  601., 119996, 20220331101500)
 (4927., 4939., 4925., 4935.,  970., 120289, 20220331104500)
 (4933., 4936., 4913., 4913., 1186., 120241, 20220331110000)
 (4913., 4928., 4912., 4913.,  950., 120438, 20220331111500)
 (4912., 4916., 4892., 4914., 2459., 120672, 20220331113000)
 (4909., 4943., 4904., 4942., 2284., 120389, 20220331134500)
 (4942., 4954., 4938., 4949., 1184., 120161, 20220331140000)
 (4949., 4950., 4935., 4942.,  701., 120137, 20220331141500)
 (4942., 4952., 4938., 4940.,  745., 120132, 20220331143000)
 (4940., 4946., 4936., 4937.,  442., 120118, 20220331144500)
 (4937., 4957., 4937., 4943., 1146., 119770, 20220331150000)]
2022-04-01 15:30:00  INFO  [(4959., 4975., 4948., 4974., 4231., 117828, 20220331211500)
 (4975., 4977., 4953., 4953.,  724., 117841, 20220331213000)
 (4955., 4960., 4944., 4949.,  965., 117922, 20220331214500)
 (4949., 4953., 4942., 4946.,  448., 117890, 20220331220000)
 (4946., 4952., 4937., 4944.,  445., 117785, 20220331221500)
 (4944., 4950., 4942., 4949.,  163., 117762, 20220331223000)
 (4951., 4969., 4951., 4969.,  834., 117705, 20220331224500)
 (4970., 4973., 4962., 4968.,  593., 117614, 20220331230000)
 (4968., 4981., 4956., 4980., 1425., 117638, 20220401091500)
 (4980., 4988., 4972., 4982.,  942., 117708, 20220401093000)
 (4982., 4988., 4977., 4982.,  424., 117680, 20220401094500)
 (4982., 5005., 4979., 5005., 1924., 117863, 20220401100000)
 (5005., 5024., 4997., 5022., 1895., 118167, 20220401101500)
 (5021., 5028., 5011., 5012., 1353., 118089, 20220401104500)
 (5012., 5026., 5012., 5023.,  727., 117833, 20220401110000)
 (5024., 5024., 5008., 5020.,  558., 117919, 20220401111500)
 (5020., 5025., 5009., 5009.,  776., 117734, 20220401113000)
 (5011., 5018., 5002., 5009., 1121., 117588, 20220401134500)
 (5009., 5020., 5009., 5014., 1475., 118631, 20220401140000)
 (5014., 5028., 5012., 5027., 1028., 118452, 20220401141500)
 (5027., 5030., 5019., 5023., 1234., 118415, 20220401143000)
 (5023., 5039., 5023., 5033.,  795., 118412, 20220401144500)
 (5033., 5039., 5029., 5037., 1225., 118447, 20220401150000)]
2022-04-06 15:30:00  INFO  [(5024., 5024., 5008., 5020.,  558., 117919, 20220401111500)
 (5020., 5025., 5009., 5009.,  776., 117734, 20220401113000)
 (5011., 5018., 5002., 5009., 1121., 117588, 20220401134500)
 (5009., 5020., 5009., 5014., 1475., 118631, 20220401140000)
 (5014., 5028., 5012., 5027., 1028., 118452, 20220401141500)
 (5027., 5030., 5019., 5023., 1234., 118415, 20220401143000)
 (5023., 5039., 5023., 5033.,  795., 118412, 20220401144500)
 (5033., 5039., 5029., 5037., 1225., 118447, 20220401150000)
 (5063., 5067., 4970., 4972., 5566., 119011, 20220406091500)
 (4971., 5000., 4969., 4992., 2148., 119183, 20220406093000)
 (4991., 5011., 4991., 5001.,  497., 119219, 20220406094500)
 (5001., 5014., 5001., 5006.,  510., 119221, 20220406100000)
 (5006., 5007., 4996., 5000.,  636., 119420, 20220406101500)
 (5000., 5025., 4999., 5024., 1062., 119188, 20220406104500)
 (5024., 5028., 5016., 5020.,  753., 119320, 20220406110000)
 (5020., 5023., 5015., 5018.,  514., 119452, 20220406111500)
 (5018., 5059., 5012., 5050., 1374., 119423, 20220406113000)
 (5055., 5070., 5045., 5066., 1884., 119736, 20220406134500)
 (5067., 5068., 5050., 5052., 2430., 118415, 20220406140000)
 (5052., 5056., 5042., 5049., 1032., 118053, 20220406141500)
 (5051., 5056., 5038., 5039., 2081., 116847, 20220406143000)
 (5039., 5040., 5012., 5025., 2160., 116809, 20220406144500)
 (5025., 5027., 5008., 5010., 1193., 117095, 20220406150000)]
2022-04-07 15:30:00  INFO  [(5010., 5032., 4994., 5000., 4739., 119508, 20220406211500)
 (4998., 5010., 4996., 5006.,  724., 119624, 20220406213000)
 (5006., 5010., 4997., 4997.,  494., 119587, 20220406214500)
 (4997., 5024., 4997., 5017.,  959., 119447, 20220406220000)
 (5017., 5021., 5007., 5017.,  342., 119511, 20220406221500)
 (5016., 5029., 5014., 5024.,  445., 119483, 20220406223000)
 (5024., 5024., 5012., 5014.,  341., 119550, 20220406224500)
 (5013., 5015., 4985., 5006., 1265., 119770, 20220406230000)
 (5006., 5006., 4977., 4980., 3608., 119973, 20220407091500)
 (4979., 4985., 4957., 4957., 2240., 120545, 20220407093000)
 (4957., 4987., 4956., 4987., 1661., 120545, 20220407094500)
 (4986., 5002., 4982., 4989., 1965., 121042, 20220407100000)
 (4989., 4989., 4967., 4971., 1081., 120995, 20220407101500)
 (4971., 4977., 4963., 4967.,  831., 121009, 20220407104500)
 (4967., 4974., 4961., 4970.,  731., 120840, 20220407110000)
 (4969., 4969., 4948., 4952., 1835., 120917, 20220407111500)
 (4952., 4959., 4942., 4943., 1363., 120935, 20220407113000)
 (4940., 4951., 4925., 4949., 2515., 121414, 20220407134500)
 (4949., 4955., 4934., 4954.,  781., 121354, 20220407140000)
 (4954., 4974., 4951., 4973., 1308., 121154, 20220407141500)
 (4973., 4973., 4953., 4954.,  668., 121265, 20220407143000)
 (4955., 4981., 4950., 4976., 1127., 121188, 20220407144500)
 (4976., 4978., 4958., 4958., 1539., 121912, 20220407150000)]
2022-04-08 15:30:00  INFO  [(4942., 4976., 4942., 4974., 3401., 122967, 20220407211500)
 (4974., 4984., 4967., 4981., 1069., 122991, 20220407213000)
 (4981., 4989., 4976., 4977., 1040., 123037, 20220407214500)
 (4977., 4982., 4971., 4972.,  518., 122993, 20220407220000)
 (4972., 4973., 4952., 4958., 1114., 123062, 20220407221500)
 (4958., 4970., 4958., 4962.,  410., 123017, 20220407223000)
 (4962., 4978., 4961., 4970.,  573., 123065, 20220407224500)
 (4970., 4973., 4928., 4930., 1738., 123187, 20220407230000)
 (4936., 4949., 4920., 4940., 1929., 123526, 20220408091500)
 (4940., 4943., 4928., 4934.,  508., 123559, 20220408093000)
 (4934., 4950., 4934., 4950.,  653., 123513, 20220408094500)
 (4950., 4955., 4930., 4930.,  778., 123589, 20220408100000)
 (4930., 4936., 4911., 4912., 1320., 123895, 20220408101500)
 (4914., 4918., 4903., 4907., 1323., 124044, 20220408104500)
 (4907., 4915., 4880., 4882., 2240., 124709, 20220408110000)
 (4881., 4890., 4848., 4853., 3206., 125340, 20220408111500)
 (4854., 4886., 4850., 4883., 6781., 129465, 20220408113000)
 (4885., 4916., 4883., 4909., 9972., 134124, 20220408134500)
 (4909., 4912., 4900., 4909., 1266., 134219, 20220408140000)
 (4909., 4909., 4885., 4889., 1182., 134182, 20220408141500)
 (4890., 4898., 4880., 4895., 1284., 134154, 20220408143000)
 (4894., 4919., 4890., 4916., 2460., 133009, 20220408144500)
 (4917., 4927., 4911., 4923., 1138., 132991, 20220408150000)]
2022-04-11 15:30:00  INFO  [(4923., 4951., 4900., 4949.,  8866., 138005, 20220408211500)
 (4949., 4949., 4926., 4931.,  8629., 143093, 20220408213000)
 (4932., 4938., 4912., 4924.,  2213., 143270, 20220408214500)
 (4924., 4925., 4910., 4917.,   857., 143316, 20220408220000)
 (4917., 4937., 4917., 4932.,   828., 143109, 20220408221500)
 (4932., 4932., 4916., 4920.,   433., 143232, 20220408223000)
 (4920., 4923., 4894., 4900.,  1097., 143442, 20220408224500)
 (4900., 4910., 4872., 4887.,  1682., 143464, 20220408230000)
 (4880., 4880., 4822., 4831., 18823., 151899, 20220411091500)
 (4831., 4850., 4826., 4837.,  4811., 151867, 20220411093000)
 (4837., 4841., 4820., 4825.,  1930., 151913, 20220411094500)
 (4824., 4830., 4816., 4816.,  2418., 152229, 20220411100000)
 (4816., 4822., 4800., 4801.,  2475., 152379, 20220411101500)
 (4802., 4822., 4797., 4821.,  3020., 153073, 20220411104500)
 (4821., 4830., 4815., 4815.,  4422., 155990, 20220411110000)
 (4815., 4820., 4803., 4810.,   948., 156119, 20220411111500)
 (4809., 4822., 4800., 4817.,  2021., 156277, 20220411113000)
 (4817., 4834., 4814., 4827.,  2460., 156418, 20220411134500)
 (4826., 4826., 4810., 4817.,   498., 156427, 20220411140000)
 (4817., 4821., 4806., 4814.,  1324., 156466, 20220411141500)
 (4814., 4820., 4806., 4813.,   366., 156473, 20220411143000)
 (4813., 4813., 4804., 4807.,   600., 156496, 20220411144500)
 (4807., 4830., 4788., 4801.,  8444., 161456, 20220411150000)]
2022-04-12 15:30:00  INFO  [(4820., 4829., 4803., 4804., 8774., 167168, 20220411211500)
 (4804., 4820., 4804., 4810., 1283., 167290, 20220411213000)
 (4810., 4825., 4810., 4822., 1472., 167533, 20220411214500)
 (4822., 4845., 4820., 4844., 7591., 171900, 20220411220000)
 (4844., 4858., 4839., 4855., 3405., 173719, 20220411221500)
 (4855., 4879., 4843., 4876., 9914., 181001, 20220411223000)
 (4876., 4879., 4862., 4873., 4394., 183613, 20220411224500)
 (4873., 4889., 4870., 4876., 1216., 183537, 20220411230000)
 (4880., 4906., 4873., 4897., 3695., 184121, 20220412091500)
 (4897., 4900., 4882., 4886., 1542., 184222, 20220412093000)
 (4886., 4890., 4874., 4878.,  820., 184305, 20220412094500)
 (4878., 4890., 4877., 4879.,  689., 184336, 20220412100000)
 (4880., 4890., 4875., 4889.,  943., 184314, 20220412101500)
 (4888., 4908., 4888., 4908., 4729., 184408, 20220412104500)
 (4908., 4910., 4895., 4910.,  863., 184458, 20220412110000)
 (4909., 4921., 4906., 4919., 1418., 184563, 20220412111500)
 (4919., 4924., 4894., 4902.,  892., 184519, 20220412113000)
 (4910., 4966., 4910., 4931., 3630., 184426, 20220412134500)
 (4931., 4934., 4921., 4931., 1042., 184603, 20220412140000)
 (4931., 4961., 4927., 4961., 2027., 184330, 20220412141500)
 (4960., 4965., 4952., 4958., 3454., 184881, 20220412143000)
 (4957., 4968., 4957., 4958., 1251., 184963, 20220412144500)
 (4958., 4968., 4957., 4968.,  971., 184804, 20220412150000)]
2022-04-13 15:30:00  INFO  [(4972., 4973., 4948., 4953., 11053., 182499, 20220412211500)
 (4953., 4954., 4944., 4949.,  1298., 182715, 20220412213000)
 (4949., 4950., 4929., 4929.,  1100., 182891, 20220412214500)
 (4929., 4940., 4925., 4936., 10916., 190237, 20220412220000)
 (4936., 4942., 4924., 4927.,  5149., 192098, 20220412221500)
 (4927., 4933., 4915., 4916.,  1166., 192146, 20220412223000)
 (4916., 4936., 4916., 4931.,   605., 192187, 20220412224500)
 (4931., 4961., 4931., 4956.,  5427., 194842, 20220412230000)
 (4947., 4947., 4907., 4914.,  4152., 195790, 20220413091500)
 (4914., 4916., 4900., 4904.,  1840., 196165, 20220413093000)
 (4904., 4910., 4896., 4905.,  3752., 196321, 20220413094500)
 (4905., 4921., 4904., 4915.,  1930., 197042, 20220413100000)
 (4915., 4931., 4910., 4928.,  1145., 197116, 20220413101500)
 (4930., 4949., 4930., 4946.,  1763., 197057, 20220413104500)
 (4946., 4956., 4939., 4955.,  1286., 196891, 20220413110000)
 (4955., 4956., 4915., 4918.,  2462., 196214, 20220413111500)
 (4918., 4924., 4895., 4895.,  2573., 195964, 20220413113000)
 (4895., 4910., 4888., 4901.,  1473., 196047, 20220413134500)
 (4901., 4905., 4890., 4890.,  1369., 196280, 20220413140000)
 (4892., 4895., 4864., 4883., 10281., 200685, 20220413141500)
 (4883., 4893., 4866., 4869., 10821., 207849, 20220413143000)
 (4869., 4884., 4867., 4878.,  1878., 207922, 20220413144500)
 (4878., 4882., 4865., 4865.,  1295., 207720, 20220413150000)]
2022-04-14 15:30:00  INFO  [(4880., 4921., 4880., 4906., 10294., 213625, 20220413211500)
 (4906., 4908., 4895., 4908.,  1515., 213585, 20220413213000)
 (4908., 4926., 4902., 4923.,  1563., 213555, 20220413214500)
 (4923., 4938., 4914., 4936.,  2155., 213892, 20220413220000)
 (4936., 4940., 4921., 4922.,  1447., 214017, 20220413221500)
 (4922., 4930., 4920., 4923.,   557., 214021, 20220413223000)
 (4923., 4930., 4912., 4924.,   874., 213977, 20220413224500)
 (4924., 4929., 4912., 4914.,   808., 213708, 20220413230000)
 (4915., 4930., 4902., 4904.,  2170., 213861, 20220414091500)
 (4903., 4920., 4903., 4908.,  2185., 212484, 20220414093000)
 (4908., 4909., 4887., 4895.,  2344., 212545, 20220414094500)
 (4895., 4905., 4892., 4895.,   915., 212488, 20220414100000)
 (4895., 4913., 4892., 4911.,  1332., 212277, 20220414101500)
 (4909., 4910., 4899., 4902.,   743., 212147, 20220414104500)
 (4902., 4916., 4896., 4915.,   877., 211917, 20220414110000)
 (4915., 4919., 4902., 4910.,   670., 211855, 20220414111500)
 (4911., 4935., 4908., 4935.,  1694., 211596, 20220414113000)
 (4937., 4977., 4937., 4967.,  4837., 210450, 20220414134500)
 (4967., 4967., 4955., 4960.,   895., 210556, 20220414140000)
 (4960., 4964., 4951., 4961.,  1237., 210616, 20220414141500)
 (4961., 4972., 4957., 4966.,  2374., 210407, 20220414143000)
 (4966., 4970., 4951., 4958.,  2141., 209876, 20220414144500)
 (4958., 4961., 4938., 4947.,  1206., 209732, 20220414150000)]
2022-04-15 15:30:00  INFO  [(4945., 4968., 4941., 4960., 3598., 211817, 20220414211500)
 (4960., 4985., 4960., 4983., 1844., 211715, 20220414213000)
 (4983., 4986., 4975., 4979.,  688., 211676, 20220414214500)
 (4979., 4980., 4950., 4955., 1121., 211834, 20220414220000)
 (4955., 4966., 4955., 4964.,  340., 211803, 20220414221500)
 (4964., 4975., 4957., 4974.,  364., 211728, 20220414223000)
 (4973., 4983., 4971., 4979.,  527., 211627, 20220414224500)
 (4979., 4985., 4970., 4980.,  847., 211652, 20220414230000)
 (4989., 5015., 4980., 5010., 3464., 211480, 20220415091500)
 (5010., 5011., 4992., 4995., 1195., 211369, 20220415093000)
 (4995., 5006., 4993., 5003.,  485., 211443, 20220415094500)
 (5003., 5012., 5001., 5010.,  498., 211457, 20220415100000)
 (5010., 5014., 4997., 5010.,  598., 211445, 20220415101500)
 (5010., 5012., 5002., 5007.,  304., 211431, 20220415104500)
 (5007., 5010., 4987., 4989.,  993., 211529, 20220415110000)
 (4989., 4997., 4974., 4976., 1030., 211546, 20220415111500)
 (4976., 4987., 4967., 4987., 1277., 211815, 20220415113000)
 (4991., 4992., 4965., 4967., 1964., 212263, 20220415134500)
 (4967., 4973., 4958., 4961., 1162., 212387, 20220415140000)
 (4961., 4973., 4954., 4960., 1434., 212150, 20220415141500)
 (4960., 4976., 4960., 4972.,  501., 212090, 20220415143000)
 (4972., 4980., 4965., 4972.,  492., 212066, 20220415144500)
 (4972., 4988., 4964., 4984., 1562., 211409, 20220415150000)]
2022-04-18 15:30:00  INFO  [(4984., 4984., 4904., 4951., 8490., 215880, 20220415211500)
 (4950., 4950., 4930., 4939., 1950., 215737, 20220415213000)
 (4939., 4973., 4934., 4969., 1606., 215288, 20220415214500)
 (4969., 4994., 4969., 4980., 2015., 215212, 20220415220000)
 (4981., 4987., 4972., 4973.,  501., 215272, 20220415221500)
 (4973., 4987., 4971., 4975.,  832., 214967, 20220415223000)
 (4977., 4980., 4964., 4980.,  585., 215002, 20220415224500)
 (4980., 4983., 4968., 4975., 1324., 214384, 20220415230000)
 (4979., 4979., 4954., 4958., 2473., 214893, 20220418091500)
 (4958., 4975., 4956., 4964.,  858., 215014, 20220418093000)
 (4964., 4975., 4954., 4961., 1040., 215018, 20220418094500)
 (4961., 4967., 4951., 4957., 1086., 215244, 20220418100000)
 (4957., 4998., 4947., 4951., 3613., 215551, 20220418101500)
 (4951., 4966., 4950., 4956.,  740., 215561, 20220418104500)
 (4957., 4976., 4956., 4974.,  756., 215390, 20220418110000)
 (4974., 4990., 4970., 4990., 1339., 215635, 20220418111500)
 (4990., 5019., 4987., 5011., 2761., 215789, 20220418113000)
 (5011., 5024., 5003., 5007., 2819., 215381, 20220418134500)
 (5007., 5017., 5005., 5008., 1082., 215367, 20220418140000)
 (5008., 5013., 5002., 5003.,  641., 215446, 20220418141500)
 (5003., 5012., 4996., 5010., 1570., 215642, 20220418143000)
 (5010., 5015., 5001., 5004.,  818., 215685, 20220418144500)
 (5004., 5012., 5000., 5007.,  879., 215763, 20220418150000)]
2022-04-19 15:30:00  INFO  [(5014., 5021., 5010., 5013.,  5052., 218588, 20220418211500)
 (5014., 5025., 5011., 5016.,   739., 218649, 20220418213000)
 (5016., 5025., 5014., 5021.,   528., 218641, 20220418214500)
 (5021., 5022., 5013., 5017.,   536., 218639, 20220418220000)
 (5014., 5020., 5012., 5016.,   579., 218522, 20220418221500)
 (5016., 5025., 5015., 5025.,   996., 218623, 20220418223000)
 (5025., 5027., 5018., 5022.,   711., 218589, 20220418224500)
 (5022., 5023., 5005., 5010.,   758., 218512, 20220418230000)
 (5005., 5013., 4991., 4998.,  1595., 218912, 20220419091500)
 (4998., 5006., 4987., 5005.,  1285., 218927, 20220419093000)
 (5005., 5013., 5000., 5009.,   979., 218818, 20220419094500)
 (5009., 5022., 5008., 5022.,   845., 218834, 20220419100000)
 (5022., 5022., 4995., 5007.,  1720., 219107, 20220419101500)
 (5007., 5014., 4986., 4990.,  1665., 219071, 20220419104500)
 (4990., 5000., 4984., 4998.,  1163., 219034, 20220419110000)
 (4998., 5025., 4987., 4999.,  3359., 219043, 20220419111500)
 (4999., 5065., 4989., 5026.,  7571., 218889, 20220419113000)
 (5022., 5055., 5015., 5035., 10032., 221308, 20220419134500)
 (5035., 5036., 5022., 5033.,  3755., 222224, 20220419140000)
 (5034., 5034., 5023., 5026.,  1590., 222223, 20220419141500)
 (5026., 5027., 4986., 4990.,  6023., 224695, 20220419143000)
 (4991., 4993., 4961., 4963.,  6558., 224134, 20220419144500)
 (4964., 4990., 4950., 4961.,  4723., 224361, 20220419150000)]
2022-04-20 15:30:00  INFO  [(4965., 4999., 4964., 4998., 7928., 227722, 20220419211500)
 (4997., 5001., 4984., 4987., 2196., 227915, 20220419213000)
 (4987., 5001., 4987., 4999., 1503., 228123, 20220419214500)
 (4999., 5012., 4991., 5010., 2450., 227957, 20220419220000)
 (5011., 5020., 5010., 5012., 2738., 227597, 20220419221500)
 (5012., 5026., 5012., 5024., 1488., 227671, 20220419223000)
 (5025., 5026., 5015., 5019., 1376., 227572, 20220419224500)
 (5019., 5026., 5018., 5026.,  968., 227293, 20220419230000)
 (5028., 5054., 5023., 5050., 3197., 227140, 20220420091500)
 (5050., 5054., 5036., 5048., 1907., 227039, 20220420093000)
 (5050., 5050., 5040., 5046., 2756., 227879, 20220420094500)
 (5046., 5053., 5040., 5053., 1458., 227584, 20220420100000)
 (5053., 5056., 5047., 5053.,  927., 227505, 20220420101500)
 (5055., 5073., 5049., 5069., 3812., 227384, 20220420104500)
 (5069., 5070., 5062., 5069., 1093., 227227, 20220420110000)
 (5069., 5079., 5065., 5078., 1396., 227091, 20220420111500)
 (5077., 5079., 5062., 5074., 1507., 226833, 20220420113000)
 (5065., 5078., 5051., 5053., 2692., 226395, 20220420134500)
 (5053., 5061., 5041., 5043., 2097., 226330, 20220420140000)
 (5043., 5063., 5041., 5058., 2656., 225807, 20220420141500)
 (5057., 5057., 5034., 5034., 3075., 225269, 20220420143000)
 (5034., 5052., 5033., 5043., 1388., 225125, 20220420144500)
 (5043., 5049., 5030., 5043., 1816., 225092, 20220420150000)]
2022-04-21 15:30:00  INFO  [(5048., 5051., 5035., 5035., 13044., 234220, 20220420211500)
 (5035., 5038., 5022., 5028.,  3021., 234751, 20220420213000)
 (5028., 5044., 5027., 5036.,  1050., 234778, 20220420214500)
 (5036., 5037., 5028., 5034.,   669., 234706, 20220420220000)
 (5034., 5034., 5024., 5030.,  1108., 234500, 20220420221500)
 (5029., 5044., 5028., 5042.,   854., 234395, 20220420223000)
 (5043., 5048., 5040., 5045.,   946., 234378, 20220420224500)
 (5045., 5048., 5038., 5041.,   789., 234192, 20220420230000)
 (5041., 5045., 5031., 5035.,  1185., 234312, 20220421091500)
 (5035., 5035., 5025., 5031.,   842., 234551, 20220421093000)
 (5031., 5040., 5027., 5034.,   475., 234549, 20220421094500)
 (5034., 5034., 5023., 5032.,   709., 234579, 20220421100000)
 (5032., 5040., 5030., 5033.,   875., 234315, 20220421101500)
 (5033., 5057., 5027., 5054.,  4311., 233358, 20220421104500)
 (5054., 5062., 5045., 5055.,  1586., 233285, 20220421110000)
 (5055., 5060., 5049., 5052.,   943., 233274, 20220421111500)
 (5052., 5053., 5038., 5043.,  1376., 233433, 20220421113000)
 (5047., 5049., 4997., 4997.,  8503., 233035, 20220421134500)
 (4997., 5003., 4980., 4993., 13223., 228864, 20220421140000)
 (4993., 5003., 4988., 4991.,  3440., 229316, 20220421141500)
 (4991., 5001., 4984., 4992.,  2390., 228931, 20220421143000)
 (4991., 4993., 4937., 4953., 17523., 223571, 20220421144500)
 (4953., 4980., 4950., 4978.,  3719., 223084, 20220421150000)]
2022-04-22 15:30:00  INFO  [(4965., 4994., 4960., 4965., 9674., 225767, 20220421211500)
 (4965., 4969., 4956., 4966., 1414., 225886, 20220421213000)
 (4966., 4978., 4964., 4972., 1020., 225852, 20220421214500)
 (4973., 4984., 4970., 4984.,  763., 225795, 20220421220000)
 (4984., 4990., 4978., 4989., 1230., 225783, 20220421221500)
 (4989., 4994., 4980., 4985., 1026., 225783, 20220421223000)
 (4985., 4989., 4971., 4974., 1198., 225554, 20220421224500)
 (4974., 4980., 4970., 4977.,  729., 225452, 20220421230000)
 (4977., 4977., 4927., 4929., 4105., 225686, 20220422091500)
 (4929., 4941., 4922., 4924., 3141., 225875, 20220422093000)
 (4924., 4935., 4923., 4928., 1801., 225711, 20220422094500)
 (4928., 4932., 4908., 4922., 3123., 225817, 20220422100000)
 (4923., 4942., 4918., 4940., 3132., 226425, 20220422101500)
 (4940., 4945., 4930., 4933., 1537., 226448, 20220422104500)
 (4933., 4936., 4919., 4922., 1385., 226616, 20220422110000)
 (4922., 4926., 4903., 4904., 2511., 226354, 20220422111500)
 (4904., 4918., 4898., 4900., 2187., 226376, 20220422113000)
 (4901., 4904., 4886., 4892., 4083., 226535, 20220422134500)
 (4892., 4911., 4885., 4907., 2827., 226540, 20220422140000)
 (4906., 4908., 4893., 4901., 1482., 226553, 20220422141500)
 (4901., 4902., 4890., 4896., 1245., 226686, 20220422143000)
 (4895., 4901., 4890., 4899., 1381., 226816, 20220422144500)
 (4899., 4900., 4883., 4883., 2480., 226529, 20220422150000)]
2022-04-25 15:30:00  INFO  [(4882., 4887., 4861., 4874.,  9180., 227064, 20220422211500)
 (4874., 4900., 4868., 4898.,  4459., 225947, 20220422213000)
 (4898., 4899., 4885., 4896.,  1791., 225377, 20220422214500)
 (4898., 4899., 4884., 4884.,  1198., 225318, 20220422220000)
 (4884., 4884., 4865., 4867.,  2231., 225259, 20220422221500)
 (4867., 4877., 4861., 4861.,  1324., 225221, 20220422223000)
 (4861., 4867., 4835., 4837.,  3721., 225159, 20220422224500)
 (4837., 4844., 4803., 4803.,  4771., 225009, 20220422230000)
 (4798., 4798., 4737., 4775., 14792., 225841, 20220425091500)
 (4775., 4775., 4757., 4766.,  3776., 225385, 20220425093000)
 (4766., 4768., 4748., 4758.,  2785., 226082, 20220425094500)
 (4758., 4774., 4757., 4763., 14074., 231552, 20220425100000)
 (4763., 4771., 4734., 4734.,  3922., 233034, 20220425101500)
 (4734., 4762., 4709., 4751.,  6835., 232294, 20220425104500)
 (4751., 4769., 4744., 4762.,  2108., 232141, 20220425110000)
 (4762., 4784., 4758., 4776.,  2270., 232100, 20220425111500)
 (4776., 4791., 4767., 4777.,  1614., 231976, 20220425113000)
 (4775., 4783., 4760., 4770.,  2013., 232082, 20220425134500)
 (4770., 4771., 4740., 4750.,  2515., 232384, 20220425140000)
 (4751., 4759., 4730., 4731.,  3045., 232732, 20220425141500)
 (4733., 4756., 4730., 4748.,  2118., 232660, 20220425143000)
 (4748., 4756., 4720., 4725.,  1779., 232936, 20220425144500)
 (4725., 4733., 4689., 4692.,  4620., 232796, 20220425150000)]
2022-04-26 15:30:00  INFO  [(4695., 4741., 4695., 4705., 13652., 239646, 20220425211500)
 (4705., 4720., 4696., 4709.,  2661., 240204, 20220425213000)
 (4710., 4717., 4704., 4707.,  1352., 240269, 20220425214500)
 (4707., 4715., 4696., 4698.,  1247., 240395, 20220425220000)
 (4698., 4709., 4682., 4690.,  1806., 240310, 20220425221500)
 (4690., 4696., 4670., 4670.,  2522., 240135, 20220425223000)
 (4671., 4706., 4671., 4696.,  2312., 240360, 20220425224500)
 (4696., 4725., 4694., 4715.,  1885., 240384, 20220425230000)
 (4720., 4756., 4720., 4749.,  5042., 240731, 20220426091500)
 (4749., 4756., 4740., 4752.,  1606., 240918, 20220426093000)
 (4752., 4757., 4743., 4752.,  1898., 241382, 20220426094500)
 (4752., 4752., 4728., 4729.,  2003., 241776, 20220426100000)
 (4729., 4746., 4729., 4744.,  1389., 241557, 20220426101500)
 (4743., 4765., 4743., 4759.,  2789., 241795, 20220426104500)
 (4759., 4768., 4754., 4758.,  1376., 241577, 20220426110000)
 (4760., 4769., 4751., 4754.,  1352., 241548, 20220426111500)
 (4754., 4787., 4753., 4783.,  3368., 240980, 20220426113000)
 (4779., 4786., 4753., 4756.,  4338., 240422, 20220426134500)
 (4756., 4771., 4754., 4760.,  1243., 240369, 20220426140000)
 (4760., 4765., 4743., 4746.,  1819., 240588, 20220426141500)
 (4746., 4758., 4744., 4745.,  1150., 240464, 20220426143000)
 (4745., 4755., 4737., 4750.,  2234., 240018, 20220426144500)
 (4750., 4760., 4739., 4745.,  2429., 239889, 20220426150000)]
2022-04-27 15:30:00  INFO  [(4762., 4817., 4760., 4806., 14564., 248233, 20220426211500)
 (4806., 4811., 4800., 4800.,  2309., 248515, 20220426213000)
 (4800., 4804., 4791., 4800.,  1557., 248456, 20220426214500)
 (4800., 4804., 4791., 4796.,  1395., 248197, 20220426220000)
 (4796., 4800., 4787., 4795.,  2402., 247616, 20220426221500)
 (4795., 4796., 4777., 4781.,  2198., 247093, 20220426223000)
 (4781., 4801., 4769., 4796.,  3517., 246825, 20220426224500)
 (4796., 4810., 4794., 4810.,  2273., 246695, 20220426230000)
 (4810., 4810., 4782., 4782.,  2710., 246826, 20220427091500)
 (4782., 4799., 4782., 4792.,  1221., 246726, 20220427093000)
 (4792., 4810., 4792., 4807.,  2151., 246958, 20220427094500)
 (4807., 4810., 4793., 4802.,  1672., 246930, 20220427100000)
 (4802., 4804., 4782., 4789.,  3171., 247477, 20220427101500)
 (4785., 4798., 4774., 4788.,  3534., 247696, 20220427104500)
 (4788., 4800., 4772., 4795.,  2501., 247628, 20220427110000)
 (4796., 4796., 4764., 4765.,  2654., 247898, 20220427111500)
 (4765., 4776., 4735., 4749.,  4545., 247916, 20220427113000)
 (4761., 4786., 4739., 4746.,  5710., 248002, 20220427134500)
 (4746., 4760., 4741., 4746.,  2468., 248105, 20220427140000)
 (4747., 4747., 4730., 4740.,  2507., 248047, 20220427141500)
 (4740., 4765., 4734., 4760.,  1943., 247853, 20220427143000)
 (4760., 4768., 4754., 4762.,  2511., 247492, 20220427144500)
 (4762., 4787., 4762., 4780.,  3015., 246973, 20220427150000)]
2022-04-28 15:30:00  INFO  [(4782., 4782., 4761., 4766., 13872., 250918, 20220427211500)
 (4766., 4769., 4740., 4744.,  2829., 251059, 20220427213000)
 (4744., 4757., 4730., 4736.,  1927., 251062, 20220427214500)
 (4736., 4761., 4736., 4750.,  2134., 250992, 20220427220000)
 (4750., 4754., 4741., 4744.,  1509., 251028, 20220427221500)
 (4744., 4747., 4720., 4725.,  3950., 251468, 20220427223000)
 (4725., 4763., 4725., 4761.,  2552., 251347, 20220427224500)
 (4761., 4782., 4759., 4767.,  3454., 251093, 20220427230000)
 (4767., 4784., 4761., 4778.,  2623., 251199, 20220428091500)
 (4778., 4790., 4774., 4774.,  3123., 250996, 20220428093000)
 (4776., 4777., 4759., 4761.,  5265., 249868, 20220428094500)
 (4761., 4764., 4732., 4735.,  7198., 248824, 20220428100000)
 (4735., 4740., 4722., 4724.,  8300., 247388, 20220428101500)
 (4727., 4736., 4718., 4733.,  3468., 247155, 20220428104500)
 (4733., 4740., 4723., 4723.,  1717., 247101, 20220428110000)
 (4723., 4723., 4707., 4716.,  2367., 247244, 20220428111500)
 (4716., 4732., 4704., 4720.,  2429., 247317, 20220428113000)
 (4718., 4729., 4692., 4727.,  5091., 247456, 20220428134500)
 (4727., 4747., 4724., 4739.,  3196., 247403, 20220428140000)
 (4739., 4754., 4732., 4747.,  1760., 247348, 20220428141500)
 (4747., 4748., 4736., 4742.,  2171., 247657, 20220428143000)
 (4742., 4759., 4737., 4759.,  2922., 247625, 20220428144500)
 (4759., 4767., 4750., 4754.,  3056., 247259, 20220428150000)]
2022-04-29 15:30:00  INFO  [(4750., 4755., 4739., 4743.,  7319., 247655, 20220428211500)
 (4743., 4748., 4727., 4739.,  4585., 247155, 20220428213000)
 (4739., 4739., 4724., 4732.,  1509., 247208, 20220428214500)
 (4732., 4736., 4726., 4727.,   781., 247255, 20220428220000)
 (4727., 4746., 4725., 4742.,  2623., 246577, 20220428221500)
 (4742., 4742., 4716., 4725.,  3734., 246009, 20220428223000)
 (4725., 4746., 4725., 4740.,  2404., 245441, 20220428224500)
 (4740., 4745., 4725., 4725.,  1318., 245265, 20220428230000)
 (4725., 4739., 4721., 4735.,  1831., 245463, 20220429091500)
 (4735., 4750., 4731., 4747.,  1590., 245637, 20220429093000)
 (4747., 4749., 4735., 4735.,   829., 245652, 20220429094500)
 (4735., 4738., 4726., 4727.,  1318., 245802, 20220429100000)
 (4727., 4747., 4727., 4741.,  3260., 246106, 20220429101500)
 (4742., 4743., 4733., 4741.,  2459., 245736, 20220429104500)
 (4741., 4750., 4736., 4746.,  2100., 245709, 20220429110000)
 (4746., 4754., 4744., 4753.,  2044., 246057, 20220429111500)
 (4753., 4754., 4741., 4744.,  1280., 246137, 20220429113000)
 (4760., 4808., 4760., 4795., 10956., 247160, 20220429134500)
 (4795., 4819., 4794., 4802.,  6153., 247490, 20220429140000)
 (4801., 4802., 4788., 4800.,  3457., 247599, 20220429141500)
 (4800., 4809., 4793., 4806.,  2373., 247705, 20220429143000)
 (4806., 4809., 4791., 4801.,  1669., 247626, 20220429144500)
 (4801., 4806., 4796., 4801.,  2363., 246973, 20220429150000)]
2022-05-05 15:30:00  INFO  [(4746., 4754., 4744., 4753.,  2044., 246057, 20220429111500)
 (4753., 4754., 4741., 4744.,  1280., 246137, 20220429113000)
 (4760., 4808., 4760., 4795., 10956., 247160, 20220429134500)
 (4795., 4819., 4794., 4802.,  6153., 247490, 20220429140000)
 (4801., 4802., 4788., 4800.,  3457., 247599, 20220429141500)
 (4800., 4809., 4793., 4806.,  2373., 247705, 20220429143000)
 (4806., 4809., 4791., 4801.,  1669., 247626, 20220429144500)
 (4801., 4806., 4796., 4801.,  2363., 246973, 20220429150000)
 (4786., 4833., 4783., 4794., 10071., 245870, 20220505091500)
 (4794., 4798., 4768., 4787.,  6009., 246802, 20220505093000)
 (4786., 4790., 4774., 4777.,  2157., 246917, 20220505094500)
 (4777., 4784., 4766., 4771.,  1349., 246808, 20220505100000)
 (4771., 4784., 4766., 4768.,  2041., 246758, 20220505101500)
 (4768., 4795., 4760., 4794.,  2865., 246733, 20220505104500)
 (4794., 4817., 4789., 4815.,  3607., 246690, 20220505110000)
 (4815., 4827., 4809., 4826.,  2420., 246246, 20220505111500)
 (4826., 4835., 4810., 4832.,  2374., 246163, 20220505113000)
 (4827., 4845., 4818., 4819.,  3250., 246023, 20220505134500)
 (4820., 4826., 4818., 4819.,  2438., 245909, 20220505140000)
 (4820., 4829., 4813., 4826.,  1342., 246017, 20220505141500)
 (4826., 4829., 4815., 4816.,  1080., 245992, 20220505143000)
 (4816., 4823., 4806., 4807.,  1678., 245731, 20220505144500)
 (4807., 4813., 4803., 4809.,  1241., 245599, 20220505150000)]
2022-05-06 15:30:00  INFO  [(4810., 4815., 4790., 4801., 11720., 251270, 20220505211500)
 (4801., 4806., 4792., 4794.,  3702., 250968, 20220505213000)
 (4794., 4797., 4782., 4790.,  2026., 251057, 20220505214500)
 (4790., 4794., 4775., 4777.,  3194., 250891, 20220505220000)
 (4778., 4781., 4758., 4760.,  2973., 250757, 20220505221500)
 (4760., 4772., 4758., 4767.,  1673., 250713, 20220505223000)
 (4767., 4776., 4756., 4759.,  1710., 250700, 20220505224500)
 (4759., 4763., 4729., 4730.,  4396., 250155, 20220505230000)
 (4728., 4731., 4711., 4721.,  7915., 250829, 20220506091500)
 (4721., 4737., 4721., 4725.,  2073., 250799, 20220506093000)
 (4725., 4732., 4707., 4711.,  2273., 251270, 20220506094500)
 (4711., 4737., 4707., 4735.,  2762., 251431, 20220506100000)
 (4735., 4746., 4730., 4734.,  2039., 251525, 20220506101500)
 (4737., 4743., 4722., 4726.,  1772., 251640, 20220506104500)
 (4727., 4736., 4718., 4732.,  1925., 251638, 20220506110000)
 (4732., 4738., 4719., 4721.,  2161., 252065, 20220506111500)
 (4721., 4728., 4710., 4715.,  1776., 252353, 20220506113000)
 (4720., 4722., 4702., 4702.,  5115., 253327, 20220506134500)
 (4701., 4705., 4678., 4682., 12201., 259188, 20220506140000)
 (4682., 4686., 4670., 4672.,  9645., 264421, 20220506141500)
 (4672., 4679., 4655., 4659.,  3432., 265146, 20220506143000)
 (4659., 4661., 4648., 4650.,  4256., 265791, 20220506144500)
 (4650., 4658., 4620., 4622.,  6758., 266490, 20220506150000)]
2022-05-09 15:30:00  INFO  [(4635., 4646., 4613., 4615., 13466., 271031, 20220506211500)
 (4615., 4644., 4600., 4642., 14001., 276722, 20220506213000)
 (4642., 4650., 4623., 4627.,  8585., 279413, 20220506214500)
 (4625., 4636., 4616., 4616.,  4912., 279630, 20220506220000)
 (4616., 4631., 4613., 4622.,  2823., 279390, 20220506221500)
 (4622., 4631., 4618., 4621.,  2657., 279406, 20220506223000)
 (4620., 4624., 4603., 4610.,  3365., 279251, 20220506224500)
 (4610., 4625., 4600., 4620.,  4461., 279919, 20220506230000)
 (4610., 4610., 4535., 4542., 16620., 283247, 20220509091500)
 (4542., 4558., 4537., 4547.,  7419., 283903, 20220509093000)
 (4546., 4565., 4541., 4563.,  3269., 284275, 20220509094500)
 (4562., 4580., 4562., 4571.,  3658., 284178, 20220509100000)
 (4570., 4592., 4568., 4569.,  3811., 284389, 20220509101500)
 (4565., 4619., 4561., 4601., 30707., 301525, 20220509104500)
 (4601., 4638., 4601., 4617., 21612., 312107, 20220509110000)
 (4617., 4619., 4587., 4588.,  7002., 312304, 20220509111500)
 (4588., 4603., 4582., 4602.,  3834., 312362, 20220509113000)
 (4602., 4602., 4575., 4581.,  5845., 312751, 20220509134500)
 (4581., 4586., 4565., 4572.,  3817., 312685, 20220509140000)
 (4573., 4580., 4566., 4572.,  3324., 312791, 20220509141500)
 (4572., 4592., 4560., 4588.,  3465., 312686, 20220509143000)
 (4588., 4590., 4575., 4580.,  2143., 312412, 20220509144500)
 (4579., 4588., 4570., 4571.,  2363., 311722, 20220509150000)]
2022-05-10 15:30:00  INFO  [(4570., 4575., 4532., 4573., 22563., 327246, 20220509211500)
 (4572., 4573., 4554., 4554.,  3051., 327378, 20220509213000)
 (4554., 4565., 4537., 4544.,  3675., 327293, 20220509214500)
 (4544., 4548., 4536., 4541.,  3849., 327569, 20220509220000)
 (4541., 4563., 4541., 4550.,  4080., 328349, 20220509221500)
 (4549., 4556., 4538., 4544.,  2889., 328649, 20220509223000)
 (4544., 4547., 4531., 4532.,  3792., 328937, 20220509224500)
 (4532., 4541., 4500., 4526., 17058., 336555, 20220509230000)
 (4527., 4535., 4491., 4495., 13543., 340054, 20220510091500)
 (4496., 4504., 4491., 4492.,  6416., 340630, 20220510093000)
 (4492., 4494., 4468., 4489.,  6879., 341979, 20220510094500)
 (4489., 4503., 4475., 4477.,  6275., 341353, 20220510100000)
 (4478., 4523., 4478., 4507.,  5627., 341324, 20220510101500)
 (4511., 4534., 4508., 4519.,  5410., 340887, 20220510104500)
 (4519., 4521., 4500., 4501.,  2823., 340780, 20220510110000)
 (4501., 4516., 4501., 4508.,  1803., 340818, 20220510111500)
 (4508., 4510., 4485., 4493.,  2522., 341332, 20220510113000)
 (4521., 4525., 4500., 4502.,  6462., 341570, 20220510134500)
 (4502., 4508., 4486., 4491.,  3333., 342311, 20220510140000)
 (4491., 4504., 4488., 4500.,  4644., 343942, 20220510141500)
 (4500., 4500., 4484., 4487.,  3300., 344436, 20220510143000)
 (4487., 4504., 4479., 4504.,  3303., 344199, 20220510144500)
 (4502., 4534., 4500., 4530.,  5600., 343110, 20220510150000)]
2022-05-11 15:30:00  INFO  [(4526., 4554., 4526., 4549., 6652., 343960, 20220510211500)
 (4549., 4552., 4534., 4549., 2280., 344041, 20220510213000)
 (4549., 4557., 4545., 4557., 2291., 344246, 20220510214500)
 (4555., 4564., 4550., 4556., 3137., 343902, 20220510220000)
 (4555., 4555., 4544., 4546., 2995., 344371, 20220510221500)
 (4546., 4549., 4540., 4547., 1609., 344543, 20220510223000)
 (4546., 4552., 4540., 4543., 1706., 344660, 20220510224500)
 (4543., 4546., 4532., 4542., 1847., 344361, 20220510230000)
 (4540., 4567., 4535., 4562., 5881., 343531, 20220511091500)
 (4562., 4570., 4557., 4569., 4770., 342980, 20220511093000)
 (4568., 4580., 4565., 4580., 3605., 343315, 20220511094500)
 (4580., 4597., 4575., 4594., 6171., 343332, 20220511100000)
 (4594., 4595., 4586., 4589., 4067., 342843, 20220511101500)
 (4590., 4593., 4577., 4581., 2098., 342551, 20220511104500)
 (4581., 4593., 4579., 4590., 1729., 342708, 20220511110000)
 (4590., 4590., 4574., 4586., 2063., 342648, 20220511111500)
 (4586., 4600., 4586., 4600., 1680., 342436, 20220511113000)
 (4605., 4623., 4596., 4599., 6414., 342476, 20220511134500)
 (4599., 4609., 4591., 4595., 2475., 342413, 20220511140000)
 (4595., 4599., 4586., 4590., 1935., 342105, 20220511141500)
 (4590., 4597., 4577., 4585., 2469., 342209, 20220511143000)
 (4586., 4591., 4574., 4584., 2004., 341939, 20220511144500)
 (4584., 4592., 4582., 4592., 1574., 341532, 20220511150000)]
2022-05-12 15:30:00  INFO  [(4588., 4596., 4556., 4595., 11660., 347312, 20220511211500)
 (4594., 4599., 4585., 4594.,  1359., 347053, 20220511213000)
 (4594., 4613., 4592., 4612.,  2230., 346947, 20220511214500)
 (4612., 4618., 4605., 4609.,  2553., 346805, 20220511220000)
 (4609., 4614., 4603., 4607.,  1678., 346709, 20220511221500)
 (4607., 4616., 4605., 4613.,   948., 346652, 20220511223000)
 (4613., 4640., 4612., 4634.,  4030., 346215, 20220511224500)
 (4634., 4638., 4629., 4637.,  1261., 345934, 20220511230000)
 (4631., 4632., 4591., 4596.,  6993., 347077, 20220512091500)
 (4596., 4601., 4586., 4593.,  2205., 347480, 20220512093000)
 (4594., 4598., 4583., 4585.,  1824., 347346, 20220512094500)
 (4585., 4605., 4584., 4585.,  2502., 347475, 20220512100000)
 (4585., 4588., 4576., 4583.,  2353., 347789, 20220512101500)
 (4582., 4583., 4564., 4568.,  4101., 349107, 20220512104500)
 (4568., 4574., 4551., 4551.,  4587., 349508, 20220512110000)
 (4551., 4572., 4550., 4554.,  4226., 350836, 20220512111500)
 (4554., 4556., 4532., 4553.,  4221., 350900, 20220512113000)
 (4539., 4551., 4510., 4520.,  7393., 351856, 20220512134500)
 (4520., 4559., 4518., 4549.,  5449., 351910, 20220512140000)
 (4550., 4554., 4516., 4517.,  5729., 352073, 20220512141500)
 (4516., 4531., 4515., 4528.,  4849., 352784, 20220512143000)
 (4529., 4547., 4521., 4544.,  5147., 354438, 20220512144500)
 (4544., 4544., 4526., 4530.,  2298., 354296, 20220512150000)]
2022-05-13 15:30:00  INFO  [(4490., 4512., 4481., 4505., 13180., 358649, 20220512211500)
 (4506., 4520., 4495., 4505.,  3789., 359130, 20220512213000)
 (4505., 4509., 4493., 4503.,  3692., 359202, 20220512214500)
 (4503., 4503., 4489., 4498.,  2587., 359773, 20220512220000)
 (4496., 4506., 4486., 4506.,  2263., 359754, 20220512221500)
 (4505., 4524., 4501., 4514.,  3294., 359488, 20220512223000)
 (4514., 4520., 4500., 4507.,  1383., 359327, 20220512224500)
 (4507., 4521., 4507., 4513.,  1357., 359136, 20220512230000)
 (4513., 4542., 4513., 4538.,  4118., 359215, 20220513091500)
 (4538., 4545., 4532., 4544.,  2084., 359345, 20220513093000)
 (4544., 4546., 4529., 4530.,  1261., 359443, 20220513094500)
 (4529., 4542., 4529., 4532.,  1505., 359509, 20220513100000)
 (4533., 4541., 4518., 4523.,  2151., 359472, 20220513101500)
 (4520., 4539., 4520., 4522.,  1473., 359333, 20220513104500)
 (4522., 4524., 4491., 4491.,  4187., 360146, 20220513110000)
 (4491., 4516., 4490., 4508.,  2917., 360087, 20220513111500)
 (4508., 4539., 4505., 4533.,  2043., 360116, 20220513113000)
 (4531., 4564., 4530., 4555.,  5956., 360186, 20220513134500)
 (4555., 4562., 4546., 4560.,  2741., 359950, 20220513140000)
 (4560., 4580., 4560., 4573.,  2403., 359916, 20220513141500)
 (4573., 4583., 4568., 4580.,  2057., 359706, 20220513143000)
 (4580., 4603., 4577., 4597.,  6653., 358720, 20220513144500)
 (4598., 4600., 4583., 4586.,  2615., 358298, 20220513150000)]
2022-05-16 15:30:00  INFO  [(4628., 4628., 4566., 4569.,  7638., 359788, 20220513211500)
 (4569., 4574., 4561., 4572.,  2227., 359767, 20220513213000)
 (4572., 4578., 4564., 4564.,  1964., 359874, 20220513214500)
 (4564., 4577., 4560., 4574.,  1455., 359910, 20220513220000)
 (4575., 4593., 4575., 4585.,  2313., 360129, 20220513221500)
 (4585., 4598., 4583., 4596.,  1411., 359584, 20220513223000)
 (4596., 4598., 4583., 4584.,  1421., 359286, 20220513224500)
 (4584., 4585., 4564., 4584.,  2559., 358892, 20220513230000)
 (4573., 4601., 4559., 4586., 10968., 360056, 20220516091500)
 (4586., 4610., 4575., 4599.,  5708., 360127, 20220516093000)
 (4601., 4603., 4578., 4586.,  2908., 360232, 20220516094500)
 (4586., 4591., 4566., 4567.,  2906., 360757, 20220516100000)
 (4567., 4575., 4540., 4547.,  5374., 361239, 20220516101500)
 (4547., 4554., 4525., 4526.,  5305., 361492, 20220516104500)
 (4528., 4545., 4523., 4543.,  3701., 361663, 20220516110000)
 (4543., 4544., 4516., 4517.,  2522., 362248, 20220516111500)
 (4516., 4527., 4510., 4523.,  4009., 363080, 20220516113000)
 (4525., 4543., 4525., 4536.,  4314., 363566, 20220516134500)
 (4536., 4537., 4525., 4528.,  1431., 363715, 20220516140000)
 (4528., 4530., 4514., 4515.,  4076., 364744, 20220516141500)
 (4515., 4518., 4498., 4518.,  5382., 365921, 20220516143000)
 (4518., 4542., 4516., 4531.,  4207., 365538, 20220516144500)
 (4531., 4585., 4531., 4580.,  6662., 363941, 20220516150000)]
2022-05-17 15:30:00  INFO  [(4589., 4595., 4568., 4570., 8251., 364436, 20220516211500)
 (4572., 4585., 4572., 4583., 1735., 364527, 20220516213000)
 (4583., 4586., 4565., 4570., 2158., 364354, 20220516214500)
 (4570., 4583., 4568., 4582., 1294., 364581, 20220516220000)
 (4583., 4583., 4575., 4580., 1029., 364644, 20220516221500)
 (4580., 4588., 4579., 4584., 1228., 364519, 20220516223000)
 (4584., 4586., 4572., 4580., 1122., 364780, 20220516224500)
 (4580., 4595., 4575., 4576., 1932., 364447, 20220516230000)
 (4582., 4605., 4580., 4605., 5230., 364029, 20220517091500)
 (4604., 4611., 4599., 4605., 3082., 364656, 20220517093000)
 (4604., 4607., 4584., 4590., 3030., 364357, 20220517094500)
 (4590., 4599., 4581., 4582., 2261., 364472, 20220517100000)
 (4583., 4602., 4581., 4602., 1463., 364473, 20220517101500)
 (4600., 4603., 4581., 4583., 1953., 364537, 20220517104500)
 (4583., 4587., 4574., 4587., 2181., 365042, 20220517110000)
 (4587., 4602., 4586., 4600., 2133., 365084, 20220517111500)
 (4600., 4600., 4557., 4561., 3999., 365974, 20220517113000)
 (4561., 4571., 4553., 4566., 3638., 366422, 20220517134500)
 (4566., 4582., 4563., 4564., 2115., 366321, 20220517140000)
 (4565., 4579., 4563., 4573., 1395., 366498, 20220517141500)
 (4574., 4576., 4562., 4565., 1095., 366578, 20220517143000)
 (4565., 4585., 4560., 4575., 2494., 366514, 20220517144500)
 (4575., 4579., 4564., 4568., 1727., 366269, 20220517150000)]
2022-05-18 15:30:00  INFO  [(4578., 4580., 4546., 4556., 10688., 367351, 20220517211500)
 (4556., 4563., 4545., 4545.,  4047., 367220, 20220517213000)
 (4546., 4558., 4540., 4553.,  2428., 367266, 20220517214500)
 (4553., 4553., 4538., 4540.,  3497., 367729, 20220517220000)
 (4539., 4553., 4536., 4542.,  2613., 367573, 20220517221500)
 (4542., 4556., 4537., 4538.,  3072., 367993, 20220517223000)
 (4538., 4549., 4538., 4539.,  1774., 367464, 20220517224500)
 (4539., 4547., 4531., 4544.,  2930., 366989, 20220517230000)
 (4540., 4553., 4536., 4537.,  4846., 367948, 20220518091500)
 (4537., 4539., 4523., 4530.,  3698., 368127, 20220518093000)
 (4530., 4530., 4514., 4516.,  3215., 368366, 20220518094500)
 (4516., 4521., 4506., 4513.,  3746., 368643, 20220518100000)
 (4513., 4521., 4506., 4512.,  2897., 369527, 20220518101500)
 (4512., 4528., 4503., 4527.,  3745., 369247, 20220518104500)
 (4527., 4538., 4520., 4522.,  3357., 368779, 20220518110000)
 (4522., 4527., 4514., 4517.,   842., 368774, 20220518111500)
 (4517., 4517., 4497., 4501.,  3978., 369561, 20220518113000)
 (4499., 4520., 4496., 4501.,  6930., 369467, 20220518134500)
 (4501., 4512., 4499., 4512.,  2578., 369734, 20220518140000)
 (4512., 4525., 4504., 4508.,  2273., 369552, 20220518141500)
 (4506., 4509., 4490., 4491.,  2566., 370181, 20220518143000)
 (4491., 4497., 4472., 4474.,  5142., 371748, 20220518144500)
 (4473., 4486., 4461., 4462.,  9179., 375738, 20220518150000)]
2022-05-19 15:30:00  INFO  [(4460., 4464., 4434., 4436., 9713., 376744, 20220518211500)
 (4436., 4440., 4423., 4427., 4762., 377358, 20220518213000)
 (4427., 4439., 4424., 4427., 3128., 377654, 20220518214500)
 (4427., 4441., 4426., 4427., 2267., 378209, 20220518220000)
 (4426., 4435., 4425., 4432., 1709., 377984, 20220518221500)
 (4433., 4435., 4429., 4432., 1038., 378036, 20220518223000)
 (4432., 4434., 4419., 4424., 2125., 378319, 20220518224500)
 (4424., 4431., 4420., 4420., 1420., 378251, 20220518230000)
 (4409., 4419., 4392., 4406., 9193., 380312, 20220519091500)
 (4407., 4419., 4398., 4404., 5423., 380383, 20220519093000)
 (4403., 4417., 4400., 4414., 2128., 380519, 20220519094500)
 (4414., 4448., 4414., 4440., 4496., 380025, 20220519100000)
 (4440., 4460., 4434., 4456., 3897., 379336, 20220519101500)
 (4457., 4469., 4449., 4455., 3776., 378796, 20220519104500)
 (4454., 4464., 4448., 4452., 1845., 379575, 20220519110000)
 (4452., 4465., 4449., 4456., 1739., 379851, 20220519111500)
 (4456., 4478., 4456., 4460., 3320., 379718, 20220519113000)
 (4458., 4462., 4440., 4448., 3586., 379659, 20220519134500)
 (4448., 4460., 4446., 4457., 2349., 379995, 20220519140000)
 (4457., 4483., 4456., 4481., 4250., 379636, 20220519141500)
 (4480., 4502., 4480., 4499., 7727., 378298, 20220519143000)
 (4499., 4499., 4488., 4491., 2715., 378156, 20220519144500)
 (4491., 4498., 4484., 4493., 3422., 377756, 20220519150000)]
2022-05-20 15:30:00  INFO  [(4486., 4493., 4477., 4485., 7067., 376583, 20220519211500)
 (4485., 4504., 4480., 4497., 2968., 376777, 20220519213000)
 (4497., 4512., 4494., 4509., 3387., 377163, 20220519214500)
 (4509., 4510., 4498., 4500., 3697., 378381, 20220519220000)
 (4500., 4502., 4491., 4496., 1790., 378346, 20220519221500)
 (4497., 4508., 4496., 4502., 1706., 378667, 20220519223000)
 (4502., 4511., 4502., 4510., 1646., 378416, 20220519224500)
 (4510., 4513., 4499., 4503., 2675., 378252, 20220519230000)
 (4510., 4540., 4507., 4535., 7397., 378100, 20220520091500)
 (4535., 4562., 4530., 4554., 5783., 377117, 20220520093000)
 (4554., 4558., 4549., 4555., 3622., 376910, 20220520094500)
 (4555., 4565., 4550., 4560., 2102., 376319, 20220520100000)
 (4560., 4561., 4534., 4536., 1955., 376424, 20220520101500)
 (4536., 4544., 4530., 4541., 2735., 376882, 20220520104500)
 (4541., 4549., 4538., 4547.,  886., 376977, 20220520110000)
 (4547., 4551., 4525., 4532., 3826., 378211, 20220520111500)
 (4532., 4545., 4531., 4537., 1308., 377952, 20220520113000)
 (4544., 4553., 4538., 4550., 2171., 377834, 20220520134500)
 (4550., 4550., 4536., 4537., 1327., 377480, 20220520140000)
 (4537., 4546., 4534., 4539., 1167., 377461, 20220520141500)
 (4539., 4547., 4537., 4542., 1712., 377579, 20220520143000)
 (4542., 4548., 4530., 4546., 2565., 377942, 20220520144500)
 (4546., 4554., 4543., 4549., 4477., 377705, 20220520150000)]
2022-05-23 15:30:00  INFO  [(4519., 4587., 4519., 4579., 12505., 377026, 20220520211500)
 (4579., 4590., 4576., 4580.,  3342., 376734, 20220520213000)
 (4580., 4585., 4574., 4580.,  1648., 376564, 20220520214500)
 (4580., 4586., 4575., 4585.,  1834., 376508, 20220520220000)
 (4585., 4592., 4577., 4581.,  2151., 376420, 20220520221500)
 (4581., 4583., 4571., 4572.,  1221., 376303, 20220520223000)
 (4572., 4576., 4555., 4558.,  2738., 376203, 20220520224500)
 (4559., 4563., 4528., 4530.,  4202., 376393, 20220520230000)
 (4559., 4605., 4559., 4565., 19596., 376968, 20220523091500)
 (4565., 4568., 4545., 4563.,  6859., 377255, 20220523093000)
 (4563., 4563., 4547., 4553.,  4364., 377856, 20220523094500)
 (4553., 4566., 4541., 4547.,  5605., 377747, 20220523100000)
 (4547., 4550., 4535., 4543.,  5327., 378683, 20220523101500)
 (4544., 4559., 4539., 4541.,  3387., 378351, 20220523104500)
 (4541., 4547., 4532., 4544.,  1750., 378330, 20220523110000)
 (4544., 4554., 4536., 4548.,  2723., 378096, 20220523111500)
 (4547., 4548., 4506., 4510.,  4879., 379599, 20220523113000)
 (4510., 4517., 4499., 4503.,  4827., 380591, 20220523134500)
 (4503., 4520., 4501., 4510.,  2269., 381027, 20220523140000)
 (4510., 4511., 4489., 4491.,  2376., 381584, 20220523141500)
 (4491., 4497., 4482., 4491.,  3379., 381361, 20220523143000)
 (4491., 4534., 4489., 4532.,  4404., 381145, 20220523144500)
 (4531., 4540., 4515., 4515.,  4149., 380787, 20220523150000)]
2022-05-24 15:30:00  INFO  [(4548., 4548., 4513., 4521., 4147., 381219, 20220523211500)
 (4520., 4524., 4511., 4515., 4014., 382734, 20220523213000)
 (4515., 4531., 4512., 4516., 1889., 382842, 20220523214500)
 (4516., 4520., 4506., 4508., 1548., 382906, 20220523220000)
 (4509., 4516., 4501., 4507., 1808., 383222, 20220523221500)
 (4507., 4529., 4505., 4523., 2317., 383360, 20220523223000)
 (4524., 4527., 4504., 4509., 2713., 383371, 20220523224500)
 (4509., 4512., 4492., 4499., 2157., 383219, 20220523230000)
 (4505., 4510., 4489., 4496., 3308., 383598, 20220524091500)
 (4496., 4509., 4493., 4497., 2217., 383679, 20220524093000)
 (4498., 4506., 4492., 4503., 1138., 383697, 20220524094500)
 (4502., 4507., 4477., 4481., 2320., 384059, 20220524100000)
 (4479., 4486., 4475., 4484., 2306., 384449, 20220524101500)
 (4486., 4509., 4477., 4495., 4130., 383948, 20220524104500)
 (4495., 4496., 4478., 4480., 1631., 384444, 20220524110000)
 (4480., 4487., 4476., 4487., 1813., 384389, 20220524111500)
 (4486., 4490., 4468., 4471., 2659., 384527, 20220524113000)
 (4471., 4471., 4433., 4437., 7728., 386363, 20220524134500)
 (4436., 4448., 4436., 4440., 3303., 386159, 20220524140000)
 (4440., 4451., 4430., 4440., 3038., 386477, 20220524141500)
 (4440., 4446., 4427., 4431., 4242., 386151, 20220524143000)
 (4431., 4433., 4408., 4412., 5048., 387431, 20220524144500)
 (4413., 4414., 4382., 4390., 8034., 389477, 20220524150000)]
2022-05-25 15:30:00  INFO  [(4409., 4409., 4371., 4398., 8109., 391071, 20220524211500)
 (4398., 4410., 4387., 4390., 3521., 390919, 20220524213000)
 (4391., 4405., 4386., 4404., 1945., 390702, 20220524214500)
 (4405., 4422., 4402., 4411., 3505., 390788, 20220524220000)
 (4411., 4412., 4397., 4405., 2283., 390664, 20220524221500)
 (4405., 4413., 4398., 4409., 1286., 390532, 20220524223000)
 (4409., 4413., 4401., 4408.,  743., 390455, 20220524224500)
 (4408., 4422., 4405., 4420., 1685., 390190, 20220524230000)
 (4424., 4441., 4422., 4433., 5402., 389357, 20220525091500)
 (4433., 4438., 4426., 4437., 1511., 389383, 20220525093000)
 (4437., 4439., 4430., 4434., 1546., 389067, 20220525094500)
 (4434., 4458., 4432., 4450., 3316., 388295, 20220525100000)
 (4450., 4459., 4445., 4454., 1592., 388078, 20220525101500)
 (4457., 4464., 4438., 4443., 2705., 387897, 20220525104500)
 (4442., 4445., 4424., 4428., 2656., 388136, 20220525110000)
 (4428., 4435., 4425., 4434., 1116., 388141, 20220525111500)
 (4433., 4434., 4404., 4408., 3131., 388505, 20220525113000)
 (4404., 4419., 4396., 4400., 3882., 388519, 20220525134500)
 (4399., 4405., 4384., 4386., 3136., 389192, 20220525140000)
 (4386., 4397., 4384., 4392., 2574., 389590, 20220525141500)
 (4391., 4398., 4383., 4383., 1629., 389872, 20220525143000)
 (4383., 4429., 4383., 4425., 4558., 389347, 20220525144500)
 (4426., 4465., 4421., 4457., 8325., 387727, 20220525150000)]
2022-05-26 15:30:00  INFO  [(4450., 4450., 4361., 4370., 18366., 386080, 20220525211500)
 (4370., 4383., 4350., 4381., 17420., 392600, 20220525213000)
 (4381., 4405., 4372., 4404.,  6897., 391917, 20220525214500)
 (4404., 4408., 4380., 4404., 10643., 390328, 20220525220000)
 (4404., 4411., 4390., 4399.,  8460., 393289, 20220525221500)
 (4399., 4403., 4391., 4394.,  1034., 393402, 20220525223000)
 (4394., 4400., 4383., 4392.,  2901., 393844, 20220525224500)
 (4392., 4399., 4384., 4388.,  1459., 393627, 20220525230000)
 (4389., 4420., 4387., 4412.,  6934., 392954, 20220526091500)
 (4412., 4417., 4380., 4389.,  3680., 393214, 20220526093000)
 (4389., 4395., 4380., 4386.,  2601., 393299, 20220526094500)
 (4386., 4392., 4365., 4366.,  2973., 393916, 20220526100000)
 (4365., 4408., 4365., 4402.,  3073., 393681, 20220526101500)
 (4408., 4415., 4394., 4400.,  3594., 393725, 20220526104500)
 (4402., 4409., 4397., 4407.,  1500., 393603, 20220526110000)
 (4407., 4408., 4384., 4386.,  2120., 393965, 20220526111500)
 (4387., 4420., 4380., 4419.,  4135., 393847, 20220526113000)
 (4419., 4446., 4414., 4418., 18007., 401721, 20220526134500)
 (4419., 4428., 4410., 4417.,  3680., 402021, 20220526140000)
 (4418., 4421., 4411., 4419.,  1756., 402388, 20220526141500)
 (4418., 4429., 4416., 4423.,  2297., 402545, 20220526143000)
 (4423., 4434., 4412., 4434.,  1994., 402360, 20220526144500)
 (4434., 4444., 4423., 4430.,  3712., 401679, 20220526150000)]
2022-05-27 15:30:00  INFO  [(4427., 4449., 4427., 4443.,  8331., 404508, 20220526211500)
 (4443., 4477., 4443., 4463.,  8546., 403975, 20220526213000)
 (4463., 4468., 4457., 4463.,  3297., 404227, 20220526214500)
 (4463., 4475., 4463., 4473.,  2229., 403913, 20220526220000)
 (4473., 4481., 4463., 4469.,  3591., 403320, 20220526221500)
 (4469., 4474., 4463., 4471.,  1504., 403372, 20220526223000)
 (4471., 4482., 4471., 4479.,  2145., 403272, 20220526224500)
 (4479., 4485., 4474., 4482.,  2298., 403383, 20220526230000)
 (4485., 4502., 4473., 4501.,  6225., 402783, 20220527091500)
 (4502., 4520., 4499., 4508., 10798., 402698, 20220527093000)
 (4509., 4514., 4502., 4512.,  2915., 402625, 20220527094500)
 (4512., 4514., 4495., 4499.,  2336., 402421, 20220527100000)
 (4499., 4517., 4499., 4515.,  1615., 402469, 20220527101500)
 (4515., 4518., 4505., 4512.,  1100., 402472, 20220527104500)
 (4512., 4521., 4505., 4510.,  1415., 402287, 20220527110000)
 (4510., 4519., 4505., 4518.,   770., 402306, 20220527111500)
 (4518., 4528., 4514., 4520.,  2909., 402220, 20220527113000)
 (4519., 4519., 4492., 4496.,  5294., 402433, 20220527134500)
 (4496., 4504., 4488., 4493.,  2682., 402804, 20220527140000)
 (4494., 4501., 4475., 4476.,  2596., 403133, 20220527141500)
 (4476., 4504., 4473., 4498.,  3269., 403189, 20220527143000)
 (4498., 4513., 4494., 4498.,  2512., 403543, 20220527144500)
 (4498., 4510., 4496., 4506.,  2268., 402815, 20220527150000)]
2022-05-30 15:30:00  INFO  [(4510., 4546., 4510., 4544., 13791., 407082, 20220527211500)
 (4544., 4548., 4532., 4534.,  2417., 407051, 20220527213000)
 (4534., 4546., 4534., 4542.,  1790., 406812, 20220527214500)
 (4542., 4553., 4540., 4551.,  2793., 406454, 20220527220000)
 (4551., 4554., 4541., 4549.,  2368., 405962, 20220527221500)
 (4549., 4562., 4545., 4559.,  3373., 405028, 20220527223000)
 (4559., 4560., 4542., 4554.,  6790., 402375, 20220527224500)
 (4553., 4560., 4543., 4552.,  2209., 401725, 20220527230000)
 (4560., 4565., 4531., 4560.,  9668., 401948, 20220530091500)
 (4560., 4562., 4542., 4545.,  3128., 401923, 20220530093000)
 (4544., 4555., 4542., 4552.,  1235., 401992, 20220530094500)
 (4552., 4554., 4533., 4533.,  2759., 402497, 20220530100000)
 (4533., 4555., 4533., 4541.,  3028., 402666, 20220530101500)
 (4541., 4554., 4535., 4545.,  2102., 402708, 20220530104500)
 (4545., 4549., 4533., 4538.,  1323., 402791, 20220530110000)
 (4538., 4538., 4517., 4527.,  4370., 403291, 20220530111500)
 (4527., 4533., 4512., 4514.,  2499., 403447, 20220530113000)
 (4514., 4537., 4514., 4530.,  3679., 403629, 20220530134500)
 (4530., 4534., 4521., 4529.,  1766., 403582, 20220530140000)
 (4529., 4545., 4523., 4542.,  3467., 404007, 20220530141500)
 (4542., 4542., 4528., 4537.,  1746., 404272, 20220530143000)
 (4536., 4543., 4526., 4531.,  2015., 404982, 20220530144500)
 (4531., 4550., 4527., 4545.,  2059., 404279, 20220530150000)]
2022-05-31 15:30:00  INFO  [(4545., 4553., 4530., 4535., 13707., 413760, 20220530211500)
 (4535., 4548., 4534., 4542.,  1083., 413914, 20220530213000)
 (4541., 4556., 4541., 4552.,  2073., 414127, 20220530214500)
 (4551., 4583., 4550., 4581.,  4439., 414688, 20220530220000)
 (4581., 4589., 4568., 4584.,  3735., 414463, 20220530221500)
 (4584., 4595., 4581., 4593.,  3012., 414143, 20220530223000)
 (4593., 4598., 4583., 4591.,  3798., 413748, 20220530224500)
 (4591., 4591., 4582., 4586.,  2377., 413348, 20220530230000)
 (4586., 4601., 4581., 4601.,  6685., 414320, 20220531091500)
 (4600., 4610., 4589., 4590.,  3542., 414214, 20220531093000)
 (4590., 4595., 4582., 4586.,  1916., 414265, 20220531094500)
 (4586., 4593., 4584., 4588.,  2073., 415020, 20220531100000)
 (4588., 4599., 4575., 4592.,  5249., 417182, 20220531101500)
 (4591., 4595., 4580., 4590.,  3695., 418806, 20220531104500)
 (4590., 4593., 4580., 4587.,  1529., 418654, 20220531110000)
 (4587., 4588., 4569., 4569.,  3252., 418200, 20220531111500)
 (4569., 4580., 4565., 4579.,  1800., 418274, 20220531113000)
 (4581., 4593., 4581., 4593.,  2544., 418388, 20220531134500)
 (4593., 4595., 4584., 4587.,  3018., 417703, 20220531140000)
 (4586., 4603., 4585., 4603.,  2547., 417148, 20220531141500)
 (4603., 4606., 4592., 4596.,  2060., 417061, 20220531143000)
 (4596., 4613., 4592., 4593.,  5049., 416354, 20220531144500)
 (4593., 4606., 4581., 4605.,  5674., 416662, 20220531150000)]
2022-06-01 15:30:00  INFO  [(4606., 4619., 4600., 4606., 8482., 417812, 20220531211500)
 (4606., 4609., 4598., 4606., 3932., 417551, 20220531213000)
 (4606., 4606., 4597., 4598., 1318., 417404, 20220531214500)
 (4598., 4606., 4597., 4602., 1300., 417603, 20220531220000)
 (4602., 4607., 4591., 4606., 2477., 417464, 20220531221500)
 (4606., 4619., 4606., 4614., 2473., 417478, 20220531223000)
 (4614., 4619., 4610., 4611., 1305., 417378, 20220531224500)
 (4611., 4615., 4600., 4601., 2779., 416612, 20220531230000)
 (4591., 4600., 4581., 4595., 4957., 416751, 20220601091500)
 (4595., 4606., 4591., 4600., 1775., 416914, 20220601093000)
 (4600., 4600., 4592., 4596., 1458., 417315, 20220601094500)
 (4596., 4607., 4595., 4607., 1076., 417563, 20220601100000)
 (4607., 4637., 4602., 4632., 6382., 416784, 20220601101500)
 (4632., 4653., 4632., 4650., 7365., 415448, 20220601104500)
 (4650., 4651., 4639., 4645., 3936., 414998, 20220601110000)
 (4645., 4647., 4639., 4646., 1317., 415207, 20220601111500)
 (4646., 4655., 4641., 4648., 2400., 415612, 20220601113000)
 (4645., 4649., 4633., 4639., 5900., 416367, 20220601134500)
 (4639., 4644., 4635., 4643., 6205., 411468, 20220601140000)
 (4644., 4650., 4639., 4639., 2089., 411964, 20220601141500)
 (4639., 4644., 4633., 4636., 1916., 412293, 20220601143000)
 (4636., 4643., 4634., 4643., 1207., 412312, 20220601144500)
 (4644., 4646., 4637., 4640., 1866., 412050, 20220601150000)]
2022-06-02 15:30:00  INFO  [(4660., 4660., 4630., 4633., 7332., 414182, 20220601211500)
 (4634., 4643., 4631., 4637., 2787., 414725, 20220601213000)
 (4637., 4644., 4635., 4636., 1624., 414924, 20220601214500)
 (4636., 4643., 4627., 4641., 1681., 414885, 20220601220000)
 (4641., 4647., 4635., 4641., 2169., 414936, 20220601221500)
 (4641., 4641., 4635., 4635.,  409., 414879, 20220601223000)
 (4635., 4643., 4630., 4641., 1148., 414775, 20220601224500)
 (4641., 4647., 4640., 4640., 1702., 414682, 20220601230000)
 (4643., 4643., 4620., 4622., 4987., 414618, 20220602091500)
 (4622., 4630., 4615., 4628., 2840., 414539, 20220602093000)
 (4628., 4643., 4625., 4634., 2894., 413740, 20220602094500)
 (4634., 4635., 4626., 4629., 1238., 413970, 20220602100000)
 (4629., 4630., 4620., 4623.,  865., 413941, 20220602101500)
 (4623., 4636., 4622., 4629., 1622., 413707, 20220602104500)
 (4629., 4632., 4625., 4628., 1217., 414043, 20220602110000)
 (4627., 4636., 4624., 4634., 1426., 414216, 20220602111500)
 (4634., 4665., 4632., 4660., 3960., 414106, 20220602113000)
 (4660., 4671., 4655., 4670., 5122., 414311, 20220602134500)
 (4669., 4697., 4665., 4697., 7095., 413640, 20220602140000)
 (4697., 4704., 4692., 4702., 6273., 413429, 20220602141500)
 (4702., 4714., 4698., 4713., 4850., 413368, 20220602143000)
 (4713., 4716., 4705., 4707., 3689., 413390, 20220602144500)
 (4707., 4718., 4701., 4716., 3360., 413162, 20220602150000)]
2022-06-06 15:30:00  INFO  [(4627., 4636., 4624., 4634.,  1426., 414216, 20220602111500)
 (4634., 4665., 4632., 4660.,  3960., 414106, 20220602113000)
 (4660., 4671., 4655., 4670.,  5122., 414311, 20220602134500)
 (4669., 4697., 4665., 4697.,  7095., 413640, 20220602140000)
 (4697., 4704., 4692., 4702.,  6273., 413429, 20220602141500)
 (4702., 4714., 4698., 4713.,  4850., 413368, 20220602143000)
 (4713., 4716., 4705., 4707.,  3689., 413390, 20220602144500)
 (4707., 4718., 4701., 4716.,  3360., 413162, 20220602150000)
 (4727., 4728., 4695., 4717., 14230., 414145, 20220606091500)
 (4717., 4721., 4687., 4690.,  5860., 413772, 20220606093000)
 (4690., 4700., 4686., 4697.,  4184., 413631, 20220606094500)
 (4697., 4710., 4697., 4701.,  2605., 414254, 20220606100000)
 (4701., 4710., 4697., 4705.,  4014., 414546, 20220606101500)
 (4705., 4714., 4700., 4703.,  2278., 415470, 20220606104500)
 (4703., 4712., 4700., 4704.,  2383., 416222, 20220606110000)
 (4704., 4706., 4688., 4701.,  2223., 416419, 20220606111500)
 (4702., 4721., 4701., 4718.,  1773., 416274, 20220606113000)
 (4713., 4720., 4706., 4716.,  2209., 416110, 20220606134500)
 (4715., 4716., 4704., 4716.,  1142., 415980, 20220606140000)
 (4716., 4718., 4700., 4703.,  1773., 416008, 20220606141500)
 (4703., 4707., 4694., 4699.,  2117., 415485, 20220606143000)
 (4699., 4705., 4691., 4694.,  1224., 415203, 20220606144500)
 (4694., 4695., 4661., 4680.,  5556., 414212, 20220606150000)]
2022-06-07 15:30:00  INFO  [(4685., 4700., 4670., 4694., 7027., 411150, 20220606211500)
 (4694., 4696., 4685., 4693., 1333., 411066, 20220606213000)
 (4693., 4699., 4690., 4698.,  691., 411114, 20220606214500)
 (4699., 4699., 4691., 4692., 1135., 411213, 20220606220000)
 (4692., 4694., 4675., 4677., 1608., 411342, 20220606221500)
 (4677., 4691., 4676., 4690.,  759., 411297, 20220606223000)
 (4690., 4695., 4687., 4694.,  659., 411199, 20220606224500)
 (4694., 4696., 4681., 4687., 1582., 411222, 20220606230000)
 (4687., 4695., 4683., 4694., 3722., 410946, 20220607091500)
 (4694., 4708., 4693., 4702., 2393., 411096, 20220607093000)
 (4702., 4708., 4698., 4700., 2011., 410769, 20220607094500)
 (4700., 4707., 4691., 4693., 1052., 410873, 20220607100000)
 (4693., 4699., 4684., 4686., 1357., 410782, 20220607101500)
 (4689., 4692., 4683., 4687.,  802., 410678, 20220607104500)
 (4687., 4691., 4676., 4680., 1676., 410616, 20220607110000)
 (4680., 4685., 4671., 4671., 1633., 410613, 20220607111500)
 (4671., 4692., 4664., 4687., 2547., 410659, 20220607113000)
 (4682., 4690., 4672., 4680., 3029., 411225, 20220607134500)
 (4680., 4681., 4656., 4657., 3085., 411486, 20220607140000)
 (4657., 4667., 4649., 4650., 2074., 411855, 20220607141500)
 (4650., 4659., 4644., 4658., 2774., 412054, 20220607143000)
 (4658., 4662., 4639., 4641., 3096., 412059, 20220607144500)
 (4641., 4648., 4636., 4647., 3741., 411251, 20220607150000)]
2022-06-08 15:30:00  INFO  [(4648., 4648., 4625., 4635., 7321., 410881, 20220607211500)
 (4635., 4650., 4628., 4649., 2996., 410435, 20220607213000)
 (4649., 4658., 4645., 4650., 2559., 410550, 20220607214500)
 (4651., 4668., 4648., 4666., 2060., 410561, 20220607220000)
 (4666., 4669., 4658., 4661., 1749., 410746, 20220607221500)
 (4661., 4678., 4660., 4678., 1882., 410322, 20220607223000)
 (4678., 4684., 4671., 4679., 1745., 409962, 20220607224500)
 (4679., 4694., 4677., 4690., 3025., 409566, 20220607230000)
 (4688., 4695., 4681., 4690., 5065., 410323, 20220608091500)
 (4690., 4698., 4687., 4696., 1632., 410574, 20220608093000)
 (4697., 4699., 4688., 4689., 1600., 410641, 20220608094500)
 (4689., 4710., 4688., 4704., 3384., 411317, 20220608100000)
 (4704., 4712., 4695., 4700., 2385., 411799, 20220608101500)
 (4701., 4716., 4696., 4700., 2452., 411751, 20220608104500)
 (4700., 4700., 4686., 4692., 2571., 411867, 20220608110000)
 (4690., 4693., 4680., 4681., 2541., 412163, 20220608111500)
 (4681., 4721., 4676., 4685., 6712., 412159, 20220608113000)
 (4684., 4713., 4684., 4712., 5402., 413582, 20220608134500)
 (4712., 4721., 4711., 4716., 3688., 414266, 20220608140000)
 (4716., 4732., 4712., 4725., 4447., 414247, 20220608141500)
 (4725., 4730., 4715., 4719., 2728., 414808, 20220608143000)
 (4720., 4729., 4719., 4719., 1902., 414962, 20220608144500)
 (4719., 4724., 4709., 4724., 2794., 415118, 20220608150000)]
2022-06-09 15:30:00  INFO  [(4724., 4742., 4717., 4739., 9154., 416320, 20220608211500)
 (4739., 4755., 4737., 4754., 5805., 417135, 20220608213000)
 (4754., 4754., 4746., 4747., 2284., 417299, 20220608214500)
 (4747., 4753., 4742., 4747., 1850., 417116, 20220608220000)
 (4747., 4752., 4738., 4739., 1612., 416712, 20220608221500)
 (4740., 4746., 4733., 4736., 2415., 416538, 20220608223000)
 (4736., 4742., 4732., 4735., 1645., 416831, 20220608224500)
 (4735., 4738., 4726., 4734., 1627., 416721, 20220608230000)
 (4736., 4744., 4718., 4733., 2410., 416975, 20220609091500)
 (4733., 4744., 4727., 4735., 2283., 416262, 20220609093000)
 (4735., 4738., 4720., 4722., 1772., 416137, 20220609094500)
 (4723., 4731., 4717., 4727., 1358., 416198, 20220609100000)
 (4727., 4731., 4715., 4719., 2326., 416234, 20220609101500)
 (4719., 4725., 4710., 4719., 2727., 416031, 20220609104500)
 (4719., 4730., 4707., 4730., 1481., 415875, 20220609110000)
 (4730., 4738., 4718., 4719., 2975., 415403, 20220609111500)
 (4719., 4721., 4701., 4705., 2184., 415460, 20220609113000)
 (4700., 4716., 4688., 4713., 9482., 413874, 20220609134500)
 (4713., 4721., 4700., 4703., 4717., 412376, 20220609140000)
 (4704., 4714., 4700., 4703., 2561., 412125, 20220609141500)
 (4703., 4712., 4697., 4707., 2568., 412529, 20220609143000)
 (4707., 4715., 4699., 4713., 2802., 412516, 20220609144500)
 (4713., 4719., 4700., 4713., 3947., 411955, 20220609150000)]
2022-06-10 15:30:00  INFO  [(4705., 4714., 4697., 4713., 7039., 409850, 20220609211500)
 (4713., 4725., 4710., 4722., 2606., 409501, 20220609213000)
 (4722., 4729., 4716., 4721., 2514., 409930, 20220609214500)
 (4721., 4724., 4714., 4714., 1243., 409708, 20220609220000)
 (4714., 4717., 4705., 4708., 1848., 409663, 20220609221500)
 (4707., 4711., 4699., 4706., 1854., 409666, 20220609223000)
 (4704., 4715., 4701., 4707., 1078., 409828, 20220609224500)
 (4707., 4712., 4695., 4697., 1997., 410206, 20220609230000)
 (4697., 4697., 4677., 4680., 5342., 410821, 20220610091500)
 (4680., 4686., 4668., 4671., 2971., 411137, 20220610093000)
 (4671., 4698., 4669., 4694., 1658., 410829, 20220610094500)
 (4695., 4698., 4681., 4683., 1702., 410959, 20220610100000)
 (4683., 4708., 4681., 4704., 2782., 410668, 20220610101500)
 (4705., 4711., 4700., 4707., 2481., 410528, 20220610104500)
 (4707., 4713., 4701., 4713., 1668., 410561, 20220610110000)
 (4714., 4725., 4710., 4725., 2426., 410401, 20220610111500)
 (4725., 4725., 4707., 4711., 1466., 410373, 20220610113000)
 (4711., 4717., 4702., 4707., 2048., 409974, 20220610134500)
 (4707., 4711., 4695., 4707., 1849., 409807, 20220610140000)
 (4707., 4722., 4700., 4722., 1587., 409990, 20220610141500)
 (4721., 4738., 4714., 4737., 4949., 411125, 20220610143000)
 (4739., 4756., 4731., 4756., 9382., 411713, 20220610144500)
 (4755., 4757., 4715., 4722., 6880., 411531, 20220610150000)]
2022-06-13 15:30:00  INFO  [(4720., 4720., 4701., 4714.,  9072., 413015, 20220610211500)
 (4714., 4714., 4693., 4697.,  2467., 413532, 20220610213000)
 (4697., 4703., 4692., 4701.,  2762., 413814, 20220610214500)
 (4701., 4703., 4690., 4695.,  2194., 413653, 20220610220000)
 (4696., 4699., 4686., 4688.,  1502., 413935, 20220610221500)
 (4688., 4690., 4681., 4684.,  1599., 414258, 20220610223000)
 (4684., 4685., 4657., 4661.,  4759., 414749, 20220610224500)
 (4660., 4684., 4657., 4666.,  4377., 414998, 20220610230000)
 (4650., 4650., 4609., 4616., 18739., 415441, 20220613091500)
 (4617., 4640., 4612., 4628.,  6937., 414403, 20220613093000)
 (4628., 4641., 4627., 4630.,  3078., 414423, 20220613094500)
 (4630., 4644., 4627., 4630.,  3572., 415307, 20220613100000)
 (4631., 4640., 4625., 4625.,  3081., 415921, 20220613101500)
 (4625., 4633., 4615., 4619.,  5048., 417627, 20220613104500)
 (4618., 4630., 4616., 4623.,  2410., 417854, 20220613110000)
 (4623., 4625., 4612., 4616.,  1387., 417770, 20220613111500)
 (4616., 4618., 4607., 4609.,  2435., 418093, 20220613113000)
 (4609., 4616., 4602., 4605.,  4587., 419778, 20220613134500)
 (4605., 4625., 4603., 4621.,  3220., 419937, 20220613140000)
 (4621., 4625., 4613., 4618.,  2301., 419666, 20220613141500)
 (4618., 4632., 4612., 4625.,  3455., 420046, 20220613143000)
 (4625., 4632., 4621., 4628.,  4511., 418423, 20220613144500)
 (4629., 4638., 4629., 4634.,  4240., 416720, 20220613150000)]
2022-06-14 15:30:00  INFO  [(4625., 4643., 4619., 4640., 12692., 418187, 20220613211500)
 (4640., 4650., 4632., 4645.,  3177., 419017, 20220613213000)
 (4645., 4653., 4641., 4650.,  5937., 421289, 20220613214500)
 (4650., 4673., 4650., 4669.,  6045., 423152, 20220613220000)
 (4669., 4670., 4651., 4653.,  4831., 424587, 20220613221500)
 (4653., 4659., 4638., 4640.,  4487., 425885, 20220613223000)
 (4640., 4641., 4627., 4631.,  3767., 426212, 20220613224500)
 (4631., 4634., 4620., 4621.,  3277., 426345, 20220613230000)
 (4624., 4632., 4612., 4615.,  5255., 427577, 20220614091500)
 (4616., 4629., 4612., 4623.,  5302., 430145, 20220614093000)
 (4621., 4626., 4609., 4612.,  2146., 430227, 20220614094500)
 (4613., 4615., 4598., 4600.,  4098., 431257, 20220614100000)
 (4600., 4622., 4599., 4614.,  2939., 431565, 20220614101500)
 (4614., 4614., 4602., 4605.,  3365., 432670, 20220614104500)
 (4606., 4611., 4597., 4607.,  2097., 433039, 20220614110000)
 (4607., 4607., 4580., 4582.,  8079., 433838, 20220614111500)
 (4582., 4593., 4568., 4575.,  6254., 434788, 20220614113000)
 (4575., 4591., 4567., 4571.,  7738., 435331, 20220614134500)
 (4571., 4585., 4568., 4576.,  5968., 436828, 20220614140000)
 (4576., 4594., 4575., 4590.,  5358., 437613, 20220614141500)
 (4590., 4603., 4590., 4600.,  3741., 437931, 20220614143000)
 (4601., 4608., 4597., 4604.,  3917., 438033, 20220614144500)
 (4604., 4616., 4571., 4577.,  7018., 438263, 20220614150000)]
2022-06-15 15:30:00  INFO  [(4577., 4581., 4564., 4564.,  8604., 440493, 20220614211500)
 (4564., 4572., 4547., 4547.,  7402., 441670, 20220614213000)
 (4547., 4552., 4541., 4545., 10884., 442285, 20220614214500)
 (4543., 4559., 4543., 4550.,  4481., 442265, 20220614220000)
 (4550., 4564., 4548., 4557.,  3110., 442249, 20220614221500)
 (4558., 4566., 4550., 4550.,  2207., 442345, 20220614223000)
 (4550., 4563., 4550., 4554.,  1981., 442924, 20220614224500)
 (4554., 4566., 4552., 4557.,  2213., 442774, 20220614230000)
 (4557., 4578., 4549., 4574.,  7643., 443484, 20220615091500)
 (4576., 4576., 4560., 4561.,  3103., 443521, 20220615093000)
 (4561., 4579., 4560., 4576.,  2715., 443817, 20220615094500)
 (4576., 4593., 4573., 4590.,  5923., 444910, 20220615100000)
 (4590., 4598., 4564., 4595.,  9049., 446898, 20220615101500)
 (4596., 4604., 4591., 4598.,  4853., 447081, 20220615104500)
 (4598., 4608., 4595., 4595.,  4448., 447551, 20220615110000)
 (4594., 4601., 4582., 4586.,  2789., 448074, 20220615111500)
 (4586., 4594., 4569., 4585.,  5883., 447844, 20220615113000)
 (4583., 4594., 4570., 4592.,  5433., 446809, 20220615134500)
 (4592., 4601., 4584., 4600.,  4158., 446894, 20220615140000)
 (4600., 4600., 4563., 4565.,  4588., 446842, 20220615141500)
 (4565., 4572., 4520., 4522., 35942., 437831, 20220615143000)
 (4523., 4528., 4506., 4521., 21499., 430920, 20220615144500)
 (4520., 4528., 4510., 4520., 13020., 426829, 20220615150000)]
2022-06-16 15:30:00  INFO  [(4520., 4541., 4520., 4532., 10066., 428639, 20220615211500)
 (4531., 4538., 4529., 4532.,  1997., 428473, 20220615213000)
 (4532., 4541., 4524., 4541.,  3511., 428821, 20220615214500)
 (4541., 4546., 4538., 4543.,  2218., 428189, 20220615220000)
 (4543., 4543., 4532., 4534.,  2341., 428334, 20220615221500)
 (4534., 4544., 4532., 4541.,  1829., 428248, 20220615223000)
 (4541., 4545., 4536., 4543.,  1814., 428070, 20220615224500)
 (4544., 4547., 4536., 4546.,  1816., 427702, 20220615230000)
 (4552., 4561., 4548., 4550.,  6017., 428762, 20220616091500)
 (4550., 4550., 4534., 4536.,  3202., 429460, 20220616093000)
 (4536., 4537., 4511., 4520., 18384., 423864, 20220616094500)
 (4520., 4534., 4520., 4523.,  2902., 423572, 20220616100000)
 (4523., 4528., 4520., 4522.,  1622., 423619, 20220616101500)
 (4522., 4523., 4509., 4520.,  6250., 422569, 20220616104500)
 (4521., 4527., 4507., 4508.,  4183., 423088, 20220616110000)
 (4508., 4512., 4480., 4482., 15201., 421233, 20220616111500)
 (4483., 4500., 4482., 4489.,  9919., 416807, 20220616113000)
 (4488., 4492., 4463., 4465.,  7848., 416089, 20220616134500)
 (4466., 4470., 4459., 4462.,  5900., 416501, 20220616140000)
 (4462., 4470., 4452., 4456.,  6029., 416118, 20220616141500)
 (4456., 4473., 4450., 4456.,  8836., 414645, 20220616143000)
 (4456., 4461., 4451., 4454.,  4048., 414959, 20220616144500)
 (4454., 4473., 4454., 4461.,  3835., 414898, 20220616150000)]
2022-06-17 15:30:00  INFO  [(4450., 4450., 4402., 4407., 17608., 413032, 20220616211500)
 (4407., 4412., 4364., 4370., 13781., 414606, 20220616213000)
 (4370., 4376., 4346., 4349.,  9480., 414482, 20220616214500)
 (4349., 4356., 4323., 4338.,  9681., 414803, 20220616220000)
 (4338., 4368., 4332., 4360., 10357., 414844, 20220616221500)
 (4359., 4392., 4357., 4388.,  6771., 414910, 20220616223000)
 (4388., 4396., 4375., 4376.,  4095., 414150, 20220616224500)
 (4376., 4381., 4363., 4377.,  2691., 413514, 20220616230000)
 (4379., 4396., 4370., 4395.,  7459., 414076, 20220617091500)
 (4395., 4396., 4381., 4389.,  4505., 415657, 20220617093000)
 (4389., 4398., 4384., 4393.,  3824., 415226, 20220617094500)
 (4393., 4398., 4386., 4391.,  2939., 415072, 20220617100000)
 (4391., 4394., 4372., 4377.,  3699., 414347, 20220617101500)
 (4378., 4385., 4372., 4379.,  1836., 414065, 20220617104500)
 (4379., 4384., 4373., 4375.,  1048., 414015, 20220617110000)
 (4374., 4377., 4351., 4360.,  4352., 413837, 20220617111500)
 (4360., 4367., 4350., 4357.,  2548., 414085, 20220617113000)
 (4358., 4360., 4336., 4352.,  8462., 413517, 20220617134500)
 (4352., 4375., 4346., 4348.,  3519., 413593, 20220617140000)
 (4348., 4351., 4337., 4340.,  4091., 413455, 20220617141500)
 (4340., 4352., 4332., 4336.,  3788., 414309, 20220617143000)
 (4336., 4350., 4332., 4334.,  3152., 414652, 20220617144500)
 (4334., 4336., 4313., 4317.,  7269., 415250, 20220617150000)]
2022-06-20 15:30:00  INFO  [(4300., 4324., 4289., 4292., 13810., 415186, 20220617211500)
 (4292., 4314., 4292., 4313.,  5330., 415820, 20220617213000)
 (4312., 4327., 4309., 4317.,  9544., 418952, 20220617214500)
 (4318., 4322., 4308., 4308.,  2722., 418737, 20220617220000)
 (4308., 4312., 4302., 4310.,  1984., 418914, 20220617221500)
 (4310., 4312., 4291., 4294.,  2659., 419258, 20220617223000)
 (4294., 4299., 4279., 4281.,  5026., 420678, 20220617224500)
 (4282., 4285., 4256., 4259.,  5866., 421669, 20220617230000)
 (4187., 4195., 4147., 4165., 42716., 425714, 20220620091500)
 (4165., 4168., 4095., 4106., 19621., 427036, 20220620093000)
 (4106., 4123., 4091., 4105., 12010., 429248, 20220620094500)
 (4105., 4112., 4060., 4076.,  9348., 431163, 20220620100000)
 (4075., 4087., 4045., 4045.,  7109., 432443, 20220620101500)
 (4044., 4105., 4043., 4104., 16772., 430794, 20220620104500)
 (4104., 4114., 4090., 4091.,  8176., 430396, 20220620110000)
 (4091., 4095., 4073., 4085.,  4888., 431384, 20220620111500)
 (4085., 4102., 4079., 4097.,  3689., 431575, 20220620113000)
 (4100., 4120., 4079., 4118.,  8234., 430901, 20220620134500)
 (4119., 4150., 4110., 4140., 11797., 428036, 20220620140000)
 (4140., 4140., 4095., 4098.,  5648., 427429, 20220620141500)
 (4098., 4111., 4077., 4086.,  4547., 427528, 20220620143000)
 (4086., 4122., 4062., 4105., 16986., 427188, 20220620144500)
 (4105., 4134., 4099., 4121., 11799., 425986, 20220620150000)]
2022-06-21 15:30:00  INFO  [(4100., 4133., 4089., 4104., 14376., 426084, 20220620211500)
 (4104., 4126., 4103., 4108.,  8044., 425566, 20220620213000)
 (4108., 4113., 4091., 4096.,  8028., 423855, 20220620214500)
 (4097., 4099., 4078., 4082.,  4185., 423815, 20220620220000)
 (4083., 4096., 4064., 4067.,  4753., 423182, 20220620221500)
 (4068., 4083., 4065., 4076.,  6878., 423069, 20220620223000)
 (4076., 4138., 4075., 4130., 15386., 427996, 20220620224500)
 (4129., 4150., 4122., 4133., 23668., 435734, 20220620230000)
 (4147., 4179., 4147., 4174., 21565., 439723, 20220621091500)
 (4174., 4206., 4170., 4203., 15140., 442142, 20220621093000)
 (4204., 4212., 4191., 4198., 15422., 444980, 20220621094500)
 (4198., 4221., 4198., 4209.,  7795., 443310, 20220621100000)
 (4209., 4222., 4186., 4193.,  8731., 440710, 20220621101500)
 (4193., 4195., 4175., 4182.,  5815., 439840, 20220621104500)
 (4182., 4195., 4178., 4183.,  2169., 439537, 20220621110000)
 (4183., 4189., 4160., 4173.,  4737., 439497, 20220621111500)
 (4172., 4191., 4165., 4189.,  4167., 439334, 20220621113000)
 (4189., 4196., 4168., 4172.,  5626., 439764, 20220621134500)
 (4172., 4187., 4160., 4175.,  3964., 439903, 20220621140000)
 (4175., 4185., 4171., 4182.,  1703., 439998, 20220621141500)
 (4182., 4193., 4174., 4189.,  3346., 440429, 20220621143000)
 (4189., 4199., 4182., 4186.,  2968., 440431, 20220621144500)
 (4186., 4189., 4173., 4188.,  4165., 440382, 20220621150000)]
2022-06-22 15:30:00  INFO  [(4210., 4216., 4188., 4189., 15381., 439496, 20220621211500)
 (4189., 4199., 4182., 4192.,  4801., 439694, 20220621213000)
 (4192., 4204., 4189., 4198.,  3303., 439258, 20220621214500)
 (4197., 4200., 4189., 4191.,  1758., 438892, 20220621220000)
 (4192., 4200., 4187., 4198.,  2536., 439006, 20220621221500)
 (4198., 4201., 4194., 4198.,  1942., 438928, 20220621223000)
 (4198., 4208., 4195., 4206.,  2263., 438673, 20220621224500)
 (4206., 4219., 4176., 4180.,  5065., 438415, 20220621230000)
 (4176., 4179., 4148., 4164., 10348., 438688, 20220622091500)
 (4164., 4170., 4160., 4161.,  2739., 439015, 20220622093000)
 (4161., 4163., 4131., 4135., 10170., 440167, 20220622094500)
 (4135., 4142., 4111., 4113.,  9188., 441264, 20220622100000)
 (4114., 4122., 4090., 4095.,  8752., 442368, 20220622101500)
 (4096., 4123., 4092., 4107.,  8877., 442284, 20220622104500)
 (4107., 4113., 4094., 4096.,  5646., 443308, 20220622110000)
 (4096., 4107., 4081., 4088.,  7249., 444030, 20220622111500)
 (4088., 4107., 4086., 4104.,  4384., 444179, 20220622113000)
 (4106., 4138., 4101., 4120.,  9134., 445470, 20220622134500)
 (4120., 4127., 4105., 4107.,  3699., 445745, 20220622140000)
 (4108., 4111., 4094., 4097.,  4283., 445822, 20220622141500)
 (4097., 4103., 4087., 4094.,  3913., 446748, 20220622143000)
 (4094., 4098., 4082., 4085.,  4285., 446931, 20220622144500)
 (4085., 4109., 4063., 4096., 11028., 447560, 20220622150000)]
2022-06-23 15:30:00  INFO  [(4108., 4123., 4099., 4108., 20381., 440263, 20220622211500)
 (4108., 4139., 4108., 4134.,  8384., 440783, 20220622213000)
 (4134., 4153., 4117., 4129., 21014., 446004, 20220622214500)
 (4129., 4140., 4126., 4136.,  6576., 446889, 20220622220000)
 (4136., 4142., 4126., 4138.,  4417., 447772, 20220622221500)
 (4138., 4140., 4125., 4131.,  2684., 447982, 20220622223000)
 (4132., 4140., 4128., 4134.,  2544., 448085, 20220622224500)
 (4134., 4154., 4133., 4149.,  2828., 447866, 20220622230000)
 (4146., 4150., 4128., 4131.,  8716., 448142, 20220623091500)
 (4130., 4135., 4117., 4122.,  5838., 447509, 20220623093000)
 (4123., 4129., 4110., 4115.,  5202., 447785, 20220623094500)
 (4116., 4127., 4115., 4122.,  4521., 447261, 20220623100000)
 (4122., 4135., 4109., 4110.,  4457., 446806, 20220623101500)
 (4111., 4111., 4092., 4098.,  8852., 447036, 20220623104500)
 (4098., 4121., 4098., 4102.,  5277., 447198, 20220623110000)
 (4102., 4116., 4097., 4115.,  3194., 447333, 20220623111500)
 (4115., 4159., 4108., 4152.,  8009., 446421, 20220623113000)
 (4160., 4201., 4160., 4184., 17830., 446653, 20220623134500)
 (4185., 4192., 4161., 4192.,  6646., 447386, 20220623140000)
 (4192., 4225., 4184., 4223., 22287., 453666, 20220623141500)
 (4223., 4228., 4199., 4201., 12990., 457380, 20220623143000)
 (4200., 4217., 4197., 4204.,  5780., 457748, 20220623144500)
 (4204., 4211., 4193., 4206.,  4764., 457497, 20220623150000)]
2022-06-24 15:30:00  INFO  [(4230., 4242., 4210., 4223., 12294., 456859, 20220623211500)
 (4223., 4232., 4217., 4229.,  4848., 456120, 20220623213000)
 (4229., 4240., 4224., 4227.,  4684., 455453, 20220623214500)
 (4226., 4227., 4202., 4210.,  6801., 455844, 20220623220000)
 (4210., 4213., 4198., 4198.,  4142., 456197, 20220623221500)
 (4198., 4219., 4197., 4217.,  2749., 455690, 20220623223000)
 (4215., 4220., 4202., 4204.,  2585., 455298, 20220623224500)
 (4204., 4206., 4188., 4202.,  4085., 454875, 20220623230000)
 (4198., 4210., 4185., 4207.,  7521., 454483, 20220624091500)
 (4208., 4215., 4197., 4208.,  6521., 455676, 20220624093000)
 (4208., 4212., 4194., 4201.,  4562., 455983, 20220624094500)
 (4201., 4205., 4178., 4180.,  7198., 456478, 20220624100000)
 (4180., 4207., 4178., 4197.,  6863., 455638, 20220624101500)
 (4197., 4202., 4184., 4186.,  5226., 455396, 20220624104500)
 (4186., 4199., 4176., 4194.,  4288., 455982, 20220624110000)
 (4194., 4206., 4192., 4193.,  3817., 455899, 20220624111500)
 (4194., 4200., 4162., 4176.,  5730., 455764, 20220624113000)
 (4172., 4210., 4172., 4208.,  8830., 454883, 20220624134500)
 (4208., 4211., 4183., 4189.,  4810., 453848, 20220624140000)
 (4190., 4196., 4170., 4172.,  4988., 453152, 20220624141500)
 (4172., 4182., 4167., 4173.,  2176., 453152, 20220624143000)
 (4173., 4183., 4164., 4173.,  3094., 453255, 20220624144500)
 (4173., 4178., 4160., 4162.,  4810., 454552, 20220624150000)]
2022-06-27 15:30:00  INFO  [(4170., 4193., 4165., 4188., 11271., 451950, 20220624211500)
 (4188., 4190., 4166., 4168.,  4154., 452302, 20220624213000)
 (4168., 4182., 4165., 4169.,  3295., 452207, 20220624214500)
 (4169., 4169., 4122., 4132., 11212., 452321, 20220624220000)
 (4132., 4183., 4132., 4173.,  8156., 452613, 20220624221500)
 (4173., 4191., 4169., 4189.,  5319., 453216, 20220624223000)
 (4189., 4205., 4180., 4202.,  5065., 453297, 20220624224500)
 (4202., 4247., 4200., 4234., 13748., 453934, 20220624230000)
 (4250., 4267., 4244., 4255., 15433., 451969, 20220627091500)
 (4255., 4263., 4251., 4263.,  4297., 452161, 20220627093000)
 (4263., 4265., 4240., 4246.,  6204., 452825, 20220627094500)
 (4245., 4249., 4233., 4247.,  5256., 453483, 20220627100000)
 (4248., 4255., 4239., 4244.,  2726., 453575, 20220627101500)
 (4242., 4250., 4233., 4235.,  2654., 453983, 20220627104500)
 (4237., 4245., 4228., 4236.,  2958., 454286, 20220627110000)
 (4236., 4242., 4227., 4237.,  1927., 454405, 20220627111500)
 (4235., 4244., 4219., 4225.,  3711., 454550, 20220627113000)
 (4225., 4239., 4218., 4238.,  3425., 454864, 20220627134500)
 (4237., 4246., 4233., 4244.,  4489., 456060, 20220627140000)
 (4244., 4252., 4234., 4245.,  2578., 456387, 20220627141500)
 (4245., 4247., 4228., 4234.,  2592., 456578, 20220627143000)
 (4234., 4248., 4234., 4244.,  2162., 456603, 20220627144500)
 (4244., 4247., 4230., 4241.,  2927., 456118, 20220627150000)]
2022-06-28 15:30:00  INFO  [(4245., 4260., 4241., 4251., 20954., 450096, 20220627211500)
 (4252., 4252., 4237., 4246.,  3867., 450046, 20220627213000)
 (4246., 4248., 4232., 4235.,  2628., 449997, 20220627214500)
 (4235., 4239., 4226., 4229.,  2525., 450276, 20220627220000)
 (4229., 4246., 4224., 4227.,  4363., 450898, 20220627221500)
 (4227., 4234., 4225., 4233.,  2369., 451321, 20220627223000)
 (4233., 4244., 4229., 4243.,  3266., 451821, 20220627224500)
 (4243., 4246., 4230., 4234.,  2656., 451716, 20220627230000)
 (4235., 4249., 4232., 4242.,  4223., 451800, 20220628091500)
 (4242., 4245., 4233., 4236.,  3723., 452046, 20220628093000)
 (4236., 4236., 4221., 4228.,  4014., 451439, 20220628094500)
 (4228., 4228., 4213., 4215.,  2715., 451734, 20220628100000)
 (4215., 4242., 4214., 4234.,  7333., 450640, 20220628101500)
 (4233., 4242., 4220., 4222.,  7047., 448969, 20220628104500)
 (4222., 4245., 4222., 4240.,  6316., 447070, 20220628110000)
 (4240., 4249., 4233., 4239.,  3476., 447342, 20220628111500)
 (4239., 4243., 4215., 4227.,  4328., 447415, 20220628113000)
 (4228., 4261., 4228., 4248.,  8727., 447200, 20220628134500)
 (4248., 4259., 4245., 4259.,  2286., 446980, 20220628140000)
 (4257., 4281., 4257., 4281.,  6753., 446378, 20220628141500)
 (4281., 4289., 4278., 4287.,  5179., 446568, 20220628143000)
 (4287., 4296., 4282., 4288.,  7060., 447565, 20220628144500)
 (4289., 4298., 4285., 4297.,  5326., 446588, 20220628150000)]
2022-06-29 15:30:00  INFO  [(4300., 4315., 4298., 4309., 13513., 449518, 20220628211500)
 (4310., 4319., 4308., 4315.,  3932., 448807, 20220628213000)
 (4316., 4318., 4308., 4315.,  2765., 448291, 20220628214500)
 (4315., 4317., 4309., 4314.,  2202., 448317, 20220628220000)
 (4313., 4314., 4304., 4306.,  3098., 448520, 20220628221500)
 (4306., 4313., 4286., 4294.,  5517., 448520, 20220628223000)
 (4294., 4303., 4282., 4300.,  5751., 447958, 20220628224500)
 (4300., 4306., 4291., 4303.,  3255., 447962, 20220628230000)
 (4300., 4304., 4287., 4290.,  5818., 448423, 20220629091500)
 (4290., 4305., 4289., 4296.,  2337., 448877, 20220629093000)
 (4296., 4305., 4294., 4296.,  2390., 448719, 20220629094500)
 (4296., 4306., 4295., 4306.,  5506., 449207, 20220629100000)
 (4306., 4324., 4305., 4320.,  9113., 450759, 20220629101500)
 (4317., 4331., 4313., 4323.,  5902., 450483, 20220629104500)
 (4322., 4326., 4303., 4304.,  3011., 450739, 20220629110000)
 (4304., 4311., 4300., 4302.,  2734., 450753, 20220629111500)
 (4302., 4310., 4295., 4301.,  2714., 451268, 20220629113000)
 (4311., 4338., 4292., 4315., 13837., 452619, 20220629134500)
 (4315., 4335., 4313., 4334.,  7155., 452933, 20220629140000)
 (4334., 4342., 4325., 4341.,  7450., 452523, 20220629141500)
 (4339., 4358., 4331., 4356.,  8185., 453543, 20220629143000)
 (4356., 4356., 4305., 4313., 12274., 456290, 20220629144500)
 (4313., 4323., 4303., 4305.,  9657., 458224, 20220629150000)]
2022-06-30 15:30:00  INFO  [(4353., 4353., 4325., 4333., 15205., 462842, 20220629211500)
 (4333., 4339., 4317., 4320.,  3984., 463653, 20220629213000)
 (4320., 4333., 4315., 4329.,  2800., 463882, 20220629214500)
 (4330., 4338., 4327., 4333.,  2861., 464519, 20220629220000)
 (4333., 4343., 4330., 4332.,  3935., 463388, 20220629221500)
 (4332., 4342., 4327., 4338.,  2746., 462755, 20220629223000)
 (4338., 4340., 4326., 4336.,  2235., 462660, 20220629224500)
 (4336., 4343., 4333., 4339.,  1650., 462402, 20220629230000)
 (4336., 4341., 4320., 4337.,  8218., 463277, 20220630091500)
 (4337., 4339., 4326., 4326.,  3094., 463112, 20220630093000)
 (4326., 4331., 4316., 4317.,  3241., 463352, 20220630094500)
 (4317., 4329., 4314., 4323.,  3190., 463594, 20220630100000)
 (4323., 4332., 4310., 4313.,  4719., 464156, 20220630101500)
 (4316., 4327., 4315., 4316.,  3063., 463979, 20220630104500)
 (4316., 4316., 4296., 4311.,  6809., 464174, 20220630110000)
 (4310., 4312., 4273., 4294.,  8386., 464920, 20220630111500)
 (4294., 4327., 4287., 4318.,  8673., 464474, 20220630113000)
 (4320., 4336., 4310., 4319., 14042., 464758, 20220630134500)
 (4319., 4320., 4288., 4300.,  9414., 466062, 20220630140000)
 (4299., 4323., 4298., 4320.,  4762., 466432, 20220630141500)
 (4320., 4341., 4316., 4333.,  5793., 467164, 20220630143000)
 (4333., 4336., 4320., 4329.,  7111., 468589, 20220630144500)
 (4329., 4330., 4294., 4315.,  7909., 467901, 20220630150000)]
2022-07-01 15:30:00  INFO  [(4291., 4297., 4246., 4247., 25013., 467899, 20220630211500)
 (4248., 4266., 4243., 4264.,  7123., 469413, 20220630213000)
 (4264., 4280., 4259., 4276.,  5660., 469017, 20220630214500)
 (4276., 4279., 4262., 4266.,  2279., 469069, 20220630220000)
 (4266., 4279., 4262., 4271.,  2673., 469462, 20220630221500)
 (4271., 4276., 4262., 4268.,  2481., 469216, 20220630223000)
 (4268., 4273., 4259., 4259.,  3159., 468872, 20220630224500)
 (4259., 4271., 4247., 4255.,  4280., 468483, 20220630230000)
 (4254., 4278., 4252., 4277.,  8306., 469019, 20220701091500)
 (4277., 4281., 4263., 4265.,  3594., 468681, 20220701093000)
 (4265., 4285., 4254., 4283.,  4848., 468839, 20220701094500)
 (4283., 4296., 4279., 4294.,  4101., 468781, 20220701100000)
 (4294., 4315., 4291., 4302.,  8024., 468365, 20220701101500)
 (4303., 4304., 4290., 4297.,  3059., 468593, 20220701104500)
 (4296., 4304., 4276., 4286.,  3245., 468538, 20220701110000)
 (4286., 4293., 4278., 4282.,  4264., 468193, 20220701111500)
 (4282., 4292., 4261., 4270.,  4337., 467902, 20220701113000)
 (4265., 4265., 4231., 4235., 13701., 469467, 20220701134500)
 (4235., 4243., 4216., 4219.,  9770., 469360, 20220701140000)
 (4219., 4253., 4217., 4238.,  7231., 469581, 20220701141500)
 (4238., 4242., 4218., 4228.,  5551., 470556, 20220701143000)
 (4228., 4241., 4225., 4228.,  3089., 470458, 20220701144500)
 (4228., 4229., 4214., 4218.,  6711., 469772, 20220701150000)]
2022-07-04 15:30:00  INFO  [(4235., 4255., 4221., 4253., 15489., 473466, 20220701211500)
 (4253., 4269., 4250., 4261., 11244., 476312, 20220701213000)
 (4260., 4268., 4244., 4247.,  5017., 476367, 20220701214500)
 (4247., 4256., 4239., 4245.,  3142., 476557, 20220701220000)
 (4245., 4249., 4231., 4239.,  4245., 476866, 20220701221500)
 (4239., 4252., 4232., 4234.,  3605., 477380, 20220701223000)
 (4232., 4233., 4202., 4211.,  7568., 478400, 20220701224500)
 (4211., 4226., 4181., 4184.,  7878., 477906, 20220701230000)
 (4156., 4163., 4116., 4132., 25126., 480603, 20220704091500)
 (4132., 4145., 4117., 4127.,  9608., 481185, 20220704093000)
 (4127., 4139., 4120., 4137.,  4124., 481230, 20220704094500)
 (4137., 4159., 4135., 4154., 10251., 479984, 20220704100000)
 (4153., 4160., 4139., 4155.,  3920., 479782, 20220704101500)
 (4154., 4161., 4136., 4138.,  4089., 479643, 20220704104500)
 (4137., 4145., 4131., 4133.,  2948., 479629, 20220704110000)
 (4133., 4146., 4132., 4141.,  3714., 478720, 20220704111500)
 (4142., 4146., 4130., 4140.,  6506., 475490, 20220704113000)
 (4138., 4155., 4127., 4141.,  4533., 476061, 20220704134500)
 (4141., 4146., 4127., 4131.,  4420., 476572, 20220704140000)
 (4131., 4141., 4123., 4127.,  5156., 476071, 20220704141500)
 (4127., 4141., 4124., 4127.,  3794., 475599, 20220704143000)
 (4128., 4138., 4126., 4128.,  2320., 474865, 20220704144500)
 (4128., 4135., 4116., 4128.,  4670., 474285, 20220704150000)]
2022-07-05 15:30:00  INFO  [(4139., 4145., 4119., 4123.,  8351., 475493, 20220704211500)
 (4123., 4133., 4118., 4124.,  3634., 475673, 20220704213000)
 (4124., 4126., 4088., 4094.,  8266., 476530, 20220704214500)
 (4094., 4104., 4081., 4086.,  6099., 477019, 20220704220000)
 (4085., 4124., 4077., 4118.,  7818., 476981, 20220704221500)
 (4118., 4155., 4113., 4138.,  8293., 476545, 20220704223000)
 (4138., 4170., 4136., 4170.,  6933., 476177, 20220704224500)
 (4170., 4175., 4134., 4152., 11108., 478657, 20220704230000)
 (4161., 4179., 4154., 4163.,  9078., 478993, 20220705091500)
 (4163., 4164., 4145., 4146.,  5472., 479538, 20220705093000)
 (4146., 4152., 4139., 4142.,  4329., 480106, 20220705094500)
 (4142., 4170., 4142., 4166.,  3613., 480631, 20220705100000)
 (4167., 4170., 4152., 4163.,  3317., 480363, 20220705101500)
 (4163., 4163., 4146., 4153.,  3225., 480727, 20220705104500)
 (4152., 4177., 4146., 4156.,  7453., 479921, 20220705110000)
 (4156., 4180., 4154., 4176.,  5458., 480263, 20220705111500)
 (4178., 4183., 4170., 4181.,  2955., 480570, 20220705113000)
 (4177., 4188., 4164., 4181.,  6423., 481553, 20220705134500)
 (4181., 4194., 4175., 4189.,  5341., 481380, 20220705140000)
 (4190., 4200., 4184., 4196.,  3793., 481201, 20220705141500)
 (4197., 4202., 4185., 4189.,  3075., 481300, 20220705143000)
 (4189., 4194., 4170., 4181.,  4789., 480081, 20220705144500)
 (4182., 4191., 4176., 4182.,  3829., 478784, 20220705150000)]
2022-07-06 15:30:00  INFO  [(4160., 4160., 4122., 4132., 24104., 482645, 20220705211500)
 (4132., 4136., 4114., 4118.,  7445., 482988, 20220705213000)
 (4118., 4134., 4112., 4124.,  4847., 483041, 20220705214500)
 (4121., 4128., 4106., 4108.,  4006., 482856, 20220705220000)
 (4107., 4121., 4106., 4115.,  3382., 483360, 20220705221500)
 (4115., 4143., 4115., 4128.,  6914., 484499, 20220705223000)
 (4128., 4139., 4122., 4136.,  3366., 484477, 20220705224500)
 (4136., 4137., 4107., 4114.,  4173., 484188, 20220705230000)
 (4116., 4165., 4116., 4158., 14111., 485233, 20220706091500)
 (4158., 4160., 4141., 4149.,  6309., 484537, 20220706093000)
 (4149., 4153., 4143., 4152.,  4802., 484905, 20220706094500)
 (4152., 4157., 4116., 4121.,  9027., 484232, 20220706100000)
 (4120., 4131., 4110., 4114.,  6386., 484685, 20220706101500)
 (4110., 4123., 4092., 4098.,  8283., 485963, 20220706104500)
 (4099., 4102., 4084., 4099.,  7783., 486448, 20220706110000)
 (4099., 4107., 4085., 4087.,  3868., 486901, 20220706111500)
 (4087., 4112., 4070., 4095.,  8585., 488136, 20220706113000)
 (4096., 4110., 4068., 4080., 14067., 489542, 20220706134500)
 (4081., 4097., 4075., 4094.,  7084., 489336, 20220706140000)
 (4094., 4113., 4091., 4102.,  5857., 489080, 20220706141500)
 (4104., 4119., 4095., 4117.,  5148., 488979, 20220706143000)
 (4117., 4140., 4111., 4136.,  8565., 488794, 20220706144500)
 (4136., 4178., 4136., 4177., 13840., 487480, 20220706150000)]
2022-07-07 15:30:00  INFO  [(4162., 4198., 4146., 4161., 23792., 488644, 20220706211500)
 (4161., 4166., 4150., 4156.,  5823., 487626, 20220706213000)
 (4156., 4174., 4155., 4168.,  6154., 487489, 20220706214500)
 (4169., 4177., 4165., 4169.,  3034., 487325, 20220706220000)
 (4169., 4187., 4164., 4177.,  3334., 487183, 20220706221500)
 (4177., 4179., 4162., 4175.,  4415., 487216, 20220706223000)
 (4175., 4179., 4163., 4167.,  2609., 487215, 20220706224500)
 (4167., 4174., 4160., 4165.,  2475., 487222, 20220706230000)
 (4168., 4180., 4158., 4158.,  7134., 487906, 20220707091500)
 (4159., 4161., 4137., 4142.,  5817., 488690, 20220707093000)
 (4142., 4156., 4135., 4139.,  4576., 489097, 20220707094500)
 (4139., 4145., 4123., 4133.,  7562., 489703, 20220707100000)
 (4134., 4155., 4121., 4132.,  7132., 489627, 20220707101500)
 (4131., 4165., 4126., 4162.,  8255., 490142, 20220707104500)
 (4162., 4170., 4156., 4167.,  9779., 489589, 20220707110000)
 (4167., 4200., 4154., 4199., 13450., 489389, 20220707111500)
 (4199., 4207., 4183., 4185.,  9804., 488985, 20220707113000)
 (4197., 4199., 4169., 4174., 10031., 489037, 20220707134500)
 (4176., 4185., 4158., 4160.,  6921., 489879, 20220707140000)
 (4160., 4170., 4155., 4167.,  5090., 489631, 20220707141500)
 (4167., 4178., 4154., 4168.,  6672., 489958, 20220707143000)
 (4168., 4180., 4155., 4157.,  4046., 490522, 20220707144500)
 (4157., 4160., 4135., 4147.,  8302., 491034, 20220707150000)]
2022-07-08 15:30:00  INFO  [(4195., 4197., 4166., 4189., 17794., 494002, 20220707211500)
 (4189., 4195., 4180., 4186.,  5354., 493218, 20220707213000)
 (4186., 4193., 4182., 4190.,  2873., 493564, 20220707214500)
 (4190., 4210., 4189., 4196.,  8841., 495307, 20220707220000)
 (4196., 4201., 4185., 4188.,  4976., 495848, 20220707221500)
 (4186., 4191., 4180., 4186.,  3983., 496365, 20220707223000)
 (4186., 4191., 4170., 4175.,  2991., 496388, 20220707224500)
 (4175., 4186., 4173., 4179.,  3372., 496287, 20220707230000)
 (4183., 4189., 4167., 4175.,  7143., 496498, 20220708091500)
 (4175., 4178., 4152., 4155.,  7455., 496916, 20220708093000)
 (4153., 4156., 4143., 4144.,  4787., 497307, 20220708094500)
 (4144., 4147., 4129., 4141.,  6890., 497808, 20220708100000)
 (4141., 4147., 4128., 4139.,  7202., 497673, 20220708101500)
 (4141., 4156., 4134., 4148.,  4351., 497777, 20220708104500)
 (4148., 4157., 4142., 4143.,  4678., 498032, 20220708110000)
 (4143., 4154., 4139., 4150.,  3063., 498055, 20220708111500)
 (4149., 4158., 4129., 4135.,  5253., 498135, 20220708113000)
 (4135., 4135., 4115., 4121.,  8733., 498521, 20220708134500)
 (4121., 4124., 4110., 4114.,  3735., 498356, 20220708140000)
 (4114., 4120., 4108., 4113.,  5901., 499776, 20220708141500)
 (4113., 4129., 4110., 4128.,  3479., 499773, 20220708143000)
 (4128., 4147., 4120., 4133.,  5995., 499781, 20220708144500)
 (4133., 4137., 4127., 4135.,  3979., 499175, 20220708150000)]
2022-07-11 15:30:00  INFO  [(4120., 4175., 4120., 4172., 15457., 501725, 20220708211500)
 (4173., 4176., 4158., 4160.,  6854., 501513, 20220708213000)
 (4162., 4163., 4146., 4152.,  3638., 501516, 20220708214500)
 (4152., 4160., 4140., 4141.,  3694., 501428, 20220708220000)
 (4142., 4146., 4126., 4130.,  4925., 501461, 20220708221500)
 (4130., 4133., 4100., 4100.,  7011., 502361, 20220708223000)
 (4101., 4112., 4090., 4098.,  9957., 503510, 20220708224500)
 (4098., 4110., 4031., 4031., 17640., 505722, 20220708230000)
 (4012., 4025., 3982., 3994., 31915., 511443, 20220711091500)
 (3993., 3994., 3973., 3979., 14451., 513627, 20220711093000)
 (3980., 3995., 3966., 3989., 10795., 513922, 20220711094500)
 (3989., 4005., 3973., 3975., 11477., 514262, 20220711100000)
 (3975., 4005., 3974., 3999.,  6392., 513726, 20220711101500)
 (4000., 4006., 3987., 3991.,  4736., 513249, 20220711104500)
 (3991., 3993., 3977., 3977.,  3446., 513093, 20220711110000)
 (3978., 3985., 3972., 3974.,  4123., 513092, 20220711111500)
 (3974., 3984., 3962., 3963.,  7596., 513868, 20220711113000)
 (3965., 3981., 3944., 3948., 13340., 515140, 20220711134500)
 (3951., 3958., 3931., 3932.,  9546., 516336, 20220711140000)
 (3932., 3963., 3932., 3947.,  7916., 516441, 20220711141500)
 (3947., 3992., 3940., 3989.,  8102., 515698, 20220711143000)
 (3988., 4001., 3977., 3988.,  8590., 514771, 20220711144500)
 (3988., 3999., 3982., 3996.,  6676., 513536, 20220711150000)]
2022-07-12 15:30:00  INFO  [(4000., 4014., 3988., 3996., 19649., 513527, 20220711211500)
 (3996., 4000., 3986., 3992.,  5227., 513442, 20220711213000)
 (3992., 3993., 3970., 3975.,  6294., 513590, 20220711214500)
 (3975., 3986., 3964., 3983.,  7262., 512648, 20220711220000)
 (3981., 3988., 3971., 3973.,  4056., 512051, 20220711221500)
 (3973., 3981., 3963., 3966.,  3701., 512020, 20220711223000)
 (3966., 3978., 3965., 3972.,  2003., 512080, 20220711224500)
 (3971., 3978., 3970., 3978.,  1384., 512038, 20220711230000)
 (3973., 3976., 3957., 3960.,  7490., 512005, 20220712091500)
 (3960., 3963., 3932., 3933.,  8424., 513272, 20220712093000)
 (3934., 3979., 3929., 3969., 35359., 522514, 20220712094500)
 (3969., 3980., 3952., 3974., 17625., 524198, 20220712100000)
 (3974., 3980., 3938., 3948., 11494., 522662, 20220712101500)
 (3949., 3952., 3930., 3940., 11165., 525730, 20220712104500)
 (3940., 3948., 3930., 3935.,  3740., 525777, 20220712110000)
 (3935., 3953., 3931., 3951.,  3791., 525523, 20220712111500)
 (3950., 3957., 3930., 3934.,  4149., 525320, 20220712113000)
 (3938., 3949., 3924., 3931.,  8568., 526499, 20220712134500)
 (3931., 3932., 3907., 3911., 10916., 528679, 20220712140000)
 (3911., 3918., 3906., 3911.,  4360., 528572, 20220712141500)
 (3911., 3919., 3902., 3905.,  8322., 528167, 20220712143000)
 (3905., 3905., 3889., 3889., 13764., 528364, 20220712144500)
 (3894., 3900., 3850., 3861., 12836., 529317, 20220712150000)]
2022-07-13 15:30:00  INFO  [(3850., 3850., 3815., 3839., 31333., 533949, 20220712211500)
 (3838., 3850., 3827., 3839.,  9926., 534533, 20220712213000)
 (3839., 3867., 3837., 3852., 11455., 534501, 20220712214500)
 (3851., 3854., 3833., 3834., 11404., 534716, 20220712220000)
 (3834., 3846., 3830., 3837.,  5779., 534826, 20220712221500)
 (3837., 3846., 3834., 3838.,  4727., 535155, 20220712223000)
 (3838., 3842., 3830., 3830.,  4925., 535933, 20220712224500)
 (3831., 3833., 3808., 3825., 22099., 532205, 20220712230000)
 (3822., 3851., 3816., 3848., 12522., 532973, 20220713091500)
 (3847., 3878., 3844., 3858., 13537., 533011, 20220713093000)
 (3859., 3864., 3845., 3851.,  6438., 533267, 20220713094500)
 (3851., 3863., 3848., 3858.,  4902., 533425, 20220713100000)
 (3858., 3866., 3851., 3863.,  4215., 533302, 20220713101500)
 (3864., 3871., 3852., 3857.,  4912., 533241, 20220713104500)
 (3856., 3859., 3838., 3840.,  4180., 533501, 20220713110000)
 (3839., 3849., 3826., 3827.,  6472., 533964, 20220713111500)
 (3827., 3842., 3816., 3823.,  6391., 533649, 20220713113000)
 (3827., 3844., 3821., 3840., 10424., 534831, 20220713134500)
 (3840., 3841., 3793., 3796., 17538., 538993, 20220713140000)
 (3796., 3810., 3795., 3800., 11558., 538697, 20220713141500)
 (3800., 3841., 3796., 3838., 12585., 538271, 20220713143000)
 (3838., 3850., 3828., 3840., 12184., 539209, 20220713144500)
 (3840., 3858., 3835., 3842.,  9881., 538804, 20220713150000)]
2022-07-14 15:30:00  INFO  [(3800., 3842., 3777., 3813., 24316., 541562, 20220713211500)
 (3812., 3821., 3780., 3794., 12737., 543838, 20220713213000)
 (3794., 3808., 3787., 3806.,  9541., 544505, 20220713214500)
 (3806., 3813., 3798., 3805.,  5337., 544687, 20220713220000)
 (3805., 3806., 3781., 3785.,  7657., 545823, 20220713221500)
 (3784., 3790., 3756., 3760., 15318., 545186, 20220713223000)
 (3760., 3806., 3754., 3778., 34179., 539456, 20220713224500)
 (3778., 3836., 3772., 3818., 17571., 536049, 20220713230000)
 (3818., 3818., 3787., 3787., 10407., 536439, 20220714091500)
 (3787., 3813., 3782., 3805.,  7015., 536917, 20220714093000)
 (3804., 3808., 3796., 3804.,  4317., 536577, 20220714094500)
 (3805., 3815., 3794., 3795.,  4769., 536039, 20220714100000)
 (3795., 3813., 3794., 3804.,  5315., 536011, 20220714101500)
 (3805., 3834., 3799., 3828., 10265., 537492, 20220714104500)
 (3828., 3829., 3805., 3817.,  8651., 538626, 20220714110000)
 (3818., 3827., 3810., 3821.,  8156., 539620, 20220714111500)
 (3818., 3837., 3807., 3823.,  7603., 538843, 20220714113000)
 (3832., 3833., 3786., 3789., 14793., 542311, 20220714134500)
 (3788., 3798., 3773., 3775., 15459., 543520, 20220714140000)
 (3775., 3796., 3769., 3772., 24264., 538560, 20220714141500)
 (3772., 3782., 3760., 3761., 12740., 538792, 20220714143000)
 (3760., 3772., 3754., 3770., 13407., 541431, 20220714144500)
 (3769., 3781., 3739., 3740., 13337., 543017, 20220714150000)]
2022-07-15 15:30:00  INFO  [(3699., 3700., 3653., 3678., 46136., 545216, 20220714211500)
 (3678., 3693., 3636., 3654., 36430., 541083, 20220714213000)
 (3655., 3655., 3622., 3623., 24671., 538909, 20220714214500)
 (3623., 3658., 3621., 3631., 23065., 534689, 20220714220000)
 (3631., 3632., 3611., 3628., 15122., 536160, 20220714221500)
 (3628., 3653., 3628., 3639., 10365., 536084, 20220714223000)
 (3639., 3639., 3601., 3610., 26947., 534548, 20220714224500)
 (3609., 3630., 3606., 3613., 13338., 534264, 20220714230000)
 (3625., 3646., 3614., 3619., 29475., 541667, 20220715091500)
 (3619., 3621., 3601., 3607., 21821., 547069, 20220715093000)
 (3607., 3621., 3600., 3604., 15523., 549379, 20220715094500)
 (3604., 3619., 3583., 3615., 36576., 547097, 20220715100000)
 (3616., 3633., 3596., 3612., 19145., 547879, 20220715101500)
 (3613., 3636., 3611., 3632.,  9730., 547122, 20220715104500)
 (3633., 3635., 3609., 3615.,  8709., 547005, 20220715110000)
 (3614., 3618., 3596., 3598., 10471., 546669, 20220715111500)
 (3597., 3602., 3585., 3595., 13830., 547489, 20220715113000)
 (3586., 3591., 3564., 3566., 18229., 550092, 20220715134500)
 (3564., 3590., 3564., 3587., 14021., 553545, 20220715140000)
 (3587., 3588., 3565., 3576., 13359., 551761, 20220715141500)
 (3576., 3595., 3569., 3592., 32606., 557551, 20220715143000)
 (3591., 3597., 3554., 3556., 26197., 561195, 20220715144500)
 (3557., 3564., 3516., 3517., 27234., 562534, 20220715150000)]
2022-07-18 15:30:00  INFO  [(3543., 3577., 3536., 3562., 33057., 564334, 20220715211500)
 (3563., 3580., 3553., 3580., 25022., 564604, 20220715213000)
 (3580., 3607., 3580., 3590., 29229., 560478, 20220715214500)
 (3591., 3599., 3575., 3578.,  9664., 560849, 20220715220000)
 (3578., 3595., 3578., 3584.,  7528., 561298, 20220715221500)
 (3584., 3599., 3578., 3599.,  6029., 560977, 20220715223000)
 (3599., 3641., 3588., 3634., 18110., 557806, 20220715224500)
 (3633., 3659., 3607., 3651., 17013., 557040, 20220715230000)
 (3650., 3695., 3637., 3691., 37861., 556207, 20220718091500)
 (3690., 3690., 3652., 3655., 22676., 555959, 20220718093000)
 (3655., 3663., 3639., 3649., 25231., 558222, 20220718094500)
 (3649., 3667., 3640., 3657., 22062., 560447, 20220718100000)
 (3657., 3670., 3644., 3666., 10657., 559378, 20220718101500)
 (3667., 3670., 3656., 3664., 11756., 558293, 20220718104500)
 (3664., 3666., 3650., 3657., 11188., 557016, 20220718110000)
 (3658., 3665., 3653., 3663.,  7260., 557036, 20220718111500)
 (3663., 3683., 3661., 3680., 11143., 556584, 20220718113000)
 (3684., 3692., 3668., 3670., 18874., 556576, 20220718134500)
 (3671., 3676., 3652., 3656., 33488., 556733, 20220718140000)
 (3656., 3664., 3645., 3663., 12007., 554811, 20220718141500)
 (3663., 3681., 3657., 3679.,  7925., 554970, 20220718143000)
 (3678., 3690., 3673., 3688.,  9007., 554090, 20220718144500)
 (3688., 3696., 3680., 3684.,  9811., 553427, 20220718150000)]
2022-07-19 15:30:00  INFO  [(3714., 3725., 3697., 3707., 28568., 548871, 20220718211500)
 (3708., 3733., 3697., 3726., 14206., 547851, 20220718213000)
 (3726., 3749., 3722., 3744., 19049., 544702, 20220718214500)
 (3745., 3772., 3726., 3765., 27444., 539897, 20220718220000)
 (3766., 3768., 3746., 3760., 17478., 542837, 20220718221500)
 (3760., 3775., 3752., 3752., 10151., 543448, 20220718223000)
 (3754., 3765., 3752., 3765.,  4573., 544092, 20220718224500)
 (3765., 3765., 3751., 3765.,  5245., 543574, 20220718230000)
 (3756., 3761., 3738., 3741., 12320., 542148, 20220719091500)
 (3741., 3750., 3735., 3735.,  8472., 541627, 20220719093000)
 (3735., 3740., 3716., 3738., 13184., 540870, 20220719094500)
 (3736., 3741., 3720., 3724.,  5937., 540855, 20220719100000)
 (3724., 3737., 3716., 3729.,  7368., 541785, 20220719101500)
 (3730., 3739., 3727., 3733.,  2923., 541910, 20220719104500)
 (3733., 3733., 3715., 3721.,  7505., 542947, 20220719110000)
 (3721., 3744., 3714., 3716., 10487., 542588, 20220719111500)
 (3716., 3722., 3690., 3706., 10961., 541965, 20220719113000)
 (3703., 3709., 3687., 3688., 17191., 544379, 20220719134500)
 (3687., 3690., 3663., 3668., 15254., 546280, 20220719140000)
 (3667., 3685., 3657., 3675., 12823., 547103, 20220719141500)
 (3676., 3727., 3675., 3722., 13808., 546834, 20220719143000)
 (3722., 3732., 3694., 3700., 14577., 546699, 20220719144500)
 (3700., 3708., 3683., 3683., 12348., 546999, 20220719150000)]
2022-07-20 15:30:00  INFO  [(3660., 3673., 3625., 3638., 32956., 552822, 20220719211500)
 (3638., 3662., 3632., 3657., 12871., 553001, 20220719213000)
 (3658., 3682., 3655., 3671., 13481., 552575, 20220719214500)
 (3672., 3678., 3662., 3666.,  5098., 552818, 20220719220000)
 (3666., 3691., 3665., 3680.,  8018., 552327, 20220719221500)
 (3680., 3703., 3679., 3698.,  8984., 552816, 20220719223000)
 (3698., 3732., 3698., 3722., 15386., 551759, 20220719224500)
 (3722., 3729., 3712., 3726.,  8053., 551272, 20220719230000)
 (3735., 3749., 3714., 3722., 16242., 553081, 20220720091500)
 (3722., 3741., 3721., 3734.,  7763., 552367, 20220720093000)
 (3734., 3739., 3718., 3732.,  7330., 552513, 20220720094500)
 (3733., 3737., 3726., 3737.,  5027., 552237, 20220720100000)
 (3735., 3753., 3729., 3743.,  7354., 552505, 20220720101500)
 (3743., 3760., 3739., 3758.,  8430., 552053, 20220720104500)
 (3758., 3762., 3742., 3759.,  9484., 551390, 20220720110000)
 (3759., 3772., 3753., 3766.,  9279., 549893, 20220720111500)
 (3766., 3775., 3754., 3773.,  9088., 549292, 20220720113000)
 (3760., 3766., 3736., 3740., 18886., 547202, 20220720134500)
 (3740., 3754., 3735., 3738.,  7882., 546626, 20220720140000)
 (3738., 3747., 3724., 3730.,  8896., 547197, 20220720141500)
 (3730., 3744., 3726., 3730.,  5355., 547367, 20220720143000)
 (3730., 3735., 3700., 3706., 12873., 548508, 20220720144500)
 (3705., 3746., 3700., 3739., 16012., 547416, 20220720150000)]
2022-07-21 15:30:00  INFO  [(3739., 3742., 3716., 3721., 17266., 548448, 20220720211500)
 (3721., 3748., 3719., 3746.,  8106., 549174, 20220720213000)
 (3745., 3752., 3725., 3727.,  7853., 549657, 20220720214500)
 (3725., 3733., 3721., 3723.,  6780., 550387, 20220720220000)
 (3723., 3729., 3709., 3721.,  6065., 550400, 20220720221500)
 (3721., 3733., 3716., 3718.,  3529., 550547, 20220720223000)
 (3718., 3728., 3700., 3711.,  9767., 551129, 20220720224500)
 (3711., 3730., 3708., 3726.,  8971., 549836, 20220720230000)
 (3725., 3726., 3704., 3712.,  8678., 550047, 20220721091500)
 (3711., 3715., 3688., 3695., 10946., 551185, 20220721093000)
 (3695., 3714., 3691., 3702.,  7191., 551697, 20220721094500)
 (3703., 3708., 3685., 3696.,  9475., 551583, 20220721100000)
 (3696., 3703., 3686., 3694.,  6823., 551534, 20220721101500)
 (3691., 3701., 3680., 3684.,  8923., 552766, 20220721104500)
 (3685., 3709., 3682., 3706.,  6159., 552032, 20220721110000)
 (3706., 3730., 3695., 3724., 10142., 552070, 20220721111500)
 (3724., 3728., 3685., 3687., 11042., 552865, 20220721113000)
 (3695., 3724., 3687., 3715., 27550., 554655, 20220721134500)
 (3715., 3733., 3714., 3728., 13006., 554344, 20220721140000)
 (3727., 3748., 3721., 3747., 13184., 554209, 20220721141500)
 (3748., 3752., 3726., 3729., 19421., 556908, 20220721143000)
 (3729., 3730., 3705., 3719., 18010., 559684, 20220721144500)
 (3718., 3722., 3704., 3719., 14124., 560595, 20220721150000)]
2022-07-22 15:30:00  INFO  [(3695., 3696., 3645., 3670., 30938., 567455, 20220721211500)
 (3669., 3692., 3668., 3688., 15384., 569346, 20220721213000)
 (3688., 3704., 3682., 3699.,  8568., 569739, 20220721214500)
 (3699., 3713., 3691., 3702.,  7760., 571096, 20220721220000)
 (3704., 3709., 3693., 3701.,  4812., 570974, 20220721221500)
 (3701., 3708., 3688., 3689.,  4095., 571281, 20220721223000)
 (3689., 3702., 3688., 3698.,  4267., 571936, 20220721224500)
 (3698., 3699., 3682., 3689.,  4938., 571692, 20220721230000)
 (3689., 3711., 3689., 3699.,  9278., 571948, 20220722091500)
 (3699., 3703., 3682., 3699., 11027., 575160, 20220722093000)
 (3700., 3706., 3692., 3704., 10823., 575849, 20220722094500)
 (3704., 3720., 3698., 3719., 13647., 574582, 20220722100000)
 (3723., 3737., 3709., 3735., 13464., 574077, 20220722101500)
 (3735., 3739., 3713., 3722., 18586., 573535, 20220722104500)
 (3721., 3727., 3707., 3709.,  8520., 572981, 20220722110000)
 (3710., 3727., 3707., 3723.,  5861., 572306, 20220722111500)
 (3723., 3726., 3702., 3712.,  7060., 572575, 20220722113000)
 (3710., 3720., 3702., 3716.,  6039., 572199, 20220722134500)
 (3716., 3720., 3704., 3716.,  7056., 573603, 20220722140000)
 (3715., 3726., 3713., 3723.,  7616., 572243, 20220722141500)
 (3723., 3731., 3722., 3729.,  6368., 572044, 20220722143000)
 (3728., 3733., 3716., 3720.,  4475., 572029, 20220722144500)
 (3720., 3729., 3710., 3725.,  6700., 571199, 20220722150000)]
2022-07-25 15:30:00  INFO  [(3751., 3762., 3736., 3756., 21295., 572379, 20220722211500)
 (3757., 3757., 3734., 3738.,  8452., 572627, 20220722213000)
 (3738., 3754., 3733., 3753.,  7205., 573104, 20220722214500)
 (3753., 3759., 3746., 3751.,  6045., 572968, 20220722220000)
 (3751., 3759., 3744., 3756.,  5266., 573402, 20220722221500)
 (3756., 3760., 3749., 3753.,  4755., 573405, 20220722223000)
 (3753., 3775., 3745., 3771., 11584., 573506, 20220722224500)
 (3770., 3779., 3750., 3754., 11163., 572508, 20220722230000)
 (3756., 3766., 3721., 3730., 22950., 576364, 20220725091500)
 (3729., 3748., 3727., 3730., 10934., 577504, 20220725093000)
 (3730., 3746., 3727., 3745., 10861., 578007, 20220725094500)
 (3745., 3747., 3731., 3738.,  5079., 578614, 20220725100000)
 (3737., 3752., 3735., 3743.,  5162., 578368, 20220725101500)
 (3743., 3759., 3736., 3757.,  8520., 578632, 20220725104500)
 (3757., 3761., 3749., 3757.,  5341., 578402, 20220725110000)
 (3757., 3760., 3745., 3750.,  3663., 578657, 20220725111500)
 (3750., 3753., 3735., 3737.,  5946., 578299, 20220725113000)
 (3736., 3747., 3731., 3733.,  8077., 579012, 20220725134500)
 (3733., 3737., 3727., 3734.,  5902., 579436, 20220725140000)
 (3734., 3746., 3734., 3739.,  3560., 579090, 20220725141500)
 (3739., 3747., 3732., 3742.,  1935., 579134, 20220725143000)
 (3742., 3742., 3723., 3730.,  4818., 579604, 20220725144500)
 (3730., 3735., 3724., 3727.,  5880., 580103, 20220725150000)]
2022-07-26 15:30:00  INFO  [(3727., 3740., 3672., 3680., 29654., 579904, 20220725211500)
 (3679., 3693., 3675., 3689., 12550., 581413, 20220725213000)
 (3689., 3692., 3680., 3683.,  6093., 582251, 20220725214500)
 (3683., 3692., 3680., 3686.,  4560., 582087, 20220725220000)
 (3685., 3700., 3685., 3698.,  4046., 581813, 20220725221500)
 (3698., 3716., 3697., 3707.,  8737., 581483, 20220725223000)
 (3707., 3712., 3700., 3705.,  3858., 581272, 20220725224500)
 (3705., 3711., 3690., 3693.,  4048., 581771, 20220725230000)
 (3694., 3705., 3686., 3690.,  9671., 582552, 20220726091500)
 (3690., 3701., 3687., 3696.,  4831., 583008, 20220726093000)
 (3697., 3711., 3694., 3704.,  6650., 582505, 20220726094500)
 (3704., 3729., 3702., 3729.,  9290., 581671, 20220726100000)
 (3729., 3753., 3719., 3752., 15043., 580673, 20220726101500)
 (3751., 3773., 3751., 3770., 23221., 580005, 20220726104500)
 (3770., 3777., 3747., 3749., 14260., 579883, 20220726110000)
 (3749., 3761., 3735., 3742.,  9568., 580172, 20220726111500)
 (3742., 3751., 3733., 3747.,  7995., 580983, 20220726113000)
 (3746., 3755., 3735., 3738.,  9237., 581468, 20220726134500)
 (3738., 3749., 3736., 3747.,  4469., 582057, 20220726140000)
 (3747., 3753., 3742., 3752.,  5809., 582928, 20220726141500)
 (3752., 3763., 3750., 3755.,  8992., 582694, 20220726143000)
 (3755., 3761., 3742., 3759., 11467., 585260, 20220726144500)
 (3760., 3772., 3759., 3771., 18187., 585282, 20220726150000)]
2022-07-27 15:30:00  INFO  [(3771., 3799., 3769., 3770., 23991., 586090, 20220726211500)
 (3770., 3789., 3759., 3787., 15841., 589644, 20220726213000)
 (3788., 3788., 3773., 3777., 12047., 593596, 20220726214500)
 (3777., 3781., 3768., 3775.,  9011., 595918, 20220726220000)
 (3775., 3778., 3763., 3765.,  6885., 597425, 20220726221500)
 (3764., 3777., 3763., 3775.,  4043., 597448, 20220726223000)
 (3777., 3779., 3767., 3772.,  3101., 597634, 20220726224500)
 (3772., 3775., 3762., 3766.,  3421., 597372, 20220726230000)
 (3756., 3764., 3744., 3752., 11366., 598527, 20220727091500)
 (3752., 3753., 3732., 3741., 12667., 597825, 20220727093000)
 (3741., 3741., 3723., 3725.,  8940., 599219, 20220727094500)
 (3724., 3733., 3717., 3718.,  8316., 601046, 20220727100000)
 (3719., 3732., 3716., 3728.,  5660., 601706, 20220727101500)
 (3728., 3735., 3713., 3717.,  6589., 601952, 20220727104500)
 (3717., 3746., 3714., 3742.,  6639., 602222, 20220727110000)
 (3742., 3764., 3738., 3763.,  8272., 602329, 20220727111500)
 (3763., 3775., 3753., 3770., 11821., 601709, 20220727113000)
 (3776., 3798., 3776., 3793., 22342., 603324, 20220727134500)
 (3793., 3799., 3785., 3792.,  8324., 602887, 20220727140000)
 (3793., 3800., 3788., 3796.,  9066., 603739, 20220727141500)
 (3794., 3798., 3775., 3780.,  9189., 604404, 20220727143000)
 (3781., 3785., 3772., 3779.,  5185., 604595, 20220727144500)
 (3779., 3788., 3773., 3788.,  5759., 604776, 20220727150000)]
2022-07-28 15:30:00  INFO  [(3790., 3791., 3760., 3770., 16358., 602110, 20220727211500)
 (3770., 3782., 3768., 3775.,  7379., 602070, 20220727213000)
 (3775., 3787., 3771., 3776.,  6929., 602098, 20220727214500)
 (3775., 3793., 3774., 3791.,  6925., 602368, 20220727220000)
 (3792., 3794., 3780., 3787.,  3762., 602338, 20220727221500)
 (3787., 3794., 3782., 3787.,  4729., 601968, 20220727223000)
 (3787., 3800., 3787., 3798.,  7098., 601178, 20220727224500)
 (3798., 3820., 3798., 3808., 13186., 598307, 20220727230000)
 (3829., 3849., 3825., 3848., 23072., 597554, 20220728091500)
 (3849., 3852., 3838., 3845., 12333., 597848, 20220728093000)
 (3846., 3870., 3844., 3869., 13130., 598107, 20220728094500)
 (3869., 3869., 3855., 3864., 13910., 595671, 20220728100000)
 (3865., 3869., 3859., 3869.,  6249., 594768, 20220728101500)
 (3869., 3873., 3856., 3859., 10619., 593753, 20220728104500)
 (3859., 3865., 3848., 3862.,  7308., 594102, 20220728110000)
 (3863., 3879., 3860., 3875.,  8173., 596150, 20220728111500)
 (3875., 3888., 3868., 3884.,  8815., 596621, 20220728113000)
 (3883., 3906., 3876., 3879., 30820., 596244, 20220728134500)
 (3878., 3892., 3870., 3874., 16800., 599719, 20220728140000)
 (3876., 3888., 3876., 3883., 10793., 601766, 20220728141500)
 (3884., 3902., 3884., 3900.,  9176., 602036, 20220728143000)
 (3901., 3911., 3894., 3911., 13041., 601076, 20220728144500)
 (3910., 3934., 3903., 3927., 21719., 600043, 20220728150000)]
2022-07-29 15:30:00  INFO  [(3903., 3906., 3883., 3897., 26485., 601086, 20220728211500)
 (3897., 3901., 3891., 3894.,  7741., 600680, 20220728213000)
 (3894., 3916., 3893., 3906., 10989., 600267, 20220728214500)
 (3905., 3907., 3886., 3888.,  9284., 600567, 20220728220000)
 (3888., 3909., 3883., 3907., 14404., 603657, 20220728221500)
 (3908., 3915., 3896., 3902., 17849., 605103, 20220728223000)
 (3902., 3913., 3900., 3908.,  6404., 605139, 20220728224500)
 (3908., 3917., 3903., 3903.,  6886., 604748, 20220728230000)
 (3908., 3922., 3898., 3921., 11093., 605273, 20220729091500)
 (3921., 3926., 3911., 3920.,  9274., 607140, 20220729093000)
 (3920., 3930., 3915., 3924.,  9926., 608749, 20220729094500)
 (3924., 3925., 3904., 3910., 15179., 611827, 20220729100000)
 (3910., 3912., 3891., 3892.,  9258., 612727, 20220729101500)
 (3891., 3897., 3877., 3882., 21755., 612061, 20220729104500)
 (3882., 3894., 3876., 3887., 11001., 613873, 20220729110000)
 (3887., 3899., 3881., 3886.,  9380., 615288, 20220729111500)
 (3886., 3893., 3879., 3880., 11089., 617467, 20220729113000)
 (3880., 3895., 3873., 3892.,  7404., 618810, 20220729134500)
 (3892., 3895., 3879., 3881.,  5540., 619630, 20220729140000)
 (3881., 3884., 3874., 3876.,  4830., 619756, 20220729141500)
 (3876., 3889., 3865., 3884., 11444., 619159, 20220729143000)
 (3884., 3887., 3876., 3879.,  5037., 618850, 20220729144500)
 (3880., 3888., 3873., 3884.,  7301., 616980, 20220729150000)]
2022-08-01 15:30:00  INFO  [(3870., 3925., 3870., 3923., 24126., 615841, 20220729211500)
 (3923., 3938., 3913., 3915., 12388., 615633, 20220729213000)
 (3915., 3921., 3906., 3920.,  6835., 615892, 20220729214500)
 (3920., 3932., 3918., 3931.,  6860., 615874, 20220729220000)
 (3931., 3949., 3928., 3940., 13703., 615360, 20220729221500)
 (3940., 3973., 3940., 3972., 15769., 614795, 20220729223000)
 (3973., 3985., 3957., 3985., 19769., 613672, 20220729224500)
 (3983., 3998., 3965., 3974., 24036., 610347, 20220729230000)
 (3974., 4000., 3941., 3946., 33671., 612975, 20220801091500)
 (3946., 3962., 3945., 3950., 15245., 613903, 20220801093000)
 (3949., 3968., 3947., 3950., 11836., 615793, 20220801094500)
 (3950., 3955., 3939., 3949., 10794., 616035, 20220801100000)
 (3950., 3960., 3949., 3957.,  7032., 616818, 20220801101500)
 (3957., 3964., 3947., 3949.,  8720., 618310, 20220801104500)
 (3949., 3981., 3948., 3979., 10067., 619299, 20220801110000)
 (3979., 3981., 3959., 3960., 10823., 618646, 20220801111500)
 (3960., 3964., 3948., 3963., 10013., 619223, 20220801113000)
 (3959., 3981., 3959., 3976., 11981., 620398, 20220801134500)
 (3976., 3984., 3966., 3970., 10067., 620789, 20220801140000)
 (3970., 3970., 3948., 3952., 12451., 621741, 20220801141500)
 (3952., 3954., 3940., 3949., 10162., 621414, 20220801143000)
 (3949., 3961., 3943., 3959., 11298., 623844, 20220801144500)
 (3959., 3968., 3948., 3949., 11338., 623901, 20220801150000)]
2022-08-02 15:30:00  INFO  [(3949., 3949., 3910., 3937., 26616., 620421, 20220801211500)
 (3938., 3939., 3924., 3931.,  9593., 621184, 20220801213000)
 (3931., 3941., 3920., 3939., 10917., 621752, 20220801214500)
 (3939., 3941., 3929., 3935.,  7106., 622332, 20220801220000)
 (3935., 3942., 3932., 3933.,  4405., 622977, 20220801221500)
 (3933., 3934., 3917., 3920.,  7114., 623646, 20220801223000)
 (3920., 3933., 3919., 3931.,  4595., 624350, 20220801224500)
 (3931., 3937., 3922., 3926.,  3850., 623466, 20220801230000)
 (3920., 3926., 3906., 3915., 13954., 625647, 20220802091500)
 (3915., 3935., 3914., 3919.,  8832., 625509, 20220802093000)
 (3919., 3927., 3904., 3909., 13510., 624257, 20220802094500)
 (3909., 3918., 3906., 3917.,  5554., 624234, 20220802100000)
 (3916., 3923., 3903., 3908., 12660., 624815, 20220802101500)
 (3908., 3912., 3882., 3885., 14408., 625286, 20220802104500)
 (3885., 3898., 3866., 3893., 17380., 626046, 20220802110000)
 (3894., 3895., 3871., 3890., 12562., 627317, 20220802111500)
 (3888., 3904., 3877., 3890., 15370., 628840, 20220802113000)
 (3894., 3903., 3880., 3884., 11837., 629025, 20220802134500)
 (3885., 3891., 3877., 3886.,  6585., 630056, 20220802140000)
 (3887., 3930., 3883., 3924., 21677., 630330, 20220802141500)
 (3924., 3943., 3920., 3926., 24074., 633544, 20220802143000)
 (3926., 3938., 3922., 3928.,  9146., 632977, 20220802144500)
 (3928., 3937., 3923., 3929., 12493., 632672, 20220802150000)]
2022-08-03 15:30:00  INFO  [(3933., 3933., 3903., 3921., 24775., 631124, 20220802211500)
 (3921., 3938., 3919., 3932., 14916., 629356, 20220802213000)
 (3932., 3939., 3922., 3925., 11921., 628077, 20220802214500)
 (3925., 3930., 3904., 3909., 12526., 628746, 20220802220000)
 (3910., 3914., 3900., 3907., 10506., 628972, 20220802221500)
 (3907., 3918., 3903., 3912., 10407., 629054, 20220802223000)
 (3912., 3914., 3872., 3896., 16421., 628970, 20220802224500)
 (3896., 3931., 3887., 3908., 16325., 626615, 20220802230000)
 (3910., 3937., 3900., 3933., 25075., 633167, 20220803091500)
 (3932., 3949., 3929., 3941., 13714., 631880, 20220803093000)
 (3941., 3946., 3928., 3939.,  8747., 631200, 20220803094500)
 (3939., 3951., 3932., 3944.,  8635., 631238, 20220803100000)
 (3946., 3948., 3936., 3943.,  7154., 631870, 20220803101500)
 (3943., 3954., 3932., 3942.,  8876., 631532, 20220803104500)
 (3942., 3946., 3927., 3934.,  9897., 632085, 20220803110000)
 (3934., 3944., 3929., 3942.,  5887., 632301, 20220803111500)
 (3943., 3956., 3941., 3951., 11029., 632033, 20220803113000)
 (3952., 3958., 3937., 3956., 12015., 631955, 20220803134500)
 (3955., 3968., 3952., 3958., 17125., 631613, 20220803140000)
 (3958., 3965., 3953., 3956., 13468., 629697, 20220803141500)
 (3956., 3961., 3949., 3956.,  4122., 629649, 20220803143000)
 (3956., 3957., 3934., 3937., 13840., 630243, 20220803144500)
 (3936., 3944., 3906., 3910., 17923., 628317, 20220803150000)]
2022-08-04 15:30:00  INFO  [(3930., 3931., 3891., 3900., 28711., 633708, 20220803211500)
 (3901., 3905., 3889., 3899., 10532., 634738, 20220803213000)
 (3899., 3912., 3895., 3905.,  8756., 635681, 20220803214500)
 (3905., 3913., 3897., 3897.,  5999., 636188, 20220803220000)
 (3896., 3900., 3883., 3884., 11434., 637794, 20220803221500)
 (3884., 3889., 3873., 3876., 10221., 639504, 20220803223000)
 (3876., 3890., 3874., 3888.,  7867., 640269, 20220803224500)
 (3888., 3888., 3853., 3855., 15828., 644424, 20220803230000)
 (3856., 3867., 3842., 3853., 19348., 648399, 20220804091500)
 (3852., 3867., 3851., 3865., 10903., 650298, 20220804093000)
 (3867., 3872., 3861., 3866.,  7415., 651605, 20220804094500)
 (3866., 3878., 3865., 3873.,  7908., 652335, 20220804100000)
 (3873., 3889., 3859., 3860., 12662., 653907, 20220804101500)
 (3859., 3863., 3840., 3847., 14690., 655419, 20220804104500)
 (3847., 3857., 3842., 3853.,  7189., 656129, 20220804110000)
 (3853., 3860., 3846., 3854.,  8491., 656323, 20220804111500)
 (3854., 3858., 3842., 3852.,  7267., 656845, 20220804113000)
 (3853., 3862., 3827., 3829., 25211., 662109, 20220804134500)
 (3829., 3832., 3807., 3820., 19387., 664310, 20220804140000)
 (3820., 3847., 3818., 3837., 18418., 663566, 20220804141500)
 (3837., 3840., 3808., 3811., 21330., 666165, 20220804143000)
 (3810., 3813., 3788., 3799., 28056., 673461, 20220804144500)
 (3799., 3809., 3787., 3787., 16382., 674454, 20220804150000)]
2022-08-05 15:30:00  INFO  [(3794., 3803., 3776., 3780., 32947., 678423, 20220804211500)
 (3781., 3793., 3776., 3778., 11397., 680614, 20220804213000)
 (3778., 3785., 3774., 3782.,  9319., 682581, 20220804214500)
 (3783., 3799., 3781., 3794., 11625., 683042, 20220804220000)
 (3797., 3834., 3791., 3821., 24338., 683004, 20220804221500)
 (3822., 3838., 3814., 3834., 15685., 682609, 20220804223000)
 (3834., 3839., 3820., 3830., 19378., 684193, 20220804224500)
 (3830., 3846., 3822., 3826., 23188., 686751, 20220804230000)
 (3827., 3833., 3820., 3828., 15808., 688727, 20220805091500)
 (3828., 3861., 3825., 3859., 19779., 691105, 20220805093000)
 (3859., 3873., 3856., 3870., 24724., 688444, 20220805094500)
 (3870., 3878., 3858., 3866., 17075., 689618, 20220805100000)
 (3866., 3871., 3851., 3868., 13485., 690675, 20220805101500)
 (3867., 3880., 3866., 3877., 16234., 693241, 20220805104500)
 (3876., 3880., 3864., 3865., 10122., 693533, 20220805110000)
 (3866., 3867., 3851., 3858., 11313., 693605, 20220805111500)
 (3858., 3883., 3856., 3872., 10697., 694185, 20220805113000)
 (3873., 3883., 3869., 3882., 12693., 695813, 20220805134500)
 (3882., 3894., 3879., 3886., 13901., 695950, 20220805140000)
 (3885., 3892., 3877., 3890.,  7149., 695284, 20220805141500)
 (3890., 3906., 3889., 3903., 17376., 693743, 20220805143000)
 (3903., 3908., 3888., 3888., 12798., 693245, 20220805144500)
 (3890., 3892., 3862., 3863., 23404., 691267, 20220805150000)]
2022-08-08 15:30:00  INFO  [(3860., 3865., 3845., 3848., 31824., 695150, 20220805211500)
 (3847., 3873., 3846., 3864., 13873., 694413, 20220805213000)
 (3864., 3892., 3860., 3890., 15329., 694110, 20220805214500)
 (3890., 3904., 3886., 3901., 11878., 694259, 20220805220000)
 (3900., 3934., 3893., 3931., 23238., 692778, 20220805221500)
 (3932., 3940., 3919., 3925., 20482., 691687, 20220805223000)
 (3925., 3945., 3923., 3945., 13104., 692198, 20220805224500)
 (3945., 3960., 3933., 3956., 17288., 692110, 20220805230000)
 (3948., 3951., 3914., 3940., 43914., 692518, 20220808091500)
 (3940., 3950., 3935., 3949., 11495., 692653, 20220808093000)
 (3949., 3977., 3945., 3975., 25009., 700876, 20220808094500)
 (3976., 3986., 3971., 3982., 29889., 700888, 20220808100000)
 (3982., 3984., 3954., 3966., 17007., 700304, 20220808101500)
 (3966., 3973., 3957., 3961., 11115., 698992, 20220808104500)
 (3961., 3967., 3954., 3957.,  6822., 699716, 20220808110000)
 (3958., 3969., 3954., 3964.,  5818., 700394, 20220808111500)
 (3964., 3965., 3947., 3957.,  7482., 700726, 20220808113000)
 (3957., 3965., 3948., 3960., 14766., 699345, 20220808134500)
 (3960., 3978., 3960., 3974., 11101., 698897, 20220808140000)
 (3974., 3980., 3965., 3978.,  8754., 699984, 20220808141500)
 (3979., 3984., 3970., 3971., 10878., 700189, 20220808143000)
 (3972., 3984., 3966., 3982., 11036., 701548, 20220808144500)
 (3983., 3990., 3972., 3987., 19441., 703986, 20220808150000)]
2022-08-09 15:30:00  INFO  [(3980., 3997., 3953., 3994., 26702., 705707, 20220808211500)
 (3993., 4010., 3987., 4000., 22723., 707440, 20220808213000)
 (4001., 4010., 3997., 4006., 14771., 710006, 20220808214500)
 (4006., 4018., 4001., 4013., 18080., 712259, 20220808220000)
 (4013., 4017., 3988., 3992., 19555., 714014, 20220808221500)
 (3992., 3996., 3974., 3978., 13993., 716027, 20220808223000)
 (3979., 3990., 3974., 3987.,  7912., 715375, 20220808224500)
 (3986., 3995., 3978., 3993.,  7115., 713992, 20220808230000)
 (3994., 3999., 3970., 3971., 22406., 716616, 20220809091500)
 (3971., 3976., 3962., 3967., 14590., 718785, 20220809093000)
 (3967., 3974., 3952., 3954., 22880., 725335, 20220809094500)
 (3955., 3962., 3945., 3951., 19364., 727190, 20220809100000)
 (3950., 3962., 3940., 3954., 14390., 727084, 20220809101500)
 (3950., 3966., 3950., 3956., 11468., 730653, 20220809104500)
 (3956., 3965., 3947., 3962.,  8515., 730026, 20220809110000)
 (3962., 3972., 3954., 3959., 10089., 730802, 20220809111500)
 (3960., 3963., 3945., 3949.,  8142., 731026, 20220809113000)
 (3950., 3954., 3933., 3951., 19368., 732763, 20220809134500)
 (3951., 3960., 3943., 3950., 14456., 735922, 20220809140000)
 (3950., 3965., 3942., 3963., 12865., 737178, 20220809141500)
 (3963., 3967., 3931., 3937., 23070., 740044, 20220809143000)
 (3937., 3945., 3932., 3939., 13395., 740071, 20220809144500)
 (3939., 3945., 3928., 3943., 18029., 740797, 20220809150000)]
2022-08-10 15:30:00  INFO  [(3959., 3960., 3918., 3949., 34424., 740639, 20220809211500)
 (3949., 3957., 3942., 3951., 14046., 741125, 20220809213000)
 (3951., 3963., 3950., 3956., 10121., 741688, 20220809214500)
 (3956., 3957., 3946., 3951.,  7611., 742496, 20220809220000)
 (3951., 3953., 3938., 3947.,  9606., 743204, 20220809221500)
 (3947., 3958., 3946., 3955., 10491., 743930, 20220809223000)
 (3955., 3956., 3912., 3921., 23427., 746618, 20220809224500)
 (3920., 3930., 3917., 3924., 13400., 745478, 20220809230000)
 (3924., 3931., 3913., 3921., 18563., 746993, 20220810091500)
 (3921., 3933., 3921., 3927., 10179., 746516, 20220810093000)
 (3927., 3940., 3922., 3938., 14861., 746239, 20220810094500)
 (3938., 3943., 3931., 3941., 11678., 747165, 20220810100000)
 (3941., 3952., 3936., 3938., 14348., 748503, 20220810101500)
 (3934., 3942., 3918., 3920., 21430., 749615, 20220810104500)
 (3919., 3927., 3916., 3916.,  9305., 750028, 20220810110000)
 (3916., 3919., 3904., 3911., 19890., 751725, 20220810111500)
 (3911., 3918., 3893., 3894., 19791., 753944, 20220810113000)
 (3890., 3915., 3885., 3910., 33478., 757120, 20220810134500)
 (3909., 3910., 3893., 3904., 11358., 758780, 20220810140000)
 (3904., 3913., 3897., 3910.,  9903., 759072, 20220810141500)
 (3910., 3921., 3906., 3919., 13772., 759623, 20220810143000)
 (3920., 3921., 3901., 3907., 14384., 760452, 20220810144500)
 (3907., 3917., 3900., 3904., 12886., 760450, 20220810150000)]
2022-08-11 15:30:00  INFO  [(3926., 3951., 3926., 3930., 53537., 763136, 20220810211500)
 (3930., 3932., 3911., 3916., 20906., 765995, 20220810213000)
 (3917., 3919., 3905., 3910., 14414., 767265, 20220810214500)
 (3910., 3915., 3908., 3914., 10995., 766067, 20220810220000)
 (3915., 3920., 3891., 3892., 14574., 767178, 20220810221500)
 (3892., 3898., 3872., 3872., 29974., 770611, 20220810223000)
 (3873., 3892., 3871., 3884., 17347., 772399, 20220810224500)
 (3883., 3894., 3880., 3885.,  8238., 771132, 20220810230000)
 (3900., 3916., 3896., 3905., 28328., 771958, 20220811091500)
 (3905., 3923., 3905., 3921., 21215., 773350, 20220811093000)
 (3921., 3931., 3915., 3930., 11927., 774069, 20220811094500)
 (3929., 3936., 3915., 3925., 24123., 778141, 20220811100000)
 (3926., 3933., 3917., 3920., 13758., 777084, 20220811101500)
 (3919., 3925., 3894., 3897., 20870., 777737, 20220811104500)
 (3896., 3909., 3895., 3906., 11826., 778753, 20220811110000)
 (3907., 3917., 3902., 3911., 13979., 781969, 20220811111500)
 (3911., 3925., 3903., 3908., 14410., 782934, 20220811113000)
 (3905., 3933., 3885., 3931., 52625., 787469, 20220811134500)
 (3931., 3938., 3924., 3936., 20530., 787785, 20220811140000)
 (3936., 3939., 3920., 3925., 11165., 787249, 20220811141500)
 (3925., 3938., 3919., 3937., 12337., 786898, 20220811143000)
 (3936., 3947., 3933., 3940., 19679., 783545, 20220811144500)
 (3940., 3942., 3933., 3940., 11513., 783446, 20220811150000)]
2022-08-12 15:30:00  INFO  [(3958., 3968., 3940., 3944., 43389., 780423, 20220811211500)
 (3943., 3957., 3942., 3956., 11404., 781314, 20220811213000)
 (3956., 3957., 3945., 3949.,  5848., 781376, 20220811214500)
 (3949., 3950., 3940., 3942.,  8233., 782416, 20220811220000)
 (3941., 3948., 3938., 3944.,  8379., 784033, 20220811221500)
 (3945., 3953., 3934., 3936., 10083., 784834, 20220811223000)
 (3936., 3956., 3935., 3955.,  9351., 785076, 20220811224500)
 (3954., 3962., 3951., 3960., 12440., 784580, 20220811230000)
 (3962., 3970., 3952., 3963., 25104., 787911, 20220812091500)
 (3963., 3974., 3956., 3973., 16645., 789770, 20220812093000)
 (3973., 3978., 3954., 3957., 19111., 788636, 20220812094500)
 (3957., 3962., 3945., 3948., 14564., 788113, 20220812100000)
 (3948., 3954., 3928., 3940., 27028., 787250, 20220812101500)
 (3938., 3946., 3936., 3937., 11880., 786877, 20220812104500)
 (3937., 3948., 3934., 3937.,  8427., 787051, 20220812110000)
 (3938., 3940., 3927., 3938., 13630., 786889, 20220812111500)
 (3938., 3942., 3931., 3942., 10189., 783604, 20220812113000)
 (3946., 3960., 3943., 3946., 17794., 784188, 20220812134500)
 (3947., 3959., 3945., 3954., 10164., 784285, 20220812140000)
 (3955., 3960., 3948., 3950.,  8199., 783990, 20220812141500)
 (3951., 3960., 3950., 3957.,  8466., 784163, 20220812143000)
 (3957., 3961., 3949., 3961.,  8901., 784282, 20220812144500)
 (3960., 3966., 3952., 3965., 15452., 784563, 20220812150000)]
2022-08-15 15:30:00  INFO  [(3930., 3995., 3930., 3982., 71622., 786815, 20220812211500)
 (3982., 3992., 3965., 3985., 26901., 789254, 20220812213000)
 (3986., 3987., 3973., 3976., 17007., 791842, 20220812214500)
 (3977., 3982., 3972., 3981., 10653., 791634, 20220812220000)
 (3980., 3981., 3969., 3974.,  8146., 791345, 20220812221500)
 (3974., 3988., 3971., 3983., 14717., 794168, 20220812223000)
 (3983., 3991., 3978., 3991., 17424., 792855, 20220812224500)
 (3991., 3991., 3972., 3983., 17914., 792568, 20220812230000)
 (3975., 3982., 3958., 3959., 37742., 788618, 20220815091500)
 (3959., 3984., 3959., 3984., 22252., 789220, 20220815093000)
 (3984., 3991., 3976., 3985., 18566., 790007, 20220815094500)
 (3987., 3988., 3970., 3982., 15298., 793692, 20220815100000)
 (3982., 3984., 3948., 3952., 38944., 797958, 20220815101500)
 (3952., 3958., 3936., 3942., 26367., 801292, 20220815104500)
 (3942., 3946., 3933., 3943., 21968., 804337, 20220815110000)
 (3943., 3950., 3931., 3945., 19262., 807718, 20220815111500)
 (3945., 3945., 3925., 3931., 14440., 808535, 20220815113000)
 (3933., 3944., 3930., 3939., 12650., 808217, 20220815134500)
 (3939., 3939., 3904., 3908., 25688., 812202, 20220815140000)
 (3907., 3914., 3882., 3889., 31086., 816825, 20220815141500)
 (3890., 3909., 3885., 3908., 20810., 817277, 20220815143000)
 (3907., 3911., 3896., 3909., 16009., 817139, 20220815144500)
 (3910., 3916., 3903., 3903., 23955., 816261, 20220815150000)]
2022-08-16 15:30:00  INFO  [(3877., 3890., 3851., 3886., 46002., 818967, 20220815211500)
 (3885., 3888., 3878., 3882., 11697., 819272, 20220815213000)
 (3882., 3894., 3877., 3879., 13976., 820893, 20220815214500)
 (3878., 3890., 3875., 3877., 14191., 824814, 20220815220000)
 (3877., 3884., 3869., 3884., 11152., 825100, 20220815221500)
 (3883., 3891., 3881., 3884.,  9753., 827619, 20220815223000)
 (3884., 3890., 3878., 3889.,  4664., 827968, 20220815224500)
 (3889., 3896., 3883., 3888.,  8439., 825863, 20220815230000)
 (3890., 3900., 3888., 3896., 22433., 825341, 20220816091500)
 (3897., 3904., 3890., 3903., 11331., 824494, 20220816093000)
 (3903., 3927., 3902., 3924., 24765., 819854, 20220816094500)
 (3924., 3932., 3919., 3920., 13204., 818769, 20220816100000)
 (3921., 3942., 3919., 3937., 21335., 819743, 20220816101500)
 (3938., 3955., 3932., 3955., 23672., 817097, 20220816104500)
 (3955., 3957., 3943., 3949., 18941., 817613, 20220816110000)
 (3949., 3951., 3938., 3946., 12214., 817317, 20220816111500)
 (3947., 3954., 3935., 3946., 14872., 816444, 20220816113000)
 (3945., 3949., 3926., 3938., 16325., 817115, 20220816134500)
 (3938., 3949., 3932., 3946., 11536., 819348, 20220816140000)
 (3945., 3948., 3936., 3946.,  9228., 821713, 20220816141500)
 (3946., 3948., 3932., 3932.,  9486., 823219, 20220816143000)
 (3933., 3944., 3928., 3938., 11540., 823512, 20220816144500)
 (3939., 3940., 3930., 3932., 12134., 821733, 20220816150000)]
2022-08-17 15:30:00  INFO  [(3940., 3951., 3933., 3939., 25585., 822461, 20220816211500)
 (3940., 3940., 3923., 3928., 16429., 821708, 20220816213000)
 (3929., 3935., 3923., 3931., 13913., 824284, 20220816214500)
 (3931., 3940., 3923., 3923., 10017., 825368, 20220816220000)
 (3924., 3937., 3920., 3924., 12864., 824684, 20220816221500)
 (3925., 3932., 3923., 3923.,  6085., 825631, 20220816223000)
 (3923., 3928., 3921., 3926.,  4774., 826006, 20220816224500)
 (3926., 3928., 3912., 3920., 11176., 823724, 20220816230000)
 (3923., 3926., 3907., 3920., 19966., 824404, 20220817091500)
 (3919., 3924., 3912., 3916., 17496., 823885, 20220817093000)
 (3916., 3917., 3883., 3887., 36917., 828791, 20220817094500)
 (3888., 3905., 3886., 3893., 16837., 828610, 20220817100000)
 (3893., 3896., 3884., 3892., 18299., 831474, 20220817101500)
 (3891., 3901., 3881., 3882., 21097., 831948, 20220817104500)
 (3881., 3890., 3880., 3881., 17833., 833314, 20220817110000)
 (3882., 3889., 3862., 3863., 20536., 837981, 20220817111500)
 (3863., 3877., 3851., 3862., 53132., 846597, 20220817113000)
 (3854., 3882., 3850., 3872., 42904., 848701, 20220817134500)
 (3873., 3885., 3864., 3883., 26848., 846973, 20220817140000)
 (3883., 3895., 3879., 3882., 34467., 852259, 20220817141500)
 (3884., 3884., 3855., 3855., 21786., 854932, 20220817143000)
 (3856., 3857., 3815., 3818., 61410., 865401, 20220817144500)
 (3819., 3824., 3793., 3797., 71525., 874208, 20220817150000)]
2022-08-18 15:30:00  INFO  [(3795., 3816., 3779., 3810., 53497., 880005, 20220817211500)
 (3810., 3820., 3804., 3816., 24767., 884569, 20220817213000)
 (3815., 3818., 3802., 3812., 12070., 885790, 20220817214500)
 (3812., 3812., 3798., 3805., 12628., 886785, 20220817220000)
 (3805., 3812., 3801., 3809., 11952., 889050, 20220817221500)
 (3809., 3825., 3808., 3823., 16080., 889781, 20220817223000)
 (3823., 3833., 3808., 3814., 25033., 891901, 20220817224500)
 (3814., 3819., 3803., 3809., 10719., 890389, 20220817230000)
 (3815., 3826., 3812., 3822., 17219., 891269, 20220818091500)
 (3822., 3828., 3816., 3826.,  9995., 891715, 20220818093000)
 (3825., 3828., 3820., 3828., 12780., 893355, 20220818094500)
 (3828., 3828., 3812., 3819., 10472., 893779, 20220818100000)
 (3819., 3820., 3796., 3800., 19655., 896247, 20220818101500)
 (3799., 3799., 3751., 3760., 54887., 906133, 20220818104500)
 (3761., 3788., 3754., 3765., 38385., 907064, 20220818110000)
 (3765., 3784., 3760., 3779., 28076., 913232, 20220818111500)
 (3779., 3797., 3766., 3795., 29854., 914430, 20220818113000)
 (3800., 3831., 3800., 3813., 76161., 912556, 20220818134500)
 (3813., 3829., 3804., 3827., 35940., 918828, 20220818140000)
 (3827., 3830., 3816., 3820., 21630., 921620, 20220818141500)
 (3820., 3824., 3803., 3814., 20809., 921666, 20220818143000)
 (3814., 3814., 3787., 3790., 30372., 920672, 20220818144500)
 (3790., 3795., 3777., 3783., 34385., 922879, 20220818150000)]
2022-08-19 15:30:00  INFO  [(3804., 3810., 3787., 3798., 45212., 923536, 20220818211500)
 (3797., 3804., 3790., 3796., 17080., 926379, 20220818213000)
 (3795., 3798., 3784., 3787., 14635., 929301, 20220818214500)
 (3787., 3789., 3771., 3777., 21244., 930054, 20220818220000)
 (3777., 3777., 3755., 3758., 31398., 933271, 20220818221500)
 (3758., 3785., 3752., 3781., 39885., 933035, 20220818223000)
 (3780., 3782., 3759., 3765., 23647., 935344, 20220818224500)
 (3765., 3776., 3762., 3768., 12839., 933673, 20220818230000)
 (3768., 3785., 3765., 3773., 28477., 932429, 20220819091500)
 (3772., 3777., 3759., 3761., 13700., 933352, 20220819093000)
 (3761., 3775., 3759., 3775., 10302., 933452, 20220819094500)
 (3775., 3777., 3755., 3755., 15985., 932212, 20220819100000)
 (3756., 3765., 3745., 3763., 29414., 936115, 20220819101500)
 (3762., 3780., 3756., 3775., 38107., 931844, 20220819104500)
 (3775., 3790., 3767., 3788., 26446., 927910, 20220819110000)
 (3788., 3804., 3780., 3799., 40164., 924820, 20220819111500)
 (3799., 3803., 3776., 3789., 29132., 928144, 20220819113000)
 (3788., 3790., 3763., 3767., 29250., 929461, 20220819134500)
 (3767., 3775., 3757., 3759., 23278., 932337, 20220819140000)
 (3759., 3766., 3742., 3743., 44494., 941994, 20220819141500)
 (3743., 3762., 3741., 3749., 34193., 943632, 20220819143000)
 (3749., 3751., 3727., 3729., 39088., 950296, 20220819144500)
 (3728., 3731., 3713., 3714., 60926., 953420, 20220819150000)]
2022-08-22 15:30:00  INFO  [(3710., 3740., 3710., 3719., 71743., 941810, 20220819211500)
 (3720., 3744., 3711., 3736., 31462., 945050, 20220819213000)
 (3737., 3742., 3730., 3737., 21130., 945824, 20220819214500)
 (3737., 3754., 3728., 3749., 30260., 949681, 20220819220000)
 (3749., 3768., 3744., 3764., 23575., 946083, 20220819221500)
 (3764., 3776., 3757., 3762., 33969., 944764, 20220819223000)
 (3762., 3785., 3758., 3779., 27082., 945851, 20220819224500)
 (3778., 3787., 3771., 3786., 27914., 945197, 20220819230000)
 (3782., 3803., 3776., 3799., 62850., 948416, 20220822091500)
 (3799., 3800., 3771., 3782., 36000., 951263, 20220822093000)
 (3782., 3795., 3775., 3791., 24287., 949427, 20220822094500)
 (3791., 3798., 3788., 3795., 14542., 950331, 20220822100000)
 (3796., 3808., 3792., 3795., 22340., 949313, 20220822101500)
 (3795., 3796., 3781., 3787., 17981., 951300, 20220822104500)
 (3787., 3802., 3781., 3802., 14025., 952748, 20220822110000)
 (3801., 3803., 3789., 3798., 11151., 953735, 20220822111500)
 (3799., 3819., 3794., 3803., 38856., 948509, 20220822113000)
 (3803., 3808., 3790., 3791., 19601., 950483, 20220822134500)
 (3790., 3809., 3787., 3808., 24145., 956120, 20220822140000)
 (3808., 3808., 3798., 3806., 13860., 957447, 20220822141500)
 (3806., 3815., 3805., 3810., 15950., 959708, 20220822143000)
 (3810., 3810., 3796., 3807., 15042., 960076, 20220822144500)
 (3807., 3807., 3797., 3803., 16267., 958736, 20220822150000)]
2022-08-23 15:30:00  INFO  [(3818., 3818., 3785., 3793., 43911., 962721, 20220822211500)
 (3793., 3801., 3789., 3797., 14550., 962812, 20220822213000)
 (3797., 3797., 3772., 3779., 32784., 962086, 20220822214500)
 (3779., 3783., 3771., 3779., 17208., 962974, 20220822220000)
 (3780., 3797., 3774., 3789., 24658., 966246, 20220822221500)
 (3789., 3806., 3788., 3798., 20588., 967026, 20220822223000)
 (3798., 3804., 3791., 3794., 10880., 967947, 20220822224500)
 (3794., 3813., 3789., 3811., 15993., 966041, 20220822230000)
 (3814., 3847., 3814., 3843., 71965., 961654, 20220823091500)
 (3843., 3849., 3831., 3840., 37343., 968441, 20220823093000)
 (3839., 3848., 3832., 3838., 24563., 971192, 20220823094500)
 (3838., 3852., 3835., 3850., 24720., 966951, 20220823100000)
 (3850., 3853., 3841., 3851., 24472., 964233, 20220823101500)
 (3851., 3852., 3839., 3840., 16379., 962181, 20220823104500)
 (3840., 3844., 3835., 3838., 10848., 961912, 20220823110000)
 (3838., 3847., 3837., 3845.,  8427., 962350, 20220823111500)
 (3845., 3853., 3840., 3843., 14590., 964425, 20220823113000)
 (3839., 3841., 3830., 3834., 24619., 963233, 20220823134500)
 (3834., 3835., 3824., 3832., 20440., 964939, 20220823140000)
 (3832., 3842., 3829., 3834., 13638., 966091, 20220823141500)
 (3833., 3835., 3823., 3827., 15174., 965661, 20220823143000)
 (3827., 3830., 3822., 3830., 17858., 966096, 20220823144500)
 (3830., 3840., 3824., 3839., 22928., 964834, 20220823150000)]
2022-08-24 15:30:00  INFO  [(3838., 3848., 3832., 3837., 44743.,  973584, 20220823211500)
 (3837., 3843., 3834., 3839., 11889.,  974097, 20220823213000)
 (3839., 3848., 3836., 3846., 18899.,  974722, 20220823214500)
 (3846., 3849., 3839., 3843., 17085.,  976278, 20220823220000)
 (3843., 3847., 3840., 3845., 10038.,  976428, 20220823221500)
 (3845., 3874., 3845., 3861., 41128.,  975535, 20220823223000)
 (3862., 3877., 3861., 3877., 18612.,  974697, 20220823224500)
 (3877., 3878., 3843., 3848., 37582.,  976661, 20220823230000)
 (3850., 3858., 3840., 3840., 27413.,  980705, 20220824091500)
 (3840., 3846., 3840., 3844., 13193.,  983872, 20220824093000)
 (3844., 3847., 3826., 3832., 30389.,  983376, 20220824094500)
 (3831., 3832., 3815., 3816., 35356.,  984448, 20220824100000)
 (3815., 3834., 3813., 3825., 21486.,  987555, 20220824101500)
 (3823., 3825., 3807., 3811., 36015.,  993573, 20220824104500)
 (3810., 3832., 3810., 3828., 23951.,  995969, 20220824110000)
 (3830., 3845., 3826., 3845., 32472.,  994972, 20220824111500)
 (3844., 3847., 3824., 3826., 27909.,  999098, 20220824113000)
 (3825., 3843., 3817., 3841., 31202.,  999904, 20220824134500)
 (3841., 3845., 3825., 3831., 28524., 1006747, 20220824140000)
 (3831., 3835., 3821., 3828., 10973., 1008065, 20220824141500)
 (3828., 3831., 3819., 3824., 17133., 1009175, 20220824143000)
 (3825., 3840., 3822., 3839., 24370., 1012845, 20220824144500)
 (3840., 3848., 3834., 3847., 27530., 1010690, 20220824150000)]
2022-08-25 15:30:00  INFO  [(3860., 3870., 3846., 3851.,  64869., 1017758, 20220824211500)
 (3852., 3862., 3848., 3850.,  25988., 1022605, 20220824213000)
 (3849., 3865., 3848., 3862.,  20943., 1024868, 20220824214500)
 (3862., 3865., 3854., 3864.,  19222., 1025503, 20220824220000)
 (3864., 3883., 3861., 3882.,  50660., 1035089, 20220824221500)
 (3881., 3885., 3863., 3878.,  26519., 1035800, 20220824223000)
 (3878., 3879., 3856., 3859.,  30910., 1036499, 20220824224500)
 (3859., 3871., 3859., 3869.,  14660., 1035850, 20220824230000)
 (3870., 3876., 3857., 3858.,  31022., 1042787, 20220825091500)
 (3859., 3867., 3848., 3848.,  28477., 1047185, 20220825093000)
 (3848., 3858., 3845., 3850.,  17964., 1048532, 20220825094500)
 (3850., 3871., 3849., 3870.,  32823., 1048527, 20220825100000)
 (3870., 3872., 3858., 3864.,  26582., 1050729, 20220825101500)
 (3865., 3873., 3862., 3867.,  18243., 1050346, 20220825104500)
 (3868., 3873., 3866., 3871.,   9206., 1051677, 20220825110000)
 (3871., 3889., 3870., 3876.,  43611., 1049945, 20220825111500)
 (3876., 3882., 3868., 3878.,  16603., 1051264, 20220825113000)
 (3855., 3855., 3818., 3849., 154237., 1074701, 20220825134500)
 (3849., 3862., 3846., 3847.,  58172., 1072188, 20220825140000)
 (3847., 3855., 3833., 3835.,  34936., 1075102, 20220825141500)
 (3835., 3849., 3832., 3842.,  33110., 1078084, 20220825143000)
 (3842., 3850., 3825., 3826.,  40316., 1084384, 20220825144500)
 (3826., 3834., 3813., 3815.,  51003., 1092473, 20220825150000)]
2022-08-26 15:30:00  INFO  [(3815., 3843., 3807., 3840., 68838., 1103540, 20220825211500)
 (3840., 3849., 3836., 3846., 39044., 1106942, 20220825213000)
 (3847., 3854., 3843., 3848., 37132., 1111174, 20220825214500)
 (3848., 3850., 3844., 3847., 21519., 1111708, 20220825220000)
 (3847., 3859., 3833., 3844., 42588., 1111240, 20220825221500)
 (3845., 3846., 3828., 3831., 25122., 1114657, 20220825223000)
 (3831., 3839., 3826., 3833., 20531., 1116006, 20220825224500)
 (3833., 3839., 3825., 3837., 20844., 1116321, 20220825230000)
 (3835., 3849., 3832., 3835., 28509., 1115802, 20220826091500)
 (3835., 3854., 3835., 3854., 24440., 1118252, 20220826093000)
 (3854., 3854., 3845., 3848., 18710., 1120275, 20220826094500)
 (3848., 3853., 3840., 3852., 19315., 1118405, 20220826100000)
 (3853., 3859., 3847., 3855., 23139., 1120885, 20220826101500)
 (3856., 3870., 3855., 3865., 44598., 1123028, 20220826104500)
 (3865., 3875., 3865., 3867., 35678., 1126037, 20220826110000)
 (3867., 3872., 3842., 3842., 61080., 1139762, 20220826111500)
 (3842., 3860., 3840., 3854., 30453., 1138956, 20220826113000)
 (3853., 3855., 3844., 3854., 22373., 1141441, 20220826134500)
 (3854., 3863., 3850., 3858., 28220., 1142379, 20220826140000)
 (3859., 3863., 3852., 3858., 22610., 1146719, 20220826141500)
 (3858., 3860., 3850., 3860., 23381., 1151898, 20220826143000)
 (3859., 3868., 3855., 3856., 34020., 1153137, 20220826144500)
 (3856., 3882., 3852., 3866., 92735., 1167198, 20220826150000)]
2022-08-29 15:30:00  INFO  [(3890., 3916., 3887., 3893., 156871., 1166941, 20220826211500)
 (3893., 3898., 3889., 3898.,  42775., 1168685, 20220826213000)
 (3898., 3899., 3867., 3871.,  54239., 1170500, 20220826214500)
 (3871., 3875., 3854., 3867.,  60770., 1178018, 20220826220000)
 (3866., 3877., 3854., 3868.,  56546., 1189604, 20220826221500)
 (3867., 3877., 3858., 3861.,  34150., 1192622, 20220826223000)
 (3861., 3865., 3838., 3847.,  61826., 1199030, 20220826224500)
 (3847., 3856., 3840., 3841.,  39310., 1199536, 20220826230000)
 (3829., 3835., 3810., 3824., 156367., 1207358, 20220829091500)
 (3824., 3829., 3780., 3781.,  99402., 1226575, 20220829093000)
 (3781., 3804., 3777., 3800.,  69103., 1230229, 20220829094500)
 (3800., 3814., 3793., 3799.,  39648., 1230945, 20220829100000)
 (3800., 3802., 3784., 3792.,  35245., 1239075, 20220829101500)
 (3791., 3793., 3776., 3780.,  49482., 1252533, 20220829104500)
 (3779., 3780., 3760., 3762.,  58723., 1264427, 20220829110000)
 (3762., 3775., 3757., 3764.,  54062., 1275177, 20220829111500)
 (3765., 3773., 3762., 3768.,  28656., 1280010, 20220829113000)
 (3765., 3765., 3739., 3756.,  94967., 1295926, 20220829134500)
 (3756., 3760., 3750., 3758.,  24034., 1299129, 20220829140000)
 (3758., 3758., 3743., 3746.,  30832., 1304935, 20220829141500)
 (3747., 3763., 3745., 3755.,  37192., 1310028, 20220829143000)
 (3755., 3759., 3744., 3746.,  31338., 1314611, 20220829144500)
 (3745., 3765., 3734., 3761.,  78567., 1318488, 20220829150000)]
2022-08-30 15:30:00  INFO  [(3770., 3770., 3725., 3739., 144041., 1355725, 20220829211500)
 (3738., 3745., 3725., 3744.,  54862., 1365723, 20220829213000)
 (3745., 3757., 3738., 3744.,  48567., 1367853, 20220829214500)
 (3744., 3753., 3739., 3750.,  20755., 1369838, 20220829220000)
 (3751., 3757., 3749., 3751.,  24246., 1369916, 20220829221500)
 (3751., 3754., 3734., 3737.,  30333., 1373039, 20220829223000)
 (3736., 3745., 3732., 3737.,  18934., 1373923, 20220829224500)
 (3738., 3745., 3731., 3736.,  25264., 1374726, 20220829230000)
 (3735., 3753., 3723., 3732.,  69220., 1384007, 20220830091500)
 (3733., 3735., 3721., 3721.,  44435., 1392239, 20220830093000)
 (3721., 3723., 3687., 3692., 160366., 1425152, 20220830094500)
 (3692., 3722., 3691., 3712., 102913., 1430279, 20220830100000)
 (3712., 3720., 3702., 3717.,  64083., 1433326, 20220830101500)
 (3715., 3719., 3698., 3711.,  58372., 1433426, 20220830104500)
 (3711., 3719., 3707., 3708.,  34263., 1433429, 20220830110000)
 (3708., 3710., 3696., 3701.,  37963., 1437040, 20220830111500)
 (3700., 3707., 3682., 3690.,  60973., 1443849, 20220830113000)
 (3689., 3703., 3681., 3697.,  62056., 1442134, 20220830134500)
 (3697., 3701., 3675., 3684.,  65810., 1454559, 20220830140000)
 (3685., 3691., 3678., 3679.,  42598., 1456385, 20220830141500)
 (3678., 3683., 3659., 3662.,  69085., 1464385, 20220830143000)
 (3661., 3674., 3652., 3673.,  86836., 1470893, 20220830144500)
 (3673., 3685., 3654., 3661., 100360., 1468467, 20220830150000)]
2022-08-31 15:30:00  INFO  [(3650., 3704., 3650., 3693., 206558., 1468800, 20220830211500)
 (3693., 3698., 3685., 3685.,  67881., 1476282, 20220830213000)
 (3685., 3697., 3681., 3690.,  42024., 1478471, 20220830214500)
 (3690., 3693., 3683., 3692.,  25570., 1481923, 20220830220000)
 (3692., 3698., 3686., 3689.,  30649., 1482589, 20220830221500)
 (3689., 3701., 3688., 3695.,  37423., 1484206, 20220830223000)
 (3695., 3702., 3692., 3695.,  31116., 1484207, 20220830224500)
 (3695., 3696., 3682., 3685.,  45622., 1481096, 20220830230000)
 (3683., 3692., 3671., 3682.,  91209., 1497035, 20220831091500)
 (3682., 3683., 3664., 3668.,  55719., 1511534, 20220831093000)
 (3668., 3695., 3666., 3690.,  96189., 1525258, 20220831094500)
 (3690., 3698., 3684., 3696.,  52573., 1531803, 20220831100000)
 (3697., 3700., 3678., 3680.,  55449., 1535535, 20220831101500)
 (3680., 3682., 3668., 3670.,  72920., 1546315, 20220831104500)
 (3671., 3680., 3668., 3675.,  34881., 1550803, 20220831110000)
 (3675., 3681., 3672., 3679.,  25659., 1552964, 20220831111500)
 (3678., 3682., 3667., 3671.,  38948., 1560962, 20220831113000)
 (3681., 3695., 3662., 3667., 120260., 1579753, 20220831134500)
 (3667., 3678., 3657., 3676.,  77638., 1590054, 20220831140000)
 (3676., 3678., 3666., 3677.,  49406., 1593876, 20220831141500)
 (3677., 3682., 3670., 3676.,  46874., 1593557, 20220831143000)
 (3676., 3679., 3664., 3666.,  36364., 1595771, 20220831144500)
 (3666., 3680., 3664., 3677.,  60577., 1589990, 20220831150000)]
2022-09-01 15:30:00  INFO  [(3694., 3720., 3684., 3715., 250913., 1592819, 20220831211500)
 (3716., 3729., 3710., 3728.,  97528., 1592477, 20220831213000)
 (3728., 3729., 3711., 3712.,  81687., 1600627, 20220831214500)
 (3712., 3717., 3702., 3704.,  68040., 1610571, 20220831220000)
 (3703., 3706., 3696., 3698.,  65713., 1615235, 20220831221500)
 (3699., 3699., 3688., 3693.,  64169., 1620660, 20220831223000)
 (3692., 3698., 3681., 3685.,  58021., 1627339, 20220831224500)
 (3685., 3710., 3684., 3702.,  98103., 1613562, 20220831230000)
 (3695., 3703., 3691., 3692.,  68637., 1621525, 20220901091500)
 (3692., 3696., 3686., 3694.,  37326., 1629231, 20220901093000)
 (3694., 3697., 3685., 3689.,  34972., 1632189, 20220901094500)
 (3688., 3701., 3684., 3693.,  48318., 1635103, 20220901100000)
 (3694., 3694., 3685., 3688.,  28503., 1633625, 20220901101500)
 (3687., 3690., 3677., 3678.,  62719., 1638874, 20220901104500)
 (3678., 3692., 3672., 3692.,  69257., 1642312, 20220901110000)
 (3691., 3698., 3688., 3696.,  45425., 1637421, 20220901111500)
 (3697., 3714., 3692., 3697., 114151., 1627009, 20220901113000)
 (3701., 3708., 3670., 3678., 147534., 1644505, 20220901134500)
 (3678., 3685., 3671., 3672.,  67084., 1642512, 20220901140000)
 (3672., 3676., 3655., 3658.,  97079., 1665149, 20220901141500)
 (3658., 3665., 3637., 3646., 147592., 1695361, 20220901143000)
 (3645., 3662., 3643., 3645.,  88928., 1699643, 20220901144500)
 (3646., 3648., 3626., 3642., 127495., 1705345, 20220901150000)]
2022-09-02 15:30:00  INFO  [(3628., 3637., 3618., 3631., 187625., 1717334, 20220901211500)
 (3632., 3641., 3628., 3638.,  57645., 1715778, 20220901213000)
 (3638., 3654., 3635., 3654.,  63887., 1710837, 20220901214500)
 (3653., 3655., 3637., 3641.,  55766., 1705923, 20220901220000)
 (3641., 3649., 3635., 3642.,  39964., 1706406, 20220901221500)
 (3642., 3644., 3630., 3642.,  44145., 1706714, 20220901223000)
 (3642., 3646., 3629., 3632.,  34576., 1707543, 20220901224500)
 (3633., 3635., 3616., 3617.,  67384., 1712817, 20220901230000)
 (3622., 3639., 3620., 3624.,  91376., 1719437, 20220902091500)
 (3624., 3628., 3613., 3623.,  63398., 1722874, 20220902093000)
 (3624., 3624., 3608., 3613.,  66680., 1729964, 20220902094500)
 (3612., 3620., 3602., 3605.,  62276., 1739574, 20220902100000)
 (3604., 3607., 3576., 3582., 141924., 1757510, 20220902101500)
 (3580., 3598., 3575., 3598.,  94932., 1752398, 20220902104500)
 (3598., 3626., 3594., 3624., 138912., 1741698, 20220902110000)
 (3623., 3639., 3604., 3639., 124531., 1740608, 20220902111500)
 (3639., 3646., 3624., 3630., 117091., 1724232, 20220902113000)
 (3626., 3634., 3618., 3632.,  70398., 1721696, 20220902134500)
 (3632., 3632., 3620., 3626.,  29881., 1724091, 20220902140000)
 (3626., 3633., 3621., 3628.,  30639., 1724468, 20220902141500)
 (3627., 3631., 3609., 3617.,  63459., 1725743, 20220902143000)
 (3616., 3635., 3611., 3624.,  67981., 1727672, 20220902144500)
 (3624., 3643., 3623., 3637.,  93286., 1712615, 20220902150000)]
2022-09-05 15:30:00  INFO  [(3650., 3657., 3639., 3642., 168554., 1705054, 20220902211500)
 (3642., 3648., 3631., 3644.,  76402., 1706410, 20220902213000)
 (3644., 3644., 3624., 3627.,  57681., 1711255, 20220902214500)
 (3627., 3634., 3621., 3633.,  40048., 1714661, 20220902220000)
 (3633., 3645., 3629., 3645.,  45278., 1711214, 20220902221500)
 (3645., 3655., 3638., 3653.,  61644., 1704885, 20220902223000)
 (3652., 3679., 3650., 3675., 141798., 1689686, 20220902224500)
 (3675., 3693., 3670., 3683., 143131., 1670604, 20220902230000)
 (3670., 3671., 3648., 3667., 161042., 1666069, 20220905091500)
 (3668., 3673., 3658., 3660.,  53180., 1672097, 20220905093000)
 (3659., 3669., 3646., 3648.,  61199., 1680404, 20220905094500)
 (3649., 3658., 3648., 3655.,  38805., 1683968, 20220905100000)
 (3654., 3664., 3647., 3655.,  43428., 1684109, 20220905101500)
 (3655., 3674., 3650., 3661.,  82701., 1679550, 20220905104500)
 (3661., 3672., 3660., 3667.,  33913., 1680636, 20220905110000)
 (3667., 3683., 3667., 3683.,  51178., 1678391, 20220905111500)
 (3681., 3684., 3671., 3675.,  50000., 1672829, 20220905113000)
 (3675., 3684., 3665., 3680.,  57411., 1673676, 20220905134500)
 (3681., 3687., 3670., 3684.,  65555., 1673258, 20220905140000)
 (3684., 3696., 3682., 3690.,  79809., 1667794, 20220905141500)
 (3691., 3705., 3687., 3704.,  66552., 1663185, 20220905143000)
 (3705., 3706., 3690., 3695.,  70472., 1657209, 20220905144500)
 (3695., 3699., 3686., 3691.,  65841., 1652554, 20220905150000)]
2022-09-06 15:30:00  INFO  [(3708., 3709., 3684., 3685., 128615., 1658641, 20220905211500)
 (3685., 3688., 3677., 3678.,  62563., 1664617, 20220905213000)
 (3679., 3684., 3672., 3678.,  65214., 1665935, 20220905214500)
 (3679., 3696., 3677., 3694.,  49582., 1665410, 20220905220000)
 (3693., 3702., 3691., 3700.,  59869., 1667259, 20220905221500)
 (3700., 3702., 3692., 3700.,  30986., 1666082, 20220905223000)
 (3699., 3707., 3692., 3694.,  55946., 1662512, 20220905224500)
 (3694., 3697., 3686., 3697.,  39804., 1655827, 20220905230000)
 (3701., 3705., 3693., 3701.,  60855., 1656890, 20220906091500)
 (3701., 3705., 3692., 3693.,  36791., 1657836, 20220906093000)
 (3693., 3696., 3681., 3683.,  50545., 1658684, 20220906094500)
 (3683., 3689., 3678., 3683.,  44535., 1663415, 20220906100000)
 (3683., 3689., 3675., 3677.,  38253., 1665457, 20220906101500)
 (3677., 3700., 3677., 3696.,  66199., 1657694, 20220906104500)
 (3696., 3698., 3683., 3690.,  38062., 1657633, 20220906110000)
 (3690., 3706., 3679., 3706.,  74875., 1661761, 20220906111500)
 (3706., 3706., 3696., 3698.,  53155., 1663147, 20220906113000)
 (3699., 3703., 3685., 3695.,  75817., 1663883, 20220906134500)
 (3694., 3696., 3685., 3692.,  43371., 1663567, 20220906140000)
 (3692., 3699., 3686., 3698.,  35630., 1663672, 20220906141500)
 (3698., 3701., 3693., 3693.,  34915., 1663563, 20220906143000)
 (3694., 3700., 3691., 3693.,  33192., 1661379, 20220906144500)
 (3694., 3700., 3690., 3693.,  52380., 1651704, 20220906150000)]
2022-09-07 15:30:00  INFO  [(3696., 3718., 3680., 3713., 206998., 1650550, 20220906211500)
 (3713., 3725., 3711., 3725.,  95102., 1650456, 20220906213000)
 (3725., 3726., 3713., 3716.,  55124., 1646736, 20220906214500)
 (3715., 3717., 3697., 3702.,  91582., 1645829, 20220906220000)
 (3701., 3702., 3674., 3679., 126162., 1652365, 20220906221500)
 (3679., 3692., 3677., 3684.,  66011., 1659146, 20220906223000)
 (3685., 3687., 3678., 3684.,  35065., 1663526, 20220906224500)
 (3684., 3687., 3680., 3683.,  35259., 1658641, 20220906230000)
 (3678., 3681., 3651., 3660., 154122., 1681124, 20220907091500)
 (3660., 3677., 3658., 3676.,  70667., 1681874, 20220907093000)
 (3675., 3691., 3672., 3682., 119103., 1674471, 20220907094500)
 (3682., 3690., 3675., 3689.,  48637., 1672572, 20220907100000)
 (3688., 3703., 3686., 3694.,  95258., 1674587, 20220907101500)
 (3695., 3696., 3681., 3684.,  58903., 1667152, 20220907104500)
 (3683., 3686., 3670., 3680.,  72842., 1669058, 20220907110000)
 (3680., 3682., 3672., 3675.,  35791., 1670241, 20220907111500)
 (3675., 3685., 3662., 3680.,  72310., 1671426, 20220907113000)
 (3669., 3682., 3664., 3678.,  80533., 1675287, 20220907134500)
 (3679., 3688., 3676., 3686.,  43034., 1670518, 20220907140000)
 (3687., 3699., 3682., 3693.,  72856., 1668919, 20220907141500)
 (3692., 3695., 3684., 3688.,  33227., 1667539, 20220907143000)
 (3687., 3688., 3672., 3677.,  58979., 1665705, 20220907144500)
 (3676., 3680., 3670., 3673.,  62096., 1661151, 20220907150000)]
2022-09-08 15:30:00  INFO  [(3682., 3694., 3671., 3685., 112300., 1660206, 20220907211500)
 (3685., 3688., 3670., 3674.,  72416., 1663070, 20220907213000)
 (3674., 3695., 3672., 3693.,  76708., 1659425, 20220907214500)
 (3694., 3695., 3683., 3685.,  57663., 1658834, 20220907220000)
 (3685., 3693., 3682., 3691.,  27409., 1659187, 20220907221500)
 (3691., 3695., 3686., 3695.,  29917., 1656978, 20220907223000)
 (3695., 3710., 3694., 3706., 120795., 1656604, 20220907224500)
 (3706., 3706., 3692., 3701.,  47438., 1643231, 20220907230000)
 (3702., 3720., 3696., 3717., 106285., 1652092, 20220908091500)
 (3717., 3719., 3702., 3708.,  65832., 1655557, 20220908093000)
 (3709., 3712., 3698., 3705.,  44598., 1655510, 20220908094500)
 (3705., 3709., 3702., 3706.,  31510., 1652892, 20220908100000)
 (3706., 3715., 3704., 3714.,  38081., 1655978, 20220908101500)
 (3715., 3732., 3714., 3724., 132448., 1669161, 20220908104500)
 (3724., 3731., 3719., 3729.,  63663., 1671282, 20220908110000)
 (3729., 3745., 3728., 3743., 141447., 1687984, 20220908111500)
 (3742., 3747., 3736., 3745.,  80711., 1689903, 20220908113000)
 (3750., 3755., 3729., 3751., 155925., 1698724, 20220908134500)
 (3751., 3752., 3731., 3733.,  82775., 1704504, 20220908140000)
 (3733., 3738., 3725., 3735.,  82905., 1696614, 20220908141500)
 (3736., 3739., 3732., 3736.,  28931., 1694893, 20220908143000)
 (3736., 3739., 3715., 3716., 117026., 1696641, 20220908144500)
 (3717., 3727., 3714., 3719.,  76272., 1690538, 20220908150000)]
2022-09-09 15:30:00  INFO  [(3730., 3737., 3718., 3722., 128847., 1687113, 20220908211500)
 (3721., 3734., 3718., 3729.,  53811., 1690308, 20220908213000)
 (3729., 3733., 3723., 3730.,  44200., 1687088, 20220908214500)
 (3730., 3743., 3727., 3740.,  60565., 1682734, 20220908220000)
 (3740., 3741., 3730., 3733.,  36258., 1683114, 20220908221500)
 (3733., 3737., 3728., 3736.,  25587., 1683491, 20220908223000)
 (3736., 3738., 3733., 3736.,  16326., 1682569, 20220908224500)
 (3736., 3739., 3729., 3735.,  36554., 1677282, 20220908230000)
 (3742., 3755., 3739., 3739., 122520., 1677996, 20220909091500)
 (3739., 3749., 3737., 3747.,  52676., 1682603, 20220909093000)
 (3747., 3753., 3740., 3752.,  46065., 1688670, 20220909094500)
 (3752., 3760., 3748., 3760.,  86498., 1695616, 20220909100000)
 (3760., 3773., 3755., 3767.,  87660., 1689954, 20220909101500)
 (3767., 3775., 3762., 3764.,  77389., 1688847, 20220909104500)
 (3764., 3775., 3760., 3774.,  47812., 1687937, 20220909110000)
 (3775., 3777., 3763., 3774.,  50937., 1682807, 20220909111500)
 (3774., 3775., 3765., 3767.,  34176., 1683010, 20220909113000)
 (3767., 3780., 3767., 3771.,  69573., 1685918, 20220909134500)
 (3771., 3775., 3766., 3774.,  48727., 1684297, 20220909140000)
 (3775., 3783., 3771., 3779.,  58244., 1684062, 20220909141500)
 (3778., 3787., 3774., 3782.,  50433., 1680137, 20220909143000)
 (3782., 3790., 3780., 3782.,  52087., 1673705, 20220909144500)
 (3783., 3792., 3782., 3791.,  91927., 1652024, 20220909150000)]
2022-09-13 15:30:00  INFO  [(3775., 3777., 3763., 3774.,  50937., 1682807, 20220909111500)
 (3774., 3775., 3765., 3767.,  34176., 1683010, 20220909113000)
 (3767., 3780., 3767., 3771.,  69573., 1685918, 20220909134500)
 (3771., 3775., 3766., 3774.,  48727., 1684297, 20220909140000)
 (3775., 3783., 3771., 3779.,  58244., 1684062, 20220909141500)
 (3778., 3787., 3774., 3782.,  50433., 1680137, 20220909143000)
 (3782., 3790., 3780., 3782.,  52087., 1673705, 20220909144500)
 (3783., 3792., 3782., 3791.,  91927., 1652024, 20220909150000)
 (3795., 3806., 3784., 3790., 182094., 1654507, 20220913091500)
 (3791., 3807., 3786., 3787.,  86632., 1661318, 20220913093000)
 (3787., 3789., 3769., 3775., 113172., 1662284, 20220913094500)
 (3775., 3783., 3772., 3782.,  49175., 1662655, 20220913100000)
 (3782., 3795., 3781., 3795.,  52144., 1659068, 20220913101500)
 (3794., 3798., 3785., 3790.,  45312., 1657292, 20220913104500)
 (3790., 3795., 3786., 3789.,  28838., 1656414, 20220913110000)
 (3789., 3798., 3784., 3798.,  41728., 1655767, 20220913111500)
 (3797., 3798., 3787., 3793.,  33930., 1653780, 20220913113000)
 (3793., 3798., 3789., 3794.,  40093., 1655630, 20220913134500)
 (3795., 3799., 3792., 3797.,  38683., 1659016, 20220913140000)
 (3797., 3802., 3791., 3793.,  40663., 1661162, 20220913141500)
 (3793., 3795., 3787., 3792.,  40131., 1664126, 20220913143000)
 (3791., 3798., 3791., 3794.,  29849., 1660369, 20220913144500)
 (3795., 3798., 3790., 3794.,  53238., 1648566, 20220913150000)]
2022-09-14 15:30:00  INFO  [(3770., 3778., 3757., 3774., 182602., 1648276, 20220913211500)
 (3774., 3774., 3763., 3767.,  67148., 1651446, 20220913213000)
 (3767., 3774., 3765., 3770.,  40381., 1652117, 20220913214500)
 (3770., 3773., 3768., 3770.,  21523., 1651183, 20220913220000)
 (3770., 3771., 3761., 3766.,  45910., 1659338, 20220913221500)
 (3767., 3769., 3762., 3762.,  16647., 1660820, 20220913223000)
 (3762., 3763., 3748., 3752.,  81299., 1665470, 20220913224500)
 (3752., 3752., 3730., 3732., 131853., 1664045, 20220913230000)
 (3729., 3731., 3704., 3709., 210115., 1691293, 20220914091500)
 (3709., 3724., 3709., 3717.,  80183., 1692737, 20220914093000)
 (3717., 3729., 3716., 3728.,  54486., 1688576, 20220914094500)
 (3728., 3733., 3721., 3729.,  38950., 1687218, 20220914100000)
 (3729., 3739., 3723., 3734.,  52610., 1682313, 20220914101500)
 (3735., 3740., 3731., 3734.,  40972., 1682479, 20220914104500)
 (3734., 3736., 3725., 3727.,  32700., 1681444, 20220914110000)
 (3727., 3729., 3723., 3728.,  28808., 1684070, 20220914111500)
 (3728., 3728., 3713., 3725.,  55643., 1684650, 20220914113000)
 (3719., 3730., 3712., 3722.,  59606., 1687776, 20220914134500)
 (3722., 3726., 3712., 3713.,  42345., 1693559, 20220914140000)
 (3714., 3723., 3711., 3719.,  41737., 1693856, 20220914141500)
 (3719., 3720., 3712., 3717.,  28537., 1695060, 20220914143000)
 (3718., 3729., 3716., 3728.,  47629., 1696828, 20220914144500)
 (3727., 3748., 3724., 3741., 126483., 1682113, 20220914150000)]
2022-09-15 15:30:00  INFO  [(3745., 3760., 3739., 3759., 140515., 1674057, 20220914211500)
 (3759., 3765., 3756., 3765.,  77568., 1662545, 20220914213000)
 (3765., 3774., 3760., 3769.,  92874., 1666131, 20220914214500)
 (3769., 3779., 3767., 3778.,  58278., 1667357, 20220914220000)
 (3779., 3785., 3770., 3774.,  96061., 1677640, 20220914221500)
 (3775., 3776., 3763., 3766.,  59498., 1679293, 20220914223000)
 (3767., 3778., 3765., 3775.,  41430., 1679134, 20220914224500)
 (3776., 3777., 3768., 3774.,  37622., 1675517, 20220914230000)
 (3777., 3787., 3776., 3787.,  81016., 1678162, 20220915091500)
 (3787., 3789., 3780., 3781.,  65984., 1685429, 20220915093000)
 (3781., 3784., 3776., 3777.,  42077., 1691097, 20220915094500)
 (3777., 3783., 3775., 3782.,  35169., 1694174, 20220915100000)
 (3782., 3783., 3770., 3771.,  44637., 1694794, 20220915101500)
 (3771., 3777., 3759., 3761.,  74818., 1694169, 20220915104500)
 (3762., 3765., 3756., 3760.,  48388., 1694757, 20220915110000)
 (3759., 3765., 3751., 3760.,  70566., 1696661, 20220915111500)
 (3760., 3765., 3755., 3756.,  43119., 1697912, 20220915113000)
 (3752., 3758., 3729., 3733., 183391., 1716538, 20220915134500)
 (3734., 3734., 3693., 3699., 269962., 1733582, 20220915140000)
 (3700., 3722., 3695., 3720., 173817., 1728777, 20220915141500)
 (3720., 3730., 3715., 3726.,  90194., 1726961, 20220915143000)
 (3726., 3728., 3712., 3721.,  69379., 1725957, 20220915144500)
 (3721., 3728., 3715., 3722.,  80213., 1711041, 20220915150000)]
2022-09-16 15:30:00  INFO  [(3710., 3722., 3704., 3712., 134529., 1720743, 20220915211500)
 (3712., 3724., 3710., 3723.,  57567., 1722291, 20220915213000)
 (3723., 3728., 3718., 3721.,  42256., 1723898, 20220915214500)
 (3722., 3726., 3720., 3724.,  25033., 1720708, 20220915220000)
 (3725., 3726., 3718., 3719.,  28320., 1721272, 20220915221500)
 (3718., 3725., 3715., 3716.,  34746., 1721844, 20220915223000)
 (3717., 3721., 3711., 3720.,  38709., 1723496, 20220915224500)
 (3720., 3725., 3713., 3714.,  42028., 1716613, 20220915230000)
 (3713., 3722., 3711., 3719.,  53978., 1718925, 20220916091500)
 (3719., 3719., 3706., 3710.,  52120., 1728208, 20220916093000)
 (3709., 3715., 3706., 3710.,  30522., 1728372, 20220916094500)
 (3710., 3724., 3707., 3723.,  54283., 1726705, 20220916100000)
 (3723., 3740., 3685., 3693., 249309., 1734714, 20220916101500)
 (3692., 3699., 3683., 3690., 120148., 1742097, 20220916104500)
 (3690., 3694., 3681., 3683.,  59796., 1748909, 20220916110000)
 (3684., 3685., 3668., 3668., 114440., 1765783, 20220916111500)
 (3668., 3683., 3666., 3679.,  84893., 1763736, 20220916113000)
 (3677., 3683., 3662., 3668.,  83316., 1766738, 20220916134500)
 (3668., 3673., 3665., 3667.,  45946., 1765480, 20220916140000)
 (3668., 3672., 3658., 3663.,  90097., 1762298, 20220916141500)
 (3662., 3685., 3660., 3683.,  83518., 1758118, 20220916143000)
 (3683., 3691., 3678., 3684.,  81266., 1753412, 20220916144500)
 (3684., 3703., 3682., 3686., 108299., 1735896, 20220916150000)]
2022-09-19 15:30:00  INFO  [(3689., 3704., 3687., 3698., 116511., 1724365, 20220916211500)
 (3697., 3713., 3695., 3709.,  81218., 1714744, 20220916213000)
 (3709., 3715., 3698., 3707.,  75170., 1708214, 20220916214500)
 (3707., 3717., 3703., 3712.,  56450., 1711274, 20220916220000)
 (3711., 3721., 3710., 3720.,  60911., 1709199, 20220916221500)
 (3720., 3730., 3719., 3730., 109523., 1699775, 20220916223000)
 (3730., 3734., 3713., 3717.,  72695., 1692486, 20220916224500)
 (3716., 3721., 3712., 3719.,  42205., 1684682, 20220916230000)
 (3725., 3725., 3706., 3710., 123988., 1691880, 20220919091500)
 (3710., 3721., 3709., 3720.,  43020., 1692549, 20220919093000)
 (3720., 3728., 3714., 3726.,  48134., 1694276, 20220919094500)
 (3727., 3732., 3721., 3731.,  46214., 1694703, 20220919100000)
 (3732., 3737., 3723., 3727.,  62473., 1691542, 20220919101500)
 (3727., 3733., 3722., 3726.,  42002., 1689208, 20220919104500)
 (3726., 3731., 3718., 3724.,  35638., 1690630, 20220919110000)
 (3724., 3728., 3716., 3725.,  36811., 1688523, 20220919111500)
 (3725., 3734., 3722., 3725.,  39642., 1693869, 20220919113000)
 (3725., 3731., 3720., 3729.,  45500., 1694875, 20220919134500)
 (3729., 3730., 3723., 3727.,  31721., 1692590, 20220919140000)
 (3727., 3727., 3715., 3718.,  55259., 1693225, 20220919141500)
 (3719., 3720., 3711., 3712.,  54026., 1690600, 20220919143000)
 (3712., 3719., 3702., 3703.,  66081., 1689643, 20220919144500)
 (3702., 3704., 3690., 3696., 130904., 1685459, 20220919150000)]
2022-09-20 15:30:00  INFO  [(3698., 3698., 3655., 3674., 268377., 1710504, 20220919211500)
 (3674., 3688., 3671., 3679.,  98513., 1704480, 20220919213000)
 (3679., 3694., 3678., 3683.,  60566., 1705872, 20220919214500)
 (3682., 3688., 3679., 3679.,  29509., 1705973, 20220919220000)
 (3679., 3683., 3674., 3680.,  43693., 1707644, 20220919221500)
 (3680., 3692., 3679., 3692.,  27371., 1706020, 20220919223000)
 (3692., 3698., 3686., 3691.,  40503., 1702718, 20220919224500)
 (3691., 3693., 3684., 3684.,  28645., 1698365, 20220919230000)
 (3689., 3707., 3689., 3700.,  89995., 1699930, 20220920091500)
 (3699., 3716., 3694., 3715.,  74430., 1699709, 20220920093000)
 (3713., 3722., 3709., 3717.,  99214., 1700206, 20220920094500)
 (3716., 3718., 3706., 3708.,  51436., 1700893, 20220920100000)
 (3708., 3710., 3697., 3705.,  63628., 1693273, 20220920101500)
 (3706., 3716., 3706., 3714.,  48816., 1700239, 20220920104500)
 (3714., 3716., 3709., 3712.,  26474., 1700761, 20220920110000)
 (3712., 3718., 3708., 3713.,  34704., 1701142, 20220920111500)
 (3713., 3717., 3704., 3710.,  34907., 1698552, 20220920113000)
 (3706., 3720., 3705., 3720.,  59540., 1695337, 20220920134500)
 (3720., 3726., 3714., 3715.,  68511., 1703271, 20220920140000)
 (3715., 3718., 3695., 3698.,  75152., 1695324, 20220920141500)
 (3699., 3705., 3685., 3688.,  80242., 1692533, 20220920143000)
 (3688., 3692., 3670., 3672., 128772., 1699235, 20220920144500)
 (3671., 3681., 3650., 3659., 211330., 1708020, 20220920150000)]
2022-09-21 15:30:00  INFO  [(3655., 3678., 3652., 3676., 149006., 1712295, 20220920211500)
 (3675., 3677., 3658., 3660.,  81993., 1717243, 20220920213000)
 (3660., 3666., 3653., 3656.,  50308., 1725298, 20220920214500)
 (3657., 3670., 3655., 3663.,  52030., 1723043, 20220920220000)
 (3662., 3672., 3660., 3669.,  32085., 1722224, 20220920221500)
 (3669., 3674., 3663., 3669.,  30706., 1723616, 20220920223000)
 (3669., 3671., 3661., 3662.,  23378., 1725642, 20220920224500)
 (3662., 3670., 3658., 3669.,  34770., 1719709, 20220920230000)
 (3667., 3670., 3654., 3656.,  72509., 1727403, 20220921091500)
 (3656., 3660., 3646., 3655.,  83954., 1738264, 20220921093000)
 (3656., 3658., 3648., 3651.,  37655., 1743399, 20220921094500)
 (3651., 3653., 3634., 3635.,  82477., 1757488, 20220921100000)
 (3635., 3650., 3630., 3647.,  99723., 1759688, 20220921101500)
 (3647., 3658., 3640., 3653.,  66113., 1756447, 20220921104500)
 (3653., 3667., 3649., 3663.,  67264., 1752666, 20220921110000)
 (3663., 3665., 3641., 3643.,  59935., 1754316, 20220921111500)
 (3642., 3648., 3636., 3642.,  62786., 1764237, 20220921113000)
 (3650., 3654., 3636., 3640.,  66852., 1772774, 20220921134500)
 (3639., 3645., 3634., 3638.,  58091., 1783321, 20220921140000)
 (3638., 3650., 3636., 3646.,  48235., 1785042, 20220921141500)
 (3646., 3665., 3641., 3664.,  66929., 1779519, 20220921143000)
 (3664., 3680., 3656., 3673., 148142., 1755328, 20220921144500)
 (3674., 3685., 3661., 3664.,  98134., 1739827, 20220921150000)]
2022-09-22 15:30:00  INFO  [(3665., 3672., 3662., 3668.,  86074., 1743312, 20220921211500)
 (3668., 3675., 3668., 3674.,  54134., 1745109, 20220921213000)
 (3673., 3684., 3667., 3679.,  62428., 1740024, 20220921214500)
 (3680., 3681., 3668., 3671.,  45158., 1734163, 20220921220000)
 (3670., 3673., 3666., 3672.,  39883., 1735442, 20220921221500)
 (3672., 3680., 3671., 3678.,  52772., 1730597, 20220921223000)
 (3678., 3680., 3668., 3673.,  39424., 1728793, 20220921224500)
 (3673., 3680., 3671., 3675.,  39604., 1719434, 20220921230000)
 (3668., 3722., 3662., 3718., 285760., 1720046, 20220922091500)
 (3719., 3730., 3718., 3729., 167705., 1722107, 20220922093000)
 (3729., 3734., 3721., 3727.,  94255., 1715413, 20220922094500)
 (3727., 3728., 3717., 3723.,  70920., 1712586, 20220922100000)
 (3723., 3742., 3723., 3732.,  95226., 1715813, 20220922101500)
 (3732., 3746., 3727., 3743.,  84528., 1720624, 20220922104500)
 (3743., 3749., 3740., 3746.,  83937., 1732914, 20220922110000)
 (3746., 3749., 3738., 3745.,  61474., 1736327, 20220922111500)
 (3745., 3749., 3735., 3749.,  59504., 1738154, 20220922113000)
 (3752., 3760., 3749., 3759., 137008., 1758582, 20220922134500)
 (3759., 3759., 3747., 3750.,  55055., 1756682, 20220922140000)
 (3750., 3755., 3747., 3755.,  34061., 1755289, 20220922141500)
 (3755., 3758., 3752., 3756.,  32511., 1752269, 20220922143000)
 (3756., 3759., 3748., 3748.,  50400., 1750869, 20220922144500)
 (3749., 3768., 3745., 3765., 111824., 1733745, 20220922150000)]
2022-09-23 15:30:00  INFO  [(3771., 3787., 3771., 3782., 193697., 1743855, 20220922211500)
 (3782., 3784., 3766., 3768.,  81437., 1743278, 20220922213000)
 (3769., 3775., 3767., 3772.,  41016., 1746111, 20220922214500)
 (3772., 3774., 3762., 3767.,  42387., 1745526, 20220922220000)
 (3766., 3769., 3760., 3768.,  47811., 1745850, 20220922221500)
 (3769., 3770., 3765., 3768.,  21144., 1746841, 20220922223000)
 (3767., 3771., 3763., 3769.,  22877., 1746921, 20220922224500)
 (3769., 3771., 3764., 3765.,  26766., 1739457, 20220922230000)
 (3766., 3778., 3766., 3776.,  63802., 1740089, 20220923091500)
 (3777., 3777., 3755., 3761.,  71873., 1743203, 20220923093000)
 (3761., 3765., 3754., 3758.,  50432., 1744157, 20220923094500)
 (3759., 3767., 3758., 3765.,  30485., 1743410, 20220923100000)
 (3766., 3766., 3752., 3752.,  39410., 1744488, 20220923101500)
 (3750., 3757., 3748., 3752.,  64256., 1746998, 20220923104500)
 (3754., 3758., 3748., 3751.,  32778., 1746026, 20220923110000)
 (3751., 3762., 3750., 3755.,  42598., 1740455, 20220923111500)
 (3756., 3763., 3750., 3762.,  37230., 1736062, 20220923113000)
 (3772., 3776., 3765., 3773.,  88413., 1737402, 20220923134500)
 (3773., 3776., 3769., 3776.,  43068., 1742138, 20220923140000)
 (3775., 3782., 3771., 3782.,  53359., 1743538, 20220923141500)
 (3782., 3782., 3767., 3773.,  54578., 1740051, 20220923143000)
 (3773., 3777., 3759., 3764.,  65094., 1727742, 20220923144500)
 (3765., 3770., 3755., 3766.,  79938., 1714891, 20220923150000)]
2022-09-26 15:30:00  INFO  [(3736., 3750., 3722., 3742., 183040., 1705050, 20220923211500)
 (3741., 3751., 3738., 3747.,  56430., 1704157, 20220923213000)
 (3748., 3750., 3742., 3744.,  33701., 1702349, 20220923214500)
 (3745., 3747., 3735., 3735.,  41146., 1701777, 20220923220000)
 (3736., 3736., 3725., 3729.,  89890., 1701818, 20220923221500)
 (3729., 3729., 3710., 3722., 147686., 1696150, 20220923223000)
 (3722., 3729., 3719., 3727.,  49160., 1694037, 20220923224500)
 (3728., 3744., 3727., 3741.,  84884., 1680785, 20220923230000)
 (3741., 3768., 3741., 3764., 155466., 1686430, 20220926091500)
 (3764., 3773., 3758., 3772.,  82884., 1687639, 20220926093000)
 (3773., 3783., 3768., 3775.,  95364., 1694442, 20220926094500)
 (3775., 3776., 3766., 3774.,  45940., 1692598, 20220926100000)
 (3774., 3776., 3767., 3775.,  34185., 1693687, 20220926101500)
 (3776., 3781., 3767., 3770.,  47147., 1695094, 20220926104500)
 (3769., 3771., 3757., 3763.,  66903., 1688534, 20220926110000)
 (3763., 3767., 3753., 3756.,  66511., 1688749, 20220926111500)
 (3755., 3764., 3749., 3762.,  53530., 1687014, 20220926113000)
 (3763., 3771., 3750., 3766.,  86007., 1690587, 20220926134500)
 (3766., 3775., 3760., 3769.,  65420., 1693431, 20220926140000)
 (3768., 3771., 3759., 3759.,  35638., 1697268, 20220926141500)
 (3759., 3762., 3746., 3750.,  76632., 1698990, 20220926143000)
 (3750., 3769., 3749., 3757.,  70137., 1689206, 20220926144500)
 (3758., 3767., 3753., 3765.,  66111., 1674462, 20220926150000)]
2022-09-27 15:30:00  INFO  [(3775., 3805., 3773., 3799., 244469., 1686075, 20220926211500)
 (3800., 3821., 3800., 3815., 184033., 1706957, 20220926213000)
 (3815., 3820., 3810., 3811.,  76984., 1705932, 20220926214500)
 (3811., 3819., 3808., 3818.,  62144., 1708146, 20220926220000)
 (3819., 3821., 3813., 3819.,  48561., 1710814, 20220926221500)
 (3819., 3825., 3818., 3822.,  51708., 1714398, 20220926223000)
 (3822., 3826., 3815., 3820.,  51928., 1718738, 20220926224500)
 (3819., 3824., 3814., 3823.,  52849., 1720500, 20220926230000)
 (3823., 3823., 3803., 3805., 123747., 1730723, 20220927091500)
 (3806., 3815., 3803., 3813.,  46325., 1729695, 20220927093000)
 (3814., 3817., 3811., 3813.,  37874., 1730987, 20220927094500)
 (3813., 3817., 3812., 3816.,  21624., 1732259, 20220927100000)
 (3817., 3820., 3815., 3816.,  37348., 1731882, 20220927101500)
 (3815., 3820., 3803., 3809.,  72169., 1728290, 20220927104500)
 (3810., 3810., 3799., 3807.,  79818., 1724883, 20220927110000)
 (3807., 3810., 3792., 3794.,  75867., 1731271, 20220927111500)
 (3794., 3801., 3792., 3797.,  48128., 1727603, 20220927113000)
 (3800., 3819., 3800., 3817.,  93442., 1733230, 20220927134500)
 (3817., 3819., 3808., 3815.,  44631., 1737137, 20220927140000)
 (3815., 3818., 3811., 3811.,  35362., 1741035, 20220927141500)
 (3812., 3835., 3810., 3835., 111781., 1749436, 20220927143000)
 (3835., 3843., 3833., 3842., 107182., 1750482, 20220927144500)
 (3842., 3845., 3832., 3837., 105360., 1749635, 20220927150000)]
2022-09-28 15:30:00  INFO  [(3846., 3856., 3843., 3849., 161296., 1748530, 20220927211500)
 (3848., 3849., 3835., 3838.,  66246., 1751917, 20220927213000)
 (3838., 3845., 3837., 3840.,  42237., 1750486, 20220927214500)
 (3840., 3844., 3838., 3840.,  24398., 1749917, 20220927220000)
 (3843., 3845., 3833., 3838.,  40196., 1752228, 20220927221500)
 (3837., 3838., 3825., 3833.,  53126., 1746742, 20220927223000)
 (3834., 3838., 3833., 3836.,  16937., 1746495, 20220927224500)
 (3837., 3840., 3833., 3835.,  24155., 1741370, 20220927230000)
 (3830., 3833., 3822., 3823.,  92566., 1739621, 20220928091500)
 (3823., 3830., 3817., 3821.,  59969., 1739119, 20220928093000)
 (3821., 3827., 3818., 3821.,  38820., 1740574, 20220928094500)
 (3820., 3827., 3820., 3821.,  28914., 1739357, 20220928100000)
 (3822., 3829., 3819., 3827.,  33844., 1739346, 20220928101500)
 (3826., 3832., 3820., 3831.,  43619., 1736160, 20220928104500)
 (3831., 3839., 3824., 3836.,  61914., 1732107, 20220928110000)
 (3835., 3839., 3831., 3836.,  35698., 1728667, 20220928111500)
 (3836., 3838., 3818., 3822.,  63975., 1723933, 20220928113000)
 (3826., 3831., 3814., 3828.,  88880., 1727549, 20220928134500)
 (3828., 3832., 3821., 3825.,  38734., 1730679, 20220928140000)
 (3825., 3831., 3821., 3826.,  30853., 1730281, 20220928141500)
 (3826., 3828., 3819., 3822.,  33878., 1732991, 20220928143000)
 (3822., 3824., 3817., 3819.,  40757., 1734391, 20220928144500)
 (3820., 3828., 3816., 3823.,  56872., 1727377, 20220928150000)]
2022-09-29 15:30:00  INFO  [(3835., 3843., 3824., 3828., 106913., 1719733, 20220928211500)
 (3829., 3830., 3815., 3817.,  48589., 1721146, 20220928213000)
 (3818., 3820., 3806., 3816.,  90846., 1717126, 20220928214500)
 (3817., 3822., 3812., 3818.,  40435., 1717839, 20220928220000)
 (3818., 3830., 3818., 3829.,  48178., 1712619, 20220928221500)
 (3830., 3839., 3828., 3839.,  56596., 1713910, 20220928223000)
 (3838., 3846., 3835., 3835.,  76105., 1707860, 20220928224500)
 (3836., 3840., 3825., 3829.,  50602., 1696411, 20220928230000)
 (3838., 3842., 3832., 3835.,  60042., 1702002, 20220929091500)
 (3836., 3836., 3828., 3829.,  39894., 1708687, 20220929093000)
 (3830., 3841., 3829., 3839.,  49321., 1710060, 20220929094500)
 (3838., 3848., 3837., 3840.,  61520., 1720949, 20220929100000)
 (3841., 3842., 3832., 3835.,  35745., 1724746, 20220929101500)
 (3834., 3837., 3830., 3836.,  34235., 1726284, 20220929104500)
 (3836., 3840., 3833., 3835.,  24317., 1729253, 20220929110000)
 (3836., 3845., 3835., 3843.,  37507., 1728915, 20220929111500)
 (3842., 3852., 3842., 3851.,  80188., 1734768, 20220929113000)
 (3856., 3860., 3835., 3836., 132792., 1734569, 20220929134500)
 (3836., 3840., 3827., 3831.,  97201., 1742575, 20220929140000)
 (3831., 3833., 3819., 3822.,  79291., 1737156, 20220929141500)
 (3821., 3832., 3819., 3830.,  62754., 1734119, 20220929143000)
 (3830., 3847., 3827., 3844.,  96159., 1735383, 20220929144500)
 (3845., 3845., 3835., 3836.,  54197., 1725569, 20220929150000)]
2022-09-30 15:30:00  INFO  [(3836., 3845., 3828., 3843.,  96232., 1720795, 20220929211500)
 (3843., 3843., 3830., 3834.,  40857., 1718847, 20220929213000)
 (3833., 3845., 3830., 3840.,  48060., 1720131, 20220929214500)
 (3841., 3850., 3840., 3850.,  54166., 1719269, 20220929220000)
 (3849., 3852., 3840., 3841.,  33606., 1716623, 20220929221500)
 (3841., 3841., 3832., 3840.,  39594., 1711293, 20220929223000)
 (3840., 3841., 3824., 3829.,  63685., 1710554, 20220929224500)
 (3829., 3838., 3822., 3824.,  50318., 1696847, 20220929230000)
 (3822., 3835., 3818., 3826.,  72966., 1694058, 20220930091500)
 (3827., 3833., 3822., 3830.,  30225., 1694991, 20220930093000)
 (3830., 3838., 3828., 3834.,  34162., 1692566, 20220930094500)
 (3834., 3836., 3827., 3832.,  40356., 1686337, 20220930100000)
 (3833., 3835., 3828., 3832.,  21323., 1685330, 20220930101500)
 (3832., 3835., 3830., 3832.,  23765., 1683724, 20220930104500)
 (3831., 3839., 3831., 3838.,  29656., 1683213, 20220930110000)
 (3838., 3838., 3830., 3835.,  19606., 1681480, 20220930111500)
 (3835., 3835., 3829., 3833.,  22500., 1678914, 20220930113000)
 (3833., 3840., 3831., 3837.,  37102., 1676163, 20220930134500)
 (3837., 3837., 3829., 3830.,  38880., 1675636, 20220930140000)
 (3831., 3831., 3791., 3795., 137876., 1670880, 20220930141500)
 (3795., 3819., 3785., 3807., 152900., 1659574, 20220930143000)
 (3807., 3807., 3793., 3801.,  79161., 1652860, 20220930144500)
 (3801., 3811., 3798., 3799.,  93772., 1621968, 20220930150000)]
2022-10-10 15:30:00  INFO  [(3838., 3838., 3830., 3835.,  19606., 1681480, 20220930111500)
 (3835., 3835., 3829., 3833.,  22500., 1678914, 20220930113000)
 (3833., 3840., 3831., 3837.,  37102., 1676163, 20220930134500)
 (3837., 3837., 3829., 3830.,  38880., 1675636, 20220930140000)
 (3831., 3831., 3791., 3795., 137876., 1670880, 20220930141500)
 (3795., 3819., 3785., 3807., 152900., 1659574, 20220930143000)
 (3807., 3807., 3793., 3801.,  79161., 1652860, 20220930144500)
 (3801., 3811., 3798., 3799.,  93772., 1621968, 20220930150000)
 (3825., 3869., 3820., 3868., 313773., 1642792, 20221010091500)
 (3868., 3873., 3853., 3863., 140286., 1646093, 20221010093000)
 (3864., 3876., 3862., 3875.,  78670., 1654991, 20221010094500)
 (3875., 3882., 3871., 3882.,  79505., 1664873, 20221010100000)
 (3882., 3886., 3875., 3881.,  61395., 1671838, 20221010101500)
 (3880., 3884., 3873., 3873.,  50333., 1674851, 20221010104500)
 (3874., 3882., 3872., 3879.,  32652., 1677964, 20221010110000)
 (3880., 3881., 3868., 3873.,  41414., 1674482, 20221010111500)
 (3873., 3885., 3873., 3883.,  39405., 1676211, 20221010113000)
 (3882., 3884., 3874., 3878.,  49218., 1677059, 20221010134500)
 (3878., 3883., 3871., 3873.,  27697., 1680414, 20221010140000)
 (3872., 3882., 3872., 3880.,  37059., 1678762, 20221010141500)
 (3879., 3881., 3877., 3879.,  21560., 1677121, 20221010143000)
 (3879., 3882., 3874., 3877.,  24859., 1676702, 20221010144500)
 (3876., 3879., 3869., 3875.,  62810., 1663666, 20221010150000)]
2022-10-11 15:30:00  INFO  [(3880., 3893., 3861., 3862., 154389., 1667305, 20221010211500)
 (3863., 3867., 3856., 3860.,  79640., 1671716, 20221010213000)
 (3859., 3865., 3859., 3863.,  34776., 1672933, 20221010214500)
 (3863., 3865., 3854., 3862.,  45432., 1677094, 20221010220000)
 (3862., 3868., 3861., 3865.,  29181., 1677264, 20221010221500)
 (3865., 3866., 3859., 3859.,  16132., 1676540, 20221010223000)
 (3859., 3860., 3850., 3850.,  56623., 1675612, 20221010224500)
 (3850., 3857., 3846., 3847.,  42954., 1669251, 20221010230000)
 (3845., 3851., 3827., 3830., 137940., 1677231, 20221011091500)
 (3829., 3838., 3818., 3820.,  85815., 1684935, 20221011093000)
 (3819., 3828., 3818., 3823.,  67596., 1689500, 20221011094500)
 (3824., 3833., 3821., 3827.,  52154., 1691807, 20221011100000)
 (3829., 3834., 3825., 3825.,  32563., 1689935, 20221011101500)
 (3826., 3833., 3823., 3830.,  36185., 1696146, 20221011104500)
 (3829., 3830., 3821., 3822.,  26503., 1698586, 20221011110000)
 (3822., 3824., 3802., 3804., 116392., 1707140, 20221011111500)
 (3804., 3810., 3798., 3808.,  95757., 1714117, 20221011113000)
 (3806., 3806., 3790., 3797., 106613., 1716025, 20221011134500)
 (3797., 3802., 3791., 3801.,  48852., 1717266, 20221011140000)
 (3801., 3804., 3767., 3770., 138173., 1714424, 20221011141500)
 (3769., 3784., 3763., 3780., 135901., 1708231, 20221011143000)
 (3780., 3783., 3770., 3772.,  51385., 1703909, 20221011144500)
 (3772., 3777., 3765., 3774.,  94292., 1697534, 20221011150000)]
2022-10-12 15:30:00  INFO  [(3782., 3790., 3772., 3784., 108832., 1698603, 20221011211500)
 (3783., 3787., 3775., 3777.,  42975., 1700662, 20221011213000)
 (3776., 3777., 3753., 3755.,  99142., 1705574, 20221011214500)
 (3755., 3763., 3748., 3751.,  68898., 1712023, 20221011220000)
 (3750., 3750., 3716., 3721., 166818., 1716641, 20221011221500)
 (3721., 3742., 3719., 3733., 129800., 1710171, 20221011223000)
 (3734., 3742., 3727., 3736.,  60013., 1706508, 20221011224500)
 (3735., 3737., 3732., 3735.,  33140., 1698163, 20221011230000)
 (3734., 3740., 3713., 3728., 122883., 1701588, 20221012091500)
 (3728., 3734., 3718., 3730.,  67248., 1693707, 20221012093000)
 (3728., 3734., 3721., 3732.,  46321., 1693403, 20221012094500)
 (3732., 3735., 3722., 3723.,  36055., 1689583, 20221012100000)
 (3723., 3727., 3711., 3717.,  68221., 1688659, 20221012101500)
 (3717., 3727., 3714., 3716.,  56713., 1686093, 20221012104500)
 (3716., 3731., 3713., 3727.,  46632., 1686944, 20221012110000)
 (3727., 3732., 3720., 3731.,  32584., 1688201, 20221012111500)
 (3731., 3733., 3721., 3727.,  38960., 1687471, 20221012113000)
 (3730., 3758., 3730., 3758., 143524., 1680359, 20221012134500)
 (3757., 3760., 3750., 3753.,  86591., 1675762, 20221012140000)
 (3753., 3754., 3744., 3750.,  59973., 1673974, 20221012141500)
 (3751., 3765., 3749., 3753.,  73790., 1666749, 20221012143000)
 (3753., 3753., 3740., 3747.,  68254., 1664328, 20221012144500)
 (3747., 3759., 3746., 3754.,  66034., 1653422, 20221012150000)]
2022-10-13 15:30:00  INFO  [(3754., 3759., 3742., 3753., 106168., 1663155, 20221012211500)
 (3753., 3764., 3750., 3757.,  47841., 1662824, 20221012213000)
 (3757., 3758., 3742., 3746.,  69596., 1669203, 20221012214500)
 (3746., 3755., 3746., 3749.,  38694., 1667941, 20221012220000)
 (3749., 3768., 3749., 3767.,  75331., 1664468, 20221012221500)
 (3767., 3770., 3755., 3761.,  60892., 1662810, 20221012223000)
 (3760., 3765., 3757., 3761.,  27778., 1659206, 20221012224500)
 (3761., 3770., 3760., 3768.,  38626., 1650062, 20221012230000)
 (3769., 3776., 3763., 3776.,  81914., 1644690, 20221013091500)
 (3776., 3784., 3773., 3783.,  65351., 1639669, 20221013093000)
 (3783., 3785., 3764., 3764.,  71333., 1630778, 20221013094500)
 (3764., 3768., 3739., 3741., 108763., 1633288, 20221013100000)
 (3741., 3754., 3733., 3734., 110117., 1642602, 20221013101500)
 (3734., 3741., 3726., 3727.,  81520., 1649769, 20221013104500)
 (3727., 3738., 3724., 3734.,  66591., 1650191, 20221013110000)
 (3733., 3741., 3726., 3726.,  55154., 1655871, 20221013111500)
 (3726., 3741., 3722., 3739.,  64856., 1656977, 20221013113000)
 (3745., 3754., 3725., 3729., 117307., 1670978, 20221013134500)
 (3728., 3731., 3721., 3725.,  59150., 1676463, 20221013140000)
 (3725., 3740., 3722., 3728.,  72111., 1670054, 20221013141500)
 (3729., 3735., 3727., 3734.,  29913., 1670527, 20221013143000)
 (3734., 3735., 3721., 3724.,  55899., 1671638, 20221013144500)
 (3723., 3727., 3712., 3719., 109197., 1669890, 20221013150000)]
2022-10-14 15:30:00  INFO  [(3707., 3719., 3685., 3712., 205290., 1680138, 20221013211500)
 (3711., 3723., 3704., 3720.,  65633., 1684565, 20221013213000)
 (3719., 3731., 3717., 3728.,  71820., 1682027, 20221013214500)
 (3728., 3740., 3724., 3736.,  69400., 1673137, 20221013220000)
 (3736., 3737., 3724., 3727.,  49584., 1672946, 20221013221500)
 (3727., 3730., 3719., 3721.,  30971., 1673004, 20221013223000)
 (3720., 3732., 3720., 3728.,  31519., 1672194, 20221013224500)
 (3729., 3740., 3725., 3730.,  61719., 1666722, 20221013230000)
 (3743., 3755., 3741., 3753., 119621., 1663413, 20221014091500)
 (3753., 3755., 3742., 3745.,  54798., 1663681, 20221014093000)
 (3745., 3754., 3741., 3753.,  33702., 1663605, 20221014094500)
 (3753., 3754., 3743., 3749.,  28433., 1665650, 20221014100000)
 (3749., 3757., 3746., 3754.,  35235., 1665092, 20221014101500)
 (3754., 3756., 3746., 3754.,  29630., 1663729, 20221014104500)
 (3755., 3767., 3754., 3765.,  79439., 1658864, 20221014110000)
 (3765., 3766., 3757., 3766.,  41759., 1658823, 20221014111500)
 (3765., 3766., 3756., 3758.,  38914., 1654034, 20221014113000)
 (3763., 3770., 3761., 3770.,  55473., 1651235, 20221014134500)
 (3770., 3770., 3746., 3748.,  74954., 1647821, 20221014140000)
 (3747., 3761., 3747., 3760.,  50344., 1646669, 20221014141500)
 (3759., 3768., 3759., 3761.,  42792., 1648117, 20221014143000)
 (3761., 3766., 3758., 3762.,  28444., 1647583, 20221014144500)
 (3762., 3765., 3756., 3759.,  53418., 1633530, 20221014150000)]
2022-10-17 15:30:00  INFO  [(3758., 3763., 3736., 3740., 122639., 1635139, 20221014211500)
 (3739., 3749., 3732., 3733.,  69056., 1636409, 20221014213000)
 (3733., 3741., 3731., 3736.,  46497., 1640550, 20221014214500)
 (3735., 3736., 3714., 3715., 130507., 1662544, 20221014220000)
 (3715., 3722., 3711., 3717.,  74800., 1666676, 20221014221500)
 (3718., 3720., 3706., 3711.,  83333., 1670997, 20221014223000)
 (3711., 3716., 3692., 3698., 130630., 1689300, 20221014224500)
 (3699., 3699., 3683., 3685., 126543., 1692592, 20221014230000)
 (3702., 3721., 3682., 3711., 180351., 1682557, 20221017091500)
 (3710., 3714., 3685., 3693., 106862., 1695388, 20221017093000)
 (3693., 3703., 3688., 3691.,  68277., 1692090, 20221017094500)
 (3691., 3694., 3671., 3673.,  99255., 1699457, 20221017100000)
 (3673., 3678., 3667., 3671., 101688., 1704726, 20221017101500)
 (3671., 3671., 3657., 3658., 101300., 1714456, 20221017104500)
 (3659., 3680., 3657., 3672.,  80992., 1712184, 20221017110000)
 (3672., 3672., 3655., 3663.,  68975., 1720151, 20221017111500)
 (3664., 3666., 3655., 3658.,  54089., 1722746, 20221017113000)
 (3660., 3670., 3657., 3661.,  53172., 1729920, 20221017134500)
 (3662., 3669., 3658., 3666.,  35621., 1738190, 20221017140000)
 (3665., 3676., 3664., 3672.,  50097., 1741828, 20221017141500)
 (3674., 3684., 3665., 3665.,  74817., 1741724, 20221017143000)
 (3665., 3665., 3659., 3663.,  53259., 1747352, 20221017144500)
 (3664., 3675., 3661., 3675.,  76999., 1740712, 20221017150000)]
2022-10-18 15:30:00  INFO  [(3675., 3689., 3665., 3687., 143530., 1738401, 20221017211500)
 (3687., 3695., 3685., 3692.,  94637., 1733792, 20221017213000)
 (3692., 3699., 3691., 3696.,  50757., 1725681, 20221017214500)
 (3696., 3696., 3678., 3679.,  65536., 1720288, 20221017220000)
 (3680., 3685., 3674., 3685.,  45733., 1720011, 20221017221500)
 (3685., 3685., 3663., 3667.,  76043., 1720378, 20221017223000)
 (3667., 3673., 3661., 3664.,  45580., 1727709, 20221017224500)
 (3664., 3673., 3661., 3671.,  39517., 1721645, 20221017230000)
 (3669., 3676., 3663., 3670.,  59987., 1729805, 20221018091500)
 (3670., 3672., 3646., 3664., 129060., 1749221, 20221018093000)
 (3663., 3671., 3658., 3666.,  54534., 1751704, 20221018094500)
 (3667., 3669., 3656., 3656.,  31491., 1754446, 20221018100000)
 (3657., 3658., 3640., 3642.,  86841., 1771735, 20221018101500)
 (3642., 3655., 3640., 3647.,  76167., 1770867, 20221018104500)
 (3647., 3650., 3642., 3647.,  28441., 1773821, 20221018110000)
 (3647., 3649., 3637., 3640.,  62453., 1778172, 20221018111500)
 (3640., 3652., 3639., 3643.,  64256., 1781764, 20221018113000)
 (3643., 3649., 3636., 3644.,  55804., 1788484, 20221018134500)
 (3643., 3657., 3642., 3655.,  68657., 1791256, 20221018140000)
 (3655., 3661., 3647., 3660.,  64461., 1788061, 20221018141500)
 (3660., 3674., 3658., 3673.,  89703., 1776829, 20221018143000)
 (3672., 3690., 3670., 3690., 106145., 1768880, 20221018144500)
 (3689., 3693., 3677., 3678., 113529., 1750625, 20221018150000)]
2022-10-19 15:30:00  INFO  [(3683., 3691., 3673., 3686., 118355., 1758966, 20221018211500)
 (3686., 3686., 3671., 3680.,  51735., 1765120, 20221018213000)
 (3679., 3685., 3678., 3681.,  34027., 1764837, 20221018214500)
 (3682., 3682., 3666., 3675.,  76659., 1763825, 20221018220000)
 (3674., 3678., 3671., 3674.,  26359., 1763501, 20221018221500)
 (3674., 3681., 3670., 3673.,  32294., 1763131, 20221018223000)
 (3673., 3677., 3653., 3654.,  88761., 1757482, 20221018224500)
 (3654., 3670., 3650., 3668.,  90262., 1751233, 20221018230000)
 (3669., 3683., 3665., 3683.,  79465., 1753844, 20221019091500)
 (3683., 3684., 3674., 3679.,  38807., 1755025, 20221019093000)
 (3679., 3683., 3675., 3676.,  32844., 1756033, 20221019094500)
 (3676., 3677., 3662., 3670.,  62375., 1760094, 20221019100000)
 (3670., 3677., 3669., 3674.,  30429., 1759976, 20221019101500)
 (3676., 3679., 3667., 3670.,  39916., 1762905, 20221019104500)
 (3671., 3677., 3660., 3664.,  37548., 1768630, 20221019110000)
 (3662., 3666., 3656., 3662.,  69069., 1775329, 20221019111500)
 (3662., 3667., 3653., 3654.,  70587., 1781441, 20221019113000)
 (3650., 3650., 3640., 3647., 123478., 1796779, 20221019134500)
 (3648., 3654., 3644., 3645.,  46994., 1801866, 20221019140000)
 (3645., 3666., 3642., 3662.,  81377., 1794506, 20221019141500)
 (3662., 3663., 3635., 3641., 110124., 1804037, 20221019143000)
 (3641., 3649., 3638., 3640.,  61369., 1810339, 20221019144500)
 (3640., 3649., 3632., 3647., 109308., 1803156, 20221019150000)]
2022-10-20 15:30:00  INFO  [(3645., 3647., 3598., 3607., 308090., 1848976, 20221019211500)
 (3607., 3617., 3603., 3617., 135642., 1856728, 20221019213000)
 (3617., 3636., 3613., 3627., 162421., 1840568, 20221019214500)
 (3626., 3629., 3616., 3622.,  61625., 1838471, 20221019220000)
 (3623., 3626., 3615., 3624.,  49199., 1837880, 20221019221500)
 (3624., 3642., 3622., 3642., 101184., 1827867, 20221019223000)
 (3642., 3642., 3625., 3625.,  50437., 1823425, 20221019224500)
 (3624., 3630., 3619., 3626.,  44032., 1813573, 20221019230000)
 (3628., 3636., 3621., 3633.,  55790., 1815166, 20221020091500)
 (3633., 3636., 3624., 3625.,  44054., 1816332, 20221020093000)
 (3625., 3635., 3620., 3634.,  48442., 1812686, 20221020094500)
 (3635., 3644., 3632., 3637.,  94246., 1806951, 20221020100000)
 (3637., 3639., 3624., 3635.,  55354., 1804987, 20221020101500)
 (3636., 3638., 3626., 3634.,  39206., 1804712, 20221020104500)
 (3635., 3638., 3629., 3635.,  32098., 1806882, 20221020110000)
 (3635., 3645., 3630., 3631.,  57853., 1805773, 20221020111500)
 (3631., 3631., 3616., 3620.,  71357., 1810682, 20221020113000)
 (3632., 3648., 3627., 3646., 165677., 1797849, 20221020134500)
 (3646., 3646., 3632., 3638.,  59852., 1792034, 20221020140000)
 (3638., 3638., 3608., 3608., 120580., 1807323, 20221020141500)
 (3609., 3615., 3606., 3609.,  94819., 1823369, 20221020143000)
 (3610., 3610., 3590., 3602., 147728., 1835955, 20221020144500)
 (3602., 3605., 3588., 3594., 105458., 1835441, 20221020150000)]
2022-10-21 15:30:00  INFO  [(3600., 3620., 3589., 3593., 179017., 1837622, 20221020211500)
 (3594., 3610., 3593., 3608.,  81704., 1832900, 20221020213000)
 (3610., 3621., 3607., 3617., 114053., 1819251, 20221020214500)
 (3617., 3641., 3616., 3627., 161782., 1798632, 20221020220000)
 (3627., 3654., 3626., 3651., 158085., 1779349, 20221020221500)
 (3651., 3664., 3647., 3649., 170726., 1772414, 20221020223000)
 (3649., 3655., 3644., 3653.,  72763., 1768326, 20221020224500)
 (3654., 3661., 3648., 3651.,  72842., 1755193, 20221020230000)
 (3648., 3650., 3634., 3647., 112187., 1761644, 20221021091500)
 (3647., 3650., 3640., 3641.,  43827., 1760930, 20221021093000)
 (3641., 3645., 3635., 3638.,  41181., 1763182, 20221021094500)
 (3638., 3642., 3634., 3640.,  35578., 1767784, 20221021100000)
 (3641., 3649., 3636., 3648.,  43898., 1767865, 20221021101500)
 (3647., 3649., 3636., 3640.,  45622., 1771206, 20221021104500)
 (3641., 3653., 3640., 3646.,  56102., 1764674, 20221021110000)
 (3646., 3661., 3645., 3659.,  70032., 1765432, 20221021111500)
 (3659., 3659., 3649., 3655.,  46093., 1762807, 20221021113000)
 (3656., 3656., 3642., 3643.,  55735., 1757825, 20221021134500)
 (3644., 3649., 3642., 3644.,  29711., 1757516, 20221021140000)
 (3643., 3647., 3638., 3641.,  46431., 1754531, 20221021141500)
 (3640., 3644., 3621., 3624., 111576., 1757736, 20221021143000)
 (3624., 3632., 3622., 3629.,  49363., 1756664, 20221021144500)
 (3628., 3634., 3623., 3630.,  74198., 1749107, 20221021150000)]
2022-10-24 15:30:00  INFO  [(3629., 3647., 3626., 3642., 126844., 1744715, 20221021211500)
 (3642., 3652., 3639., 3647.,  59473., 1747946, 20221021213000)
 (3648., 3653., 3643., 3652.,  54551., 1748571, 20221021214500)
 (3652., 3658., 3649., 3657.,  53681., 1747904, 20221021220000)
 (3656., 3658., 3642., 3645.,  58393., 1749568, 20221021221500)
 (3645., 3647., 3634., 3637.,  59355., 1748994, 20221021223000)
 (3638., 3649., 3636., 3646.,  46027., 1746759, 20221021224500)
 (3646., 3650., 3638., 3649.,  51260., 1739087, 20221021230000)
 (3665., 3678., 3661., 3668., 189920., 1740530, 20221024091500)
 (3668., 3673., 3658., 3661.,  67096., 1735805, 20221024093000)
 (3660., 3661., 3644., 3646., 131710., 1732789, 20221024094500)
 (3646., 3647., 3630., 3633., 147048., 1751775, 20221024100000)
 (3634., 3635., 3616., 3618., 138033., 1764028, 20221024101500)
 (3620., 3626., 3613., 3617.,  70867., 1771493, 20221024104500)
 (3617., 3627., 3616., 3620.,  47557., 1776435, 20221024110000)
 (3620., 3625., 3616., 3617.,  41444., 1780060, 20221024111500)
 (3616., 3618., 3608., 3612.,  71035., 1783347, 20221024113000)
 (3606., 3627., 3604., 3625., 128936., 1797865, 20221024134500)
 (3626., 3636., 3617., 3619., 108661., 1789966, 20221024140000)
 (3619., 3623., 3615., 3616.,  56917., 1794119, 20221024141500)
 (3616., 3632., 3615., 3626.,  50961., 1792768, 20221024143000)
 (3627., 3630., 3622., 3627.,  33593., 1789826, 20221024144500)
 (3626., 3629., 3621., 3622.,  55801., 1781095, 20221024150000)]
2022-10-25 15:30:00  INFO  [(3615., 3618., 3571., 3584., 301678., 1831203, 20221024211500)
 (3585., 3606., 3583., 3606., 122375., 1823559, 20221024213000)
 (3605., 3613., 3598., 3602.,  84495., 1816710, 20221024214500)
 (3603., 3607., 3581., 3585., 118047., 1820875, 20221024220000)
 (3585., 3596., 3582., 3591.,  70178., 1822420, 20221024221500)
 (3591., 3595., 3583., 3587.,  37630., 1822955, 20221024223000)
 (3586., 3593., 3584., 3589.,  31030., 1825493, 20221024224500)
 (3589., 3590., 3584., 3586.,  34222., 1820462, 20221024230000)
 (3589., 3594., 3564., 3569., 148772., 1838172, 20221025091500)
 (3569., 3580., 3561., 3561., 101269., 1843752, 20221025093000)
 (3562., 3573., 3561., 3572.,  64081., 1843724, 20221025094500)
 (3573., 3584., 3569., 3581.,  68790., 1834351, 20221025100000)
 (3581., 3581., 3566., 3571.,  58497., 1829705, 20221025101500)
 (3571., 3575., 3563., 3564.,  42335., 1835972, 20221025104500)
 (3564., 3578., 3562., 3574.,  45647., 1838382, 20221025110000)
 (3574., 3576., 3566., 3567.,  34354., 1837507, 20221025111500)
 (3567., 3589., 3566., 3588.,  82291., 1831862, 20221025113000)
 (3585., 3589., 3573., 3579.,  80005., 1827149, 20221025134500)
 (3580., 3581., 3570., 3581.,  35327., 1828212, 20221025140000)
 (3581., 3581., 3576., 3580.,  25406., 1829857, 20221025141500)
 (3581., 3582., 3574., 3578.,  18334., 1830987, 20221025143000)
 (3579., 3586., 3576., 3577.,  37938., 1827629, 20221025144500)
 (3576., 3583., 3572., 3574.,  51805., 1822433, 20221025150000)]
2022-10-26 15:30:00  INFO  [(3574., 3582., 3555., 3578., 180020., 1821773, 20221025211500)
 (3577., 3592., 3577., 3587., 118382., 1815147, 20221025213000)
 (3587., 3596., 3582., 3582.,  83513., 1815953, 20221025214500)
 (3582., 3588., 3582., 3587.,  23246., 1816337, 20221025220000)
 (3586., 3594., 3584., 3591.,  31944., 1815914, 20221025221500)
 (3591., 3592., 3586., 3587.,  20128., 1812668, 20221025223000)
 (3588., 3590., 3583., 3586.,  19933., 1811649, 20221025224500)
 (3585., 3593., 3585., 3586.,  26282., 1806667, 20221025230000)
 (3583., 3592., 3571., 3578.,  79900., 1806000, 20221026091500)
 (3577., 3587., 3573., 3577.,  35145., 1803979, 20221026093000)
 (3577., 3590., 3575., 3588.,  34273., 1802371, 20221026094500)
 (3588., 3598., 3587., 3594.,  86811., 1799379, 20221026100000)
 (3595., 3609., 3594., 3607.,  81228., 1798248, 20221026101500)
 (3609., 3619., 3607., 3619., 133108., 1797120, 20221026104500)
 (3619., 3620., 3606., 3610.,  63304., 1797136, 20221026110000)
 (3610., 3614., 3604., 3607.,  45248., 1794138, 20221026111500)
 (3607., 3615., 3605., 3612.,  36264., 1792308, 20221026113000)
 (3608., 3612., 3595., 3604.,  88401., 1788234, 20221026134500)
 (3604., 3607., 3586., 3589.,  70816., 1786725, 20221026140000)
 (3589., 3595., 3586., 3595.,  51762., 1782809, 20221026141500)
 (3595., 3596., 3577., 3582.,  75891., 1787275, 20221026143000)
 (3581., 3589., 3576., 3577.,  59674., 1787654, 20221026144500)
 (3577., 3583., 3568., 3580., 104443., 1785892, 20221026150000)]
2022-10-27 15:30:00  INFO  [(3580., 3591., 3572., 3580., 123402., 1787753, 20221026211500)
 (3580., 3584., 3575., 3581.,  54603., 1791263, 20221026213000)
 (3582., 3589., 3581., 3584.,  49068., 1788855, 20221026214500)
 (3584., 3586., 3578., 3578.,  22755., 1787573, 20221026220000)
 (3578., 3585., 3578., 3583.,  22473., 1787200, 20221026221500)
 (3583., 3586., 3580., 3583.,  22105., 1786767, 20221026223000)
 (3582., 3593., 3582., 3592.,  34151., 1784453, 20221026224500)
 (3592., 3603., 3589., 3597.,  94724., 1767222, 20221026230000)
 (3599., 3622., 3596., 3619., 145384., 1765449, 20221027091500)
 (3620., 3621., 3609., 3612.,  58073., 1762860, 20221027093000)
 (3611., 3614., 3604., 3609.,  58176., 1760874, 20221027094500)
 (3609., 3611., 3603., 3611.,  29746., 1758474, 20221027100000)
 (3610., 3612., 3595., 3596.,  58173., 1754448, 20221027101500)
 (3595., 3601., 3589., 3597.,  76298., 1752410, 20221027104500)
 (3596., 3613., 3596., 3610.,  68821., 1753169, 20221027110000)
 (3609., 3611., 3600., 3603.,  35298., 1752385, 20221027111500)
 (3603., 3608., 3593., 3600.,  50013., 1752244, 20221027113000)
 (3595., 3600., 3585., 3587.,  91238., 1756743, 20221027134500)
 (3587., 3594., 3585., 3590.,  39170., 1757861, 20221027140000)
 (3590., 3592., 3571., 3572.,  92861., 1763351, 20221027141500)
 (3572., 3582., 3570., 3574.,  70667., 1771864, 20221027143000)
 (3574., 3574., 3564., 3566.,  88730., 1776912, 20221027144500)
 (3565., 3573., 3563., 3563.,  65776., 1773458, 20221027150000)]
2022-10-28 15:30:00  INFO  [(3558., 3564., 3530., 3540., 266257., 1801319, 20221027211500)
 (3540., 3550., 3536., 3538.,  88622., 1806447, 20221027213000)
 (3537., 3550., 3537., 3542.,  73034., 1806761, 20221027214500)
 (3541., 3542., 3532., 3534.,  55241., 1813127, 20221027220000)
 (3535., 3537., 3519., 3523., 117852., 1831077, 20221027221500)
 (3523., 3538., 3518., 3534.,  88822., 1835390, 20221027223000)
 (3534., 3543., 3527., 3528.,  77441., 1827196, 20221027224500)
 (3528., 3539., 3526., 3536.,  49772., 1818236, 20221027230000)
 (3530., 3536., 3511., 3526., 137019., 1830285, 20221028091500)
 (3525., 3531., 3515., 3518.,  66750., 1833905, 20221028093000)
 (3517., 3522., 3513., 3518.,  52814., 1837394, 20221028094500)
 (3518., 3522., 3506., 3506.,  62452., 1846420, 20221028100000)
 (3506., 3516., 3506., 3512.,  46558., 1847939, 20221028101500)
 (3511., 3512., 3492., 3493., 113007., 1855467, 20221028104500)
 (3494., 3505., 3478., 3497., 172044., 1856240, 20221028110000)
 (3496., 3507., 3492., 3496.,  77228., 1853575, 20221028111500)
 (3496., 3511., 3495., 3504.,  62449., 1850035, 20221028113000)
 (3499., 3503., 3492., 3493.,  78184., 1851211, 20221028134500)
 (3494., 3499., 3488., 3495.,  47949., 1855064, 20221028140000)
 (3494., 3506., 3492., 3494.,  47941., 1859135, 20221028141500)
 (3494., 3498., 3488., 3491.,  47382., 1863815, 20221028143000)
 (3491., 3496., 3482., 3483.,  68697., 1861709, 20221028144500)
 (3484., 3498., 3483., 3490.,  84431., 1844304, 20221028150000)]
2022-10-31 15:30:00  INFO  [(3490., 3506., 3484., 3503., 143810., 1858016, 20221028211500)
 (3503., 3503., 3487., 3487.,  59424., 1864205, 20221028213000)
 (3487., 3495., 3486., 3489.,  41104., 1868060, 20221028214500)
 (3489., 3493., 3464., 3467., 122621., 1858505, 20221028220000)
 (3467., 3474., 3451., 3462., 147180., 1861425, 20221028221500)
 (3462., 3462., 3442., 3448., 113529., 1867564, 20221028223000)
 (3449., 3452., 3422., 3427., 145171., 1865727, 20221028224500)
 (3427., 3436., 3413., 3416., 132282., 1853801, 20221028230000)
 (3429., 3456., 3410., 3445., 255454., 1845496, 20221031091500)
 (3446., 3449., 3430., 3431.,  84842., 1849420, 20221031093000)
 (3430., 3438., 3425., 3426.,  85564., 1852770, 20221031094500)
 (3426., 3433., 3417., 3425.,  89060., 1857845, 20221031100000)
 (3426., 3437., 3423., 3428.,  58435., 1856321, 20221031101500)
 (3429., 3443., 3429., 3442.,  72162., 1857002, 20221031104500)
 (3442., 3447., 3437., 3441.,  46882., 1856759, 20221031110000)
 (3441., 3444., 3436., 3444.,  34656., 1854843, 20221031111500)
 (3443., 3444., 3429., 3438.,  45301., 1850134, 20221031113000)
 (3437., 3441., 3420., 3430.,  92376., 1850382, 20221031134500)
 (3429., 3430., 3423., 3425.,  35157., 1848336, 20221031140000)
 (3425., 3429., 3408., 3410.,  87990., 1859907, 20221031141500)
 (3410., 3422., 3409., 3418.,  61998., 1861588, 20221031143000)
 (3418., 3418., 3402., 3405.,  64580., 1865056, 20221031144500)
 (3405., 3408., 3389., 3397., 152199., 1861216, 20221031150000)]
2022-11-01 15:30:00  INFO  [(3391., 3417., 3389., 3414., 195331., 1863528, 20221031211500)
 (3415., 3421., 3405., 3406., 111786., 1858647, 20221031213000)
 (3405., 3419., 3402., 3419.,  70525., 1862178, 20221031214500)
 (3419., 3435., 3418., 3421., 129869., 1852620, 20221031220000)
 (3422., 3423., 3409., 3417.,  69168., 1855577, 20221031221500)
 (3417., 3425., 3411., 3417.,  49213., 1855222, 20221031223000)
 (3417., 3425., 3408., 3421.,  56342., 1854001, 20221031224500)
 (3422., 3436., 3419., 3431.,  89583., 1843640, 20221031230000)
 (3428., 3444., 3422., 3438., 126417., 1848620, 20221101091500)
 (3438., 3450., 3436., 3448., 100838., 1836226, 20221101093000)
 (3449., 3450., 3433., 3434.,  68168., 1836860, 20221101094500)
 (3434., 3444., 3432., 3438.,  43000., 1836301, 20221101100000)
 (3438., 3448., 3438., 3448.,  50736., 1832938, 20221101101500)
 (3448., 3462., 3447., 3458., 107566., 1826013, 20221101104500)
 (3457., 3465., 3448., 3460.,  80271., 1829651, 20221101110000)
 (3460., 3461., 3451., 3456.,  45569., 1826885, 20221101111500)
 (3456., 3458., 3437., 3446.,  78358., 1821471, 20221101113000)
 (3450., 3459., 3444., 3456.,  73207., 1827631, 20221101134500)
 (3455., 3461., 3451., 3454.,  54457., 1830629, 20221101140000)
 (3456., 3475., 3451., 3473., 101014., 1832111, 20221101141500)
 (3474., 3494., 3472., 3489., 173483., 1814547, 20221101143000)
 (3488., 3489., 3473., 3486.,  92216., 1802014, 20221101144500)
 (3487., 3495., 3484., 3485., 110497., 1789906, 20221101150000)]
2022-11-02 15:30:00  INFO  [(3485., 3498., 3473., 3476., 190490., 1798480, 20221101211500)
 (3476., 3479., 3460., 3465., 121673., 1803825, 20221101213000)
 (3465., 3471., 3460., 3470.,  56022., 1802272, 20221101214500)
 (3471., 3483., 3465., 3469.,  97548., 1799976, 20221101220000)
 (3470., 3473., 3462., 3464.,  57612., 1794872, 20221101221500)
 (3466., 3467., 3453., 3466.,  93850., 1792680, 20221101223000)
 (3465., 3470., 3459., 3464.,  50341., 1790187, 20221101224500)
 (3464., 3474., 3462., 3470.,  50906., 1782330, 20221101230000)
 (3471., 3474., 3461., 3468.,  68763., 1782180, 20221102091500)
 (3467., 3474., 3464., 3464.,  45109., 1782936, 20221102093000)
 (3464., 3469., 3463., 3468.,  30814., 1785802, 20221102094500)
 (3467., 3471., 3459., 3463.,  44242., 1789909, 20221102100000)
 (3462., 3465., 3450., 3453.,  84700., 1794895, 20221102101500)
 (3454., 3467., 3452., 3466.,  50868., 1797340, 20221102104500)
 (3466., 3478., 3464., 3475.,  77877., 1795427, 20221102110000)
 (3475., 3493., 3468., 3486., 124892., 1790462, 20221102111500)
 (3486., 3493., 3481., 3486.,  64437., 1788478, 20221102113000)
 (3490., 3515., 3485., 3515., 212155., 1783612, 20221102134500)
 (3514., 3515., 3497., 3498.,  96724., 1783187, 20221102140000)
 (3497., 3501., 3485., 3492.,  81281., 1784446, 20221102141500)
 (3492., 3499., 3476., 3477.,  92544., 1784418, 20221102143000)
 (3476., 3479., 3463., 3475., 144923., 1783600, 20221102144500)
 (3474., 3485., 3471., 3485.,  77425., 1773472, 20221102150000)]
2022-11-03 15:30:00  INFO  [(3470., 3482., 3461., 3467., 142436., 1788294, 20221102211500)
 (3466., 3474., 3463., 3469.,  54256., 1792715, 20221102213000)
 (3469., 3483., 3469., 3481.,  50405., 1791851, 20221102214500)
 (3481., 3486., 3475., 3477.,  53512., 1790244, 20221102220000)
 (3476., 3492., 3473., 3488.,  58754., 1792340, 20221102221500)
 (3488., 3489., 3480., 3485.,  36144., 1791302, 20221102223000)
 (3485., 3492., 3482., 3490.,  30858., 1789477, 20221102224500)
 (3489., 3494., 3487., 3489.,  44847., 1780869, 20221102230000)
 (3479., 3505., 3468., 3501., 166484., 1781576, 20221103091500)
 (3502., 3502., 3479., 3486.,  82638., 1784485, 20221103093000)
 (3485., 3496., 3478., 3485.,  55292., 1783012, 20221103094500)
 (3486., 3488., 3474., 3476.,  53727., 1784810, 20221103100000)
 (3475., 3481., 3472., 3481.,  41461., 1785595, 20221103101500)
 (3480., 3489., 3477., 3484.,  68189., 1779048, 20221103104500)
 (3484., 3494., 3483., 3488.,  47180., 1782238, 20221103110000)
 (3488., 3498., 3486., 3497.,  52307., 1782671, 20221103111500)
 (3497., 3510., 3493., 3506., 100671., 1793405, 20221103113000)
 (3512., 3522., 3511., 3516., 164838., 1787121, 20221103134500)
 (3516., 3520., 3508., 3517.,  71448., 1793474, 20221103140000)
 (3517., 3518., 3506., 3507.,  58963., 1787654, 20221103141500)
 (3507., 3514., 3498., 3512.,  82781., 1782704, 20221103143000)
 (3512., 3521., 3511., 3519.,  72126., 1785573, 20221103144500)
 (3520., 3520., 3498., 3504., 103110., 1760124, 20221103150000)]
2022-11-04 15:30:00  INFO  [(3491., 3509., 3488., 3497., 162873., 1750194, 20221103211500)
 (3497., 3498., 3490., 3491.,  50423., 1750294, 20221103213000)
 (3491., 3508., 3489., 3507.,  82717., 1748856, 20221103214500)
 (3507., 3507., 3498., 3503.,  49462., 1742593, 20221103220000)
 (3502., 3512., 3500., 3510.,  44250., 1740833, 20221103221500)
 (3510., 3513., 3503., 3508.,  41484., 1735350, 20221103223000)
 (3508., 3516., 3505., 3515.,  39050., 1734193, 20221103224500)
 (3515., 3520., 3512., 3512.,  70165., 1731235, 20221103230000)
 (3510., 3528., 3508., 3524.,  93571., 1735093, 20221104091500)
 (3524., 3529., 3514., 3528.,  63854., 1741527, 20221104093000)
 (3528., 3534., 3523., 3528., 100366., 1734839, 20221104094500)
 (3527., 3536., 3525., 3533.,  64084., 1735940, 20221104100000)
 (3534., 3535., 3524., 3532.,  55593., 1738225, 20221104101500)
 (3531., 3548., 3530., 3545., 120460., 1727036, 20221104104500)
 (3545., 3545., 3532., 3538.,  71514., 1724178, 20221104110000)
 (3538., 3555., 3536., 3554., 102445., 1717821, 20221104111500)
 (3553., 3557., 3545., 3556.,  76950., 1715009, 20221104113000)
 (3564., 3574., 3561., 3568., 196008., 1717457, 20221104134500)
 (3568., 3573., 3565., 3572.,  59939., 1719241, 20221104140000)
 (3572., 3582., 3568., 3572.,  99028., 1725445, 20221104141500)
 (3573., 3575., 3554., 3557., 110800., 1731069, 20221104143000)
 (3558., 3562., 3546., 3554., 100119., 1731069, 20221104144500)
 (3553., 3566., 3548., 3562., 104960., 1719886, 20221104150000)]
2022-11-07 15:30:00  INFO  [(3585., 3595., 3575., 3582., 184200., 1712567, 20221104211500)
 (3582., 3583., 3566., 3567.,  88612., 1713977, 20221104213000)
 (3568., 3576., 3567., 3573.,  53844., 1715424, 20221104214500)
 (3573., 3578., 3571., 3577.,  33679., 1714098, 20221104220000)
 (3577., 3581., 3572., 3575.,  39149., 1712904, 20221104221500)
 (3575., 3584., 3574., 3584.,  40612., 1706498, 20221104223000)
 (3584., 3590., 3582., 3584.,  64844., 1707949, 20221104224500)
 (3585., 3607., 3582., 3594., 114823., 1698624, 20221104230000)
 (3565., 3565., 3530., 3541., 326712., 1682313, 20221107091500)
 (3541., 3550., 3537., 3550.,  80804., 1691781, 20221107093000)
 (3550., 3552., 3542., 3549.,  56452., 1693577, 20221107094500)
 (3548., 3551., 3535., 3535.,  62314., 1701542, 20221107100000)
 (3535., 3543., 3526., 3527.,  81542., 1706334, 20221107101500)
 (3530., 3538., 3524., 3526.,  77279., 1708240, 20221107104500)
 (3525., 3536., 3524., 3535.,  34902., 1710629, 20221107110000)
 (3535., 3536., 3525., 3528.,  35589., 1713873, 20221107111500)
 (3528., 3535., 3526., 3530.,  37931., 1713012, 20221107113000)
 (3532., 3536., 3526., 3533.,  58252., 1717430, 20221107134500)
 (3533., 3533., 3513., 3514.,  86428., 1722507, 20221107140000)
 (3515., 3528., 3515., 3527.,  71704., 1719338, 20221107141500)
 (3528., 3533., 3526., 3530.,  54988., 1715756, 20221107143000)
 (3529., 3547., 3528., 3543.,  96851., 1707669, 20221107144500)
 (3543., 3544., 3530., 3535.,  89004., 1695884, 20221107150000)]
2022-11-08 15:30:00  INFO  [(3540., 3551., 3528., 3546., 117557., 1697843, 20221107211500)
 (3546., 3550., 3535., 3537.,  57711., 1696874, 20221107213000)
 (3536., 3540., 3531., 3534.,  42991., 1697445, 20221107214500)
 (3535., 3542., 3532., 3540.,  30814., 1698895, 20221107220000)
 (3540., 3546., 3537., 3542.,  35003., 1699171, 20221107221500)
 (3542., 3547., 3535., 3539.,  38005., 1700957, 20221107223000)
 (3539., 3541., 3532., 3534.,  33624., 1699414, 20221107224500)
 (3535., 3536., 3521., 3524.,  66735., 1698075, 20221107230000)
 (3526., 3533., 3521., 3522.,  81430., 1709401, 20221108091500)
 (3522., 3531., 3522., 3528.,  31256., 1709813, 20221108093000)
 (3528., 3529., 3511., 3514.,  73405., 1715357, 20221108094500)
 (3514., 3526., 3512., 3526.,  56952., 1720089, 20221108100000)
 (3526., 3526., 3517., 3523.,  43711., 1717274, 20221108101500)
 (3524., 3536., 3519., 3530.,  61310., 1711721, 20221108104500)
 (3529., 3530., 3521., 3524.,  30248., 1710195, 20221108110000)
 (3524., 3535., 3524., 3534.,  39203., 1709022, 20221108111500)
 (3535., 3538., 3527., 3529.,  36858., 1706111, 20221108113000)
 (3528., 3530., 3515., 3518.,  64288., 1712262, 20221108134500)
 (3519., 3523., 3516., 3521.,  34059., 1715482, 20221108140000)
 (3521., 3533., 3518., 3528.,  52619., 1710369, 20221108141500)
 (3528., 3540., 3527., 3536.,  53042., 1708935, 20221108143000)
 (3536., 3559., 3535., 3558., 122944., 1706412, 20221108144500)
 (3557., 3572., 3551., 3571., 168181., 1696738, 20221108150000)]
2022-11-09 15:30:00  INFO  [(3571., 3584., 3566., 3583., 158943., 1708624, 20221108211500)
 (3583., 3587., 3576., 3586.,  64849., 1711770, 20221108213000)
 (3586., 3600., 3583., 3599., 101106., 1720056, 20221108214500)
 (3598., 3598., 3582., 3585.,  74738., 1722904, 20221108220000)
 (3586., 3593., 3585., 3592.,  41311., 1724254, 20221108221500)
 (3591., 3605., 3587., 3601.,  56362., 1728646, 20221108223000)
 (3600., 3608., 3591., 3595.,  93083., 1719384, 20221108224500)
 (3595., 3596., 3589., 3592.,  43013., 1706981, 20221108230000)
 (3588., 3591., 3574., 3576., 109558., 1704595, 20221109091500)
 (3576., 3583., 3574., 3578.,  46406., 1699664, 20221109093000)
 (3578., 3584., 3573., 3576.,  38488., 1699101, 20221109094500)
 (3577., 3582., 3573., 3573.,  40555., 1697260, 20221109100000)
 (3574., 3579., 3571., 3578.,  33247., 1695576, 20221109101500)
 (3580., 3591., 3580., 3590.,  60349., 1698839, 20221109104500)
 (3589., 3594., 3578., 3580.,  48777., 1702436, 20221109110000)
 (3580., 3592., 3577., 3591.,  34518., 1703763, 20221109111500)
 (3591., 3597., 3581., 3584.,  64256., 1700415, 20221109113000)
 (3587., 3595., 3578., 3579.,  68994., 1701738, 20221109134500)
 (3580., 3589., 3575., 3588.,  58386., 1699926, 20221109140000)
 (3587., 3595., 3584., 3590.,  50837., 1700689, 20221109141500)
 (3589., 3593., 3586., 3590.,  31620., 1701460, 20221109143000)
 (3590., 3595., 3587., 3592.,  38546., 1694891, 20221109144500)
 (3592., 3604., 3589., 3590., 103499., 1682606, 20221109150000)]
2022-11-10 15:30:00  INFO  [(3580., 3584., 3557., 3559., 198030., 1695392, 20221109211500)
 (3558., 3563., 3551., 3560., 121093., 1708567, 20221109213000)
 (3559., 3560., 3533., 3540., 149415., 1718530, 20221109214500)
 (3541., 3547., 3535., 3538.,  75925., 1717074, 20221109220000)
 (3538., 3545., 3536., 3544.,  49624., 1721513, 20221109221500)
 (3544., 3549., 3538., 3542.,  50019., 1718779, 20221109223000)
 (3541., 3551., 3532., 3546.,  74934., 1712861, 20221109224500)
 (3546., 3552., 3542., 3549.,  43930., 1703268, 20221109230000)
 (3540., 3549., 3538., 3538.,  74405., 1700912, 20221110091500)
 (3537., 3543., 3531., 3538.,  77810., 1701893, 20221110093000)
 (3538., 3544., 3533., 3540.,  34328., 1700296, 20221110094500)
 (3540., 3549., 3538., 3546.,  35404., 1698792, 20221110100000)
 (3546., 3549., 3543., 3547.,  29228., 1696394, 20221110101500)
 (3548., 3560., 3546., 3558.,  71551., 1689829, 20221110104500)
 (3557., 3564., 3553., 3562.,  44235., 1687563, 20221110110000)
 (3563., 3572., 3560., 3561.,  73344., 1684155, 20221110111500)
 (3561., 3582., 3561., 3572.,  97730., 1678101, 20221110113000)
 (3566., 3568., 3526., 3529., 216699., 1693171, 20221110134500)
 (3529., 3537., 3527., 3535.,  91304., 1706136, 20221110140000)
 (3536., 3552., 3535., 3546., 104276., 1704170, 20221110141500)
 (3546., 3548., 3536., 3541.,  50677., 1702557, 20221110143000)
 (3542., 3542., 3524., 3527.,  71236., 1707483, 20221110144500)
 (3527., 3541., 3525., 3538.,  77440., 1697396, 20221110150000)]
2022-11-11 15:30:00  INFO  [(3522., 3548., 3516., 3545., 221482., 1716132, 20221110211500)
 (3544., 3552., 3539., 3551.,  79754., 1718988, 20221110213000)
 (3551., 3590., 3551., 3587., 274292., 1704519, 20221110214500)
 (3586., 3595., 3582., 3591., 105027., 1708918, 20221110220000)
 (3591., 3593., 3576., 3579.,  73148., 1704864, 20221110221500)
 (3578., 3585., 3572., 3584.,  46899., 1702082, 20221110223000)
 (3584., 3585., 3573., 3580.,  42337., 1702534, 20221110224500)
 (3581., 3586., 3577., 3582.,  44937., 1697445, 20221110230000)
 (3589., 3622., 3587., 3618., 235939., 1697968, 20221111091500)
 (3619., 3628., 3615., 3626., 105370., 1691947, 20221111093000)
 (3626., 3628., 3610., 3619., 101979., 1698112, 20221111094500)
 (3619., 3622., 3612., 3622.,  42851., 1695232, 20221111100000)
 (3622., 3625., 3615., 3624.,  57309., 1694604, 20221111101500)
 (3624., 3626., 3617., 3619.,  38376., 1694612, 20221111104500)
 (3619., 3626., 3616., 3619.,  33410., 1695235, 20221111110000)
 (3619., 3626., 3617., 3623.,  35852., 1692816, 20221111111500)
 (3622., 3633., 3621., 3625.,  62968., 1692758, 20221111113000)
 (3630., 3648., 3630., 3639., 147622., 1686352, 20221111134500)
 (3639., 3656., 3637., 3652., 114436., 1695173, 20221111140000)
 (3653., 3661., 3640., 3643., 129141., 1681905, 20221111141500)
 (3641., 3648., 3632., 3647.,  93775., 1672334, 20221111143000)
 (3647., 3648., 3630., 3641.,  79893., 1666746, 20221111144500)
 (3640., 3648., 3634., 3637.,  80645., 1651407, 20221111150000)]
2022-11-14 15:30:00  INFO  [(3637., 3646., 3627., 3639., 139702., 1649033, 20221111211500)
 (3639., 3647., 3633., 3645.,  55440., 1644828, 20221111213000)
 (3646., 3658., 3645., 3655.,  73363., 1644053, 20221111214500)
 (3654., 3664., 3649., 3662.,  67014., 1646766, 20221111220000)
 (3663., 3667., 3653., 3658.,  69685., 1644309, 20221111221500)
 (3657., 3659., 3644., 3653.,  58412., 1640067, 20221111223000)
 (3653., 3659., 3644., 3648.,  47555., 1641370, 20221111224500)
 (3650., 3653., 3645., 3645.,  52437., 1629010, 20221111230000)
 (3685., 3691., 3663., 3685., 285072., 1610735, 20221114091500)
 (3684., 3695., 3677., 3679., 124591., 1608752, 20221114093000)
 (3680., 3685., 3669., 3670.,  63611., 1604013, 20221114094500)
 (3670., 3675., 3665., 3669.,  51186., 1597062, 20221114100000)
 (3670., 3673., 3651., 3658.,  95482., 1591735, 20221114101500)
 (3657., 3670., 3655., 3663.,  49409., 1590023, 20221114104500)
 (3664., 3672., 3661., 3671.,  27043., 1590820, 20221114110000)
 (3670., 3671., 3656., 3659.,  39169., 1592777, 20221114111500)
 (3660., 3662., 3647., 3652.,  54571., 1592375, 20221114113000)
 (3648., 3652., 3640., 3647.,  94780., 1593357, 20221114134500)
 (3647., 3653., 3637., 3642.,  65896., 1590678, 20221114140000)
 (3641., 3655., 3640., 3651.,  49220., 1591299, 20221114141500)
 (3651., 3655., 3643., 3650.,  33309., 1591653, 20221114143000)
 (3649., 3655., 3648., 3654.,  33571., 1587012, 20221114144500)
 (3654., 3656., 3647., 3648.,  58053., 1575348, 20221114150000)]
2022-11-15 15:30:00  INFO  [(3655., 3668., 3644., 3664., 161633., 1578494, 20221114211500)
 (3664., 3668., 3653., 3662.,  59585., 1577722, 20221114213000)
 (3662., 3665., 3658., 3661.,  31704., 1579460, 20221114214500)
 (3661., 3666., 3655., 3658.,  35816., 1579333, 20221114220000)
 (3658., 3662., 3651., 3654.,  37442., 1579159, 20221114221500)
 (3654., 3659., 3650., 3656.,  28249., 1576531, 20221114223000)
 (3656., 3665., 3653., 3655.,  39172., 1572996, 20221114224500)
 (3654., 3665., 3652., 3662.,  43810., 1564493, 20221114230000)
 (3654., 3673., 3647., 3647.,  99139., 1568309, 20221115091500)
 (3647., 3662., 3646., 3656.,  59003., 1568506, 20221115093000)
 (3656., 3666., 3656., 3665.,  38743., 1565832, 20221115094500)
 (3665., 3667., 3661., 3662.,  25247., 1564372, 20221115100000)
 (3662., 3676., 3661., 3668.,  63606., 1564296, 20221115101500)
 (3672., 3680., 3670., 3678.,  67516., 1564992, 20221115104500)
 (3677., 3680., 3672., 3677.,  32089., 1565123, 20221115110000)
 (3678., 3680., 3670., 3675.,  38585., 1558467, 20221115111500)
 (3674., 3683., 3672., 3675.,  34697., 1557963, 20221115113000)
 (3677., 3680., 3660., 3661.,  62032., 1551426, 20221115134500)
 (3662., 3668., 3656., 3665.,  54003., 1546553, 20221115140000)
 (3666., 3675., 3662., 3674.,  35647., 1543941, 20221115141500)
 (3674., 3685., 3674., 3683.,  68789., 1552030, 20221115143000)
 (3683., 3688., 3677., 3687.,  42824., 1556345, 20221115144500)
 (3687., 3695., 3681., 3692.,  98688., 1555797, 20221115150000)]
2022-11-16 15:30:00  INFO  [(3700., 3718., 3695., 3699., 239641., 1557708, 20221115211500)
 (3700., 3715., 3699., 3714.,  70358., 1563509, 20221115213000)
 (3714., 3725., 3713., 3719., 101402., 1572680, 20221115214500)
 (3718., 3721., 3710., 3716.,  58271., 1568196, 20221115220000)
 (3715., 3720., 3712., 3719.,  31866., 1567808, 20221115221500)
 (3718., 3723., 3718., 3722.,  36369., 1566531, 20221115223000)
 (3721., 3722., 3711., 3715.,  49367., 1555386, 20221115224500)
 (3715., 3723., 3710., 3722.,  45407., 1545993, 20221115230000)
 (3724., 3734., 3716., 3727., 115818., 1553422, 20221116091500)
 (3728., 3733., 3722., 3725.,  46500., 1553295, 20221116093000)
 (3724., 3730., 3721., 3728.,  34083., 1552373, 20221116094500)
 (3728., 3728., 3720., 3725.,  35255., 1549435, 20221116100000)
 (3724., 3728., 3714., 3719.,  42429., 1549330, 20221116101500)
 (3720., 3738., 3719., 3737.,  69779., 1544881, 20221116104500)
 (3737., 3743., 3733., 3742.,  69049., 1543179, 20221116110000)
 (3741., 3756., 3737., 3755.,  88345., 1553876, 20221116111500)
 (3754., 3757., 3748., 3751.,  82855., 1556504, 20221116113000)
 (3750., 3752., 3742., 3747.,  66849., 1558783, 20221116134500)
 (3747., 3755., 3747., 3752.,  35452., 1558246, 20221116140000)
 (3751., 3764., 3751., 3763.,  63111., 1560793, 20221116141500)
 (3764., 3764., 3751., 3751.,  47648., 1560351, 20221116143000)
 (3752., 3757., 3744., 3747.,  55850., 1555654, 20221116144500)
 (3748., 3752., 3734., 3742.,  89562., 1539464, 20221116150000)]
2022-11-17 15:30:00  INFO  [(3748., 3752., 3727., 3729., 137661., 1535896, 20221116211500)
 (3729., 3733., 3721., 3722.,  89451., 1527215, 20221116213000)
 (3722., 3727., 3716., 3719.,  85303., 1518323, 20221116214500)
 (3718., 3724., 3702., 3707., 121950., 1507261, 20221116220000)
 (3708., 3711., 3694., 3699., 125540., 1499188, 20221116221500)
 (3698., 3709., 3692., 3700.,  88541., 1485666, 20221116223000)
 (3700., 3707., 3698., 3706.,  47919., 1480071, 20221116224500)
 (3706., 3712., 3694., 3696.,  72346., 1468568, 20221116230000)
 (3697., 3697., 3685., 3696., 107197., 1468914, 20221117091500)
 (3695., 3698., 3689., 3693.,  36292., 1469079, 20221117093000)
 (3693., 3705., 3690., 3705.,  46095., 1467634, 20221117094500)
 (3704., 3709., 3694., 3699.,  49697., 1467643, 20221117100000)
 (3698., 3708., 3697., 3705.,  34914., 1469020, 20221117101500)
 (3703., 3710., 3701., 3709.,  30591., 1472563, 20221117104500)
 (3709., 3709., 3695., 3702.,  30193., 1471319, 20221117110000)
 (3701., 3702., 3691., 3692.,  39326., 1469956, 20221117111500)
 (3693., 3697., 3680., 3683.,  73366., 1464898, 20221117113000)
 (3683., 3695., 3670., 3683., 117078., 1464639, 20221117134500)
 (3682., 3691., 3680., 3688.,  39429., 1466687, 20221117140000)
 (3689., 3695., 3676., 3692.,  67302., 1463103, 20221117141500)
 (3692., 3702., 3690., 3695.,  53354., 1461809, 20221117143000)
 (3695., 3712., 3695., 3710.,  69411., 1461145, 20221117144500)
 (3710., 3726., 3707., 3726., 118377., 1451721, 20221117150000)]
2022-11-18 15:30:00  INFO  [(3719., 3719., 3704., 3712., 136299., 1452266, 20221117211500)
 (3712., 3721., 3707., 3719.,  52599., 1455082, 20221117213000)
 (3719., 3727., 3718., 3719.,  57624., 1455557, 20221117214500)
 (3719., 3720., 3706., 3708.,  59653., 1456172, 20221117220000)
 (3709., 3709., 3698., 3706.,  83416., 1455543, 20221117221500)
 (3706., 3712., 3702., 3703.,  36421., 1453447, 20221117223000)
 (3703., 3716., 3697., 3715.,  49198., 1452387, 20221117224500)
 (3715., 3725., 3712., 3720.,  71932., 1444818, 20221117230000)
 (3719., 3730., 3716., 3719.,  70360., 1447344, 20221118091500)
 (3719., 3725., 3714., 3722.,  32069., 1447306, 20221118093000)
 (3721., 3723., 3701., 3702.,  64103., 1451817, 20221118094500)
 (3702., 3712., 3699., 3705.,  49512., 1455356, 20221118100000)
 (3705., 3727., 3705., 3727.,  57072., 1452461, 20221118101500)
 (3728., 3736., 3723., 3724.,  96216., 1455002, 20221118104500)
 (3723., 3725., 3707., 3710.,  77523., 1450996, 20221118110000)
 (3710., 3715., 3700., 3708.,  70819., 1456026, 20221118111500)
 (3708., 3721., 3706., 3718.,  51103., 1448970, 20221118113000)
 (3718., 3726., 3713., 3716.,  53708., 1451476, 20221118134500)
 (3717., 3722., 3713., 3717.,  30043., 1451203, 20221118140000)
 (3716., 3719., 3710., 3717.,  32006., 1454033, 20221118141500)
 (3717., 3723., 3715., 3720.,  37027., 1452984, 20221118143000)
 (3720., 3727., 3705., 3707.,  70094., 1451528, 20221118144500)
 (3707., 3725., 3707., 3716.,  72451., 1440140, 20221118150000)]
2022-11-21 15:30:00  INFO  [(3712., 3718., 3701., 3706., 130626., 1435099, 20221118211500)
 (3707., 3709., 3675., 3676., 166408., 1442203, 20221118213000)
 (3676., 3692., 3673., 3690., 102911., 1444810, 20221118214500)
 (3690., 3693., 3679., 3679.,  52679., 1446728, 20221118220000)
 (3679., 3686., 3670., 3683.,  67923., 1439316, 20221118221500)
 (3683., 3697., 3680., 3688.,  55862., 1435877, 20221118223000)
 (3687., 3689., 3678., 3687.,  38931., 1437291, 20221118224500)
 (3688., 3693., 3681., 3682.,  52691., 1425823, 20221118230000)
 (3665., 3665., 3635., 3637., 244800., 1413796, 20221121091500)
 (3637., 3649., 3634., 3641.,  65388., 1409668, 20221121093000)
 (3641., 3656., 3638., 3651.,  56958., 1407364, 20221121094500)
 (3653., 3653., 3641., 3641.,  38094., 1404955, 20221121100000)
 (3642., 3647., 3638., 3642.,  31888., 1404698, 20221121101500)
 (3645., 3647., 3631., 3636.,  62123., 1406624, 20221121104500)
 (3636., 3645., 3634., 3645.,  42735., 1400751, 20221121110000)
 (3644., 3649., 3641., 3648.,  39437., 1402660, 20221121111500)
 (3647., 3657., 3646., 3653.,  48387., 1401022, 20221121113000)
 (3654., 3672., 3653., 3667., 107998., 1397183, 20221121134500)
 (3667., 3674., 3660., 3671.,  43819., 1399645, 20221121140000)
 (3671., 3675., 3669., 3674.,  41602., 1399405, 20221121141500)
 (3674., 3680., 3666., 3677.,  44949., 1396833, 20221121143000)
 (3677., 3678., 3667., 3672.,  30647., 1395649, 20221121144500)
 (3672., 3680., 3667., 3671.,  53319., 1387097, 20221121150000)]
2022-11-22 15:30:00  INFO  [(3665., 3693., 3661., 3692., 150974., 1391382, 20221121211500)
 (3691., 3702., 3690., 3702.,  92776., 1397438, 20221121213000)
 (3702., 3704., 3688., 3690.,  60318., 1400493, 20221121214500)
 (3690., 3695., 3687., 3695.,  31256., 1398220, 20221121220000)
 (3695., 3696., 3683., 3686.,  30139., 1397451, 20221121221500)
 (3685., 3692., 3676., 3676.,  47140., 1396547, 20221121223000)
 (3676., 3681., 3668., 3672.,  55158., 1393805, 20221121224500)
 (3672., 3681., 3670., 3673.,  41711., 1387665, 20221121230000)
 (3682., 3689., 3675., 3676.,  52127., 1388153, 20221122091500)
 (3677., 3680., 3672., 3679.,  35196., 1389212, 20221122093000)
 (3678., 3688., 3676., 3688.,  40001., 1386149, 20221122094500)
 (3688., 3688., 3677., 3685.,  29724., 1385049, 20221122100000)
 (3685., 3686., 3677., 3681.,  23366., 1383652, 20221122101500)
 (3680., 3683., 3663., 3682., 100843., 1377689, 20221122104500)
 (3681., 3700., 3680., 3698., 106315., 1385755, 20221122110000)
 (3698., 3710., 3691., 3709.,  98894., 1391154, 20221122111500)
 (3708., 3714., 3703., 3710.,  92738., 1397997, 20221122113000)
 (3707., 3711., 3691., 3694.,  74323., 1392898, 20221122134500)
 (3694., 3700., 3686., 3688.,  47065., 1389754, 20221122140000)
 (3687., 3695., 3682., 3685.,  45526., 1386052, 20221122141500)
 (3686., 3689., 3678., 3684.,  57460., 1378418, 20221122143000)
 (3683., 3685., 3672., 3677.,  64626., 1369827, 20221122144500)
 (3676., 3685., 3674., 3677.,  57441., 1358722, 20221122150000)]
2022-11-23 15:30:00  INFO  [(3660., 3675., 3655., 3668., 148304., 1355398, 20221122211500)
 (3669., 3684., 3667., 3681.,  68839., 1356036, 20221122213000)
 (3681., 3682., 3674., 3678.,  41571., 1354823, 20221122214500)
 (3679., 3686., 3667., 3683.,  66760., 1354323, 20221122220000)
 (3684., 3684., 3674., 3676.,  40799., 1346493, 20221122221500)
 (3677., 3686., 3674., 3685.,  34837., 1340723, 20221122223000)
 (3686., 3688., 3678., 3683.,  30553., 1335723, 20221122224500)
 (3682., 3683., 3675., 3675.,  23731., 1329237, 20221122230000)
 (3679., 3679., 3664., 3667.,  67985., 1325278, 20221123091500)
 (3667., 3675., 3667., 3670.,  32988., 1322235, 20221123093000)
 (3670., 3679., 3668., 3674.,  33064., 1318908, 20221123094500)
 (3675., 3680., 3669., 3678.,  37493., 1315914, 20221123100000)
 (3678., 3684., 3674., 3683.,  37784., 1312217, 20221123101500)
 (3682., 3682., 3667., 3668.,  40980., 1308155, 20221123104500)
 (3668., 3670., 3652., 3668., 116572., 1302885, 20221123110000)
 (3668., 3678., 3667., 3674.,  60981., 1299151, 20221123111500)
 (3675., 3683., 3668., 3669.,  62962., 1295217, 20221123113000)
 (3672., 3680., 3662., 3680.,  68459., 1293433, 20221123134500)
 (3679., 3686., 3676., 3683.,  64156., 1300037, 20221123140000)
 (3682., 3687., 3677., 3685.,  38849., 1301092, 20221123141500)
 (3686., 3700., 3684., 3699.,  82484., 1310319, 20221123143000)
 (3700., 3704., 3694., 3697.,  64587., 1313118, 20221123144500)
 (3697., 3699., 3688., 3691.,  52457., 1303587, 20221123150000)]
2022-11-24 15:30:00  INFO  [(3695., 3702., 3684., 3694., 132644., 1308650, 20221123211500)
 (3694., 3703., 3690., 3702.,  49794., 1308897, 20221123213000)
 (3701., 3706., 3695., 3698.,  37852., 1307773, 20221123214500)
 (3698., 3701., 3694., 3696.,  24712., 1306422, 20221123220000)
 (3696., 3710., 3691., 3705.,  59586., 1310998, 20221123221500)
 (3705., 3724., 3705., 3722.,  79384., 1317009, 20221123223000)
 (3722., 3746., 3722., 3736., 155081., 1323135, 20221123224500)
 (3737., 3741., 3714., 3719., 117436., 1294588, 20221123230000)
 (3721., 3740., 3721., 3739.,  83393., 1294804, 20221124091500)
 (3738., 3745., 3732., 3741.,  53740., 1294221, 20221124093000)
 (3741., 3743., 3724., 3725.,  53116., 1294242, 20221124094500)
 (3725., 3728., 3721., 3722.,  46363., 1290880, 20221124100000)
 (3721., 3729., 3720., 3722.,  42069., 1287420, 20221124101500)
 (3723., 3729., 3719., 3726.,  35161., 1287924, 20221124104500)
 (3727., 3734., 3722., 3729.,  28665., 1287763, 20221124110000)
 (3728., 3732., 3717., 3720.,  41618., 1283999, 20221124111500)
 (3720., 3723., 3706., 3711.,  76819., 1278312, 20221124113000)
 (3702., 3708., 3692., 3696., 134043., 1266590, 20221124134500)
 (3695., 3699., 3685., 3696., 112164., 1261307, 20221124140000)
 (3696., 3701., 3689., 3697.,  47749., 1256657, 20221124141500)
 (3697., 3702., 3694., 3699.,  39321., 1252114, 20221124143000)
 (3699., 3700., 3689., 3690.,  53875., 1244311, 20221124144500)
 (3690., 3694., 3677., 3681.,  97382., 1228892, 20221124150000)]
2022-11-25 15:30:00  INFO  [(3680., 3688., 3663., 3663., 176333., 1222603, 20221124211500)
 (3663., 3668., 3659., 3662.,  83904., 1218041, 20221124213000)
 (3662., 3672., 3661., 3669.,  48416., 1214501, 20221124214500)
 (3669., 3676., 3664., 3672.,  39272., 1211770, 20221124220000)
 (3671., 3675., 3662., 3664.,  45664., 1204062, 20221124221500)
 (3664., 3671., 3663., 3667.,  33119., 1197014, 20221124223000)
 (3667., 3676., 3665., 3674.,  30635., 1193208, 20221124224500)
 (3674., 3682., 3672., 3680.,  53011., 1183907, 20221124230000)
 (3682., 3689., 3680., 3685.,  55542., 1181763, 20221125091500)
 (3685., 3691., 3681., 3684.,  37053., 1177979, 20221125093000)
 (3685., 3686., 3676., 3679.,  34858., 1176994, 20221125094500)
 (3678., 3697., 3676., 3694.,  55232., 1168315, 20221125100000)
 (3694., 3701., 3692., 3695.,  52397., 1169397, 20221125101500)
 (3696., 3705., 3693., 3699.,  45586., 1165510, 20221125104500)
 (3700., 3703., 3690., 3693.,  31102., 1164887, 20221125110000)
 (3694., 3697., 3683., 3686.,  53074., 1163132, 20221125111500)
 (3686., 3699., 3684., 3697.,  36906., 1162890, 20221125113000)
 (3700., 3715., 3700., 3709.,  88605., 1171883, 20221125134500)
 (3710., 3720., 3706., 3717.,  72278., 1175868, 20221125140000)
 (3716., 3718., 3711., 3716.,  37566., 1177544, 20221125141500)
 (3715., 3716., 3705., 3710.,  35642., 1177928, 20221125143000)
 (3710., 3727., 3706., 3726.,  51587., 1181284, 20221125144500)
 (3727., 3736., 3724., 3736., 116454., 1185293, 20221125150000)]
2022-11-28 15:30:00  INFO  [(3736., 3755., 3736., 3751., 183178., 1179129, 20221125211500)
 (3752., 3753., 3733., 3733.,  76874., 1179597, 20221125213000)
 (3733., 3741., 3732., 3734.,  45249., 1178653, 20221125214500)
 (3733., 3741., 3733., 3738.,  26177., 1178079, 20221125220000)
 (3738., 3745., 3736., 3745.,  33012., 1176820, 20221125221500)
 (3745., 3747., 3736., 3740.,  27791., 1173794, 20221125223000)
 (3740., 3745., 3736., 3744.,  24247., 1172061, 20221125224500)
 (3744., 3756., 3740., 3747.,  54163., 1166069, 20221125230000)
 (3724., 3735., 3711., 3731., 155373., 1148485, 20221128091500)
 (3731., 3734., 3719., 3719.,  49443., 1146587, 20221128093000)
 (3720., 3728., 3711., 3716.,  66789., 1139606, 20221128094500)
 (3716., 3729., 3715., 3728.,  57155., 1138746, 20221128100000)
 (3727., 3735., 3724., 3730.,  47721., 1135908, 20221128101500)
 (3730., 3750., 3728., 3744.,  70130., 1143399, 20221128104500)
 (3745., 3746., 3738., 3744.,  36245., 1142594, 20221128110000)
 (3744., 3748., 3737., 3743.,  28628., 1143910, 20221128111500)
 (3743., 3747., 3738., 3741.,  32382., 1137853, 20221128113000)
 (3738., 3739., 3732., 3733.,  51665., 1129981, 20221128134500)
 (3733., 3736., 3725., 3733.,  40704., 1126686, 20221128140000)
 (3733., 3737., 3727., 3733.,  32185., 1127793, 20221128141500)
 (3733., 3747., 3730., 3746.,  46921., 1127423, 20221128143000)
 (3746., 3750., 3740., 3741.,  39781., 1131332, 20221128144500)
 (3741., 3746., 3735., 3738.,  46154., 1123090, 20221128150000)]
2022-11-29 15:30:00  INFO  [(3750., 3780., 3748., 3778., 210168., 1129378, 20221128211500)
 (3779., 3785., 3772., 3774.,  76275., 1128526, 20221128213000)
 (3775., 3781., 3770., 3781.,  42737., 1126404, 20221128214500)
 (3782., 3785., 3778., 3781.,  39157., 1123684, 20221128220000)
 (3782., 3785., 3777., 3782.,  28031., 1124334, 20221128221500)
 (3782., 3782., 3773., 3782.,  27383., 1121406, 20221128223000)
 (3783., 3790., 3777., 3787.,  43759., 1119312, 20221128224500)
 (3787., 3793., 3780., 3782.,  47831., 1112950, 20221128230000)
 (3785., 3797., 3784., 3796.,  76630., 1119525, 20221129091500)
 (3795., 3797., 3787., 3796.,  45147., 1112018, 20221129093000)
 (3795., 3798., 3784., 3787.,  54471., 1105653, 20221129094500)
 (3786., 3788., 3778., 3782.,  68371., 1098204, 20221129100000)
 (3782., 3784., 3775., 3781.,  39764., 1090043, 20221129101500)
 (3781., 3782., 3771., 3773.,  46125., 1084193, 20221129104500)
 (3774., 3778., 3762., 3767.,  57800., 1072266, 20221129110000)
 (3767., 3770., 3761., 3766.,  53412., 1063504, 20221129111500)
 (3767., 3779., 3762., 3777.,  46812., 1061386, 20221129113000)
 (3781., 3785., 3774., 3784.,  74631., 1054444, 20221129134500)
 (3784., 3788., 3771., 3771.,  44810., 1048071, 20221129140000)
 (3771., 3780., 3770., 3771.,  34342., 1043977, 20221129141500)
 (3770., 3773., 3763., 3766.,  46638., 1042807, 20221129143000)
 (3766., 3776., 3765., 3774.,  27362., 1040580, 20221129144500)
 (3773., 3774., 3763., 3765.,  44403., 1027132, 20221129150000)]
2022-11-30 15:30:00  INFO  [(3758., 3762., 3742., 3744., 168737., 997116, 20221129211500)
 (3744., 3745., 3735., 3737.,  92619., 976598, 20221129213000)
 (3736., 3753., 3736., 3748.,  58209., 967587, 20221129214500)
 (3748., 3757., 3748., 3751.,  48280., 960512, 20221129220000)
 (3751., 3755., 3746., 3751.,  25279., 956874, 20221129221500)
 (3751., 3758., 3749., 3756.,  25089., 951125, 20221129223000)
 (3756., 3762., 3753., 3753.,  27761., 947682, 20221129224500)
 (3753., 3755., 3749., 3754.,  21272., 943224, 20221129230000)
 (3753., 3764., 3750., 3753.,  51431., 936426, 20221130091500)
 (3752., 3753., 3742., 3744.,  74828., 921671, 20221130093000)
 (3745., 3757., 3742., 3755.,  44184., 910874, 20221130094500)
 (3754., 3762., 3751., 3752.,  33149., 905222, 20221130100000)
 (3752., 3762., 3749., 3762.,  26896., 900663, 20221130101500)
 (3762., 3765., 3751., 3752.,  23261., 897396, 20221130104500)
 (3751., 3759., 3751., 3758.,  13747., 894724, 20221130110000)
 (3757., 3760., 3754., 3757.,  12002., 892353, 20221130111500)
 (3756., 3762., 3752., 3758.,  23746., 888035, 20221130113000)
 (3753., 3755., 3736., 3737.,  77230., 882170, 20221130134500)
 (3737., 3740., 3717., 3719.,  86792., 875919, 20221130140000)
 (3719., 3731., 3718., 3720.,  55343., 868936, 20221130141500)
 (3720., 3732., 3720., 3724.,  32649., 865806, 20221130143000)
 (3724., 3740., 3723., 3739.,  37895., 862378, 20221130144500)
 (3738., 3749., 3734., 3748.,  48576., 850445, 20221130150000)]
2022-12-01 15:30:00  INFO  [(3756., 3775., 3754., 3774., 125681., 830665, 20221130211500)
 (3774., 3780., 3768., 3770.,  73012., 824864, 20221130213000)
 (3769., 3771., 3761., 3763.,  34371., 825860, 20221130214500)
 (3764., 3768., 3761., 3766.,  17835., 826729, 20221130220000)
 (3766., 3772., 3764., 3768.,  22337., 826107, 20221130221500)
 (3768., 3770., 3763., 3770.,  16896., 824131, 20221130223000)
 (3769., 3776., 3768., 3769.,  24621., 823914, 20221130224500)
 (3770., 3772., 3755., 3764.,  43416., 817205, 20221130230000)
 (3784., 3785., 3772., 3776.,  61906., 817222, 20221201091500)
 (3776., 3782., 3771., 3776.,  33329., 810588, 20221201093000)
 (3777., 3778., 3766., 3773.,  32411., 806494, 20221201094500)
 (3772., 3773., 3764., 3765.,  20322., 807341, 20221201100000)
 (3764., 3768., 3750., 3757.,  43842., 803878, 20221201101500)
 (3757., 3757., 3745., 3753.,  38011., 800944, 20221201104500)
 (3753., 3759., 3749., 3750.,  21688., 801221, 20221201110000)
 (3750., 3751., 3738., 3739.,  33909., 801841, 20221201111500)
 (3739., 3744., 3733., 3735.,  34793., 799469, 20221201113000)
 (3735., 3753., 3732., 3750.,  48004., 793228, 20221201134500)
 (3751., 3758., 3748., 3758.,  25642., 790556, 20221201140000)
 (3757., 3762., 3754., 3756.,  36053., 787496, 20221201141500)
 (3756., 3762., 3753., 3758.,  18242., 787288, 20221201143000)
 (3757., 3758., 3750., 3755.,  18245., 785224, 20221201144500)
 (3755., 3758., 3746., 3752.,  34277., 775894, 20221201150000)]
2022-12-02 15:30:00  INFO  [(3750., 3760., 3732., 3750., 80585., 758354, 20221201211500)
 (3750., 3757., 3746., 3747., 31566., 754776, 20221201213000)
 (3747., 3752., 3745., 3749., 15121., 753302, 20221201214500)
 (3750., 3752., 3741., 3745., 20443., 749425, 20221201220000)
 (3746., 3750., 3743., 3747., 11485., 747113, 20221201221500)
 (3747., 3756., 3747., 3754., 14811., 745404, 20221201223000)
 (3755., 3755., 3746., 3751., 12810., 743851, 20221201224500)
 (3751., 3759., 3749., 3754., 20423., 738736, 20221201230000)
 (3749., 3753., 3744., 3744., 19835., 735594, 20221202091500)
 (3745., 3751., 3744., 3748.,  9812., 734315, 20221202093000)
 (3748., 3758., 3747., 3756., 16190., 731307, 20221202094500)
 (3756., 3782., 3754., 3782., 57947., 729653, 20221202100000)
 (3782., 3792., 3777., 3780., 60472., 722740, 20221202101500)
 (3779., 3786., 3776., 3782., 28042., 714434, 20221202104500)
 (3781., 3788., 3779., 3786., 16398., 711569, 20221202110000)
 (3786., 3790., 3781., 3784., 23911., 707531, 20221202111500)
 (3785., 3788., 3780., 3781., 17454., 703367, 20221202113000)
 (3780., 3789., 3776., 3788., 23066., 698604, 20221202134500)
 (3787., 3790., 3783., 3788., 21191., 695287, 20221202140000)
 (3789., 3793., 3781., 3786., 29913., 687160, 20221202141500)
 (3786., 3787., 3779., 3783., 17032., 683087, 20221202143000)
 (3784., 3787., 3779., 3783., 13376., 681247, 20221202144500)
 (3784., 3792., 3782., 3784., 31148., 672160, 20221202150000)]
2022-12-05 15:30:00  INFO  [(3794., 3797., 3755., 3771., 81901., 652733, 20221202211500)
 (3771., 3779., 3770., 3771., 16752., 648968, 20221202213000)
 (3772., 3776., 3764., 3775., 20215., 646888, 20221202214500)
 (3774., 3776., 3765., 3768., 15546., 645999, 20221202220000)
 (3768., 3770., 3758., 3766., 19451., 642963, 20221202221500)
 (3766., 3775., 3766., 3773.,  8341., 641786, 20221202223000)
 (3773., 3782., 3773., 3778., 13994., 642097, 20221202224500)
 (3778., 3790., 3776., 3789., 24559., 636078, 20221202230000)
 (3813., 3823., 3797., 3816., 94669., 618572, 20221205091500)
 (3817., 3821., 3805., 3817., 36458., 610947, 20221205093000)
 (3817., 3819., 3809., 3810., 14148., 607473, 20221205094500)
 (3810., 3817., 3810., 3813., 12068., 602863, 20221205100000)
 (3813., 3816., 3800., 3806., 22353., 596943, 20221205101500)
 (3807., 3808., 3798., 3800., 15131., 595430, 20221205104500)
 (3800., 3805., 3795., 3802., 13785., 591394, 20221205110000)
 (3803., 3803., 3799., 3801.,  4777., 590495, 20221205111500)
 (3801., 3805., 3790., 3794., 13283., 586983, 20221205113000)
 (3794., 3806., 3794., 3798., 13534., 584286, 20221205134500)
 (3798., 3799., 3780., 3780., 20680., 582143, 20221205140000)
 (3782., 3783., 3758., 3762., 49889., 568186, 20221205141500)
 (3763., 3778., 3761., 3771., 16058., 564629, 20221205143000)
 (3771., 3774., 3761., 3762., 12010., 562884, 20221205144500)
 (3762., 3770., 3760., 3768., 18436., 557404, 20221205150000)]
2022-12-06 15:30:00  INFO  [(3765., 3782., 3755., 3771., 32427., 549639, 20221205211500)
 (3770., 3785., 3769., 3780., 14019., 547298, 20221205213000)
 (3781., 3782., 3767., 3772., 10775., 547167, 20221205214500)
 (3772., 3775., 3769., 3771.,  4364., 545998, 20221205220000)
 (3770., 3770., 3760., 3763.,  7723., 544469, 20221205221500)
 (3762., 3774., 3761., 3774.,  6018., 543426, 20221205223000)
 (3773., 3777., 3770., 3777.,  5191., 542536, 20221205224500)
 (3776., 3777., 3769., 3769.,  5540., 540841, 20221205230000)
 (3760., 3776., 3760., 3774., 15271., 537225, 20221206091500)
 (3774., 3778., 3770., 3776.,  9438., 535341, 20221206093000)
 (3775., 3785., 3775., 3782., 11867., 534200, 20221206094500)
 (3781., 3783., 3776., 3777.,  6727., 533292, 20221206100000)
 (3777., 3792., 3776., 3791.,  8881., 532239, 20221206101500)
 (3791., 3792., 3782., 3783.,  7680., 532258, 20221206104500)
 (3784., 3787., 3775., 3776.,  6563., 531571, 20221206110000)
 (3776., 3781., 3774., 3778.,  7205., 530365, 20221206111500)
 (3778., 3784., 3768., 3779., 18591., 531769, 20221206113000)
 (3776., 3788., 3776., 3785., 10757., 532084, 20221206134500)
 (3786., 3793., 3784., 3793.,  9538., 531969, 20221206140000)
 (3792., 3800., 3781., 3785., 12853., 528719, 20221206141500)
 (3785., 3790., 3782., 3790.,  5523., 528596, 20221206143000)
 (3788., 3793., 3786., 3788.,  7794., 527927, 20221206144500)
 (3788., 3795., 3784., 3794.,  9862., 526828, 20221206150000)]
2022-12-07 15:30:00  INFO  [(3771., 3795., 3771., 3789., 21938., 520573, 20221206211500)
 (3789., 3802., 3788., 3801., 11824., 517153, 20221206213000)
 (3801., 3802., 3786., 3790.,  7361., 516224, 20221206214500)
 (3790., 3794., 3789., 3792.,  5465., 515703, 20221206220000)
 (3793., 3800., 3790., 3797.,  6777., 514578, 20221206221500)
 (3798., 3800., 3793., 3796.,  3409., 514380, 20221206223000)
 (3796., 3805., 3794., 3800.,  7775., 513138, 20221206224500)
 (3802., 3805., 3795., 3803.,  5349., 512081, 20221206230000)
 (3801., 3804., 3796., 3798.,  6791., 510950, 20221207091500)
 (3799., 3800., 3785., 3786.,  6273., 509592, 20221207093000)
 (3785., 3794., 3785., 3793.,  4573., 508908, 20221207094500)
 (3793., 3796., 3790., 3792.,  3219., 508548, 20221207100000)
 (3791., 3796., 3789., 3793.,  3170., 507961, 20221207101500)
 (3796., 3798., 3788., 3791.,  5107., 506481, 20221207104500)
 (3791., 3804., 3790., 3799.,  7612., 507204, 20221207110000)
 (3798., 3799., 3788., 3790.,  7604., 505357, 20221207111500)
 (3789., 3797., 3789., 3792.,  5697., 504562, 20221207113000)
 (3800., 3810., 3792., 3795., 12447., 503079, 20221207134500)
 (3795., 3799., 3784., 3787.,  9741., 501673, 20221207140000)
 (3787., 3790., 3780., 3785., 11030., 499923, 20221207141500)
 (3785., 3791., 3782., 3783.,  7563., 497419, 20221207143000)
 (3783., 3787., 3774., 3782., 11030., 495302, 20221207144500)
 (3781., 3791., 3780., 3789.,  9274., 492331, 20221207150000)]
2022-12-08 15:30:00  INFO  [(3789., 3797., 3782., 3792., 16184., 487039, 20221207211500)
 (3792., 3801., 3791., 3801.,  8825., 486196, 20221207213000)
 (3800., 3801., 3794., 3795.,  3836., 485363, 20221207214500)
 (3796., 3798., 3791., 3794.,  3828., 484841, 20221207220000)
 (3793., 3795., 3790., 3791.,  2896., 484615, 20221207221500)
 (3791., 3797., 3791., 3797.,  2902., 483789, 20221207223000)
 (3797., 3806., 3795., 3805.,  5930., 483618, 20221207224500)
 (3805., 3814., 3801., 3814.,  6780., 483233, 20221207230000)
 (3812., 3820., 3809., 3817., 13819., 483865, 20221208091500)
 (3818., 3818., 3809., 3815.,  4782., 482683, 20221208093000)
 (3815., 3818., 3813., 3814.,  3153., 481937, 20221208094500)
 (3813., 3818., 3812., 3815.,  5120., 480240, 20221208100000)
 (3813., 3815., 3810., 3811.,  5007., 478930, 20221208101500)
 (3811., 3818., 3811., 3814.,  5059., 477940, 20221208104500)
 (3814., 3829., 3814., 3825., 11508., 474580, 20221208110000)
 (3824., 3830., 3820., 3826.,  6983., 472550, 20221208111500)
 (3825., 3834., 3821., 3824., 10926., 468259, 20221208113000)
 (3820., 3831., 3817., 3824.,  5899., 467145, 20221208134500)
 (3825., 3828., 3819., 3825.,  3281., 466484, 20221208140000)
 (3825., 3828., 3818., 3828.,  4050., 466719, 20221208141500)
 (3828., 3837., 3825., 3835.,  6207., 465385, 20221208143000)
 (3835., 3841., 3828., 3839.,  7119., 463979, 20221208144500)
 (3840., 3845., 3835., 3840., 11339., 460256, 20221208150000)]
2022-12-09 15:30:00  INFO  [(3846., 3866., 3845., 3857., 25255., 455828, 20221208211500)
 (3857., 3866., 3857., 3865.,  7940., 454825, 20221208213000)
 (3864., 3870., 3862., 3866.,  7892., 454585, 20221208214500)
 (3866., 3872., 3861., 3870.,  7252., 452523, 20221208220000)
 (3870., 3871., 3860., 3862.,  5763., 451538, 20221208221500)
 (3862., 3871., 3861., 3870.,  3804., 450559, 20221208223000)
 (3869., 3876., 3866., 3868.,  7013., 449940, 20221208224500)
 (3868., 3877., 3866., 3874.,  6835., 447858, 20221208230000)
 (3873., 3874., 3863., 3869.,  5593., 446930, 20221209091500)
 (3869., 3879., 3867., 3878.,  6115., 445148, 20221209093000)
 (3878., 3886., 3875., 3886.,  8104., 442469, 20221209094500)
 (3886., 3900., 3884., 3899., 11721., 439047, 20221209100000)
 (3900., 3915., 3897., 3902., 21939., 432280, 20221209101500)
 (3903., 3914., 3898., 3911., 10357., 431030, 20221209104500)
 (3910., 3917., 3908., 3916.,  8192., 428640, 20221209110000)
 (3916., 3928., 3913., 3915., 14255., 422929, 20221209111500)
 (3915., 3924., 3910., 3916.,  7648., 420086, 20221209113000)
 (3914., 3938., 3911., 3938., 17265., 414519, 20221209134500)
 (3938., 3946., 3933., 3941., 20202., 408215, 20221209140000)
 (3941., 3945., 3933., 3940., 12656., 404418, 20221209141500)
 (3939., 3940., 3920., 3922., 12893., 400890, 20221209143000)
 (3922., 3936., 3920., 3931.,  7264., 399877, 20221209144500)
 (3931., 3945., 3926., 3945., 11072., 397417, 20221209150000)]
2022-12-12 15:30:00  INFO  [(3910., 3950., 3910., 3929., 27105., 388290, 20221209211500)
 (3928., 3942., 3927., 3930.,  7767., 386448, 20221209213000)
 (3930., 3938., 3927., 3938.,  4835., 386007, 20221209214500)
 (3937., 3942., 3935., 3939.,  5459., 385197, 20221209220000)
 (3939., 3945., 3938., 3941.,  3482., 384651, 20221209221500)
 (3941., 3956., 3939., 3954., 10382., 383461, 20221209223000)
 (3955., 3970., 3952., 3962.,  9070., 382246, 20221209224500)
 (3961., 3965., 3956., 3961.,  5451., 380198, 20221209230000)
 (3962., 3962., 3921., 3931., 19267., 375638, 20221212091500)
 (3931., 3942., 3929., 3939.,  5688., 374406, 20221212093000)
 (3939., 3949., 3927., 3927.,  7874., 371982, 20221212094500)
 (3928., 3931., 3921., 3927.,  4753., 370239, 20221212100000)
 (3925., 3933., 3923., 3928.,  2452., 369585, 20221212101500)
 (3927., 3932., 3922., 3925.,  3003., 368799, 20221212104500)
 (3926., 3927., 3908., 3915.,  7583., 366433, 20221212110000)
 (3915., 3918., 3908., 3911.,  5047., 365184, 20221212111500)
 (3912., 3921., 3910., 3919.,  6205., 363717, 20221212113000)
 (3920., 3925., 3913., 3917.,  4182., 363317, 20221212134500)
 (3917., 3918., 3912., 3914.,  2316., 362796, 20221212140000)
 (3913., 3920., 3912., 3916.,  1618., 362489, 20221212141500)
 (3915., 3924., 3915., 3915.,  2913., 361847, 20221212143000)
 (3917., 3920., 3914., 3916.,  2428., 361145, 20221212144500)
 (3917., 3927., 3916., 3921.,  5317., 359102, 20221212150000)]
2022-12-13 15:30:00  INFO  [(3910., 3927., 3903., 3924., 11648., 355790, 20221212211500)
 (3924., 3934., 3922., 3931.,  4510., 355609, 20221212213000)
 (3932., 3944., 3930., 3934.,  4584., 354419, 20221212214500)
 (3935., 3936., 3921., 3923.,  3261., 353858, 20221212220000)
 (3921., 3931., 3921., 3928.,  1977., 353792, 20221212221500)
 (3927., 3931., 3925., 3927.,  1389., 353469, 20221212223000)
 (3927., 3929., 3916., 3921.,  3825., 353393, 20221212224500)
 (3921., 3928., 3918., 3922.,  5095., 352391, 20221212230000)
 (3922., 3929., 3910., 3927.,  4835., 351490, 20221213091500)
 (3926., 3928., 3918., 3919.,  2107., 350878, 20221213093000)
 (3918., 3921., 3907., 3910.,  4493., 349705, 20221213094500)
 (3911., 3913., 3902., 3907.,  5984., 348974, 20221213100000)
 (3907., 3912., 3903., 3910.,  3661., 348758, 20221213101500)
 (3910., 3917., 3907., 3911.,  3515., 348616, 20221213104500)
 (3912., 3912., 3902., 3903.,  2692., 348294, 20221213110000)
 (3904., 3910., 3895., 3904.,  5863., 347090, 20221213111500)
 (3904., 3906., 3895., 3899.,  3738., 347028, 20221213113000)
 (3899., 3903., 3890., 3899.,  8740., 345436, 20221213134500)
 (3897., 3900., 3890., 3896.,  5447., 344708, 20221213140000)
 (3897., 3899., 3888., 3893.,  4674., 344615, 20221213141500)
 (3893., 3896., 3891., 3891.,  1933., 343992, 20221213143000)
 (3892., 3904., 3891., 3903.,  3351., 343473, 20221213144500)
 (3902., 3910., 3899., 3909.,  6340., 342876, 20221213150000)]
2022-12-14 15:30:00  INFO  [(3919., 3919., 3906., 3915., 8665., 342260, 20221213211500)
 (3916., 3925., 3913., 3924., 3303., 342155, 20221213213000)
 (3924., 3934., 3915., 3933., 8721., 341493, 20221213214500)
 (3933., 3935., 3925., 3928., 3662., 340578, 20221213220000)
 (3928., 3931., 3923., 3927., 2149., 340081, 20221213221500)
 (3927., 3928., 3908., 3911., 4970., 339370, 20221213223000)
 (3910., 3919., 3909., 3918., 2370., 339155, 20221213224500)
 (3918., 3924., 3916., 3918., 2338., 338681, 20221213230000)
 (3915., 3918., 3910., 3914., 5665., 338016, 20221214091500)
 (3914., 3918., 3910., 3913., 2741., 337566, 20221214093000)
 (3913., 3920., 3911., 3911., 1654., 337263, 20221214094500)
 (3911., 3914., 3907., 3910., 3492., 336095, 20221214100000)
 (3910., 3913., 3905., 3909., 2635., 335566, 20221214101500)
 (3910., 3916., 3907., 3914., 1817., 335292, 20221214104500)
 (3915., 3915., 3909., 3914., 1480., 334947, 20221214110000)
 (3915., 3915., 3908., 3908., 1165., 334582, 20221214111500)
 (3908., 3922., 3907., 3920., 3596., 334186, 20221214113000)
 (3926., 3937., 3920., 3921., 7364., 333379, 20221214134500)
 (3923., 3930., 3919., 3925., 3101., 332213, 20221214140000)
 (3925., 3946., 3925., 3943., 7371., 330580, 20221214141500)
 (3942., 3946., 3939., 3943., 5279., 329265, 20221214143000)
 (3943., 3947., 3936., 3936., 3178., 329167, 20221214144500)
 (3936., 3948., 3930., 3939., 7294., 328369, 20221214150000)]
2022-12-15 15:30:00  INFO  [(3948., 3975., 3943., 3975., 14017., 325230, 20221214211500)
 (3975., 3981., 3972., 3978., 11146., 321570, 20221214213000)
 (3978., 3987., 3975., 3977.,  5380., 320468, 20221214214500)
 (3978., 3995., 3976., 3986.,  8465., 317986, 20221214220000)
 (3986., 3989., 3977., 3977.,  4378., 316644, 20221214221500)
 (3976., 3984., 3975., 3981.,  2001., 315990, 20221214223000)
 (3982., 3994., 3980., 3993.,  2013., 315560, 20221214224500)
 (3993., 3995., 3990., 3992.,  6154., 313334, 20221214230000)
 (3991., 3995., 3982., 3993.,  4205., 312221, 20221215091500)
 (3993., 3996., 3988., 3994.,  3107., 311136, 20221215093000)
 (3994., 3995., 3983., 3986.,  3180., 310372, 20221215094500)
 (3987., 3987., 3963., 3964.,  6802., 309757, 20221215100000)
 (3964., 3974., 3961., 3968.,  3865., 308895, 20221215101500)
 (3968., 3980., 3968., 3975.,  2493., 308762, 20221215104500)
 (3975., 3988., 3974., 3976.,  2601., 308289, 20221215110000)
 (3976., 3977., 3962., 3977.,  3304., 307705, 20221215111500)
 (3975., 3979., 3971., 3979.,  1572., 307155, 20221215113000)
 (3980., 3992., 3968., 3992.,  4032., 306465, 20221215134500)
 (3993., 4000., 3985., 3999.,  4835., 305008, 20221215140000)
 (3999., 4004., 3995., 4003.,  3779., 304350, 20221215141500)
 (4003., 4016., 4000., 4016.,  7470., 302794, 20221215143000)
 (4017., 4036., 4014., 4035., 12024., 299225, 20221215144500)
 (4036., 4037., 4025., 4034., 10617., 295004, 20221215150000)]
2022-12-16 15:30:00  INFO  [(4035., 4068., 4034., 4063., 22066., 286318, 20221215211500)
 (4063., 4091., 4059., 4084., 17212., 279630, 20221215213000)
 (4084., 4087., 4070., 4071.,  8392., 276084, 20221215214500)
 (4071., 4089., 4070., 4089.,  5400., 274008, 20221215220000)
 (4089., 4113., 4087., 4098., 11393., 270432, 20221215221500)
 (4098., 4099., 4088., 4090.,  9442., 268307, 20221215223000)
 (4089., 4096., 4081., 4083.,  6116., 264801, 20221215224500)
 (4084., 4094., 4081., 4081.,  3522., 263384, 20221215230000)
 (4081., 4081., 4030., 4044., 16254., 259312, 20221216091500)
 (4044., 4052., 4040., 4047.,  3760., 258471, 20221216093000)
 (4048., 4053., 4037., 4038.,  4252., 257354, 20221216094500)
 (4039., 4040., 4032., 4033.,  3409., 256553, 20221216100000)
 (4033., 4048., 4030., 4039.,  3730., 255640, 20221216101500)
 (4039., 4046., 4032., 4039.,  2783., 255125, 20221216104500)
 (4039., 4042., 4026., 4028.,  3559., 254728, 20221216110000)
 (4028., 4030., 4001., 4007.,  7567., 252537, 20221216111500)
 (4007., 4012., 3967., 3972., 10004., 250165, 20221216113000)
 (3972., 3990., 3953., 3984., 11699., 248856, 20221216134500)
 (3985., 3995., 3981., 3989.,  5112., 248761, 20221216140000)
 (3990., 4008., 3984., 4004.,  5784., 247758, 20221216141500)
 (4004., 4008., 3999., 4001.,  2268., 247571, 20221216143000)
 (4000., 4005., 3987., 4003.,  4043., 246861, 20221216144500)
 (4003., 4030., 4002., 4022.,  6290., 245577, 20221216150000)]
2022-12-19 15:30:00  INFO  [(4014., 4015., 3980., 3981., 11782., 243670, 20221216211500)
 (3981., 3989., 3964., 3976.,  6861., 242049, 20221216213000)
 (3975., 3975., 3936., 3948., 13048., 238720, 20221216214500)
 (3947., 3955., 3931., 3933.,  8817., 237250, 20221216220000)
 (3934., 3940., 3926., 3934., 10830., 233497, 20221216221500)
 (3935., 3961., 3934., 3947., 10014., 230811, 20221216223000)
 (3947., 3955., 3942., 3948.,  5269., 228276, 20221216224500)
 (3948., 3950., 3941., 3947.,  3523., 227019, 20221216230000)
 (3948., 3966., 3943., 3963.,  8044., 226325, 20221219091500)
 (3963., 3982., 3963., 3978.,  6058., 226263, 20221219093000)
 (3978., 3990., 3976., 3979.,  4741., 225519, 20221219094500)
 (3978., 3980., 3961., 3969.,  3086., 224656, 20221219100000)
 (3968., 3985., 3961., 3974.,  2600., 224164, 20221219101500)
 (3973., 3975., 3950., 3952.,  3271., 223827, 20221219104500)
 (3952., 3955., 3939., 3943.,  5736., 222974, 20221219110000)
 (3944., 3964., 3942., 3953.,  3212., 222343, 20221219111500)
 (3954., 3955., 3941., 3949.,  2425., 221765, 20221219113000)
 (3943., 3953., 3940., 3943.,  3405., 221540, 20221219134500)
 (3945., 3957., 3944., 3951.,  1620., 221261, 20221219140000)
 (3950., 3953., 3946., 3949.,  2361., 220916, 20221219141500)
 (3948., 3951., 3925., 3930.,  6555., 219588, 20221219143000)
 (3930., 3930., 3918., 3924.,  6250., 218621, 20221219144500)
 (3923., 3930., 3920., 3924.,  4714., 216239, 20221219150000)]
2022-12-20 15:30:00  INFO  [(3943., 3943., 3902., 3916., 13257., 212670, 20221219211500)
 (3915., 3930., 3913., 3923.,  5243., 211235, 20221219213000)
 (3923., 3934., 3915., 3929.,  3131., 210751, 20221219214500)
 (3930., 3932., 3920., 3920.,  1686., 210611, 20221219220000)
 (3920., 3929., 3917., 3922.,  1940., 210342, 20221219221500)
 (3923., 3924., 3915., 3919.,  2103., 210326, 20221219223000)
 (3921., 3925., 3913., 3925.,  1935., 210181, 20221219224500)
 (3925., 3928., 3922., 3925.,  1257., 209983, 20221219230000)
 (3921., 3940., 3920., 3939.,  3589., 209541, 20221220091500)
 (3937., 3950., 3936., 3937.,  3471., 208835, 20221220093000)
 (3938., 3960., 3938., 3959.,  3839., 208531, 20221220094500)
 (3959., 3964., 3949., 3962.,  4596., 207911, 20221220100000)
 (3963., 3963., 3942., 3945.,  3390., 207347, 20221220101500)
 (3945., 3958., 3941., 3946.,  1986., 206918, 20221220104500)
 (3945., 3959., 3945., 3958.,  1776., 206850, 20221220110000)
 (3958., 3959., 3946., 3948.,  1185., 206812, 20221220111500)
 (3949., 3950., 3938., 3946.,  2672., 206285, 20221220113000)
 (3939., 3939., 3916., 3928.,  5741., 205365, 20221220134500)
 (3928., 3932., 3917., 3922.,  3206., 205098, 20221220140000)
 (3921., 3937., 3920., 3933.,  2387., 204988, 20221220141500)
 (3931., 3938., 3926., 3936.,  2159., 204658, 20221220143000)
 (3935., 3955., 3934., 3953.,  3216., 204327, 20221220144500)
 (3953., 3953., 3938., 3945.,  4275., 202630, 20221220150000)]
2022-12-21 15:30:00  INFO  [(3940., 3953., 3934., 3938., 5110., 201350, 20221220211500)
 (3937., 3951., 3936., 3945., 2682., 200734, 20221220213000)
 (3946., 3949., 3936., 3937., 1844., 200152, 20221220214500)
 (3936., 3947., 3936., 3942., 2683., 199603, 20221220220000)
 (3943., 3948., 3938., 3942., 1176., 199622, 20221220221500)
 (3941., 3944., 3929., 3933., 1460., 199337, 20221220223000)
 (3934., 3941., 3933., 3939., 1008., 199017, 20221220224500)
 (3939., 3944., 3937., 3938., 1061., 198819, 20221220230000)
 (3938., 3951., 3936., 3950., 2511., 198380, 20221221091500)
 (3950., 3965., 3947., 3960., 4352., 197840, 20221221093000)
 (3960., 3972., 3957., 3962., 5511., 197085, 20221221094500)
 (3963., 3967., 3958., 3964., 2442., 196407, 20221221100000)
 (3964., 3970., 3956., 3969., 2448., 195794, 20221221101500)
 (3969., 3977., 3968., 3976., 2273., 195448, 20221221104500)
 (3977., 3979., 3966., 3967., 4906., 193722, 20221221110000)
 (3968., 3971., 3956., 3960., 3113., 192865, 20221221111500)
 (3960., 3965., 3956., 3956., 2057., 192123, 20221221113000)
 (3956., 3969., 3950., 3968., 3497., 191018, 20221221134500)
 (3968., 3972., 3964., 3969., 1603., 190544, 20221221140000)
 (3968., 3973., 3962., 3967., 2163., 190160, 20221221141500)
 (3966., 3985., 3964., 3983., 2912., 189477, 20221221143000)
 (3985., 4000., 3981., 3999., 5058., 189243, 20221221144500)
 (3998., 4004., 3992., 4000., 4401., 188081, 20221221150000)]
2022-12-22 15:30:00  INFO  [(4015., 4025., 4002., 4019., 7683., 185857, 20221221211500)
 (4019., 4021., 3996., 3997., 4201., 185819, 20221221213000)
 (3997., 4012., 3997., 4008., 2008., 185579, 20221221214500)
 (4010., 4015., 4009., 4015., 1413., 185322, 20221221220000)
 (4015., 4016., 4001., 4002., 1167., 185143, 20221221221500)
 (4001., 4004., 3996., 4003., 1535., 184827, 20221221223000)
 (4002., 4004., 3996., 3999.,  905., 184724, 20221221224500)
 (4000., 4002., 3990., 3996., 1424., 184183, 20221221230000)
 (3994., 4004., 3994., 4002., 1279., 184205, 20221222091500)
 (4002., 4002., 3981., 3991., 2059., 183938, 20221222093000)
 (3991., 3994., 3980., 3984., 1864., 183659, 20221222094500)
 (3983., 3992., 3983., 3992.,  852., 183592, 20221222100000)
 (3990., 3998., 3975., 3986., 2287., 182991, 20221222101500)
 (3985., 3990., 3979., 3987.,  797., 182908, 20221222104500)
 (3987., 3995., 3966., 3970., 3162., 182701, 20221222110000)
 (3969., 3977., 3963., 3965., 3794., 183085, 20221222111500)
 (3965., 3968., 3954., 3962., 3197., 182758, 20221222113000)
 (3963., 3979., 3961., 3966., 3312., 182768, 20221222134500)
 (3965., 3970., 3963., 3969.,  830., 182617, 20221222140000)
 (3967., 3967., 3956., 3962., 1862., 182443, 20221222141500)
 (3961., 3967., 3955., 3964., 1625., 181867, 20221222143000)
 (3964., 3967., 3951., 3951., 3079., 181415, 20221222144500)
 (3951., 3957., 3948., 3956., 5044., 179378, 20221222150000)]
2022-12-23 15:30:00  INFO  [(3951., 3975., 3951., 3958., 6040., 177570, 20221222211500)
 (3959., 3961., 3945., 3948., 2732., 177015, 20221222213000)
 (3948., 3952., 3942., 3944., 4929., 174800, 20221222214500)
 (3944., 3955., 3944., 3950., 2240., 174558, 20221222220000)
 (3950., 3961., 3948., 3953., 1578., 174297, 20221222221500)
 (3953., 3956., 3948., 3954.,  704., 174176, 20221222223000)
 (3952., 3954., 3942., 3945., 1252., 173848, 20221222224500)
 (3944., 3952., 3936., 3949., 2180., 173246, 20221222230000)
 (3948., 3962., 3947., 3954., 2985., 172889, 20221223091500)
 (3953., 3971., 3951., 3966., 1379., 172797, 20221223093000)
 (3967., 3976., 3962., 3966., 2033., 172596, 20221223094500)
 (3964., 3970., 3957., 3969., 2675., 171769, 20221223100000)
 (3970., 3980., 3967., 3967., 2705., 171038, 20221223101500)
 (3967., 3989., 3963., 3988., 2588., 170839, 20221223104500)
 (3988., 3992., 3976., 3982., 4253., 169915, 20221223110000)
 (3982., 3990., 3980., 3988., 1963., 169594, 20221223111500)
 (3989., 3991., 3980., 3986., 1375., 169271, 20221223113000)
 (3980., 3984., 3970., 3982., 3641., 168216, 20221223134500)
 (3983., 3984., 3975., 3981., 1124., 168128, 20221223140000)
 (3981., 3991., 3981., 3986., 1881., 167715, 20221223141500)
 (3986., 3990., 3969., 3971., 2366., 167316, 20221223143000)
 (3972., 3984., 3968., 3983., 1690., 166772, 20221223144500)
 (3983., 3999., 3981., 3999., 4096., 165138, 20221223150000)]
2022-12-26 15:30:00  INFO  [(3984., 4010., 3984., 3987.,  8537., 160508, 20221223211500)
 (3987., 3996., 3983., 3995.,  1582., 160276, 20221223213000)
 (3995., 4000., 3991., 3994.,  1154., 159794, 20221223214500)
 (3993., 4000., 3990., 3992.,   890., 159518, 20221223220000)
 (3993., 3996., 3986., 3987.,   984., 159290, 20221223221500)
 (3986., 3993., 3984., 3989.,   992., 158983, 20221223223000)
 (3989., 4004., 3988., 4003.,  1053., 158746, 20221223224500)
 (4003., 4003., 3970., 3972.,  2259., 158466, 20221223230000)
 (3973., 3973., 3946., 3948., 10380., 154706, 20221226091500)
 (3948., 3964., 3947., 3963.,  4307., 153125, 20221226093000)
 (3961., 3970., 3959., 3962.,  3497., 151154, 20221226094500)
 (3960., 3964., 3952., 3959.,  2373., 150196, 20221226100000)
 (3957., 3969., 3955., 3963.,  1708., 149451, 20221226101500)
 (3963., 3975., 3960., 3972.,  2685., 148219, 20221226104500)
 (3972., 3993., 3967., 3992.,  2167., 147836, 20221226110000)
 (3992., 3993., 3984., 3988.,  1699., 147188, 20221226111500)
 (3989., 3999., 3987., 3997.,  1828., 146692, 20221226113000)
 (3998., 4001., 3986., 3995.,  1659., 146325, 20221226134500)
 (3996., 4000., 3988., 3996.,   941., 146177, 20221226140000)
 (3996., 3997., 3989., 3994.,  1175., 145558, 20221226141500)
 (3995., 4004., 3991., 4003.,  2145., 144622, 20221226143000)
 (4004., 4004., 3987., 3995.,  1962., 144241, 20221226144500)
 (3994., 4001., 3992., 3999.,  1174., 143680, 20221226150000)]
2022-12-27 15:30:00  INFO  [(4000., 4010., 3992., 3998., 9409., 139824, 20221226211500)
 (3997., 4002., 3992., 4001., 4721., 138078, 20221226213000)
 (4001., 4020., 3995., 3995., 4418., 137223, 20221226214500)
 (3995., 4005., 3990., 4004., 2200., 136785, 20221226220000)
 (4004., 4016., 4002., 4011., 1579., 136170, 20221226221500)
 (4014., 4014., 4003., 4008.,  776., 135790, 20221226223000)
 (4007., 4014., 4002., 4012.,  638., 135596, 20221226224500)
 (4012., 4013., 3999., 4011., 1094., 135322, 20221226230000)
 (4009., 4033., 4009., 4030., 2929., 134860, 20221227091500)
 (4032., 4045., 4030., 4042., 3441., 133723, 20221227093000)
 (4043., 4048., 4037., 4045., 3560., 131873, 20221227094500)
 (4045., 4050., 4039., 4050., 4560., 130709, 20221227100000)
 (4048., 4061., 4040., 4048., 4051., 128761, 20221227101500)
 (4046., 4051., 4025., 4027., 7983., 125243, 20221227104500)
 (4027., 4041., 4022., 4022., 7834., 120050, 20221227110000)
 (4022., 4035., 4014., 4035., 4448., 118581, 20221227111500)
 (4036., 4043., 4033., 4036., 2080., 118518, 20221227113000)
 (4041., 4051., 4035., 4043., 1545., 118016, 20221227134500)
 (4043., 4047., 4038., 4046., 1011., 117651, 20221227140000)
 (4046., 4048., 4041., 4045., 1749., 117113, 20221227141500)
 (4045., 4045., 4032., 4039., 2088., 116643, 20221227143000)
 (4040., 4050., 4040., 4049.,  964., 116299, 20221227144500)
 (4048., 4050., 4040., 4045., 2090., 115372, 20221227150000)]
2022-12-28 15:30:00  INFO  [(4039., 4055., 4036., 4049., 14297., 110787, 20221227211500)
 (4049., 4056., 4046., 4052.,  1023., 110590, 20221227213000)
 (4052., 4058., 4046., 4046.,  1074., 110125, 20221227214500)
 (4048., 4052., 4044., 4049.,   402., 109946, 20221227220000)
 (4049., 4054., 4045., 4046.,   352., 109821, 20221227221500)
 (4045., 4048., 4035., 4042.,   580., 109529, 20221227223000)
 (4042., 4044., 4016., 4032.,  3081., 108860, 20221227224500)
 (4030., 4030., 4015., 4018.,  1647., 108610, 20221227230000)
 (4017., 4038., 4011., 4033.,  2169., 107931, 20221228091500)
 (4033., 4034., 4018., 4019.,  1997., 107156, 20221228093000)
 (4019., 4030., 4018., 4020.,   845., 106764, 20221228094500)
 (4019., 4033., 4019., 4030.,   987., 106471, 20221228100000)
 (4030., 4036., 4025., 4034.,  1051., 106135, 20221228101500)
 (4034., 4043., 4033., 4038.,   748., 105953, 20221228104500)
 (4038., 4039., 4026., 4032.,   870., 105781, 20221228110000)
 (4031., 4039., 4028., 4038.,   352., 105681, 20221228111500)
 (4038., 4045., 4032., 4039.,   708., 105449, 20221228113000)
 (4040., 4044., 4030., 4043.,  1858., 105046, 20221228134500)
 (4042., 4044., 4030., 4032.,  1202., 104416, 20221228140000)
 (4030., 4038., 4026., 4035.,  1976., 103788, 20221228141500)
 (4035., 4044., 4033., 4043.,   673., 103441, 20221228143000)
 (4043., 4050., 4039., 4047.,  1876., 102479, 20221228144500)
 (4049., 4057., 4035., 4043.,  2468., 101674, 20221228150000)]
2022-12-29 15:30:00  INFO  [(4063., 4063., 4040., 4044., 8554., 96250, 20221228211500)
 (4044., 4046., 4030., 4034., 1996., 95354, 20221228213000)
 (4036., 4036., 4006., 4017., 4415., 93257, 20221228214500)
 (4016., 4023., 4011., 4015.,  995., 92801, 20221228220000)
 (4015., 4025., 4014., 4022.,  883., 92477, 20221228221500)
 (4022., 4025., 4021., 4023.,  821., 92122, 20221228223000)
 (4023., 4028., 4020., 4024.,  750., 91748, 20221228224500)
 (4021., 4025., 4014., 4018., 1327., 90882, 20221228230000)
 (4016., 4030., 4015., 4028., 1661., 90143, 20221229091500)
 (4028., 4030., 4025., 4029.,  773., 89713, 20221229093000)
 (4029., 4030., 4022., 4025., 1648., 88705, 20221229094500)
 (4022., 4025., 4015., 4017., 1918., 87246, 20221229100000)
 (4016., 4020., 4012., 4018., 1223., 86446, 20221229101500)
 (4021., 4025., 4014., 4017., 2166., 85550, 20221229104500)
 (4017., 4027., 4017., 4025., 1099., 85342, 20221229110000)
 (4025., 4033., 4021., 4031., 1040., 84809, 20221229111500)
 (4030., 4045., 4028., 4041.,  963., 84545, 20221229113000)
 (4038., 4044., 4029., 4037., 1167., 84069, 20221229134500)
 (4037., 4044., 4035., 4042.,  852., 83778, 20221229140000)
 (4043., 4045., 4036., 4037.,  779., 83362, 20221229141500)
 (4037., 4045., 4036., 4041.,  973., 82798, 20221229143000)
 (4041., 4053., 4041., 4050., 1276., 82055, 20221229144500)
 (4050., 4051., 4044., 4048., 2525., 80150, 20221229150000)]
2022-12-30 15:30:00  INFO  [(4057., 4065., 4049., 4056., 9844., 73993, 20221229211500)
 (4057., 4061., 4053., 4059., 1910., 72913, 20221229213000)
 (4058., 4065., 4056., 4065.,  501., 72720, 20221229214500)
 (4065., 4069., 4061., 4069., 1173., 72219, 20221229220000)
 (4070., 4070., 4060., 4066., 1182., 71607, 20221229221500)
 (4066., 4067., 4062., 4065.,  458., 71444, 20221229223000)
 (4066., 4087., 4061., 4086., 1814., 70678, 20221229224500)
 (4086., 4095., 4067., 4071., 3493., 69178, 20221229230000)
 (4074., 4088., 4068., 4087., 1378., 68133, 20221230091500)
 (4087., 4096., 4085., 4093., 1976., 66352, 20221230093000)
 (4093., 4097., 4090., 4091., 1219., 65420, 20221230094500)
 (4091., 4094., 4086., 4091.,  906., 64674, 20221230100000)
 (4091., 4095., 4085., 4095., 1078., 63862, 20221230101500)
 (4094., 4096., 4090., 4095., 1831., 62497, 20221230104500)
 (4095., 4098., 4092., 4096., 1741., 61231, 20221230110000)
 (4095., 4099., 4095., 4098., 1063., 60370, 20221230111500)
 (4096., 4118., 4096., 4118., 2303., 58663, 20221230113000)
 (4118., 4126., 4111., 4121., 4265., 55596, 20221230134500)
 (4120., 4128., 4118., 4126., 2546., 53508, 20221230140000)
 (4127., 4134., 4121., 4131., 3459., 51035, 20221230141500)
 (4131., 4140., 4121., 4126., 3973., 47724, 20221230143000)
 (4127., 4140., 4125., 4127., 2788., 45523, 20221230144500)
 (4127., 4150., 4118., 4140., 3819., 42386, 20221230150000)]
2023-01-03 15:30:00  INFO  [(4095., 4099., 4095., 4098., 1063., 60370, 20221230111500)
 (4096., 4118., 4096., 4118., 2303., 58663, 20221230113000)
 (4118., 4126., 4111., 4121., 4265., 55596, 20221230134500)
 (4120., 4128., 4118., 4126., 2546., 53508, 20221230140000)
 (4127., 4134., 4121., 4131., 3459., 51035, 20221230141500)
 (4131., 4140., 4121., 4126., 3973., 47724, 20221230143000)
 (4127., 4140., 4125., 4127., 2788., 45523, 20221230144500)
 (4127., 4150., 4118., 4140., 3819., 42386, 20221230150000)
 (4134., 4134., 4051., 4060., 1590., 41066, 20230103091500)
 (4061., 4067., 4055., 4061., 1050., 40346, 20230103093000)
 (4060., 4080., 4060., 4072.,  510., 39986, 20230103094500)
 (4069., 4074., 4060., 4071.,  330., 39686, 20230103100000)
 (4071., 4075., 4071., 4075.,  150., 39536, 20230103101500)
 (4073., 4082., 4073., 4075.,  836., 38760, 20230103104500)
 (4073., 4080., 4067., 4070.,  420., 38430, 20230103110000)
 (4070., 4075., 4068., 4074.,  390., 38070, 20230103111500)
 (4074., 4078., 4071., 4078.,  420., 37710, 20230103113000)
 (4078., 4087., 4078., 4087.,  240., 37560, 20230103134500)
 (4087., 4089., 4080., 4089.,  270., 37380, 20230103140000)
 (4088., 4090., 4086., 4090.,  510., 36960, 20230103141500)
 (4090., 4095., 4090., 4095.,  390., 36570, 20230103143000)
 (4096., 4097., 4087., 4087.,  450., 36150, 20230103144500)
 (4087., 4088., 4083., 4088.,  150., 36000, 20230103150000)]
2023-01-04 15:30:00  INFO  [(4088., 4099., 4088., 4095., 690., 35490, 20230103211500)
 (4099., 4108., 4099., 4108., 270., 35280, 20230103213000)
 (4108., 4108., 4102., 4105., 180., 35160, 20230103214500)
 (4105., 4107., 4100., 4104., 150., 35040, 20230103220000)
 (4104., 4107., 4099., 4100., 300., 34800, 20230103221500)
 (4100., 4105., 4096., 4104., 120., 34710, 20230103223000)
 (4104., 4104., 4103., 4103.,  30., 34680, 20230103224500)
 (4103., 4104., 4096., 4103., 360., 34410, 20230103230000)
 (4086., 4097., 4086., 4088., 150., 34320, 20230104091500)
 (4088., 4096., 4072., 4076., 600., 33810, 20230104093000)
 (4070., 4079., 4067., 4079., 480., 33390, 20230104094500)
 (4079., 4082., 4073., 4082., 540., 32910, 20230104100000)
 (4082., 4095., 4082., 4082., 180., 32790, 20230104101500)
 (4075., 4088., 4071., 4088., 840., 32190, 20230104104500)
 (4088., 4089., 4064., 4064., 900., 31440, 20230104110000)
 (4064., 4077., 4057., 4057., 690., 30810, 20230104111500)
 (4057., 4065., 4048., 4055., 720., 30210, 20230104113000)
 (4054., 4065., 4045., 4063., 300., 30000, 20230104134500)
 (4063., 4064., 4055., 4055., 210., 29790, 20230104140000)
 (4055., 4055., 4053., 4055.,  60., 29730, 20230104141500)
 (4055., 4057., 4046., 4057., 330., 29430, 20230104143000)
 (4057., 4057., 4054., 4055.,  90., 29340, 20230104144500)
 (4055., 4058., 4054., 4057., 210., 29220, 20230104150000)]
2023-01-05 15:30:00  INFO  [(4057., 4060., 4016., 4024., 1500., 28380, 20230104211500)
 (4024., 4053., 4024., 4053.,  330., 28230, 20230104213000)
 (4051., 4051., 4050., 4050.,   90., 28140, 20230104214500)
 (4050., 4051., 4043., 4049.,  150., 28020, 20230104220000)
 (4049., 4050., 4049., 4050.,   60., 27960, 20230104221500)
 (4050., 4052., 4049., 4049.,  150., 27840, 20230104223000)
 (4049., 4052., 4040., 4050.,  480., 27450, 20230104224500)
 (4050., 4050., 4034., 4036.,  750., 26940, 20230104230000)
 (4036., 4039., 4017., 4020.,  570., 26640, 20230105091500)
 (4025., 4035., 4022., 4022.,  210., 26460, 20230105093000)
 (4022., 4044., 4022., 4044.,  150., 26340, 20230105094500)
 (4044., 4051., 4044., 4049.,  360., 26070, 20230105100000)
 (4049., 4052., 4047., 4052.,  330., 25800, 20230105101500)
 (4052., 4052., 4045., 4045.,  270., 25530, 20230105104500)
 (4045., 4053., 4045., 4053.,   60., 25500, 20230105110000)
 (4053., 4053., 4040., 4040.,  240., 25260, 20230105111500)
 (4040., 4040., 4025., 4025.,  240., 25050, 20230105113000)
 (4025., 4038., 4025., 4038.,   90., 25020, 20230105134500)
 (4039., 4052., 4039., 4052.,  330., 24750, 20230105140000)
 (4052., 4058., 4052., 4058.,   90., 24660, 20230105141500)
 (4059., 4059., 4055., 4055.,  150., 24540, 20230105143000)
 (4055., 4055., 4052., 4052.,   60., 24540, 20230105144500)
 (4052., 4059., 4052., 4059.,  150., 24390, 20230105150000)]
2023-01-06 15:30:00  INFO  [(4059., 4090., 4059., 4085., 690., 24120, 20230105211500)
 (4085., 4085., 4075., 4075.,  30., 24090, 20230105213000)
 (4075., 4075., 4070., 4074.,  90., 24030, 20230105214500)
 (4074., 4074., 4070., 4070.,  30., 24000, 20230105220000)
 (4070., 4070., 4070., 4070.,  30., 23970, 20230105221500)
 (4070., 4070., 4070., 4070.,  60., 23910, 20230105223000)
 (4070., 4072., 4070., 4071.,  60., 23880, 20230105224500)
 (4071., 4071., 4071., 4071.,   0., 23880, 20230105230000)
 (4072., 4090., 4072., 4086., 300., 23670, 20230106091500)
 (4087., 4087., 4070., 4070.,  90., 23580, 20230106093000)
 (4070., 4078., 4070., 4078.,  30., 23550, 20230106094500)
 (4078., 4078., 4078., 4078.,  30., 23550, 20230106100000)
 (4078., 4078., 4078., 4078.,   0., 23550, 20230106101500)
 (4093., 4100., 4093., 4100., 480., 23130, 20230106104500)
 (4100., 4105., 4100., 4105., 300., 23010, 20230106110000)
 (4105., 4109., 4105., 4109.,  60., 22950, 20230106111500)
 (4110., 4125., 4110., 4125., 480., 22590, 20230106113000)
 (4125., 4125., 4110., 4119.,  90., 22500, 20230106134500)
 (4119., 4120., 4119., 4120.,  30., 22470, 20230106140000)
 (4120., 4120., 4116., 4116.,  60., 22440, 20230106141500)
 (4116., 4129., 4116., 4126., 450., 22170, 20230106143000)
 (4126., 4130., 4126., 4129., 300., 21960, 20230106144500)
 (4129., 4132., 4125., 4125., 120., 21870, 20230106150000)]
2023-01-09 15:30:00  INFO  [(4129., 4129., 4120., 4125., 120., 21780, 20230106211500)
 (4125., 4132., 4125., 4132.,  30., 21750, 20230106213000)
 (4132., 4132., 4127., 4127.,  30., 21750, 20230106214500)
 (4132., 4141., 4129., 4141., 360., 21420, 20230106220000)
 (4141., 4146., 4141., 4146., 270., 21150, 20230106221500)
 (4146., 4146., 4141., 4141.,  30., 21150, 20230106223000)
 (4141., 4141., 4121., 4121.,  30., 21120, 20230106224500)
 (4121., 4121., 4121., 4121.,  30., 21090, 20230106230000)
 (4121., 4127., 4110., 4110.,  60., 21030, 20230109091500)
 (4105., 4125., 4105., 4125., 630., 20550, 20230109093000)
 (4125., 4125., 4116., 4119.,  60., 20490, 20230109094500)
 (4119., 4120., 4117., 4120., 120., 20400, 20230109100000)
 (4120., 4126., 4120., 4123., 480., 19950, 20230109101500)
 (4123., 4130., 4123., 4123.,  60., 19920, 20230109104500)
 (4123., 4123., 4120., 4120., 540., 19890, 20230109110000)
 (4120., 4120., 4110., 4110., 150., 19770, 20230109111500)
 (4110., 4110., 4107., 4110., 210., 19590, 20230109113000)
 (4110., 4123., 4110., 4122.,  90., 19500, 20230109134500)
 (4122., 4124., 4120., 4120.,  60., 19470, 20230109140000)
 (4120., 4120., 4116., 4116.,  60., 19410, 20230109141500)
 (4116., 4119., 4116., 4119., 330., 19410, 20230109143000)
 (4119., 4126., 4116., 4116., 780., 19260, 20230109144500)
 (4123., 4128., 4116., 4116., 600., 19380, 20230109150000)]
2023-01-10 15:30:00  INFO  [(4145., 4145., 4138., 4138., 150., 19320, 20230109211500)
 (4138., 4153., 4138., 4138., 150., 19170, 20230109213000)
 (4138., 4142., 4130., 4130., 420., 19140, 20230109214500)
 (4130., 4135., 4125., 4125., 360., 18870, 20230109220000)
 (4125., 4125., 4125., 4125.,   0., 18870, 20230109221500)
 (4125., 4130., 4125., 4130.,  90., 18840, 20230109223000)
 (4130., 4139., 4130., 4139.,  30., 18840, 20230109224500)
 (4139., 4139., 4122., 4130.,  60., 18810, 20230109230000)
 (4130., 4139., 4125., 4139., 180., 18660, 20230110091500)
 (4139., 4139., 4125., 4135., 120., 18660, 20230110093000)
 (4135., 4135., 4129., 4129., 120., 18540, 20230110094500)
 (4129., 4140., 4129., 4140.,  30., 18510, 20230110100000)
 (4140., 4140., 4132., 4132.,  30., 18480, 20230110101500)
 (4139., 4139., 4137., 4138., 180., 18360, 20230110104500)
 (4138., 4142., 4138., 4142., 150., 18210, 20230110110000)
 (4142., 4150., 4133., 4150., 270., 18000, 20230110111500)
 (4150., 4150., 4150., 4150.,   0., 18000, 20230110113000)
 (4150., 4160., 4150., 4160., 150., 17880, 20230110134500)
 (4160., 4164., 4150., 4152., 120., 17850, 20230110140000)
 (4152., 4152., 4152., 4152.,   0., 17850, 20230110141500)
 (4152., 4162., 4152., 4162.,  60., 17790, 20230110143000)
 (4162., 4164., 4162., 4164.,  30., 17760, 20230110144500)
 (4164., 4175., 4164., 4166., 180., 17580, 20230110150000)]
2023-01-11 15:30:00  INFO  [(4144., 4155., 4141., 4155.,  120., 17490, 20230110211500)
 (4155., 4155., 4145., 4148.,   90., 17430, 20230110213000)
 (4148., 4149., 4148., 4149.,   30., 17400, 20230110214500)
 (4149., 4149., 4145., 4145.,   30., 17370, 20230110220000)
 (4145., 4150., 4145., 4150.,   30., 17340, 20230110221500)
 (4150., 4156., 4150., 4156.,   60., 17280, 20230110223000)
 (4159., 4175., 4159., 4165.,  120., 17250, 20230110224500)
 (4165., 4180., 4165., 4180.,  180., 17160, 20230110230000)
 (4180., 4186., 4166., 4183.,  150., 17130, 20230111091500)
 (4183., 4193., 4181., 4193.,  120., 17010, 20230111093000)
 (4191., 4199., 4190., 4199.,  150., 16860, 20230111094500)
 (4199., 4200., 4199., 4200.,   90., 16770, 20230111100000)
 (4200., 4218., 4200., 4218.,  480., 16320, 20230111101500)
 (4218., 4238., 4218., 4238.,  330., 16110, 20230111104500)
 (4238., 4239., 4230., 4239.,  270., 15840, 20230111110000)
 (4240., 4248., 4240., 4240.,  960., 15120, 20230111111500)
 (4238., 4258., 4238., 4256.,  810., 14340, 20230111113000)
 (4256., 4270., 4255., 4269.,  540., 13920, 20230111134500)
 (4268., 4274., 4262., 4274., 1110., 12900, 20230111140000)
 (4274., 4278., 4268., 4276.,  990., 12120, 20230111141500)
 (4277., 4281., 4275., 4281.,  540., 11730, 20230111143000)
 (4282., 4322., 4282., 4301., 1110., 10860, 20230111144500)
 (4301., 4305., 4285., 4285.,  900., 10050, 20230111150000)]
2023-01-12 15:30:00  INFO  [(4285., 4285., 4280., 4280.,  30., 10020, 20230111211500)
 (4280., 4280., 4280., 4280.,  30.,  9990, 20230111213000)
 (4280., 4280., 4280., 4280.,   0.,  9990, 20230111214500)
 (4280., 4280., 4280., 4280.,   0.,  9990, 20230111220000)
 (4280., 4280., 4280., 4280.,   0.,  9990, 20230111221500)
 (4280., 4280., 4280., 4280.,   0.,  9990, 20230111223000)
 (4280., 4284., 4220., 4265., 600.,  9420, 20230111224500)
 (4251., 4251., 4250., 4250.,  60.,  9360, 20230111230000)
 (4250., 4268., 4250., 4250., 120.,  9240, 20230112091500)
 (4250., 4269., 4250., 4269.,  60.,  9180, 20230112093000)
 (4269., 4269., 4269., 4269.,   0.,  9180, 20230112094500)
 (4269., 4269., 4268., 4268.,  60.,  9120, 20230112100000)
 (4268., 4269., 4260., 4260., 120.,  9000, 20230112101500)
 (4260., 4260., 4260., 4260.,   0.,  9000, 20230112104500)
 (4260., 4260., 4255., 4255.,  30.,  8970, 20230112110000)
 (4255., 4255., 4255., 4255.,   0.,  8970, 20230112111500)
 (4255., 4259., 4255., 4259.,  60.,  8910, 20230112113000)
 (4259., 4260., 4259., 4260., 270.,  8880, 20230112134500)
 (4260., 4275., 4260., 4275.,  90.,  8820, 20230112140000)
 (4275., 4285., 4275., 4285.,  60.,  8820, 20230112141500)
 (4285., 4294., 4285., 4294., 120.,  8700, 20230112143000)
 (4295., 4295., 4295., 4295.,  30.,  8670, 20230112144500)
 (4295., 4300., 4280., 4300., 570.,  8100, 20230112150000)]
2023-01-13 15:30:00  INFO  [(4300., 4300., 4300., 4300.,   0., 8100, 20230112211500)
 (4300., 4300., 4300., 4300.,  30., 8070, 20230112213000)
 (4300., 4300., 4300., 4300.,  30., 8040, 20230112214500)
 (4300., 4300., 4300., 4300.,   0., 8040, 20230112220000)
 (4300., 4300., 4300., 4300.,   0., 8040, 20230112221500)
 (4300., 4310., 4280., 4280., 390., 7650, 20230112223000)
 (4280., 4281., 4280., 4280., 120., 7530, 20230112224500)
 (4275., 4275., 4275., 4275.,  30., 7500, 20230112230000)
 (4275., 4275., 4275., 4275.,   0., 7500, 20230113091500)
 (4275., 4275., 4275., 4275.,   0., 7500, 20230113093000)
 (4275., 4310., 4275., 4310., 120., 7380, 20230113094500)
 (4310., 4320., 4310., 4320.,  60., 7320, 20230113100000)
 (4320., 4325., 4320., 4325.,  90., 7230, 20230113101500)
 (4325., 4325., 4325., 4325.,   0., 7230, 20230113104500)
 (4325., 4330., 4325., 4330.,  60., 7170, 20230113110000)
 (4330., 4340., 4330., 4340.,  30., 7140, 20230113111500)
 (4340., 4340., 4340., 4340.,   0., 7140, 20230113113000)
 (4340., 4360., 4340., 4350., 510., 6630, 20230113134500)
 (4350., 4350., 4330., 4330., 540., 6090, 20230113140000)
 (4330., 4330., 4330., 4330.,   0., 6090, 20230113141500)
 (4330., 4330., 4330., 4330.,   0., 6090, 20230113143000)
 (4330., 4330., 4330., 4330.,   0., 6090, 20230113144500)
 (4330., 4350., 4330., 4345., 300., 5790, 20230113150000)]
2023-01-16 15:30:00  INFO  [(4345., 4345., 4300., 4300.,  60., 5730, 20230113211500)
 (4300., 4300., 4300., 4300.,   0., 5730, 20230113213000)
 (4300., 4300., 4300., 4300.,   0., 5730, 20230113214500)
 (4300., 4325., 4300., 4325.,  30., 5700, 20230113220000)
 (4325., 4325., 4325., 4325.,   0., 5700, 20230113221500)
 (4325., 4325., 4325., 4325.,   0., 5700, 20230113223000)
 (4325., 4325., 4325., 4325.,   0., 5700, 20230113224500)
 (4325., 4325., 4321., 4321.,  30., 5670, 20230113230000)
 (4321., 4321., 4270., 4275.,  60., 5610, 20230116091500)
 (4275., 4305., 4275., 4305.,  30., 5580, 20230116093000)
 (4305., 4305., 4305., 4305.,   0., 5580, 20230116094500)
 (4305., 4305., 4261., 4261.,  60., 5520, 20230116100000)
 (4261., 4261., 4261., 4261.,   0., 5520, 20230116101500)
 (4261., 4261., 4261., 4261.,   0., 5520, 20230116104500)
 (4261., 4261., 4261., 4261.,   0., 5520, 20230116110000)
 (4261., 4261., 4261., 4261.,   0., 5520, 20230116111500)
 (4261., 4320., 4261., 4320., 330., 5190, 20230116113000)
 (4320., 4320., 4280., 4290., 180., 5010, 20230116134500)
 (4290., 4290., 4290., 4290.,   0., 5010, 20230116140000)
 (4290., 4290., 4280., 4290.,  60., 4950, 20230116141500)
 (4290., 4290., 4290., 4290.,   0., 4950, 20230116143000)
 (4290., 4290., 4290., 4290.,   0., 4950, 20230116144500)
 (4290., 4320., 4290., 4320.,  90., 4860, 20230116150000)]
