2022-10-18 15:30:00  INFO  [(3520., 3536., 3492., 3499., 846.,  513, 20221017211500)
 (3499., 3516., 3498., 3510., 211.,  612, 20221017213000)
 (3510., 3521., 3508., 3516., 279.,  760, 20221017214500)
 (3520., 3520., 3508., 3509., 421., 1073, 20221017220000)
 (3507., 3510., 3505., 3510.,  86., 1124, 20221017221500)
 (3510., 3510., 3498., 3498., 200., 1303, 20221017223000)
 (3497., 3503., 3496., 3497., 139., 1424, 20221017224500)
 (3497., 3503., 3497., 3503.,  67., 1455, 20221017230000)
 (3502., 3502., 3495., 3500., 275., 1614, 20221018091500)
 (3501., 3501., 3485., 3491., 387., 1863, 20221018093000)
 (3491., 3495., 3490., 3493.,  88., 1889, 20221018094500)
 (3493., 3495., 3486., 3486.,  44., 1926, 20221018100000)
 (3486., 3488., 3478., 3479., 305., 2183, 20221018101500)
 (3480., 3483., 3470., 3480., 106., 2240, 20221018104500)
 (3480., 3482., 3474., 3476.,  46., 2269, 20221018110000)
 (3480., 3480., 3473., 3473.,  52., 2305, 20221018111500)
 (3473., 3481., 3472., 3472., 141., 2379, 20221018113000)
 (3480., 3480., 3470., 3477., 166., 2465, 20221018134500)
 (3477., 3487., 3477., 3485., 169., 2483, 20221018140000)
 (3485., 3488., 3477., 3486., 257., 2481, 20221018141500)
 (3486., 3496., 3486., 3493., 251., 2485, 20221018143000)
 (3494., 3501., 3492., 3500., 136., 2471, 20221018144500)
 (3501., 3506., 3492., 3498., 160., 2512, 20221018150000)]
2022-10-19 15:30:00  INFO  [(3485., 3506., 3485., 3506., 251., 2601, 20221018211500)
 (3506., 3506., 3498., 3502.,  73., 2597, 20221018213000)
 (3503., 3505., 3501., 3501.,  39., 2596, 20221018214500)
 (3501., 3502., 3491., 3498.,  91., 2644, 20221018220000)
 (3498., 3499., 3496., 3499.,  52., 2666, 20221018221500)
 (3499., 3500., 3495., 3498.,  29., 2678, 20221018223000)
 (3498., 3498., 3482., 3482., 119., 2771, 20221018224500)
 (3483., 3496., 3482., 3496.,  51., 2781, 20221018230000)
 (3496., 3504., 3492., 3504., 168., 2761, 20221019091500)
 (3504., 3504., 3498., 3503.,  62., 2764, 20221019093000)
 (3503., 3505., 3499., 3501.,  75., 2762, 20221019094500)
 (3503., 3503., 3490., 3494., 192., 2875, 20221019100000)
 (3497., 3500., 3495., 3497.,  74., 2864, 20221019101500)
 (3500., 3501., 3490., 3494., 124., 2919, 20221019104500)
 (3495., 3498., 3487., 3487.,  98., 2971, 20221019110000)
 (3490., 3491., 3485., 3489., 194., 3064, 20221019111500)
 (3490., 3493., 3481., 3483., 208., 3143, 20221019113000)
 (3488., 3488., 3472., 3479., 444., 3395, 20221019134500)
 (3480., 3482., 3476., 3476.,  82., 3436, 20221019140000)
 (3476., 3491., 3474., 3488., 118., 3467, 20221019141500)
 (3487., 3490., 3472., 3476., 221., 3588, 20221019143000)
 (3475., 3480., 3473., 3474., 162., 3666, 20221019144500)
 (3474., 3480., 3471., 3480., 208., 3787, 20221019150000)]
2022-10-20 15:30:00  INFO  [(3471., 3485., 3450., 3457., 785., 4341, 20221019211500)
 (3457., 3459., 3451., 3459., 224., 4473, 20221019213000)
 (3460., 3472., 3459., 3465., 261., 4359, 20221019214500)
 (3462., 3464., 3459., 3461.,  85., 4419, 20221019220000)
 (3462., 3465., 3458., 3463., 103., 4502, 20221019221500)
 (3463., 3474., 3463., 3474.,  81., 4503, 20221019223000)
 (3474., 3474., 3462., 3465.,  49., 4513, 20221019224500)
 (3465., 3467., 3461., 3465.,  32., 4525, 20221019230000)
 (3465., 3471., 3460., 3471., 118., 4549, 20221020091500)
 (3470., 3471., 3465., 3465.,  41., 4561, 20221020093000)
 (3463., 3469., 3461., 3469., 553., 5088, 20221020094500)
 (3466., 3473., 3466., 3466.,  77., 5057, 20221020100000)
 (3466., 3468., 3462., 3467.,  83., 5096, 20221020101500)
 (3470., 3470., 3462., 3468.,  45., 5129, 20221020104500)
 (3468., 3473., 3465., 3472.,  30., 5148, 20221020110000)
 (3472., 3476., 3466., 3467.,  79., 5131, 20221020111500)
 (3467., 3469., 3456., 3457., 275., 5370, 20221020113000)
 (3461., 3479., 3461., 3476.,  69., 5346, 20221020134500)
 (3477., 3477., 3465., 3469.,  84., 5321, 20221020140000)
 (3469., 3469., 3451., 3451., 728., 6020, 20221020141500)
 (3455., 3456., 3450., 3452., 269., 6208, 20221020143000)
 (3452., 3452., 3442., 3450., 323., 6466, 20221020144500)
 (3450., 3450., 3440., 3446., 114., 6538, 20221020150000)]
2022-10-21 15:30:00  INFO  [(3449., 3456., 3442., 3449., 274., 6669, 20221020211500)
 (3450., 3458., 3449., 3456., 199., 6694, 20221020213000)
 (3456., 3463., 3454., 3462., 312., 6670, 20221020214500)
 (3460., 3477., 3460., 3467., 221., 6605, 20221020220000)
 (3475., 3488., 3465., 3483., 447., 6587, 20221020221500)
 (3482., 3495., 3480., 3482., 472., 6482, 20221020223000)
 (3484., 3486., 3480., 3484.,  68., 6471, 20221020224500)
 (3486., 3492., 3481., 3482., 151., 6369, 20221020230000)
 (3481., 3485., 3470., 3479., 235., 6368, 20221021091500)
 (3478., 3484., 3476., 3477.,  46., 6358, 20221021093000)
 (3477., 3481., 3472., 3477.,  27., 6363, 20221021094500)
 (3475., 3479., 3473., 3477.,  39., 6387, 20221021100000)
 (3478., 3483., 3474., 3483.,  54., 6404, 20221021101500)
 (3483., 3483., 3473., 3475.,  37., 6426, 20221021104500)
 (3478., 3484., 3476., 3480.,  62., 6423, 20221021110000)
 (3480., 3492., 3480., 3491., 193., 6360, 20221021111500)
 (3491., 3493., 3484., 3488.,  83., 6371, 20221021113000)
 (3492., 3492., 3479., 3480.,  88., 6401, 20221021134500)
 (3480., 3483., 3479., 3480.,  27., 6385, 20221021140000)
 (3480., 3482., 3476., 3477., 120., 6414, 20221021141500)
 (3477., 3477., 3462., 3462., 156., 6480, 20221021143000)
 (3462., 3472., 3462., 3465., 270., 6578, 20221021144500)
 (3463., 3470., 3460., 3469., 145., 6625, 20221021150000)]
2022-10-24 15:30:00  INFO  [(3470., 3481., 3468., 3480., 174., 6665, 20221021211500)
 (3480., 3486., 3477., 3483., 131., 6644, 20221021213000)
 (3483., 3487., 3478., 3486., 224., 6793, 20221021214500)
 (3487., 3489., 3484., 3489.,  67., 6754, 20221021220000)
 (3489., 3490., 3481., 3481.,  82., 6748, 20221021221500)
 (3483., 3485., 3477., 3477.,  97., 6793, 20221021223000)
 (3479., 3486., 3479., 3485.,  62., 6775, 20221021224500)
 (3485., 3488., 3481., 3488.,  53., 6763, 20221021230000)
 (3489., 3511., 3489., 3505., 682., 6820, 20221024091500)
 (3503., 3507., 3496., 3496., 121., 6830, 20221024093000)
 (3496., 3498., 3486., 3491., 190., 6874, 20221024094500)
 (3491., 3491., 3476., 3481., 278., 7024, 20221024100000)
 (3480., 3480., 3466., 3468., 263., 7181, 20221024101500)
 (3472., 3477., 3465., 3467., 151., 7216, 20221024104500)
 (3467., 3473., 3467., 3469.,  84., 7240, 20221024110000)
 (3469., 3471., 3466., 3466.,  68., 7252, 20221024111500)
 (3465., 3468., 3460., 3463., 288., 7392, 20221024113000)
 (3460., 3471., 3456., 3466., 186., 7440, 20221024134500)
 (3466., 3478., 3463., 3464., 352., 7444, 20221024140000)
 (3463., 3468., 3461., 3461.,  85., 7467, 20221024141500)
 (3461., 3472., 3461., 3468.,  36., 7462, 20221024143000)
 (3468., 3474., 3468., 3471.,  34., 7468, 20221024144500)
 (3472., 3475., 3468., 3472., 302., 7573, 20221024150000)]
2022-10-25 15:30:00  INFO  [(3472., 3472., 3434., 3446., 1121.,  8070, 20221024211500)
 (3444., 3460., 3444., 3456.,  540.,  8206, 20221024213000)
 (3460., 3464., 3455., 3459.,  196.,  8247, 20221024214500)
 (3458., 3460., 3445., 3446.,  177.,  8321, 20221024220000)
 (3448., 3455., 3445., 3450.,   89.,  8353, 20221024221500)
 (3453., 3453., 3445., 3447.,   47.,  8377, 20221024223000)
 (3446., 3453., 3444., 3448.,  164.,  8436, 20221024224500)
 (3450., 3451., 3444., 3444.,   61.,  8451, 20221024230000)
 (3446., 3453., 3437., 3440.,  628.,  8875, 20221025091500)
 (3440., 3447., 3435., 3437.,  558.,  9215, 20221025093000)
 (3438., 3443., 3435., 3443.,  152.,  9270, 20221025094500)
 (3443., 3449., 3440., 3445.,  129.,  9204, 20221025100000)
 (3446., 3446., 3440., 3444.,  430.,  9499, 20221025101500)
 (3444., 3446., 3434., 3435.,  282.,  9694, 20221025104500)
 (3434., 3445., 3434., 3443.,  267.,  9841, 20221025110000)
 (3443., 3443., 3435., 3435.,  110.,  9885, 20221025111500)
 (3435., 3453., 3434., 3451.,  345.,  9919, 20221025113000)
 (3444., 3453., 3440., 3448.,  130.,  9953, 20221025134500)
 (3448., 3448., 3439., 3447.,  143., 10029, 20221025140000)
 (3446., 3446., 3441., 3442.,  122., 10050, 20221025141500)
 (3444., 3444., 3440., 3444.,   50., 10057, 20221025143000)
 (3443., 3448., 3442., 3443.,  108., 10052, 20221025144500)
 (3443., 3446., 3439., 3441.,  241., 10071, 20221025150000)]
2022-10-26 15:30:00  INFO  [(3441., 3444., 3420., 3440., 791., 10647, 20221025211500)
 (3439., 3450., 3439., 3444., 352., 10689, 20221025213000)
 (3443., 3448., 3439., 3444., 194., 10652, 20221025214500)
 (3444., 3445., 3440., 3442.,  67., 10682, 20221025220000)
 (3445., 3447., 3442., 3445.,  81., 10700, 20221025221500)
 (3445., 3447., 3443., 3443.,  89., 10702, 20221025223000)
 (3443., 3446., 3442., 3444.,  52., 10748, 20221025224500)
 (3444., 3448., 3443., 3444.,  44., 10748, 20221025230000)
 (3448., 3449., 3436., 3436., 455., 10890, 20221026091500)
 (3437., 3441., 3433., 3436., 212., 10942, 20221026093000)
 (3437., 3442., 3434., 3442.,  67., 10943, 20221026094500)
 (3442., 3452., 3442., 3447., 527., 10922, 20221026100000)
 (3447., 3461., 3447., 3461., 449., 10874, 20221026101500)
 (3462., 3469., 3459., 3468., 281., 10800, 20221026104500)
 (3468., 3468., 3456., 3463., 122., 10804, 20221026110000)
 (3462., 3463., 3457., 3459.,  87., 10782, 20221026111500)
 (3457., 3465., 3455., 3463., 129., 10774, 20221026113000)
 (3455., 3461., 3446., 3456., 491., 10854, 20221026134500)
 (3456., 3457., 3444., 3447., 593., 11286, 20221026140000)
 (3445., 3451., 3443., 3449., 107., 11283, 20221026141500)
 (3450., 3450., 3438., 3439., 303., 11396, 20221026143000)
 (3439., 3445., 3433., 3434., 405., 11573, 20221026144500)
 (3434., 3436., 3426., 3436., 645., 11540, 20221026150000)]
2022-10-27 15:30:00  INFO  [(3442., 3453., 3432., 3439., 498., 11598, 20221026211500)
 (3439., 3441., 3435., 3438., 205., 11722, 20221026213000)
 (3441., 3443., 3437., 3439., 112., 11657, 20221026214500)
 (3439., 3441., 3437., 3438.,  14., 11656, 20221026220000)
 (3439., 3440., 3437., 3438.,  11., 11661, 20221026221500)
 (3438., 3442., 3437., 3438., 102., 11740, 20221026223000)
 (3438., 3447., 3438., 3447., 135., 11746, 20221026224500)
 (3445., 3454., 3445., 3452., 211., 11653, 20221026230000)
 (3454., 3463., 3453., 3463., 369., 11648, 20221027091500)
 (3463., 3463., 3454., 3456.,  74., 11639, 20221027093000)
 (3456., 3456., 3451., 3452.,  98., 11634, 20221027094500)
 (3452., 3452., 3449., 3452.,  90., 11626, 20221027100000)
 (3451., 3454., 3441., 3441., 110., 11668, 20221027101500)
 (3441., 3446., 3438., 3441., 137., 11685, 20221027104500)
 (3441., 3453., 3441., 3451., 144., 11645, 20221027110000)
 (3451., 3451., 3445., 3446.,  25., 11641, 20221027111500)
 (3450., 3450., 3440., 3440.,  75., 11673, 20221027113000)
 (3440., 3443., 3433., 3434., 379., 11802, 20221027134500)
 (3435., 3440., 3435., 3436.,  96., 11855, 20221027140000)
 (3436., 3437., 3424., 3427., 503., 12104, 20221027141500)
 (3425., 3432., 3423., 3428., 168., 12177, 20221027143000)
 (3426., 3426., 3420., 3421., 772., 12375, 20221027144500)
 (3420., 3425., 3420., 3420., 254., 12424, 20221027150000)]
2022-10-28 15:30:00  INFO  [(3415., 3422., 3398., 3405., 1668., 13319, 20221027211500)
 (3403., 3411., 3400., 3401.,  289., 13386, 20221027213000)
 (3402., 3409., 3401., 3404.,  257., 13467, 20221027214500)
 (3402., 3405., 3397., 3399.,  348., 13685, 20221027220000)
 (3399., 3401., 3390., 3393.,  500., 13997, 20221027221500)
 (3394., 3405., 3390., 3405.,  326., 14055, 20221027223000)
 (3405., 3408., 3396., 3396.,  311., 14274, 20221027224500)
 (3395., 3404., 3395., 3402.,  226., 14397, 20221027230000)
 (3404., 3405., 3383., 3394.,  805., 14698, 20221028091500)
 (3393., 3400., 3385., 3387.,  604., 14921, 20221028093000)
 (3388., 3390., 3382., 3387.,  326., 15010, 20221028094500)
 (3388., 3390., 3380., 3380.,  529., 15190, 20221028100000)
 (3382., 3386., 3380., 3383.,  350., 15174, 20221028101500)
 (3386., 3386., 3370., 3371.,  559., 15289, 20221028104500)
 (3372., 3379., 3358., 3376., 1176., 15685, 20221028110000)
 (3375., 3385., 3371., 3373.,  442., 15817, 20221028111500)
 (3376., 3385., 3375., 3379.,  192., 15842, 20221028113000)
 (3380., 3380., 3368., 3371.,  357., 15937, 20221028134500)
 (3372., 3375., 3366., 3372.,  191., 16000, 20221028140000)
 (3370., 3381., 3369., 3371.,  236., 16024, 20221028141500)
 (3372., 3374., 3366., 3371.,  168., 16070, 20221028143000)
 (3371., 3372., 3361., 3365.,  471., 16317, 20221028144500)
 (3364., 3372., 3362., 3370.,  383., 16519, 20221028150000)]
2022-10-31 15:30:00  INFO  [(3379., 3379., 3361., 3377.,  641., 16732, 20221028211500)
 (3378., 3378., 3358., 3360.,  514., 16904, 20221028213000)
 (3360., 3365., 3356., 3360.,  405., 16972, 20221028214500)
 (3358., 3361., 3340., 3345.,  648., 17193, 20221028220000)
 (3344., 3350., 3333., 3338., 1146., 17759, 20221028221500)
 (3338., 3339., 3325., 3326.,  677., 18104, 20221028223000)
 (3327., 3330., 3309., 3313., 1186., 18781, 20221028224500)
 (3311., 3318., 3301., 3310., 1094., 19176, 20221028230000)
 (3319., 3337., 3300., 3322., 2953., 19706, 20221031091500)
 (3321., 3323., 3308., 3310.,  748., 19927, 20221031093000)
 (3309., 3315., 3304., 3308.,  558., 20197, 20221031094500)
 (3306., 3312., 3297., 3304., 1304., 20527, 20221031100000)
 (3306., 3315., 3302., 3303.,  283., 20592, 20221031101500)
 (3303., 3318., 3303., 3317.,  691., 20977, 20221031104500)
 (3318., 3322., 3313., 3318.,  268., 21061, 20221031110000)
 (3318., 3319., 3312., 3318.,  279., 21212, 20221031111500)
 (3318., 3319., 3304., 3310.,  217., 21250, 20221031113000)
 (3309., 3315., 3290., 3302., 1788., 22078, 20221031134500)
 (3301., 3303., 3299., 3301.,  359., 22043, 20221031140000)
 (3300., 3303., 3290., 3290.,  830., 22312, 20221031141500)
 (3290., 3300., 3290., 3296.,  347., 22325, 20221031143000)
 (3295., 3296., 3285., 3285.,  613., 22603, 20221031144500)
 (3288., 3289., 3273., 3279., 1295., 23197, 20221031150000)]
2022-11-01 15:30:00  INFO  [(3253., 3298., 3253., 3296., 8874., 30977, 20221031211500)
 (3296., 3302., 3287., 3287.,  465., 31017, 20221031213000)
 (3289., 3297., 3284., 3297.,  279., 31023, 20221031214500)
 (3296., 3314., 3294., 3296., 1102., 31379, 20221031220000)
 (3295., 3300., 3290., 3293.,  257., 31467, 20221031221500)
 (3293., 3300., 3288., 3297.,  212., 31471, 20221031223000)
 (3296., 3300., 3287., 3298.,  292., 31432, 20221031224500)
 (3296., 3310., 3296., 3306.,  283., 31397, 20221031230000)
 (3304., 3321., 3301., 3316.,  684., 31454, 20221101091500)
 (3313., 3325., 3313., 3322.,  670., 31544, 20221101093000)
 (3324., 3324., 3305., 3309.,  388., 31513, 20221101094500)
 (3310., 3315., 3309., 3311.,  298., 31667, 20221101100000)
 (3312., 3319., 3312., 3318.,  186., 31699, 20221101101500)
 (3319., 3333., 3319., 3328.,  524., 31824, 20221101104500)
 (3329., 3337., 3322., 3334.,  396., 31879, 20221101110000)
 (3333., 3334., 3329., 3334.,  672., 31875, 20221101111500)
 (3332., 3334., 3316., 3320.,  555., 31852, 20221101113000)
 (3327., 3335., 3322., 3333.,  482., 31894, 20221101134500)
 (3331., 3339., 3330., 3333.,  865., 32444, 20221101140000)
 (3333., 3347., 3333., 3347.,  567., 32585, 20221101141500)
 (3347., 3366., 3346., 3362., 1594., 32250, 20221101143000)
 (3362., 3364., 3351., 3364.,  764., 32211, 20221101144500)
 (3364., 3367., 3355., 3359., 1081., 32341, 20221101150000)]
2022-11-02 15:30:00  INFO  [(3334., 3372., 3334., 3350., 1189., 32084, 20221101211500)
 (3352., 3355., 3339., 3341.,  697., 32182, 20221101213000)
 (3341., 3349., 3340., 3349.,  349., 32123, 20221101214500)
 (3349., 3358., 3346., 3352.,  311., 32009, 20221101220000)
 (3350., 3353., 3345., 3347.,  372., 31952, 20221101221500)
 (3347., 3350., 3339., 3350.,  356., 31941, 20221101223000)
 (3350., 3356., 3346., 3351.,  375., 31943, 20221101224500)
 (3351., 3356., 3350., 3352.,  207., 31908, 20221101230000)
 (3352., 3359., 3347., 3354.,  390., 31838, 20221102091500)
 (3355., 3360., 3352., 3354.,  295., 31868, 20221102093000)
 (3353., 3356., 3348., 3351.,  260., 31955, 20221102094500)
 (3349., 3351., 3342., 3350.,  416., 32007, 20221102100000)
 (3351., 3354., 3342., 3344.,  742., 32391, 20221102101500)
 (3347., 3357., 3344., 3356.,  402., 32432, 20221102104500)
 (3356., 3366., 3346., 3363.,  888., 32492, 20221102110000)
 (3364., 3377., 3358., 3371.,  950., 32335, 20221102111500)
 (3371., 3375., 3364., 3365.,  414., 32275, 20221102113000)
 (3374., 3395., 3369., 3394., 1239., 32321, 20221102134500)
 (3395., 3395., 3378., 3380.,  526., 32357, 20221102140000)
 (3379., 3383., 3371., 3373.,  511., 32419, 20221102141500)
 (3374., 3379., 3357., 3358.,  832., 32371, 20221102143000)
 (3359., 3360., 3349., 3356.,  906., 32171, 20221102144500)
 (3355., 3366., 3355., 3365.,  404., 32150, 20221102150000)]
2022-11-03 15:30:00  INFO  [(3365., 3366., 3351., 3355., 1220., 32211, 20221102211500)
 (3355., 3358., 3352., 3355.,  339., 32221, 20221102213000)
 (3356., 3366., 3355., 3363.,  254., 32183, 20221102214500)
 (3364., 3368., 3359., 3359.,  308., 32228, 20221102220000)
 (3359., 3370., 3358., 3370.,  339., 32181, 20221102221500)
 (3370., 3370., 3363., 3368.,  154., 32158, 20221102223000)
 (3367., 3369., 3364., 3366.,  172., 32153, 20221102224500)
 (3366., 3369., 3363., 3366.,  161., 32117, 20221102230000)
 (3362., 3381., 3354., 3378.,  762., 32172, 20221103091500)
 (3378., 3378., 3364., 3368.,  283., 32200, 20221103093000)
 (3368., 3378., 3361., 3363.,  626., 32310, 20221103094500)
 (3363., 3364., 3351., 3351.,  563., 32481, 20221103100000)
 (3351., 3359., 3351., 3359.,  280., 32502, 20221103101500)
 (3358., 3363., 3355., 3357.,  874., 32936, 20221103104500)
 (3356., 3363., 3356., 3359.,  275., 32961, 20221103110000)
 (3359., 3368., 3359., 3368.,  397., 32839, 20221103111500)
 (3367., 3375., 3363., 3371.,  521., 32904, 20221103113000)
 (3379., 3389., 3375., 3386., 1031., 32898, 20221103134500)
 (3384., 3390., 3376., 3384.,  778., 33163, 20221103140000)
 (3383., 3383., 3376., 3376.,  325., 33180, 20221103141500)
 (3376., 3383., 3371., 3382.,  586., 33433, 20221103143000)
 (3384., 3389., 3380., 3387.,  405., 33516, 20221103144500)
 (3387., 3387., 3372., 3375.,  323., 33488, 20221103150000)]
2022-11-04 15:30:00  INFO  [(3371., 3378., 3364., 3369.,  621., 33541, 20221103211500)
 (3368., 3369., 3363., 3366.,  279., 33581, 20221103213000)
 (3366., 3374., 3363., 3373.,  277., 33713, 20221103214500)
 (3372., 3372., 3365., 3365.,  287., 33826, 20221103220000)
 (3367., 3374., 3365., 3374.,  427., 34100, 20221103221500)
 (3374., 3376., 3368., 3370.,  281., 34189, 20221103223000)
 (3371., 3378., 3370., 3376.,  213., 34230, 20221103224500)
 (3378., 3382., 3376., 3378.,  352., 34114, 20221103230000)
 (3378., 3390., 3375., 3384.,  851., 34495, 20221104091500)
 (3385., 3389., 3378., 3388.,  619., 34530, 20221104093000)
 (3388., 3394., 3383., 3387.,  873., 34629, 20221104094500)
 (3385., 3395., 3384., 3394.,  221., 34623, 20221104100000)
 (3395., 3395., 3388., 3391.,  317., 34652, 20221104101500)
 (3392., 3408., 3392., 3405.,  995., 34537, 20221104104500)
 (3405., 3407., 3396., 3400.,  628., 34643, 20221104110000)
 (3401., 3416., 3400., 3412.,  757., 34696, 20221104111500)
 (3413., 3416., 3408., 3415.,  504., 34655, 20221104113000)
 (3420., 3434., 3420., 3424., 1151., 34698, 20221104134500)
 (3424., 3431., 3424., 3429.,  903., 35090, 20221104140000)
 (3431., 3437., 3425., 3430., 1257., 34939, 20221104141500)
 (3430., 3430., 3419., 3420., 2052., 35789, 20221104143000)
 (3421., 3424., 3411., 3416., 1275., 35887, 20221104144500)
 (3416., 3425., 3410., 3423.,  701., 35712, 20221104150000)]
2022-11-07 15:30:00  INFO  [(3439., 3454., 3411., 3447., 2152., 35987, 20221104211500)
 (3449., 3450., 3437., 3438., 1149., 36313, 20221104213000)
 (3437., 3444., 3437., 3441., 1424., 37260, 20221104214500)
 (3443., 3449., 3442., 3449., 1058., 37816, 20221104220000)
 (3448., 3455., 3445., 3448., 1016., 38312, 20221104221500)
 (3448., 3452., 3446., 3452.,  788., 38619, 20221104223000)
 (3452., 3458., 3450., 3454., 1132., 38591, 20221104224500)
 (3455., 3465., 3453., 3458., 1084., 38207, 20221104230000)
 (3448., 3448., 3411., 3420., 4692., 39309, 20221107091500)
 (3420., 3432., 3419., 3430., 1140., 39728, 20221107093000)
 (3430., 3431., 3423., 3431., 1277., 39916, 20221107094500)
 (3430., 3435., 3427., 3427.,  766., 40233, 20221107100000)
 (3427., 3431., 3420., 3420., 1280., 40949, 20221107101500)
 (3424., 3427., 3415., 3415.,  937., 41321, 20221107104500)
 (3415., 3421., 3413., 3421.,  198., 41279, 20221107110000)
 (3421., 3422., 3415., 3419.,  377., 41477, 20221107111500)
 (3419., 3423., 3416., 3416.,  198., 41505, 20221107113000)
 (3415., 3426., 3415., 3424.,  793., 41689, 20221107134500)
 (3425., 3427., 3413., 3413.,  527., 41796, 20221107140000)
 (3415., 3424., 3413., 3424.,  242., 41813, 20221107141500)
 (3424., 3435., 3423., 3431., 1035., 41779, 20221107143000)
 (3431., 3445., 3431., 3438., 1061., 41352, 20221107144500)
 (3439., 3440., 3431., 3437.,  528., 41348, 20221107150000)]
2022-11-08 15:30:00  INFO  [(3434., 3448., 3429., 3443., 1395., 41725, 20221107211500)
 (3446., 3448., 3432., 3434.,  427., 41925, 20221107213000)
 (3433., 3435., 3428., 3432.,  241., 41911, 20221107214500)
 (3431., 3437., 3430., 3435.,  334., 42049, 20221107220000)
 (3436., 3440., 3434., 3436.,  440., 42290, 20221107221500)
 (3436., 3440., 3433., 3436.,  669., 42463, 20221107223000)
 (3436., 3438., 3432., 3433.,  479., 42774, 20221107224500)
 (3433., 3434., 3420., 3426., 1976., 44136, 20221107230000)
 (3426., 3434., 3424., 3424., 1078., 44284, 20221108091500)
 (3424., 3431., 3422., 3427.,  467., 44543, 20221108093000)
 (3428., 3429., 3420., 3420., 1155., 45288, 20221108094500)
 (3420., 3428., 3420., 3427.,  323., 45405, 20221108100000)
 (3427., 3427., 3420., 3425.,  220., 45443, 20221108101500)
 (3422., 3433., 3421., 3428.,  271., 45457, 20221108104500)
 (3427., 3428., 3422., 3426.,  113., 45455, 20221108110000)
 (3426., 3434., 3426., 3431.,  328., 45393, 20221108111500)
 (3434., 3434., 3428., 3429.,  221., 45534, 20221108113000)
 (3429., 3431., 3421., 3423., 1109., 46269, 20221108134500)
 (3424., 3427., 3422., 3425.,  257., 46428, 20221108140000)
 (3425., 3436., 3424., 3435.,  648., 46597, 20221108141500)
 (3433., 3443., 3433., 3439., 1836., 47807, 20221108143000)
 (3439., 3461., 3438., 3461., 3574., 50061, 20221108144500)
 (3460., 3474., 3455., 3474., 3174., 51905, 20221108150000)]
2022-11-09 15:30:00  INFO  [(3478., 3490., 3467., 3488., 3150., 53107, 20221108211500)
 (3489., 3492., 3483., 3491.,  562., 53024, 20221108213000)
 (3492., 3502., 3491., 3502.,  965., 53249, 20221108214500)
 (3500., 3501., 3488., 3490.,  586., 53418, 20221108220000)
 (3490., 3497., 3488., 3494., 1121., 54025, 20221108221500)
 (3493., 3504., 3490., 3504.,  539., 54307, 20221108223000)
 (3504., 3510., 3497., 3499.,  923., 54755, 20221108224500)
 (3498., 3501., 3495., 3500.,  208., 54680, 20221108230000)
 (3501., 3501., 3483., 3485., 1224., 55156, 20221109091500)
 (3487., 3493., 3484., 3486.,  395., 55267, 20221109093000)
 (3485., 3490., 3483., 3485.,  413., 55437, 20221109094500)
 (3485., 3490., 3483., 3485.,  424., 55515, 20221109100000)
 (3485., 3488., 3484., 3488.,  195., 55560, 20221109101500)
 (3488., 3501., 3488., 3500.,  555., 55607, 20221109104500)
 (3499., 3501., 3495., 3495., 1816., 57086, 20221109110000)
 (3495., 3502., 3495., 3502.,  204., 57158, 20221109111500)
 (3501., 3509., 3498., 3498.,  310., 57150, 20221109113000)
 (3505., 3508., 3497., 3498.,  393., 57063, 20221109134500)
 (3498., 3503., 3493., 3500.,  324., 57134, 20221109140000)
 (3502., 3506., 3496., 3500.,  294., 57188, 20221109141500)
 (3500., 3503., 3498., 3502.,  337., 57193, 20221109143000)
 (3502., 3505., 3499., 3504.,  267., 57319, 20221109144500)
 (3505., 3513., 3500., 3504.,  524., 57367, 20221109150000)]
2022-11-10 15:30:00  INFO  [(3491., 3494., 3479., 3479., 1125., 57463, 20221109211500)
 (3480., 3485., 3476., 3481.,  946., 57463, 20221109213000)
 (3480., 3482., 3455., 3463., 1365., 57631, 20221109214500)
 (3461., 3470., 3454., 3465.,  555., 57757, 20221109220000)
 (3463., 3471., 3463., 3471.,  409., 57944, 20221109221500)
 (3470., 3478., 3468., 3471.,  595., 58065, 20221109223000)
 (3470., 3478., 3462., 3474.,  607., 57931, 20221109224500)
 (3474., 3479., 3471., 3476.,  330., 57935, 20221109230000)
 (3475., 3478., 3470., 3470.,  571., 58133, 20221110091500)
 (3470., 3471., 3460., 3466., 1471., 58556, 20221110093000)
 (3464., 3468., 3461., 3464.,  263., 58655, 20221110094500)
 (3464., 3475., 3464., 3472.,  198., 58678, 20221110100000)
 (3472., 3474., 3467., 3469.,  385., 58917, 20221110101500)
 (3469., 3481., 3468., 3478.,  442., 59048, 20221110104500)
 (3477., 3484., 3472., 3481.,  700., 59428, 20221110110000)
 (3483., 3490., 3478., 3479., 1151., 59975, 20221110111500)
 (3479., 3495., 3479., 3491.,  758., 60027, 20221110113000)
 (3488., 3492., 3453., 3454., 2331., 61293, 20221110134500)
 (3454., 3459., 3450., 3457., 1073., 61724, 20221110140000)
 (3454., 3469., 3453., 3461., 1042., 62166, 20221110141500)
 (3461., 3465., 3458., 3462.,  675., 62443, 20221110143000)
 (3461., 3462., 3447., 3451.,  901., 62585, 20221110144500)
 (3451., 3460., 3450., 3457.,  562., 62659, 20221110150000)]
2022-11-11 15:30:00  INFO  [(3454., 3470., 3440., 3466., 1623., 63043, 20221110211500)
 (3467., 3471., 3461., 3471.,  861., 62977, 20221110213000)
 (3471., 3497., 3471., 3493., 2304., 62285, 20221110214500)
 (3494., 3496., 3488., 3493.,  824., 61916, 20221110220000)
 (3494., 3497., 3487., 3489.,  312., 61837, 20221110221500)
 (3489., 3497., 3483., 3495.,  252., 61783, 20221110223000)
 (3496., 3496., 3487., 3490.,  198., 61732, 20221110224500)
 (3490., 3498., 3490., 3497.,  557., 61756, 20221110230000)
 (3500., 3539., 3484., 3537., 2594., 62102, 20221111091500)
 (3538., 3547., 3538., 3546., 1784., 62630, 20221111093000)
 (3546., 3548., 3532., 3535., 2227., 63105, 20221111094500)
 (3536., 3537., 3530., 3537.,  730., 63304, 20221111100000)
 (3537., 3539., 3533., 3536.,  237., 63442, 20221111101500)
 (3537., 3540., 3534., 3537.,  419., 63459, 20221111104500)
 (3536., 3543., 3532., 3533.,  767., 63370, 20221111110000)
 (3536., 3539., 3533., 3536.,  296., 63463, 20221111111500)
 (3536., 3545., 3534., 3540.,  906., 63965, 20221111113000)
 (3545., 3556., 3542., 3552., 1631., 64201, 20221111134500)
 (3554., 3567., 3551., 3565., 1616., 64462, 20221111140000)
 (3567., 3576., 3557., 3559., 1788., 64396, 20221111141500)
 (3559., 3563., 3551., 3562.,  808., 64181, 20221111143000)
 (3562., 3562., 3547., 3553.,  339., 64134, 20221111144500)
 (3552., 3556., 3542., 3542.,  760., 63933, 20221111150000)]
2022-11-14 15:30:00  INFO  [(3536., 3557., 3536., 3548., 3064., 65114, 20221111211500)
 (3547., 3553., 3539., 3553., 1752., 65977, 20221111213000)
 (3553., 3565., 3551., 3563., 1248., 66073, 20221111214500)
 (3563., 3569., 3559., 3569.,  781., 66276, 20221111220000)
 (3567., 3571., 3562., 3567.,  372., 66256, 20221111221500)
 (3569., 3569., 3553., 3558., 1558., 66448, 20221111223000)
 (3558., 3565., 3555., 3555.,  372., 66470, 20221111224500)
 (3557., 3565., 3555., 3561.,  307., 66536, 20221111230000)
 (3581., 3601., 3580., 3601., 4077., 66554, 20221114091500)
 (3599., 3610., 3594., 3595., 1641., 66597, 20221114093000)
 (3596., 3603., 3591., 3591.,  699., 66670, 20221114094500)
 (3592., 3594., 3582., 3587.,  490., 66641, 20221114100000)
 (3587., 3592., 3576., 3581.,  991., 66762, 20221114101500)
 (3581., 3596., 3580., 3592.,  545., 66768, 20221114104500)
 (3592., 3599., 3590., 3598.,  184., 66712, 20221114110000)
 (3596., 3597., 3588., 3589.,  302., 66832, 20221114111500)
 (3590., 3591., 3581., 3585.,  342., 66947, 20221114113000)
 (3589., 3589., 3575., 3577., 1795., 67702, 20221114134500)
 (3577., 3581., 3565., 3572., 1095., 68188, 20221114140000)
 (3570., 3582., 3570., 3576.,  622., 67997, 20221114141500)
 (3575., 3577., 3569., 3575.,  671., 68140, 20221114143000)
 (3575., 3579., 3574., 3577.,  191., 68193, 20221114144500)
 (3577., 3578., 3569., 3570.,  641., 68045, 20221114150000)]
2022-11-15 15:30:00  INFO  [(3571., 3588., 3560., 3585., 2126., 68011, 20221114211500)
 (3585., 3594., 3574., 3583.,  589., 68106, 20221114213000)
 (3583., 3588., 3580., 3583.,  339., 68113, 20221114214500)
 (3584., 3587., 3579., 3580.,  357., 68063, 20221114220000)
 (3580., 3583., 3575., 3578.,   97., 68086, 20221114221500)
 (3578., 3583., 3575., 3581.,  164., 68104, 20221114223000)
 (3582., 3588., 3579., 3581.,  340., 68251, 20221114224500)
 (3581., 3588., 3580., 3585.,  256., 68330, 20221114230000)
 (3585., 3594., 3574., 3574., 1076., 68710, 20221115091500)
 (3573., 3583., 3572., 3576., 1057., 69292, 20221115093000)
 (3577., 3585., 3575., 3585.,  846., 69581, 20221115094500)
 (3583., 3585., 3580., 3581.,  373., 69566, 20221115100000)
 (3582., 3596., 3582., 3589., 1642., 70182, 20221115101500)
 (3596., 3597., 3592., 3596.,  840., 70560, 20221115104500)
 (3597., 3597., 3591., 3593.,  176., 70637, 20221115110000)
 (3594., 3597., 3588., 3592., 1430., 70864, 20221115111500)
 (3592., 3596., 3590., 3595.,  407., 70741, 20221115113000)
 (3596., 3598., 3582., 3584.,  741., 70821, 20221115134500)
 (3583., 3589., 3580., 3585.,  361., 70916, 20221115140000)
 (3584., 3590., 3582., 3588.,   44., 70918, 20221115141500)
 (3589., 3596., 3588., 3591.,  664., 70770, 20221115143000)
 (3592., 3595., 3588., 3594.,  285., 70782, 20221115144500)
 (3595., 3604., 3594., 3604.,  980., 70930, 20221115150000)]
2022-11-16 15:30:00  INFO  [(3620., 3625., 3600., 3612., 2569., 71538, 20221115211500)
 (3611., 3620., 3608., 3618., 1301., 71100, 20221115213000)
 (3618., 3636., 3613., 3632., 2239., 70962, 20221115214500)
 (3630., 3630., 3620., 3624.,  975., 71250, 20221115220000)
 (3624., 3628., 3621., 3625.,  225., 71204, 20221115221500)
 (3626., 3633., 3625., 3633.,  528., 71288, 20221115223000)
 (3631., 3631., 3624., 3627.,  548., 71212, 20221115224500)
 (3629., 3629., 3622., 3626.,  229., 71200, 20221115230000)
 (3630., 3643., 3625., 3638., 1564., 71616, 20221116091500)
 (3637., 3644., 3635., 3636., 1109., 71868, 20221116093000)
 (3636., 3637., 3632., 3636.,  881., 71929, 20221116094500)
 (3635., 3635., 3628., 3633.,  718., 72104, 20221116100000)
 (3633., 3635., 3624., 3627.,  378., 72111, 20221116101500)
 (3630., 3641., 3627., 3641.,  320., 72112, 20221116104500)
 (3641., 3648., 3638., 3645.,  862., 71867, 20221116110000)
 (3645., 3659., 3640., 3659.,  789., 71880, 20221116111500)
 (3658., 3662., 3655., 3661., 1035., 71623, 20221116113000)
 (3661., 3661., 3648., 3652.,  864., 71694, 20221116134500)
 (3653., 3660., 3653., 3657.,  572., 71954, 20221116140000)
 (3656., 3665., 3656., 3665.,  525., 71760, 20221116141500)
 (3665., 3665., 3652., 3652.,  359., 71736, 20221116143000)
 (3652., 3658., 3647., 3652.,  345., 71707, 20221116144500)
 (3652., 3655., 3643., 3648.,  611., 71729, 20221116150000)]
2022-11-17 15:30:00  INFO  [(3647., 3655., 3626., 3626., 2254., 72767, 20221116211500)
 (3628., 3635., 3621., 3623., 1241., 73271, 20221116213000)
 (3622., 3622., 3611., 3614., 1541., 72973, 20221116214500)
 (3614., 3619., 3601., 3607., 1668., 73867, 20221116220000)
 (3608., 3615., 3597., 3601., 1777., 74264, 20221116221500)
 (3602., 3609., 3594., 3600.,  816., 74535, 20221116223000)
 (3600., 3607., 3599., 3602.,  526., 74754, 20221116224500)
 (3601., 3604., 3586., 3587., 1021., 74742, 20221116230000)
 (3586., 3599., 3582., 3598., 1181., 74645, 20221117091500)
 (3598., 3600., 3591., 3594.,  559., 74784, 20221117093000)
 (3593., 3610., 3592., 3608.,  846., 75083, 20221117094500)
 (3608., 3615., 3596., 3601., 1107., 75564, 20221117100000)
 (3601., 3610., 3600., 3606.,  347., 75529, 20221117101500)
 (3606., 3610., 3602., 3607.,  204., 75512, 20221117104500)
 (3606., 3606., 3597., 3600.,  254., 75538, 20221117110000)
 (3600., 3600., 3594., 3597., 1211., 74969, 20221117111500)
 (3596., 3602., 3588., 3590., 1243., 75095, 20221117113000)
 (3591., 3598., 3575., 3590., 1488., 75062, 20221117134500)
 (3591., 3594., 3588., 3592.,  268., 75130, 20221117140000)
 (3591., 3597., 3579., 3594.,  659., 75138, 20221117141500)
 (3596., 3603., 3594., 3601.,  336., 75130, 20221117143000)
 (3600., 3610., 3600., 3609.,  865., 74941, 20221117144500)
 (3608., 3630., 3607., 3627., 1778., 74933, 20221117150000)]
2022-11-18 15:30:00  INFO  [(3622., 3626., 3609., 3615., 6414., 79046, 20221117211500)
 (3615., 3624., 3611., 3620.,  492., 78953, 20221117213000)
 (3623., 3630., 3621., 3625.,  303., 78960, 20221117214500)
 (3625., 3625., 3613., 3615.,  539., 79050, 20221117220000)
 (3612., 3614., 3602., 3611.,  635., 79078, 20221117221500)
 (3610., 3616., 3608., 3608.,  183., 79039, 20221117223000)
 (3607., 3617., 3603., 3617.,  404., 79153, 20221117224500)
 (3618., 3625., 3615., 3622.,  291., 79047, 20221117230000)
 (3620., 3627., 3616., 3620.,  820., 79163, 20221118091500)
 (3618., 3623., 3616., 3622.,  537., 79108, 20221118093000)
 (3623., 3623., 3609., 3609.,  661., 79231, 20221118094500)
 (3609., 3617., 3606., 3611.,  531., 79456, 20221118100000)
 (3612., 3634., 3612., 3632.,  447., 79333, 20221118101500)
 (3634., 3642., 3630., 3630.,  940., 79320, 20221118104500)
 (3630., 3630., 3613., 3617., 1013., 79261, 20221118110000)
 (3617., 3621., 3610., 3613.,  432., 79268, 20221118111500)
 (3614., 3630., 3613., 3622.,  442., 79301, 20221118113000)
 (3625., 3631., 3620., 3622., 1365., 79986, 20221118134500)
 (3622., 3625., 3620., 3622., 1164., 80954, 20221118140000)
 (3623., 3627., 3618., 3623., 2174., 82558, 20221118141500)
 (3625., 3629., 3624., 3628.,  782., 82993, 20221118143000)
 (3627., 3632., 3614., 3616.,  677., 82924, 20221118144500)
 (3616., 3628., 3616., 3622.,  809., 83028, 20221118150000)]
2022-11-21 15:30:00  INFO  [(3623., 3626., 3608., 3615., 6886., 89325, 20221118211500)
 (3615., 3615., 3593., 3594., 1052., 89842, 20221118213000)
 (3593., 3606., 3591., 3604.,  785., 89909, 20221118214500)
 (3604., 3605., 3595., 3596.,  868., 90326, 20221118220000)
 (3595., 3598., 3590., 3598.,  714., 90572, 20221118221500)
 (3597., 3609., 3596., 3602.,  412., 90471, 20221118223000)
 (3599., 3603., 3594., 3603.,  203., 90480, 20221118224500)
 (3604., 3608., 3598., 3599.,  326., 90498, 20221118230000)
 (3596., 3596., 3544., 3545., 3697., 90919, 20221121091500)
 (3545., 3564., 3542., 3555., 1770., 91689, 20221121093000)
 (3554., 3564., 3550., 3563.,  975., 91825, 20221121094500)
 (3560., 3561., 3550., 3550.,  556., 92026, 20221121100000)
 (3550., 3555., 3548., 3551.,  788., 92143, 20221121101500)
 (3555., 3556., 3534., 3534., 1621., 91998, 20221121104500)
 (3535., 3547., 3533., 3545.,  651., 91996, 20221121110000)
 (3545., 3548., 3542., 3546.,  695., 92401, 20221121111500)
 (3546., 3554., 3543., 3552.,  495., 92262, 20221121113000)
 (3551., 3580., 3551., 3563., 1342., 92289, 20221121134500)
 (3563., 3570., 3555., 3570.,  590., 92255, 20221121140000)
 (3570., 3575., 3567., 3573.,  542., 92356, 20221121141500)
 (3572., 3579., 3569., 3579.,  644., 92550, 20221121143000)
 (3577., 3578., 3569., 3573.,  288., 92630, 20221121144500)
 (3573., 3580., 3570., 3574.,  546., 92789, 20221121150000)]
2022-11-22 15:30:00  INFO  [(3520., 3590., 3520., 3587., 11112., 101493, 20221121211500)
 (3587., 3600., 3586., 3600.,  1940., 102129, 20221121213000)
 (3601., 3602., 3587., 3587.,  1274., 102745, 20221121214500)
 (3589., 3595., 3585., 3592.,   391., 102845, 20221121220000)
 (3593., 3596., 3583., 3584.,   506., 103019, 20221121221500)
 (3584., 3589., 3575., 3575.,   966., 103547, 20221121223000)
 (3576., 3578., 3570., 3570.,  1040., 103830, 20221121224500)
 (3570., 3577., 3569., 3571.,   326., 103860, 20221121230000)
 (3572., 3585., 3571., 3571.,   443., 103894, 20221122091500)
 (3572., 3572., 3562., 3569.,  1213., 104240, 20221122093000)
 (3567., 3571., 3563., 3570.,   732., 104374, 20221122094500)
 (3570., 3571., 3563., 3568.,   129., 104423, 20221122100000)
 (3569., 3570., 3560., 3565.,   702., 104718, 20221122101500)
 (3564., 3570., 3545., 3566.,  1478., 104998, 20221122104500)
 (3565., 3579., 3565., 3578.,   737., 104898, 20221122110000)
 (3577., 3585., 3572., 3584.,   751., 105077, 20221122111500)
 (3586., 3588., 3579., 3587.,   496., 104958, 20221122113000)
 (3585., 3585., 3572., 3574.,  1307., 105947, 20221122134500)
 (3574., 3580., 3565., 3567.,   737., 106132, 20221122140000)
 (3567., 3572., 3561., 3563.,   406., 106152, 20221122141500)
 (3565., 3567., 3557., 3561.,   467., 106314, 20221122143000)
 (3561., 3561., 3548., 3552.,  1562., 106509, 20221122144500)
 (3554., 3562., 3550., 3554.,   626., 106621, 20221122150000)]
2022-11-23 15:30:00  INFO  [(3567., 3567., 3541., 3547., 8138., 114011, 20221122211500)
 (3549., 3561., 3547., 3561.,  653., 114149, 20221122213000)
 (3562., 3563., 3556., 3561.,  231., 114198, 20221122214500)
 (3560., 3570., 3552., 3569.,  415., 114192, 20221122220000)
 (3569., 3575., 3566., 3568.,  450., 114038, 20221122221500)
 (3568., 3574., 3567., 3574.,  365., 113980, 20221122223000)
 (3575., 3575., 3565., 3569.,  279., 114029, 20221122224500)
 (3569., 3570., 3564., 3565.,  204., 114013, 20221122230000)
 (3565., 3566., 3553., 3555.,  429., 113945, 20221123091500)
 (3554., 3562., 3554., 3560.,  366., 113963, 20221123093000)
 (3559., 3564., 3558., 3561.,  170., 113969, 20221123094500)
 (3561., 3565., 3556., 3562.,  533., 114316, 20221123100000)
 (3559., 3563., 3556., 3562.,  139., 114286, 20221123101500)
 (3561., 3561., 3545., 3546.,  544., 114497, 20221123104500)
 (3548., 3550., 3531., 3549., 1558., 115142, 20221123110000)
 (3549., 3555., 3545., 3550.,  567., 115236, 20221123111500)
 (3550., 3555., 3544., 3544.,  592., 115400, 20221123113000)
 (3551., 3559., 3546., 3559., 1256., 116031, 20221123134500)
 (3558., 3568., 3557., 3561.,  690., 115850, 20221123140000)
 (3561., 3563., 3556., 3560.,  227., 115861, 20221123141500)
 (3561., 3572., 3560., 3572., 1043., 115464, 20221123143000)
 (3572., 3575., 3565., 3567.,  692., 115500, 20221123144500)
 (3570., 3570., 3560., 3564.,  581., 115588, 20221123150000)]
2022-11-24 15:30:00  INFO  [(3566., 3570., 3551., 3564., 3624., 117730, 20221123211500)
 (3564., 3573., 3561., 3565.,  826., 117687, 20221123213000)
 (3565., 3574., 3565., 3569., 1205., 117643, 20221123214500)
 (3568., 3571., 3566., 3567.,  772., 117919, 20221123220000)
 (3567., 3573., 3564., 3570.,  446., 118137, 20221123221500)
 (3572., 3585., 3570., 3584.,  821., 118036, 20221123223000)
 (3584., 3608., 3584., 3595., 1867., 118285, 20221123224500)
 (3596., 3600., 3583., 3588.,  975., 118586, 20221123230000)
 (3590., 3607., 3590., 3604., 1461., 118843, 20221124091500)
 (3604., 3610., 3598., 3604., 1512., 119210, 20221124093000)
 (3605., 3606., 3592., 3595.,  748., 119526, 20221124094500)
 (3596., 3598., 3590., 3591.,  463., 119686, 20221124100000)
 (3593., 3598., 3590., 3592.,  532., 119550, 20221124101500)
 (3590., 3597., 3586., 3596.,  251., 119563, 20221124104500)
 (3596., 3599., 3591., 3597.,  193., 119473, 20221124110000)
 (3597., 3598., 3590., 3593., 1062., 120092, 20221124111500)
 (3594., 3594., 3583., 3588., 1508., 120903, 20221124113000)
 (3585., 3589., 3575., 3577., 1760., 121155, 20221124134500)
 (3577., 3589., 3571., 3586., 1334., 121581, 20221124140000)
 (3586., 3589., 3581., 3586.,  845., 121553, 20221124141500)
 (3587., 3592., 3585., 3589.,  847., 121837, 20221124143000)
 (3590., 3592., 3584., 3588.,  892., 121620, 20221124144500)
 (3588., 3589., 3580., 3581.,  477., 121609, 20221124150000)]
2022-11-25 15:30:00  INFO  [(3584., 3585., 3564., 3566., 3865., 123774, 20221124211500)
 (3565., 3569., 3551., 3564., 1171., 124156, 20221124213000)
 (3563., 3569., 3562., 3567.,  841., 124327, 20221124214500)
 (3566., 3569., 3560., 3567.,  773., 124549, 20221124220000)
 (3566., 3568., 3557., 3558.,  332., 124623, 20221124221500)
 (3560., 3564., 3559., 3562.,  107., 124617, 20221124223000)
 (3562., 3568., 3562., 3567.,  139., 124589, 20221124224500)
 (3568., 3578., 3568., 3578.,  488., 124365, 20221124230000)
 (3578., 3585., 3575., 3584., 1185., 124590, 20221125091500)
 (3584., 3588., 3581., 3583., 1808., 125336, 20221125093000)
 (3583., 3585., 3580., 3583., 1749., 126893, 20221125094500)
 (3583., 3599., 3582., 3597., 1541., 127382, 20221125100000)
 (3599., 3599., 3591., 3598., 1755., 127867, 20221125101500)
 (3598., 3603., 3594., 3599.,  632., 127963, 20221125104500)
 (3598., 3599., 3589., 3592.,  318., 128060, 20221125110000)
 (3594., 3595., 3587., 3588., 1447., 129145, 20221125111500)
 (3589., 3597., 3587., 3594.,  277., 129058, 20221125113000)
 (3597., 3607., 3596., 3604., 1419., 129135, 20221125134500)
 (3604., 3615., 3601., 3608.,  677., 128957, 20221125140000)
 (3609., 3609., 3605., 3607., 1180., 129254, 20221125141500)
 (3607., 3608., 3599., 3603., 1418., 129590, 20221125143000)
 (3602., 3619., 3601., 3619.,  713., 129489, 20221125144500)
 (3619., 3633., 3617., 3630., 1720., 129579, 20221125150000)]
2022-11-28 15:30:00  INFO  [(3639., 3651., 3630., 3646., 2504., 129714, 20221125211500)
 (3645., 3647., 3626., 3628., 2314., 130540, 20221125213000)
 (3626., 3638., 3626., 3631.,  492., 130473, 20221125214500)
 (3631., 3637., 3631., 3635.,  283., 130480, 20221125220000)
 (3635., 3642., 3634., 3641., 1205., 131196, 20221125221500)
 (3643., 3644., 3633., 3635.,  722., 131656, 20221125223000)
 (3635., 3637., 3631., 3637.,  374., 131795, 20221125224500)
 (3638., 3652., 3635., 3650.,  656., 131880, 20221125230000)
 (3633., 3633., 3612., 3628., 3529., 133074, 20221128091500)
 (3628., 3632., 3611., 3611., 2705., 134701, 20221128093000)
 (3613., 3620., 3601., 3605., 2238., 135860, 20221128094500)
 (3607., 3620., 3605., 3616., 1354., 136491, 20221128100000)
 (3617., 3620., 3613., 3616.,  741., 136872, 20221128101500)
 (3616., 3639., 3616., 3631., 2069., 137688, 20221128104500)
 (3631., 3632., 3625., 3629.,  785., 138317, 20221128110000)
 (3628., 3633., 3626., 3632.,  529., 138678, 20221128111500)
 (3632., 3634., 3628., 3628.,  793., 138909, 20221128113000)
 (3626., 3627., 3620., 3620., 2593., 140725, 20221128134500)
 (3623., 3623., 3611., 3619., 4144., 143506, 20221128140000)
 (3619., 3622., 3617., 3622.,  636., 143941, 20221128141500)
 (3622., 3632., 3619., 3631.,  775., 143659, 20221128143000)
 (3632., 3636., 3630., 3630.,  691., 143676, 20221128144500)
 (3631., 3638., 3630., 3635.,  843., 143695, 20221128150000)]
2022-11-29 15:30:00  INFO  [(3635., 3678., 3635., 3677., 3067., 143174, 20221128211500)
 (3678., 3682., 3667., 3670., 1811., 143387, 20221128213000)
 (3670., 3673., 3665., 3673., 1740., 143650, 20221128214500)
 (3673., 3679., 3667., 3674.,  960., 143585, 20221128220000)
 (3672., 3681., 3670., 3679.,  563., 143339, 20221128221500)
 (3679., 3682., 3668., 3682.,  415., 143272, 20221128223000)
 (3680., 3689., 3675., 3686.,  737., 143013, 20221128224500)
 (3687., 3695., 3682., 3684.,  660., 142954, 20221128230000)
 (3682., 3714., 3680., 3714., 2396., 142626, 20221129091500)
 (3713., 3715., 3704., 3709.,  630., 142511, 20221129093000)
 (3710., 3712., 3695., 3696., 1827., 141751, 20221129094500)
 (3696., 3698., 3685., 3694.,  792., 141805, 20221129100000)
 (3694., 3700., 3688., 3698.,  337., 141841, 20221129101500)
 (3696., 3703., 3692., 3692., 1273., 142268, 20221129104500)
 (3692., 3695., 3675., 3679., 2807., 143872, 20221129110000)
 (3679., 3682., 3673., 3679., 1493., 144715, 20221129111500)
 (3675., 3699., 3674., 3699.,  653., 144759, 20221129113000)
 (3701., 3705., 3692., 3699.,  901., 144888, 20221129134500)
 (3700., 3705., 3691., 3691.,  454., 144969, 20221129140000)
 (3693., 3699., 3689., 3689.,  573., 145196, 20221129141500)
 (3688., 3693., 3686., 3691.,  691., 145696, 20221129143000)
 (3691., 3699., 3690., 3696.,  729., 145788, 20221129144500)
 (3696., 3697., 3684., 3684.,  848., 145731, 20221129150000)]
2022-11-30 15:30:00  INFO  [(3684., 3686., 3669., 3675., 3808., 145500, 20221129211500)
 (3674., 3675., 3667., 3673., 1666., 146356, 20221129213000)
 (3671., 3688., 3670., 3682., 1147., 146550, 20221129214500)
 (3683., 3693., 3682., 3685.,  443., 146607, 20221129220000)
 (3683., 3688., 3682., 3686.,  496., 146757, 20221129221500)
 (3686., 3691., 3683., 3690.,  459., 146799, 20221129223000)
 (3690., 3697., 3688., 3689.,  485., 146757, 20221129224500)
 (3690., 3694., 3685., 3692.,  377., 146823, 20221129230000)
 (3689., 3706., 3688., 3691.,  827., 146610, 20221130091500)
 (3690., 3698., 3687., 3691.,  447., 146716, 20221130093000)
 (3690., 3696., 3687., 3692.,  945., 146906, 20221130094500)
 (3689., 3696., 3688., 3690.,  294., 147012, 20221130100000)
 (3688., 3694., 3685., 3693.,  363., 147177, 20221130101500)
 (3694., 3696., 3688., 3688.,  208., 147120, 20221130104500)
 (3690., 3692., 3689., 3692.,   86., 147141, 20221130110000)
 (3692., 3692., 3689., 3689.,   89., 147163, 20221130111500)
 (3689., 3692., 3687., 3692.,  212., 147184, 20221130113000)
 (3690., 3690., 3670., 3670., 2372., 148624, 20221130134500)
 (3669., 3671., 3654., 3656., 2887., 149963, 20221130140000)
 (3653., 3667., 3652., 3653., 2906., 151049, 20221130141500)
 (3653., 3664., 3653., 3660., 1138., 151587, 20221130143000)
 (3660., 3673., 3660., 3673.,  767., 151544, 20221130144500)
 (3673., 3676., 3665., 3676.,  599., 151485, 20221130150000)]
2022-12-01 15:30:00  INFO  [(3692., 3704., 3683., 3700., 6763., 151970, 20221130211500)
 (3701., 3712., 3692., 3702., 2919., 152029, 20221130213000)
 (3702., 3703., 3696., 3701.,  573., 151977, 20221130214500)
 (3701., 3702., 3696., 3698.,  284., 151951, 20221130220000)
 (3700., 3704., 3699., 3701.,  266., 151938, 20221130221500)
 (3702., 3704., 3700., 3702.,  264., 151908, 20221130223000)
 (3704., 3713., 3702., 3707., 1206., 152108, 20221130224500)
 (3708., 3710., 3696., 3703., 1624., 152888, 20221130230000)
 (3711., 3724., 3708., 3716., 1302., 152863, 20221201091500)
 (3716., 3720., 3703., 3710., 2702., 154141, 20221201093000)
 (3710., 3711., 3698., 3705., 1853., 154464, 20221201094500)
 (3705., 3705., 3698., 3700.,  460., 154361, 20221201100000)
 (3699., 3702., 3688., 3691., 1642., 155354, 20221201101500)
 (3690., 3690., 3680., 3686., 1897., 156322, 20221201104500)
 (3685., 3690., 3684., 3685.,  334., 156490, 20221201110000)
 (3684., 3685., 3680., 3681.,  604., 156813, 20221201111500)
 (3680., 3681., 3671., 3672., 1466., 157525, 20221201113000)
 (3671., 3690., 3670., 3686., 1505., 157890, 20221201134500)
 (3686., 3694., 3685., 3694., 2242., 159324, 20221201140000)
 (3694., 3699., 3688., 3691.,  483., 159261, 20221201141500)
 (3692., 3696., 3691., 3693.,  580., 158936, 20221201143000)
 (3693., 3695., 3689., 3693.,  597., 158849, 20221201144500)
 (3694., 3695., 3684., 3692., 1764., 159564, 20221201150000)]
2022-12-02 15:30:00  INFO  [(3689., 3698., 3686., 3695., 2487., 160666, 20221201211500)
 (3695., 3701., 3692., 3695.,  488., 160428, 20221201213000)
 (3695., 3699., 3692., 3699.,  179., 160427, 20221201214500)
 (3697., 3701., 3688., 3692.,  578., 160721, 20221201220000)
 (3691., 3694., 3691., 3694.,  134., 160755, 20221201221500)
 (3694., 3701., 3693., 3697.,  315., 160591, 20221201223000)
 (3698., 3699., 3692., 3696.,  252., 160685, 20221201224500)
 (3698., 3702., 3695., 3700.,  767., 160450, 20221201230000)
 (3695., 3697., 3689., 3692., 1090., 160855, 20221202091500)
 (3691., 3698., 3691., 3695.,  351., 160934, 20221202093000)
 (3695., 3702., 3695., 3701., 1580., 161653, 20221202094500)
 (3701., 3738., 3701., 3736., 4290., 161776, 20221202100000)
 (3739., 3753., 3734., 3742., 4436., 162528, 20221202101500)
 (3742., 3757., 3741., 3750., 5289., 164271, 20221202104500)
 (3750., 3759., 3747., 3757., 2440., 165000, 20221202110000)
 (3757., 3763., 3754., 3758., 1940., 165744, 20221202111500)
 (3756., 3766., 3756., 3759., 1820., 166004, 20221202113000)
 (3758., 3769., 3753., 3768., 1167., 166483, 20221202134500)
 (3768., 3773., 3764., 3772., 1879., 167395, 20221202140000)
 (3772., 3780., 3763., 3765., 2967., 168154, 20221202141500)
 (3767., 3768., 3756., 3762., 3341., 168549, 20221202143000)
 (3762., 3767., 3758., 3762., 1269., 168440, 20221202144500)
 (3765., 3776., 3764., 3770., 3195., 168026, 20221202150000)]
2022-12-05 15:30:00  INFO  [(3780., 3790., 3765., 3776., 8295., 171652, 20221202211500)
 (3775., 3785., 3775., 3775., 2018., 172668, 20221202213000)
 (3775., 3778., 3766., 3777., 1963., 173402, 20221202214500)
 (3777., 3777., 3763., 3767., 2683., 173709, 20221202220000)
 (3766., 3768., 3759., 3767., 1560., 173891, 20221202221500)
 (3766., 3776., 3766., 3773.,  601., 173867, 20221202223000)
 (3774., 3787., 3774., 3785., 1374., 173830, 20221202224500)
 (3785., 3800., 3784., 3796., 2565., 174390, 20221202230000)
 (3810., 3845., 3805., 3838., 9692., 175419, 20221205091500)
 (3840., 3840., 3816., 3833., 3348., 176011, 20221205093000)
 (3834., 3835., 3820., 3820., 2055., 176819, 20221205094500)
 (3823., 3829., 3817., 3821., 1552., 177376, 20221205100000)
 (3820., 3827., 3813., 3819., 2386., 178302, 20221205101500)
 (3819., 3824., 3808., 3808., 1519., 178716, 20221205104500)
 (3808., 3818., 3802., 3815., 2140., 179795, 20221205110000)
 (3816., 3817., 3810., 3811.,  829., 180131, 20221205111500)
 (3812., 3816., 3797., 3804., 1540., 180746, 20221205113000)
 (3803., 3815., 3803., 3810., 2371., 181367, 20221205134500)
 (3809., 3810., 3782., 3782., 6724., 183825, 20221205140000)
 (3782., 3785., 3774., 3777., 3600., 184474, 20221205141500)
 (3777., 3787., 3776., 3783., 1968., 183979, 20221205143000)
 (3784., 3785., 3768., 3769., 2853., 183930, 20221205144500)
 (3769., 3776., 3761., 3773., 3604., 184525, 20221205150000)]
2022-12-06 15:30:00  INFO  [(3769., 3783., 3760., 3768., 2550., 185244, 20221205211500)
 (3766., 3777., 3766., 3777.,  879., 185228, 20221205213000)
 (3777., 3777., 3760., 3765., 1859., 185741, 20221205214500)
 (3764., 3771., 3764., 3765.,  628., 185962, 20221205220000)
 (3764., 3764., 3753., 3756., 2361., 187115, 20221205221500)
 (3755., 3772., 3755., 3771.,  703., 187264, 20221205223000)
 (3770., 3781., 3769., 3781.,  597., 187438, 20221205224500)
 (3781., 3782., 3768., 3769.,  429., 187372, 20221205230000)
 (3766., 3777., 3760., 3775., 1913., 188004, 20221206091500)
 (3775., 3781., 3771., 3777., 1385., 188326, 20221206093000)
 (3778., 3787., 3778., 3784.,  921., 188697, 20221206094500)
 (3783., 3786., 3769., 3772., 1716., 188808, 20221206100000)
 (3772., 3793., 3772., 3790., 1321., 188464, 20221206101500)
 (3792., 3792., 3778., 3780., 1390., 188230, 20221206104500)
 (3782., 3783., 3770., 3772., 1029., 188310, 20221206110000)
 (3773., 3780., 3768., 3778.,  531., 188422, 20221206111500)
 (3778., 3780., 3763., 3765., 1452., 189217, 20221206113000)
 (3767., 3778., 3764., 3777.,  861., 189545, 20221206134500)
 (3777., 3781., 3772., 3781.,  764., 189485, 20221206140000)
 (3781., 3782., 3770., 3772., 1234., 190029, 20221206141500)
 (3770., 3775., 3769., 3774.,  612., 190257, 20221206143000)
 (3774., 3779., 3772., 3778.,  213., 190184, 20221206144500)
 (3778., 3779., 3770., 3777.,  903., 190512, 20221206150000)]
2022-12-07 15:30:00  INFO  [(3776., 3784., 3774., 3782., 3703., 191569, 20221206211500)
 (3781., 3790., 3778., 3790., 1259., 192327, 20221206213000)
 (3789., 3791., 3772., 3777., 2442., 192137, 20221206214500)
 (3777., 3783., 3774., 3781.,  280., 192071, 20221206220000)
 (3784., 3794., 3781., 3792.,  559., 191958, 20221206221500)
 (3792., 3794., 3788., 3791.,  795., 191821, 20221206223000)
 (3791., 3804., 3790., 3800., 2151., 192851, 20221206224500)
 (3799., 3803., 3792., 3798.,  876., 192703, 20221206230000)
 (3796., 3799., 3789., 3792., 2398., 193550, 20221207091500)
 (3793., 3793., 3774., 3775., 3276., 193631, 20221207093000)
 (3774., 3782., 3774., 3780.,  724., 193698, 20221207094500)
 (3781., 3789., 3779., 3785.,  521., 193752, 20221207100000)
 (3784., 3790., 3782., 3787., 1203., 193567, 20221207101500)
 (3787., 3790., 3778., 3783., 1181., 193334, 20221207104500)
 (3783., 3801., 3783., 3796., 1308., 193061, 20221207110000)
 (3795., 3795., 3774., 3776., 2454., 193719, 20221207111500)
 (3777., 3784., 3775., 3783., 1165., 193775, 20221207113000)
 (3786., 3807., 3781., 3784., 4911., 195850, 20221207134500)
 (3784., 3789., 3766., 3770., 3368., 197429, 20221207140000)
 (3771., 3773., 3756., 3761., 4339., 197986, 20221207141500)
 (3759., 3771., 3758., 3760., 1171., 198172, 20221207143000)
 (3760., 3764., 3745., 3756., 3310., 198665, 20221207144500)
 (3755., 3766., 3755., 3757., 1883., 199212, 20221207150000)]
2022-12-08 15:30:00  INFO  [(3758., 3768., 3753., 3762., 3636., 201222, 20221207211500)
 (3762., 3775., 3760., 3774., 1634., 201392, 20221207213000)
 (3774., 3774., 3759., 3762., 1042., 201614, 20221207214500)
 (3762., 3765., 3758., 3762.,  691., 201901, 20221207220000)
 (3761., 3764., 3756., 3758.,  891., 202393, 20221207221500)
 (3759., 3767., 3759., 3764.,  407., 202476, 20221207223000)
 (3764., 3777., 3763., 3777., 1257., 202097, 20221207224500)
 (3777., 3780., 3771., 3779.,  482., 202152, 20221207230000)
 (3775., 3792., 3775., 3788., 1468., 201893, 20221208091500)
 (3789., 3789., 3778., 3785.,  856., 202100, 20221208093000)
 (3785., 3788., 3781., 3783.,  207., 202114, 20221208094500)
 (3785., 3790., 3784., 3790.,  435., 202040, 20221208100000)
 (3791., 3791., 3780., 3786.,  762., 201835, 20221208101500)
 (3786., 3793., 3783., 3785.,  782., 202014, 20221208104500)
 (3786., 3799., 3786., 3799., 1085., 202088, 20221208110000)
 (3799., 3805., 3793., 3800.,  659., 202230, 20221208111500)
 (3801., 3805., 3790., 3792., 1292., 202741, 20221208113000)
 (3791., 3806., 3786., 3798.,  935., 202790, 20221208134500)
 (3798., 3803., 3795., 3799.,  368., 202762, 20221208140000)
 (3799., 3801., 3792., 3801.,  888., 202807, 20221208141500)
 (3800., 3813., 3799., 3813.,  869., 202703, 20221208143000)
 (3813., 3816., 3800., 3814., 1281., 202771, 20221208144500)
 (3814., 3819., 3809., 3810., 1818., 202803, 20221208150000)]
2022-12-09 15:30:00  INFO  [(3820., 3850., 3820., 3839., 6740., 205890, 20221208211500)
 (3840., 3848., 3840., 3846., 1172., 206007, 20221208213000)
 (3845., 3850., 3840., 3846., 1285., 206058, 20221208214500)
 (3847., 3857., 3841., 3854., 1829., 206586, 20221208220000)
 (3854., 3855., 3837., 3842., 2086., 207272, 20221208221500)
 (3841., 3855., 3841., 3855.,  873., 207468, 20221208223000)
 (3851., 3862., 3850., 3855., 1527., 207936, 20221208224500)
 (3855., 3865., 3853., 3859.,  908., 207812, 20221208230000)
 (3856., 3856., 3848., 3854., 1724., 208070, 20221209091500)
 (3854., 3865., 3851., 3863.,  804., 208341, 20221209093000)
 (3862., 3870., 3860., 3869., 1836., 208583, 20221209094500)
 (3870., 3886., 3863., 3885., 1618., 208287, 20221209100000)
 (3884., 3897., 3883., 3885., 4072., 208733, 20221209101500)
 (3885., 3898., 3884., 3895., 2558., 209039, 20221209104500)
 (3895., 3902., 3894., 3899., 1917., 209372, 20221209110000)
 (3900., 3908., 3893., 3897., 2511., 210620, 20221209111500)
 (3897., 3904., 3891., 3895., 1787., 210821, 20221209113000)
 (3895., 3919., 3890., 3915., 4977., 211889, 20221209134500)
 (3915., 3927., 3913., 3921., 5353., 214236, 20221209140000)
 (3921., 3929., 3910., 3921., 8838., 216978, 20221209141500)
 (3920., 3921., 3895., 3896., 4828., 216222, 20221209143000)
 (3895., 3909., 3892., 3905., 1147., 216112, 20221209144500)
 (3905., 3916., 3900., 3914., 1265., 216044, 20221209150000)]
2022-12-12 15:30:00  INFO  [(3916., 3925., 3909., 3913., 2603., 216782, 20221209211500)
 (3912., 3924., 3911., 3915.,  728., 216810, 20221209213000)
 (3914., 3922., 3906., 3922.,  980., 217173, 20221209214500)
 (3922., 3932., 3921., 3928., 2396., 218323, 20221209220000)
 (3927., 3937., 3927., 3930.,  915., 218391, 20221209221500)
 (3930., 3954., 3928., 3950., 2310., 218973, 20221209223000)
 (3951., 3960., 3948., 3955., 1332., 219150, 20221209224500)
 (3956., 3957., 3944., 3950., 1309., 219142, 20221209230000)
 (3945., 3950., 3903., 3915., 7483., 219239, 20221212091500)
 (3915., 3928., 3914., 3923., 2161., 219136, 20221212093000)
 (3923., 3929., 3917., 3917., 1711., 219597, 20221212094500)
 (3917., 3919., 3909., 3915., 1832., 220174, 20221212100000)
 (3916., 3925., 3912., 3919.,  598., 220320, 20221212101500)
 (3919., 3923., 3913., 3916., 1873., 221636, 20221212104500)
 (3916., 3917., 3896., 3902., 4833., 223665, 20221212110000)
 (3901., 3909., 3896., 3900., 2097., 223779, 20221212111500)
 (3902., 3920., 3900., 3914., 1459., 223755, 20221212113000)
 (3915., 3921., 3913., 3914.,  721., 223829, 20221212134500)
 (3920., 3920., 3909., 3912.,  768., 224106, 20221212140000)
 (3911., 3919., 3909., 3914.,  801., 224258, 20221212141500)
 (3914., 3921., 3908., 3908.,  729., 224411, 20221212143000)
 (3910., 3914., 3903., 3910., 1743., 223261, 20221212144500)
 (3910., 3917., 3907., 3909.,  591., 223196, 20221212150000)]
2022-12-13 15:30:00  INFO  [(3901., 3918., 3889., 3918., 5994., 225078, 20221212211500)
 (3916., 3926., 3913., 3925., 1544., 225383, 20221212213000)
 (3926., 3933., 3923., 3924., 1258., 225491, 20221212214500)
 (3923., 3925., 3911., 3915., 1115., 225321, 20221212220000)
 (3913., 3921., 3913., 3920.,  348., 225319, 20221212221500)
 (3918., 3919., 3913., 3915.,  699., 225159, 20221212223000)
 (3917., 3917., 3905., 3910.,  861., 225251, 20221212224500)
 (3911., 3916., 3907., 3911.,  455., 225350, 20221212230000)
 (3907., 3917., 3901., 3915., 1496., 225672, 20221213091500)
 (3915., 3915., 3904., 3907.,  600., 225832, 20221213093000)
 (3909., 3910., 3895., 3899.,  947., 225894, 20221213094500)
 (3898., 3904., 3890., 3898., 1474., 225788, 20221213100000)
 (3897., 3905., 3896., 3901.,  710., 225827, 20221213101500)
 (3900., 3909., 3898., 3903., 1293., 226047, 20221213104500)
 (3902., 3903., 3890., 3891.,  687., 226165, 20221213110000)
 (3892., 3900., 3885., 3895., 1038., 226149, 20221213111500)
 (3894., 3896., 3886., 3889.,  503., 226153, 20221213113000)
 (3889., 3904., 3886., 3902.,  547., 226061, 20221213134500)
 (3902., 3903., 3891., 3897.,  549., 226081, 20221213140000)
 (3895., 3895., 3883., 3888., 3011., 227947, 20221213141500)
 (3888., 3891., 3883., 3885.,  568., 228112, 20221213143000)
 (3885., 3902., 3884., 3901., 1167., 227962, 20221213144500)
 (3902., 3912., 3898., 3912., 1687., 227625, 20221213150000)]
2022-12-14 15:30:00  INFO  [(3913., 3917., 3905., 3916., 5015., 229932, 20221213211500)
 (3915., 3928., 3913., 3928., 1995., 230017, 20221213213000)
 (3928., 3943., 3913., 3942., 5685., 231101, 20221213214500)
 (3941., 3942., 3929., 3932., 1722., 230697, 20221213220000)
 (3933., 3938., 3927., 3930., 2723., 231810, 20221213221500)
 (3931., 3932., 3901., 3905., 3487., 232410, 20221213223000)
 (3903., 3918., 3903., 3918.,  859., 232430, 20221213224500)
 (3918., 3930., 3914., 3920., 1647., 232743, 20221213230000)
 (3917., 3917., 3904., 3906., 2111., 233124, 20221214091500)
 (3908., 3914., 3906., 3912.,  334., 233132, 20221214093000)
 (3913., 3920., 3908., 3908.,  602., 233360, 20221214094500)
 (3910., 3913., 3903., 3909.,  701., 233590, 20221214100000)
 (3909., 3914., 3905., 3911.,  677., 233858, 20221214101500)
 (3908., 3919., 3906., 3916.,  956., 234125, 20221214104500)
 (3916., 3920., 3912., 3917.,  686., 234398, 20221214110000)
 (3918., 3919., 3910., 3912.,  469., 234664, 20221214111500)
 (3912., 3931., 3912., 3931., 1368., 234912, 20221214113000)
 (3936., 3948., 3932., 3935., 3683., 235857, 20221214134500)
 (3935., 3942., 3933., 3938., 1228., 236015, 20221214140000)
 (3939., 3968., 3939., 3963., 3687., 237237, 20221214141500)
 (3964., 3968., 3957., 3962., 1925., 237436, 20221214143000)
 (3962., 3968., 3955., 3955., 1749., 238125, 20221214144500)
 (3955., 3970., 3955., 3969., 1646., 238706, 20221214150000)]
2022-12-15 15:30:00  INFO  [(3969., 3996., 3969., 3995., 6033., 239914, 20221214211500)
 (3995., 4015., 3995., 4006., 5789., 241612, 20221214213000)
 (4007., 4019., 4004., 4006., 2450., 242176, 20221214214500)
 (4009., 4022., 4006., 4011., 3504., 243354, 20221214220000)
 (4011., 4014., 4000., 4001., 4568., 243882, 20221214221500)
 (4000., 4010., 4000., 4008., 1440., 244487, 20221214223000)
 (4008., 4024., 4006., 4024., 4528., 247501, 20221214224500)
 (4024., 4030., 4015., 4016., 4384., 249298, 20221214230000)
 (4018., 4023., 4008., 4019., 2165., 249615, 20221215091500)
 (4019., 4028., 4012., 4026., 1226., 249939, 20221215093000)
 (4025., 4026., 4008., 4013., 1813., 250349, 20221215094500)
 (4013., 4014., 3994., 3995., 3399., 250593, 20221215100000)
 (3995., 4002., 3988., 3994., 1686., 250779, 20221215101500)
 (3992., 4005., 3991., 4000., 1515., 250632, 20221215104500)
 (4000., 4014., 4000., 4004.,  876., 250762, 20221215110000)
 (4003., 4004., 3986., 3998., 2233., 251830, 20221215111500)
 (3998., 4005., 3996., 4001.,  776., 252020, 20221215113000)
 (4004., 4018., 4002., 4018., 2151., 252292, 20221215134500)
 (4018., 4023., 4010., 4022., 1272., 252339, 20221215140000)
 (4022., 4032., 4019., 4027., 1935., 252693, 20221215141500)
 (4028., 4047., 4026., 4047., 3371., 253747, 20221215143000)
 (4047., 4059., 4043., 4058., 3471., 253922, 20221215144500)
 (4058., 4060., 4048., 4060., 3323., 253893, 20221215150000)]
2022-12-16 15:30:00  INFO  [(4068., 4095., 4061., 4090.,  6289., 255824, 20221215211500)
 (4090., 4102., 4085., 4094.,  6494., 258917, 20221215213000)
 (4095., 4102., 4090., 4091.,  2774., 259878, 20221215214500)
 (4091., 4108., 4090., 4107.,  3938., 259874, 20221215220000)
 (4108., 4124., 4105., 4118.,  3300., 259944, 20221215221500)
 (4119., 4123., 4113., 4121.,  1535., 260047, 20221215223000)
 (4122., 4122., 4100., 4106.,  2080., 259973, 20221215224500)
 (4106., 4123., 4105., 4112.,  1596., 259899, 20221215230000)
 (4105., 4105., 4034., 4057., 10438., 259374, 20221216091500)
 (4056., 4069., 4050., 4062.,  3026., 260430, 20221216093000)
 (4062., 4067., 4050., 4053.,  3144., 260890, 20221216094500)
 (4054., 4055., 4042., 4049.,  3051., 260693, 20221216100000)
 (4050., 4059., 4040., 4050.,  1867., 260587, 20221216101500)
 (4048., 4057., 4043., 4050.,  1632., 260683, 20221216104500)
 (4050., 4053., 4038., 4040.,  2129., 261479, 20221216110000)
 (4040., 4042., 4010., 4017.,  6174., 261213, 20221216111500)
 (4017., 4024., 3973., 3975.,  6846., 262068, 20221216113000)
 (3972., 3999., 3964., 3994., 11216., 264765, 20221216134500)
 (3994., 4003., 3991., 4001.,  3033., 265572, 20221216140000)
 (4001., 4025., 3998., 4020.,  3548., 266880, 20221216141500)
 (4021., 4026., 4013., 4014.,  1339., 267196, 20221216143000)
 (4015., 4015., 4002., 4015.,  2054., 268000, 20221216144500)
 (4015., 4039., 4013., 4037.,  4298., 268308, 20221216150000)]
2022-12-19 15:30:00  INFO  [(4022., 4026., 3986., 3990., 7387., 267022, 20221216211500)
 (3990., 3995., 3970., 3983., 5509., 266090, 20221216213000)
 (3983., 3984., 3940., 3947., 8181., 264637, 20221216214500)
 (3947., 3955., 3926., 3927., 6956., 264142, 20221216220000)
 (3928., 3932., 3911., 3915., 7141., 263242, 20221216221500)
 (3917., 3950., 3917., 3935., 3596., 262852, 20221216223000)
 (3935., 3944., 3929., 3936., 1603., 263186, 20221216224500)
 (3935., 3939., 3928., 3930., 3141., 263293, 20221216230000)
 (3940., 3953., 3929., 3948., 5654., 264452, 20221219091500)
 (3947., 3965., 3946., 3961., 2544., 264479, 20221219093000)
 (3961., 3976., 3958., 3967., 3139., 264842, 20221219094500)
 (3968., 3970., 3949., 3958., 1484., 265055, 20221219100000)
 (3956., 3971., 3950., 3964.,  594., 265069, 20221219101500)
 (3965., 3965., 3936., 3937., 1747., 265204, 20221219104500)
 (3936., 3940., 3922., 3927., 2856., 266059, 20221219110000)
 (3926., 3950., 3925., 3937., 1421., 265815, 20221219111500)
 (3937., 3940., 3929., 3935.,  529., 265810, 20221219113000)
 (3930., 3942., 3925., 3929., 1491., 265908, 20221219134500)
 (3929., 3942., 3929., 3936., 1144., 265485, 20221219140000)
 (3934., 3939., 3930., 3932., 1785., 265138, 20221219141500)
 (3932., 3935., 3910., 3914., 2638., 265905, 20221219143000)
 (3912., 3914., 3902., 3906., 4280., 266357, 20221219144500)
 (3906., 3916., 3905., 3910., 2420., 266724, 20221219150000)]
2022-12-20 15:30:00  INFO  [(3900., 3915., 3885., 3900., 5339., 268330, 20221219211500)
 (3900., 3921., 3898., 3915., 2978., 268353, 20221219213000)
 (3915., 3920., 3906., 3915., 1492., 268516, 20221219214500)
 (3916., 3916., 3907., 3909.,  869., 268781, 20221219220000)
 (3908., 3916., 3903., 3907.,  650., 268853, 20221219221500)
 (3909., 3910., 3900., 3903., 1068., 269305, 20221219223000)
 (3902., 3910., 3898., 3910.,  773., 269390, 20221219224500)
 (3910., 3914., 3904., 3912.,  693., 269314, 20221219230000)
 (3914., 3923., 3904., 3922., 2008., 269386, 20221220091500)
 (3921., 3939., 3919., 3922., 1971., 269805, 20221220093000)
 (3923., 3944., 3923., 3944., 1330., 269411, 20221220094500)
 (3944., 3950., 3936., 3949., 2444., 269101, 20221220100000)
 (3948., 3948., 3925., 3930., 1084., 269227, 20221220101500)
 (3928., 3942., 3924., 3931., 1499., 269234, 20221220104500)
 (3931., 3944., 3929., 3942.,  882., 268899, 20221220110000)
 (3942., 3945., 3929., 3932.,  650., 268911, 20221220111500)
 (3931., 3935., 3922., 3931.,  640., 268771, 20221220113000)
 (3926., 3926., 3898., 3910., 2203., 268666, 20221220134500)
 (3910., 3912., 3899., 3903.,  841., 268788, 20221220140000)
 (3902., 3920., 3900., 3913., 1338., 268888, 20221220141500)
 (3910., 3918., 3907., 3918.,  877., 268914, 20221220143000)
 (3917., 3938., 3915., 3938., 3004., 268263, 20221220144500)
 (3937., 3938., 3919., 3922., 1927., 268160, 20221220150000)]
2022-12-21 15:30:00  INFO  [(3954., 3954., 3921., 3922., 2829., 268079, 20221220211500)
 (3921., 3938., 3921., 3933., 1099., 267881, 20221220213000)
 (3933., 3936., 3923., 3925., 1182., 267955, 20221220214500)
 (3924., 3935., 3922., 3932., 1488., 267600, 20221220220000)
 (3933., 3937., 3926., 3929.,  954., 267357, 20221220221500)
 (3929., 3931., 3912., 3917.,  640., 267277, 20221220223000)
 (3917., 3928., 3917., 3927.,  821., 267399, 20221220224500)
 (3929., 3934., 3926., 3931.,  880., 267515, 20221220230000)
 (3931., 3942., 3924., 3941., 3000., 268801, 20221221091500)
 (3942., 3960., 3939., 3956., 3535., 268951, 20221221093000)
 (3956., 3975., 3953., 3965., 3106., 269117, 20221221094500)
 (3966., 3967., 3956., 3962., 1096., 269222, 20221221100000)
 (3962., 3971., 3952., 3971., 1218., 269380, 20221221101500)
 (3972., 3978., 3963., 3972., 2958., 269265, 20221221104500)
 (3973., 3979., 3966., 3974., 1338., 269502, 20221221110000)
 (3973., 3974., 3960., 3961.,  842., 269555, 20221221111500)
 (3963., 3970., 3958., 3959., 1982., 269601, 20221221113000)
 (3954., 3972., 3952., 3971., 1643., 269932, 20221221134500)
 (3972., 3976., 3969., 3973.,  666., 269892, 20221221140000)
 (3973., 3977., 3966., 3972.,  785., 269983, 20221221141500)
 (3971., 3996., 3969., 3994., 2066., 270074, 20221221143000)
 (3995., 4017., 3991., 4015., 4738., 271197, 20221221144500)
 (4017., 4020., 4007., 4016., 4841., 270477, 20221221150000)]
2022-12-22 15:30:00  INFO  [(4027., 4030., 4018., 4023., 5790., 271331, 20221221211500)
 (4023., 4026., 3995., 3997., 4409., 271755, 20221221213000)
 (3998., 4016., 3998., 4012., 2245., 271759, 20221221214500)
 (4012., 4022., 4012., 4022.,  823., 271694, 20221221220000)
 (4022., 4023., 4008., 4009., 1029., 271667, 20221221221500)
 (4010., 4012., 4003., 4009.,  557., 271605, 20221221223000)
 (4010., 4010., 4001., 4003.,  320., 271571, 20221221224500)
 (4003., 4008., 4000., 4002.,  369., 271467, 20221221230000)
 (4006., 4012., 4000., 4009., 1081., 271419, 20221222091500)
 (4009., 4009., 3994., 4001., 1979., 271857, 20221222093000)
 (4000., 4003., 3983., 3988., 1710., 271872, 20221222094500)
 (3988., 3998., 3987., 3997.,  729., 272044, 20221222100000)
 (3996., 4005., 3983., 3992., 1739., 272469, 20221222101500)
 (3993., 3997., 3989., 3992.,  695., 272573, 20221222104500)
 (3993., 4003., 3966., 3969., 4789., 272831, 20221222110000)
 (3969., 3975., 3962., 3963., 3273., 273038, 20221222111500)
 (3962., 3966., 3950., 3954., 2873., 273260, 20221222113000)
 (3950., 3975., 3950., 3965., 2370., 273045, 20221222134500)
 (3965., 3971., 3963., 3968., 1271., 273547, 20221222140000)
 (3966., 3966., 3955., 3960., 1679., 274151, 20221222141500)
 (3959., 3968., 3957., 3964., 1763., 275044, 20221222143000)
 (3963., 3965., 3945., 3946., 2444., 276017, 20221222144500)
 (3946., 3949., 3937., 3947., 6660., 272897, 20221222150000)]
2022-12-23 15:30:00  INFO  [(3937., 3966., 3937., 3952., 4368., 272812, 20221222211500)
 (3952., 3954., 3933., 3934., 3566., 272435, 20221222213000)
 (3934., 3938., 3924., 3931., 1670., 272280, 20221222214500)
 (3932., 3939., 3931., 3936.,  651., 272234, 20221222220000)
 (3935., 3949., 3933., 3940., 1079., 272213, 20221222221500)
 (3940., 3941., 3934., 3940.,  458., 272107, 20221222223000)
 (3936., 3936., 3926., 3929.,  647., 271917, 20221222224500)
 (3928., 3940., 3920., 3937., 1856., 271136, 20221222230000)
 (3937., 3955., 3933., 3947., 1889., 271313, 20221223091500)
 (3946., 3961., 3945., 3960., 2912., 270185, 20221223093000)
 (3959., 3966., 3957., 3958.,  997., 270245, 20221223094500)
 (3959., 3972., 3955., 3971., 1008., 270214, 20221223100000)
 (3971., 3983., 3968., 3971., 2081., 270210, 20221223101500)
 (3971., 3992., 3964., 3992., 2559., 270900, 20221223104500)
 (3993., 3998., 3984., 3989., 2554., 271122, 20221223110000)
 (3988., 3998., 3988., 3996., 1027., 271202, 20221223111500)
 (3997., 3998., 3986., 3990., 1101., 271042, 20221223113000)
 (3984., 3989., 3972., 3983., 2115., 270746, 20221223134500)
 (3982., 3982., 3971., 3976.,  841., 270687, 20221223140000)
 (3977., 3990., 3977., 3988., 1217., 270853, 20221223141500)
 (3989., 3993., 3966., 3969., 1633., 271119, 20221223143000)
 (3969., 3984., 3965., 3983.,  773., 271113, 20221223144500)
 (3983., 3992., 3983., 3989., 1939., 270922, 20221223150000)]
2022-12-26 15:30:00  INFO  [(3989., 3995., 3977., 3980., 3471., 269919, 20221223211500)
 (3980., 3987., 3973., 3984., 1486., 270337, 20221223213000)
 (3985., 3989., 3981., 3985.,  590., 270324, 20221223214500)
 (3987., 3991., 3979., 3982.,  665., 270496, 20221223220000)
 (3981., 3983., 3973., 3975.,  711., 270613, 20221223221500)
 (3974., 3981., 3970., 3976., 1406., 270265, 20221223223000)
 (3974., 3996., 3974., 3995., 1488., 270112, 20221223224500)
 (3996., 3997., 3948., 3962., 3146., 270510, 20221223230000)
 (3961., 3963., 3930., 3931., 6425., 271697, 20221226091500)
 (3930., 3945., 3928., 3944., 2007., 272025, 20221226093000)
 (3942., 3956., 3940., 3947., 2495., 272824, 20221226094500)
 (3946., 3949., 3937., 3943., 2319., 273168, 20221226100000)
 (3943., 3952., 3939., 3949.,  851., 273168, 20221226101500)
 (3949., 3959., 3944., 3957., 1186., 273423, 20221226104500)
 (3958., 3981., 3953., 3979., 4069., 273410, 20221226110000)
 (3979., 3980., 3970., 3976., 1193., 273351, 20221226111500)
 (3978., 4000., 3975., 3995., 3002., 272991, 20221226113000)
 (3997., 4001., 3984., 3992., 2635., 273246, 20221226134500)
 (3993., 3996., 3986., 3994., 2487., 271609, 20221226140000)
 (3994., 3995., 3987., 3992.,  511., 271529, 20221226141500)
 (3993., 3999., 3991., 3998.,  736., 271768, 20221226143000)
 (3998., 3999., 3980., 3987., 1666., 271727, 20221226144500)
 (3988., 3995., 3981., 3988., 1159., 271346, 20221226150000)]
2022-12-27 15:30:00  INFO  [(3983., 3997., 3983., 3990., 6005., 270146, 20221226211500)
 (3990., 3995., 3987., 3993.,  920., 270368, 20221226213000)
 (3993., 4020., 3987., 3987., 3081., 270478, 20221226214500)
 (3986., 3997., 3981., 3996., 1155., 270477, 20221226220000)
 (3996., 4014., 3994., 4010., 2227., 270921, 20221226221500)
 (4011., 4012., 3998., 4000.,  604., 270897, 20221226223000)
 (4001., 4009., 3997., 4004.,  600., 270903, 20221226224500)
 (4004., 4010., 3990., 4005.,  870., 270836, 20221226230000)
 (4008., 4028., 4006., 4026., 3390., 271067, 20221227091500)
 (4028., 4044., 4026., 4043., 5890., 272212, 20221227093000)
 (4043., 4048., 4036., 4046., 2819., 272703, 20221227094500)
 (4046., 4050., 4041., 4050., 2193., 273421, 20221227100000)
 (4050., 4062., 4044., 4050., 3491., 273936, 20221227101500)
 (4049., 4054., 4043., 4047., 1308., 274112, 20221227104500)
 (4049., 4057., 4046., 4055., 1380., 274532, 20221227110000)
 (4056., 4057., 4036., 4047., 1659., 274815, 20221227111500)
 (4048., 4048., 4039., 4044.,  819., 275016, 20221227113000)
 (4049., 4052., 4038., 4046., 1360., 275123, 20221227134500)
 (4046., 4048., 4041., 4048., 1545., 275319, 20221227140000)
 (4048., 4048., 4041., 4045.,  836., 275215, 20221227141500)
 (4044., 4044., 4031., 4040., 1279., 274949, 20221227143000)
 (4041., 4051., 4039., 4050.,  968., 275006, 20221227144500)
 (4050., 4050., 4037., 4046., 3782., 275963, 20221227150000)]
2022-12-28 15:30:00  INFO  [(4056., 4056., 4034., 4049., 3374., 275970, 20221227211500)
 (4048., 4056., 4045., 4052.,  775., 275868, 20221227213000)
 (4051., 4054., 4043., 4045.,  721., 275858, 20221227214500)
 (4045., 4049., 4043., 4047.,  476., 275871, 20221227220000)
 (4046., 4051., 4044., 4045.,  617., 275857, 20221227221500)
 (4045., 4046., 4036., 4039., 1340., 275743, 20221227223000)
 (4040., 4042., 4001., 4025., 5376., 275653, 20221227224500)
 (4024., 4024., 4002., 4007., 2649., 274940, 20221227230000)
 (4007., 4026., 3997., 4024., 5150., 275045, 20221228091500)
 (4023., 4023., 4010., 4011., 1350., 275145, 20221228093000)
 (4010., 4020., 4008., 4008., 1188., 275241, 20221228094500)
 (4009., 4020., 4008., 4020.,  937., 275354, 20221228100000)
 (4019., 4027., 4014., 4027., 1771., 275760, 20221228101500)
 (4026., 4038., 4024., 4033., 1819., 275796, 20221228104500)
 (4033., 4035., 4020., 4027., 1124., 275836, 20221228110000)
 (4026., 4035., 4022., 4035.,  508., 275733, 20221228111500)
 (4035., 4037., 4026., 4034.,  539., 275685, 20221228113000)
 (4030., 4036., 4025., 4035.,  745., 275648, 20221228134500)
 (4033., 4037., 4024., 4025.,  828., 275491, 20221228140000)
 (4024., 4030., 4020., 4028., 1365., 275479, 20221228141500)
 (4028., 4037., 4025., 4034., 1041., 275453, 20221228143000)
 (4035., 4040., 4031., 4038., 1296., 275575, 20221228144500)
 (4039., 4045., 4030., 4032., 1852., 275271, 20221228150000)]
2022-12-29 15:30:00  INFO  [(4033., 4051., 4026., 4029., 5782., 277335, 20221228211500)
 (4028., 4032., 4013., 4019., 2991., 277142, 20221228213000)
 (4018., 4018., 3985., 3997., 6830., 278400, 20221228214500)
 (3997., 4007., 3993., 3996., 1188., 278577, 20221228220000)
 (3995., 4007., 3994., 4002.,  638., 278615, 20221228221500)
 (4004., 4011., 4001., 4004.,  628., 278503, 20221228223000)
 (4004., 4005., 3996., 3997.,  895., 278487, 20221228224500)
 (3998., 4005., 3992., 4000., 1135., 278368, 20221228230000)
 (4000., 4009., 3996., 4007., 1870., 278619, 20221229091500)
 (4008., 4008., 4002., 4007.,  877., 278593, 20221229093000)
 (4007., 4014., 4001., 4001., 1074., 278808, 20221229094500)
 (4001., 4004., 3996., 4003., 1115., 279180, 20221229100000)
 (4002., 4006., 3999., 4002.,  245., 279217, 20221229101500)
 (4001., 4004., 3991., 4001.,  978., 279361, 20221229104500)
 (4002., 4014., 4002., 4012., 1257., 279360, 20221229110000)
 (4013., 4024., 4010., 4019., 2236., 278650, 20221229111500)
 (4020., 4041., 4017., 4034., 1814., 278425, 20221229113000)
 (4031., 4031., 4009., 4021., 2282., 278220, 20221229134500)
 (4021., 4032., 4020., 4032., 1277., 278107, 20221229140000)
 (4031., 4035., 4025., 4029.,  820., 277867, 20221229141500)
 (4030., 4035., 4020., 4029., 1384., 278024, 20221229143000)
 (4029., 4038., 4029., 4032., 1915., 278553, 20221229144500)
 (4032., 4033., 4025., 4029., 1440., 278477, 20221229150000)]
2022-12-30 15:30:00  INFO  [(4029., 4055., 4029., 4045., 7047., 279883, 20221229211500)
 (4045., 4047., 4033., 4039., 2148., 279315, 20221229213000)
 (4038., 4050., 4036., 4048., 1475., 279118, 20221229214500)
 (4049., 4051., 4044., 4050., 1415., 279194, 20221229220000)
 (4051., 4053., 4038., 4045., 1326., 279047, 20221229221500)
 (4046., 4049., 4043., 4047., 1584., 279641, 20221229223000)
 (4048., 4075., 4047., 4073., 3792., 279971, 20221229224500)
 (4073., 4091., 4047., 4053., 6896., 280303, 20221229230000)
 (4053., 4073., 4051., 4072., 4518., 281082, 20221230091500)
 (4070., 4084., 4067., 4084., 2397., 281140, 20221230093000)
 (4082., 4083., 4071., 4074., 2659., 281089, 20221230094500)
 (4074., 4075., 4066., 4070., 2629., 280391, 20221230100000)
 (4071., 4080., 4063., 4072., 2084., 280275, 20221230101500)
 (4072., 4080., 4071., 4078.,  589., 280277, 20221230104500)
 (4077., 4083., 4072., 4075., 1281., 280285, 20221230110000)
 (4077., 4080., 4070., 4080., 2055., 281069, 20221230111500)
 (4080., 4097., 4078., 4093., 3702., 281572, 20221230113000)
 (4092., 4104., 4084., 4095., 4846., 282273, 20221230134500)
 (4094., 4102., 4092., 4102., 1435., 282403, 20221230140000)
 (4100., 4107., 4095., 4103., 2562., 282485, 20221230141500)
 (4103., 4104., 4090., 4093., 1087., 282392, 20221230143000)
 (4094., 4105., 4085., 4089., 1459., 282584, 20221230144500)
 (4090., 4091., 4077., 4085., 3512., 282227, 20221230150000)]
2023-01-03 15:30:00  INFO  [(4077., 4080., 4070., 4080.,  2055., 281069, 20221230111500)
 (4080., 4097., 4078., 4093.,  3702., 281572, 20221230113000)
 (4092., 4104., 4084., 4095.,  4846., 282273, 20221230134500)
 (4094., 4102., 4092., 4102.,  1435., 282403, 20221230140000)
 (4100., 4107., 4095., 4103.,  2562., 282485, 20221230141500)
 (4103., 4104., 4090., 4093.,  1087., 282392, 20221230143000)
 (4094., 4105., 4085., 4089.,  1459., 282584, 20221230144500)
 (4090., 4091., 4077., 4085.,  3512., 282227, 20221230150000)
 (4077., 4077., 4004., 4013., 13425., 282719, 20230103091500)
 (4012., 4021., 4002., 4020.,  6332., 282729, 20230103093000)
 (4021., 4033., 4019., 4025.,  3877., 282467, 20230103094500)
 (4025., 4029., 4016., 4019.,  1599., 282431, 20230103100000)
 (4021., 4037., 4021., 4027.,  4177., 282489, 20230103101500)
 (4031., 4034., 4026., 4028.,  1641., 282651, 20230103104500)
 (4027., 4028., 4020., 4023.,  2824., 282216, 20230103110000)
 (4025., 4030., 4019., 4026.,   857., 282220, 20230103111500)
 (4026., 4033., 4021., 4033.,  2313., 282736, 20230103113000)
 (4034., 4046., 4026., 4043.,  5000., 280910, 20230103134500)
 (4044., 4045., 4037., 4038.,   730., 280885, 20230103140000)
 (4039., 4046., 4036., 4042.,   985., 280739, 20230103141500)
 (4044., 4052., 4041., 4050.,  1768., 280910, 20230103143000)
 (4050., 4050., 4040., 4043.,  1249., 280589, 20230103144500)
 (4042., 4043., 4031., 4040.,  3876., 281196, 20230103150000)]
2023-01-04 15:30:00  INFO  [(4030., 4048., 4030., 4046., 2644., 281122, 20230103211500)
 (4045., 4055., 4044., 4052., 1904., 281005, 20230103213000)
 (4053., 4056., 4048., 4052., 1353., 281391, 20230103214500)
 (4052., 4054., 4043., 4050.,  697., 281538, 20230103220000)
 (4050., 4053., 4045., 4048.,  784., 281535, 20230103221500)
 (4048., 4053., 4046., 4047.,  695., 281602, 20230103223000)
 (4047., 4049., 4045., 4049.,  319., 281694, 20230103224500)
 (4048., 4050., 4033., 4033., 1317., 281684, 20230103230000)
 (4030., 4045., 4027., 4043., 2113., 281520, 20230104091500)
 (4042., 4042., 4015., 4016., 2863., 281265, 20230104093000)
 (4015., 4021., 4011., 4015., 4415., 281479, 20230104094500)
 (4014., 4029., 4012., 4028., 1894., 281314, 20230104100000)
 (4028., 4035., 4026., 4031., 1458., 280894, 20230104101500)
 (4032., 4034., 4022., 4034., 1320., 280985, 20230104104500)
 (4033., 4033., 4002., 4003., 4998., 281457, 20230104110000)
 (4003., 4012., 3995., 3997., 4194., 281896, 20230104111500)
 (3997., 4002., 3985., 3993., 6467., 283055, 20230104113000)
 (3995., 4006., 3986., 3997., 2529., 283094, 20230104134500)
 (3998., 4001., 3993., 3993., 1438., 282831, 20230104140000)
 (3992., 3999., 3986., 3991., 2107., 282445, 20230104141500)
 (3991., 3998., 3988., 3993.,  926., 282330, 20230104143000)
 (3994., 4000., 3989., 3995., 1121., 282287, 20230104144500)
 (3998., 4002., 3994., 3999., 2014., 282318, 20230104150000)]
2023-01-05 15:30:00  INFO  [(3989., 3989., 3958., 3963., 14768., 282667, 20230104211500)
 (3962., 3986., 3960., 3983.,  3201., 282505, 20230104213000)
 (3983., 3988., 3975., 3979.,  1384., 282355, 20230104214500)
 (3980., 3985., 3976., 3978.,  1339., 281929, 20230104220000)
 (3978., 3981., 3975., 3978.,   583., 281788, 20230104221500)
 (3978., 3980., 3972., 3974.,   855., 281443, 20230104223000)
 (3973., 3979., 3965., 3974.,   945., 281158, 20230104224500)
 (3974., 3976., 3964., 3968.,  2298., 280352, 20230104230000)
 (3968., 3971., 3937., 3940., 11916., 279925, 20230105091500)
 (3939., 3955., 3932., 3946.,  6060., 280629, 20230105093000)
 (3946., 3965., 3944., 3965.,  4099., 278962, 20230105094500)
 (3965., 3971., 3963., 3971.,  1668., 278390, 20230105100000)
 (3970., 3972., 3961., 3968.,  1790., 278177, 20230105101500)
 (3968., 3970., 3961., 3968.,   798., 278017, 20230105104500)
 (3965., 3967., 3959., 3961.,  1745., 277880, 20230105110000)
 (3961., 3962., 3946., 3947.,  3883., 277448, 20230105111500)
 (3948., 3951., 3935., 3935.,  3273., 276926, 20230105113000)
 (3940., 3960., 3932., 3954.,  3231., 276206, 20230105134500)
 (3954., 3972., 3951., 3971.,  4429., 274546, 20230105140000)
 (3971., 3975., 3967., 3973.,  3437., 273288, 20230105141500)
 (3972., 3974., 3965., 3970.,   649., 273214, 20230105143000)
 (3970., 3970., 3959., 3965.,  1333., 272867, 20230105144500)
 (3965., 3972., 3957., 3968.,  1395., 272951, 20230105150000)]
2023-01-06 15:30:00  INFO  [(3977., 4009., 3977., 3994., 10685., 269660, 20230105211500)
 (3995., 4001., 3991., 3999.,  3217., 268723, 20230105213000)
 (3999., 4003., 3986., 3990.,  1038., 268440, 20230105214500)
 (3990., 3995., 3983., 3989.,   838., 268437, 20230105220000)
 (3989., 3992., 3981., 3986.,   697., 268527, 20230105221500)
 (3986., 3994., 3982., 3992.,   893., 268574, 20230105223000)
 (3992., 4000., 3986., 3989.,  1601., 268475, 20230105224500)
 (3988., 3994., 3985., 3992.,  1345., 267981, 20230105230000)
 (3992., 4017., 3992., 4015.,  5841., 268058, 20230106091500)
 (4015., 4016., 4002., 4003.,  1849., 268094, 20230106093000)
 (4003., 4006., 3996., 4006.,  1793., 267692, 20230106094500)
 (4006., 4009., 4001., 4008.,   684., 267717, 20230106100000)
 (4008., 4021., 4007., 4021.,  3375., 267531, 20230106101500)
 (4021., 4036., 4020., 4035.,  7205., 269959, 20230106104500)
 (4035., 4045., 4034., 4045.,  3790., 270166, 20230106110000)
 (4045., 4050., 4039., 4047.,  4610., 271144, 20230106111500)
 (4048., 4061., 4043., 4059.,  4707., 271706, 20230106113000)
 (4055., 4059., 4042., 4057.,  4552., 272110, 20230106134500)
 (4056., 4060., 4044., 4044.,  1976., 272445, 20230106140000)
 (4046., 4054., 4041., 4051.,  1156., 272605, 20230106141500)
 (4051., 4052., 4043., 4048.,  1518., 272549, 20230106143000)
 (4049., 4066., 4049., 4064.,  1693., 272503, 20230106144500)
 (4064., 4070., 4048., 4057.,  2470., 272561, 20230106150000)]
2023-01-09 15:30:00  INFO  [(4061., 4062., 4028., 4060., 9889., 273905, 20230106211500)
 (4058., 4060., 4042., 4043., 4138., 273475, 20230106213000)
 (4043., 4058., 4043., 4057., 2097., 273010, 20230106214500)
 (4058., 4081., 4058., 4075., 4855., 272763, 20230106220000)
 (4075., 4088., 4074., 4081., 3302., 272543, 20230106221500)
 (4081., 4083., 4066., 4071., 2239., 272354, 20230106223000)
 (4072., 4075., 4034., 4038., 3759., 271963, 20230106224500)
 (4038., 4052., 4028., 4034., 3464., 271802, 20230106230000)
 (4044., 4058., 4038., 4043., 6284., 273484, 20230109091500)
 (4042., 4054., 4037., 4039., 4564., 274634, 20230109093000)
 (4040., 4044., 4034., 4040.,  883., 274614, 20230109094500)
 (4041., 4047., 4037., 4041.,  736., 274714, 20230109100000)
 (4040., 4051., 4039., 4043., 1010., 274817, 20230109101500)
 (4041., 4048., 4038., 4042.,  751., 274906, 20230109104500)
 (4040., 4043., 4035., 4039.,  796., 274779, 20230109110000)
 (4040., 4040., 4029., 4029., 2161., 274824, 20230109111500)
 (4029., 4039., 4022., 4037., 2243., 274433, 20230109113000)
 (4040., 4046., 4037., 4042., 3179., 273022, 20230109134500)
 (4041., 4049., 4039., 4039., 1114., 272970, 20230109140000)
 (4038., 4042., 4036., 4039.,  577., 273056, 20230109141500)
 (4037., 4040., 4033., 4037.,  531., 273089, 20230109143000)
 (4035., 4038., 4031., 4034.,  571., 273111, 20230109144500)
 (4031., 4041., 4031., 4039., 2193., 273446, 20230109150000)]
2023-01-10 15:30:00  INFO  [(4058., 4062., 4044., 4051., 3913., 272993, 20230109211500)
 (4052., 4062., 4052., 4052., 1528., 273070, 20230109213000)
 (4053., 4056., 4045., 4047.,  834., 272954, 20230109214500)
 (4046., 4050., 4043., 4047.,  612., 272913, 20230109220000)
 (4049., 4052., 4047., 4052.,  292., 272912, 20230109221500)
 (4051., 4053., 4044., 4050., 2483., 271704, 20230109223000)
 (4050., 4051., 4046., 4049., 1041., 271533, 20230109224500)
 (4047., 4055., 4046., 4054.,  891., 271497, 20230109230000)
 (4050., 4052., 4037., 4047., 2724., 271058, 20230110091500)
 (4047., 4048., 4041., 4043.,  624., 270892, 20230110093000)
 (4042., 4043., 4036., 4041.,  664., 271039, 20230110094500)
 (4041., 4047., 4040., 4046.,  707., 271078, 20230110100000)
 (4047., 4049., 4041., 4044.,  271., 271084, 20230110101500)
 (4040., 4045., 4036., 4040., 1295., 271327, 20230110104500)
 (4040., 4053., 4039., 4051., 2347., 271608, 20230110110000)
 (4051., 4068., 4050., 4066., 2301., 271739, 20230110111500)
 (4068., 4068., 4052., 4052., 2356., 271452, 20230110113000)
 (4053., 4070., 4053., 4066., 1942., 271627, 20230110134500)
 (4067., 4068., 4049., 4052., 1729., 271288, 20230110140000)
 (4051., 4060., 4049., 4056., 1068., 270989, 20230110141500)
 (4057., 4073., 4057., 4072., 1426., 271141, 20230110143000)
 (4071., 4077., 4065., 4074., 3121., 272145, 20230110144500)
 (4074., 4075., 4066., 4067., 1527., 272166, 20230110150000)]
2023-01-11 15:30:00  INFO  [(4062., 4071., 4054., 4061., 6451., 271700, 20230110211500)
 (4061., 4062., 4051., 4056., 1414., 272005, 20230110213000)
 (4056., 4063., 4055., 4061.,  714., 272168, 20230110214500)
 (4060., 4063., 4055., 4059., 1092., 272046, 20230110220000)
 (4058., 4067., 4054., 4058.,  949., 272048, 20230110221500)
 (4060., 4063., 4060., 4061.,  399., 272017, 20230110223000)
 (4061., 4067., 4057., 4065.,  615., 272163, 20230110224500)
 (4066., 4069., 4064., 4064.,  864., 271896, 20230110230000)
 (4065., 4083., 4062., 4078., 3416., 272791, 20230111091500)
 (4079., 4095., 4076., 4087., 2731., 273192, 20230111093000)
 (4088., 4095., 4085., 4094., 1783., 273221, 20230111094500)
 (4094., 4095., 4084., 4094., 2439., 272296, 20230111100000)
 (4094., 4095., 4088., 4095., 1597., 272284, 20230111101500)
 (4092., 4097., 4084., 4086., 2233., 272839, 20230111104500)
 (4087., 4096., 4081., 4093., 2130., 273076, 20230111110000)
 (4093., 4095., 4088., 4092.,  942., 273312, 20230111111500)
 (4092., 4114., 4087., 4109., 4395., 273169, 20230111113000)
 (4106., 4114., 4105., 4108., 2947., 272914, 20230111134500)
 (4108., 4108., 4098., 4105., 2045., 272727, 20230111140000)
 (4104., 4110., 4100., 4108., 1519., 272932, 20230111141500)
 (4108., 4114., 4106., 4113., 1273., 273306, 20230111143000)
 (4113., 4120., 4112., 4112., 3064., 273223, 20230111144500)
 (4114., 4119., 4108., 4110., 2455., 272734, 20230111150000)]
2023-01-12 15:30:00  INFO  [(4107., 4110., 4090., 4100., 4533., 272321, 20230111211500)
 (4099., 4104., 4093., 4095., 2042., 272184, 20230111213000)
 (4093., 4100., 4088., 4096., 1496., 272505, 20230111214500)
 (4096., 4099., 4092., 4093., 1573., 273332, 20230111220000)
 (4092., 4095., 4090., 4095.,  613., 273270, 20230111221500)
 (4093., 4096., 4090., 4091.,  924., 273604, 20230111223000)
 (4090., 4092., 4046., 4058., 6877., 274411, 20230111224500)
 (4057., 4074., 4056., 4066., 4510., 275756, 20230111230000)
 (4066., 4073., 4065., 4071., 1217., 275743, 20230112091500)
 (4070., 4086., 4069., 4073., 2408., 276134, 20230112093000)
 (4072., 4083., 4069., 4071.,  866., 276353, 20230112094500)
 (4071., 4078., 4070., 4074.,  775., 276689, 20230112100000)
 (4074., 4078., 4065., 4068., 1408., 277329, 20230112101500)
 (4070., 4082., 4068., 4076., 1812., 277399, 20230112104500)
 (4077., 4077., 4066., 4067., 1049., 278054, 20230112110000)
 (4067., 4071., 4063., 4067., 1365., 278350, 20230112111500)
 (4068., 4076., 4064., 4074.,  895., 278428, 20230112113000)
 (4070., 4098., 4070., 4097., 2998., 278643, 20230112134500)
 (4096., 4097., 4085., 4085., 1795., 278559, 20230112140000)
 (4087., 4093., 4086., 4092.,  885., 278363, 20230112141500)
 (4093., 4098., 4089., 4097., 1940., 278513, 20230112143000)
 (4096., 4099., 4089., 4093.,  632., 278522, 20230112144500)
 (4092., 4093., 4080., 4089., 1111., 278315, 20230112150000)]
2023-01-13 15:30:00  INFO  [(4082., 4106., 4082., 4095., 3097., 278449, 20230112211500)
 (4096., 4102., 4090., 4100.,  549., 278493, 20230112213000)
 (4099., 4105., 4096., 4098., 1328., 278871, 20230112214500)
 (4099., 4102., 4095., 4100., 1160., 278426, 20230112220000)
 (4099., 4102., 4094., 4095.,  422., 278439, 20230112221500)
 (4094., 4098., 4070., 4074., 3142., 278405, 20230112223000)
 (4074., 4081., 4068., 4068., 1875., 278575, 20230112224500)
 (4067., 4084., 4067., 4077., 2557., 278925, 20230112230000)
 (4076., 4092., 4076., 4091., 1389., 279050, 20230113091500)
 (4092., 4098., 4089., 4097., 1534., 279216, 20230113093000)
 (4098., 4098., 4090., 4098., 2228., 279701, 20230113094500)
 (4097., 4120., 4097., 4115., 6472., 279920, 20230113100000)
 (4115., 4117., 4094., 4108., 2461., 279929, 20230113101500)
 (4107., 4114., 4102., 4110., 2464., 280144, 20230113104500)
 (4110., 4119., 4110., 4115., 2301., 280513, 20230113110000)
 (4115., 4118., 4105., 4113., 1785., 279990, 20230113111500)
 (4112., 4114., 4104., 4112., 2649., 278717, 20230113113000)
 (4111., 4130., 4110., 4123., 5885., 278574, 20230113134500)
 (4124., 4127., 4120., 4123., 1646., 278156, 20230113140000)
 (4123., 4127., 4118., 4127., 1111., 278512, 20230113141500)
 (4126., 4129., 4123., 4125.,  868., 278640, 20230113143000)
 (4125., 4130., 4122., 4129., 1140., 278682, 20230113144500)
 (4128., 4128., 4118., 4121., 1470., 278502, 20230113150000)]
2023-01-16 15:30:00  INFO  [(4109., 4109., 4071., 4076., 11645., 276758, 20230113211500)
 (4075., 4087., 4075., 4085.,  3052., 276308, 20230113213000)
 (4085., 4092., 4080., 4090.,  2223., 276628, 20230113214500)
 (4090., 4092., 4084., 4086.,   738., 276637, 20230113220000)
 (4085., 4089., 4083., 4083.,   650., 276805, 20230113221500)
 (4085., 4090., 4082., 4086.,   780., 276981, 20230113223000)
 (4086., 4087., 4083., 4087.,   491., 277042, 20230113224500)
 (4086., 4089., 4083., 4089.,  1279., 276959, 20230113230000)
 (4072., 4072., 4039., 4054., 12891., 278165, 20230116091500)
 (4052., 4070., 4051., 4066.,  3628., 278486, 20230116093000)
 (4067., 4070., 4062., 4063.,  1181., 278590, 20230116094500)
 (4062., 4065., 4055., 4055.,  1669., 278952, 20230116100000)
 (4055., 4063., 4051., 4060.,  1456., 279164, 20230116101500)
 (4062., 4062., 4051., 4057.,  1522., 279373, 20230116104500)
 (4055., 4055., 4043., 4043.,  2375., 280184, 20230116110000)
 (4043., 4048., 4035., 4036.,  2647., 280741, 20230116111500)
 (4037., 4054., 4035., 4048.,  1323., 280755, 20230116113000)
 (4051., 4053., 4043., 4043.,  1949., 281551, 20230116134500)
 (4045., 4048., 4040., 4042.,   688., 281775, 20230116140000)
 (4044., 4050., 4043., 4043.,  1123., 281981, 20230116141500)
 (4045., 4056., 4044., 4047.,  1173., 282071, 20230116143000)
 (4048., 4048., 4038., 4041.,  2347., 283366, 20230116144500)
 (4040., 4048., 4040., 4048.,  1565., 283196, 20230116150000)]
2023-01-17 15:30:00  INFO  [(4047., 4047., 4025., 4030., 7646., 284639, 20230116211500)
 (4030., 4034., 4023., 4030., 3864., 286731, 20230116213000)
 (4031., 4039., 4030., 4030., 1892., 287310, 20230116214500)
 (4031., 4032., 4025., 4025., 1055., 287976, 20230116220000)
 (4025., 4029., 4024., 4024., 1624., 288370, 20230116221500)
 (4026., 4028., 4021., 4026., 1130., 288865, 20230116223000)
 (4025., 4033., 4022., 4030., 1067., 289323, 20230116224500)
 (4030., 4042., 4027., 4037., 1637., 289383, 20230116230000)
 (4037., 4055., 4037., 4051., 2614., 289475, 20230117091500)
 (4051., 4065., 4048., 4065., 1896., 289854, 20230117093000)
 (4064., 4067., 4057., 4065., 2223., 290379, 20230117094500)
 (4065., 4066., 4061., 4066.,  842., 290393, 20230117100000)
 (4067., 4068., 4056., 4065., 1559., 291002, 20230117101500)
 (4063., 4065., 4056., 4057., 1081., 290993, 20230117104500)
 (4058., 4063., 4056., 4063.,  693., 291178, 20230117110000)
 (4062., 4067., 4061., 4064., 2263., 291814, 20230117111500)
 (4065., 4069., 4060., 4068.,  904., 292054, 20230117113000)
 (4065., 4087., 4065., 4085., 3535., 292295, 20230117134500)
 (4085., 4086., 4079., 4084., 1285., 292476, 20230117140000)
 (4085., 4086., 4073., 4078.,  774., 292598, 20230117141500)
 (4078., 4081., 4075., 4079.,  560., 292589, 20230117143000)
 (4079., 4082., 4065., 4065., 1325., 292349, 20230117144500)
 (4065., 4073., 4063., 4067., 1722., 292021, 20230117150000)]
2023-01-18 15:30:00  INFO  [(4150., 4150., 4075., 4085., 7063., 293063, 20230117211500)
 (4084., 4096., 4082., 4094., 1975., 293202, 20230117213000)
 (4094., 4097., 4091., 4094., 2359., 293079, 20230117214500)
 (4094., 4105., 4091., 4103., 1628., 292980, 20230117220000)
 (4102., 4111., 4101., 4111., 3296., 292482, 20230117221500)
 (4110., 4115., 4105., 4111., 3045., 292468, 20230117223000)
 (4112., 4116., 4105., 4108., 1733., 292230, 20230117224500)
 (4108., 4115., 4106., 4110., 1045., 292049, 20230117230000)
 (4114., 4122., 4105., 4114., 4222., 292614, 20230118091500)
 (4114., 4118., 4109., 4112., 1271., 292848, 20230118093000)
 (4113., 4113., 4100., 4100., 1705., 292687, 20230118094500)
 (4101., 4107., 4098., 4105., 2184., 292150, 20230118100000)
 (4104., 4111., 4104., 4105., 1321., 292259, 20230118101500)
 (4104., 4109., 4098., 4103., 1238., 292359, 20230118104500)
 (4103., 4108., 4096., 4097., 1306., 292427, 20230118110000)
 (4099., 4105., 4097., 4102.,  891., 292793, 20230118111500)
 (4103., 4105., 4100., 4103.,  722., 292931, 20230118113000)
 (4101., 4111., 4101., 4107., 1919., 293204, 20230118134500)
 (4106., 4109., 4101., 4108.,  523., 293259, 20230118140000)
 (4108., 4113., 4106., 4107.,  733., 293329, 20230118141500)
 (4108., 4115., 4106., 4113., 1017., 293688, 20230118143000)
 (4114., 4114., 4105., 4112.,  812., 293573, 20230118144500)
 (4111., 4112., 4106., 4109., 2269., 293685, 20230118150000)]
2023-01-19 15:30:00  INFO  [(4128., 4128., 4112., 4119., 3547., 292297, 20230118211500)
 (4120., 4128., 4119., 4123., 2511., 292356, 20230118213000)
 (4123., 4127., 4118., 4121.,  834., 292320, 20230118214500)
 (4121., 4134., 4120., 4133., 2001., 292426, 20230118220000)
 (4133., 4135., 4128., 4128.,  609., 292507, 20230118221500)
 (4129., 4137., 4129., 4136.,  579., 292608, 20230118223000)
 (4137., 4137., 4130., 4132.,  639., 292692, 20230118224500)
 (4133., 4133., 4120., 4121., 1810., 292625, 20230118230000)
 (4115., 4122., 4108., 4110., 4095., 293873, 20230119091500)
 (4110., 4122., 4109., 4121.,  882., 294237, 20230119093000)
 (4121., 4125., 4115., 4120.,  873., 294173, 20230119094500)
 (4120., 4121., 4111., 4115., 1220., 293657, 20230119100000)
 (4114., 4125., 4114., 4121.,  359., 293636, 20230119101500)
 (4121., 4126., 4117., 4125.,  706., 293627, 20230119104500)
 (4126., 4136., 4125., 4132., 1516., 293536, 20230119110000)
 (4132., 4135., 4124., 4132., 1057., 293680, 20230119111500)
 (4131., 4133., 4125., 4126.,  532., 293766, 20230119113000)
 (4126., 4135., 4121., 4133., 1373., 293918, 20230119134500)
 (4133., 4140., 4133., 4139., 1859., 294036, 20230119140000)
 (4139., 4145., 4137., 4144., 2070., 294162, 20230119141500)
 (4144., 4145., 4140., 4142., 1295., 294116, 20230119143000)
 (4142., 4145., 4136., 4143.,  854., 294201, 20230119144500)
 (4143., 4145., 4137., 4142.,  967., 294116, 20230119150000)]
2023-01-20 15:30:00  INFO  [(4150., 4150., 4127., 4132., 3052., 294087, 20230119211500)
 (4132., 4134., 4121., 4131., 1928., 294117, 20230119213000)
 (4131., 4131., 4127., 4128.,  507., 294234, 20230119214500)
 (4128., 4129., 4118., 4118.,  735., 294323, 20230119220000)
 (4118., 4122., 4105., 4117., 3743., 295191, 20230119221500)
 (4116., 4125., 4114., 4122.,  826., 295345, 20230119223000)
 (4121., 4122., 4110., 4112.,  761., 295637, 20230119224500)
 (4112., 4118., 4109., 4118., 1033., 295860, 20230119230000)
 (4120., 4133., 4115., 4133., 3150., 295465, 20230120091500)
 (4133., 4140., 4130., 4137., 1503., 295305, 20230120093000)
 (4138., 4142., 4133., 4142., 1046., 295127, 20230120094500)
 (4141., 4142., 4134., 4136.,  788., 295067, 20230120100000)
 (4138., 4139., 4129., 4133., 2096., 294361, 20230120101500)
 (4134., 4137., 4124., 4125., 1065., 294306, 20230120104500)
 (4125., 4135., 4125., 4135., 1063., 294075, 20230120110000)
 (4135., 4135., 4122., 4125.,  606., 294071, 20230120111500)
 (4126., 4129., 4118., 4125.,  729., 294231, 20230120113000)
 (4126., 4130., 4121., 4125., 1382., 293982, 20230120134500)
 (4124., 4128., 4118., 4119.,  899., 293958, 20230120140000)
 (4119., 4135., 4119., 4121., 6997., 298550, 20230120141500)
 (4121., 4129., 4120., 4123., 1335., 299186, 20230120143000)
 (4124., 4128., 4122., 4128.,  707., 299161, 20230120144500)
 (4128., 4131., 4123., 4130., 2947., 299553, 20230120150000)]
2023-01-30 15:30:00  INFO  [(4135., 4135., 4122., 4125.,   606., 294071, 20230120111500)
 (4126., 4129., 4118., 4125.,   729., 294231, 20230120113000)
 (4126., 4130., 4121., 4125.,  1382., 293982, 20230120134500)
 (4124., 4128., 4118., 4119.,   899., 293958, 20230120140000)
 (4119., 4135., 4119., 4121.,  6997., 298550, 20230120141500)
 (4121., 4129., 4120., 4123.,  1335., 299186, 20230120143000)
 (4124., 4128., 4122., 4128.,   707., 299161, 20230120144500)
 (4128., 4131., 4123., 4130.,  2947., 299553, 20230120150000)
 (4163., 4220., 4163., 4218., 17648., 299062, 20230130091500)
 (4218., 4218., 4204., 4213.,  4446., 299896, 20230130093000)
 (4214., 4216., 4202., 4204.,  2347., 300028, 20230130094500)
 (4204., 4218., 4202., 4216., 10442., 307322, 20230130100000)
 (4216., 4223., 4201., 4203.,  8505., 311337, 20230130101500)
 (4204., 4206., 4191., 4197.,  5312., 311222, 20230130104500)
 (4198., 4209., 4195., 4200.,  2332., 310697, 20230130110000)
 (4200., 4200., 4170., 4170.,  4873., 311241, 20230130111500)
 (4170., 4176., 4161., 4171.,  4081., 311732, 20230130113000)
 (4165., 4179., 4165., 4167.,  2378., 312198, 20230130134500)
 (4166., 4172., 4150., 4150.,  2848., 312224, 20230130140000)
 (4150., 4160., 4150., 4151.,  1698., 312714, 20230130141500)
 (4151., 4154., 4146., 4146.,  2950., 313913, 20230130143000)
 (4146., 4157., 4143., 4147.,  1876., 314012, 20230130144500)
 (4146., 4157., 4144., 4157.,  1895., 313777, 20230130150000)]
2023-01-31 15:30:00  INFO  [(4160., 4170., 4152., 4168.,  2732., 314405, 20230130211500)
 (4168., 4170., 4165., 4169.,   546., 314499, 20230130213000)
 (4168., 4171., 4157., 4162.,   603., 314653, 20230130214500)
 (4161., 4164., 4152., 4163.,   514., 314839, 20230130220000)
 (4163., 4167., 4163., 4164.,   619., 315025, 20230130221500)
 (4164., 4164., 4154., 4155.,   597., 314951, 20230130223000)
 (4157., 4159., 4153., 4158.,   456., 315000, 20230130224500)
 (4158., 4166., 4158., 4165.,   848., 314855, 20230130230000)
 (4165., 4165., 4138., 4139.,  3033., 315620, 20230131091500)
 (4140., 4141., 4129., 4134.,  2152., 316148, 20230131093000)
 (4134., 4155., 4133., 4151.,  2135., 316532, 20230131094500)
 (4153., 4158., 4149., 4151.,  1441., 317004, 20230131100000)
 (4152., 4154., 4144., 4150.,  2014., 318396, 20230131101500)
 (4151., 4154., 4141., 4143.,   806., 318575, 20230131104500)
 (4142., 4145., 4135., 4138.,  2205., 318949, 20230131110000)
 (4137., 4139., 4133., 4135.,   990., 318989, 20230131111500)
 (4135., 4135., 4114., 4121.,  5264., 320746, 20230131113000)
 (4120., 4121., 4101., 4117.,  5998., 321773, 20230131134500)
 (4116., 4125., 4111., 4112.,  1978., 321247, 20230131140000)
 (4110., 4113., 4104., 4106.,  1864., 321048, 20230131141500)
 (4107., 4130., 4097., 4128., 18982., 334956, 20230131143000)
 (4128., 4128., 4108., 4110.,  2506., 334410, 20230131144500)
 (4110., 4113., 4095., 4098.,  3873., 335127, 20230131150000)]
2023-02-01 15:30:00  INFO  [(4090., 4101., 4077., 4092., 6382., 334704, 20230131211500)
 (4091., 4095., 4081., 4081., 3464., 334002, 20230131213000)
 (4081., 4086., 4077., 4084., 2426., 334505, 20230131214500)
 (4083., 4091., 4080., 4087., 1494., 334378, 20230131220000)
 (4087., 4097., 4081., 4094., 1886., 334549, 20230131221500)
 (4094., 4103., 4093., 4098., 2024., 334678, 20230131223000)
 (4096., 4101., 4088., 4092., 2098., 335147, 20230131224500)
 (4092., 4109., 4089., 4106., 2200., 335592, 20230131230000)
 (4106., 4128., 4106., 4117., 2982., 335861, 20230201091500)
 (4117., 4119., 4107., 4107., 1807., 336046, 20230201093000)
 (4108., 4113., 4104., 4113., 1018., 336426, 20230201094500)
 (4113., 4115., 4101., 4101., 1007., 336607, 20230201100000)
 (4101., 4105., 4087., 4089., 2610., 337536, 20230201101500)
 (4089., 4092., 4077., 4078., 3050., 338836, 20230201104500)
 (4078., 4083., 4075., 4076., 2221., 338870, 20230201110000)
 (4076., 4078., 4056., 4071., 4930., 339744, 20230201111500)
 (4071., 4079., 4059., 4060., 3649., 340318, 20230201113000)
 (4059., 4068., 4055., 4058., 2979., 341054, 20230201134500)
 (4058., 4068., 4052., 4061., 1416., 341465, 20230201140000)
 (4061., 4065., 4057., 4058.,  929., 341504, 20230201141500)
 (4058., 4063., 4050., 4055., 2542., 342254, 20230201143000)
 (4055., 4056., 4033., 4035., 5795., 343533, 20230201144500)
 (4036., 4055., 4032., 4041., 7980., 345467, 20230201150000)]
2023-02-02 15:30:00  INFO  [(4058., 4058., 4040., 4048.,  3186., 345344, 20230201211500)
 (4047., 4064., 4047., 4051., 10112., 348905, 20230201213000)
 (4051., 4060., 4049., 4051.,  1147., 349036, 20230201214500)
 (4052., 4059., 4052., 4057.,   918., 349110, 20230201220000)
 (4057., 4063., 4040., 4043.,  1682., 349316, 20230201221500)
 (4043., 4050., 4035., 4036.,  1992., 349761, 20230201223000)
 (4035., 4047., 4032., 4039.,  1542., 349902, 20230201224500)
 (4040., 4052., 4035., 4052.,   959., 349801, 20230201230000)
 (4051., 4069., 4051., 4068.,  3521., 349475, 20230202091500)
 (4068., 4077., 4066., 4070.,  2607., 349442, 20230202093000)
 (4070., 4071., 4060., 4064.,  1349., 349307, 20230202094500)
 (4064., 4075., 4063., 4074.,   486., 349300, 20230202100000)
 (4074., 4086., 4071., 4080.,  2415., 349289, 20230202101500)
 (4081., 4081., 4063., 4074.,  1419., 349224, 20230202104500)
 (4072., 4080., 4068., 4080.,   980., 348878, 20230202110000)
 (4079., 4082., 4076., 4077.,   586., 348726, 20230202111500)
 (4078., 4079., 4067., 4073.,   644., 348672, 20230202113000)
 (4075., 4080., 4057., 4060.,  1627., 348573, 20230202134500)
 (4060., 4060., 4047., 4051.,  2650., 348078, 20230202140000)
 (4053., 4054., 4042., 4043.,  1434., 348123, 20230202141500)
 (4042., 4048., 4013., 4016.,  9826., 349345, 20230202143000)
 (4015., 4022., 4002., 4002.,  6193., 350815, 20230202144500)
 (4002., 4010., 3989., 4000., 10056., 352220, 20230202150000)]
2023-02-03 15:30:00  INFO  [(4032., 4032., 4002., 4006., 5529., 352631, 20230202211500)
 (4005., 4008., 4000., 4005., 2309., 352717, 20230202213000)
 (4005., 4012., 4001., 4002., 1576., 352984, 20230202214500)
 (4002., 4007., 4001., 4005.,  510., 353001, 20230202220000)
 (4005., 4012., 4001., 4010.,  632., 352912, 20230202221500)
 (4010., 4017., 4009., 4012.,  526., 352888, 20230202223000)
 (4012., 4014., 4001., 4001., 1007., 352851, 20230202224500)
 (4001., 4002., 3991., 3999., 2715., 353200, 20230202230000)
 (4000., 4008., 3979., 3980., 5112., 352868, 20230203091500)
 (3979., 3988., 3970., 3976., 4336., 353372, 20230203093000)
 (3975., 3983., 3971., 3972., 2134., 353406, 20230203094500)
 (3973., 3976., 3966., 3970., 2192., 354083, 20230203100000)
 (3968., 3971., 3960., 3960., 2644., 354789, 20230203101500)
 (3962., 3966., 3955., 3959., 3851., 355956, 20230203104500)
 (3958., 3976., 3958., 3968., 2481., 357018, 20230203110000)
 (3969., 3987., 3968., 3983., 1816., 357116, 20230203111500)
 (3985., 4002., 3982., 3990., 4812., 356987, 20230203113000)
 (3998., 4000., 3989., 3994., 1642., 357359, 20230203134500)
 (3994., 4004., 3991., 3993., 1915., 357628, 20230203140000)
 (3993., 4008., 3993., 4008., 1532., 357422, 20230203141500)
 (4006., 4013., 4000., 4012., 2310., 357523, 20230203143000)
 (4011., 4016., 4005., 4012., 5496., 358017, 20230203144500)
 (4012., 4018., 4004., 4018., 3139., 357918, 20230203150000)]
2023-02-06 15:30:00  INFO  [(4007., 4038., 3999., 4003.,  5252., 358464, 20230203211500)
 (4002., 4003., 3990., 3999.,  2350., 358916, 20230203213000)
 (3998., 4009., 3996., 3999.,  1536., 359251, 20230203214500)
 (3999., 4010., 3996., 4010.,   737., 359319, 20230203220000)
 (4009., 4033., 4005., 4027.,  2151., 359378, 20230203221500)
 (4028., 4034., 4018., 4028.,  4667., 359410, 20230203223000)
 (4027., 4042., 4024., 4042.,  2293., 359575, 20230203224500)
 (4042., 4043., 4027., 4037.,  1661., 359582, 20230203230000)
 (4010., 4010., 3981., 3993., 12079., 357693, 20230206091500)
 (3993., 3995., 3984., 3986.,  1727., 357428, 20230206093000)
 (3985., 3996., 3982., 3982.,  2630., 356916, 20230206094500)
 (3982., 3993., 3975., 3982.,  3896., 356993, 20230206100000)
 (3981., 3988., 3978., 3980.,  1147., 357106, 20230206101500)
 (3980., 3982., 3968., 3970.,  3816., 357423, 20230206104500)
 (3969., 3976., 3966., 3967.,  1906., 357892, 20230206110000)
 (3968., 3978., 3965., 3970.,  3164., 358072, 20230206111500)
 (3971., 3977., 3967., 3973.,  1237., 358456, 20230206113000)
 (3973., 3990., 3970., 3987.,  2515., 358406, 20230206134500)
 (3987., 3995., 3981., 3988.,  1369., 358455, 20230206140000)
 (3988., 4003., 3987., 4002.,  2358., 358544, 20230206141500)
 (4003., 4004., 3991., 4000.,  1138., 358636, 20230206143000)
 (3999., 4015., 3996., 4013.,  2287., 358488, 20230206144500)
 (4013., 4020., 4010., 4013.,  3932., 357997, 20230206150000)]
2023-02-07 15:30:00  INFO  [(4020., 4020., 4004., 4011.,  1681., 357903, 20230206211500)
 (4011., 4018., 4009., 4012.,   682., 357962, 20230206213000)
 (4012., 4015., 4003., 4015.,  1205., 358045, 20230206214500)
 (4014., 4017., 4006., 4008.,   414., 358031, 20230206220000)
 (4011., 4011., 3999., 4005.,   798., 358177, 20230206221500)
 (4004., 4013., 3997., 4001.,  1120., 358290, 20230206223000)
 (4003., 4011., 3995., 3998.,   966., 358301, 20230206224500)
 (3998., 3998., 3974., 3975.,  2963., 358813, 20230206230000)
 (3980., 3983., 3963., 3978.,  4836., 359912, 20230207091500)
 (3979., 3986., 3972., 3984.,  1268., 359964, 20230207093000)
 (3985., 3990., 3972., 3973.,  2029., 360057, 20230207094500)
 (3975., 3980., 3972., 3978.,   983., 360081, 20230207100000)
 (3977., 3986., 3975., 3983.,   813., 359919, 20230207101500)
 (3984., 3995., 3983., 3987.,  1667., 359642, 20230207104500)
 (3987., 3998., 3981., 3994.,  1388., 359748, 20230207110000)
 (3994., 3994., 3983., 3985.,   680., 359791, 20230207111500)
 (3985., 3987., 3967., 3971.,  3184., 360341, 20230207113000)
 (3965., 3966., 3945., 3951., 10673., 361845, 20230207134500)
 (3952., 3974., 3948., 3968.,  5253., 362282, 20230207140000)
 (3968., 3988., 3965., 3986.,  4529., 361692, 20230207141500)
 (3986., 4002., 3984., 3986.,  2960., 361569, 20230207143000)
 (3986., 4003., 3986., 4001.,  2415., 362071, 20230207144500)
 (4002., 4003., 3986., 3986.,  2230., 362427, 20230207150000)]
2023-02-08 15:30:00  INFO  [(3966., 3998., 3966., 3972., 4415., 362831, 20230207211500)
 (3971., 3975., 3961., 3963., 3783., 363517, 20230207213000)
 (3963., 3974., 3955., 3968., 3803., 364292, 20230207214500)
 (3968., 3975., 3964., 3971., 1039., 364458, 20230207220000)
 (3970., 3970., 3961., 3962., 1579., 364638, 20230207221500)
 (3964., 3967., 3957., 3961., 1710., 365253, 20230207223000)
 (3962., 3974., 3959., 3969., 2082., 365617, 20230207224500)
 (3967., 3967., 3957., 3966., 1631., 365930, 20230207230000)
 (3970., 3987., 3970., 3978., 4638., 366448, 20230208091500)
 (3978., 3983., 3970., 3980., 1424., 366684, 20230208093000)
 (3980., 3986., 3975., 3976., 1417., 366499, 20230208094500)
 (3976., 3979., 3974., 3979.,  821., 366544, 20230208100000)
 (3978., 3994., 3976., 3993., 2404., 366495, 20230208101500)
 (3993., 4013., 3992., 4009., 6438., 365321, 20230208104500)
 (4010., 4018., 4004., 4008., 2942., 365071, 20230208110000)
 (4007., 4008., 3998., 4003., 1681., 364962, 20230208111500)
 (4002., 4011., 3992., 4001., 2573., 365497, 20230208113000)
 (3996., 4005., 3993., 4003., 1951., 365876, 20230208134500)
 (4003., 4009., 4002., 4007., 3633., 366708, 20230208140000)
 (4007., 4014., 4006., 4013., 2425., 367127, 20230208141500)
 (4015., 4025., 4013., 4022., 3176., 367040, 20230208143000)
 (4023., 4027., 4011., 4012., 1521., 367059, 20230208144500)
 (4012., 4027., 4010., 4017., 4284., 368313, 20230208150000)]
2023-02-09 15:30:00  INFO  [(4017., 4035., 4016., 4029., 5943., 369843, 20230208211500)
 (4030., 4030., 4022., 4026., 2523., 370515, 20230208213000)
 (4027., 4027., 4018., 4025., 1493., 370758, 20230208214500)
 (4024., 4031., 4020., 4031., 1471., 370779, 20230208220000)
 (4031., 4033., 4023., 4026., 1488., 370935, 20230208221500)
 (4025., 4026., 4019., 4023., 1689., 371692, 20230208223000)
 (4022., 4025., 4014., 4018., 1008., 371917, 20230208224500)
 (4018., 4022., 4015., 4018.,  842., 371981, 20230208230000)
 (4017., 4030., 4016., 4023., 2072., 372013, 20230209091500)
 (4024., 4027., 4018., 4026., 1243., 372283, 20230209093000)
 (4024., 4040., 4024., 4037., 3077., 373105, 20230209094500)
 (4038., 4056., 4038., 4055., 4625., 373084, 20230209100000)
 (4056., 4060., 4047., 4055., 3901., 373462, 20230209101500)
 (4057., 4061., 4050., 4055., 2679., 374288, 20230209104500)
 (4056., 4057., 4042., 4043., 2576., 373603, 20230209110000)
 (4043., 4048., 4036., 4037., 2054., 373711, 20230209111500)
 (4036., 4050., 4036., 4046., 1610., 373457, 20230209113000)
 (4048., 4050., 4040., 4049., 1986., 373793, 20230209134500)
 (4048., 4050., 4038., 4039., 3216., 374513, 20230209140000)
 (4038., 4042., 4033., 4041., 2543., 373983, 20230209141500)
 (4042., 4051., 4041., 4049., 2190., 374028, 20230209143000)
 (4050., 4056., 4047., 4050., 1633., 373641, 20230209144500)
 (4050., 4057., 4045., 4047., 2065., 373237, 20230209150000)]
2023-02-10 15:30:00  INFO  [(4055., 4055., 4039., 4045., 4635., 372065, 20230209211500)
 (4046., 4052., 4045., 4047., 1032., 371974, 20230209213000)
 (4049., 4055., 4047., 4052.,  759., 372010, 20230209214500)
 (4052., 4054., 4048., 4054., 1092., 371549, 20230209220000)
 (4054., 4055., 4045., 4047., 1309., 371204, 20230209221500)
 (4047., 4049., 4036., 4044., 2416., 370938, 20230209223000)
 (4043., 4044., 4025., 4030., 1866., 370944, 20230209224500)
 (4030., 4039., 4019., 4038., 2285., 371247, 20230209230000)
 (4032., 4045., 4028., 4040., 2027., 371115, 20230210091500)
 (4040., 4041., 4025., 4026., 1529., 371238, 20230210093000)
 (4026., 4036., 4022., 4023., 2231., 371538, 20230210094500)
 (4023., 4030., 4015., 4019., 2339., 371453, 20230210100000)
 (4019., 4024., 4001., 4001., 5967., 372030, 20230210101500)
 (4003., 4014., 3998., 4005., 2981., 372325, 20230210104500)
 (4004., 4005., 3988., 3996., 4097., 373451, 20230210110000)
 (3996., 4001., 3989., 3993., 1423., 373673, 20230210111500)
 (3992., 3998., 3985., 3986.,  999., 373658, 20230210113000)
 (3984., 3995., 3981., 3987., 3038., 373267, 20230210134500)
 (3987., 4005., 3985., 4001., 2369., 372809, 20230210140000)
 (4003., 4015., 4003., 4012., 2264., 372990, 20230210141500)
 (4012., 4034., 4012., 4033., 6064., 371315, 20230210143000)
 (4034., 4038., 4015., 4035., 6148., 369002, 20230210144500)
 (4034., 4037., 4026., 4031., 2831., 368823, 20230210150000)]
2023-02-13 15:30:00  INFO  [(4033., 4034., 4013., 4016.,  6732., 371913, 20230210211500)
 (4016., 4023., 4010., 4015.,  1339., 371990, 20230210213000)
 (4016., 4028., 4016., 4023.,  1541., 372165, 20230210214500)
 (4022., 4028., 4015., 4017.,  1014., 372183, 20230210220000)
 (4017., 4022., 4014., 4018.,   480., 372139, 20230210221500)
 (4017., 4020., 4014., 4019.,   355., 372159, 20230210223000)
 (4020., 4026., 4013., 4017.,   946., 372259, 20230210224500)
 (4017., 4030., 4016., 4019.,  1586., 372187, 20230210230000)
 (4018., 4020., 3993., 3998.,  7190., 373338, 20230213091500)
 (3999., 4007., 3990., 3999.,  3380., 372801, 20230213093000)
 (3998., 4006., 3993., 4002.,  1795., 372719, 20230213094500)
 (4002., 4004., 3992., 3996.,  3214., 372970, 20230213100000)
 (3997., 4004., 3980., 3988., 18582., 366833, 20230213101500)
 (3988., 3992., 3976., 3986.,  8387., 363396, 20230213104500)
 (3986., 3991., 3981., 3987.,  2194., 362804, 20230213110000)
 (3986., 3988., 3973., 3976.,  3053., 362875, 20230213111500)
 (3975., 3981., 3969., 3980.,  5021., 362862, 20230213113000)
 (3983., 3986., 3962., 3962., 12326., 361505, 20230213134500)
 (3962., 3970., 3958., 3960.,  5050., 361854, 20230213140000)
 (3959., 3966., 3952., 3954.,  4667., 362965, 20230213141500)
 (3953., 3960., 3952., 3956.,  2452., 363388, 20230213143000)
 (3955., 3962., 3954., 3955.,  3044., 363095, 20230213144500)
 (3955., 3956., 3950., 3950.,  4633., 363690, 20230213150000)]
2023-02-14 15:30:00  INFO  [(3949., 3954., 3934., 3954., 9126., 364597, 20230213211500)
 (3954., 3955., 3940., 3942., 2768., 365183, 20230213213000)
 (3943., 3948., 3939., 3943., 2704., 365785, 20230213214500)
 (3944., 3948., 3935., 3938., 1639., 365869, 20230213220000)
 (3940., 3944., 3937., 3939., 1545., 365634, 20230213221500)
 (3939., 3941., 3920., 3923., 5529., 367695, 20230213223000)
 (3921., 3927., 3916., 3917., 4517., 368799, 20230213224500)
 (3917., 3945., 3916., 3944., 3502., 369368, 20230213230000)
 (3940., 3957., 3938., 3957., 5417., 369364, 20230214091500)
 (3958., 3971., 3956., 3967., 4690., 369651, 20230214093000)
 (3968., 3974., 3962., 3972., 2556., 369847, 20230214094500)
 (3972., 3974., 3958., 3967., 2300., 369840, 20230214100000)
 (3968., 3971., 3963., 3971., 1845., 370238, 20230214101500)
 (3971., 3974., 3960., 3966., 2646., 370354, 20230214104500)
 (3967., 3977., 3962., 3976., 3251., 370499, 20230214110000)
 (3976., 3979., 3968., 3970., 3717., 370966, 20230214111500)
 (3970., 3973., 3961., 3962., 1290., 371081, 20230214113000)
 (3961., 3966., 3956., 3961., 3098., 371946, 20230214134500)
 (3961., 3984., 3960., 3984., 4372., 372588, 20230214140000)
 (3982., 3990., 3978., 3989., 5653., 374347, 20230214141500)
 (3989., 3992., 3983., 3985., 2546., 374832, 20230214143000)
 (3985., 3986., 3976., 3976., 2324., 375475, 20230214144500)
 (3978., 3983., 3968., 3970., 2170., 375588, 20230214150000)]
2023-02-15 15:30:00  INFO  [(3952., 3987., 3952., 3973., 7451., 376646, 20230214211500)
 (3973., 3996., 3971., 3994., 6431., 377919, 20230214213000)
 (3993., 3998., 3981., 3989., 5514., 377680, 20230214214500)
 (3991., 3991., 3985., 3986.,  904., 377604, 20230214220000)
 (3987., 3996., 3987., 3990., 2112., 377435, 20230214221500)
 (3991., 3995., 3988., 3991.,  668., 377504, 20230214223000)
 (3992., 3993., 3981., 3989., 2417., 377386, 20230214224500)
 (3990., 3997., 3988., 3996., 1741., 376834, 20230214230000)
 (3995., 4012., 3995., 4008., 6045., 375434, 20230215091500)
 (4010., 4023., 4009., 4022., 3084., 374577, 20230215093000)
 (4022., 4025., 4019., 4025., 1487., 374615, 20230215094500)
 (4025., 4026., 4010., 4018., 2350., 374796, 20230215100000)
 (4018., 4020., 4012., 4013., 2756., 375103, 20230215101500)
 (4011., 4014., 4007., 4012., 2331., 375571, 20230215104500)
 (4012., 4015., 4003., 4005., 1440., 375896, 20230215110000)
 (4005., 4011., 3997., 4003., 3701., 376229, 20230215111500)
 (4004., 4010., 4000., 4007., 2336., 375655, 20230215113000)
 (4003., 4014., 4000., 4005., 3400., 377081, 20230215134500)
 (4005., 4007., 4000., 4007., 3722., 378096, 20230215140000)
 (4006., 4008., 3995., 3999., 2558., 377926, 20230215141500)
 (4000., 4007., 3999., 4000., 1235., 377617, 20230215143000)
 (4001., 4005., 3994., 4000., 2669., 377905, 20230215144500)
 (4001., 4011., 3997., 4011., 3334., 378211, 20230215150000)]
2023-02-16 15:30:00  INFO  [(4008., 4015., 4001., 4015., 5781., 378946, 20230215211500)
 (4015., 4015., 3998., 4000., 1755., 378968, 20230215213000)
 (4000., 4010., 3999., 4008.,  940., 378827, 20230215214500)
 (4008., 4015., 4007., 4014., 1481., 378773, 20230215220000)
 (4015., 4026., 4014., 4021., 5059., 379128, 20230215221500)
 (4022., 4022., 4015., 4015.,  607., 379081, 20230215223000)
 (4015., 4023., 4015., 4023.,  768., 378954, 20230215224500)
 (4023., 4023., 4010., 4018., 1040., 378691, 20230215230000)
 (4018., 4032., 4018., 4031., 2818., 378394, 20230216091500)
 (4032., 4036., 4026., 4030., 1802., 378938, 20230216093000)
 (4030., 4033., 4022., 4023., 1493., 379274, 20230216094500)
 (4022., 4030., 4021., 4030.,  979., 379051, 20230216100000)
 (4030., 4030., 4020., 4021.,  932., 379156, 20230216101500)
 (4022., 4036., 4022., 4032., 2456., 379321, 20230216104500)
 (4031., 4050., 4031., 4048., 2886., 379009, 20230216110000)
 (4048., 4055., 4044., 4053., 4912., 379598, 20230216111500)
 (4053., 4057., 4048., 4055., 3473., 379859, 20230216113000)
 (4052., 4076., 4050., 4076., 6854., 380673, 20230216134500)
 (4077., 4097., 4075., 4087., 9914., 380478, 20230216140000)
 (4088., 4091., 4069., 4075., 6771., 380106, 20230216141500)
 (4075., 4087., 4074., 4083., 3881., 380441, 20230216143000)
 (4083., 4083., 4059., 4062., 5877., 379406, 20230216144500)
 (4061., 4078., 4055., 4078., 4301., 378480, 20230216150000)]
2023-02-17 15:30:00  INFO  [(4088., 4106., 4081., 4102., 17716., 381942, 20230216211500)
 (4102., 4102., 4091., 4098.,  5149., 382433, 20230216213000)
 (4098., 4102., 4093., 4100.,  2642., 382872, 20230216214500)
 (4100., 4100., 4094., 4097.,  1405., 382506, 20230216220000)
 (4098., 4100., 4095., 4097.,  1045., 382651, 20230216221500)
 (4098., 4099., 4091., 4092.,   732., 382688, 20230216223000)
 (4093., 4103., 4091., 4102.,  1201., 382486, 20230216224500)
 (4102., 4102., 4095., 4097.,   793., 382510, 20230216230000)
 (4097., 4108., 4092., 4105.,  3730., 382732, 20230217091500)
 (4105., 4111., 4101., 4110.,  1650., 382839, 20230217093000)
 (4111., 4114., 4107., 4108.,  1735., 382986, 20230217094500)
 (4108., 4109., 4102., 4105.,   998., 383114, 20230217100000)
 (4105., 4105., 4096., 4101.,  1477., 383040, 20230217101500)
 (4100., 4106., 4097., 4103.,  1432., 383520, 20230217104500)
 (4103., 4110., 4102., 4103.,  2117., 383786, 20230217110000)
 (4103., 4104., 4088., 4092.,  2535., 384042, 20230217111500)
 (4091., 4096., 4083., 4085.,  3506., 383816, 20230217113000)
 (4083., 4093., 4083., 4090.,  2356., 384035, 20230217134500)
 (4091., 4094., 4087., 4092.,  1377., 383915, 20230217140000)
 (4092., 4103., 4087., 4099.,  3150., 384473, 20230217141500)
 (4098., 4101., 4086., 4090.,  2480., 384324, 20230217143000)
 (4089., 4100., 4088., 4097.,  1382., 384194, 20230217144500)
 (4097., 4103., 4090., 4102.,  2006., 383773, 20230217150000)]
2023-02-20 15:30:00  INFO  [(4088., 4099., 4076., 4094., 7862., 387138, 20230217211500)
 (4094., 4096., 4067., 4069., 5385., 387322, 20230217213000)
 (4069., 4090., 4069., 4088., 2892., 387107, 20230217214500)
 (4088., 4095., 4086., 4089.,  854., 387140, 20230217220000)
 (4090., 4106., 4090., 4103., 2316., 386844, 20230217221500)
 (4104., 4104., 4093., 4095.,  678., 386790, 20230217223000)
 (4095., 4108., 4095., 4106.,  971., 386676, 20230217224500)
 (4106., 4108., 4094., 4106., 2208., 386075, 20230217230000)
 (4100., 4113., 4092., 4093., 6996., 386777, 20230220091500)
 (4092., 4099., 4088., 4096., 3334., 387164, 20230220093000)
 (4096., 4103., 4091., 4096., 2555., 387735, 20230220094500)
 (4097., 4108., 4095., 4106., 2139., 388315, 20230220100000)
 (4107., 4121., 4104., 4113., 4096., 388369, 20230220101500)
 (4113., 4131., 4113., 4122., 4312., 389349, 20230220104500)
 (4123., 4124., 4113., 4115., 3000., 390301, 20230220110000)
 (4116., 4124., 4114., 4117., 2039., 390634, 20230220111500)
 (4118., 4125., 4114., 4120., 2292., 390811, 20230220113000)
 (4127., 4133., 4122., 4129., 3000., 390852, 20230220134500)
 (4129., 4132., 4124., 4127., 1739., 391685, 20230220140000)
 (4128., 4132., 4126., 4132., 2637., 390668, 20230220141500)
 (4132., 4133., 4120., 4126., 1487., 390922, 20230220143000)
 (4126., 4130., 4123., 4125., 1177., 391064, 20230220144500)
 (4124., 4128., 4119., 4127., 2864., 390370, 20230220150000)]
2023-02-21 15:30:00  INFO  [(4138., 4157., 4133., 4157., 16167., 391470, 20230220211500)
 (4156., 4175., 4151., 4166., 11845., 391221, 20230220213000)
 (4165., 4173., 4163., 4169.,  3979., 391721, 20230220214500)
 (4168., 4173., 4164., 4172.,  2667., 391987, 20230220220000)
 (4172., 4173., 4166., 4169.,  2249., 391879, 20230220221500)
 (4169., 4176., 4168., 4174.,  3484., 390713, 20230220223000)
 (4174., 4180., 4173., 4179.,  2418., 391076, 20230220224500)
 (4179., 4180., 4170., 4179.,  2691., 390780, 20230220230000)
 (4177., 4182., 4173., 4181.,  7324., 390388, 20230221091500)
 (4180., 4182., 4176., 4177.,  3978., 390346, 20230221093000)
 (4178., 4178., 4166., 4172.,  4256., 390167, 20230221094500)
 (4172., 4176., 4164., 4169.,  2818., 390624, 20230221100000)
 (4169., 4175., 4166., 4173.,  2811., 391574, 20230221101500)
 (4174., 4184., 4173., 4174.,  2758., 391372, 20230221104500)
 (4176., 4178., 4169., 4170.,  1630., 391458, 20230221110000)
 (4170., 4177., 4163., 4168.,  3246., 391157, 20230221111500)
 (4168., 4177., 4167., 4176.,  2511., 390965, 20230221113000)
 (4174., 4186., 4173., 4184.,  4003., 391362, 20230221134500)
 (4184., 4191., 4183., 4187.,  2536., 391276, 20230221140000)
 (4188., 4193., 4182., 4192.,  2400., 391492, 20230221141500)
 (4193., 4194., 4183., 4190.,  1463., 391871, 20230221143000)
 (4191., 4191., 4185., 4189.,   783., 391768, 20230221144500)
 (4189., 4200., 4188., 4195.,  6907., 390707, 20230221150000)]
2023-02-22 15:30:00  INFO  [(4176., 4200., 4175., 4195.,  9476., 393475, 20230221211500)
 (4195., 4196., 4178., 4182.,  4461., 392693, 20230221213000)
 (4182., 4185., 4174., 4177.,  3244., 392805, 20230221214500)
 (4176., 4183., 4172., 4181.,  2737., 393225, 20230221220000)
 (4182., 4188., 4180., 4183.,  1865., 393274, 20230221221500)
 (4183., 4188., 4180., 4187.,   791., 393320, 20230221223000)
 (4188., 4193., 4186., 4190.,  2142., 393921, 20230221224500)
 (4189., 4191., 4182., 4185.,  1855., 393195, 20230221230000)
 (4186., 4186., 4171., 4176.,  4606., 393354, 20230222091500)
 (4176., 4188., 4176., 4186.,  3573., 392445, 20230222093000)
 (4185., 4190., 4182., 4183.,  1294., 392410, 20230222094500)
 (4183., 4184., 4178., 4181.,  1747., 392563, 20230222100000)
 (4180., 4193., 4179., 4192.,  3678., 393174, 20230222101500)
 (4192., 4208., 4192., 4207.,  8426., 394290, 20230222104500)
 (4207., 4214., 4204., 4211.,  9455., 394618, 20230222110000)
 (4212., 4213., 4206., 4210.,  2594., 395420, 20230222111500)
 (4210., 4211., 4204., 4206.,  2430., 396167, 20230222113000)
 (4207., 4219., 4200., 4202.,  7464., 397742, 20230222134500)
 (4202., 4202., 4178., 4183., 10190., 397816, 20230222140000)
 (4182., 4188., 4178., 4178.,  5311., 399452, 20230222141500)
 (4178., 4186., 4175., 4181.,  3073., 399496, 20230222143000)
 (4181., 4194., 4178., 4190.,  3125., 400093, 20230222144500)
 (4191., 4194., 4180., 4183.,  2614., 399653, 20230222150000)]
2023-02-23 15:30:00  INFO  [(4198., 4220., 4195., 4195., 16754., 398651, 20230222211500)
 (4195., 4209., 4191., 4205.,  4486., 399507, 20230222213000)
 (4205., 4212., 4204., 4210.,  2604., 399732, 20230222214500)
 (4210., 4210., 4203., 4207.,  1611., 399430, 20230222220000)
 (4206., 4215., 4206., 4214.,  2036., 399436, 20230222221500)
 (4215., 4228., 4211., 4212.,  8334., 400263, 20230222223000)
 (4212., 4225., 4208., 4225.,  2450., 400040, 20230222224500)
 (4225., 4228., 4218., 4227.,  2186., 399789, 20230222230000)
 (4225., 4230., 4212., 4213.,  5614., 399820, 20230223091500)
 (4212., 4223., 4211., 4220.,  2490., 399863, 20230223093000)
 (4219., 4227., 4214., 4225.,  3505., 398796, 20230223094500)
 (4224., 4231., 4220., 4229.,  3921., 398644, 20230223100000)
 (4230., 4231., 4221., 4224.,  1865., 399066, 20230223101500)
 (4224., 4225., 4209., 4216.,  5491., 397821, 20230223104500)
 (4214., 4223., 4209., 4213.,  2279., 398228, 20230223110000)
 (4212., 4222., 4210., 4219.,  1977., 397589, 20230223111500)
 (4220., 4230., 4218., 4227.,  3282., 396979, 20230223113000)
 (4223., 4223., 4203., 4215.,  6231., 396492, 20230223134500)
 (4215., 4216., 4184., 4187.,  9565., 396169, 20230223140000)
 (4187., 4200., 4181., 4190.,  4998., 395494, 20230223141500)
 (4189., 4190., 4172., 4175.,  6891., 395484, 20230223143000)
 (4176., 4184., 4165., 4172.,  4159., 395878, 20230223144500)
 (4171., 4178., 4166., 4171.,  3722., 395887, 20230223150000)]
2023-02-24 15:30:00  INFO  [(4208., 4208., 4163., 4169., 20568., 402731, 20230223211500)
 (4168., 4173., 4161., 4169.,  3853., 403991, 20230223213000)
 (4168., 4183., 4168., 4182.,  2119., 404209, 20230223214500)
 (4182., 4183., 4166., 4169.,  3791., 404235, 20230223220000)
 (4170., 4177., 4168., 4174.,  1040., 404155, 20230223221500)
 (4173., 4180., 4173., 4178.,   503., 403972, 20230223223000)
 (4178., 4184., 4171., 4172.,   684., 403895, 20230223224500)
 (4173., 4186., 4172., 4181.,  2095., 403517, 20230223230000)
 (4180., 4183., 4170., 4174.,  1975., 403802, 20230224091500)
 (4174., 4178., 4167., 4175.,  1517., 404277, 20230224093000)
 (4175., 4176., 4156., 4165.,  4850., 405463, 20230224094500)
 (4164., 4175., 4163., 4172.,  2566., 405185, 20230224100000)
 (4173., 4182., 4173., 4179.,  3715., 404149, 20230224101500)
 (4180., 4180., 4171., 4171.,  3655., 405050, 20230224104500)
 (4171., 4173., 4153., 4153.,  6275., 405509, 20230224110000)
 (4154., 4158., 4140., 4153.,  8164., 404511, 20230224111500)
 (4153., 4163., 4150., 4154.,  2941., 404215, 20230224113000)
 (4152., 4157., 4142., 4142.,  5323., 404917, 20230224134500)
 (4141., 4150., 4134., 4149.,  4518., 404771, 20230224140000)
 (4148., 4156., 4146., 4147.,  1974., 404641, 20230224141500)
 (4147., 4153., 4141., 4150.,  5664., 404637, 20230224143000)
 (4150., 4158., 4146., 4157.,  2810., 403918, 20230224144500)
 (4157., 4166., 4157., 4164.,  2757., 403192, 20230224150000)]
2023-02-27 15:30:00  INFO  [(4150., 4150., 4122., 4149., 20199., 399587, 20230224211500)
 (4148., 4163., 4147., 4158.,  5208., 401144, 20230224213000)
 (4157., 4157., 4149., 4151.,  4065., 402191, 20230224214500)
 (4153., 4154., 4142., 4147.,  1503., 402517, 20230224220000)
 (4147., 4154., 4143., 4148.,  1342., 402613, 20230224221500)
 (4149., 4150., 4134., 4135.,  2314., 403613, 20230224223000)
 (4135., 4144., 4131., 4135.,  2491., 403701, 20230224224500)
 (4135., 4140., 4125., 4135.,  4359., 404573, 20230224230000)
 (4138., 4173., 4138., 4171., 10949., 401812, 20230227091500)
 (4171., 4174., 4164., 4172.,  2765., 401252, 20230227093000)
 (4173., 4179., 4169., 4177.,  2433., 401315, 20230227094500)
 (4177., 4180., 4174., 4178.,  2147., 401315, 20230227100000)
 (4180., 4180., 4163., 4168.,  2724., 400959, 20230227101500)
 (4168., 4171., 4164., 4167.,  2196., 399616, 20230227104500)
 (4165., 4173., 4161., 4167.,  1892., 399094, 20230227110000)
 (4168., 4170., 4157., 4157.,  1334., 399156, 20230227111500)
 (4157., 4160., 4129., 4132.,  9059., 399201, 20230227113000)
 (4131., 4137., 4124., 4132.,  7664., 399803, 20230227134500)
 (4131., 4146., 4130., 4137.,  3337., 399817, 20230227140000)
 (4137., 4143., 4136., 4137.,  1529., 399806, 20230227141500)
 (4137., 4141., 4128., 4130.,  1996., 400027, 20230227143000)
 (4129., 4139., 4125., 4138.,  2597., 400397, 20230227144500)
 (4137., 4143., 4133., 4140.,  2176., 400177, 20230227150000)]
2023-02-28 15:30:00  INFO  [(4140., 4143., 4123., 4126., 8228., 400432, 20230227211500)
 (4126., 4132., 4120., 4129., 2960., 400896, 20230227213000)
 (4130., 4137., 4125., 4126., 1541., 400928, 20230227214500)
 (4126., 4128., 4124., 4125., 1154., 401079, 20230227220000)
 (4125., 4128., 4118., 4122., 3779., 400837, 20230227221500)
 (4122., 4130., 4120., 4125., 1013., 400886, 20230227223000)
 (4124., 4127., 4119., 4121., 1001., 401206, 20230227224500)
 (4121., 4127., 4121., 4124.,  912., 401123, 20230227230000)
 (4124., 4140., 4124., 4134., 2699., 400545, 20230228091500)
 (4135., 4140., 4130., 4135., 1178., 400763, 20230228093000)
 (4135., 4139., 4123., 4124., 1228., 400991, 20230228094500)
 (4124., 4124., 4115., 4115., 2850., 401626, 20230228100000)
 (4115., 4124., 4114., 4118., 1486., 401976, 20230228101500)
 (4119., 4122., 4113., 4121., 1948., 401570, 20230228104500)
 (4121., 4133., 4115., 4116., 2382., 401869, 20230228110000)
 (4116., 4117., 4111., 4115., 1616., 401921, 20230228111500)
 (4115., 4127., 4112., 4120., 2547., 402039, 20230228113000)
 (4122., 4122., 4113., 4118., 3037., 402710, 20230228134500)
 (4118., 4122., 4115., 4117.,  658., 402694, 20230228140000)
 (4117., 4117., 4105., 4110., 3023., 403412, 20230228141500)
 (4110., 4115., 4103., 4107., 1998., 403663, 20230228143000)
 (4107., 4120., 4104., 4120., 1357., 403677, 20230228144500)
 (4122., 4133., 4117., 4126., 4106., 403241, 20230228150000)]
2023-03-01 15:30:00  INFO  [(4128., 4150., 4128., 4141., 8951., 405625, 20230228211500)
 (4142., 4145., 4129., 4129., 3251., 406112, 20230228213000)
 (4129., 4133., 4125., 4128., 4143., 407465, 20230228214500)
 (4128., 4132., 4123., 4125., 2173., 408233, 20230228220000)
 (4126., 4132., 4125., 4129.,  854., 408337, 20230228221500)
 (4130., 4133., 4125., 4130.,  392., 408445, 20230228223000)
 (4130., 4130., 4121., 4123., 1200., 408445, 20230228224500)
 (4124., 4130., 4124., 4129.,  505., 408384, 20230228230000)
 (4125., 4132., 4115., 4127., 2088., 408648, 20230301091500)
 (4127., 4137., 4126., 4137., 1441., 408990, 20230301093000)
 (4137., 4142., 4130., 4137., 2336., 409037, 20230301094500)
 (4138., 4158., 4136., 4156., 4556., 408907, 20230301100000)
 (4157., 4164., 4150., 4164., 3774., 408457, 20230301101500)
 (4162., 4168., 4156., 4162., 4552., 408696, 20230301104500)
 (4163., 4164., 4152., 4159., 2807., 409064, 20230301110000)
 (4159., 4161., 4155., 4161., 1594., 408688, 20230301111500)
 (4161., 4163., 4155., 4163., 1497., 408246, 20230301113000)
 (4158., 4158., 4142., 4147., 3602., 408429, 20230301134500)
 (4148., 4149., 4138., 4140., 2872., 409703, 20230301140000)
 (4139., 4156., 4139., 4153., 1715., 409632, 20230301141500)
 (4152., 4170., 4152., 4160., 3983., 409224, 20230301143000)
 (4159., 4161., 4154., 4159., 1979., 409914, 20230301144500)
 (4159., 4168., 4157., 4160., 5752., 410744, 20230301150000)]
2023-03-02 15:30:00  INFO  [(4151., 4169., 4151., 4155., 5945., 413705, 20230301211500)
 (4155., 4162., 4153., 4154., 1104., 413925, 20230301213000)
 (4153., 4160., 4153., 4157.,  909., 413971, 20230301214500)
 (4157., 4160., 4153., 4160.,  593., 414028, 20230301220000)
 (4160., 4160., 4154., 4156.,  868., 414095, 20230301221500)
 (4156., 4156., 4152., 4155.,  899., 414405, 20230301223000)
 (4155., 4162., 4154., 4159.,  710., 414390, 20230301224500)
 (4157., 4165., 4156., 4162., 2064., 415009, 20230301230000)
 (4163., 4177., 4160., 4175., 5403., 415489, 20230302091500)
 (4175., 4180., 4174., 4177., 3984., 416799, 20230302093000)
 (4180., 4180., 4164., 4165., 2681., 417040, 20230302094500)
 (4165., 4174., 4165., 4174., 1798., 417024, 20230302100000)
 (4174., 4175., 4165., 4167., 1551., 417048, 20230302101500)
 (4169., 4170., 4160., 4162., 4445., 416674, 20230302104500)
 (4161., 4172., 4160., 4170., 2460., 416201, 20230302110000)
 (4170., 4172., 4166., 4169.,  913., 416185, 20230302111500)
 (4169., 4171., 4166., 4167.,  999., 416664, 20230302113000)
 (4167., 4182., 4160., 4172., 8501., 417007, 20230302134500)
 (4172., 4178., 4170., 4175., 3325., 416147, 20230302140000)
 (4176., 4177., 4171., 4175., 3503., 415100, 20230302141500)
 (4175., 4179., 4173., 4176., 1797., 414847, 20230302143000)
 (4174., 4180., 4174., 4177., 1121., 414440, 20230302144500)
 (4176., 4180., 4174., 4174., 2516., 413941, 20230302150000)]
2023-03-03 15:30:00  INFO  [(4165., 4191., 4165., 4178., 8944., 415587, 20230302211500)
 (4178., 4186., 4177., 4182., 2736., 416338, 20230302213000)
 (4183., 4186., 4179., 4181., 1464., 416622, 20230302214500)
 (4181., 4182., 4173., 4176., 2946., 416811, 20230302220000)
 (4177., 4180., 4171., 4177., 1682., 416387, 20230302221500)
 (4179., 4180., 4173., 4176., 1268., 416205, 20230302223000)
 (4175., 4176., 4168., 4175., 2007., 416151, 20230302224500)
 (4174., 4181., 4172., 4181., 1347., 415959, 20230302230000)
 (4183., 4192., 4176., 4187., 4289., 416524, 20230303091500)
 (4189., 4190., 4185., 4190., 1236., 416564, 20230303093000)
 (4189., 4194., 4187., 4192., 2642., 416228, 20230303094500)
 (4193., 4206., 4191., 4205., 4320., 416901, 20230303100000)
 (4206., 4209., 4203., 4205., 2718., 417545, 20230303101500)
 (4204., 4213., 4204., 4211., 1925., 417488, 20230303104500)
 (4211., 4213., 4203., 4208., 2081., 417835, 20230303110000)
 (4208., 4208., 4198., 4206., 2763., 418101, 20230303111500)
 (4205., 4212., 4205., 4212., 1138., 417806, 20230303113000)
 (4213., 4217., 4205., 4216., 3478., 417324, 20230303134500)
 (4214., 4217., 4209., 4212., 1450., 417277, 20230303140000)
 (4212., 4218., 4211., 4214., 2931., 417798, 20230303141500)
 (4217., 4220., 4215., 4217., 2942., 417037, 20230303143000)
 (4218., 4220., 4214., 4215., 2113., 416816, 20230303144500)
 (4216., 4219., 4212., 4215., 4150., 415746, 20230303150000)]
2023-03-06 15:30:00  INFO  [(4202., 4215., 4198., 4201.,  8974., 414358, 20230303211500)
 (4201., 4203., 4188., 4189.,  5908., 414002, 20230303213000)
 (4189., 4198., 4187., 4194.,  3594., 413252, 20230303214500)
 (4193., 4198., 4189., 4190.,  1419., 413471, 20230303220000)
 (4190., 4203., 4189., 4200.,  2551., 414023, 20230303221500)
 (4200., 4204., 4196., 4200.,  1601., 414246, 20230303223000)
 (4199., 4203., 4194., 4197.,  1565., 414748, 20230303224500)
 (4196., 4196., 4187., 4194.,  3703., 415361, 20230303230000)
 (4180., 4180., 4135., 4144., 29661., 419088, 20230306091500)
 (4143., 4147., 4139., 4139.,  4047., 419667, 20230306093000)
 (4139., 4145., 4134., 4138.,  3687., 420409, 20230306094500)
 (4138., 4147., 4133., 4141.,  4744., 422446, 20230306100000)
 (4141., 4144., 4133., 4136.,  3303., 424257, 20230306101500)
 (4135., 4138., 4129., 4131.,  4614., 425193, 20230306104500)
 (4130., 4145., 4129., 4143.,  4216., 424939, 20230306110000)
 (4145., 4145., 4137., 4137.,   898., 424976, 20230306111500)
 (4137., 4141., 4133., 4141.,  4392., 424959, 20230306113000)
 (4142., 4145., 4138., 4142.,  2094., 424742, 20230306134500)
 (4141., 4150., 4140., 4148.,  3127., 425290, 20230306140000)
 (4149., 4157., 4149., 4157.,  3367., 425531, 20230306141500)
 (4155., 4157., 4146., 4149.,  1340., 425818, 20230306143000)
 (4150., 4162., 4147., 4160.,  3862., 426861, 20230306144500)
 (4161., 4164., 4158., 4159.,  3686., 426757, 20230306150000)]
2023-03-07 15:30:00  INFO  [(4159., 4166., 4145., 4153., 5851., 425840, 20230306211500)
 (4153., 4161., 4153., 4158., 1514., 425834, 20230306213000)
 (4158., 4162., 4152., 4152., 1309., 426150, 20230306214500)
 (4152., 4153., 4147., 4149., 1879., 426950, 20230306220000)
 (4149., 4156., 4148., 4153., 1015., 427026, 20230306221500)
 (4153., 4160., 4152., 4157.,  482., 426882, 20230306223000)
 (4158., 4158., 4151., 4154.,  516., 426762, 20230306224500)
 (4155., 4158., 4152., 4152.,  664., 426744, 20230306230000)
 (4156., 4164., 4149., 4161., 2552., 426723, 20230307091500)
 (4161., 4163., 4155., 4162., 2021., 427629, 20230307093000)
 (4163., 4184., 4159., 4181., 5285., 427053, 20230307094500)
 (4182., 4195., 4180., 4187., 7694., 426796, 20230307100000)
 (4185., 4190., 4180., 4186., 2407., 426415, 20230307101500)
 (4186., 4198., 4184., 4198., 3375., 426221, 20230307104500)
 (4197., 4199., 4186., 4190., 3271., 426277, 20230307110000)
 (4189., 4193., 4181., 4193., 3773., 425937, 20230307111500)
 (4193., 4213., 4193., 4210., 9528., 427130, 20230307113000)
 (4207., 4214., 4205., 4208., 4458., 428018, 20230307134500)
 (4208., 4209., 4198., 4208., 3855., 429496, 20230307140000)
 (4208., 4212., 4196., 4200., 4044., 430291, 20230307141500)
 (4200., 4203., 4194., 4198., 2012., 430274, 20230307143000)
 (4197., 4200., 4191., 4195., 3353., 429453, 20230307144500)
 (4195., 4197., 4188., 4192., 3083., 429159, 20230307150000)]
2023-03-08 15:30:00  INFO  [(4187., 4205., 4187., 4192., 4448., 429833, 20230307211500)
 (4191., 4196., 4190., 4194., 3131., 429556, 20230307213000)
 (4193., 4198., 4191., 4195., 2885., 429514, 20230307214500)
 (4195., 4200., 4193., 4199., 1063., 429675, 20230307220000)
 (4199., 4206., 4199., 4202., 5111., 427772, 20230307221500)
 (4201., 4209., 4201., 4204., 1429., 427720, 20230307223000)
 (4204., 4204., 4195., 4197., 1461., 427838, 20230307224500)
 (4196., 4198., 4193., 4197., 1486., 428195, 20230307230000)
 (4185., 4191., 4167., 4188., 8654., 429624, 20230308091500)
 (4188., 4193., 4184., 4190., 1839., 429975, 20230308093000)
 (4190., 4201., 4188., 4194., 4881., 430885, 20230308094500)
 (4196., 4200., 4189., 4197., 1753., 431176, 20230308100000)
 (4197., 4199., 4189., 4197., 1498., 431640, 20230308101500)
 (4196., 4200., 4191., 4192., 1439., 431863, 20230308104500)
 (4192., 4196., 4183., 4184., 2679., 431619, 20230308110000)
 (4184., 4190., 4179., 4187., 3990., 432722, 20230308111500)
 (4189., 4193., 4180., 4181., 6671., 432783, 20230308113000)
 (4185., 4191., 4173., 4173., 3859., 434064, 20230308134500)
 (4173., 4186., 4173., 4179., 6225., 435551, 20230308140000)
 (4180., 4183., 4173., 4176., 4841., 436269, 20230308141500)
 (4176., 4180., 4170., 4170., 7392., 436982, 20230308143000)
 (4170., 4177., 4166., 4176., 4911., 437881, 20230308144500)
 (4177., 4181., 4173., 4175., 2429., 436666, 20230308150000)]
2023-03-09 15:30:00  INFO  [(4175., 4190., 4170., 4189., 12947., 437538, 20230308211500)
 (4189., 4191., 4181., 4184.,  3944., 437754, 20230308213000)
 (4183., 4188., 4181., 4183.,  3237., 437415, 20230308214500)
 (4184., 4189., 4181., 4182.,  1533., 437498, 20230308220000)
 (4182., 4185., 4170., 4171.,  6350., 439079, 20230308221500)
 (4170., 4174., 4154., 4161.,  5951., 438648, 20230308223000)
 (4161., 4161., 4140., 4145.,  8846., 438297, 20230308224500)
 (4145., 4166., 4145., 4164.,  4716., 437634, 20230308230000)
 (4165., 4170., 4153., 4160.,  2926., 437878, 20230309091500)
 (4160., 4165., 4159., 4162.,  2582., 437769, 20230309093000)
 (4161., 4166., 4156., 4164.,  1668., 438399, 20230309094500)
 (4163., 4163., 4152., 4155.,  1672., 438604, 20230309100000)
 (4155., 4163., 4151., 4162.,  2173., 438900, 20230309101500)
 (4163., 4165., 4151., 4156.,  3145., 439775, 20230309104500)
 (4154., 4157., 4143., 4146.,  2615., 440524, 20230309110000)
 (4147., 4148., 4137., 4141.,  6173., 440676, 20230309111500)
 (4141., 4156., 4140., 4148.,  3571., 440858, 20230309113000)
 (4148., 4185., 4148., 4179., 18543., 444971, 20230309134500)
 (4180., 4190., 4173., 4180., 11442., 447535, 20230309140000)
 (4179., 4193., 4176., 4193.,  6593., 448650, 20230309141500)
 (4192., 4214., 4191., 4211., 19034., 449600, 20230309143000)
 (4212., 4222., 4206., 4221., 11985., 453015, 20230309144500)
 (4221., 4230., 4217., 4223., 21897., 455144, 20230309150000)]
2023-03-10 15:30:00  INFO  [(4223., 4238., 4223., 4236., 17145., 457555, 20230309211500)
 (4235., 4240., 4227., 4239.,  5619., 458364, 20230309213000)
 (4237., 4240., 4232., 4238.,  6474., 460508, 20230309214500)
 (4238., 4246., 4236., 4245.,  7516., 462152, 20230309220000)
 (4245., 4252., 4244., 4251.,  5676., 463693, 20230309221500)
 (4251., 4251., 4236., 4239.,  8457., 463183, 20230309223000)
 (4239., 4247., 4239., 4245.,  3038., 462820, 20230309224500)
 (4245., 4250., 4242., 4247.,  2851., 462498, 20230309230000)
 (4244., 4244., 4233., 4238.,  6461., 462246, 20230310091500)
 (4238., 4244., 4231., 4234.,  2032., 462288, 20230310093000)
 (4235., 4239., 4228., 4238.,  2880., 462106, 20230310094500)
 (4237., 4242., 4233., 4235.,  1967., 461669, 20230310100000)
 (4234., 4239., 4225., 4229.,  3554., 461942, 20230310101500)
 (4228., 4237., 4226., 4237.,  2833., 461315, 20230310104500)
 (4237., 4239., 4228., 4234.,  3217., 460909, 20230310110000)
 (4234., 4237., 4223., 4224.,  1777., 460709, 20230310111500)
 (4224., 4227., 4216., 4223.,  6475., 459390, 20230310113000)
 (4223., 4242., 4222., 4237.,  5199., 459788, 20230310134500)
 (4236., 4247., 4236., 4245.,  4112., 460124, 20230310140000)
 (4245., 4250., 4239., 4246.,  4566., 460065, 20230310141500)
 (4246., 4251., 4238., 4247.,  3071., 460669, 20230310143000)
 (4248., 4252., 4241., 4242.,  5849., 461658, 20230310144500)
 (4243., 4243., 4213., 4214., 11429., 460810, 20230310150000)]
2023-03-13 15:30:00  INFO  [(4210., 4239., 4210., 4225., 10269., 460335, 20230310211500)
 (4225., 4235., 4224., 4230.,  2608., 460674, 20230310213000)
 (4230., 4260., 4230., 4253., 10545., 461239, 20230310214500)
 (4253., 4259., 4247., 4248.,  4784., 462524, 20230310220000)
 (4249., 4254., 4243., 4245.,  2106., 462221, 20230310221500)
 (4246., 4256., 4246., 4249.,  3135., 461466, 20230310223000)
 (4249., 4252., 4244., 4248.,  1092., 461381, 20230310224500)
 (4247., 4254., 4237., 4252.,  4182., 461647, 20230310230000)
 (4248., 4260., 4236., 4248.,  9705., 462200, 20230313091500)
 (4249., 4261., 4246., 4259.,  8195., 460840, 20230313093000)
 (4259., 4275., 4257., 4273.,  8556., 463042, 20230313094500)
 (4272., 4277., 4262., 4264., 10687., 465377, 20230313100000)
 (4264., 4270., 4255., 4260.,  6332., 465765, 20230313101500)
 (4261., 4275., 4261., 4274.,  7441., 463935, 20230313104500)
 (4274., 4277., 4268., 4272.,  3849., 464216, 20230313110000)
 (4273., 4276., 4266., 4269.,  1817., 464370, 20230313111500)
 (4268., 4276., 4267., 4270.,  3140., 464828, 20230313113000)
 (4270., 4273., 4262., 4263.,  4217., 465084, 20230313134500)
 (4264., 4267., 4259., 4264.,  2785., 466116, 20230313140000)
 (4264., 4270., 4261., 4269.,  1251., 466252, 20230313141500)
 (4269., 4272., 4264., 4264.,  1150., 466024, 20230313143000)
 (4264., 4270., 4262., 4268.,  1093., 465962, 20230313144500)
 (4269., 4274., 4265., 4267.,  3805., 465937, 20230313150000)]
2023-03-14 15:30:00  INFO  [(4233., 4257., 4225., 4246., 20118., 466137, 20230313211500)
 (4246., 4262., 4246., 4258.,  5690., 466485, 20230313213000)
 (4259., 4262., 4251., 4257.,  3642., 466032, 20230313214500)
 (4257., 4263., 4253., 4260.,  3096., 466030, 20230313220000)
 (4259., 4271., 4259., 4267.,  6415., 466031, 20230313221500)
 (4268., 4269., 4263., 4265.,  3839., 465926, 20230313223000)
 (4265., 4276., 4264., 4274.,  5793., 466353, 20230313224500)
 (4273., 4279., 4271., 4272.,  3944., 465504, 20230313230000)
 (4271., 4283., 4266., 4272.,  5747., 466122, 20230314091500)
 (4272., 4274., 4263., 4264.,  4102., 466577, 20230314093000)
 (4264., 4266., 4257., 4264.,  5954., 467408, 20230314094500)
 (4263., 4267., 4256., 4259.,  4530., 467892, 20230314100000)
 (4259., 4264., 4256., 4261.,  3652., 468737, 20230314101500)
 (4260., 4267., 4253., 4264., 10113., 468016, 20230314104500)
 (4264., 4264., 4242., 4246., 12037., 467651, 20230314110000)
 (4246., 4256., 4243., 4253.,  6290., 467426, 20230314111500)
 (4252., 4259., 4250., 4250.,  4333., 468213, 20230314113000)
 (4252., 4285., 4250., 4284., 37167., 486571, 20230314134500)
 (4284., 4290., 4273., 4286., 28884., 492914, 20230314140000)
 (4286., 4328., 4286., 4311., 52831., 506194, 20230314141500)
 (4311., 4324., 4298., 4320., 34841., 522539, 20230314143000)
 (4320., 4326., 4311., 4322., 23852., 532180, 20230314144500)
 (4322., 4322., 4300., 4312., 29518., 542024, 20230314150000)]
2023-03-15 15:30:00  INFO  [(4312., 4320., 4283., 4289., 55003., 549943, 20230314211500)
 (4289., 4293., 4283., 4285., 13383., 551790, 20230314213000)
 (4286., 4303., 4283., 4297., 14800., 552948, 20230314214500)
 (4296., 4314., 4293., 4311., 25336., 565453, 20230314220000)
 (4311., 4318., 4304., 4317., 14806., 568324, 20230314221500)
 (4317., 4319., 4309., 4309.,  4962., 569528, 20230314223000)
 (4309., 4313., 4304., 4310.,  5786., 569222, 20230314224500)
 (4310., 4312., 4307., 4310.,  3680., 570525, 20230314230000)
 (4311., 4311., 4301., 4306.,  6890., 573159, 20230315091500)
 (4307., 4318., 4305., 4317.,  9013., 576936, 20230315093000)
 (4317., 4317., 4307., 4311.,  8557., 580151, 20230315094500)
 (4310., 4310., 4305., 4306.,  4661., 580619, 20230315100000)
 (4306., 4324., 4305., 4314., 11113., 581145, 20230315101500)
 (4313., 4315., 4304., 4304.,  7568., 583693, 20230315104500)
 (4305., 4310., 4289., 4297., 11496., 586703, 20230315110000)
 (4298., 4300., 4287., 4287., 12795., 586228, 20230315111500)
 (4287., 4292., 4284., 4289.,  8092., 588561, 20230315113000)
 (4289., 4297., 4278., 4296., 16743., 591320, 20230315134500)
 (4296., 4297., 4268., 4273., 13394., 593062, 20230315140000)
 (4272., 4278., 4266., 4272., 11248., 593805, 20230315141500)
 (4272., 4282., 4265., 4267.,  8215., 593405, 20230315143000)
 (4266., 4270., 4254., 4263., 13881., 597083, 20230315144500)
 (4263., 4273., 4261., 4265., 12036., 599557, 20230315150000)]
2023-03-16 15:30:00  INFO  [(4225., 4245., 4208., 4231., 44614., 597564, 20230315211500)
 (4231., 4238., 4220., 4229., 13906., 598727, 20230315213000)
 (4229., 4243., 4225., 4237., 13815., 601052, 20230315214500)
 (4237., 4240., 4225., 4225.,  6777., 602179, 20230315220000)
 (4226., 4231., 4223., 4225.,  7236., 601135, 20230315221500)
 (4227., 4230., 4224., 4226.,  3256., 601786, 20230315223000)
 (4226., 4226., 4209., 4217., 16932., 603580, 20230315224500)
 (4216., 4225., 4216., 4222.,  6228., 602534, 20230315230000)
 (4224., 4234., 4201., 4201., 22510., 603009, 20230316091500)
 (4202., 4212., 4193., 4203., 20881., 607849, 20230316093000)
 (4203., 4209., 4195., 4198.,  9450., 608229, 20230316094500)
 (4198., 4204., 4193., 4193., 10383., 608412, 20230316100000)
 (4193., 4195., 4167., 4167., 29055., 612889, 20230316101500)
 (4166., 4169., 4148., 4148., 27321., 613775, 20230316104500)
 (4148., 4171., 4140., 4164., 25861., 617068, 20230316110000)
 (4164., 4178., 4162., 4172., 18892., 616360, 20230316111500)
 (4172., 4185., 4167., 4180., 13067., 615920, 20230316113000)
 (4185., 4195., 4170., 4179., 24076., 622131, 20230316134500)
 (4178., 4186., 4175., 4176., 13081., 626697, 20230316140000)
 (4176., 4181., 4152., 4158., 13124., 630179, 20230316141500)
 (4158., 4165., 4152., 4155.,  7842., 631966, 20230316143000)
 (4156., 4160., 4146., 4147.,  8991., 633895, 20230316144500)
 (4146., 4153., 4138., 4138., 21269., 635512, 20230316150000)]
2023-03-17 15:30:00  INFO  [(4150., 4155., 4125., 4147., 30564., 636662, 20230316211500)
 (4146., 4149., 4136., 4137., 11204., 638585, 20230316213000)
 (4136., 4140., 4123., 4123., 16269., 638513, 20230316214500)
 (4124., 4127., 4113., 4122., 18775., 640549, 20230316220000)
 (4121., 4138., 4119., 4129., 11574., 640417, 20230316221500)
 (4129., 4130., 4112., 4114., 10390., 641690, 20230316223000)
 (4113., 4124., 4110., 4120.,  8383., 642010, 20230316224500)
 (4118., 4149., 4118., 4149., 12118., 639421, 20230316230000)
 (4150., 4163., 4150., 4160., 19765., 641062, 20230317091500)
 (4160., 4171., 4158., 4164., 11493., 639868, 20230317093000)
 (4164., 4168., 4160., 4164.,  6450., 640353, 20230317094500)
 (4163., 4167., 4157., 4166.,  4682., 641102, 20230317100000)
 (4167., 4178., 4164., 4173., 12901., 640416, 20230317101500)
 (4172., 4189., 4170., 4187., 12826., 639575, 20230317104500)
 (4186., 4188., 4173., 4176., 16626., 641382, 20230317110000)
 (4175., 4193., 4172., 4193., 14208., 640730, 20230317111500)
 (4193., 4198., 4189., 4197., 13213., 640724, 20230317113000)
 (4196., 4199., 4176., 4183., 22402., 635557, 20230317134500)
 (4183., 4188., 4174., 4174.,  8778., 634459, 20230317140000)
 (4174., 4176., 4162., 4169., 19173., 636541, 20230317141500)
 (4169., 4175., 4164., 4165., 11762., 638813, 20230317143000)
 (4165., 4175., 4157., 4174.,  9699., 638896, 20230317144500)
 (4173., 4183., 4171., 4177., 12315., 641047, 20230317150000)]
2023-03-20 15:30:00  INFO  [(4205., 4210., 4178., 4187., 36941., 643672, 20230317211500)
 (4186., 4198., 4184., 4190.,  7726., 644246, 20230317213000)
 (4189., 4196., 4186., 4190.,  8376., 645802, 20230317214500)
 (4190., 4190., 4174., 4176.,  6791., 646778, 20230317220000)
 (4176., 4184., 4171., 4176.,  8286., 647034, 20230317221500)
 (4176., 4181., 4171., 4175.,  3720., 647442, 20230317223000)
 (4175., 4182., 4168., 4171.,  5246., 648201, 20230317224500)
 (4172., 4183., 4171., 4179.,  8697., 647250, 20230317230000)
 (4182., 4188., 4148., 4168., 41215., 645860, 20230320091500)
 (4168., 4180., 4162., 4177., 10058., 645892, 20230320093000)
 (4177., 4178., 4148., 4154., 16267., 648018, 20230320094500)
 (4154., 4162., 4129., 4138., 27255., 652315, 20230320100000)
 (4137., 4150., 4137., 4149., 10413., 654400, 20230320101500)
 (4150., 4152., 4142., 4146.,  9793., 655606, 20230320104500)
 (4146., 4170., 4145., 4157., 13024., 655807, 20230320110000)
 (4157., 4160., 4144., 4149.,  7811., 656587, 20230320111500)
 (4149., 4151., 4138., 4148.,  7725., 657606, 20230320113000)
 (4149., 4149., 4135., 4139.,  9327., 659291, 20230320134500)
 (4139., 4149., 4138., 4142.,  4815., 659313, 20230320140000)
 (4142., 4145., 4126., 4127.,  9488., 661374, 20230320141500)
 (4127., 4135., 4115., 4125., 21594., 664972, 20230320143000)
 (4125., 4134., 4120., 4121.,  7936., 666563, 20230320144500)
 (4121., 4128., 4118., 4120., 12697., 668345, 20230320150000)]
2023-03-21 15:30:00  INFO  [(4135., 4137., 4123., 4129., 21586., 669008, 20230320211500)
 (4129., 4134., 4122., 4130.,  9924., 671436, 20230320213000)
 (4130., 4132., 4118., 4120.,  9165., 671914, 20230320214500)
 (4120., 4131., 4115., 4131.,  8910., 671350, 20230320220000)
 (4132., 4135., 4120., 4121.,  5094., 671228, 20230320221500)
 (4121., 4125., 4116., 4119.,  5082., 672590, 20230320223000)
 (4119., 4122., 4104., 4110., 14461., 673606, 20230320224500)
 (4109., 4121., 4107., 4119.,  9261., 672966, 20230320230000)
 (4123., 4139., 4123., 4136., 17832., 673291, 20230321091500)
 (4137., 4143., 4136., 4136., 11806., 674448, 20230321093000)
 (4136., 4144., 4129., 4130., 11487., 676891, 20230321094500)
 (4130., 4135., 4127., 4135.,  4740., 677587, 20230321100000)
 (4135., 4140., 4120., 4122.,  7294., 679136, 20230321101500)
 (4122., 4127., 4092., 4097., 32098., 686222, 20230321104500)
 (4097., 4108., 4087., 4092., 21438., 690227, 20230321110000)
 (4093., 4102., 4086., 4091., 14917., 690391, 20230321111500)
 (4092., 4105., 4090., 4094.,  9656., 691355, 20230321113000)
 (4100., 4103., 4072., 4074., 38113., 701986, 20230321134500)
 (4074., 4079., 4070., 4078., 20592., 707772, 20230321140000)
 (4078., 4088., 4076., 4083., 13043., 708882, 20230321141500)
 (4084., 4090., 4081., 4084.,  9824., 711866, 20230321143000)
 (4083., 4089., 4079., 4088., 10294., 713396, 20230321144500)
 (4088., 4091., 4072., 4072., 19950., 712879, 20230321150000)]
2023-03-22 15:30:00  INFO  [(4094., 4095., 4073., 4087., 52820., 726709, 20230321211500)
 (4086., 4090., 4080., 4090., 12950., 727716, 20230321213000)
 (4089., 4110., 4088., 4102., 31413., 729382, 20230321214500)
 (4102., 4104., 4096., 4101., 10379., 729176, 20230321220000)
 (4102., 4105., 4096., 4096.,  8524., 729382, 20230321221500)
 (4097., 4099., 4082., 4091., 15210., 729550, 20230321223000)
 (4091., 4103., 4088., 4099., 12032., 732186, 20230321224500)
 (4099., 4118., 4098., 4108., 18070., 733156, 20230321230000)
 (4107., 4122., 4106., 4109., 27064., 741511, 20230322091500)
 (4109., 4110., 4100., 4106.,  9837., 740849, 20230322093000)
 (4107., 4112., 4093., 4095., 13177., 741301, 20230322094500)
 (4095., 4098., 4081., 4084., 14822., 742297, 20230322100000)
 (4085., 4093., 4065., 4078., 27237., 744508, 20230322101500)
 (4077., 4077., 4061., 4067., 17024., 748110, 20230322104500)
 (4067., 4083., 4060., 4062., 22134., 751521, 20230322110000)
 (4061., 4070., 4058., 4058., 11574., 753476, 20230322111500)
 (4059., 4066., 4057., 4061.,  9458., 754344, 20230322113000)
 (4060., 4067., 4055., 4055., 12950., 756697, 20230322134500)
 (4055., 4065., 4055., 4057.,  5626., 757416, 20230322140000)
 (4056., 4060., 4050., 4053., 12513., 760722, 20230322141500)
 (4052., 4078., 4052., 4076., 20495., 761502, 20230322143000)
 (4075., 4081., 4069., 4077., 17092., 761358, 20230322144500)
 (4077., 4094., 4073., 4081., 25726., 757265, 20230322150000)]
2023-03-23 15:30:00  INFO  [(4091., 4094., 4078., 4079., 22174., 761504, 20230322211500)
 (4079., 4087., 4071., 4075., 10562., 764883, 20230322213000)
 (4074., 4076., 4069., 4073.,  6898., 765754, 20230322214500)
 (4074., 4078., 4070., 4074.,  4080., 765812, 20230322220000)
 (4074., 4080., 4073., 4074.,  7178., 765514, 20230322221500)
 (4075., 4081., 4074., 4078.,  3079., 765714, 20230322223000)
 (4079., 4095., 4079., 4089., 13575., 764905, 20230322224500)
 (4090., 4104., 4087., 4103., 15572., 763225, 20230322230000)
 (4106., 4109., 4085., 4105., 32041., 770527, 20230323091500)
 (4105., 4114., 4100., 4107., 24264., 774979, 20230323093000)
 (4106., 4109., 4095., 4098., 11385., 778158, 20230323094500)
 (4097., 4105., 4097., 4102.,  7093., 779130, 20230323100000)
 (4102., 4106., 4088., 4091., 12943., 780105, 20230323101500)
 (4093., 4101., 4089., 4096., 11136., 781619, 20230323104500)
 (4096., 4107., 4094., 4096.,  9461., 781306, 20230323110000)
 (4096., 4099., 4090., 4092.,  7533., 782202, 20230323111500)
 (4092., 4093., 4074., 4080., 23872., 785191, 20230323113000)
 (4077., 4077., 4039., 4041., 99921., 813984, 20230323134500)
 (4042., 4046., 4025., 4037., 53690., 826523, 20230323140000)
 (4037., 4047., 4032., 4038., 32111., 835838, 20230323141500)
 (4038., 4048., 4038., 4044., 16433., 840185, 20230323143000)
 (4044., 4044., 4035., 4036., 11698., 840800, 20230323144500)
 (4036., 4040., 4026., 4033., 26758., 842880, 20230323150000)]
2023-03-24 15:30:00  INFO  [(4020., 4040., 4020., 4039., 37310., 842251, 20230323211500)
 (4039., 4039., 4023., 4035., 24040., 846173, 20230323213000)
 (4035., 4038., 4026., 4034., 11289., 848997, 20230323214500)
 (4034., 4038., 4031., 4033.,  7123., 849397, 20230323220000)
 (4032., 4034., 4023., 4030.,  8113., 851511, 20230323221500)
 (4030., 4031., 4014., 4022., 15703., 856714, 20230323223000)
 (4022., 4028., 4020., 4027.,  5983., 858143, 20230323224500)
 (4027., 4044., 4026., 4039., 14587., 855688, 20230323230000)
 (4035., 4037., 4012., 4018., 19808., 856831, 20230324091500)
 (4017., 4023., 4002., 4009., 23370., 856669, 20230324093000)
 (4008., 4023., 4007., 4021., 13522., 858499, 20230324094500)
 (4021., 4022., 4007., 4010.,  8409., 860253, 20230324100000)
 (4010., 4029., 4010., 4022., 14251., 862558, 20230324101500)
 (4023., 4030., 4014., 4024., 11974., 863809, 20230324104500)
 (4023., 4048., 4023., 4039., 20777., 864266, 20230324110000)
 (4037., 4038., 4020., 4033., 16298., 868178, 20230324111500)
 (4033., 4049., 4031., 4046., 13387., 869186, 20230324113000)
 (4050., 4066., 4049., 4050., 38850., 871019, 20230324134500)
 (4051., 4058., 4042., 4054., 14399., 874076, 20230324140000)
 (4053., 4068., 4050., 4067., 22572., 880431, 20230324141500)
 (4066., 4075., 4057., 4071., 25106., 882650, 20230324143000)
 (4071., 4073., 4057., 4072., 24102., 888433, 20230324144500)
 (4071., 4072., 4055., 4060., 20893., 891944, 20230324150000)]
2023-03-27 15:30:00  INFO  [(4040., 4055., 4024., 4043., 42205., 894027, 20230324211500)
 (4043., 4057., 4042., 4054., 11087., 894859, 20230324213000)
 (4054., 4060., 4051., 4057.,  9717., 896373, 20230324214500)
 (4056., 4080., 4052., 4080., 19798., 897062, 20230324220000)
 (4080., 4084., 4071., 4083., 18403., 897084, 20230324221500)
 (4084., 4085., 4055., 4057., 19443., 897523, 20230324223000)
 (4058., 4066., 4057., 4060.,  8112., 897660, 20230324224500)
 (4060., 4064., 4037., 4040., 22896., 893742, 20230324230000)
 (4040., 4070., 4040., 4066., 34405., 895363, 20230327091500)
 (4066., 4080., 4065., 4075., 24873., 899098, 20230327093000)
 (4076., 4076., 4066., 4069., 16783., 901494, 20230327094500)
 (4070., 4071., 4055., 4062., 19334., 904268, 20230327100000)
 (4062., 4065., 4050., 4063., 13252., 906853, 20230327101500)
 (4063., 4069., 4060., 4067.,  7584., 908036, 20230327104500)
 (4068., 4068., 4055., 4061.,  7438., 909499, 20230327110000)
 (4061., 4066., 4056., 4058.,  5365., 910855, 20230327111500)
 (4059., 4059., 4044., 4050., 19931., 915569, 20230327113000)
 (4056., 4056., 4045., 4047., 12280., 915888, 20230327134500)
 (4046., 4062., 4046., 4056., 15729., 917451, 20230327140000)
 (4056., 4071., 4055., 4067., 15551., 919096, 20230327141500)
 (4067., 4068., 4058., 4062.,  6896., 920043, 20230327143000)
 (4062., 4066., 4060., 4060.,  4327., 919720, 20230327144500)
 (4060., 4063., 4057., 4060.,  8511., 920252, 20230327150000)]
2023-03-28 15:30:00  INFO  [(4070., 4081., 4066., 4077., 40237., 930430, 20230327211500)
 (4077., 4084., 4073., 4079., 25991., 931137, 20230327213000)
 (4081., 4091., 4075., 4078., 35122., 930187, 20230327214500)
 (4078., 4083., 4075., 4083.,  8055., 929643, 20230327220000)
 (4082., 4084., 4060., 4069., 25884., 927452, 20230327221500)
 (4069., 4075., 4066., 4069., 10633., 929565, 20230327223000)
 (4069., 4073., 4066., 4069.,  5191., 930687, 20230327224500)
 (4069., 4083., 4067., 4068., 14731., 929359, 20230327230000)
 (4067., 4087., 4067., 4084., 22848., 931947, 20230328091500)
 (4084., 4094., 4081., 4093., 18578., 935866, 20230328093000)
 (4092., 4093., 4076., 4084., 23037., 940374, 20230328094500)
 (4084., 4099., 4083., 4098., 31403., 943961, 20230328100000)
 (4099., 4101., 4091., 4099., 28118., 950201, 20230328101500)
 (4098., 4109., 4097., 4108., 23765., 951958, 20230328104500)
 (4107., 4108., 4100., 4104., 13823., 954787, 20230328110000)
 (4104., 4105., 4097., 4105., 14960., 956712, 20230328111500)
 (4105., 4110., 4100., 4107., 23910., 962164, 20230328113000)
 (4108., 4111., 4097., 4099., 20932., 963542, 20230328134500)
 (4099., 4105., 4091., 4095., 23132., 962852, 20230328140000)
 (4095., 4099., 4089., 4092., 15216., 967225, 20230328141500)
 (4092., 4102., 4091., 4100.,  9388., 969871, 20230328143000)
 (4100., 4103., 4096., 4100., 10728., 972053, 20230328144500)
 (4101., 4104., 4097., 4104., 10247., 971987, 20230328150000)]
2023-03-29 15:30:00  INFO  [(4108., 4118., 4107., 4112., 35873.,  973211, 20230328211500)
 (4111., 4115., 4108., 4111., 12557.,  976411, 20230328213000)
 (4112., 4120., 4111., 4117., 18568.,  980000, 20230328214500)
 (4117., 4126., 4114., 4124., 15962.,  981327, 20230328220000)
 (4125., 4128., 4116., 4119., 24297.,  987165, 20230328221500)
 (4119., 4119., 4108., 4111., 36423.,  991209, 20230328223000)
 (4112., 4120., 4110., 4117., 21972.,  986588, 20230328224500)
 (4117., 4120., 4107., 4112., 14135.,  988732, 20230328230000)
 (4111., 4118., 4098., 4105., 37805.,  993675, 20230329091500)
 (4105., 4110., 4100., 4104., 15500.,  997052, 20230329093000)
 (4104., 4111., 4100., 4107., 11409.,  999556, 20230329094500)
 (4107., 4120., 4107., 4118., 15975., 1001164, 20230329100000)
 (4118., 4120., 4105., 4110., 20411., 1004980, 20230329101500)
 (4110., 4125., 4110., 4116., 37826., 1011932, 20230329104500)
 (4116., 4120., 4110., 4113., 12804., 1017192, 20230329110000)
 (4112., 4115., 4105., 4111., 13413., 1020344, 20230329111500)
 (4111., 4112., 4099., 4102., 34778., 1025906, 20230329113000)
 (4100., 4115., 4096., 4112., 31557., 1026281, 20230329134500)
 (4113., 4115., 4108., 4113., 15412., 1029587, 20230329140000)
 (4114., 4115., 4097., 4100., 14873., 1029300, 20230329141500)
 (4100., 4110., 4098., 4107., 11537., 1028851, 20230329143000)
 (4108., 4112., 4101., 4111., 13408., 1030391, 20230329144500)
 (4110., 4123., 4105., 4118., 30462., 1031440, 20230329150000)]
2023-03-30 15:30:00  INFO  [(4130., 4137., 4121., 4123., 52015., 1031019, 20230329211500)
 (4123., 4126., 4118., 4122., 17680., 1034553, 20230329213000)
 (4123., 4130., 4121., 4125., 11627., 1035783, 20230329214500)
 (4125., 4126., 4121., 4124.,  7932., 1038176, 20230329220000)
 (4124., 4128., 4123., 4125.,  6117., 1038714, 20230329221500)
 (4126., 4127., 4122., 4124.,  2969., 1039183, 20230329223000)
 (4124., 4129., 4121., 4122.,  7267., 1039614, 20230329224500)
 (4123., 4129., 4121., 4126.,  7722., 1038833, 20230329230000)
 (4126., 4128., 4110., 4110., 24297., 1044368, 20230330091500)
 (4109., 4115., 4107., 4109., 24490., 1052259, 20230330093000)
 (4109., 4116., 4103., 4108., 18100., 1057414, 20230330094500)
 (4107., 4112., 4105., 4106.,  9899., 1058684, 20230330100000)
 (4107., 4120., 4105., 4119., 17109., 1058082, 20230330101500)
 (4120., 4120., 4108., 4109., 10638., 1060594, 20230330104500)
 (4108., 4111., 4101., 4103., 14664., 1066228, 20230330110000)
 (4103., 4113., 4103., 4108.,  9260., 1068344, 20230330111500)
 (4108., 4132., 4107., 4131., 36969., 1065745, 20230330113000)
 (4129., 4129., 4094., 4099., 84394., 1078891, 20230330134500)
 (4099., 4125., 4098., 4124., 50607., 1083013, 20230330140000)
 (4124., 4128., 4120., 4121., 29026., 1086210, 20230330141500)
 (4121., 4123., 4100., 4105., 39543., 1093954, 20230330143000)
 (4106., 4123., 4105., 4118., 21170., 1092188, 20230330144500)
 (4118., 4128., 4114., 4127., 35447., 1085398, 20230330150000)]
2023-03-31 15:30:00  INFO  [(4130., 4135., 4120., 4128., 43027., 1084676, 20230330211500)
 (4129., 4140., 4128., 4134., 38162., 1086812, 20230330213000)
 (4134., 4137., 4130., 4132., 13909., 1089032, 20230330214500)
 (4132., 4138., 4131., 4137., 12047., 1091947, 20230330220000)
 (4137., 4138., 4130., 4132., 15806., 1094812, 20230330221500)
 (4133., 4134., 4128., 4131., 10654., 1098308, 20230330223000)
 (4131., 4138., 4130., 4138.,  8318., 1098223, 20230330224500)
 (4138., 4141., 4131., 4136., 12627., 1097676, 20230330230000)
 (4136., 4163., 4133., 4159., 66059., 1099076, 20230331091500)
 (4158., 4162., 4150., 4161., 43020., 1107775, 20230331093000)
 (4162., 4164., 4153., 4161., 30774., 1116944, 20230331094500)
 (4162., 4167., 4156., 4167., 24198., 1125308, 20230331100000)
 (4167., 4175., 4160., 4167., 41893., 1136367, 20230331101500)
 (4167., 4178., 4164., 4170., 35327., 1141410, 20230331104500)
 (4170., 4172., 4163., 4164., 17336., 1146103, 20230331110000)
 (4164., 4167., 4160., 4161., 20979., 1149302, 20230331111500)
 (4161., 4169., 4155., 4158., 20478., 1151599, 20230331113000)
 (4157., 4160., 4153., 4156., 20438., 1153833, 20230331134500)
 (4155., 4163., 4154., 4156., 14897., 1159503, 20230331140000)
 (4156., 4160., 4145., 4145., 31583., 1170830, 20230331141500)
 (4146., 4153., 4133., 4137., 42885., 1168135, 20230331143000)
 (4137., 4145., 4132., 4139., 25801., 1170415, 20230331144500)
 (4138., 4145., 4135., 4136., 20641., 1171676, 20230331150000)]
2023-04-03 15:30:00  INFO  [(4137., 4140., 4117., 4139.,  83059., 1182263, 20230331211500)
 (4140., 4140., 4124., 4130.,  26755., 1184675, 20230331213000)
 (4130., 4138., 4129., 4135.,  16139., 1184893, 20230331214500)
 (4134., 4140., 4129., 4135.,  19681., 1187889, 20230331220000)
 (4135., 4138., 4125., 4131.,  17322., 1189266, 20230331221500)
 (4131., 4133., 4121., 4122.,  24206., 1194847, 20230331223000)
 (4122., 4130., 4121., 4126.,  19375., 1195699, 20230331224500)
 (4126., 4128., 4117., 4122.,  24495., 1199830, 20230331230000)
 (4128., 4133., 4090., 4102., 154459., 1217849, 20230403091500)
 (4102., 4113., 4094., 4097.,  65122., 1222188, 20230403093000)
 (4098., 4105., 4093., 4093.,  41226., 1227901, 20230403094500)
 (4094., 4102., 4090., 4094.,  35212., 1229044, 20230403100000)
 (4094., 4095., 4073., 4074.,  59927., 1237166, 20230403101500)
 (4073., 4080., 4063., 4078.,  84057., 1248562, 20230403104500)
 (4079., 4079., 4057., 4058.,  44804., 1252585, 20230403110000)
 (4058., 4071., 4055., 4064.,  43095., 1259137, 20230403111500)
 (4065., 4065., 4050., 4063.,  52747., 1256675, 20230403113000)
 (4063., 4067., 4054., 4054.,  30889., 1260817, 20230403134500)
 (4054., 4057., 4041., 4042.,  47841., 1266376, 20230403140000)
 (4042., 4053., 4036., 4048.,  53511., 1271006, 20230403141500)
 (4047., 4053., 4040., 4044.,  25854., 1271432, 20230403143000)
 (4043., 4048., 4026., 4033.,  50356., 1276964, 20230403144500)
 (4033., 4036., 4017., 4019.,  57667., 1281453, 20230403150000)]
2023-04-04 15:30:00  INFO  [(4020., 4028., 4013., 4021.,  87817., 1297953, 20230403211500)
 (4020., 4034., 4017., 4032.,  49108., 1300851, 20230403213000)
 (4032., 4038., 4028., 4028.,  46863., 1307345, 20230403214500)
 (4028., 4030., 4019., 4021.,  33873., 1312424, 20230403220000)
 (4022., 4035., 4022., 4028.,  21009., 1312570, 20230403221500)
 (4027., 4029., 4023., 4026.,  13258., 1314464, 20230403223000)
 (4027., 4030., 4018., 4027.,  16929., 1316777, 20230403224500)
 (4027., 4031., 4022., 4024.,  16005., 1316096, 20230403230000)
 (4024., 4025., 3990., 3994., 107523., 1329852, 20230404091500)
 (3993., 4001., 3984., 3987.,  77395., 1334811, 20230404093000)
 (3987., 3995., 3984., 3992.,  34157., 1340650, 20230404094500)
 (3992., 4008., 3987., 3987.,  51507., 1338783, 20230404100000)
 (3987., 3994., 3981., 3987.,  37870., 1341385, 20230404101500)
 (3987., 3988., 3975., 3977.,  51857., 1345364, 20230404104500)
 (3977., 3994., 3976., 3983.,  41850., 1346571, 20230404110000)
 (3982., 3988., 3978., 3981.,  27014., 1347394, 20230404111500)
 (3982., 3984., 3972., 3984.,  33911., 1349147, 20230404113000)
 (3985., 3994., 3979., 3983.,  47812., 1353731, 20230404134500)
 (3982., 3993., 3981., 3986.,  26835., 1356260, 20230404140000)
 (3985., 3988., 3978., 3981.,  30356., 1362180, 20230404141500)
 (3981., 3983., 3974., 3977.,  34585., 1367318, 20230404143000)
 (3977., 3996., 3971., 3993.,  68338., 1358227, 20230404144500)
 (3993., 3993., 3974., 3975.,  78196., 1352877, 20230404150000)]
2023-04-06 15:30:00  INFO  [(3982., 3988., 3978., 3981.,  27014., 1347394, 20230404111500)
 (3982., 3984., 3972., 3984.,  33911., 1349147, 20230404113000)
 (3985., 3994., 3979., 3983.,  47812., 1353731, 20230404134500)
 (3982., 3993., 3981., 3986.,  26835., 1356260, 20230404140000)
 (3985., 3988., 3978., 3981.,  30356., 1362180, 20230404141500)
 (3981., 3983., 3974., 3977.,  34585., 1367318, 20230404143000)
 (3977., 3996., 3971., 3993.,  68338., 1358227, 20230404144500)
 (3993., 3993., 3974., 3975.,  78196., 1352877, 20230404150000)
 (3960., 3979., 3935., 3975., 228303., 1376610, 20230406091500)
 (3975., 3978., 3955., 3960.,  81277., 1388221, 20230406093000)
 (3961., 3970., 3956., 3956.,  45352., 1394710, 20230406094500)
 (3957., 3966., 3955., 3964.,  34415., 1399094, 20230406100000)
 (3963., 3978., 3962., 3973.,  55249., 1405195, 20230406101500)
 (3974., 3976., 3959., 3964.,  44006., 1405182, 20230406104500)
 (3964., 3967., 3952., 3955.,  43740., 1411104, 20230406110000)
 (3955., 3965., 3952., 3952.,  32637., 1413102, 20230406111500)
 (3952., 3955., 3933., 3939.,  95888., 1427086, 20230406113000)
 (3936., 3948., 3926., 3943., 118775., 1439581, 20230406134500)
 (3943., 3943., 3923., 3935.,  51030., 1449420, 20230406140000)
 (3935., 3938., 3927., 3930.,  38417., 1448411, 20230406141500)
 (3930., 3942., 3929., 3941.,  42688., 1446765, 20230406143000)
 (3941., 3962., 3935., 3948.,  89351., 1438065, 20230406144500)
 (3948., 3948., 3936., 3938.,  64886., 1442365, 20230406150000)]
2023-04-07 15:30:00  INFO  [(3952., 3987., 3948., 3981., 192238., 1458083, 20230406211500)
 (3981., 3994., 3975., 3992., 104653., 1463485, 20230406213000)
 (3991., 3992., 3972., 3978.,  98616., 1468910, 20230406214500)
 (3979., 3983., 3968., 3971.,  56778., 1470623, 20230406220000)
 (3971., 3982., 3969., 3974.,  44110., 1473279, 20230406221500)
 (3974., 3977., 3969., 3970.,  29066., 1479780, 20230406223000)
 (3970., 3980., 3970., 3979.,  26995., 1479198, 20230406224500)
 (3979., 3985., 3973., 3984.,  29012., 1477031, 20230406230000)
 (3985., 3997., 3979., 3995.,  91237., 1481926, 20230407091500)
 (3994., 3998., 3980., 3986.,  60320., 1491068, 20230407093000)
 (3986., 3991., 3979., 3988.,  35997., 1493396, 20230407094500)
 (3988., 3990., 3984., 3986.,  21126., 1494587, 20230407100000)
 (3986., 3997., 3983., 3994.,  38048., 1496549, 20230407101500)
 (3996., 4008., 3994., 3999.,  83816., 1497140, 20230407104500)
 (3999., 4000., 3986., 3992.,  46094., 1499486, 20230407110000)
 (3993., 3999., 3984., 3991.,  40076., 1501017, 20230407111500)
 (3992., 3994., 3987., 3992.,  28286., 1500496, 20230407113000)
 (3992., 4006., 3992., 4006.,  51719., 1505205, 20230407134500)
 (4005., 4005., 3996., 3998.,  24400., 1506522, 20230407140000)
 (3998., 4002., 3994., 3995.,  21526., 1507944, 20230407141500)
 (3994., 4001., 3986., 3986.,  43734., 1510002, 20230407143000)
 (3987., 3992., 3981., 3985.,  54028., 1511792, 20230407144500)
 (3985., 3990., 3976., 3989.,  71375., 1506483, 20230407150000)]
2023-04-10 15:30:00  INFO  [(4000., 4020., 3994., 4015., 176533., 1520431, 20230407211500)
 (4015., 4020., 4007., 4015.,  69613., 1532304, 20230407213000)
 (4016., 4017., 4004., 4005.,  42106., 1542844, 20230407214500)
 (4005., 4009., 4001., 4008.,  36105., 1548383, 20230407220000)
 (4009., 4009., 3992., 3996.,  53577., 1550310, 20230407221500)
 (3997., 3998., 3993., 3994.,  14127., 1552375, 20230407223000)
 (3994., 4005., 3989., 3995.,  42638., 1555736, 20230407224500)
 (3995., 4004., 3991., 4002.,  39165., 1547138, 20230407230000)
 (3990., 3990., 3941., 3947., 283570., 1541789, 20230410091500)
 (3946., 3952., 3938., 3943., 101764., 1552118, 20230410093000)
 (3942., 3946., 3932., 3940.,  67687., 1563219, 20230410094500)
 (3940., 3948., 3934., 3939.,  49773., 1569046, 20230410100000)
 (3938., 3943., 3935., 3940.,  25698., 1571904, 20230410101500)
 (3940., 3942., 3918., 3922., 104667., 1593536, 20230410104500)
 (3922., 3930., 3917., 3920.,  52661., 1597579, 20230410110000)
 (3920., 3922., 3905., 3910.,  90270., 1606453, 20230410111500)
 (3910., 3916., 3901., 3902.,  66963., 1621727, 20230410113000)
 (3900., 3914., 3898., 3901.,  93156., 1636156, 20230410134500)
 (3901., 3905., 3889., 3892.,  73002., 1647553, 20230410140000)
 (3892., 3896., 3881., 3891.,  88841., 1661832, 20230410141500)
 (3892., 3896., 3887., 3891.,  56287., 1667063, 20230410143000)
 (3891., 3896., 3888., 3893.,  42693., 1668417, 20230410144500)
 (3892., 3908., 3888., 3907.,  97739., 1655293, 20230410150000)]
2023-04-11 15:30:00  INFO  [(3909., 3915., 3898., 3912., 126224., 1659948, 20230410211500)
 (3912., 3917., 3908., 3914.,  51517., 1664776, 20230410213000)
 (3913., 3916., 3908., 3915.,  30445., 1665289, 20230410214500)
 (3915., 3915., 3902., 3905.,  36586., 1669046, 20230410220000)
 (3905., 3914., 3905., 3909.,  29001., 1665907, 20230410221500)
 (3909., 3912., 3908., 3910.,  11843., 1666697, 20230410223000)
 (3910., 3916., 3905., 3907.,  27828., 1663951, 20230410224500)
 (3907., 3908., 3890., 3891.,  66888., 1665546, 20230410230000)
 (3894., 3898., 3876., 3882., 105980., 1677894, 20230411091500)
 (3882., 3889., 3878., 3885.,  46299., 1680959, 20230411093000)
 (3885., 3885., 3871., 3875.,  67991., 1687621, 20230411094500)
 (3876., 3877., 3868., 3870.,  46095., 1693528, 20230411100000)
 (3870., 3894., 3868., 3892.,  77207., 1684506, 20230411101500)
 (3892., 3918., 3892., 3903., 126264., 1669869, 20230411104500)
 (3903., 3904., 3889., 3892.,  51678., 1667554, 20230411110000)
 (3891., 3903., 3884., 3902.,  56631., 1667876, 20230411111500)
 (3901., 3911., 3897., 3905.,  65896., 1669014, 20230411113000)
 (3905., 3914., 3898., 3902.,  68298., 1680453, 20230411134500)
 (3902., 3904., 3894., 3897.,  34093., 1681331, 20230411140000)
 (3898., 3927., 3896., 3925.,  94751., 1677335, 20230411141500)
 (3925., 3928., 3918., 3920.,  71902., 1678019, 20230411143000)
 (3920., 3940., 3918., 3937.,  99873., 1674450, 20230411144500)
 (3938., 3939., 3928., 3937.,  75821., 1666310, 20230411150000)]
2023-04-12 15:30:00  INFO  [(3940., 3945., 3921., 3923., 128471., 1686376, 20230411211500)
 (3923., 3929., 3920., 3926.,  40745., 1688180, 20230411213000)
 (3926., 3926., 3917., 3918.,  38151., 1692994, 20230411214500)
 (3918., 3924., 3915., 3919.,  30680., 1698146, 20230411220000)
 (3919., 3928., 3919., 3926.,  32942., 1696602, 20230411221500)
 (3927., 3928., 3911., 3914.,  45563., 1698564, 20230411223000)
 (3914., 3917., 3909., 3912.,  35095., 1699200, 20230411224500)
 (3911., 3916., 3906., 3907.,  32878., 1696311, 20230411230000)
 (3906., 3919., 3905., 3914.,  62302., 1704979, 20230412091500)
 (3914., 3923., 3907., 3918.,  44708., 1706551, 20230412093000)
 (3918., 3932., 3917., 3930.,  56508., 1702361, 20230412094500)
 (3929., 3935., 3924., 3928.,  41595., 1700496, 20230412100000)
 (3928., 3938., 3926., 3934.,  44665., 1700769, 20230412101500)
 (3935., 3935., 3910., 3918.,  77256., 1706804, 20230412104500)
 (3916., 3918., 3906., 3911.,  44384., 1710725, 20230412110000)
 (3911., 3914., 3902., 3909.,  43589., 1707908, 20230412111500)
 (3910., 3918., 3892., 3913., 107825., 1707807, 20230412113000)
 (3906., 3911., 3890., 3895.,  87903., 1716157, 20230412134500)
 (3895., 3911., 3894., 3906.,  60367., 1718325, 20230412140000)
 (3907., 3907., 3896., 3900.,  30395., 1721147, 20230412141500)
 (3901., 3911., 3898., 3907.,  33783., 1720891, 20230412143000)
 (3906., 3908., 3894., 3897.,  35799., 1726383, 20230412144500)
 (3898., 3906., 3894., 3900.,  50174., 1720589, 20230412150000)]
2023-04-13 15:30:00  INFO  [(3914., 3915., 3886., 3892., 127174., 1724939, 20230412211500)
 (3892., 3897., 3887., 3892.,  61255., 1725840, 20230412213000)
 (3893., 3896., 3886., 3890.,  32159., 1729750, 20230412214500)
 (3891., 3902., 3890., 3894.,  39428., 1727076, 20230412220000)
 (3895., 3904., 3894., 3900.,  32114., 1725798, 20230412221500)
 (3900., 3901., 3894., 3896.,  18140., 1723799, 20230412223000)
 (3896., 3899., 3888., 3889.,  30213., 1723680, 20230412224500)
 (3888., 3889., 3870., 3877., 105588., 1726856, 20230412230000)
 (3880., 3885., 3866., 3870.,  79956., 1734604, 20230413091500)
 (3869., 3875., 3855., 3873., 135923., 1741684, 20230413093000)
 (3873., 3884., 3868., 3881.,  70065., 1738439, 20230413094500)
 (3881., 3884., 3873., 3875.,  43691., 1740215, 20230413100000)
 (3875., 3881., 3870., 3881.,  32139., 1740840, 20230413101500)
 (3880., 3894., 3872., 3893.,  91394., 1739330, 20230413104500)
 (3892., 3894., 3878., 3879.,  53073., 1742238, 20230413110000)
 (3878., 3892., 3877., 3891.,  49149., 1745579, 20230413111500)
 (3891., 3903., 3889., 3890.,  96121., 1749051, 20230413113000)
 (3883., 3883., 3861., 3864., 162239., 1754018, 20230413134500)
 (3864., 3889., 3863., 3880.,  93038., 1754030, 20230413140000)
 (3880., 3880., 3865., 3869.,  55285., 1752654, 20230413141500)
 (3869., 3878., 3861., 3868.,  84030., 1762454, 20230413143000)
 (3868., 3882., 3865., 3880.,  58167., 1759922, 20230413144500)
 (3881., 3890., 3877., 3886.,  87572., 1748553, 20230413150000)]
2023-04-14 15:30:00  INFO  [(3886., 3914., 3885., 3904., 169883., 1743052, 20230413211500)
 (3904., 3909., 3900., 3908.,  55308., 1745903, 20230413213000)
 (3909., 3909., 3901., 3905.,  28463., 1748068, 20230413214500)
 (3905., 3919., 3902., 3918.,  72384., 1754967, 20230413220000)
 (3917., 3920., 3913., 3916.,  43897., 1755169, 20230413221500)
 (3917., 3924., 3914., 3919.,  52048., 1759016, 20230413223000)
 (3920., 3920., 3912., 3914.,  30033., 1755371, 20230413224500)
 (3914., 3925., 3911., 3925.,  39861., 1746757, 20230413230000)
 (3927., 3930., 3920., 3929.,  89495., 1747328, 20230414091500)
 (3928., 3933., 3923., 3930.,  48616., 1747330, 20230414093000)
 (3930., 3939., 3930., 3937.,  51084., 1745964, 20230414094500)
 (3936., 3943., 3934., 3941.,  51265., 1746909, 20230414100000)
 (3942., 3948., 3938., 3941.,  65907., 1743999, 20230414101500)
 (3941., 3944., 3929., 3931.,  62715., 1738669, 20230414104500)
 (3932., 3934., 3920., 3926.,  65307., 1737475, 20230414110000)
 (3925., 3929., 3915., 3917.,  53285., 1737031, 20230414111500)
 (3917., 3923., 3910., 3915.,  60881., 1731501, 20230414113000)
 (3916., 3922., 3911., 3911.,  55905., 1728723, 20230414134500)
 (3911., 3922., 3911., 3919.,  34228., 1725738, 20230414140000)
 (3919., 3920., 3913., 3913.,  22875., 1725412, 20230414141500)
 (3914., 3925., 3913., 3924.,  40263., 1718300, 20230414143000)
 (3923., 3925., 3894., 3894., 116793., 1708739, 20230414144500)
 (3895., 3902., 3886., 3896., 125140., 1703998, 20230414150000)]
2023-04-17 15:30:00  INFO  [(3900., 3907., 3891., 3907., 122273., 1706482, 20230414211500)
 (3907., 3920., 3904., 3916.,  80333., 1711586, 20230414213000)
 (3917., 3929., 3917., 3927.,  71061., 1713690, 20230414214500)
 (3927., 3928., 3914., 3918.,  47484., 1715567, 20230414220000)
 (3918., 3919., 3897., 3899.,  84705., 1711478, 20230414221500)
 (3899., 3906., 3888., 3890.,  70674., 1708888, 20230414223000)
 (3890., 3896., 3882., 3888.,  66687., 1709642, 20230414224500)
 (3890., 3904., 3873., 3901., 147341., 1691923, 20230414230000)
 (3890., 3900., 3882., 3891., 120794., 1703779, 20230417091500)
 (3891., 3910., 3890., 3900.,  84300., 1714394, 20230417093000)
 (3900., 3919., 3896., 3915.,  91357., 1718682, 20230417094500)
 (3915., 3916., 3906., 3910.,  43210., 1720997, 20230417100000)
 (3911., 3913., 3896., 3902.,  50607., 1718361, 20230417101500)
 (3902., 3904., 3890., 3893.,  50025., 1721418, 20230417104500)
 (3894., 3906., 3892., 3895.,  40204., 1722194, 20230417110000)
 (3895., 3903., 3894., 3900.,  26750., 1723129, 20230417111500)
 (3901., 3911., 3894., 3910.,  41948., 1720633, 20230417113000)
 (3913., 3925., 3911., 3913., 100109., 1730526, 20230417134500)
 (3913., 3920., 3911., 3916.,  32625., 1733999, 20230417140000)
 (3917., 3927., 3913., 3926.,  46158., 1737691, 20230417141500)
 (3926., 3928., 3921., 3928.,  49841., 1741931, 20230417143000)
 (3928., 3938., 3927., 3936.,  92400., 1747881, 20230417144500)
 (3936., 3938., 3924., 3928.,  75174., 1742720, 20230417150000)]
2023-04-18 15:30:00  INFO  [(3945., 3962., 3937., 3950., 203571., 1751567, 20230417211500)
 (3951., 3960., 3949., 3949.,  65030., 1752577, 20230417213000)
 (3949., 3954., 3945., 3951.,  43979., 1754661, 20230417214500)
 (3952., 3954., 3943., 3947.,  39048., 1754284, 20230417220000)
 (3947., 3952., 3944., 3950.,  31365., 1760753, 20230417221500)
 (3950., 3959., 3948., 3957.,  40333., 1762535, 20230417223000)
 (3958., 3960., 3952., 3952.,  30300., 1758384, 20230417224500)
 (3953., 3961., 3952., 3960.,  42632., 1754418, 20230417230000)
 (3960., 3973., 3958., 3972., 114714., 1763229, 20230418091500)
 (3972., 3981., 3969., 3974., 120068., 1776826, 20230418093000)
 (3974., 3978., 3972., 3974.,  40910., 1776293, 20230418094500)
 (3974., 3979., 3970., 3971.,  47315., 1776112, 20230418100000)
 (3970., 3975., 3949., 3950., 141233., 1770649, 20230418101500)
 (3949., 3951., 3943., 3945.,  97500., 1772826, 20230418104500)
 (3945., 3947., 3933., 3943.,  86061., 1769138, 20230418110000)
 (3943., 3951., 3943., 3946.,  39889., 1768594, 20230418111500)
 (3946., 3953., 3939., 3943.,  43993., 1766505, 20230418113000)
 (3944., 3950., 3926., 3932., 123286., 1771859, 20230418134500)
 (3932., 3938., 3931., 3934.,  47805., 1777419, 20230418140000)
 (3934., 3941., 3929., 3933.,  55170., 1786868, 20230418141500)
 (3935., 3941., 3933., 3940.,  35431., 1791606, 20230418143000)
 (3940., 3953., 3937., 3952.,  59839., 1784861, 20230418144500)
 (3952., 3953., 3944., 3950.,  70153., 1778836, 20230418150000)]
2023-04-19 15:30:00  INFO  [(3950., 3951., 3939., 3950., 100917., 1786071, 20230418211500)
 (3949., 3961., 3946., 3956.,  62345., 1789668, 20230418213000)
 (3957., 3959., 3934., 3938., 107801., 1792335, 20230418214500)
 (3937., 3938., 3931., 3935.,  66009., 1802522, 20230418220000)
 (3935., 3947., 3933., 3946.,  52984., 1807071, 20230418221500)
 (3945., 3947., 3936., 3938.,  35123., 1810301, 20230418223000)
 (3938., 3953., 3936., 3952.,  47588., 1801283, 20230418224500)
 (3953., 3959., 3948., 3951.,  66222., 1785888, 20230418230000)
 (3952., 3958., 3944., 3953.,  58614., 1793183, 20230419091500)
 (3954., 3963., 3952., 3959.,  55206., 1793626, 20230419093000)
 (3958., 3960., 3945., 3947.,  43178., 1795361, 20230419094500)
 (3947., 3956., 3946., 3954.,  27977., 1795105, 20230419100000)
 (3955., 3955., 3945., 3945.,  36988., 1797564, 20230419101500)
 (3946., 3950., 3934., 3935.,  74628., 1806257, 20230419104500)
 (3935., 3942., 3928., 3938.,  79324., 1802752, 20230419110000)
 (3938., 3940., 3927., 3929.,  45798., 1809282, 20230419111500)
 (3930., 3940., 3928., 3938.,  45014., 1809000, 20230419113000)
 (3946., 3952., 3943., 3947.,  90482., 1807759, 20230419134500)
 (3947., 3955., 3937., 3937.,  68540., 1806211, 20230419140000)
 (3938., 3940., 3933., 3935.,  53685., 1809411, 20230419141500)
 (3934., 3938., 3930., 3935.,  44810., 1816537, 20230419143000)
 (3935., 3941., 3932., 3932.,  40959., 1807959, 20230419144500)
 (3932., 3937., 3910., 3927., 191736., 1818464, 20230419150000)]
2023-04-20 15:30:00  INFO  [(3911., 3919., 3903., 3908., 138099., 1822325, 20230419211500)
 (3908., 3917., 3905., 3911.,  55783., 1822798, 20230419213000)
 (3910., 3913., 3900., 3903.,  64082., 1826697, 20230419214500)
 (3902., 3905., 3877., 3878., 147677., 1834506, 20230419220000)
 (3878., 3892., 3868., 3891., 170555., 1840216, 20230419221500)
 (3891., 3904., 3890., 3893.,  97535., 1842435, 20230419223000)
 (3892., 3909., 3892., 3906.,  80631., 1833306, 20230419224500)
 (3905., 3916., 3901., 3911.,  79815., 1820492, 20230419230000)
 (3908., 3912., 3902., 3904.,  64228., 1821667, 20230420091500)
 (3905., 3905., 3892., 3901.,  58981., 1824544, 20230420093000)
 (3902., 3907., 3894., 3902.,  31744., 1824843, 20230420094500)
 (3902., 3912., 3901., 3903.,  43187., 1828601, 20230420100000)
 (3903., 3907., 3894., 3896.,  34695., 1829374, 20230420101500)
 (3896., 3902., 3890., 3893.,  47759., 1829151, 20230420104500)
 (3893., 3901., 3889., 3895.,  37275., 1830135, 20230420110000)
 (3895., 3899., 3890., 3894.,  24431., 1829958, 20230420111500)
 (3894., 3907., 3882., 3884.,  83166., 1829545, 20230420113000)
 (3900., 3900., 3875., 3881., 138259., 1838729, 20230420134500)
 (3881., 3897., 3880., 3889.,  76124., 1835374, 20230420140000)
 (3889., 3912., 3889., 3909., 102445., 1836004, 20230420141500)
 (3908., 3923., 3900., 3921.,  96306., 1833377, 20230420143000)
 (3922., 3929., 3904., 3907., 132364., 1828346, 20230420144500)
 (3908., 3914., 3900., 3914.,  90327., 1812943, 20230420150000)]
2023-04-21 15:30:00  INFO  [(3904., 3908., 3883., 3886., 165856., 1833420, 20230420211500)
 (3887., 3888., 3871., 3878., 132780., 1849678, 20230420213000)
 (3878., 3887., 3876., 3877.,  62359., 1850352, 20230420214500)
 (3878., 3887., 3874., 3882.,  47612., 1856967, 20230420220000)
 (3881., 3888., 3877., 3878.,  36935., 1859164, 20230420221500)
 (3877., 3881., 3872., 3878.,  49006., 1862745, 20230420223000)
 (3878., 3883., 3863., 3872.,  75943., 1872732, 20230420224500)
 (3872., 3875., 3857., 3860., 101191., 1879891, 20230420230000)
 (3856., 3869., 3851., 3860., 135673., 1888479, 20230421091500)
 (3860., 3865., 3836., 3846., 129133., 1902820, 20230421093000)
 (3845., 3861., 3845., 3854.,  79270., 1898944, 20230421094500)
 (3855., 3856., 3838., 3839.,  71196., 1909179, 20230421100000)
 (3839., 3846., 3832., 3842.,  67075., 1908904, 20230421101500)
 (3842., 3843., 3831., 3834.,  49506., 1917468, 20230421104500)
 (3834., 3848., 3833., 3835.,  59485., 1917376, 20230421110000)
 (3835., 3843., 3834., 3837.,  32460., 1920269, 20230421111500)
 (3837., 3839., 3826., 3836.,  59623., 1924356, 20230421113000)
 (3827., 3838., 3825., 3827.,  65737., 1931469, 20230421134500)
 (3827., 3839., 3823., 3828.,  72646., 1929501, 20230421140000)
 (3827., 3838., 3817., 3835., 123680., 1925093, 20230421141500)
 (3834., 3835., 3821., 3821.,  48625., 1927078, 20230421143000)
 (3821., 3829., 3812., 3814.,  78543., 1930331, 20230421144500)
 (3814., 3825., 3809., 3810.,  94364., 1918659, 20230421150000)]
2023-04-24 15:30:00  INFO  [(3810., 3817., 3789., 3796., 183502., 1928363, 20230421211500)
 (3796., 3812., 3796., 3809.,  77025., 1926200, 20230421213000)
 (3810., 3813., 3802., 3806.,  57192., 1929243, 20230421214500)
 (3806., 3806., 3791., 3795.,  52378., 1933820, 20230421220000)
 (3794., 3801., 3788., 3788.,  42177., 1937635, 20230421221500)
 (3788., 3793., 3778., 3780.,  91520., 1947194, 20230421223000)
 (3781., 3782., 3764., 3767., 100235., 1957315, 20230421224500)
 (3768., 3776., 3752., 3753., 107311., 1954721, 20230421230000)
 (3723., 3749., 3719., 3746., 251003., 1980327, 20230424091500)
 (3746., 3747., 3723., 3724., 110294., 1990199, 20230424093000)
 (3724., 3729., 3713., 3717., 113829., 2012221, 20230424094500)
 (3717., 3728., 3714., 3716.,  80043., 2017143, 20230424100000)
 (3716., 3729., 3715., 3725.,  60259., 2022653, 20230424101500)
 (3725., 3729., 3715., 3716.,  49860., 2030063, 20230424104500)
 (3716., 3720., 3711., 3713.,  38074., 2034305, 20230424110000)
 (3715., 3728., 3713., 3727.,  50333., 2033951, 20230424111500)
 (3727., 3727., 3713., 3722.,  39161., 2031499, 20230424113000)
 (3721., 3723., 3704., 3706.,  94648., 2035665, 20230424134500)
 (3706., 3709., 3690., 3696., 121197., 2042793, 20230424140000)
 (3696., 3739., 3695., 3723., 207384., 2018927, 20230424141500)
 (3722., 3732., 3715., 3728.,  77890., 2019792, 20230424143000)
 (3728., 3728., 3702., 3707.,  95331., 2020573, 20230424144500)
 (3706., 3717., 3706., 3714.,  87442., 2009878, 20230424150000)]
2023-04-25 15:30:00  INFO  [(3715., 3724., 3710., 3720., 153429., 2018913, 20230424211500)
 (3719., 3737., 3717., 3734., 103623., 2023337, 20230424213000)
 (3733., 3738., 3727., 3727.,  69608., 2023820, 20230424214500)
 (3728., 3743., 3727., 3733.,  76520., 2028266, 20230424220000)
 (3733., 3744., 3725., 3743.,  90380., 2021017, 20230424221500)
 (3743., 3743., 3731., 3736.,  42873., 2018690, 20230424223000)
 (3737., 3739., 3727., 3728.,  32352., 2018747, 20230424224500)
 (3727., 3730., 3720., 3726.,  63817., 2013507, 20230424230000)
 (3729., 3747., 3729., 3744., 114115., 2015560, 20230425091500)
 (3743., 3745., 3734., 3740.,  56765., 2019776, 20230425093000)
 (3740., 3741., 3725., 3739.,  70360., 2018722, 20230425094500)
 (3738., 3742., 3728., 3732.,  41328., 2018749, 20230425100000)
 (3731., 3735., 3725., 3731.,  35436., 2020226, 20230425101500)
 (3732., 3736., 3714., 3716.,  91057., 2024288, 20230425104500)
 (3716., 3725., 3710., 3715.,  69997., 2031235, 20230425110000)
 (3716., 3719., 3708., 3714.,  54980., 2031064, 20230425111500)
 (3714., 3727., 3713., 3716.,  55300., 2024212, 20230425113000)
 (3714., 3714., 3696., 3700., 132666., 2045619, 20230425134500)
 (3699., 3705., 3695., 3700.,  61886., 2053677, 20230425140000)
 (3700., 3712., 3698., 3711.,  62237., 2049143, 20230425141500)
 (3711., 3712., 3698., 3702.,  48079., 2051396, 20230425143000)
 (3702., 3705., 3692., 3701.,  53446., 2053437, 20230425144500)
 (3701., 3701., 3680., 3685., 126048., 2046197, 20230425150000)]
2023-04-26 15:30:00  INFO  [(3670., 3688., 3667., 3685., 188972., 2053126, 20230425211500)
 (3684., 3696., 3684., 3689.,  88039., 2054897, 20230425213000)
 (3689., 3691., 3671., 3673.,  78248., 2057151, 20230425214500)
 (3672., 3679., 3662., 3670., 118146., 2052152, 20230425220000)
 (3670., 3684., 3670., 3674.,  66624., 2050368, 20230425221500)
 (3675., 3677., 3666., 3670.,  44941., 2049061, 20230425223000)
 (3669., 3679., 3668., 3679.,  35821., 2047566, 20230425224500)
 (3679., 3698., 3677., 3692.,  96669., 2049809, 20230425230000)
 (3695., 3710., 3691., 3706., 118062., 2053426, 20230426091500)
 (3707., 3722., 3704., 3721., 111510., 2057190, 20230426093000)
 (3721., 3735., 3718., 3734., 126608., 2052659, 20230426094500)
 (3735., 3735., 3722., 3725.,  73944., 2043627, 20230426100000)
 (3725., 3726., 3719., 3722.,  56829., 2036162, 20230426101500)
 (3722., 3724., 3712., 3724.,  78531., 2031737, 20230426104500)
 (3724., 3736., 3721., 3728.,  80202., 2028515, 20230426110000)
 (3728., 3732., 3716., 3717.,  56081., 2028595, 20230426111500)
 (3717., 3723., 3712., 3717.,  44164., 2026131, 20230426113000)
 (3720., 3730., 3715., 3719.,  59393., 2025872, 20230426134500)
 (3719., 3723., 3711., 3718.,  48187., 2024396, 20230426140000)
 (3719., 3719., 3706., 3708.,  63811., 2019015, 20230426141500)
 (3708., 3717., 3707., 3714.,  40254., 2018406, 20230426143000)
 (3715., 3725., 3714., 3719.,  48165., 2020821, 20230426144500)
 (3719., 3720., 3711., 3719.,  48642., 2010382, 20230426150000)]
2023-04-27 15:30:00  INFO  [(3744., 3752., 3734., 3746., 202639., 2002921, 20230426211500)
 (3746., 3759., 3743., 3749., 105483., 1997906, 20230426213000)
 (3748., 3751., 3736., 3739.,  73030., 1992883, 20230426214500)
 (3739., 3743., 3734., 3739.,  40801., 1993613, 20230426220000)
 (3739., 3740., 3731., 3736.,  36184., 1994064, 20230426221500)
 (3735., 3740., 3727., 3739.,  41562., 1994685, 20230426223000)
 (3738., 3746., 3735., 3737.,  35664., 1996217, 20230426224500)
 (3737., 3748., 3735., 3745.,  40444., 1991873, 20230426230000)
 (3738., 3746., 3733., 3745.,  69087., 1996077, 20230427091500)
 (3745., 3746., 3733., 3736.,  38499., 1998626, 20230427093000)
 (3736., 3737., 3722., 3727.,  63554., 1996349, 20230427094500)
 (3728., 3728., 3718., 3721.,  50336., 1995385, 20230427100000)
 (3721., 3725., 3712., 3720.,  68214., 2001619, 20230427101500)
 (3721., 3723., 3708., 3714.,  52418., 2005541, 20230427104500)
 (3713., 3717., 3704., 3712.,  53788., 2014206, 20230427110000)
 (3713., 3717., 3704., 3716.,  42962., 2012239, 20230427111500)
 (3716., 3734., 3714., 3727., 103715., 2006177, 20230427113000)
 (3735., 3741., 3718., 3728., 119368., 2004123, 20230427134500)
 (3727., 3744., 3727., 3736.,  96851., 2013630, 20230427140000)
 (3737., 3737., 3713., 3717., 100638., 2009420, 20230427141500)
 (3717., 3720., 3707., 3707.,  78015., 2019699, 20230427143000)
 (3709., 3716., 3705., 3708.,  58178., 2019780, 20230427144500)
 (3708., 3709., 3690., 3691., 139269., 2003400, 20230427150000)]
2023-04-28 15:30:00  INFO  [(3691., 3695., 3681., 3688., 147124., 1997531, 20230427211500)
 (3688., 3693., 3677., 3680.,  66292., 1997546, 20230427213000)
 (3680., 3681., 3665., 3670.,  98548., 2002080, 20230427214500)
 (3669., 3682., 3667., 3679.,  61690., 2002493, 20230427220000)
 (3680., 3694., 3678., 3693.,  71585., 1997273, 20230427221500)
 (3692., 3701., 3683., 3686.,  67647., 1994134, 20230427223000)
 (3685., 3687., 3675., 3678.,  56820., 1984224, 20230427224500)
 (3677., 3692., 3677., 3686.,  58833., 1976676, 20230427230000)
 (3691., 3705., 3691., 3699.,  86352., 1981216, 20230428091500)
 (3699., 3700., 3692., 3699.,  32316., 1982879, 20230428093000)
 (3698., 3701., 3693., 3699.,  32122., 1983713, 20230428094500)
 (3699., 3710., 3698., 3706.,  54119., 1982673, 20230428100000)
 (3705., 3709., 3698., 3699.,  35305., 1981002, 20230428101500)
 (3699., 3701., 3691., 3693.,  41571., 1979076, 20230428104500)
 (3692., 3694., 3685., 3693.,  43133., 1977969, 20230428110000)
 (3693., 3694., 3684., 3686.,  29119., 1978855, 20230428111500)
 (3687., 3691., 3680., 3684.,  36879., 1976030, 20230428113000)
 (3681., 3692., 3675., 3678.,  75373., 1976028, 20230428134500)
 (3678., 3682., 3672., 3672.,  44775., 1975991, 20230428140000)
 (3673., 3675., 3666., 3672.,  69002., 1983393, 20230428141500)
 (3673., 3680., 3663., 3670.,  71528., 1982808, 20230428143000)
 (3671., 3679., 3663., 3674.,  68909., 1977269, 20230428144500)
 (3674., 3677., 3660., 3660., 109149., 1955066, 20230428150000)]
2023-05-04 15:30:00  INFO  [(3693., 3694., 3684., 3686.,  29119., 1978855, 20230428111500)
 (3687., 3691., 3680., 3684.,  36879., 1976030, 20230428113000)
 (3681., 3692., 3675., 3678.,  75373., 1976028, 20230428134500)
 (3678., 3682., 3672., 3672.,  44775., 1975991, 20230428140000)
 (3673., 3675., 3666., 3672.,  69002., 1983393, 20230428141500)
 (3673., 3680., 3663., 3670.,  71528., 1982808, 20230428143000)
 (3671., 3679., 3663., 3674.,  68909., 1977269, 20230428144500)
 (3674., 3677., 3660., 3660., 109149., 1955066, 20230428150000)
 (3650., 3659., 3632., 3648., 238580., 1974138, 20230504091500)
 (3649., 3657., 3640., 3646.,  76767., 1978650, 20230504093000)
 (3645., 3654., 3638., 3652.,  69102., 1982608, 20230504094500)
 (3652., 3664., 3650., 3658.,  80929., 1987880, 20230504100000)
 (3658., 3670., 3654., 3670.,  62859., 1996964, 20230504101500)
 (3669., 3677., 3665., 3672.,  71655., 2002205, 20230504104500)
 (3673., 3674., 3663., 3664.,  45282., 1999545, 20230504110000)
 (3664., 3666., 3652., 3653.,  53679., 1998900, 20230504111500)
 (3653., 3653., 3634., 3637., 104763., 1999947, 20230504113000)
 (3637., 3644., 3621., 3628., 148372., 2016028, 20230504134500)
 (3629., 3634., 3617., 3620.,  73542., 2027041, 20230504140000)
 (3620., 3630., 3618., 3628.,  54846., 2027944, 20230504141500)
 (3628., 3630., 3616., 3618.,  46965., 2031699, 20230504143000)
 (3618., 3623., 3609., 3617.,  71725., 2033802, 20230504144500)
 (3617., 3618., 3609., 3615.,  69002., 2022762, 20230504150000)]
2023-05-05 15:30:00  INFO  [(3610., 3612., 3581., 3582., 212360., 2066887, 20230504211500)
 (3584., 3590., 3577., 3580.,  92126., 2072014, 20230504213000)
 (3580., 3585., 3570., 3571.,  72727., 2083302, 20230504214500)
 (3572., 3576., 3567., 3573.,  62503., 2089145, 20230504220000)
 (3573., 3575., 3568., 3573.,  34706., 2089549, 20230504221500)
 (3573., 3576., 3568., 3570.,  29005., 2088818, 20230504223000)
 (3570., 3572., 3562., 3562.,  43954., 2088915, 20230504224500)
 (3562., 3570., 3559., 3560.,  56229., 2078074, 20230504230000)
 (3562., 3570., 3555., 3562.,  88344., 2086733, 20230505091500)
 (3561., 3572., 3561., 3563.,  63303., 2087345, 20230505093000)
 (3563., 3568., 3558., 3560.,  46032., 2089176, 20230505094500)
 (3560., 3560., 3551., 3555.,  50239., 2092714, 20230505100000)
 (3555., 3560., 3539., 3542.,  89392., 2099220, 20230505101500)
 (3541., 3568., 3541., 3562., 130266., 2107982, 20230505104500)
 (3562., 3568., 3557., 3565.,  51566., 2112085, 20230505110000)
 (3565., 3587., 3564., 3582., 141298., 2093971, 20230505111500)
 (3581., 3590., 3567., 3587.,  94656., 2092552, 20230505113000)
 (3588., 3602., 3586., 3586., 133921., 2092360, 20230505134500)
 (3587., 3625., 3587., 3617., 209178., 2085862, 20230505140000)
 (3618., 3624., 3613., 3618.,  90485., 2084152, 20230505141500)
 (3618., 3619., 3608., 3613.,  73486., 2082098, 20230505143000)
 (3614., 3618., 3608., 3614.,  45854., 2077523, 20230505144500)
 (3614., 3624., 3607., 3622.,  87495., 2062499, 20230505150000)]
2023-05-08 15:30:00  INFO  [(3611., 3629., 3605., 3627., 181527., 2075146, 20230505211500)
 (3627., 3639., 3622., 3636., 104048., 2077122, 20230505213000)
 (3635., 3637., 3624., 3634.,  66835., 2076349, 20230505214500)
 (3633., 3636., 3630., 3636.,  27449., 2075032, 20230505220000)
 (3635., 3637., 3626., 3633.,  40440., 2072658, 20230505221500)
 (3633., 3644., 3632., 3639.,  63779., 2071251, 20230505223000)
 (3639., 3652., 3634., 3651.,  73861., 2073440, 20230505224500)
 (3652., 3656., 3642., 3654.,  85230., 2063268, 20230505230000)
 (3644., 3659., 3626., 3638., 222841., 2068252, 20230508091500)
 (3638., 3643., 3630., 3643.,  99129., 2087373, 20230508093000)
 (3643., 3686., 3642., 3686., 277649., 2116599, 20230508094500)
 (3684., 3684., 3660., 3668., 164979., 2121521, 20230508100000)
 (3669., 3683., 3663., 3683., 106446., 2119749, 20230508101500)
 (3685., 3697., 3683., 3690., 181362., 2107491, 20230508104500)
 (3690., 3703., 3688., 3694., 109346., 2100452, 20230508110000)
 (3694., 3705., 3689., 3703.,  62178., 2095828, 20230508111500)
 (3703., 3712., 3693., 3696., 128165., 2090727, 20230508113000)
 (3695., 3699., 3688., 3697.,  82217., 2093105, 20230508134500)
 (3697., 3708., 3692., 3704.,  67236., 2103456, 20230508140000)
 (3704., 3726., 3702., 3719., 142507., 2106628, 20230508141500)
 (3719., 3724., 3713., 3722.,  76015., 2111761, 20230508143000)
 (3721., 3726., 3714., 3725.,  69220., 2114815, 20230508144500)
 (3724., 3733., 3719., 3732., 130522., 2103630, 20230508150000)]
2023-05-09 15:30:00  INFO  [(3738., 3740., 3721., 3724., 174585., 2097323, 20230508211500)
 (3724., 3728., 3718., 3724.,  78367., 2103802, 20230508213000)
 (3725., 3729., 3718., 3723.,  69504., 2102920, 20230508214500)
 (3723., 3723., 3717., 3723.,  34365., 2104810, 20230508220000)
 (3722., 3735., 3719., 3732.,  59722., 2107247, 20230508221500)
 (3732., 3741., 3731., 3737.,  63045., 2107030, 20230508223000)
 (3737., 3743., 3732., 3735.,  52774., 2106395, 20230508224500)
 (3734., 3737., 3728., 3735.,  39207., 2098993, 20230508230000)
 (3736., 3738., 3716., 3719., 111429., 2097923, 20230509091500)
 (3720., 3721., 3706., 3712.,  93540., 2090483, 20230509093000)
 (3712., 3716., 3704., 3705.,  77952., 2082661, 20230509094500)
 (3705., 3720., 3705., 3718.,  54748., 2078694, 20230509100000)
 (3717., 3727., 3714., 3726.,  53096., 2075094, 20230509101500)
 (3726., 3738., 3724., 3734.,  82339., 2079377, 20230509104500)
 (3734., 3734., 3727., 3733.,  33739., 2080378, 20230509110000)
 (3733., 3735., 3724., 3733.,  44004., 2079403, 20230509111500)
 (3732., 3734., 3719., 3721.,  47595., 2068623, 20230509113000)
 (3721., 3722., 3711., 3718.,  82851., 2063571, 20230509134500)
 (3718., 3719., 3709., 3712.,  45401., 2064627, 20230509140000)
 (3712., 3715., 3705., 3707.,  57075., 2066256, 20230509141500)
 (3708., 3714., 3705., 3712.,  43936., 2068732, 20230509143000)
 (3713., 3719., 3705., 3709.,  55188., 2064417, 20230509144500)
 (3708., 3710., 3690., 3691., 138802., 2051179, 20230509150000)]
2023-05-10 15:30:00  INFO  [(3690., 3703., 3683., 3700., 161861., 2048765, 20230509211500)
 (3700., 3708., 3698., 3704.,  82564., 2051654, 20230509213000)
 (3704., 3712., 3696., 3711.,  75732., 2054259, 20230509214500)
 (3711., 3723., 3707., 3718.,  93357., 2056642, 20230509220000)
 (3718., 3720., 3709., 3713.,  56286., 2051275, 20230509221500)
 (3713., 3714., 3697., 3703.,  67152., 2047511, 20230509223000)
 (3703., 3708., 3699., 3708.,  40286., 2047876, 20230509224500)
 (3707., 3713., 3699., 3710.,  40958., 2040373, 20230509230000)
 (3714., 3730., 3714., 3721., 125954., 2038754, 20230510091500)
 (3722., 3732., 3717., 3719.,  66524., 2038055, 20230510093000)
 (3719., 3722., 3706., 3706.,  61660., 2045001, 20230510094500)
 (3707., 3713., 3703., 3705.,  49513., 2048985, 20230510100000)
 (3705., 3718., 3704., 3712.,  48779., 2053856, 20230510101500)
 (3712., 3712., 3695., 3702.,  80937., 2055434, 20230510104500)
 (3702., 3705., 3686., 3693.,  82679., 2060765, 20230510110000)
 (3693., 3706., 3691., 3698.,  57293., 2059711, 20230510111500)
 (3698., 3698., 3680., 3685.,  95228., 2061464, 20230510113000)
 (3690., 3696., 3678., 3691., 100428., 2065986, 20230510134500)
 (3691., 3697., 3682., 3695.,  50570., 2068203, 20230510140000)
 (3696., 3697., 3675., 3677.,  80100., 2070512, 20230510141500)
 (3677., 3680., 3668., 3669.,  81187., 2071172, 20230510143000)
 (3669., 3680., 3666., 3680.,  80703., 2068043, 20230510144500)
 (3679., 3689., 3677., 3688.,  99136., 2050699, 20230510150000)]
2023-05-11 15:30:00  INFO  [(3692., 3709., 3692., 3694., 176140., 2046908, 20230510211500)
 (3693., 3696., 3690., 3692.,  49893., 2049882, 20230510213000)
 (3692., 3693., 3675., 3678.,  78699., 2053596, 20230510214500)
 (3679., 3682., 3656., 3664., 129339., 2058308, 20230510220000)
 (3664., 3678., 3661., 3667.,  82316., 2060493, 20230510221500)
 (3667., 3669., 3642., 3643., 122915., 2059499, 20230510223000)
 (3643., 3652., 3628., 3629., 132743., 2062328, 20230510224500)
 (3629., 3640., 3616., 3618., 130898., 2058542, 20230510230000)
 (3621., 3632., 3613., 3625., 124690., 2072638, 20230511091500)
 (3624., 3629., 3619., 3623.,  57454., 2081555, 20230511093000)
 (3623., 3623., 3604., 3607., 111720., 2087836, 20230511094500)
 (3607., 3614., 3601., 3602.,  67481., 2088095, 20230511100000)
 (3602., 3609., 3591., 3608., 125974., 2082919, 20230511101500)
 (3609., 3614., 3594., 3599.,  94138., 2084807, 20230511104500)
 (3600., 3611., 3597., 3610.,  53085., 2082468, 20230511110000)
 (3611., 3629., 3610., 3628., 123254., 2082068, 20230511111500)
 (3627., 3635., 3617., 3629., 110813., 2084612, 20230511113000)
 (3633., 3644., 3610., 3641., 244356., 2077527, 20230511134500)
 (3641., 3656., 3639., 3645., 167668., 2065651, 20230511140000)
 (3646., 3646., 3627., 3640.,  88959., 2057055, 20230511141500)
 (3640., 3644., 3619., 3626.,  96883., 2055766, 20230511143000)
 (3626., 3626., 3603., 3605., 109686., 2049206, 20230511144500)
 (3605., 3612., 3591., 3600., 147047., 2041822, 20230511150000)]
2023-05-12 15:30:00  INFO  [(3580., 3585., 3562., 3572., 213067., 2056143, 20230511211500)
 (3573., 3577., 3565., 3574.,  75577., 2057813, 20230511213000)
 (3574., 3583., 3569., 3569.,  74822., 2053140, 20230511214500)
 (3569., 3575., 3564., 3573.,  50355., 2052223, 20230511220000)
 (3573., 3588., 3572., 3578.,  80338., 2051224, 20230511221500)
 (3577., 3586., 3573., 3581.,  37259., 2049089, 20230511223000)
 (3581., 3597., 3581., 3592.,  75303., 2050157, 20230511224500)
 (3591., 3602., 3587., 3587.,  78700., 2040161, 20230511230000)
 (3588., 3598., 3585., 3592.,  69986., 2043894, 20230512091500)
 (3593., 3604., 3586., 3590.,  58842., 2044332, 20230512093000)
 (3589., 3593., 3582., 3585.,  38564., 2043733, 20230512094500)
 (3584., 3592., 3578., 3584.,  70316., 2038662, 20230512100000)
 (3582., 3596., 3582., 3595.,  48182., 2039601, 20230512101500)
 (3594., 3613., 3587., 3607., 106949., 2041014, 20230512104500)
 (3606., 3617., 3598., 3616.,  61486., 2045784, 20230512110000)
 (3616., 3633., 3614., 3631., 126001., 2049010, 20230512111500)
 (3632., 3633., 3619., 3627.,  73222., 2047754, 20230512113000)
 (3620., 3631., 3616., 3616.,  91476., 2047791, 20230512134500)
 (3616., 3628., 3616., 3628.,  49369., 2046556, 20230512140000)
 (3628., 3629., 3612., 3617.,  64381., 2038961, 20230512141500)
 (3616., 3621., 3608., 3616.,  55557., 2034806, 20230512143000)
 (3616., 3617., 3600., 3600.,  70275., 2021813, 20230512144500)
 (3600., 3601., 3579., 3579., 186222., 1995985, 20230512150000)]
2023-05-15 15:30:00  INFO  [(3587., 3633., 3587., 3631., 252626., 2012509, 20230512211500)
 (3631., 3652., 3627., 3646., 184395., 2021372, 20230512213000)
 (3646., 3675., 3643., 3662., 195146., 2019351, 20230512214500)
 (3662., 3674., 3658., 3668.,  98196., 2027230, 20230512220000)
 (3668., 3697., 3665., 3693., 169247., 2024953, 20230512221500)
 (3693., 3698., 3667., 3669., 157007., 2023280, 20230512223000)
 (3669., 3674., 3657., 3662., 114368., 2018639, 20230512224500)
 (3662., 3677., 3659., 3670.,  76650., 2004735, 20230512230000)
 (3660., 3671., 3636., 3640., 238758., 1986097, 20230515091500)
 (3640., 3651., 3636., 3643., 104609., 1984328, 20230515093000)
 (3642., 3650., 3637., 3638.,  65759., 1980934, 20230515094500)
 (3638., 3644., 3632., 3634.,  76460., 1982335, 20230515100000)
 (3634., 3641., 3628., 3636.,  62563., 1980131, 20230515101500)
 (3636., 3642., 3629., 3633.,  46026., 1984894, 20230515104500)
 (3633., 3635., 3625., 3628.,  53263., 1985840, 20230515110000)
 (3628., 3638., 3627., 3634.,  41951., 1985010, 20230515111500)
 (3634., 3641., 3628., 3631.,  51284., 1981733, 20230515113000)
 (3643., 3653., 3638., 3646., 101696., 1986703, 20230515134500)
 (3646., 3664., 3639., 3659., 100851., 1991681, 20230515140000)
 (3659., 3661., 3644., 3660.,  67669., 1997539, 20230515141500)
 (3659., 3663., 3650., 3653.,  45128., 1997928, 20230515143000)
 (3653., 3684., 3652., 3671., 145504., 2005254, 20230515144500)
 (3670., 3683., 3664., 3667., 115643., 1993296, 20230515150000)]
2023-05-16 15:30:00  INFO  [(3680., 3692., 3667., 3678., 139825., 1999913, 20230515211500)
 (3679., 3683., 3670., 3675.,  59160., 2006747, 20230515213000)
 (3674., 3678., 3664., 3667.,  55298., 2006741, 20230515214500)
 (3668., 3673., 3662., 3669.,  44537., 2005315, 20230515220000)
 (3669., 3671., 3658., 3666.,  48299., 2003530, 20230515221500)
 (3666., 3681., 3665., 3680.,  56809., 2005646, 20230515223000)
 (3681., 3691., 3677., 3689.,  79121., 2006242, 20230515224500)
 (3688., 3689., 3671., 3674.,  60349., 1995630, 20230515230000)
 (3674., 3684., 3673., 3678.,  58981., 2000470, 20230516091500)
 (3678., 3691., 3677., 3690.,  75338., 2008182, 20230516093000)
 (3689., 3697., 3685., 3686.,  70839., 2011731, 20230516094500)
 (3686., 3693., 3682., 3687.,  39471., 2014927, 20230516100000)
 (3687., 3688., 3653., 3666., 188591., 2011643, 20230516101500)
 (3666., 3668., 3645., 3651., 130858., 2009940, 20230516104500)
 (3652., 3660., 3646., 3654.,  82556., 2011610, 20230516110000)
 (3654., 3661., 3641., 3642.,  67009., 2015249, 20230516111500)
 (3641., 3650., 3641., 3650.,  54865., 2012805, 20230516113000)
 (3648., 3654., 3640., 3647.,  86134., 2010217, 20230516134500)
 (3647., 3654., 3637., 3640.,  65460., 2013636, 20230516140000)
 (3640., 3643., 3631., 3636.,  81364., 2013340, 20230516141500)
 (3636., 3638., 3627., 3631.,  60616., 2017797, 20230516143000)
 (3631., 3641., 3630., 3639.,  58504., 2015962, 20230516144500)
 (3639., 3648., 3638., 3640.,  79597., 2001059, 20230516150000)]
2023-05-17 15:30:00  INFO  [(3640., 3659., 3640., 3651., 150385., 1994853, 20230516211500)
 (3651., 3651., 3639., 3648.,  60634., 2000766, 20230516213000)
 (3647., 3663., 3644., 3662.,  74164., 1998730, 20230516214500)
 (3661., 3666., 3651., 3653.,  57833., 1998502, 20230516220000)
 (3654., 3656., 3647., 3651.,  39079., 1997988, 20230516221500)
 (3651., 3656., 3647., 3654.,  31790., 1997949, 20230516223000)
 (3653., 3656., 3636., 3648.,  72948., 1994339, 20230516224500)
 (3647., 3655., 3642., 3652.,  42564., 1988910, 20230516230000)
 (3650., 3673., 3647., 3670., 116536., 1987993, 20230517091500)
 (3669., 3684., 3667., 3681.,  96924., 1987617, 20230517093000)
 (3681., 3684., 3671., 3671.,  70294., 1985873, 20230517094500)
 (3672., 3680., 3668., 3677.,  41015., 1988273, 20230517100000)
 (3677., 3689., 3672., 3688.,  79120., 1988996, 20230517101500)
 (3688., 3692., 3681., 3682.,  77806., 1995713, 20230517104500)
 (3682., 3699., 3681., 3691., 105300., 2006219, 20230517110000)
 (3692., 3692., 3684., 3686.,  45831., 2007743, 20230517111500)
 (3686., 3690., 3681., 3685.,  36956., 2006329, 20230517113000)
 (3684., 3690., 3674., 3680.,  93888., 2010893, 20230517134500)
 (3680., 3681., 3671., 3678.,  53500., 2014429, 20230517140000)
 (3677., 3690., 3675., 3685.,  59075., 2018745, 20230517141500)
 (3686., 3696., 3684., 3691.,  61711., 2026473, 20230517143000)
 (3690., 3708., 3690., 3704., 125584., 2029656, 20230517144500)
 (3704., 3717., 3704., 3715., 190570., 2018915, 20230517150000)]
2023-05-18 15:30:00  INFO  [(3718., 3724., 3710., 3717., 151275., 2009269, 20230517211500)
 (3716., 3724., 3708., 3720.,  86420., 2007675, 20230517213000)
 (3720., 3720., 3709., 3713.,  51719., 2008436, 20230517214500)
 (3713., 3715., 3707., 3710.,  39579., 2011310, 20230517220000)
 (3711., 3717., 3708., 3711.,  39886., 2011454, 20230517221500)
 (3710., 3717., 3702., 3716.,  63611., 2011001, 20230517223000)
 (3716., 3716., 3705., 3707.,  31587., 2008858, 20230517224500)
 (3707., 3714., 3705., 3708.,  39559., 1995662, 20230517230000)
 (3713., 3717., 3701., 3702.,  78122., 1998408, 20230518091500)
 (3702., 3706., 3693., 3696.,  88546., 1998791, 20230518093000)
 (3696., 3699., 3690., 3694.,  55658., 1994824, 20230518094500)
 (3693., 3705., 3693., 3700.,  43222., 1996531, 20230518100000)
 (3700., 3712., 3699., 3707.,  48489., 1994903, 20230518101500)
 (3707., 3713., 3698., 3700.,  45285., 1995723, 20230518104500)
 (3700., 3714., 3699., 3706.,  56379., 2003065, 20230518110000)
 (3707., 3713., 3686., 3693.,  78862., 2007960, 20230518111500)
 (3693., 3694., 3680., 3683., 118937., 2014347, 20230518113000)
 (3678., 3680., 3661., 3675., 253797., 2005406, 20230518134500)
 (3675., 3677., 3668., 3669.,  66670., 2006999, 20230518140000)
 (3669., 3682., 3668., 3670.,  69157., 2004581, 20230518141500)
 (3670., 3688., 3669., 3686.,  69515., 2002812, 20230518143000)
 (3687., 3695., 3682., 3691.,  78696., 1997422, 20230518144500)
 (3692., 3694., 3683., 3687.,  65542., 1990809, 20230518150000)]
2023-05-19 15:30:00  INFO  [(3684., 3691., 3671., 3674., 140274., 1995267, 20230518211500)
 (3673., 3680., 3668., 3674.,  74234., 1995845, 20230518213000)
 (3674., 3679., 3666., 3675.,  57507., 1997994, 20230518214500)
 (3675., 3688., 3671., 3685.,  61880., 1995074, 20230518220000)
 (3686., 3695., 3685., 3690.,  76560., 1990948, 20230518221500)
 (3691., 3693., 3675., 3679.,  53286., 1984379, 20230518223000)
 (3679., 3681., 3655., 3657., 118472., 1979812, 20230518224500)
 (3657., 3659., 3641., 3645., 175321., 1972471, 20230518230000)
 (3645., 3648., 3634., 3639., 138645., 1978169, 20230519091500)
 (3638., 3649., 3636., 3642.,  57909., 1976903, 20230519093000)
 (3643., 3650., 3641., 3646.,  36141., 1975973, 20230519094500)
 (3645., 3645., 3613., 3618., 168908., 1981312, 20230519100000)
 (3619., 3649., 3616., 3641., 134866., 1971801, 20230519101500)
 (3642., 3656., 3637., 3651.,  94945., 1965202, 20230519104500)
 (3651., 3667., 3645., 3666.,  95438., 1955001, 20230519110000)
 (3665., 3667., 3650., 3660.,  60155., 1952209, 20230519111500)
 (3661., 3677., 3659., 3670., 107636., 1940398, 20230519113000)
 (3669., 3669., 3653., 3660.,  66710., 1941949, 20230519134500)
 (3660., 3665., 3643., 3647.,  71346., 1947537, 20230519140000)
 (3647., 3662., 3641., 3660.,  75898., 1945874, 20230519141500)
 (3659., 3660., 3645., 3654.,  37305., 1946715, 20230519143000)
 (3654., 3654., 3644., 3647.,  33739., 1944741, 20230519144500)
 (3646., 3649., 3636., 3645.,  84817., 1932553, 20230519150000)]
2023-05-22 15:30:00  INFO  [(3651., 3665., 3641., 3642., 131595., 1939702, 20230519211500)
 (3642., 3643., 3629., 3631.,  87013., 1946217, 20230519213000)
 (3632., 3637., 3628., 3634.,  50457., 1948893, 20230519214500)
 (3634., 3642., 3631., 3636.,  45860., 1946228, 20230519220000)
 (3636., 3650., 3636., 3646.,  68190., 1941106, 20230519221500)
 (3647., 3665., 3646., 3665.,  95151., 1940497, 20230519223000)
 (3665., 3675., 3650., 3650., 103104., 1939253, 20230519224500)
 (3651., 3654., 3626., 3633., 159458., 1920803, 20230519230000)
 (3630., 3630., 3606., 3608., 206466., 1950942, 20230522091500)
 (3608., 3615., 3602., 3614.,  97587., 1954046, 20230522093000)
 (3614., 3626., 3607., 3620.,  97939., 1954309, 20230522094500)
 (3620., 3623., 3613., 3620.,  45941., 1957338, 20230522100000)
 (3619., 3620., 3611., 3617.,  35554., 1959277, 20230522101500)
 (3621., 3626., 3612., 3621.,  69119., 1961895, 20230522104500)
 (3621., 3622., 3597., 3604., 111864., 1974466, 20230522110000)
 (3602., 3613., 3598., 3604.,  72930., 1974076, 20230522111500)
 (3604., 3605., 3587., 3591., 105349., 1981563, 20230522113000)
 (3589., 3589., 3568., 3569., 166095., 1999181, 20230522134500)
 (3570., 3580., 3564., 3567., 101083., 2008134, 20230522140000)
 (3566., 3568., 3553., 3555., 118058., 2013469, 20230522141500)
 (3555., 3577., 3551., 3573., 132128., 2001481, 20230522143000)
 (3574., 3579., 3565., 3569.,  84311., 1988188, 20230522144500)
 (3569., 3578., 3561., 3569.,  89471., 1967803, 20230522150000)]
2023-05-23 15:30:00  INFO  [(3569., 3585., 3565., 3578., 143548., 1965760, 20230522211500)
 (3577., 3584., 3575., 3576.,  45954., 1965054, 20230522213000)
 (3576., 3593., 3576., 3591.,  76707., 1964291, 20230522214500)
 (3590., 3604., 3587., 3601., 100838., 1957054, 20230522220000)
 (3602., 3616., 3600., 3611., 116645., 1953953, 20230522221500)
 (3611., 3612., 3588., 3591.,  93686., 1951553, 20230522223000)
 (3590., 3598., 3583., 3593.,  60722., 1951122, 20230522224500)
 (3593., 3602., 3587., 3594.,  56884., 1945146, 20230522230000)
 (3595., 3615., 3593., 3613., 114347., 1947341, 20230523091500)
 (3614., 3619., 3602., 3617.,  83312., 1947222, 20230523093000)
 (3618., 3621., 3611., 3618.,  86159., 1950980, 20230523094500)
 (3619., 3619., 3604., 3612.,  62552., 1950616, 20230523100000)
 (3613., 3617., 3598., 3603.,  74581., 1952814, 20230523101500)
 (3600., 3601., 3586., 3588.,  86903., 1953200, 20230523104500)
 (3589., 3600., 3587., 3597.,  36691., 1950036, 20230523110000)
 (3597., 3597., 3582., 3583.,  56800., 1947331, 20230523111500)
 (3582., 3589., 3576., 3586.,  59358., 1945915, 20230523113000)
 (3584., 3585., 3572., 3576.,  90293., 1943341, 20230523134500)
 (3577., 3590., 3575., 3585.,  76259., 1943060, 20230523140000)
 (3585., 3589., 3576., 3586.,  50375., 1946221, 20230523141500)
 (3587., 3595., 3579., 3583.,  64371., 1939622, 20230523143000)
 (3584., 3584., 3566., 3571.,  91010., 1939910, 20230523144500)
 (3571., 3591., 3565., 3588., 112795., 1928799, 20230523150000)]
2023-05-24 15:30:00  INFO  [(3590., 3595., 3533., 3541., 300448., 1968631, 20230523211500)
 (3540., 3550., 3530., 3542., 127320., 1975704, 20230523213000)
 (3542., 3547., 3526., 3530., 101074., 1987209, 20230523214500)
 (3530., 3545., 3529., 3536.,  82462., 1988273, 20230523220000)
 (3535., 3540., 3530., 3535.,  46142., 1992691, 20230523221500)
 (3535., 3536., 3525., 3533.,  62826., 1998372, 20230523223000)
 (3533., 3565., 3532., 3553., 133964., 1982909, 20230523224500)
 (3552., 3557., 3542., 3552.,  84500., 1976148, 20230523230000)
 (3551., 3552., 3525., 3532., 143839., 1991714, 20230524091500)
 (3531., 3535., 3519., 3524.,  79961., 2005352, 20230524093000)
 (3524., 3531., 3515., 3526.,  99474., 2016633, 20230524094500)
 (3526., 3526., 3512., 3513.,  68964., 2030539, 20230524100000)
 (3513., 3520., 3508., 3515.,  70299., 2038165, 20230524101500)
 (3514., 3516., 3506., 3511.,  74947., 2043598, 20230524104500)
 (3509., 3519., 3505., 3508.,  64712., 2050221, 20230524110000)
 (3508., 3516., 3503., 3514.,  67740., 2056909, 20230524111500)
 (3513., 3519., 3509., 3512.,  52551., 2052529, 20230524113000)
 (3507., 3508., 3491., 3494., 135136., 2064680, 20230524134500)
 (3495., 3497., 3486., 3489.,  88683., 2071055, 20230524140000)
 (3490., 3492., 3483., 3488.,  71906., 2075664, 20230524141500)
 (3489., 3491., 3483., 3483.,  50907., 2075365, 20230524143000)
 (3483., 3496., 3482., 3489.,  71613., 2067525, 20230524144500)
 (3488., 3491., 3462., 3466., 190578., 2055599, 20230524150000)]
2023-05-25 15:30:00  INFO  [(3459., 3462., 3423., 3435., 303460., 2092449, 20230524211500)
 (3434., 3452., 3434., 3448., 129186., 2089682, 20230524213000)
 (3448., 3454., 3436., 3440.,  80658., 2091033, 20230524214500)
 (3440., 3443., 3435., 3437.,  46820., 2092282, 20230524220000)
 (3437., 3444., 3435., 3442.,  37101., 2094013, 20230524221500)
 (3443., 3449., 3434., 3435.,  62592., 2094749, 20230524223000)
 (3435., 3439., 3428., 3431.,  55027., 2095082, 20230524224500)
 (3431., 3440., 3429., 3435.,  50459., 2088346, 20230524230000)
 (3437., 3451., 3435., 3450., 109175., 2094538, 20230525091500)
 (3450., 3456., 3439., 3443.,  87536., 2088911, 20230525093000)
 (3443., 3449., 3438., 3447.,  43914., 2090503, 20230525094500)
 (3447., 3458., 3447., 3454.,  78530., 2091360, 20230525100000)
 (3454., 3469., 3449., 3462., 157286., 2095455, 20230525101500)
 (3464., 3477., 3457., 3463., 133209., 2088779, 20230525104500)
 (3464., 3466., 3446., 3448.,  93308., 2090170, 20230525110000)
 (3449., 3453., 3441., 3449.,  64636., 2092424, 20230525111500)
 (3448., 3453., 3441., 3448.,  51218., 2091936, 20230525113000)
 (3448., 3448., 3422., 3426., 154174., 2102483, 20230525134500)
 (3426., 3429., 3411., 3417., 123305., 2109147, 20230525140000)
 (3417., 3422., 3411., 3414.,  74673., 2114633, 20230525141500)
 (3416., 3435., 3416., 3425., 116216., 2107401, 20230525143000)
 (3425., 3435., 3421., 3423.,  73983., 2101397, 20230525144500)
 (3422., 3435., 3420., 3432.,  93848., 2085614, 20230525150000)]
2023-05-26 15:30:00  INFO  [(3423., 3431., 3410., 3414., 170420., 2104719, 20230525211500)
 (3414., 3418., 3403., 3411., 112042., 2123673, 20230525213000)
 (3410., 3412., 3399., 3401.,  76081., 2131717, 20230525214500)
 (3400., 3405., 3388., 3397., 131490., 2137626, 20230525220000)
 (3397., 3403., 3391., 3400.,  56358., 2141999, 20230525221500)
 (3400., 3422., 3396., 3413., 121081., 2133268, 20230525223000)
 (3413., 3440., 3411., 3432., 172680., 2130025, 20230525224500)
 (3432., 3434., 3412., 3423., 106662., 2131994, 20230525230000)
 (3424., 3442., 3419., 3435., 141470., 2137334, 20230526091500)
 (3435., 3442., 3421., 3432.,  91475., 2141564, 20230526093000)
 (3431., 3434., 3415., 3416.,  60098., 2144788, 20230526094500)
 (3416., 3424., 3409., 3422.,  74454., 2150199, 20230526100000)
 (3422., 3431., 3417., 3426.,  51438., 2150444, 20230526101500)
 (3426., 3429., 3415., 3419.,  54760., 2146397, 20230526104500)
 (3418., 3425., 3413., 3420.,  47479., 2145615, 20230526110000)
 (3420., 3441., 3417., 3439., 110268., 2144937, 20230526111500)
 (3439., 3464., 3432., 3458., 194827., 2138178, 20230526113000)
 (3476., 3509., 3476., 3492., 445117., 2097201, 20230526134500)
 (3493., 3494., 3467., 3481., 185314., 2102621, 20230526140000)
 (3480., 3492., 3474., 3491.,  87660., 2103459, 20230526141500)
 (3491., 3505., 3486., 3504., 113514., 2097545, 20230526143000)
 (3503., 3510., 3483., 3490., 121305., 2087489, 20230526144500)
 (3490., 3497., 3483., 3493., 103013., 2071715, 20230526150000)]
2023-05-29 15:30:00  INFO  [(3495., 3503., 3480., 3499., 177154., 2081063, 20230526211500)
 (3498., 3500., 3486., 3488.,  59638., 2083048, 20230526213000)
 (3488., 3517., 3486., 3516., 125250., 2075288, 20230526214500)
 (3515., 3517., 3494., 3499.,  92206., 2073279, 20230526220000)
 (3500., 3502., 3488., 3492.,  67079., 2067709, 20230526221500)
 (3493., 3497., 3488., 3496.,  38677., 2071256, 20230526223000)
 (3496., 3498., 3484., 3487.,  63178., 2074106, 20230526224500)
 (3486., 3487., 3480., 3481.,  69795., 2066849, 20230526230000)
 (3481., 3487., 3463., 3479., 208877., 2074419, 20230529091500)
 (3478., 3482., 3463., 3470.,  80622., 2079344, 20230529093000)
 (3470., 3476., 3466., 3468.,  55275., 2085097, 20230529094500)
 (3468., 3479., 3464., 3478.,  56523., 2087467, 20230529100000)
 (3478., 3490., 3476., 3487.,  74647., 2090267, 20230529101500)
 (3486., 3504., 3481., 3503., 115795., 2089152, 20230529104500)
 (3503., 3508., 3493., 3499.,  94345., 2081894, 20230529110000)
 (3500., 3503., 3484., 3492.,  69313., 2082636, 20230529111500)
 (3493., 3495., 3477., 3487.,  74073., 2073152, 20230529113000)
 (3485., 3486., 3473., 3485.,  78398., 2077203, 20230529134500)
 (3485., 3496., 3483., 3492.,  64637., 2081932, 20230529140000)
 (3493., 3498., 3487., 3494.,  50373., 2085863, 20230529141500)
 (3495., 3496., 3484., 3494.,  46077., 2086811, 20230529143000)
 (3493., 3509., 3490., 3493., 109259., 2088044, 20230529144500)
 (3492., 3513., 3489., 3511., 114861., 2076395, 20230529150000)]
2023-05-30 15:30:00  INFO  [(3510., 3522., 3509., 3510., 162114., 2079408, 20230529211500)
 (3511., 3516., 3506., 3511.,  65493., 2080719, 20230529213000)
 (3512., 3513., 3503., 3511.,  48999., 2082591, 20230529214500)
 (3511., 3516., 3509., 3511.,  39071., 2083001, 20230529220000)
 (3511., 3514., 3506., 3513.,  32238., 2081347, 20230529221500)
 (3513., 3516., 3510., 3511.,  28428., 2081980, 20230529223000)
 (3511., 3515., 3507., 3510.,  31040., 2078982, 20230529224500)
 (3510., 3511., 3506., 3507.,  38699., 2072210, 20230529230000)
 (3506., 3508., 3489., 3496., 121353., 2073039, 20230530091500)
 (3496., 3513., 3493., 3511.,  83254., 2067258, 20230530093000)
 (3511., 3513., 3497., 3498.,  73463., 2067777, 20230530094500)
 (3498., 3501., 3487., 3489.,  74071., 2069438, 20230530100000)
 (3489., 3495., 3478., 3490.,  92293., 2076084, 20230530101500)
 (3489., 3492., 3480., 3484.,  48456., 2080075, 20230530104500)
 (3485., 3487., 3474., 3479.,  54103., 2084113, 20230530110000)
 (3478., 3482., 3470., 3473.,  67992., 2089712, 20230530111500)
 (3472., 3477., 3463., 3467.,  76217., 2088359, 20230530113000)
 (3461., 3463., 3448., 3455., 194986., 2091225, 20230530134500)
 (3455., 3458., 3444., 3447.,  82951., 2100247, 20230530140000)
 (3447., 3472., 3446., 3454., 120329., 2089656, 20230530141500)
 (3454., 3479., 3449., 3475., 138297., 2095803, 20230530143000)
 (3474., 3478., 3457., 3458., 105567., 2098803, 20230530144500)
 (3458., 3472., 3457., 3460.,  77409., 2092489, 20230530150000)]
2023-05-31 15:30:00  INFO  [(3460., 3464., 3452., 3453., 141206., 2091390, 20230530211500)
 (3453., 3455., 3442., 3446., 102152., 2096530, 20230530213000)
 (3446., 3450., 3440., 3448.,  58512., 2100516, 20230530214500)
 (3448., 3450., 3440., 3440.,  44287., 2099477, 20230530220000)
 (3441., 3448., 3439., 3443.,  49755., 2099960, 20230530221500)
 (3443., 3452., 3443., 3444.,  43716., 2100983, 20230530223000)
 (3443., 3448., 3441., 3445.,  28069., 2097968, 20230530224500)
 (3445., 3446., 3430., 3434.,  65852., 2090376, 20230530230000)
 (3432., 3437., 3424., 3435., 105608., 2101830, 20230531091500)
 (3435., 3444., 3434., 3436.,  67562., 2103446, 20230531093000)
 (3437., 3440., 3429., 3438.,  62325., 2105993, 20230531094500)
 (3438., 3456., 3437., 3447.,  93287., 2102933, 20230531100000)
 (3447., 3453., 3440., 3447.,  60246., 2099714, 20230531101500)
 (3447., 3447., 3430., 3432.,  67608., 2098152, 20230531104500)
 (3432., 3440., 3428., 3437.,  49156., 2102429, 20230531110000)
 (3438., 3446., 3435., 3441.,  49086., 2098067, 20230531111500)
 (3441., 3452., 3437., 3448.,  68357., 2094389, 20230531113000)
 (3445., 3464., 3441., 3457., 130774., 2101974, 20230531134500)
 (3456., 3470., 3454., 3469., 111480., 2104308, 20230531140000)
 (3468., 3473., 3457., 3461.,  95741., 2099950, 20230531141500)
 (3461., 3468., 3456., 3458.,  51946., 2101091, 20230531143000)
 (3457., 3468., 3455., 3463.,  51484., 2103340, 20230531144500)
 (3464., 3470., 3457., 3463.,  68042., 2091644, 20230531150000)]
2023-06-01 15:30:00  INFO  [(3455., 3473., 3445., 3470., 153048., 2092952, 20230531211500)
 (3470., 3494., 3467., 3486., 152471., 2095042, 20230531213000)
 (3486., 3487., 3478., 3479.,  51751., 2094711, 20230531214500)
 (3480., 3486., 3477., 3485.,  35812., 2094039, 20230531220000)
 (3484., 3493., 3481., 3491.,  59956., 2091170, 20230531221500)
 (3492., 3504., 3487., 3501.,  89493., 2087637, 20230531223000)
 (3501., 3510., 3497., 3505.,  85850., 2090004, 20230531224500)
 (3505., 3512., 3502., 3511.,  72543., 2082000, 20230531230000)
 (3510., 3512., 3491., 3494., 119774., 2083411, 20230601091500)
 (3493., 3500., 3492., 3498.,  54412., 2084540, 20230601093000)
 (3498., 3501., 3482., 3488.,  88396., 2094646, 20230601094500)
 (3488., 3516., 3486., 3515., 126122., 2083470, 20230601100000)
 (3514., 3527., 3510., 3522., 165233., 2074924, 20230601101500)
 (3521., 3531., 3515., 3521., 116540., 2067022, 20230601104500)
 (3521., 3523., 3511., 3513.,  60338., 2071322, 20230601110000)
 (3512., 3516., 3506., 3513.,  57839., 2068552, 20230601111500)
 (3513., 3520., 3505., 3517.,  48445., 2069434, 20230601113000)
 (3525., 3536., 3520., 3524., 158382., 2073424, 20230601134500)
 (3524., 3532., 3524., 3532.,  58028., 2074309, 20230601140000)
 (3531., 3539., 3527., 3528.,  99051., 2073190, 20230601141500)
 (3529., 3530., 3523., 3527.,  56082., 2078966, 20230601143000)
 (3527., 3535., 3518., 3534.,  73795., 2076003, 20230601144500)
 (3534., 3548., 3527., 3546., 140761., 2057886, 20230601150000)]
2023-06-02 15:30:00  INFO  [(3539., 3540., 3522., 3527., 153962., 2059286, 20230601211500)
 (3528., 3532., 3516., 3524.,  83890., 2063973, 20230601213000)
 (3525., 3531., 3522., 3525.,  52100., 2065496, 20230601214500)
 (3525., 3527., 3516., 3517.,  47757., 2066139, 20230601220000)
 (3517., 3522., 3512., 3520.,  51918., 2071304, 20230601221500)
 (3520., 3524., 3517., 3519.,  32342., 2072492, 20230601223000)
 (3518., 3528., 3515., 3528.,  42633., 2070075, 20230601224500)
 (3528., 3529., 3514., 3519.,  49122., 2061280, 20230601230000)
 (3519., 3525., 3514., 3525.,  79568., 2057582, 20230602091500)
 (3524., 3528., 3508., 3512.,  95792., 2068454, 20230602093000)
 (3512., 3517., 3509., 3510.,  49932., 2071030, 20230602094500)
 (3510., 3531., 3509., 3526.,  81061., 2064895, 20230602100000)
 (3525., 3528., 3517., 3521.,  52147., 2067493, 20230602101500)
 (3521., 3533., 3518., 3529.,  62584., 2070746, 20230602104500)
 (3529., 3550., 3529., 3549.,  98618., 2065843, 20230602110000)
 (3549., 3593., 3548., 3592., 369104., 2009639, 20230602111500)
 (3591., 3603., 3578., 3584., 233608., 2013486, 20230602113000)
 (3584., 3600., 3579., 3597., 148015., 2001993, 20230602134500)
 (3597., 3602., 3589., 3597., 105937., 1999251, 20230602140000)
 (3597., 3613., 3595., 3610., 124975., 1990923, 20230602141500)
 (3609., 3631., 3605., 3612., 191459., 1972735, 20230602143000)
 (3612., 3617., 3603., 3611., 111102., 1957121, 20230602144500)
 (3611., 3612., 3595., 3596., 119489., 1932492, 20230602150000)]
2023-06-05 15:30:00  INFO  [(3602., 3622., 3600., 3601., 201182., 1917824, 20230602211500)
 (3601., 3612., 3598., 3608.,  74821., 1916929, 20230602213000)
 (3608., 3627., 3608., 3625., 115820., 1922554, 20230602214500)
 (3625., 3627., 3619., 3624.,  46645., 1921064, 20230602220000)
 (3624., 3649., 3621., 3645., 144095., 1914681, 20230602221500)
 (3646., 3646., 3636., 3640.,  78207., 1907496, 20230602223000)
 (3640., 3641., 3630., 3636.,  58115., 1903944, 20230602224500)
 (3636., 3642., 3633., 3642.,  54196., 1895716, 20230602230000)
 (3680., 3689., 3647., 3653., 299668., 1913060, 20230605091500)
 (3653., 3656., 3624., 3650., 198049., 1914403, 20230605093000)
 (3650., 3658., 3638., 3650.,  71789., 1920609, 20230605094500)
 (3651., 3655., 3644., 3652.,  53497., 1923615, 20230605100000)
 (3651., 3654., 3638., 3651.,  54078., 1922593, 20230605101500)
 (3650., 3656., 3638., 3638.,  61513., 1921638, 20230605104500)
 (3638., 3643., 3635., 3637.,  50697., 1926607, 20230605110000)
 (3638., 3650., 3637., 3643.,  48402., 1932151, 20230605111500)
 (3643., 3650., 3628., 3633.,  68658., 1931291, 20230605113000)
 (3632., 3646., 3621., 3643., 124204., 1921641, 20230605134500)
 (3643., 3650., 3640., 3645.,  54060., 1921732, 20230605140000)
 (3646., 3652., 3636., 3638.,  61333., 1917822, 20230605141500)
 (3638., 3650., 3637., 3646.,  41295., 1915616, 20230605143000)
 (3646., 3652., 3640., 3646.,  40251., 1915809, 20230605144500)
 (3646., 3647., 3633., 3638.,  77008., 1908666, 20230605150000)]
2023-06-06 15:30:00  INFO  [(3638., 3640., 3624., 3633., 120292., 1913181, 20230605211500)
 (3633., 3644., 3632., 3636.,  40800., 1915006, 20230605213000)
 (3637., 3643., 3636., 3640.,  35084., 1914549, 20230605214500)
 (3639., 3656., 3639., 3650.,  78525., 1917491, 20230605220000)
 (3650., 3662., 3650., 3653.,  75225., 1918075, 20230605221500)
 (3653., 3667., 3646., 3661.,  70109., 1914729, 20230605223000)
 (3662., 3665., 3657., 3658.,  35672., 1912649, 20230605224500)
 (3659., 3668., 3655., 3657.,  45714., 1906977, 20230605230000)
 (3657., 3658., 3640., 3650.,  94176., 1910293, 20230606091500)
 (3650., 3651., 3640., 3645.,  48296., 1915006, 20230606093000)
 (3645., 3652., 3641., 3648.,  35729., 1916147, 20230606094500)
 (3649., 3651., 3632., 3637.,  84761., 1915285, 20230606100000)
 (3638., 3657., 3635., 3655.,  71830., 1908630, 20230606101500)
 (3655., 3667., 3655., 3666.,  85839., 1915289, 20230606104500)
 (3666., 3670., 3661., 3669.,  60738., 1918571, 20230606110000)
 (3670., 3675., 3662., 3670.,  65163., 1921615, 20230606111500)
 (3669., 3685., 3664., 3682.,  67459., 1916555, 20230606113000)
 (3680., 3686., 3670., 3677.,  97697., 1913617, 20230606134500)
 (3677., 3680., 3660., 3662.,  90619., 1910028, 20230606140000)
 (3662., 3677., 3660., 3673.,  67190., 1907411, 20230606141500)
 (3674., 3674., 3663., 3663.,  49776., 1907705, 20230606143000)
 (3664., 3675., 3654., 3657.,  85856., 1901891, 20230606144500)
 (3656., 3657., 3635., 3641., 144618., 1880580, 20230606150000)]
2023-06-07 15:30:00  INFO  [(3645., 3652., 3635., 3650., 149151., 1887463, 20230606211500)
 (3651., 3658., 3641., 3642.,  65400., 1884589, 20230606213000)
 (3643., 3648., 3639., 3644.,  49110., 1881535, 20230606214500)
 (3644., 3649., 3631., 3636.,  68179., 1882595, 20230606220000)
 (3636., 3643., 3627., 3635.,  95773., 1882348, 20230606221500)
 (3635., 3644., 3633., 3640.,  47987., 1874263, 20230606223000)
 (3640., 3650., 3637., 3637.,  59900., 1872295, 20230606224500)
 (3637., 3641., 3619., 3634.,  97292., 1868744, 20230606230000)
 (3635., 3644., 3632., 3638.,  77586., 1875230, 20230607091500)
 (3638., 3655., 3637., 3647.,  75849., 1868442, 20230607093000)
 (3646., 3661., 3646., 3655.,  66379., 1871459, 20230607094500)
 (3655., 3663., 3645., 3661.,  65177., 1872485, 20230607100000)
 (3662., 3664., 3641., 3642.,  63760., 1870639, 20230607101500)
 (3646., 3660., 3644., 3657.,  68892., 1869656, 20230607104500)
 (3658., 3662., 3650., 3651.,  44528., 1870964, 20230607110000)
 (3651., 3652., 3641., 3643.,  45776., 1873535, 20230607111500)
 (3642., 3655., 3639., 3641.,  67182., 1869637, 20230607113000)
 (3647., 3656., 3630., 3638., 133305., 1879043, 20230607134500)
 (3638., 3644., 3617., 3619., 126122., 1893556, 20230607140000)
 (3619., 3626., 3600., 3601., 182908., 1908547, 20230607141500)
 (3601., 3604., 3586., 3591., 177608., 1911265, 20230607143000)
 (3592., 3611., 3589., 3608., 136113., 1899698, 20230607144500)
 (3607., 3625., 3601., 3621., 123510., 1881811, 20230607150000)]
2023-06-08 15:30:00  INFO  [(3630., 3650., 3625., 3645., 169409., 1882258, 20230607211500)
 (3645., 3647., 3638., 3647.,  62924., 1884821, 20230607213000)
 (3647., 3648., 3631., 3640.,  65545., 1890681, 20230607214500)
 (3639., 3658., 3639., 3655., 110461., 1887810, 20230607220000)
 (3656., 3671., 3653., 3667., 119759., 1880399, 20230607221500)
 (3666., 3670., 3657., 3658.,  73544., 1882548, 20230607223000)
 (3658., 3664., 3653., 3661.,  53448., 1883419, 20230607224500)
 (3662., 3668., 3653., 3659.,  51077., 1873174, 20230607230000)
 (3660., 3676., 3657., 3673., 112789., 1872899, 20230608091500)
 (3673., 3674., 3659., 3673.,  62237., 1869883, 20230608093000)
 (3673., 3678., 3663., 3663.,  65044., 1865747, 20230608094500)
 (3664., 3666., 3658., 3659.,  44101., 1865277, 20230608100000)
 (3659., 3675., 3657., 3672.,  59620., 1863781, 20230608101500)
 (3672., 3676., 3660., 3660.,  57965., 1869427, 20230608104500)
 (3661., 3670., 3654., 3660.,  56227., 1867878, 20230608110000)
 (3661., 3667., 3650., 3653.,  69874., 1874494, 20230608111500)
 (3653., 3663., 3632., 3637., 161640., 1861264, 20230608113000)
 (3631., 3662., 3631., 3641., 161046., 1865717, 20230608134500)
 (3642., 3645., 3634., 3641.,  70975., 1866886, 20230608140000)
 (3642., 3650., 3637., 3642.,  54408., 1872107, 20230608141500)
 (3643., 3647., 3638., 3644.,  43604., 1872555, 20230608143000)
 (3644., 3649., 3633., 3649.,  53558., 1873500, 20230608144500)
 (3649., 3656., 3644., 3654.,  76775., 1862472, 20230608150000)]
2023-06-09 15:30:00  INFO  [(3659., 3682., 3656., 3680., 196723., 1865161, 20230608211500)
 (3680., 3696., 3676., 3688., 191262., 1858902, 20230608213000)
 (3688., 3696., 3682., 3684.,  81134., 1860469, 20230608214500)
 (3683., 3687., 3676., 3687.,  63733., 1862035, 20230608220000)
 (3687., 3690., 3682., 3690.,  40950., 1865547, 20230608221500)
 (3691., 3691., 3682., 3689.,  33222., 1867875, 20230608223000)
 (3690., 3695., 3688., 3690.,  41675., 1868350, 20230608224500)
 (3691., 3695., 3686., 3694.,  35345., 1861465, 20230608230000)
 (3694., 3716., 3693., 3696., 190917., 1867344, 20230609091500)
 (3696., 3699., 3682., 3684.,  95868., 1871726, 20230609093000)
 (3684., 3688., 3673., 3678.,  95020., 1876662, 20230609094500)
 (3678., 3685., 3673., 3678.,  65352., 1881499, 20230609100000)
 (3679., 3682., 3673., 3674.,  52188., 1886373, 20230609101500)
 (3674., 3683., 3671., 3679.,  55831., 1887382, 20230609104500)
 (3679., 3683., 3671., 3681.,  36927., 1884630, 20230609110000)
 (3682., 3691., 3678., 3691.,  63306., 1880969, 20230609111500)
 (3691., 3703., 3687., 3691.,  86501., 1874249, 20230609113000)
 (3691., 3696., 3677., 3696.,  84289., 1877442, 20230609134500)
 (3695., 3703., 3693., 3698.,  71682., 1886147, 20230609140000)
 (3699., 3701., 3691., 3698.,  46414., 1886234, 20230609141500)
 (3698., 3720., 3698., 3720., 141777., 1902456, 20230609143000)
 (3719., 3722., 3711., 3718., 120186., 1922000, 20230609144500)
 (3718., 3719., 3696., 3711., 143891., 1909178, 20230609150000)]
2023-06-12 15:30:00  INFO  [(3711., 3713., 3690., 3696., 182873., 1913857, 20230609211500)
 (3697., 3701., 3693., 3695.,  53042., 1920687, 20230609213000)
 (3695., 3701., 3693., 3696.,  37065., 1922450, 20230609214500)
 (3695., 3700., 3694., 3698.,  29166., 1919613, 20230609220000)
 (3698., 3707., 3697., 3703.,  52113., 1920193, 20230609221500)
 (3703., 3723., 3700., 3716.,  83521., 1918128, 20230609223000)
 (3716., 3727., 3705., 3715., 118742., 1921554, 20230609224500)
 (3715., 3715., 3693., 3694., 115981., 1908466, 20230609230000)
 (3686., 3686., 3662., 3671., 266405., 1901882, 20230612091500)
 (3671., 3679., 3660., 3666., 102211., 1911792, 20230612093000)
 (3666., 3669., 3661., 3663.,  55750., 1914822, 20230612094500)
 (3663., 3665., 3653., 3657.,  91157., 1916144, 20230612100000)
 (3657., 3660., 3646., 3648.,  77328., 1916443, 20230612101500)
 (3647., 3657., 3643., 3652.,  98993., 1909908, 20230612104500)
 (3651., 3657., 3646., 3648.,  45245., 1911883, 20230612110000)
 (3648., 3654., 3646., 3650.,  29814., 1912077, 20230612111500)
 (3649., 3649., 3634., 3639.,  86473., 1901393, 20230612113000)
 (3642., 3660., 3642., 3655., 113197., 1889143, 20230612134500)
 (3654., 3655., 3644., 3646.,  45448., 1891433, 20230612140000)
 (3647., 3653., 3640., 3641.,  52256., 1889911, 20230612141500)
 (3641., 3647., 3633., 3637.,  57576., 1897601, 20230612143000)
 (3638., 3646., 3630., 3645.,  71802., 1894977, 20230612144500)
 (3645., 3654., 3643., 3652.,  77851., 1881702, 20230612150000)]
2023-06-13 15:30:00  INFO  [(3652., 3670., 3650., 3668., 150160., 1874954, 20230612211500)
 (3668., 3668., 3655., 3661.,  55987., 1875868, 20230612213000)
 (3661., 3668., 3657., 3666.,  43641., 1877541, 20230612214500)
 (3666., 3669., 3658., 3661.,  38898., 1876884, 20230612220000)
 (3661., 3665., 3648., 3654.,  52641., 1879780, 20230612221500)
 (3654., 3660., 3651., 3657.,  30198., 1882885, 20230612223000)
 (3657., 3659., 3652., 3657.,  25904., 1878055, 20230612224500)
 (3657., 3680., 3657., 3680., 115017., 1873488, 20230612230000)
 (3679., 3685., 3673., 3680.,  98961., 1881183, 20230613091500)
 (3680., 3692., 3680., 3689.,  99569., 1877820, 20230613093000)
 (3690., 3694., 3683., 3689.,  64776., 1878467, 20230613094500)
 (3689., 3696., 3686., 3694.,  55661., 1883137, 20230613100000)
 (3695., 3697., 3682., 3682.,  57368., 1882895, 20230613101500)
 (3683., 3706., 3680., 3705., 129947., 1893950, 20230613104500)
 (3705., 3724., 3702., 3721., 181453., 1918247, 20230613110000)
 (3721., 3725., 3702., 3723., 188045., 1918457, 20230613111500)
 (3723., 3726., 3713., 3718.,  99022., 1924901, 20230613113000)
 (3725., 3734., 3711., 3715., 186586., 1926556, 20230613134500)
 (3716., 3730., 3711., 3730.,  68970., 1941263, 20230613140000)
 (3730., 3733., 3724., 3726.,  69144., 1946919, 20230613141500)
 (3725., 3736., 3724., 3734.,  66972., 1955255, 20230613143000)
 (3734., 3740., 3730., 3736.,  77484., 1960476, 20230613144500)
 (3736., 3744., 3732., 3741., 106260., 1957459, 20230613150000)]
2023-06-14 15:30:00  INFO  [(3749., 3753., 3738., 3743., 198825., 1962088, 20230613211500)
 (3742., 3748., 3739., 3741.,  67814., 1969382, 20230613213000)
 (3741., 3744., 3735., 3737.,  55364., 1968377, 20230613214500)
 (3738., 3745., 3735., 3743.,  40147., 1966146, 20230613220000)
 (3742., 3745., 3736., 3744.,  32368., 1965812, 20230613221500)
 (3744., 3746., 3739., 3745.,  25649., 1964790, 20230613223000)
 (3745., 3748., 3742., 3742.,  23928., 1964090, 20230613224500)
 (3743., 3745., 3738., 3739.,  34215., 1958400, 20230613230000)
 (3737., 3740., 3725., 3729., 123804., 1949311, 20230614091500)
 (3729., 3736., 3723., 3736.,  73821., 1947576, 20230614093000)
 (3735., 3738., 3725., 3731.,  47708., 1943907, 20230614094500)
 (3730., 3742., 3730., 3740.,  58256., 1945807, 20230614100000)
 (3738., 3742., 3731., 3733.,  44621., 1940925, 20230614101500)
 (3732., 3741., 3729., 3730.,  46315., 1933964, 20230614104500)
 (3731., 3731., 3725., 3729.,  42555., 1938449, 20230614110000)
 (3728., 3738., 3727., 3737.,  47331., 1939512, 20230614111500)
 (3737., 3747., 3734., 3747.,  74134., 1941555, 20230614113000)
 (3746., 3763., 3734., 3760., 187588., 1931810, 20230614134500)
 (3759., 3761., 3732., 3735., 144519., 1927879, 20230614140000)
 (3736., 3738., 3728., 3732., 106346., 1932784, 20230614141500)
 (3732., 3734., 3718., 3723., 126937., 1924004, 20230614143000)
 (3724., 3731., 3722., 3725.,  53569., 1927685, 20230614144500)
 (3726., 3745., 3724., 3739.,  98597., 1910655, 20230614150000)]
2023-06-15 15:30:00  INFO  [(3744., 3770., 3744., 3758., 174397., 1919882, 20230614211500)
 (3758., 3760., 3744., 3748.,  60626., 1925012, 20230614213000)
 (3749., 3756., 3744., 3755.,  40931., 1927819, 20230614214500)
 (3754., 3762., 3749., 3753.,  52446., 1932011, 20230614220000)
 (3753., 3756., 3748., 3755.,  39754., 1934547, 20230614221500)
 (3756., 3760., 3750., 3759.,  43231., 1933618, 20230614223000)
 (3761., 3765., 3754., 3758.,  56193., 1937285, 20230614224500)
 (3757., 3759., 3747., 3748.,  53636., 1928868, 20230614230000)
 (3745., 3747., 3725., 3727., 143324., 1940442, 20230615091500)
 (3728., 3734., 3722., 3728.,  77338., 1936058, 20230615093000)
 (3729., 3738., 3727., 3735.,  54002., 1935913, 20230615094500)
 (3736., 3748., 3734., 3742.,  74605., 1939868, 20230615100000)
 (3742., 3758., 3735., 3741., 101185., 1944206, 20230615101500)
 (3741., 3744., 3728., 3732.,  61981., 1945563, 20230615104500)
 (3731., 3733., 3715., 3717., 125354., 1953696, 20230615110000)
 (3718., 3723., 3713., 3716.,  71514., 1954818, 20230615111500)
 (3717., 3734., 3714., 3731.,  83755., 1950273, 20230615113000)
 (3738., 3744., 3730., 3740., 116356., 1948777, 20230615134500)
 (3740., 3746., 3734., 3745.,  53206., 1951902, 20230615140000)
 (3746., 3757., 3743., 3755., 102224., 1954325, 20230615141500)
 (3755., 3760., 3749., 3759.,  78832., 1951380, 20230615143000)
 (3759., 3765., 3752., 3752.,  95131., 1962413, 20230615144500)
 (3753., 3762., 3746., 3760.,  88974., 1948226, 20230615150000)]
2023-06-16 15:30:00  INFO  [(3764., 3774., 3757., 3767., 162507., 1968953, 20230615211500)
 (3768., 3772., 3764., 3770.,  51811., 1975911, 20230615213000)
 (3770., 3771., 3761., 3767.,  36721., 1979487, 20230615214500)
 (3767., 3776., 3764., 3774.,  45612., 1981308, 20230615220000)
 (3773., 3777., 3770., 3773.,  40918., 1986746, 20230615221500)
 (3773., 3779., 3768., 3779.,  39984., 1988487, 20230615223000)
 (3778., 3779., 3769., 3770.,  40835., 1987163, 20230615224500)
 (3769., 3770., 3756., 3761.,  91357., 1976127, 20230615230000)
 (3760., 3771., 3756., 3760., 108551., 1986762, 20230616091500)
 (3760., 3770., 3754., 3769.,  67559., 1981370, 20230616093000)
 (3769., 3777., 3764., 3773.,  74578., 1984818, 20230616094500)
 (3774., 3786., 3771., 3781.,  96941., 1988212, 20230616100000)
 (3782., 3783., 3772., 3779.,  53917., 1989029, 20230616101500)
 (3779., 3791., 3779., 3788.,  70459., 1996965, 20230616104500)
 (3789., 3793., 3779., 3792.,  67589., 1997655, 20230616110000)
 (3791., 3795., 3785., 3787.,  58428., 2007042, 20230616111500)
 (3787., 3797., 3775., 3796.,  99796., 2003727, 20230616113000)
 (3797., 3803., 3793., 3796., 110819., 2005063, 20230616134500)
 (3795., 3800., 3792., 3798.,  48976., 2002887, 20230616140000)
 (3798., 3806., 3795., 3804.,  62150., 2006475, 20230616141500)
 (3804., 3809., 3798., 3802.,  81818., 2002892, 20230616143000)
 (3802., 3805., 3795., 3797.,  58471., 1998089, 20230616144500)
 (3796., 3805., 3792., 3799.,  96852., 1975804, 20230616150000)]
2023-06-19 15:30:00  INFO  [(3800., 3804., 3765., 3768., 288657., 1982942, 20230616211500)
 (3767., 3794., 3766., 3793., 139826., 1966223, 20230616213000)
 (3793., 3796., 3778., 3780.,  93553., 1955362, 20230616214500)
 (3779., 3789., 3778., 3788.,  36046., 1955399, 20230616220000)
 (3788., 3798., 3786., 3794.,  69740., 1963141, 20230616221500)
 (3794., 3799., 3788., 3799.,  36111., 1962299, 20230616223000)
 (3799., 3813., 3796., 3810., 115281., 1963775, 20230616224500)
 (3811., 3815., 3802., 3814.,  70093., 1954893, 20230616230000)
 (3807., 3807., 3784., 3797., 195538., 1945716, 20230619091500)
 (3796., 3800., 3785., 3790.,  79268., 1948668, 20230619093000)
 (3790., 3790., 3775., 3778.,  91203., 1946225, 20230619094500)
 (3778., 3792., 3778., 3788.,  50923., 1942292, 20230619100000)
 (3789., 3790., 3775., 3778.,  57219., 1945524, 20230619101500)
 (3776., 3780., 3770., 3774.,  55479., 1944421, 20230619104500)
 (3775., 3782., 3747., 3753., 174923., 1927129, 20230619110000)
 (3752., 3755., 3744., 3753., 120089., 1918454, 20230619111500)
 (3754., 3762., 3748., 3751.,  81926., 1918005, 20230619113000)
 (3751., 3753., 3743., 3751.,  85618., 1915556, 20230619134500)
 (3750., 3773., 3750., 3767., 108222., 1915110, 20230619140000)
 (3766., 3767., 3754., 3759.,  55624., 1917769, 20230619141500)
 (3760., 3761., 3749., 3751.,  35384., 1917369, 20230619143000)
 (3751., 3756., 3747., 3755.,  37648., 1915408, 20230619144500)
 (3755., 3759., 3747., 3752.,  67839., 1897696, 20230619150000)]
2023-06-20 15:30:00  INFO  [(3760., 3767., 3744., 3748., 132098., 1888327, 20230619211500)
 (3749., 3749., 3734., 3745., 125509., 1891059, 20230619213000)
 (3745., 3757., 3745., 3749.,  59670., 1890426, 20230619214500)
 (3750., 3751., 3744., 3748.,  24371., 1890380, 20230619220000)
 (3747., 3749., 3733., 3736.,  50706., 1891842, 20230619221500)
 (3736., 3738., 3727., 3736.,  80434., 1896298, 20230619223000)
 (3737., 3745., 3734., 3744.,  45257., 1890606, 20230619224500)
 (3745., 3755., 3744., 3745.,  72536., 1882004, 20230619230000)
 (3745., 3767., 3745., 3765.,  99539., 1881795, 20230620091500)
 (3765., 3770., 3753., 3764.,  75336., 1887145, 20230620093000)
 (3764., 3770., 3759., 3760.,  50923., 1893414, 20230620094500)
 (3760., 3763., 3746., 3747.,  71203., 1896363, 20230620100000)
 (3748., 3749., 3724., 3730., 156572., 1891740, 20230620101500)
 (3730., 3735., 3725., 3732.,  65782., 1890314, 20230620104500)
 (3732., 3742., 3727., 3730.,  60039., 1884906, 20230620110000)
 (3730., 3741., 3727., 3737.,  46391., 1886694, 20230620111500)
 (3736., 3739., 3720., 3738.,  93310., 1881829, 20230620113000)
 (3736., 3746., 3730., 3745.,  74039., 1883552, 20230620134500)
 (3744., 3751., 3742., 3750.,  49949., 1881782, 20230620140000)
 (3751., 3751., 3742., 3748.,  46803., 1879400, 20230620141500)
 (3748., 3753., 3743., 3749.,  45577., 1884135, 20230620143000)
 (3749., 3757., 3746., 3755.,  43109., 1887021, 20230620144500)
 (3754., 3756., 3737., 3743.,  70458., 1871501, 20230620150000)]
2023-06-21 15:30:00  INFO  [(3736., 3744., 3729., 3736., 121965., 1872113, 20230620211500)
 (3736., 3737., 3729., 3732.,  42663., 1877457, 20230620213000)
 (3732., 3732., 3709., 3715., 163716., 1873014, 20230620214500)
 (3715., 3722., 3713., 3717.,  58108., 1875091, 20230620220000)
 (3717., 3717., 3706., 3710.,  82719., 1876552, 20230620221500)
 (3710., 3714., 3701., 3702.,  64011., 1876333, 20230620223000)
 (3702., 3703., 3694., 3696., 126670., 1862884, 20230620224500)
 (3697., 3700., 3691., 3696.,  66436., 1850763, 20230620230000)
 (3700., 3716., 3697., 3716., 105345., 1848089, 20230621091500)
 (3715., 3730., 3713., 3727., 136772., 1849883, 20230621093000)
 (3728., 3730., 3721., 3728.,  59257., 1848625, 20230621094500)
 (3728., 3740., 3722., 3737.,  86107., 1848977, 20230621100000)
 (3738., 3738., 3728., 3732.,  50717., 1853112, 20230621101500)
 (3734., 3743., 3730., 3732.,  58786., 1851466, 20230621104500)
 (3733., 3733., 3717., 3719.,  74181., 1853643, 20230621110000)
 (3720., 3734., 3719., 3732.,  47621., 1850901, 20230621111500)
 (3732., 3735., 3725., 3731.,  38130., 1849459, 20230621113000)
 (3727., 3728., 3708., 3708., 104918., 1833573, 20230621134500)
 (3708., 3711., 3696., 3703.,  92883., 1833631, 20230621140000)
 (3703., 3708., 3694., 3696.,  77632., 1825351, 20230621141500)
 (3697., 3702., 3695., 3700.,  45660., 1821658, 20230621143000)
 (3700., 3707., 3683., 3685., 121504., 1812038, 20230621144500)
 (3685., 3693., 3684., 3686., 111788., 1789953, 20230621150000)]
2023-06-26 15:30:00  INFO  [(3720., 3734., 3719., 3732.,  47621., 1850901, 20230621111500)
 (3732., 3735., 3725., 3731.,  38130., 1849459, 20230621113000)
 (3727., 3728., 3708., 3708., 104918., 1833573, 20230621134500)
 (3708., 3711., 3696., 3703.,  92883., 1833631, 20230621140000)
 (3703., 3708., 3694., 3696.,  77632., 1825351, 20230621141500)
 (3697., 3702., 3695., 3700.,  45660., 1821658, 20230621143000)
 (3700., 3707., 3683., 3685., 121504., 1812038, 20230621144500)
 (3685., 3693., 3684., 3686., 111788., 1789953, 20230621150000)
 (3643., 3663., 3636., 3660., 314330., 1804015, 20230626091500)
 (3660., 3672., 3651., 3652., 114303., 1813636, 20230626093000)
 (3653., 3663., 3650., 3658.,  65703., 1819453, 20230626094500)
 (3658., 3660., 3644., 3647.,  72269., 1821471, 20230626100000)
 (3647., 3649., 3641., 3647.,  59778., 1827110, 20230626101500)
 (3648., 3649., 3636., 3637.,  84758., 1825104, 20230626104500)
 (3638., 3642., 3633., 3639.,  84649., 1816373, 20230626110000)
 (3639., 3654., 3635., 3651.,  70049., 1807891, 20230626111500)
 (3652., 3665., 3652., 3657.,  87931., 1801813, 20230626113000)
 (3654., 3660., 3650., 3659.,  64298., 1809017, 20230626134500)
 (3658., 3660., 3652., 3654.,  26518., 1809184, 20230626140000)
 (3653., 3658., 3646., 3653.,  42170., 1810049, 20230626141500)
 (3653., 3665., 3651., 3662.,  57861., 1811714, 20230626143000)
 (3662., 3671., 3658., 3668.,  62539., 1812290, 20230626144500)
 (3668., 3669., 3656., 3667.,  68796., 1799391, 20230626150000)]
2023-06-27 15:30:00  INFO  [(3667., 3676., 3661., 3664., 111768., 1801549, 20230626211500)
 (3664., 3678., 3663., 3676.,  59735., 1797655, 20230626213000)
 (3676., 3680., 3671., 3679.,  51369., 1794482, 20230626214500)
 (3679., 3683., 3674., 3676.,  55277., 1797889, 20230626220000)
 (3676., 3677., 3667., 3674.,  44525., 1798338, 20230626221500)
 (3674., 3676., 3667., 3668.,  26599., 1798488, 20230626223000)
 (3669., 3680., 3667., 3679.,  35241., 1794558, 20230626224500)
 (3680., 3680., 3671., 3673.,  24270., 1789406, 20230626230000)
 (3676., 3685., 3675., 3682.,  67244., 1789998, 20230627091500)
 (3682., 3694., 3680., 3691.,  79759., 1790341, 20230627093000)
 (3691., 3695., 3686., 3693.,  48524., 1795202, 20230627094500)
 (3694., 3703., 3691., 3700.,  79189., 1801113, 20230627100000)
 (3700., 3702., 3690., 3696.,  44389., 1798867, 20230627101500)
 (3697., 3699., 3688., 3692.,  34303., 1803910, 20230627104500)
 (3693., 3712., 3691., 3711.,  77032., 1813685, 20230627110000)
 (3710., 3715., 3706., 3715.,  92880., 1829014, 20230627111500)
 (3715., 3725., 3709., 3725.,  81835., 1832559, 20230627113000)
 (3723., 3739., 3722., 3737., 158882., 1837837, 20230627134500)
 (3737., 3744., 3733., 3740., 104541., 1845873, 20230627140000)
 (3739., 3742., 3733., 3740.,  72033., 1850725, 20230627141500)
 (3740., 3741., 3728., 3732.,  61744., 1857924, 20230627143000)
 (3731., 3735., 3721., 3722.,  69462., 1857821, 20230627144500)
 (3722., 3730., 3717., 3728., 108489., 1849307, 20230627150000)]
2023-06-28 15:30:00  INFO  [(3720., 3732., 3720., 3726., 110017., 1847727, 20230627211500)
 (3726., 3728., 3717., 3724.,  44488., 1848112, 20230627213000)
 (3725., 3727., 3720., 3722.,  25920., 1845563, 20230627214500)
 (3721., 3722., 3715., 3717.,  38720., 1845377, 20230627220000)
 (3718., 3728., 3717., 3726.,  38385., 1846094, 20230627221500)
 (3726., 3741., 3725., 3737.,  62958., 1848199, 20230627223000)
 (3738., 3740., 3733., 3740.,  40267., 1847647, 20230627224500)
 (3739., 3740., 3731., 3732.,  31211., 1841548, 20230627230000)
 (3730., 3735., 3723., 3726.,  63592., 1843087, 20230628091500)
 (3726., 3730., 3717., 3723.,  59737., 1842101, 20230628093000)
 (3724., 3726., 3716., 3718.,  56235., 1837182, 20230628094500)
 (3718., 3726., 3712., 3723.,  70522., 1834241, 20230628100000)
 (3723., 3724., 3704., 3707.,  97238., 1832051, 20230628101500)
 (3708., 3710., 3696., 3709., 101074., 1837215, 20230628104500)
 (3708., 3714., 3696., 3700.,  75423., 1840063, 20230628110000)
 (3699., 3707., 3697., 3702.,  44091., 1839049, 20230628111500)
 (3701., 3712., 3698., 3699.,  49308., 1835600, 20230628113000)
 (3700., 3704., 3691., 3703.,  73904., 1838319, 20230628134500)
 (3703., 3721., 3702., 3714.,  90056., 1837831, 20230628140000)
 (3715., 3725., 3715., 3725.,  61968., 1842572, 20230628141500)
 (3725., 3726., 3716., 3721.,  45681., 1842125, 20230628143000)
 (3721., 3730., 3718., 3729.,  57490., 1844831, 20230628144500)
 (3730., 3732., 3722., 3731.,  76891., 1839521, 20230628150000)]
2023-06-29 15:30:00  INFO  [(3722., 3727., 3705., 3708., 144340., 1837721, 20230628211500)
 (3708., 3714., 3706., 3713.,  42382., 1836996, 20230628213000)
 (3712., 3723., 3708., 3721.,  50324., 1833061, 20230628214500)
 (3721., 3725., 3717., 3724.,  36338., 1834220, 20230628220000)
 (3724., 3728., 3711., 3711.,  49964., 1833972, 20230628221500)
 (3711., 3714., 3708., 3710.,  45057., 1833196, 20230628223000)
 (3709., 3719., 3707., 3716.,  36050., 1829709, 20230628224500)
 (3716., 3718., 3700., 3703.,  50570., 1827303, 20230628230000)
 (3704., 3733., 3701., 3730., 125016., 1823028, 20230629091500)
 (3729., 3748., 3726., 3746., 128239., 1833125, 20230629093000)
 (3746., 3749., 3738., 3748.,  95284., 1829169, 20230629094500)
 (3748., 3751., 3741., 3747.,  59698., 1837017, 20230629100000)
 (3747., 3748., 3734., 3742.,  59414., 1831930, 20230629101500)
 (3742., 3744., 3735., 3739.,  30126., 1830476, 20230629104500)
 (3738., 3742., 3724., 3725.,  69071., 1825489, 20230629110000)
 (3725., 3732., 3723., 3727.,  48443., 1821596, 20230629111500)
 (3726., 3744., 3725., 3740.,  65090., 1816369, 20230629113000)
 (3728., 3732., 3705., 3714., 257106., 1820081, 20230629134500)
 (3713., 3713., 3706., 3710., 108889., 1827150, 20230629140000)
 (3711., 3725., 3708., 3719.,  78493., 1822147, 20230629141500)
 (3719., 3724., 3713., 3716.,  56941., 1817035, 20230629143000)
 (3715., 3719., 3711., 3716.,  39391., 1812669, 20230629144500)
 (3717., 3724., 3713., 3723.,  64843., 1800906, 20230629150000)]
2023-06-30 15:30:00  INFO  [(3725., 3742., 3723., 3740., 135855., 1801545, 20230629211500)
 (3739., 3746., 3738., 3741.,  69076., 1808846, 20230629213000)
 (3741., 3742., 3736., 3740.,  44576., 1805382, 20230629214500)
 (3740., 3761., 3740., 3757., 132240., 1810246, 20230629220000)
 (3759., 3766., 3756., 3758.,  94221., 1809535, 20230629221500)
 (3758., 3762., 3754., 3762.,  35635., 1811474, 20230629223000)
 (3762., 3764., 3757., 3760.,  27811., 1814326, 20230629224500)
 (3760., 3761., 3751., 3759.,  41683., 1804784, 20230629230000)
 (3756., 3768., 3756., 3759.,  61055., 1814305, 20230630091500)
 (3759., 3772., 3756., 3769.,  60838., 1822970, 20230630093000)
 (3769., 3771., 3761., 3768.,  38014., 1829071, 20230630094500)
 (3768., 3777., 3765., 3773.,  54258., 1837059, 20230630100000)
 (3774., 3776., 3765., 3767.,  41158., 1838147, 20230630101500)
 (3766., 3768., 3758., 3761.,  54790., 1835284, 20230630104500)
 (3761., 3775., 3758., 3772.,  51805., 1835307, 20230630110000)
 (3772., 3774., 3763., 3766.,  32817., 1835855, 20230630111500)
 (3766., 3767., 3758., 3761.,  45986., 1831265, 20230630113000)
 (3760., 3765., 3748., 3753.,  96617., 1825576, 20230630134500)
 (3752., 3754., 3744., 3748.,  60919., 1819274, 20230630140000)
 (3748., 3748., 3726., 3728., 140853., 1819026, 20230630141500)
 (3728., 3731., 3711., 3718., 198450., 1808993, 20230630143000)
 (3718., 3725., 3714., 3724.,  89353., 1812931, 20230630144500)
 (3723., 3731., 3719., 3721.,  96716., 1802556, 20230630150000)]
2023-07-03 15:30:00  INFO  [(3718., 3730., 3717., 3725., 111847., 1808402, 20230630211500)
 (3725., 3741., 3723., 3738.,  69911., 1808656, 20230630213000)
 (3739., 3747., 3735., 3743.,  75289., 1803720, 20230630214500)
 (3744., 3745., 3734., 3739.,  53992., 1800610, 20230630220000)
 (3739., 3753., 3736., 3751.,  51508., 1800907, 20230630221500)
 (3751., 3752., 3742., 3748.,  41069., 1801223, 20230630223000)
 (3748., 3748., 3738., 3738.,  33332., 1799618, 20230630224500)
 (3739., 3747., 3729., 3730.,  66699., 1788158, 20230630230000)
 (3729., 3730., 3715., 3721., 146071., 1787049, 20230703091500)
 (3721., 3721., 3706., 3712., 115036., 1789580, 20230703093000)
 (3711., 3727., 3710., 3726.,  73288., 1793244, 20230703094500)
 (3726., 3726., 3713., 3715.,  43909., 1790295, 20230703100000)
 (3715., 3716., 3709., 3714.,  52250., 1792745, 20230703101500)
 (3711., 3724., 3704., 3714.,  86699., 1791108, 20230703104500)
 (3714., 3745., 3714., 3740., 167675., 1793846, 20230703110000)
 (3739., 3740., 3713., 3725., 134148., 1777579, 20230703111500)
 (3725., 3738., 3722., 3733.,  80796., 1783449, 20230703113000)
 (3733., 3770., 3730., 3767., 227884., 1821333, 20230703134500)
 (3768., 3771., 3761., 3767., 141877., 1835299, 20230703140000)
 (3766., 3775., 3762., 3774.,  77006., 1848571, 20230703141500)
 (3774., 3780., 3765., 3768., 128479., 1865967, 20230703143000)
 (3767., 3770., 3758., 3761.,  83003., 1858118, 20230703144500)
 (3761., 3767., 3753., 3767.,  91643., 1844614, 20230703150000)]
2023-07-04 15:30:00  INFO  [(3766., 3780., 3766., 3777., 124387., 1854872, 20230703211500)
 (3777., 3782., 3772., 3780.,  61500., 1856533, 20230703213000)
 (3780., 3784., 3772., 3773.,  57971., 1858700, 20230703214500)
 (3773., 3775., 3768., 3773.,  38269., 1856869, 20230703220000)
 (3773., 3775., 3762., 3768.,  52376., 1850275, 20230703221500)
 (3767., 3770., 3758., 3760.,  45983., 1843337, 20230703223000)
 (3760., 3771., 3758., 3769.,  45509., 1836532, 20230703224500)
 (3769., 3773., 3763., 3764.,  34649., 1829551, 20230703230000)
 (3766., 3778., 3766., 3770.,  74164., 1830201, 20230704091500)
 (3770., 3778., 3761., 3765.,  67697., 1835825, 20230704093000)
 (3764., 3769., 3755., 3765.,  51562., 1835746, 20230704094500)
 (3765., 3782., 3761., 3775.,  86269., 1843391, 20230704100000)
 (3774., 3788., 3770., 3786.,  81527., 1857914, 20230704101500)
 (3784., 3787., 3780., 3780.,  54145., 1870289, 20230704104500)
 (3780., 3793., 3776., 3789.,  82528., 1886328, 20230704110000)
 (3790., 3791., 3776., 3781.,  55273., 1887853, 20230704111500)
 (3782., 3785., 3775., 3778.,  55819., 1881566, 20230704113000)
 (3777., 3779., 3765., 3770.,  85402., 1869552, 20230704134500)
 (3770., 3771., 3751., 3756., 108388., 1858036, 20230704140000)
 (3756., 3770., 3754., 3762.,  71530., 1854879, 20230704141500)
 (3763., 3770., 3761., 3768.,  37182., 1858117, 20230704143000)
 (3768., 3768., 3758., 3765.,  35121., 1856278, 20230704144500)
 (3764., 3772., 3762., 3768.,  50904., 1846276, 20230704150000)]
2023-07-05 15:30:00  INFO  [(3768., 3780., 3764., 3765., 113736., 1853867, 20230704211500)
 (3765., 3768., 3759., 3760.,  47091., 1856036, 20230704213000)
 (3760., 3769., 3758., 3764.,  42904., 1851059, 20230704214500)
 (3764., 3773., 3764., 3772.,  49660., 1847073, 20230704220000)
 (3772., 3777., 3771., 3773.,  40808., 1849008, 20230704221500)
 (3773., 3777., 3766., 3769.,  31365., 1846474, 20230704223000)
 (3769., 3777., 3769., 3776.,  25267., 1845976, 20230704224500)
 (3775., 3776., 3766., 3769.,  27743., 1837437, 20230704230000)
 (3771., 3775., 3756., 3761.,  86086., 1838615, 20230705091500)
 (3760., 3771., 3759., 3767.,  45191., 1839708, 20230705093000)
 (3768., 3768., 3752., 3754.,  75048., 1839700, 20230705094500)
 (3755., 3757., 3735., 3741., 159426., 1843016, 20230705100000)
 (3740., 3754., 3739., 3751.,  79229., 1846195, 20230705101500)
 (3752., 3760., 3747., 3756.,  64608., 1845652, 20230705104500)
 (3756., 3756., 3743., 3744.,  37123., 1841355, 20230705110000)
 (3744., 3746., 3734., 3737., 102846., 1851446, 20230705111500)
 (3736., 3741., 3730., 3732.,  97025., 1860094, 20230705113000)
 (3731., 3741., 3730., 3739.,  55674., 1859684, 20230705134500)
 (3738., 3743., 3735., 3741.,  41504., 1859630, 20230705140000)
 (3741., 3755., 3737., 3755.,  79953., 1852448, 20230705141500)
 (3754., 3759., 3750., 3753.,  83659., 1847896, 20230705143000)
 (3754., 3757., 3745., 3750.,  45482., 1846050, 20230705144500)
 (3751., 3755., 3748., 3751.,  45010., 1836969, 20230705150000)]
2023-07-06 15:30:00  INFO  [(3742., 3753., 3740., 3752., 100877., 1843277, 20230705211500)
 (3753., 3766., 3751., 3765., 103425., 1846535, 20230705213000)
 (3765., 3770., 3759., 3764.,  66523., 1848490, 20230705214500)
 (3764., 3768., 3759., 3766.,  31905., 1850775, 20230705220000)
 (3767., 3770., 3763., 3766.,  29990., 1852565, 20230705221500)
 (3766., 3769., 3760., 3761.,  23150., 1853794, 20230705223000)
 (3761., 3764., 3755., 3755.,  33320., 1846162, 20230705224500)
 (3756., 3763., 3755., 3761.,  29531., 1838848, 20230705230000)
 (3761., 3776., 3761., 3775.,  83639., 1850953, 20230706091500)
 (3775., 3777., 3769., 3772.,  44124., 1854472, 20230706093000)
 (3772., 3772., 3765., 3770.,  37265., 1854574, 20230706094500)
 (3770., 3775., 3768., 3774.,  24523., 1857714, 20230706100000)
 (3774., 3774., 3765., 3769.,  26487., 1856236, 20230706101500)
 (3770., 3771., 3745., 3747., 139522., 1847308, 20230706104500)
 (3747., 3751., 3744., 3746.,  79626., 1853026, 20230706110000)
 (3747., 3748., 3734., 3735.,  96567., 1859107, 20230706111500)
 (3735., 3742., 3733., 3737.,  89191., 1870705, 20230706113000)
 (3736., 3747., 3734., 3738.,  90638., 1870282, 20230706134500)
 (3738., 3750., 3736., 3748.,  53267., 1865807, 20230706140000)
 (3746., 3752., 3744., 3749.,  47319., 1858758, 20230706141500)
 (3749., 3753., 3747., 3753.,  34519., 1852507, 20230706143000)
 (3753., 3760., 3752., 3758.,  76087., 1837746, 20230706144500)
 (3758., 3764., 3756., 3758.,  65782., 1825369, 20230706150000)]
2023-07-07 15:30:00  INFO  [(3758., 3765., 3755., 3757.,  86644., 1827134, 20230706211500)
 (3757., 3766., 3756., 3765.,  38179., 1828765, 20230706213000)
 (3766., 3767., 3746., 3748.,  85971., 1831055, 20230706214500)
 (3748., 3749., 3741., 3745.,  58788., 1826834, 20230706220000)
 (3745., 3753., 3744., 3749.,  42077., 1824669, 20230706221500)
 (3748., 3753., 3745., 3746.,  22565., 1825257, 20230706223000)
 (3746., 3747., 3739., 3744.,  54879., 1830294, 20230706224500)
 (3743., 3750., 3735., 3738.,  51255., 1825906, 20230706230000)
 (3740., 3750., 3735., 3747.,  73901., 1826898, 20230707091500)
 (3747., 3748., 3738., 3745.,  39442., 1828895, 20230707093000)
 (3745., 3755., 3745., 3755.,  57373., 1828961, 20230707094500)
 (3754., 3759., 3748., 3754.,  52865., 1823595, 20230707100000)
 (3755., 3756., 3744., 3748.,  35282., 1821675, 20230707101500)
 (3749., 3758., 3748., 3758.,  35045., 1821336, 20230707104500)
 (3757., 3765., 3753., 3765.,  76504., 1825637, 20230707110000)
 (3764., 3770., 3761., 3768., 101427., 1832861, 20230707111500)
 (3768., 3769., 3757., 3759.,  42275., 1827207, 20230707113000)
 (3766., 3768., 3761., 3765.,  48731., 1829474, 20230707134500)
 (3765., 3766., 3742., 3742., 113532., 1824364, 20230707140000)
 (3742., 3743., 3731., 3735., 193409., 1842452, 20230707141500)
 (3735., 3739., 3701., 3703., 261943., 1860655, 20230707143000)
 (3703., 3703., 3680., 3688., 349899., 1886262, 20230707144500)
 (3687., 3700., 3670., 3671., 247077., 1860783, 20230707150000)]
2023-07-10 15:30:00  INFO  [(3668., 3683., 3667., 3677., 152564., 1871804, 20230707211500)
 (3677., 3679., 3670., 3673.,  71047., 1871625, 20230707213000)
 (3672., 3685., 3672., 3680.,  61747., 1872650, 20230707214500)
 (3680., 3685., 3677., 3678.,  37991., 1867861, 20230707220000)
 (3678., 3681., 3675., 3679.,  34643., 1866114, 20230707221500)
 (3678., 3679., 3673., 3677.,  22707., 1865757, 20230707223000)
 (3677., 3684., 3675., 3678.,  30850., 1861466, 20230707224500)
 (3678., 3684., 3677., 3679.,  49677., 1844680, 20230707230000)
 (3682., 3709., 3682., 3704., 205489., 1815742, 20230710091500)
 (3705., 3706., 3691., 3700.,  95381., 1815909, 20230710093000)
 (3699., 3701., 3693., 3700.,  42437., 1818985, 20230710094500)
 (3700., 3702., 3693., 3700.,  28950., 1812802, 20230710100000)
 (3700., 3706., 3698., 3703.,  39797., 1807060, 20230710101500)
 (3702., 3703., 3690., 3695.,  82626., 1799639, 20230710104500)
 (3694., 3698., 3681., 3688.,  65583., 1803623, 20230710110000)
 (3688., 3695., 3679., 3682.,  51729., 1809117, 20230710111500)
 (3683., 3683., 3663., 3668., 108568., 1811203, 20230710113000)
 (3664., 3666., 3655., 3660., 128883., 1822518, 20230710134500)
 (3659., 3665., 3655., 3659.,  64540., 1832194, 20230710140000)
 (3659., 3667., 3657., 3660.,  54612., 1833151, 20230710141500)
 (3661., 3669., 3660., 3662.,  48025., 1830265, 20230710143000)
 (3662., 3664., 3655., 3658.,  58085., 1834286, 20230710144500)
 (3659., 3660., 3650., 3654.,  96615., 1823284, 20230710150000)]
2023-07-11 15:30:00  INFO  [(3661., 3674., 3659., 3670., 123225., 1821822, 20230710211500)
 (3670., 3674., 3664., 3671.,  45824., 1824638, 20230710213000)
 (3671., 3678., 3670., 3677.,  55468., 1820680, 20230710214500)
 (3677., 3685., 3673., 3679.,  65697., 1821230, 20230710220000)
 (3679., 3680., 3672., 3675.,  41553., 1821572, 20230710221500)
 (3675., 3682., 3675., 3681.,  28348., 1822935, 20230710223000)
 (3681., 3683., 3674., 3680.,  28715., 1821917, 20230710224500)
 (3679., 3688., 3678., 3679.,  59385., 1813310, 20230710230000)
 (3678., 3682., 3667., 3673., 102014., 1818298, 20230711091500)
 (3673., 3676., 3663., 3676.,  60428., 1826717, 20230711093000)
 (3676., 3679., 3669., 3669.,  41838., 1830001, 20230711094500)
 (3669., 3673., 3666., 3671.,  33894., 1830523, 20230711100000)
 (3670., 3693., 3670., 3687., 100128., 1821793, 20230711101500)
 (3687., 3696., 3684., 3692.,  97443., 1810705, 20230711104500)
 (3692., 3698., 3687., 3695.,  60565., 1809902, 20230711110000)
 (3695., 3696., 3684., 3688.,  51146., 1806080, 20230711111500)
 (3688., 3694., 3684., 3691.,  38846., 1800344, 20230711113000)
 (3691., 3693., 3673., 3674., 105765., 1797811, 20230711134500)
 (3673., 3675., 3666., 3669.,  78090., 1810151, 20230711140000)
 (3670., 3675., 3668., 3674.,  43386., 1812034, 20230711141500)
 (3674., 3685., 3670., 3683.,  59504., 1813539, 20230711143000)
 (3683., 3688., 3680., 3681.,  50966., 1814957, 20230711144500)
 (3681., 3682., 3671., 3679.,  62999., 1800885, 20230711150000)]
2023-07-12 15:30:00  INFO  [(3685., 3706., 3684., 3697., 170856., 1805889, 20230711211500)
 (3698., 3702., 3693., 3700.,  44565., 1808018, 20230711213000)
 (3700., 3704., 3691., 3692.,  49321., 1809159, 20230711214500)
 (3693., 3700., 3690., 3699.,  36630., 1810514, 20230711220000)
 (3699., 3700., 3692., 3697.,  18972., 1810738, 20230711221500)
 (3697., 3697., 3693., 3696.,  14417., 1809857, 20230711223000)
 (3696., 3697., 3681., 3686.,  59557., 1803834, 20230711224500)
 (3686., 3693., 3683., 3691.,  35117., 1798681, 20230711230000)
 (3692., 3700., 3688., 3690.,  70016., 1800145, 20230712091500)
 (3690., 3692., 3682., 3685.,  55112., 1803171, 20230712093000)
 (3685., 3689., 3682., 3686.,  34982., 1805155, 20230712094500)
 (3686., 3699., 3685., 3694.,  57361., 1808764, 20230712100000)
 (3693., 3699., 3686., 3691.,  58960., 1808310, 20230712101500)
 (3692., 3694., 3672., 3678.,  94726., 1812754, 20230712104500)
 (3677., 3693., 3676., 3689.,  70879., 1819203, 20230712110000)
 (3688., 3691., 3684., 3689.,  25205., 1820152, 20230712111500)
 (3689., 3690., 3680., 3687.,  37462., 1817637, 20230712113000)
 (3686., 3701., 3686., 3697., 119554., 1813181, 20230712134500)
 (3697., 3700., 3692., 3698.,  47638., 1814047, 20230712140000)
 (3697., 3699., 3690., 3696.,  31109., 1812856, 20230712141500)
 (3697., 3697., 3685., 3691.,  48412., 1806358, 20230712143000)
 (3691., 3698., 3690., 3697.,  41657., 1806274, 20230712144500)
 (3697., 3717., 3695., 3716., 182509., 1794663, 20230712150000)]
2023-07-13 15:30:00  INFO  [(3723., 3732., 3718., 3722., 181479., 1786894, 20230712211500)
 (3721., 3724., 3716., 3718.,  50609., 1782646, 20230712213000)
 (3718., 3725., 3715., 3724.,  41651., 1778470, 20230712214500)
 (3724., 3725., 3717., 3722.,  27958., 1777810, 20230712220000)
 (3722., 3726., 3717., 3720.,  33254., 1774325, 20230712221500)
 (3720., 3722., 3715., 3720.,  21635., 1775034, 20230712223000)
 (3719., 3722., 3715., 3720.,  24328., 1771662, 20230712224500)
 (3720., 3720., 3715., 3720.,  27064., 1764319, 20230712230000)
 (3720., 3721., 3708., 3714., 103460., 1754239, 20230713091500)
 (3714., 3719., 3703., 3711.,  77525., 1749445, 20230713093000)
 (3711., 3720., 3710., 3715.,  38865., 1748094, 20230713094500)
 (3716., 3728., 3714., 3726.,  52640., 1751897, 20230713100000)
 (3726., 3728., 3720., 3725.,  49182., 1753713, 20230713101500)
 (3725., 3725., 3712., 3713.,  54647., 1750644, 20230713104500)
 (3713., 3716., 3708., 3708.,  51926., 1749900, 20230713110000)
 (3709., 3714., 3705., 3711.,  52237., 1750219, 20230713111500)
 (3712., 3714., 3704., 3709.,  47150., 1747358, 20230713113000)
 (3710., 3714., 3693., 3713., 158125., 1758752, 20230713134500)
 (3714., 3717., 3707., 3708.,  60265., 1760424, 20230713140000)
 (3708., 3711., 3703., 3704.,  48977., 1764676, 20230713141500)
 (3704., 3713., 3701., 3712.,  36675., 1762644, 20230713143000)
 (3713., 3720., 3706., 3716.,  61469., 1760238, 20230713144500)
 (3717., 3728., 3713., 3727., 113017., 1753008, 20230713150000)]
2023-07-14 15:30:00  INFO  [(3727., 3740., 3726., 3737., 149543., 1754683, 20230713211500)
 (3736., 3740., 3733., 3739.,  62172., 1752558, 20230713213000)
 (3739., 3746., 3739., 3741.,  93673., 1747872, 20230713214500)
 (3742., 3744., 3739., 3744.,  30267., 1748739, 20230713220000)
 (3744., 3744., 3736., 3738.,  38214., 1746989, 20230713221500)
 (3738., 3742., 3736., 3738.,  18434., 1747607, 20230713223000)
 (3738., 3740., 3734., 3736.,  28210., 1745732, 20230713224500)
 (3736., 3738., 3731., 3736.,  36771., 1735523, 20230713230000)
 (3738., 3745., 3738., 3741.,  59164., 1740227, 20230714091500)
 (3742., 3747., 3737., 3739.,  48872., 1741176, 20230714093000)
 (3740., 3745., 3734., 3744.,  46855., 1737900, 20230714094500)
 (3745., 3747., 3741., 3747.,  46469., 1740887, 20230714100000)
 (3747., 3748., 3738., 3742.,  40535., 1739975, 20230714101500)
 (3743., 3745., 3735., 3737.,  40947., 1739391, 20230714104500)
 (3738., 3743., 3733., 3742.,  33071., 1738558, 20230714110000)
 (3741., 3744., 3736., 3736.,  28840., 1737631, 20230714111500)
 (3736., 3743., 3734., 3741.,  38407., 1735161, 20230714113000)
 (3740., 3758., 3739., 3755., 133134., 1754082, 20230714134500)
 (3754., 3760., 3752., 3759.,  54891., 1761529, 20230714140000)
 (3759., 3765., 3756., 3762.,  89929., 1773382, 20230714141500)
 (3763., 3775., 3759., 3774.,  97086., 1790494, 20230714143000)
 (3774., 3776., 3762., 3772., 100910., 1792277, 20230714144500)
 (3773., 3776., 3766., 3774.,  83729., 1790969, 20230714150000)]
2023-07-17 15:30:00  INFO  [(3778., 3782., 3755., 3756., 166175., 1786046, 20230714211500)
 (3755., 3762., 3754., 3758.,  54083., 1784237, 20230714213000)
 (3758., 3761., 3756., 3759.,  24599., 1786887, 20230714214500)
 (3759., 3771., 3759., 3769.,  45118., 1791607, 20230714220000)
 (3769., 3773., 3764., 3772.,  34683., 1795679, 20230714221500)
 (3772., 3773., 3768., 3772.,  23440., 1796144, 20230714223000)
 (3772., 3772., 3761., 3762.,  37983., 1793150, 20230714224500)
 (3761., 3764., 3734., 3735., 147425., 1754379, 20230714230000)
 (3734., 3744., 3720., 3727., 240576., 1735490, 20230717091500)
 (3726., 3736., 3725., 3727.,  71494., 1735741, 20230717093000)
 (3727., 3729., 3711., 3712., 134437., 1737425, 20230717094500)
 (3711., 3722., 3710., 3718.,  83040., 1728652, 20230717100000)
 (3717., 3730., 3716., 3721.,  86111., 1729543, 20230717101500)
 (3722., 3724., 3714., 3721.,  53684., 1731393, 20230717104500)
 (3721., 3721., 3711., 3715.,  41781., 1733313, 20230717110000)
 (3714., 3722., 3713., 3718.,  30979., 1732729, 20230717111500)
 (3718., 3721., 3715., 3718.,  25004., 1730119, 20230717113000)
 (3719., 3732., 3716., 3730.,  71737., 1721105, 20230717134500)
 (3730., 3731., 3710., 3713.,  83887., 1717685, 20230717140000)
 (3714., 3716., 3702., 3706., 106097., 1725540, 20230717141500)
 (3707., 3714., 3701., 3710.,  57954., 1725778, 20230717143000)
 (3711., 3712., 3683., 3683., 173901., 1729270, 20230717144500)
 (3683., 3697., 3681., 3687., 143008., 1722852, 20230717150000)]
2023-07-18 15:30:00  INFO  [(3691., 3706., 3690., 3698., 148444., 1712619, 20230717211500)
 (3698., 3705., 3692., 3701.,  53082., 1714997, 20230717213000)
 (3702., 3705., 3696., 3698.,  31691., 1714296, 20230717214500)
 (3698., 3705., 3696., 3705.,  33367., 1716802, 20230717220000)
 (3705., 3712., 3703., 3709.,  50913., 1714869, 20230717221500)
 (3710., 3714., 3704., 3705.,  38425., 1713416, 20230717223000)
 (3705., 3708., 3701., 3708.,  26582., 1714922, 20230717224500)
 (3707., 3713., 3707., 3712.,  29156., 1710486, 20230717230000)
 (3713., 3717., 3705., 3716.,  60234., 1710245, 20230718091500)
 (3717., 3718., 3709., 3713.,  53239., 1706121, 20230718093000)
 (3713., 3714., 3706., 3706.,  33355., 1704350, 20230718094500)
 (3706., 3714., 3702., 3710.,  48552., 1705483, 20230718100000)
 (3711., 3725., 3709., 3724.,  80797., 1704711, 20230718101500)
 (3724., 3744., 3722., 3740., 160193., 1701220, 20230718104500)
 (3740., 3743., 3734., 3740.,  79536., 1702943, 20230718110000)
 (3740., 3744., 3734., 3744.,  56563., 1706688, 20230718111500)
 (3744., 3745., 3736., 3743.,  43642., 1705517, 20230718113000)
 (3744., 3747., 3739., 3741.,  57287., 1714834, 20230718134500)
 (3741., 3745., 3737., 3742.,  33453., 1718807, 20230718140000)
 (3742., 3744., 3733., 3737.,  37364., 1723373, 20230718141500)
 (3737., 3748., 3737., 3746.,  48174., 1725628, 20230718143000)
 (3745., 3747., 3739., 3745.,  39386., 1730203, 20230718144500)
 (3744., 3750., 3743., 3749.,  79046., 1733830, 20230718150000)]
2023-07-19 15:30:00  INFO  [(3748., 3749., 3729., 3736., 154875., 1731020, 20230718211500)
 (3737., 3739., 3734., 3734.,  28837., 1732496, 20230718213000)
 (3734., 3739., 3730., 3734.,  42185., 1729649, 20230718214500)
 (3733., 3739., 3731., 3739.,  21361., 1730227, 20230718220000)
 (3739., 3741., 3735., 3739.,  21015., 1729857, 20230718221500)
 (3739., 3739., 3732., 3736.,  16568., 1729370, 20230718223000)
 (3736., 3748., 3734., 3748.,  39019., 1732052, 20230718224500)
 (3748., 3754., 3739., 3743.,  54181., 1728741, 20230718230000)
 (3742., 3756., 3740., 3752.,  69399., 1732591, 20230719091500)
 (3753., 3754., 3747., 3753.,  33843., 1735930, 20230719093000)
 (3752., 3754., 3744., 3747.,  35521., 1739131, 20230719094500)
 (3747., 3750., 3742., 3745.,  26889., 1739964, 20230719100000)
 (3744., 3746., 3730., 3734.,  85533., 1733353, 20230719101500)
 (3734., 3738., 3731., 3734.,  35683., 1732891, 20230719104500)
 (3735., 3739., 3708., 3709., 132724., 1726158, 20230719110000)
 (3710., 3734., 3705., 3727., 162191., 1723689, 20230719111500)
 (3728., 3733., 3718., 3732.,  56387., 1722869, 20230719113000)
 (3731., 3731., 3714., 3722.,  70140., 1720089, 20230719134500)
 (3721., 3728., 3718., 3727.,  32148., 1721183, 20230719140000)
 (3728., 3743., 3725., 3737.,  82542., 1725630, 20230719141500)
 (3737., 3744., 3725., 3728.,  62742., 1724597, 20230719143000)
 (3728., 3738., 3727., 3736.,  43668., 1726705, 20230719144500)
 (3736., 3743., 3734., 3741.,  60866., 1716805, 20230719150000)]
2023-07-20 15:30:00  INFO  [(3747., 3769., 3747., 3764., 216355., 1732497, 20230719211500)
 (3765., 3766., 3757., 3760.,  80807., 1738798, 20230719213000)
 (3759., 3766., 3758., 3764.,  59174., 1747265, 20230719214500)
 (3764., 3772., 3762., 3770.,  78643., 1756552, 20230719220000)
 (3770., 3777., 3766., 3774.,  86177., 1768194, 20230719221500)
 (3774., 3777., 3765., 3769.,  72850., 1764129, 20230719223000)
 (3768., 3769., 3759., 3762.,  64526., 1755944, 20230719224500)
 (3761., 3770., 3761., 3767.,  38934., 1755611, 20230719230000)
 (3766., 3776., 3764., 3776.,  75303., 1771815, 20230720091500)
 (3775., 3780., 3771., 3778.,  66681., 1784785, 20230720093000)
 (3777., 3782., 3772., 3779.,  76956., 1796782, 20230720094500)
 (3779., 3779., 3768., 3770.,  52612., 1796081, 20230720100000)
 (3769., 3772., 3762., 3766.,  57028., 1793914, 20230720101500)
 (3766., 3767., 3753., 3757., 111728., 1790813, 20230720104500)
 (3757., 3767., 3756., 3767.,  45901., 1795950, 20230720110000)
 (3767., 3769., 3758., 3767.,  39789., 1800218, 20230720111500)
 (3767., 3768., 3753., 3761.,  56036., 1802206, 20230720113000)
 (3759., 3774., 3757., 3773.,  89735., 1812856, 20230720134500)
 (3773., 3786., 3771., 3781., 158204., 1843898, 20230720140000)
 (3780., 3784., 3773., 3776.,  72762., 1848577, 20230720141500)
 (3776., 3788., 3773., 3787.,  84527., 1862732, 20230720143000)
 (3787., 3789., 3777., 3784.,  74364., 1867187, 20230720144500)
 (3784., 3790., 3773., 3784., 117014., 1862645, 20230720150000)]
2023-07-21 15:30:00  INFO  [(3793., 3796., 3772., 3774., 178195., 1865307, 20230720211500)
 (3774., 3780., 3768., 3770.,  86703., 1862189, 20230720213000)
 (3770., 3776., 3764., 3772.,  89132., 1863362, 20230720214500)
 (3772., 3774., 3768., 3770.,  39110., 1863141, 20230720220000)
 (3770., 3776., 3768., 3769.,  45015., 1863843, 20230720221500)
 (3769., 3772., 3762., 3763.,  38722., 1862790, 20230720223000)
 (3764., 3765., 3750., 3760., 152224., 1847798, 20230720224500)
 (3760., 3765., 3757., 3758.,  44301., 1839023, 20230720230000)
 (3761., 3770., 3754., 3758., 100687., 1841382, 20230721091500)
 (3759., 3766., 3755., 3764.,  49528., 1842852, 20230721093000)
 (3766., 3775., 3764., 3773.,  76688., 1846714, 20230721094500)
 (3773., 3781., 3770., 3779.,  88084., 1848792, 20230721100000)
 (3781., 3784., 3777., 3779.,  75196., 1849242, 20230721101500)
 (3780., 3791., 3777., 3790., 101074., 1850333, 20230721104500)
 (3790., 3792., 3784., 3788.,  73100., 1845772, 20230721110000)
 (3789., 3789., 3773., 3773.,  73411., 1838746, 20230721111500)
 (3774., 3780., 3762., 3767., 104006., 1820453, 20230721113000)
 (3764., 3764., 3753., 3758., 134010., 1807800, 20230721134500)
 (3759., 3766., 3757., 3763.,  57651., 1811208, 20230721140000)
 (3762., 3772., 3762., 3772.,  59232., 1809963, 20230721141500)
 (3771., 3789., 3770., 3789., 154539., 1832551, 20230721143000)
 (3790., 3803., 3782., 3800., 245670., 1891368, 20230721144500)
 (3800., 3825., 3800., 3823., 342111., 1947284, 20230721150000)]
2023-07-24 15:30:00  INFO  [(3820., 3828., 3810., 3817., 291961., 1944958, 20230721211500)
 (3817., 3828., 3817., 3825.,  94967., 1962151, 20230721213000)
 (3825., 3829., 3821., 3824.,  66494., 1969305, 20230721214500)
 (3823., 3826., 3816., 3819.,  69824., 1971174, 20230721220000)
 (3818., 3822., 3812., 3815.,  69871., 1970535, 20230721221500)
 (3815., 3823., 3813., 3821.,  51797., 1976095, 20230721223000)
 (3822., 3827., 3814., 3818.,  62488., 1978254, 20230721224500)
 (3818., 3830., 3818., 3826.,  84026., 1975219, 20230721230000)
 (3823., 3828., 3809., 3813., 218242., 1964374, 20230724091500)
 (3814., 3816., 3802., 3810., 128343., 1954315, 20230724093000)
 (3810., 3815., 3806., 3808.,  65579., 1953048, 20230724094500)
 (3807., 3815., 3805., 3809.,  63394., 1955710, 20230724100000)
 (3809., 3813., 3805., 3809.,  40327., 1955108, 20230724101500)
 (3810., 3811., 3803., 3806.,  64157., 1958861, 20230724104500)
 (3806., 3810., 3795., 3806.,  95471., 1948122, 20230724110000)
 (3806., 3808., 3802., 3806.,  35344., 1952079, 20230724111500)
 (3806., 3815., 3804., 3813.,  73712., 1956040, 20230724113000)
 (3812., 3816., 3809., 3812.,  63192., 1959352, 20230724134500)
 (3811., 3813., 3797., 3801.,  94901., 1962480, 20230724140000)
 (3801., 3801., 3789., 3794., 140552., 1952369, 20230724141500)
 (3794., 3798., 3787., 3792.,  88064., 1949135, 20230724143000)
 (3791., 3796., 3787., 3790.,  65658., 1950458, 20230724144500)
 (3790., 3801., 3788., 3793.,  97005., 1937737, 20230724150000)]
2023-07-25 15:30:00  INFO  [(3807., 3815., 3793., 3796., 222025., 1945292, 20230724211500)
 (3796., 3800., 3790., 3796.,  76257., 1957109, 20230724213000)
 (3796., 3801., 3791., 3800.,  61322., 1965750, 20230724214500)
 (3801., 3807., 3799., 3803.,  75748., 1966766, 20230724220000)
 (3803., 3811., 3803., 3805.,  55832., 1965078, 20230724221500)
 (3805., 3827., 3803., 3825., 158929., 1981197, 20230724223000)
 (3825., 3848., 3823., 3844., 254149., 2010314, 20230724224500)
 (3845., 3848., 3839., 3845., 129788., 1998550, 20230724230000)
 (3846., 3860., 3844., 3852., 194603., 2015318, 20230725091500)
 (3852., 3856., 3847., 3854.,  74950., 2020010, 20230725093000)
 (3855., 3858., 3849., 3850.,  84871., 2031103, 20230725094500)
 (3850., 3860., 3850., 3857.,  83339., 2038775, 20230725100000)
 (3857., 3866., 3855., 3864.,  99281., 2052749, 20230725101500)
 (3864., 3870., 3859., 3862., 107487., 2055824, 20230725104500)
 (3861., 3868., 3856., 3868.,  67270., 2059239, 20230725110000)
 (3868., 3870., 3862., 3865.,  48286., 2059381, 20230725111500)
 (3866., 3867., 3856., 3857.,  45659., 2052009, 20230725113000)
 (3857., 3861., 3851., 3856.,  95146., 2048195, 20230725134500)
 (3856., 3861., 3853., 3860.,  45314., 2042844, 20230725140000)
 (3859., 3862., 3855., 3856.,  31539., 2043710, 20230725141500)
 (3856., 3862., 3854., 3860.,  30406., 2043801, 20230725143000)
 (3859., 3866., 3859., 3864.,  44476., 2045415, 20230725144500)
 (3865., 3866., 3855., 3857.,  77388., 2033479, 20230725150000)]
2023-07-26 15:30:00  INFO  [(3855., 3860., 3846., 3851., 198401., 2045298, 20230725211500)
 (3851., 3861., 3850., 3855.,  72530., 2050198, 20230725213000)
 (3855., 3859., 3852., 3857.,  57851., 2050032, 20230725214500)
 (3857., 3862., 3854., 3859.,  49070., 2054869, 20230725220000)
 (3860., 3862., 3856., 3859.,  40701., 2058722, 20230725221500)
 (3859., 3862., 3853., 3854.,  38792., 2058603, 20230725223000)
 (3853., 3859., 3852., 3856.,  39975., 2059895, 20230725224500)
 (3855., 3858., 3851., 3856.,  51053., 2051709, 20230725230000)
 (3857., 3858., 3848., 3852., 110297., 2049998, 20230726091500)
 (3852., 3854., 3842., 3853., 104916., 2043779, 20230726093000)
 (3853., 3856., 3841., 3845.,  87846., 2044291, 20230726094500)
 (3846., 3850., 3843., 3848.,  48781., 2041534, 20230726100000)
 (3849., 3854., 3845., 3849.,  37558., 2041132, 20230726101500)
 (3850., 3862., 3849., 3861.,  80292., 2038308, 20230726104500)
 (3861., 3877., 3859., 3872., 156483., 2040692, 20230726110000)
 (3872., 3872., 3861., 3862.,  68113., 2038181, 20230726111500)
 (3861., 3862., 3835., 3849., 227403., 2028010, 20230726113000)
 (3848., 3853., 3844., 3848.,  87819., 2036524, 20230726134500)
 (3849., 3855., 3844., 3848.,  60538., 2038410, 20230726140000)
 (3847., 3854., 3846., 3853.,  42276., 2039621, 20230726141500)
 (3853., 3863., 3847., 3860.,  73559., 2034036, 20230726143000)
 (3860., 3863., 3853., 3857.,  63849., 2032478, 20230726144500)
 (3858., 3859., 3850., 3851.,  70342., 2018640, 20230726150000)]
2023-07-27 15:30:00  INFO  [(3850., 3851., 3839., 3845., 162203., 2026123, 20230726211500)
 (3844., 3856., 3844., 3852.,  87316., 2032376, 20230726213000)
 (3852., 3861., 3850., 3856.,  76569., 2032014, 20230726214500)
 (3855., 3857., 3846., 3846.,  62824., 2029513, 20230726220000)
 (3846., 3856., 3845., 3853.,  43127., 2029517, 20230726221500)
 (3854., 3855., 3848., 3850.,  26606., 2029231, 20230726223000)
 (3849., 3854., 3846., 3850.,  31795., 2028898, 20230726224500)
 (3850., 3855., 3850., 3850.,  45710., 2021309, 20230726230000)
 (3853., 3872., 3853., 3860., 145222., 2020144, 20230727091500)
 (3860., 3867., 3858., 3862.,  42722., 2023751, 20230727093000)
 (3862., 3864., 3854., 3861.,  57738., 2019877, 20230727094500)
 (3861., 3878., 3857., 3871., 113564., 2026931, 20230727100000)
 (3870., 3872., 3865., 3871.,  52291., 2029788, 20230727101500)
 (3871., 3879., 3867., 3876.,  91757., 2028919, 20230727104500)
 (3876., 3876., 3855., 3862., 126626., 2016083, 20230727110000)
 (3863., 3880., 3862., 3877., 123961., 2014491, 20230727111500)
 (3878., 3880., 3866., 3868.,  96198., 2005431, 20230727113000)
 (3868., 3879., 3863., 3877., 132108., 2006172, 20230727134500)
 (3877., 3883., 3870., 3873., 108536., 2013729, 20230727140000)
 (3874., 3875., 3860., 3874., 139140., 1998352, 20230727141500)
 (3874., 3881., 3869., 3870., 108757., 2005051, 20230727143000)
 (3870., 3877., 3856., 3857., 105931., 1997922, 20230727144500)
 (3857., 3866., 3845., 3861., 219364., 1963212, 20230727150000)]
2023-07-28 15:30:00  INFO  [(3854., 3863., 3850., 3860., 177434., 1952466, 20230727211500)
 (3860., 3860., 3847., 3848.,  81175., 1959607, 20230727213000)
 (3848., 3848., 3830., 3836., 204694., 1947210, 20230727214500)
 (3836., 3839., 3823., 3826., 147261., 1939875, 20230727220000)
 (3826., 3839., 3825., 3836.,  94843., 1934182, 20230727221500)
 (3836., 3836., 3826., 3826.,  62701., 1933923, 20230727223000)
 (3826., 3838., 3826., 3835.,  41141., 1930463, 20230727224500)
 (3836., 3838., 3830., 3831.,  47277., 1921047, 20230727230000)
 (3832., 3841., 3829., 3831.,  92057., 1907423, 20230728091500)
 (3831., 3838., 3830., 3835.,  38854., 1908407, 20230728093000)
 (3835., 3853., 3832., 3847., 101070., 1905799, 20230728094500)
 (3848., 3862., 3841., 3853., 188983., 1908406, 20230728100000)
 (3852., 3852., 3830., 3834., 136166., 1903337, 20230728101500)
 (3835., 3838., 3825., 3833., 130662., 1900806, 20230728104500)
 (3833., 3835., 3828., 3833.,  44243., 1900590, 20230728110000)
 (3834., 3836., 3827., 3832.,  50950., 1902396, 20230728111500)
 (3832., 3848., 3831., 3847.,  99193., 1885850, 20230728113000)
 (3847., 3851., 3842., 3849.,  86461., 1892329, 20230728134500)
 (3848., 3853., 3840., 3845.,  57058., 1889692, 20230728140000)
 (3844., 3845., 3835., 3840.,  58935., 1884426, 20230728141500)
 (3839., 3852., 3839., 3849.,  71103., 1887084, 20230728143000)
 (3850., 3855., 3847., 3851.,  78049., 1891775, 20230728144500)
 (3852., 3854., 3848., 3851.,  64115., 1875583, 20230728150000)]
2023-07-31 15:30:00  INFO  [(3851., 3867., 3843., 3862., 212971., 1907447, 20230728211500)
 (3862., 3863., 3855., 3858.,  72431., 1909278, 20230728213000)
 (3859., 3859., 3846., 3847.,  77006., 1899476, 20230728214500)
 (3848., 3855., 3847., 3853.,  45801., 1896905, 20230728220000)
 (3853., 3863., 3853., 3859.,  69310., 1898609, 20230728221500)
 (3860., 3875., 3859., 3866., 112001., 1912711, 20230728223000)
 (3866., 3867., 3858., 3858.,  46693., 1905043, 20230728224500)
 (3859., 3868., 3855., 3867.,  80420., 1891015, 20230728230000)
 (3863., 3863., 3844., 3851., 220074., 1880770, 20230731091500)
 (3850., 3853., 3834., 3835., 151177., 1873494, 20230731093000)
 (3836., 3850., 3835., 3842.,  72429., 1870843, 20230731094500)
 (3842., 3846., 3838., 3843.,  52778., 1876490, 20230731100000)
 (3844., 3855., 3840., 3855.,  64055., 1869741, 20230731101500)
 (3855., 3858., 3845., 3848.,  68260., 1863719, 20230731104500)
 (3849., 3852., 3840., 3842.,  39265., 1864966, 20230731110000)
 (3842., 3846., 3831., 3837., 101876., 1879409, 20230731111500)
 (3836., 3845., 3836., 3840.,  48383., 1875511, 20230731113000)
 (3840., 3844., 3835., 3839.,  59536., 1872991, 20230731134500)
 (3838., 3844., 3833., 3838.,  55570., 1884504, 20230731140000)
 (3837., 3841., 3834., 3840.,  35601., 1881367, 20230731141500)
 (3841., 3845., 3838., 3841.,  47884., 1876620, 20230731143000)
 (3842., 3848., 3838., 3847.,  45927., 1865738, 20230731144500)
 (3848., 3853., 3844., 3847.,  95455., 1840552, 20230731150000)]
2023-08-01 15:30:00  INFO  [(3847., 3867., 3847., 3865., 184592., 1856112, 20230731211500)
 (3866., 3867., 3857., 3859.,  77924., 1856934, 20230731213000)
 (3859., 3862., 3856., 3859.,  37347., 1854271, 20230731214500)
 (3860., 3864., 3855., 3861.,  33244., 1856229, 20230731220000)
 (3861., 3863., 3859., 3861.,  20065., 1857790, 20230731221500)
 (3860., 3863., 3856., 3860.,  19692., 1856982, 20230731223000)
 (3859., 3862., 3855., 3861.,  29372., 1854965, 20230731224500)
 (3860., 3861., 3856., 3858.,  27291., 1848268, 20230731230000)
 (3858., 3875., 3857., 3868., 149574., 1861261, 20230801091500)
 (3869., 3873., 3866., 3872.,  54226., 1866586, 20230801093000)
 (3872., 3876., 3862., 3864.,  80506., 1868549, 20230801094500)
 (3864., 3864., 3854., 3858.,  94993., 1859669, 20230801100000)
 (3857., 3863., 3854., 3861.,  54638., 1859918, 20230801101500)
 (3861., 3863., 3853., 3857.,  56718., 1861325, 20230801104500)
 (3857., 3857., 3834., 3841., 162257., 1860923, 20230801110000)
 (3843., 3858., 3840., 3856., 105810., 1849313, 20230801111500)
 (3857., 3867., 3851., 3861., 105419., 1839048, 20230801113000)
 (3860., 3860., 3851., 3856.,  69946., 1841640, 20230801134500)
 (3856., 3860., 3850., 3857.,  49051., 1847617, 20230801140000)
 (3858., 3862., 3856., 3861.,  39497., 1847322, 20230801141500)
 (3860., 3865., 3858., 3862.,  47022., 1848728, 20230801143000)
 (3863., 3863., 3856., 3857.,  38338., 1846894, 20230801144500)
 (3857., 3864., 3857., 3862.,  55320., 1837995, 20230801150000)]
2023-08-02 15:30:00  INFO  [(3853., 3856., 3840., 3844., 204733., 1850146, 20230801211500)
 (3844., 3849., 3835., 3848.,  98953., 1859949, 20230801213000)
 (3848., 3849., 3843., 3849.,  43849., 1859199, 20230801214500)
 (3849., 3862., 3847., 3860.,  97150., 1853770, 20230801220000)
 (3860., 3867., 3859., 3862., 120304., 1853241, 20230801221500)
 (3862., 3864., 3857., 3859.,  49008., 1852016, 20230801223000)
 (3859., 3861., 3857., 3859.,  22443., 1850014, 20230801224500)
 (3859., 3862., 3856., 3858.,  51568., 1837987, 20230801230000)
 (3858., 3871., 3850., 3855., 129008., 1833612, 20230802091500)
 (3856., 3858., 3846., 3848.,  69849., 1833736, 20230802093000)
 (3847., 3853., 3845., 3850.,  56836., 1838085, 20230802094500)
 (3849., 3854., 3847., 3851.,  35204., 1844121, 20230802100000)
 (3850., 3853., 3848., 3851.,  26448., 1847188, 20230802101500)
 (3852., 3855., 3843., 3852.,  77352., 1849940, 20230802104500)
 (3852., 3854., 3837., 3843., 132472., 1867833, 20230802110000)
 (3843., 3844., 3809., 3819., 313347., 1883542, 20230802111500)
 (3819., 3828., 3805., 3813., 202875., 1897436, 20230802113000)
 (3810., 3821., 3806., 3816., 111544., 1906106, 20230802134500)
 (3816., 3820., 3808., 3810.,  71000., 1921586, 20230802140000)
 (3810., 3820., 3808., 3812.,  68965., 1918872, 20230802141500)
 (3812., 3815., 3806., 3806.,  58710., 1928742, 20230802143000)
 (3807., 3810., 3802., 3809.,  86459., 1932633, 20230802144500)
 (3809., 3814., 3800., 3801., 118604., 1904043, 20230802150000)]
2023-08-03 15:30:00  INFO  [(3798., 3801., 3787., 3796., 225232., 1888519, 20230802211500)
 (3795., 3799., 3791., 3791.,  53520., 1894607, 20230802213000)
 (3791., 3793., 3782., 3787., 116938., 1895976, 20230802214500)
 (3787., 3789., 3780., 3781.,  65129., 1897147, 20230802220000)
 (3782., 3785., 3764., 3765., 160422., 1882459, 20230802221500)
 (3765., 3776., 3763., 3770.,  93438., 1880475, 20230802223000)
 (3771., 3775., 3754., 3758., 145570., 1875861, 20230802224500)
 (3759., 3763., 3744., 3745., 161450., 1847796, 20230802230000)
 (3745., 3760., 3744., 3752., 164539., 1841680, 20230803091500)
 (3752., 3763., 3750., 3758.,  78795., 1843479, 20230803093000)
 (3757., 3765., 3756., 3763.,  50729., 1843745, 20230803094500)
 (3764., 3767., 3756., 3758.,  54547., 1841089, 20230803100000)
 (3758., 3761., 3749., 3752.,  64148., 1840845, 20230803101500)
 (3752., 3758., 3746., 3758.,  59557., 1845653, 20230803104500)
 (3758., 3759., 3748., 3751.,  40491., 1847761, 20230803110000)
 (3750., 3756., 3748., 3754.,  34972., 1844606, 20230803111500)
 (3754., 3754., 3740., 3743.,  93906., 1841080, 20230803113000)
 (3745., 3776., 3737., 3765., 276904., 1818601, 20230803134500)
 (3765., 3767., 3754., 3757.,  77363., 1819379, 20230803140000)
 (3756., 3759., 3747., 3749.,  87407., 1820846, 20230803141500)
 (3749., 3750., 3726., 3730., 217856., 1833604, 20230803143000)
 (3729., 3742., 3727., 3733., 101322., 1832164, 20230803144500)
 (3733., 3734., 3724., 3728., 132572., 1808417, 20230803150000)]
2023-08-04 15:30:00  INFO  [(3740., 3756., 3737., 3754., 200778., 1792793, 20230803211500)
 (3755., 3758., 3749., 3749.,  82580., 1792963, 20230803213000)
 (3749., 3756., 3747., 3751.,  54434., 1793459, 20230803214500)
 (3752., 3761., 3751., 3755.,  54856., 1793185, 20230803220000)
 (3756., 3758., 3753., 3754.,  28974., 1792325, 20230803221500)
 (3754., 3756., 3750., 3755.,  25989., 1790764, 20230803223000)
 (3755., 3765., 3753., 3764.,  62181., 1793761, 20230803224500)
 (3763., 3764., 3755., 3760.,  48705., 1788051, 20230803230000)
 (3764., 3774., 3764., 3767., 131646., 1780894, 20230804091500)
 (3767., 3770., 3763., 3769.,  49720., 1781547, 20230804093000)
 (3770., 3773., 3767., 3770.,  39421., 1779880, 20230804094500)
 (3770., 3770., 3762., 3765.,  44143., 1777018, 20230804100000)
 (3766., 3766., 3756., 3758.,  72892., 1775295, 20230804101500)
 (3759., 3761., 3748., 3753.,  79822., 1772634, 20230804104500)
 (3754., 3755., 3744., 3749.,  55977., 1773700, 20230804110000)
 (3749., 3755., 3747., 3751.,  37316., 1772555, 20230804111500)
 (3752., 3753., 3744., 3748.,  42198., 1774961, 20230804113000)
 (3750., 3754., 3746., 3751.,  40974., 1777107, 20230804134500)
 (3751., 3754., 3747., 3750.,  29673., 1777862, 20230804140000)
 (3750., 3750., 3735., 3740.,  87518., 1783425, 20230804141500)
 (3740., 3743., 3734., 3737.,  60496., 1784283, 20230804143000)
 (3736., 3742., 3735., 3737.,  41506., 1788490, 20230804144500)
 (3736., 3744., 3732., 3736.,  87008., 1779600, 20230804150000)]
2023-08-07 15:30:00  INFO  [(3732., 3739., 3716., 3723., 165684., 1783520, 20230804211500)
 (3724., 3724., 3715., 3717.,  86092., 1785402, 20230804213000)
 (3717., 3727., 3715., 3727.,  57101., 1785829, 20230804214500)
 (3727., 3729., 3718., 3718.,  54237., 1788162, 20230804220000)
 (3718., 3720., 3708., 3713.,  98419., 1794105, 20230804221500)
 (3712., 3718., 3706., 3708.,  49513., 1790629, 20230804223000)
 (3708., 3726., 3708., 3722.,  54728., 1787203, 20230804224500)
 (3722., 3728., 3720., 3724.,  61301., 1770027, 20230804230000)
 (3719., 3731., 3714., 3727., 123580., 1774615, 20230807091500)
 (3727., 3732., 3722., 3724.,  52825., 1776886, 20230807093000)
 (3724., 3728., 3719., 3728.,  39778., 1778959, 20230807094500)
 (3728., 3735., 3727., 3731.,  64453., 1778083, 20230807100000)
 (3731., 3732., 3723., 3727.,  38676., 1778064, 20230807101500)
 (3726., 3726., 3714., 3718.,  69571., 1789023, 20230807104500)
 (3718., 3725., 3711., 3719.,  52203., 1791451, 20230807110000)
 (3719., 3724., 3717., 3718.,  27317., 1793353, 20230807111500)
 (3718., 3718., 3710., 3713.,  53945., 1794084, 20230807113000)
 (3712., 3716., 3710., 3713.,  44153., 1803488, 20230807134500)
 (3713., 3723., 3713., 3716.,  52974., 1799449, 20230807140000)
 (3717., 3719., 3714., 3716.,  26163., 1801288, 20230807141500)
 (3717., 3718., 3711., 3712.,  32306., 1802153, 20230807143000)
 (3713., 3726., 3706., 3725., 105223., 1804931, 20230807144500)
 (3725., 3735., 3725., 3732., 114427., 1793253, 20230807150000)]
2023-08-08 15:30:00  INFO  [(3735., 3748., 3733., 3741., 132818., 1790489, 20230807211500)
 (3740., 3741., 3734., 3738.,  43395., 1792596, 20230807213000)
 (3738., 3739., 3732., 3733.,  31661., 1790997, 20230807214500)
 (3733., 3736., 3729., 3734.,  31993., 1792348, 20230807220000)
 (3735., 3737., 3731., 3733.,  27314., 1791711, 20230807221500)
 (3733., 3734., 3730., 3733.,  15519., 1791611, 20230807223000)
 (3733., 3735., 3724., 3731.,  31099., 1792042, 20230807224500)
 (3731., 3740., 3727., 3738.,  33835., 1788125, 20230807230000)
 (3740., 3743., 3734., 3736.,  53011., 1790679, 20230808091500)
 (3737., 3737., 3727., 3729.,  40493., 1792843, 20230808093000)
 (3730., 3732., 3722., 3723.,  56631., 1799415, 20230808094500)
 (3724., 3727., 3718., 3722.,  48957., 1802110, 20230808100000)
 (3723., 3724., 3716., 3722.,  46153., 1803263, 20230808101500)
 (3722., 3728., 3714., 3725.,  61842., 1805210, 20230808104500)
 (3726., 3729., 3722., 3723.,  35617., 1807485, 20230808110000)
 (3723., 3727., 3718., 3727.,  30176., 1807443, 20230808111500)
 (3727., 3728., 3719., 3723.,  32028., 1808598, 20230808113000)
 (3723., 3723., 3698., 3699., 168134., 1826289, 20230808134500)
 (3698., 3709., 3697., 3704., 104867., 1829648, 20230808140000)
 (3703., 3705., 3699., 3700.,  63417., 1835713, 20230808141500)
 (3700., 3704., 3693., 3696.,  79799., 1838883, 20230808143000)
 (3696., 3700., 3686., 3692., 100665., 1833946, 20230808144500)
 (3693., 3699., 3691., 3692.,  95834., 1813182, 20230808150000)]
2023-08-09 15:30:00  INFO  [(3682., 3689., 3663., 3688., 158982., 1815336, 20230808211500)
 (3688., 3688., 3675., 3681.,  62483., 1816743, 20230808213000)
 (3680., 3680., 3673., 3675.,  58935., 1816511, 20230808214500)
 (3674., 3681., 3674., 3677.,  33599., 1815955, 20230808220000)
 (3678., 3684., 3676., 3682.,  33321., 1813644, 20230808221500)
 (3682., 3683., 3677., 3682.,  23663., 1813458, 20230808223000)
 (3682., 3689., 3679., 3688.,  35609., 1807211, 20230808224500)
 (3687., 3690., 3682., 3684.,  38062., 1799769, 20230808230000)
 (3688., 3696., 3684., 3685.,  74288., 1802007, 20230809091500)
 (3685., 3688., 3681., 3681.,  35499., 1809685, 20230809093000)
 (3681., 3694., 3680., 3692.,  46571., 1808413, 20230809094500)
 (3693., 3696., 3691., 3694.,  51249., 1802197, 20230809100000)
 (3694., 3705., 3691., 3701.,  65864., 1794131, 20230809101500)
 (3702., 3703., 3693., 3699.,  54016., 1799338, 20230809104500)
 (3700., 3701., 3692., 3694.,  25911., 1801202, 20230809110000)
 (3695., 3697., 3689., 3693.,  31376., 1805826, 20230809111500)
 (3694., 3708., 3693., 3702.,  72267., 1799863, 20230809113000)
 (3701., 3701., 3692., 3694.,  54599., 1797542, 20230809134500)
 (3693., 3699., 3692., 3694.,  31783., 1798752, 20230809140000)
 (3695., 3707., 3693., 3705.,  51268., 1800389, 20230809141500)
 (3704., 3707., 3701., 3703.,  34854., 1798999, 20230809143000)
 (3703., 3703., 3696., 3703.,  32891., 1796779, 20230809144500)
 (3703., 3707., 3697., 3700.,  56546., 1788140, 20230809150000)]
2023-08-10 15:30:00  INFO  [(3700., 3714., 3694., 3711., 140689., 1799633, 20230809211500)
 (3712., 3716., 3709., 3710.,  73116., 1808654, 20230809213000)
 (3710., 3711., 3704., 3706.,  56938., 1819469, 20230809214500)
 (3705., 3708., 3703., 3703.,  30187., 1822879, 20230809220000)
 (3703., 3706., 3701., 3702.,  34165., 1826768, 20230809221500)
 (3703., 3706., 3701., 3702.,  26735., 1829173, 20230809223000)
 (3701., 3704., 3693., 3696.,  67961., 1827803, 20230809224500)
 (3697., 3701., 3694., 3701.,  35868., 1820345, 20230809230000)
 (3701., 3707., 3696., 3697.,  56297., 1822410, 20230810091500)
 (3697., 3698., 3689., 3690.,  68273., 1824778, 20230810093000)
 (3690., 3696., 3682., 3685.,  64949., 1829940, 20230810094500)
 (3685., 3689., 3676., 3684.,  81799., 1834829, 20230810100000)
 (3685., 3686., 3676., 3681.,  74416., 1846114, 20230810101500)
 (3681., 3685., 3676., 3678.,  43129., 1850823, 20230810104500)
 (3678., 3679., 3673., 3677.,  46461., 1855998, 20230810110000)
 (3678., 3685., 3677., 3681.,  48406., 1859604, 20230810111500)
 (3680., 3682., 3674., 3677.,  43997., 1863349, 20230810113000)
 (3679., 3695., 3674., 3694., 126146., 1846739, 20230810134500)
 (3695., 3696., 3685., 3686.,  75568., 1843373, 20230810140000)
 (3686., 3688., 3678., 3683.,  67277., 1855789, 20230810141500)
 (3684., 3689., 3683., 3683.,  31122., 1852892, 20230810143000)
 (3683., 3684., 3664., 3673., 146495., 1871011, 20230810144500)
 (3673., 3673., 3664., 3671.,  96949., 1864067, 20230810150000)]
2023-08-11 15:30:00  INFO  [(3670., 3679., 3668., 3670., 115483., 1871929, 20230810211500)
 (3670., 3688., 3670., 3684., 115091., 1861952, 20230810213000)
 (3683., 3687., 3680., 3682.,  46835., 1859045, 20230810214500)
 (3682., 3685., 3679., 3685.,  28910., 1860728, 20230810220000)
 (3685., 3686., 3674., 3676.,  47205., 1860851, 20230810221500)
 (3676., 3682., 3672., 3680.,  38943., 1860604, 20230810223000)
 (3680., 3680., 3672., 3673.,  30176., 1861644, 20230810224500)
 (3673., 3679., 3671., 3679.,  40932., 1855992, 20230810230000)
 (3679., 3685., 3674., 3682.,  64004., 1856815, 20230811091500)
 (3682., 3684., 3674., 3682.,  46791., 1857868, 20230811093000)
 (3682., 3684., 3674., 3674.,  35717., 1858609, 20230811094500)
 (3675., 3679., 3668., 3670.,  42990., 1865335, 20230811100000)
 (3670., 3676., 3660., 3675.,  89129., 1868356, 20230811101500)
 (3674., 3674., 3656., 3661., 103738., 1883551, 20230811104500)
 (3662., 3665., 3652., 3657.,  87719., 1891457, 20230811110000)
 (3657., 3663., 3653., 3653.,  60762., 1890494, 20230811111500)
 (3654., 3661., 3653., 3658.,  55912., 1889010, 20230811113000)
 (3661., 3670., 3657., 3659., 108498., 1881122, 20230811134500)
 (3659., 3661., 3655., 3659.,  52065., 1889199, 20230811140000)
 (3659., 3664., 3657., 3663.,  33962., 1886466, 20230811141500)
 (3663., 3676., 3662., 3674.,  96093., 1871264, 20230811143000)
 (3674., 3684., 3672., 3683., 123822., 1850943, 20230811144500)
 (3682., 3695., 3682., 3691., 181307., 1813650, 20230811150000)]
2023-08-14 15:30:00  INFO  [(3685., 3687., 3674., 3680., 124964., 1818044, 20230811211500)
 (3680., 3681., 3677., 3678.,  29708., 1817523, 20230811213000)
 (3678., 3684., 3676., 3681.,  42343., 1820512, 20230811214500)
 (3681., 3683., 3678., 3681.,  19870., 1819313, 20230811220000)
 (3682., 3689., 3681., 3687.,  38632., 1817512, 20230811221500)
 (3688., 3691., 3684., 3687.,  37568., 1814507, 20230811223000)
 (3687., 3687., 3677., 3679.,  40831., 1815581, 20230811224500)
 (3678., 3682., 3675., 3679.,  41286., 1808717, 20230811230000)
 (3679., 3679., 3662., 3671., 139680., 1818904, 20230814091500)
 (3671., 3676., 3665., 3666.,  54660., 1823423, 20230814093000)
 (3666., 3668., 3643., 3651., 167841., 1844262, 20230814094500)
 (3649., 3652., 3641., 3643.,  84846., 1860565, 20230814100000)
 (3643., 3650., 3642., 3646.,  54152., 1869517, 20230814101500)
 (3647., 3649., 3634., 3638.,  97315., 1882970, 20230814104500)
 (3638., 3645., 3635., 3637.,  54576., 1885904, 20230814110000)
 (3638., 3641., 3630., 3631.,  62810., 1886591, 20230814111500)
 (3631., 3645., 3631., 3641.,  61042., 1877543, 20230814113000)
 (3639., 3643., 3633., 3642.,  45275., 1879175, 20230814134500)
 (3641., 3649., 3638., 3647.,  45006., 1878024, 20230814140000)
 (3648., 3649., 3637., 3641.,  39008., 1878055, 20230814141500)
 (3640., 3641., 3631., 3633.,  45150., 1880196, 20230814143000)
 (3634., 3642., 3633., 3640.,  33871., 1878110, 20230814144500)
 (3641., 3647., 3640., 3641.,  67622., 1860600, 20230814150000)]
2023-08-15 15:30:00  INFO  [(3650., 3655., 3644., 3648., 135844., 1861098, 20230814211500)
 (3648., 3649., 3643., 3646.,  34960., 1863759, 20230814213000)
 (3646., 3650., 3642., 3645.,  33901., 1867600, 20230814214500)
 (3645., 3648., 3644., 3647.,  19522., 1868531, 20230814220000)
 (3647., 3650., 3643., 3647.,  29100., 1869300, 20230814221500)
 (3647., 3652., 3644., 3648.,  32694., 1869695, 20230814223000)
 (3648., 3651., 3645., 3646.,  18455., 1868063, 20230814224500)
 (3646., 3651., 3644., 3650.,  27513., 1860679, 20230814230000)
 (3651., 3656., 3644., 3647.,  70285., 1858631, 20230815091500)
 (3647., 3661., 3644., 3658.,  97692., 1854966, 20230815093000)
 (3658., 3662., 3652., 3656.,  59929., 1851395, 20230815094500)
 (3655., 3661., 3653., 3657.,  39757., 1852287, 20230815100000)
 (3656., 3659., 3650., 3651.,  47587., 1850733, 20230815101500)
 (3651., 3651., 3640., 3649.,  76982., 1850637, 20230815104500)
 (3649., 3652., 3642., 3643.,  39339., 1849723, 20230815110000)
 (3643., 3655., 3643., 3655.,  42038., 1846129, 20230815111500)
 (3655., 3671., 3653., 3668., 168844., 1823107, 20230815113000)
 (3668., 3685., 3662., 3683., 158684., 1803679, 20230815134500)
 (3682., 3694., 3682., 3690., 149048., 1793044, 20230815140000)
 (3690., 3693., 3686., 3689.,  64447., 1791898, 20230815141500)
 (3688., 3698., 3688., 3692.,  85552., 1779923, 20230815143000)
 (3692., 3695., 3686., 3688.,  49477., 1773757, 20230815144500)
 (3687., 3695., 3685., 3694.,  73942., 1757174, 20230815150000)]
2023-08-16 15:30:00  INFO  [(3691., 3697., 3686., 3691., 105217., 1750484, 20230815211500)
 (3691., 3709., 3690., 3707., 122803., 1749048, 20230815213000)
 (3708., 3710., 3699., 3702.,  81435., 1740614, 20230815214500)
 (3702., 3703., 3696., 3699.,  42692., 1737469, 20230815220000)
 (3699., 3701., 3694., 3698.,  35781., 1735460, 20230815221500)
 (3697., 3700., 3692., 3695.,  31811., 1732415, 20230815223000)
 (3695., 3696., 3687., 3691.,  50328., 1726600, 20230815224500)
 (3692., 3698., 3690., 3694.,  34327., 1718701, 20230815230000)
 (3695., 3703., 3693., 3696.,  52633., 1718347, 20230816091500)
 (3696., 3697., 3690., 3693.,  39265., 1712745, 20230816093000)
 (3693., 3699., 3693., 3699.,  30650., 1715539, 20230816094500)
 (3699., 3701., 3694., 3698.,  32477., 1714426, 20230816100000)
 (3698., 3707., 3695., 3704.,  48407., 1714387, 20230816101500)
 (3703., 3706., 3699., 3703.,  34719., 1713935, 20230816104500)
 (3703., 3706., 3698., 3701.,  30593., 1712498, 20230816110000)
 (3700., 3707., 3700., 3706.,  30798., 1710939, 20230816111500)
 (3706., 3713., 3702., 3707.,  68023., 1704347, 20230816113000)
 (3707., 3707., 3696., 3704.,  65810., 1701903, 20230816134500)
 (3704., 3708., 3702., 3704.,  28161., 1702056, 20230816140000)
 (3704., 3708., 3702., 3707.,  27597., 1697489, 20230816141500)
 (3707., 3712., 3704., 3710.,  50345., 1693024, 20230816143000)
 (3710., 3711., 3703., 3704.,  43029., 1686381, 20230816144500)
 (3704., 3718., 3700., 3713.,  97251., 1672597, 20230816150000)]
2023-08-17 15:30:00  INFO  [(3713., 3717., 3701., 3708., 115247., 1668715, 20230816211500)
 (3707., 3711., 3703., 3709.,  44259., 1666791, 20230816213000)
 (3710., 3711., 3705., 3708.,  27947., 1667930, 20230816214500)
 (3708., 3712., 3705., 3706.,  28196., 1664401, 20230816220000)
 (3705., 3708., 3703., 3705.,  28830., 1661218, 20230816221500)
 (3704., 3706., 3701., 3705.,  32392., 1660474, 20230816223000)
 (3704., 3704., 3694., 3699.,  73344., 1656754, 20230816224500)
 (3699., 3702., 3694., 3701.,  60233., 1643188, 20230816230000)
 (3699., 3701., 3689., 3691.,  84220., 1639507, 20230817091500)
 (3691., 3694., 3680., 3683., 102256., 1648805, 20230817093000)
 (3683., 3692., 3681., 3688.,  54396., 1649582, 20230817094500)
 (3689., 3693., 3682., 3687.,  43776., 1648090, 20230817100000)
 (3686., 3695., 3686., 3693.,  38224., 1645276, 20230817101500)
 (3693., 3698., 3689., 3694.,  35194., 1643913, 20230817104500)
 (3695., 3695., 3689., 3693.,  31815., 1643615, 20230817110000)
 (3693., 3698., 3690., 3694.,  34610., 1642057, 20230817111500)
 (3694., 3709., 3693., 3708.,  90985., 1635636, 20230817113000)
 (3713., 3716., 3704., 3713., 107684., 1632915, 20230817134500)
 (3712., 3715., 3707., 3715.,  51758., 1632627, 20230817140000)
 (3715., 3721., 3710., 3717.,  65661., 1632820, 20230817141500)
 (3717., 3728., 3713., 3726.,  77574., 1630139, 20230817143000)
 (3726., 3727., 3720., 3723.,  56830., 1625872, 20230817144500)
 (3723., 3730., 3721., 3726.,  91812., 1604495, 20230817150000)]
2023-08-18 15:30:00  INFO  [(3726., 3739., 3725., 3730., 129346., 1594231, 20230817211500)
 (3731., 3733., 3724., 3727.,  55997., 1589019, 20230817213000)
 (3727., 3729., 3721., 3727.,  57568., 1585872, 20230817214500)
 (3727., 3728., 3722., 3724.,  18268., 1585117, 20230817220000)
 (3723., 3729., 3722., 3727.,  23044., 1584981, 20230817221500)
 (3727., 3730., 3724., 3728.,  22002., 1585874, 20230817223000)
 (3728., 3729., 3722., 3723.,  20308., 1582417, 20230817224500)
 (3724., 3725., 3717., 3720.,  37516., 1574356, 20230817230000)
 (3721., 3728., 3720., 3724.,  46833., 1575196, 20230818091500)
 (3724., 3733., 3724., 3732.,  44342., 1576452, 20230818093000)
 (3732., 3733., 3728., 3728.,  31045., 1573243, 20230818094500)
 (3729., 3729., 3718., 3723.,  42953., 1568766, 20230818100000)
 (3723., 3725., 3719., 3725.,  32791., 1565918, 20230818101500)
 (3724., 3725., 3712., 3717.,  59936., 1559681, 20230818104500)
 (3716., 3721., 3713., 3713.,  26520., 1559008, 20230818110000)
 (3713., 3717., 3707., 3709.,  45214., 1560465, 20230818111500)
 (3708., 3717., 3707., 3714.,  38776., 1558936, 20230818113000)
 (3713., 3725., 3711., 3722.,  62734., 1555988, 20230818134500)
 (3722., 3726., 3717., 3724.,  35147., 1557760, 20230818140000)
 (3723., 3725., 3719., 3722.,  35720., 1557538, 20230818141500)
 (3722., 3722., 3709., 3711.,  52401., 1556263, 20230818143000)
 (3712., 3712., 3693., 3701., 146288., 1557828, 20230818144500)
 (3701., 3707., 3697., 3700.,  71088., 1549204, 20230818150000)]
2023-08-21 15:30:00  INFO  [(3700., 3702., 3686., 3689., 123716., 1549703, 20230818211500)
 (3689., 3693., 3684., 3692.,  61568., 1556942, 20230818213000)
 (3692., 3693., 3685., 3688.,  47410., 1560207, 20230818214500)
 (3689., 3692., 3685., 3690.,  31937., 1560553, 20230818220000)
 (3690., 3690., 3662., 3664., 169957., 1574007, 20230818221500)
 (3664., 3669., 3663., 3664.,  55031., 1581554, 20230818223000)
 (3664., 3668., 3654., 3661.,  91147., 1585365, 20230818224500)
 (3662., 3665., 3644., 3648., 110380., 1579224, 20230818230000)
 (3648., 3655., 3635., 3647., 163135., 1591439, 20230821091500)
 (3648., 3650., 3642., 3645.,  50421., 1595551, 20230821093000)
 (3645., 3656., 3644., 3651.,  63578., 1606788, 20230821094500)
 (3650., 3652., 3637., 3646.,  82613., 1611013, 20230821100000)
 (3646., 3659., 3644., 3656.,  75793., 1605256, 20230821101500)
 (3656., 3663., 3654., 3656.,  81973., 1604507, 20230821104500)
 (3655., 3677., 3654., 3672.,  91136., 1589718, 20230821110000)
 (3671., 3679., 3668., 3678.,  84693., 1576249, 20230821111500)
 (3678., 3678., 3659., 3670.,  89528., 1564627, 20230821113000)
 (3669., 3675., 3667., 3673.,  47736., 1563864, 20230821134500)
 (3672., 3677., 3672., 3674.,  37120., 1564420, 20230821140000)
 (3675., 3676., 3660., 3666.,  67214., 1565465, 20230821141500)
 (3666., 3675., 3665., 3673.,  42426., 1564942, 20230821143000)
 (3673., 3675., 3662., 3664.,  46347., 1564128, 20230821144500)
 (3664., 3666., 3653., 3666., 100152., 1561469, 20230821150000)]
2023-08-22 15:30:00  INFO  [(3671., 3677., 3662., 3666., 116875., 1557232, 20230821211500)
 (3667., 3669., 3655., 3660.,  61059., 1559766, 20230821213000)
 (3660., 3662., 3646., 3651.,  79264., 1563814, 20230821214500)
 (3650., 3658., 3650., 3650.,  39362., 1563912, 20230821220000)
 (3651., 3654., 3646., 3650.,  39123., 1566953, 20230821221500)
 (3650., 3656., 3645., 3656.,  41583., 1565752, 20230821223000)
 (3655., 3663., 3649., 3663.,  36611., 1562752, 20230821224500)
 (3663., 3666., 3656., 3656.,  54721., 1554117, 20230821230000)
 (3658., 3661., 3653., 3657.,  42338., 1557651, 20230822091500)
 (3657., 3673., 3654., 3671.,  55802., 1555476, 20230822093000)
 (3672., 3675., 3663., 3667.,  64588., 1554088, 20230822094500)
 (3668., 3672., 3660., 3667.,  41852., 1553973, 20230822100000)
 (3668., 3672., 3664., 3669.,  31198., 1554197, 20230822101500)
 (3669., 3672., 3663., 3669.,  32238., 1555421, 20230822104500)
 (3669., 3671., 3665., 3669.,  23503., 1556676, 20230822110000)
 (3669., 3683., 3668., 3672.,  71475., 1546089, 20230822111500)
 (3672., 3678., 3666., 3677.,  48951., 1542564, 20230822113000)
 (3677., 3687., 3675., 3677.,  86395., 1538409, 20230822134500)
 (3677., 3691., 3676., 3690.,  69701., 1534166, 20230822140000)
 (3690., 3713., 3689., 3711., 201708., 1509197, 20230822141500)
 (3711., 3735., 3708., 3732., 207036., 1478860, 20230822143000)
 (3732., 3737., 3722., 3728., 169356., 1470050, 20230822144500)
 (3728., 3729., 3718., 3723., 105433., 1451795, 20230822150000)]
2023-08-23 15:30:00  INFO  [(3723., 3731., 3719., 3726., 115149., 1438056, 20230822211500)
 (3727., 3730., 3723., 3724.,  43610., 1437626, 20230822213000)
 (3724., 3729., 3722., 3724.,  32444., 1437655, 20230822214500)
 (3724., 3726., 3721., 3725.,  23251., 1438120, 20230822220000)
 (3725., 3728., 3718., 3723.,  43388., 1440448, 20230822221500)
 (3723., 3723., 3716., 3717.,  44515., 1443156, 20230822223000)
 (3717., 3723., 3717., 3723.,  20377., 1442421, 20230822224500)
 (3723., 3724., 3718., 3722.,  25041., 1435566, 20230822230000)
 (3723., 3730., 3720., 3726.,  67082., 1433317, 20230823091500)
 (3726., 3736., 3724., 3733., 108001., 1430393, 20230823093000)
 (3732., 3734., 3723., 3728.,  49166., 1424867, 20230823094500)
 (3727., 3730., 3721., 3728.,  38423., 1423686, 20230823100000)
 (3729., 3733., 3723., 3728.,  43566., 1420871, 20230823101500)
 (3727., 3737., 3726., 3733.,  71978., 1415010, 20230823104500)
 (3733., 3747., 3729., 3744., 127262., 1409299, 20230823110000)
 (3743., 3747., 3738., 3741.,  73217., 1404779, 20230823111500)
 (3741., 3745., 3735., 3739.,  62778., 1399350, 20230823113000)
 (3744., 3753., 3742., 3748., 101952., 1389503, 20230823134500)
 (3747., 3754., 3746., 3751.,  63380., 1385159, 20230823140000)
 (3751., 3755., 3747., 3754.,  44361., 1381834, 20230823141500)
 (3754., 3754., 3746., 3748.,  36938., 1378175, 20230823143000)
 (3749., 3751., 3739., 3742.,  86367., 1356770, 20230823144500)
 (3741., 3744., 3721., 3723., 124407., 1337094, 20230823150000)]
2023-08-24 15:30:00  INFO  [(3723., 3730., 3722., 3728.,  98512., 1338833, 20230823211500)
 (3728., 3732., 3723., 3724.,  47928., 1340818, 20230823213000)
 (3724., 3729., 3723., 3726.,  30530., 1343204, 20230823214500)
 (3726., 3730., 3726., 3730.,  17705., 1343464, 20230823220000)
 (3731., 3732., 3726., 3729.,  19831., 1343040, 20230823221500)
 (3729., 3731., 3725., 3730.,  20608., 1343935, 20230823223000)
 (3729., 3732., 3725., 3728.,  22868., 1343348, 20230823224500)
 (3729., 3736., 3727., 3734.,  39495., 1339651, 20230823230000)
 (3735., 3747., 3735., 3744.,  85351., 1338985, 20230824091500)
 (3745., 3747., 3738., 3741.,  41286., 1337175, 20230824093000)
 (3742., 3746., 3735., 3736.,  45909., 1335063, 20230824094500)
 (3737., 3742., 3734., 3741.,  38973., 1333150, 20230824100000)
 (3741., 3749., 3738., 3744.,  49449., 1332105, 20230824101500)
 (3744., 3747., 3739., 3746.,  38201., 1329181, 20230824104500)
 (3746., 3748., 3739., 3741.,  38720., 1325319, 20230824110000)
 (3741., 3746., 3736., 3739.,  33996., 1320280, 20230824111500)
 (3738., 3750., 3737., 3750.,  52521., 1320760, 20230824113000)
 (3755., 3768., 3755., 3756., 141302., 1322386, 20230824134500)
 (3756., 3764., 3749., 3759.,  67640., 1316386, 20230824140000)
 (3760., 3763., 3754., 3758.,  38601., 1312035, 20230824141500)
 (3757., 3759., 3744., 3747.,  59272., 1310606, 20230824143000)
 (3748., 3750., 3735., 3735.,  78797., 1307162, 20230824144500)
 (3734., 3734., 3687., 3688., 328654., 1279159, 20230824150000)]
2023-08-25 15:30:00  INFO  [(3700., 3720., 3689., 3719., 177550., 1277931, 20230824211500)
 (3718., 3721., 3712., 3715.,  62364., 1282266, 20230824213000)
 (3714., 3719., 3706., 3710.,  60038., 1279295, 20230824214500)
 (3710., 3713., 3705., 3709.,  38646., 1279727, 20230824220000)
 (3710., 3714., 3704., 3707.,  30789., 1280081, 20230824221500)
 (3707., 3709., 3698., 3700.,  41089., 1278239, 20230824223000)
 (3700., 3709., 3697., 3709.,  37670., 1276447, 20230824224500)
 (3709., 3713., 3707., 3713.,  42954., 1271150, 20230824230000)
 (3712., 3714., 3706., 3712.,  41087., 1272926, 20230825091500)
 (3713., 3716., 3707., 3713.,  29760., 1273106, 20230825093000)
 (3713., 3718., 3711., 3714.,  35674., 1271790, 20230825094500)
 (3713., 3718., 3711., 3718.,  22435., 1271748, 20230825100000)
 (3717., 3720., 3709., 3717.,  39092., 1272213, 20230825101500)
 (3716., 3728., 3716., 3727.,  66644., 1265860, 20230825104500)
 (3727., 3728., 3719., 3721.,  31542., 1263182, 20230825110000)
 (3721., 3722., 3704., 3706.,  68173., 1260379, 20230825111500)
 (3706., 3715., 3704., 3715.,  43322., 1259338, 20230825113000)
 (3714., 3717., 3708., 3712.,  43682., 1255657, 20230825134500)
 (3711., 3735., 3711., 3732.,  97898., 1251140, 20230825140000)
 (3733., 3734., 3718., 3725.,  69158., 1242259, 20230825141500)
 (3724., 3725., 3709., 3715.,  64015., 1236302, 20230825143000)
 (3716., 3726., 3715., 3722.,  48374., 1230107, 20230825144500)
 (3722., 3724., 3713., 3716.,  62682., 1212885, 20230825150000)]
2023-08-28 15:30:00  INFO  [(3717., 3722., 3699., 3706., 155795., 1219838, 20230825211500)
 (3706., 3708., 3683., 3690., 139408., 1231546, 20230825213000)
 (3691., 3697., 3685., 3687.,  53901., 1232460, 20230825214500)
 (3686., 3691., 3680., 3682.,  71789., 1236338, 20230825220000)
 (3682., 3699., 3682., 3698.,  58185., 1234866, 20230825221500)
 (3698., 3702., 3691., 3695.,  41142., 1229565, 20230825223000)
 (3695., 3699., 3685., 3687.,  41248., 1231922, 20230825224500)
 (3687., 3695., 3684., 3689.,  52993., 1228380, 20230825230000)
 (3702., 3733., 3702., 3730., 257600., 1205193, 20230828091500)
 (3730., 3743., 3725., 3741., 126616., 1203404, 20230828093000)
 (3741., 3743., 3724., 3731.,  86651., 1198369, 20230828094500)
 (3730., 3732., 3709., 3711.,  95310., 1196792, 20230828100000)
 (3711., 3712., 3698., 3704., 109841., 1204307, 20230828101500)
 (3705., 3710., 3700., 3710.,  53325., 1205939, 20230828104500)
 (3709., 3716., 3703., 3704.,  46706., 1205754, 20230828110000)
 (3704., 3705., 3693., 3694.,  70672., 1213104, 20230828111500)
 (3694., 3695., 3684., 3689.,  84684., 1220176, 20230828113000)
 (3686., 3686., 3664., 3667., 189071., 1239037, 20230828134500)
 (3667., 3673., 3655., 3659., 117787., 1241153, 20230828140000)
 (3659., 3662., 3645., 3654., 116598., 1250589, 20230828141500)
 (3653., 3656., 3646., 3648.,  76833., 1255409, 20230828143000)
 (3649., 3659., 3642., 3655., 102142., 1256105, 20230828144500)
 (3656., 3669., 3654., 3667.,  89653., 1239375, 20230828150000)]
2023-08-29 15:30:00  INFO  [(3667., 3672., 3663., 3667., 103477., 1237946, 20230828211500)
 (3666., 3672., 3660., 3666.,  52470., 1235883, 20230828213000)
 (3666., 3673., 3664., 3669.,  40004., 1234693, 20230828214500)
 (3669., 3672., 3666., 3669.,  20912., 1235716, 20230828220000)
 (3669., 3670., 3664., 3666.,  22092., 1235308, 20230828221500)
 (3666., 3677., 3664., 3676.,  38948., 1232960, 20230828223000)
 (3675., 3680., 3674., 3678.,  42100., 1222627, 20230828224500)
 (3678., 3682., 3673., 3681.,  34301., 1213686, 20230828230000)
 (3681., 3683., 3673., 3681.,  80950., 1206112, 20230829091500)
 (3681., 3685., 3667., 3672.,  81275., 1197576, 20230829093000)
 (3671., 3675., 3665., 3670.,  56915., 1195788, 20230829094500)
 (3671., 3673., 3660., 3662.,  55063., 1193995, 20230829100000)
 (3662., 3674., 3661., 3668.,  42260., 1190543, 20230829101500)
 (3669., 3681., 3664., 3681.,  62784., 1186928, 20230829104500)
 (3681., 3681., 3673., 3680.,  45112., 1186092, 20230829110000)
 (3679., 3684., 3675., 3678.,  40883., 1179022, 20230829111500)
 (3679., 3694., 3672., 3692.,  79716., 1162669, 20230829113000)
 (3691., 3705., 3688., 3700., 120820., 1147899, 20230829134500)
 (3700., 3701., 3691., 3693.,  45221., 1143375, 20230829140000)
 (3693., 3697., 3687., 3691.,  41079., 1139470, 20230829141500)
 (3690., 3695., 3687., 3689.,  31781., 1138524, 20230829143000)
 (3688., 3699., 3684., 3698.,  57505., 1132950, 20230829144500)
 (3697., 3697., 3672., 3678.,  99650., 1120677, 20230829150000)]
2023-08-30 15:30:00  INFO  [(3682., 3686., 3672., 3682.,  91751., 1121837, 20230829211500)
 (3682., 3690., 3678., 3688.,  48337., 1124265, 20230829213000)
 (3687., 3689., 3684., 3687.,  26870., 1124488, 20230829214500)
 (3688., 3688., 3681., 3684.,  17877., 1123659, 20230829220000)
 (3683., 3695., 3681., 3694.,  44065., 1123236, 20230829221500)
 (3694., 3696., 3691., 3694.,  32064., 1123960, 20230829223000)
 (3693., 3697., 3690., 3694.,  35351., 1123905, 20230829224500)
 (3694., 3697., 3691., 3691.,  28503., 1119588, 20230829230000)
 (3692., 3705., 3692., 3698.,  72631., 1117914, 20230830091500)
 (3698., 3701., 3692., 3699.,  40387., 1117872, 20230830093000)
 (3699., 3701., 3686., 3688.,  55022., 1117206, 20230830094500)
 (3689., 3693., 3687., 3691.,  29380., 1118407, 20230830100000)
 (3691., 3692., 3681., 3688.,  48031., 1114101, 20230830101500)
 (3688., 3693., 3678., 3692.,  82778., 1096701, 20230830104500)
 (3692., 3696., 3677., 3686.,  85423., 1085761, 20230830110000)
 (3686., 3695., 3682., 3694.,  54654., 1076531, 20230830111500)
 (3694., 3701., 3691., 3696.,  61364., 1076911, 20230830113000)
 (3696., 3699., 3690., 3696.,  50305., 1075251, 20230830134500)
 (3696., 3702., 3691., 3694.,  49529., 1073229, 20230830140000)
 (3694., 3694., 3686., 3687.,  47471., 1067559, 20230830141500)
 (3688., 3692., 3684., 3691.,  45704., 1061973, 20230830143000)
 (3691., 3717., 3690., 3713., 167114., 1054364, 20230830144500)
 (3713., 3716., 3708., 3713.,  92953., 1039387, 20230830150000)]
2023-08-31 15:30:00  INFO  [(3716., 3728., 3716., 3720., 145007., 1022926, 20230830211500)
 (3720., 3725., 3719., 3724.,  49451., 1017268, 20230830213000)
 (3725., 3726., 3715., 3719.,  41161., 1016136, 20230830214500)
 (3720., 3725., 3716., 3724.,  34519., 1014092, 20230830220000)
 (3724., 3724., 3718., 3722.,  27586., 1013644, 20230830221500)
 (3723., 3724., 3718., 3719.,  17933., 1012670, 20230830223000)
 (3720., 3721., 3714., 3717.,  26690., 1011291, 20230830224500)
 (3717., 3721., 3714., 3719.,  30152., 1005487, 20230830230000)
 (3721., 3731., 3721., 3730., 105484.,  986056, 20230831091500)
 (3731., 3740., 3727., 3738.,  88373.,  979578, 20230831093000)
 (3738., 3746., 3737., 3742.,  81143.,  978516, 20230831094500)
 (3741., 3743., 3734., 3740.,  51623.,  974093, 20230831100000)
 (3741., 3745., 3735., 3738.,  47721.,  972694, 20230831101500)
 (3738., 3742., 3732., 3740.,  50861.,  959999, 20230831104500)
 (3740., 3743., 3737., 3738.,  34235.,  953458, 20230831110000)
 (3738., 3739., 3733., 3737.,  29611.,  952000, 20230831111500)
 (3737., 3741., 3734., 3736.,  31412.,  950254, 20230831113000)
 (3735., 3738., 3730., 3734.,  67965.,  948444, 20230831134500)
 (3734., 3740., 3731., 3739.,  36373.,  948724, 20230831140000)
 (3739., 3740., 3721., 3727.,  79521.,  939629, 20230831141500)
 (3726., 3731., 3719., 3725.,  58421.,  932578, 20230831143000)
 (3725., 3737., 3722., 3736.,  55362.,  929955, 20230831144500)
 (3736., 3742., 3734., 3740.,  69148.,  919823, 20230831150000)]
2023-09-01 15:30:00  INFO  [(3753., 3762., 3740., 3743., 121692., 898900, 20230831211500)
 (3743., 3747., 3736., 3740.,  44637., 892063, 20230831213000)
 (3740., 3742., 3733., 3737.,  38602., 885638, 20230831214500)
 (3736., 3741., 3734., 3735.,  32019., 884164, 20230831220000)
 (3735., 3740., 3732., 3733.,  30454., 877980, 20230831221500)
 (3733., 3739., 3732., 3739.,  24904., 874231, 20230831223000)
 (3739., 3742., 3735., 3739.,  26227., 869168, 20230831224500)
 (3739., 3747., 3736., 3744.,  35452., 859296, 20230831230000)
 (3746., 3756., 3744., 3754.,  70614., 851183, 20230901091500)
 (3754., 3760., 3751., 3754.,  54043., 847401, 20230901093000)
 (3754., 3758., 3751., 3752.,  26987., 843712, 20230901094500)
 (3753., 3767., 3752., 3764.,  58793., 839576, 20230901100000)
 (3763., 3771., 3758., 3769.,  62011., 835306, 20230901101500)
 (3770., 3773., 3765., 3768.,  48129., 836179, 20230901104500)
 (3767., 3772., 3764., 3767.,  27601., 834170, 20230901110000)
 (3768., 3772., 3764., 3770.,  21323., 833355, 20230901111500)
 (3771., 3780., 3759., 3768.,  66465., 827226, 20230901113000)
 (3771., 3779., 3769., 3774.,  42670., 828609, 20230901134500)
 (3775., 3780., 3767., 3777.,  38119., 826964, 20230901140000)
 (3777., 3780., 3771., 3775.,  27482., 823180, 20230901141500)
 (3775., 3775., 3765., 3769.,  40300., 814978, 20230901143000)
 (3769., 3781., 3768., 3776.,  40488., 806813, 20230901144500)
 (3775., 3780., 3772., 3778.,  42703., 794449, 20230901150000)]
2023-09-04 15:30:00  INFO  [(3772., 3787., 3769., 3773.,  86273., 779647, 20230901211500)
 (3773., 3774., 3760., 3768.,  55154., 777621, 20230901213000)
 (3767., 3770., 3764., 3768.,  21231., 777870, 20230901214500)
 (3767., 3775., 3764., 3770.,  22250., 775630, 20230901220000)
 (3770., 3774., 3764., 3773.,  22344., 774536, 20230901221500)
 (3773., 3778., 3769., 3773.,  17239., 773560, 20230901223000)
 (3773., 3790., 3772., 3785.,  53224., 772348, 20230901224500)
 (3785., 3796., 3782., 3795.,  51622., 764909, 20230901230000)
 (3795., 3795., 3769., 3774., 108289., 756128, 20230904091500)
 (3773., 3783., 3771., 3779.,  33877., 757311, 20230904093000)
 (3779., 3782., 3768., 3774.,  38278., 756536, 20230904094500)
 (3774., 3778., 3770., 3777.,  19007., 753593, 20230904100000)
 (3777., 3787., 3777., 3785.,  34213., 750996, 20230904101500)
 (3786., 3792., 3783., 3784.,  35955., 747670, 20230904104500)
 (3785., 3789., 3781., 3782.,  15011., 747777, 20230904110000)
 (3782., 3786., 3775., 3776.,  22765., 745656, 20230904111500)
 (3777., 3786., 3776., 3781.,  19735., 742632, 20230904113000)
 (3782., 3784., 3772., 3777.,  31289., 742503, 20230904134500)
 (3777., 3784., 3773., 3775.,  21997., 741316, 20230904140000)
 (3774., 3778., 3768., 3775.,  32581., 737247, 20230904141500)
 (3774., 3776., 3764., 3765.,  33481., 733942, 20230904143000)
 (3765., 3769., 3758., 3764.,  51822., 727748, 20230904144500)
 (3766., 3773., 3760., 3770.,  38822., 718642, 20230904150000)]
2023-09-05 15:30:00  INFO  [(3770., 3776., 3741., 3769., 72132., 706065, 20230904211500)
 (3769., 3771., 3762., 3765., 20123., 702781, 20230904213000)
 (3764., 3766., 3760., 3762., 16792., 699226, 20230904214500)
 (3762., 3768., 3761., 3767.,  9742., 696695, 20230904220000)
 (3768., 3769., 3762., 3763., 11737., 694568, 20230904221500)
 (3763., 3764., 3758., 3763., 14017., 693729, 20230904223000)
 (3764., 3772., 3760., 3769., 24202., 688568, 20230904224500)
 (3769., 3775., 3769., 3771., 17856., 683796, 20230904230000)
 (3773., 3775., 3768., 3770., 21014., 679779, 20230905091500)
 (3771., 3777., 3770., 3775., 14418., 676408, 20230905093000)
 (3776., 3776., 3763., 3772., 22323., 673275, 20230905094500)
 (3771., 3771., 3761., 3765., 15702., 671132, 20230905100000)
 (3764., 3768., 3761., 3763., 11232., 669471, 20230905101500)
 (3764., 3768., 3760., 3763., 12989., 666933, 20230905104500)
 (3765., 3769., 3761., 3769.,  7968., 665969, 20230905110000)
 (3768., 3778., 3768., 3772., 28437., 658813, 20230905111500)
 (3772., 3776., 3768., 3774., 14059., 656068, 20230905113000)
 (3776., 3776., 3768., 3771., 14460., 655529, 20230905134500)
 (3770., 3774., 3763., 3764., 18767., 652606, 20230905140000)
 (3764., 3765., 3747., 3750., 47935., 650051, 20230905141500)
 (3749., 3755., 3745., 3747., 27831., 648083, 20230905143000)
 (3747., 3751., 3732., 3737., 45199., 638144, 20230905144500)
 (3738., 3743., 3733., 3739., 40266., 626601, 20230905150000)]
2023-09-06 15:30:00  INFO  [(3735., 3745., 3735., 3741., 47212., 620687, 20230905211500)
 (3741., 3746., 3740., 3745., 18404., 620445, 20230905213000)
 (3744., 3747., 3740., 3744., 11374., 620471, 20230905214500)
 (3744., 3746., 3741., 3745.,  7529., 619417, 20230905220000)
 (3746., 3746., 3740., 3740.,  7950., 619208, 20230905221500)
 (3740., 3744., 3738., 3738.,  9529., 617984, 20230905223000)
 (3738., 3746., 3734., 3745., 14815., 618227, 20230905224500)
 (3745., 3755., 3743., 3749., 22785., 611688, 20230905230000)
 (3748., 3751., 3741., 3747., 12615., 610784, 20230906091500)
 (3746., 3749., 3738., 3742., 12348., 610727, 20230906093000)
 (3742., 3742., 3733., 3734., 14349., 609352, 20230906094500)
 (3734., 3744., 3730., 3742., 16426., 607768, 20230906100000)
 (3742., 3746., 3739., 3745., 10304., 605965, 20230906101500)
 (3745., 3747., 3739., 3742., 11118., 604982, 20230906104500)
 (3742., 3749., 3739., 3748., 11920., 604106, 20230906110000)
 (3747., 3748., 3739., 3742.,  9908., 602496, 20230906111500)
 (3741., 3742., 3735., 3736., 10026., 602869, 20230906113000)
 (3737., 3747., 3733., 3744., 19309., 600265, 20230906134500)
 (3744., 3747., 3740., 3746.,  8868., 600036, 20230906140000)
 (3746., 3748., 3738., 3740., 12386., 600529, 20230906141500)
 (3740., 3741., 3732., 3739., 20501., 598800, 20230906143000)
 (3739., 3744., 3735., 3739.,  9450., 597910, 20230906144500)
 (3740., 3748., 3737., 3747., 15854., 592372, 20230906150000)]
2023-09-07 15:30:00  INFO  [(3749., 3758., 3743., 3746., 28696., 589012, 20230906211500)
 (3747., 3752., 3744., 3748.,  8497., 587820, 20230906213000)
 (3748., 3753., 3745., 3751.,  6323., 586467, 20230906214500)
 (3751., 3753., 3748., 3748.,  4166., 586096, 20230906220000)
 (3749., 3751., 3745., 3748.,  5334., 584841, 20230906221500)
 (3747., 3753., 3747., 3751.,  4439., 584732, 20230906223000)
 (3750., 3751., 3738., 3740., 10032., 583437, 20230906224500)
 (3740., 3742., 3733., 3736., 27377., 578795, 20230906230000)
 (3735., 3740., 3724., 3739., 35227., 570679, 20230907091500)
 (3738., 3742., 3734., 3738., 13161., 567584, 20230907093000)
 (3738., 3738., 3731., 3733.,  9328., 565721, 20230907094500)
 (3732., 3739., 3732., 3737., 14128., 563493, 20230907100000)
 (3736., 3740., 3731., 3736.,  9729., 561874, 20230907101500)
 (3737., 3742., 3735., 3738., 12516., 559982, 20230907104500)
 (3738., 3739., 3733., 3735.,  6706., 559651, 20230907110000)
 (3735., 3735., 3722., 3726., 24327., 555975, 20230907111500)
 (3726., 3730., 3720., 3724., 17533., 553096, 20230907113000)
 (3724., 3728., 3720., 3725., 20110., 548187, 20230907134500)
 (3725., 3729., 3722., 3725., 11739., 546372, 20230907140000)
 (3726., 3737., 3725., 3735., 18963., 540042, 20230907141500)
 (3735., 3745., 3733., 3740., 18633., 537325, 20230907143000)
 (3740., 3747., 3738., 3745., 12730., 534524, 20230907144500)
 (3745., 3746., 3740., 3742., 10183., 531665, 20230907150000)]
2023-09-08 15:30:00  INFO  [(3751., 3751., 3725., 3742., 20284., 526079, 20230907211500)
 (3740., 3742., 3733., 3735.,  7281., 526387, 20230907213000)
 (3736., 3742., 3733., 3737.,  5598., 525190, 20230907214500)
 (3737., 3738., 3731., 3733.,  5712., 524901, 20230907220000)
 (3734., 3739., 3730., 3731.,  7099., 524807, 20230907221500)
 (3732., 3733., 3727., 3728., 10135., 521258, 20230907223000)
 (3729., 3735., 3725., 3730.,  8957., 519001, 20230907224500)
 (3730., 3736., 3730., 3733.,  7783., 516569, 20230907230000)
 (3736., 3744., 3732., 3739., 13784., 513071, 20230908091500)
 (3740., 3741., 3736., 3738.,  8502., 511216, 20230908093000)
 (3738., 3742., 3734., 3737.,  6325., 509897, 20230908094500)
 (3736., 3737., 3730., 3731.,  8052., 507872, 20230908100000)
 (3732., 3738., 3730., 3736.,  5999., 506368, 20230908101500)
 (3736., 3736., 3723., 3724.,  8793., 505410, 20230908104500)
 (3724., 3727., 3719., 3723., 13376., 503405, 20230908110000)
 (3722., 3725., 3713., 3714., 18426., 503809, 20230908111500)
 (3715., 3720., 3700., 3705., 26983., 500688, 20230908113000)
 (3705., 3710., 3696., 3707., 23444., 497311, 20230908134500)
 (3707., 3710., 3702., 3708.,  8677., 496486, 20230908140000)
 (3707., 3712., 3704., 3704.,  7421., 494884, 20230908141500)
 (3704., 3706., 3694., 3695., 12959., 494762, 20230908143000)
 (3695., 3698., 3682., 3685., 20117., 490424, 20230908144500)
 (3685., 3691., 3676., 3676., 23672., 487259, 20230908150000)]
2023-09-11 15:30:00  INFO  [(3680., 3688., 3674., 3684., 22825., 481353, 20230908211500)
 (3683., 3690., 3681., 3687., 11138., 478459, 20230908213000)
 (3686., 3692., 3678., 3679.,  6420., 478119, 20230908214500)
 (3679., 3688., 3679., 3687.,  3870., 477383, 20230908220000)
 (3687., 3689., 3684., 3687.,  3424., 476737, 20230908221500)
 (3688., 3694., 3684., 3692.,  5070., 475596, 20230908223000)
 (3691., 3696., 3688., 3691.,  5501., 474816, 20230908224500)
 (3690., 3697., 3689., 3695.,  7592., 471473, 20230908230000)
 (3695., 3708., 3695., 3702., 13545., 470543, 20230911091500)
 (3702., 3706., 3698., 3703.,  6059., 469858, 20230911093000)
 (3703., 3709., 3699., 3704.,  7221., 468704, 20230911094500)
 (3705., 3709., 3703., 3707.,  5357., 468774, 20230911100000)
 (3707., 3710., 3702., 3704.,  4795., 467922, 20230911101500)
 (3705., 3708., 3702., 3703.,  3398., 467141, 20230911104500)
 (3703., 3706., 3697., 3701.,  5047., 467104, 20230911110000)
 (3700., 3708., 3699., 3707.,  3629., 466033, 20230911111500)
 (3706., 3708., 3702., 3707.,  2571., 465482, 20230911113000)
 (3711., 3722., 3709., 3719., 17100., 462454, 20230911134500)
 (3719., 3722., 3713., 3715.,  7493., 461752, 20230911140000)
 (3716., 3717., 3708., 3709.,  6652., 461509, 20230911141500)
 (3708., 3713., 3706., 3707.,  4291., 461251, 20230911143000)
 (3706., 3711., 3705., 3709.,  3349., 459950, 20230911144500)
 (3709., 3715., 3709., 3712.,  8629., 458526, 20230911150000)]
2023-09-12 15:30:00  INFO  [(3716., 3734., 3715., 3733., 21802., 450416, 20230911211500)
 (3734., 3736., 3730., 3735.,  8488., 447541, 20230911213000)
 (3736., 3740., 3731., 3732.,  6175., 445448, 20230911214500)
 (3733., 3735., 3730., 3735.,  3583., 445870, 20230911220000)
 (3734., 3737., 3732., 3735.,  2894., 444924, 20230911221500)
 (3735., 3735., 3731., 3732.,  1883., 444324, 20230911223000)
 (3732., 3735., 3730., 3733.,  1868., 443911, 20230911224500)
 (3733., 3738., 3728., 3736.,  4685., 442519, 20230911230000)
 (3738., 3740., 3732., 3736.,  9038., 439851, 20230912091500)
 (3736., 3737., 3729., 3733.,  5640., 439558, 20230912093000)
 (3733., 3735., 3727., 3730.,  5571., 438573, 20230912094500)
 (3730., 3730., 3723., 3727.,  8033., 438363, 20230912100000)
 (3726., 3735., 3724., 3733.,  6388., 437624, 20230912101500)
 (3732., 3744., 3731., 3742., 10523., 435232, 20230912104500)
 (3743., 3743., 3736., 3737.,  6670., 433515, 20230912110000)
 (3739., 3741., 3734., 3737.,  3068., 433035, 20230912111500)
 (3738., 3745., 3736., 3744.,  5919., 430751, 20230912113000)
 (3743., 3743., 3729., 3735.,  8959., 429237, 20230912134500)
 (3735., 3741., 3734., 3737.,  4062., 428576, 20230912140000)
 (3738., 3744., 3736., 3741.,  4529., 427734, 20230912141500)
 (3742., 3743., 3733., 3733.,  4304., 427524, 20230912143000)
 (3733., 3741., 3733., 3740.,  5545., 426225, 20230912144500)
 (3739., 3740., 3735., 3737.,  4687., 425933, 20230912150000)]
2023-09-13 15:30:00  INFO  [(3737., 3746., 3736., 3739., 13494., 423442, 20230912211500)
 (3738., 3740., 3733., 3735.,  3839., 423042, 20230912213000)
 (3734., 3738., 3732., 3736.,  2002., 422712, 20230912214500)
 (3738., 3738., 3730., 3730.,  4167., 422838, 20230912220000)
 (3730., 3734., 3730., 3734.,  3558., 421931, 20230912221500)
 (3734., 3734., 3730., 3731.,  1989., 421474, 20230912223000)
 (3731., 3732., 3726., 3728.,  6743., 420456, 20230912224500)
 (3728., 3736., 3726., 3732.,  4742., 419715, 20230912230000)
 (3732., 3737., 3726., 3730.,  5350., 419774, 20230913091500)
 (3730., 3735., 3729., 3733.,  2870., 419171, 20230913093000)
 (3732., 3738., 3730., 3733.,  2484., 419007, 20230913094500)
 (3733., 3737., 3731., 3731.,  3104., 419325, 20230913100000)
 (3732., 3732., 3726., 3729.,  6680., 419442, 20230913101500)
 (3727., 3729., 3721., 3725.,  4783., 418794, 20230913104500)
 (3725., 3729., 3720., 3725.,  5624., 418394, 20230913110000)
 (3723., 3727., 3716., 3718.,  6455., 417607, 20230913111500)
 (3717., 3721., 3710., 3712.,  6151., 416848, 20230913113000)
 (3714., 3720., 3709., 3710.,  6175., 415624, 20230913134500)
 (3710., 3710., 3696., 3703., 13034., 413508, 20230913140000)
 (3704., 3707., 3699., 3704.,  3794., 413001, 20230913141500)
 (3704., 3710., 3702., 3703.,  3276., 412884, 20230913143000)
 (3703., 3714., 3701., 3711.,  4630., 412560, 20230913144500)
 (3711., 3721., 3708., 3719.,  8615., 411626, 20230913150000)]
2023-09-14 15:30:00  INFO  [(3730., 3734., 3720., 3722., 11301., 409742, 20230913211500)
 (3723., 3729., 3723., 3725.,  4512., 409933, 20230913213000)
 (3725., 3729., 3723., 3726.,  2064., 409802, 20230913214500)
 (3726., 3727., 3723., 3726.,  1317., 409699, 20230913220000)
 (3726., 3727., 3721., 3722.,  2591., 409235, 20230913221500)
 (3722., 3723., 3713., 3716.,  5822., 408304, 20230913223000)
 (3715., 3725., 3713., 3724.,  4692., 407311, 20230913224500)
 (3723., 3725., 3721., 3724.,  1861., 406765, 20230913230000)
 (3725., 3726., 3717., 3719.,  3958., 405778, 20230914091500)
 (3719., 3723., 3715., 3721.,  2400., 405661, 20230914093000)
 (3721., 3723., 3715., 3719.,  3824., 404573, 20230914094500)
 (3720., 3721., 3717., 3717.,  2879., 403906, 20230914100000)
 (3717., 3720., 3712., 3714.,  3147., 403007, 20230914101500)
 (3715., 3718., 3711., 3716.,  3218., 402555, 20230914104500)
 (3715., 3716., 3711., 3713.,  2151., 402110, 20230914110000)
 (3713., 3722., 3711., 3720.,  3901., 401664, 20230914111500)
 (3720., 3724., 3718., 3721.,  3247., 401405, 20230914113000)
 (3723., 3733., 3722., 3729.,  7959., 399944, 20230914134500)
 (3728., 3729., 3715., 3715.,  5978., 399795, 20230914140000)
 (3716., 3719., 3711., 3715.,  4597., 399780, 20230914141500)
 (3715., 3731., 3714., 3730.,  7612., 397309, 20230914143000)
 (3730., 3731., 3726., 3730.,  4460., 396252, 20230914144500)
 (3731., 3738., 3726., 3738.,  8061., 395473, 20230914150000)]
2023-09-15 15:30:00  INFO  [(3748., 3756., 3744., 3747., 20161., 389206, 20230914211500)
 (3748., 3750., 3745., 3747.,  4865., 388205, 20230914213000)
 (3746., 3748., 3745., 3745.,  2331., 387400, 20230914214500)
 (3745., 3747., 3741., 3744.,  2960., 386506, 20230914220000)
 (3744., 3746., 3742., 3745.,  1400., 386131, 20230914221500)
 (3746., 3750., 3745., 3750.,  3282., 385240, 20230914223000)
 (3750., 3752., 3747., 3748.,  4192., 383680, 20230914224500)
 (3748., 3752., 3746., 3749.,  3827., 382308, 20230914230000)
 (3749., 3762., 3749., 3761., 13135., 378363, 20230915091500)
 (3761., 3763., 3757., 3758.,  7493., 375690, 20230915093000)
 (3758., 3760., 3749., 3751.,  6216., 373922, 20230915094500)
 (3750., 3759., 3749., 3756.,  4671., 372239, 20230915100000)
 (3756., 3759., 3754., 3757.,  4382., 371803, 20230915101500)
 (3755., 3759., 3752., 3754.,  3230., 370446, 20230915104500)
 (3754., 3758., 3752., 3755.,  1722., 369910, 20230915110000)
 (3755., 3758., 3750., 3751.,  3244., 369009, 20230915111500)
 (3752., 3758., 3750., 3756.,  4742., 367302, 20230915113000)
 (3756., 3756., 3745., 3747.,  5385., 366324, 20230915134500)
 (3746., 3751., 3741., 3750.,  4730., 365283, 20230915140000)
 (3750., 3754., 3749., 3750.,  3862., 364096, 20230915141500)
 (3750., 3756., 3750., 3752.,  3327., 363129, 20230915143000)
 (3751., 3758., 3751., 3756.,  4640., 361852, 20230915144500)
 (3757., 3764., 3755., 3762., 10247., 358829, 20230915150000)]
2023-09-18 15:30:00  INFO  [(3745., 3756., 3742., 3752.,  9818., 356930, 20230915211500)
 (3751., 3752., 3743., 3744.,  3039., 356516, 20230915213000)
 (3744., 3750., 3739., 3747.,  4016., 355952, 20230915214500)
 (3747., 3748., 3744., 3744.,  1014., 355940, 20230915220000)
 (3745., 3748., 3733., 3736.,  4703., 355440, 20230915221500)
 (3737., 3741., 3735., 3738.,  3735., 354522, 20230915223000)
 (3738., 3740., 3733., 3737.,  2553., 354381, 20230915224500)
 (3737., 3741., 3736., 3739.,  2955., 353711, 20230915230000)
 (3741., 3747., 3735., 3742.,  9920., 352083, 20230918091500)
 (3742., 3745., 3736., 3739.,  6132., 349655, 20230918093000)
 (3741., 3749., 3734., 3748., 10098., 346017, 20230918094500)
 (3747., 3751., 3745., 3747.,  4721., 344365, 20230918100000)
 (3747., 3753., 3743., 3752.,  3257., 343121, 20230918101500)
 (3751., 3767., 3748., 3762., 10622., 340412, 20230918104500)
 (3763., 3767., 3752., 3755.,  8900., 337846, 20230918110000)
 (3756., 3757., 3748., 3754.,  3206., 336880, 20230918111500)
 (3754., 3759., 3752., 3759.,  2824., 335795, 20230918113000)
 (3759., 3763., 3756., 3760.,  4091., 334455, 20230918134500)
 (3760., 3766., 3759., 3760.,  3330., 333523, 20230918140000)
 (3760., 3764., 3760., 3764.,  2610., 332680, 20230918141500)
 (3764., 3766., 3761., 3765.,  3317., 331196, 20230918143000)
 (3765., 3768., 3761., 3762.,  3570., 329884, 20230918144500)
 (3761., 3770., 3761., 3767.,  7658., 327587, 20230918150000)]
2023-09-19 15:30:00  INFO  [(3775., 3781., 3767., 3780., 15257., 322121, 20230918211500)
 (3779., 3785., 3779., 3780.,  8336., 319420, 20230918213000)
 (3782., 3783., 3778., 3781.,  5206., 317534, 20230918214500)
 (3781., 3785., 3776., 3777.,  3913., 316410, 20230918220000)
 (3778., 3782., 3777., 3780.,  2395., 316004, 20230918221500)
 (3781., 3785., 3778., 3785.,  4777., 313578, 20230918223000)
 (3784., 3785., 3782., 3783.,  1793., 313170, 20230918224500)
 (3783., 3784., 3779., 3779.,  1605., 312670, 20230918230000)
 (3780., 3787., 3778., 3785.,  8730., 308912, 20230919091500)
 (3787., 3790., 3782., 3785.,  7912., 305652, 20230919093000)
 (3785., 3787., 3780., 3781.,  3927., 304179, 20230919094500)
 (3782., 3786., 3778., 3783.,  6175., 301347, 20230919100000)
 (3782., 3784., 3771., 3771.,  8003., 299502, 20230919101500)
 (3773., 3774., 3766., 3773.,  7477., 296951, 20230919104500)
 (3773., 3773., 3761., 3764.,  5872., 295137, 20230919110000)
 (3765., 3774., 3763., 3771.,  2856., 294383, 20230919111500)
 (3771., 3774., 3768., 3769.,  2878., 293688, 20230919113000)
 (3770., 3771., 3763., 3769.,  4341., 292088, 20230919134500)
 (3770., 3772., 3765., 3768.,  3245., 291061, 20230919140000)
 (3768., 3769., 3762., 3766.,  3564., 290461, 20230919141500)
 (3766., 3770., 3764., 3767.,  2691., 289565, 20230919143000)
 (3766., 3774., 3765., 3773.,  5330., 287871, 20230919144500)
 (3774., 3776., 3760., 3763.,  7569., 286568, 20230919150000)]
2023-09-20 15:30:00  INFO  [(3760., 3766., 3757., 3762., 6948., 285432, 20230919211500)
 (3762., 3762., 3755., 3761., 3758., 285002, 20230919213000)
 (3761., 3763., 3757., 3758., 2763., 284430, 20230919214500)
 (3758., 3760., 3755., 3759., 1891., 283697, 20230919220000)
 (3759., 3763., 3756., 3763., 3126., 282703, 20230919221500)
 (3763., 3764., 3761., 3764., 2130., 282647, 20230919223000)
 (3764., 3764., 3761., 3764., 1072., 282476, 20230919224500)
 (3762., 3768., 3761., 3768., 2339., 281910, 20230919230000)
 (3762., 3773., 3762., 3767., 5770., 279726, 20230920091500)
 (3767., 3770., 3762., 3763., 2351., 279484, 20230920093000)
 (3763., 3766., 3759., 3762., 2865., 278951, 20230920094500)
 (3763., 3764., 3757., 3764., 2607., 278654, 20230920100000)
 (3764., 3765., 3753., 3754., 4034., 277577, 20230920101500)
 (3755., 3756., 3750., 3752., 4202., 276394, 20230920104500)
 (3753., 3756., 3750., 3753., 2205., 275608, 20230920110000)
 (3752., 3758., 3752., 3754., 2390., 275119, 20230920111500)
 (3755., 3760., 3754., 3757., 2664., 274495, 20230920113000)
 (3760., 3764., 3759., 3761., 3376., 273626, 20230920134500)
 (3762., 3762., 3752., 3756., 2381., 273047, 20230920140000)
 (3756., 3760., 3753., 3754., 2434., 273074, 20230920141500)
 (3755., 3759., 3754., 3758., 1764., 272992, 20230920143000)
 (3758., 3764., 3756., 3762., 3603., 271800, 20230920144500)
 (3763., 3768., 3757., 3760., 7734., 270426, 20230920150000)]
2023-09-21 15:30:00  INFO  [(3752., 3769., 3739., 3743., 11154., 266722, 20230920211500)
 (3743., 3753., 3742., 3750.,  6899., 266083, 20230920213000)
 (3749., 3755., 3747., 3754.,  3137., 265007, 20230920214500)
 (3754., 3754., 3749., 3751.,   927., 264728, 20230920220000)
 (3750., 3755., 3749., 3752.,  1195., 264188, 20230920221500)
 (3752., 3753., 3748., 3750.,   951., 264125, 20230920223000)
 (3750., 3750., 3745., 3749.,  1969., 263839, 20230920224500)
 (3747., 3749., 3746., 3748.,  1623., 263418, 20230920230000)
 (3745., 3748., 3739., 3745.,  5275., 262227, 20230921091500)
 (3745., 3752., 3744., 3746.,  3093., 261309, 20230921093000)
 (3746., 3751., 3745., 3747.,  2607., 260321, 20230921094500)
 (3745., 3749., 3742., 3744.,  1579., 259687, 20230921100000)
 (3743., 3750., 3741., 3744.,  1769., 258913, 20230921101500)
 (3744., 3747., 3741., 3745.,  1787., 258234, 20230921104500)
 (3744., 3745., 3737., 3740.,  3329., 257260, 20230921110000)
 (3740., 3742., 3737., 3737.,  1962., 256687, 20230921111500)
 (3738., 3739., 3723., 3727.,  7592., 254107, 20230921113000)
 (3727., 3731., 3722., 3725.,  5319., 252297, 20230921134500)
 (3726., 3727., 3710., 3711.,  6520., 250683, 20230921140000)
 (3710., 3718., 3708., 3713.,  6114., 248946, 20230921141500)
 (3712., 3716., 3702., 3704.,  6683., 247700, 20230921143000)
 (3704., 3707., 3697., 3699.,  8878., 244323, 20230921144500)
 (3699., 3704., 3694., 3694.,  7378., 242935, 20230921150000)]
2023-09-22 15:30:00  INFO  [(3687., 3705., 3687., 3705., 10625., 242060, 20230921211500)
 (3704., 3713., 3703., 3709.,  8338., 237724, 20230921213000)
 (3708., 3710., 3703., 3704.,  1920., 236924, 20230921214500)
 (3703., 3706., 3701., 3701.,  1131., 236699, 20230921220000)
 (3702., 3702., 3699., 3701.,  2440., 236499, 20230921221500)
 (3701., 3702., 3699., 3701.,  1334., 235968, 20230921223000)
 (3701., 3702., 3698., 3700.,  1333., 235542, 20230921224500)
 (3699., 3703., 3699., 3699.,   889., 235243, 20230921230000)
 (3699., 3706., 3698., 3700.,  4900., 233930, 20230922091500)
 (3701., 3707., 3696., 3705.,  3356., 232456, 20230922093000)
 (3706., 3706., 3698., 3700.,  2640., 231657, 20230922094500)
 (3700., 3711., 3699., 3709.,  3862., 231109, 20230922100000)
 (3709., 3710., 3701., 3710.,  3120., 230220, 20230922101500)
 (3710., 3714., 3709., 3710.,  3216., 228744, 20230922104500)
 (3711., 3715., 3709., 3711.,  1117., 228266, 20230922110000)
 (3711., 3713., 3708., 3711.,  1852., 227829, 20230922111500)
 (3711., 3715., 3707., 3713.,  2085., 227436, 20230922113000)
 (3713., 3716., 3711., 3711.,  2654., 226069, 20230922134500)
 (3713., 3714., 3695., 3707., 12834., 218809, 20230922140000)
 (3706., 3715., 3706., 3712.,  4942., 216877, 20230922141500)
 (3712., 3716., 3709., 3712.,  4610., 215630, 20230922143000)
 (3712., 3726., 3708., 3710.,  7516., 214141, 20230922144500)
 (3710., 3715., 3705., 3713.,  5494., 214093, 20230922150000)]
2023-09-25 15:30:00  INFO  [(3714., 3714., 3696., 3699., 21489., 205837, 20230922211500)
 (3700., 3705., 3699., 3702.,  2768., 204403, 20230922213000)
 (3703., 3705., 3700., 3703.,  3205., 202921, 20230922214500)
 (3703., 3709., 3703., 3708.,  2544., 201960, 20230922220000)
 (3708., 3710., 3703., 3703.,  1246., 201636, 20230922221500)
 (3704., 3705., 3700., 3703.,  1703., 201075, 20230922223000)
 (3703., 3705., 3702., 3703.,  2012., 200487, 20230922224500)
 (3703., 3704., 3700., 3702.,  1809., 199228, 20230922230000)
 (3705., 3712., 3701., 3702.,  9553., 195788, 20230925091500)
 (3702., 3704., 3695., 3696.,  4773., 193667, 20230925093000)
 (3696., 3697., 3670., 3671., 11411., 188908, 20230925094500)
 (3671., 3675., 3660., 3664.,  7324., 186643, 20230925100000)
 (3663., 3671., 3660., 3667.,  4959., 184237, 20230925101500)
 (3667., 3667., 3659., 3661.,  3644., 183052, 20230925104500)
 (3661., 3669., 3660., 3663.,  4015., 181561, 20230925110000)
 (3665., 3669., 3661., 3666.,  2464., 180236, 20230925111500)
 (3666., 3669., 3663., 3666.,  4036., 178183, 20230925113000)
 (3667., 3669., 3662., 3663.,  3262., 177054, 20230925134500)
 (3664., 3666., 3656., 3658.,  4436., 175317, 20230925140000)
 (3657., 3661., 3653., 3655.,  5384., 172698, 20230925141500)
 (3655., 3656., 3649., 3649.,  7152., 170741, 20230925143000)
 (3649., 3658., 3649., 3657.,  2180., 169625, 20230925144500)
 (3658., 3662., 3654., 3658.,  5514., 166064, 20230925150000)]
2023-09-26 15:30:00  INFO  [(3670., 3670., 3645., 3652., 11248., 157672, 20230925211500)
 (3651., 3652., 3646., 3648.,  2046., 156791, 20230925213000)
 (3647., 3649., 3640., 3644.,  2965., 155536, 20230925214500)
 (3644., 3646., 3641., 3643.,   964., 155111, 20230925220000)
 (3642., 3645., 3640., 3644.,  2618., 153414, 20230925221500)
 (3645., 3648., 3643., 3645.,  1268., 152765, 20230925223000)
 (3644., 3648., 3644., 3644.,  1819., 151875, 20230925224500)
 (3645., 3647., 3642., 3644.,  1329., 151043, 20230925230000)
 (3643., 3651., 3643., 3650.,  5755., 147028, 20230926091500)
 (3650., 3658., 3648., 3655.,  2934., 145562, 20230926093000)
 (3655., 3658., 3653., 3655.,  2394., 144226, 20230926094500)
 (3655., 3656., 3649., 3651.,  1872., 143146, 20230926100000)
 (3651., 3652., 3645., 3648.,  1217., 142624, 20230926101500)
 (3649., 3654., 3646., 3653.,  1582., 142000, 20230926104500)
 (3652., 3654., 3646., 3648.,  1430., 141374, 20230926110000)
 (3647., 3650., 3643., 3645.,  1644., 140554, 20230926111500)
 (3645., 3648., 3635., 3635.,  3161., 139104, 20230926113000)
 (3635., 3644., 3621., 3625.,  8605., 134740, 20230926134500)
 (3624., 3626., 3618., 3619.,  3925., 132810, 20230926140000)
 (3619., 3619., 3605., 3608.,  5648., 129871, 20230926141500)
 (3606., 3620., 3605., 3613.,  4834., 127880, 20230926143000)
 (3613., 3616., 3605., 3609.,  3634., 125615, 20230926144500)
 (3609., 3616., 3606., 3614.,  5006., 122407, 20230926150000)]
2023-09-27 15:30:00  INFO  [(3620., 3627., 3612., 3619., 8822., 115847, 20230926211500)
 (3619., 3622., 3614., 3615., 1571., 114877, 20230926213000)
 (3615., 3616., 3611., 3615., 1430., 114102, 20230926214500)
 (3616., 3617., 3613., 3616.,  918., 113515, 20230926220000)
 (3617., 3620., 3616., 3617.,  950., 112843, 20230926221500)
 (3616., 3617., 3614., 3617.,  481., 112592, 20230926223000)
 (3616., 3620., 3615., 3618., 1738., 111509, 20230926224500)
 (3618., 3620., 3615., 3619., 1345., 111001, 20230926230000)
 (3619., 3623., 3613., 3616., 3212., 109100, 20230927091500)
 (3615., 3620., 3612., 3618., 2046., 108004, 20230927093000)
 (3618., 3621., 3616., 3618., 1873., 106868, 20230927094500)
 (3619., 3624., 3615., 3623., 3749., 104218, 20230927100000)
 (3624., 3626., 3620., 3624., 2364., 103229, 20230927101500)
 (3622., 3627., 3614., 3616., 3231., 101481, 20230927104500)
 (3616., 3618., 3614., 3618.,  958., 100977, 20230927110000)
 (3618., 3622., 3613., 3614., 3252.,  99681, 20230927111500)
 (3613., 3622., 3613., 3619., 1662.,  98721, 20230927113000)
 (3621., 3625., 3616., 3616., 3869.,  96468, 20230927134500)
 (3616., 3619., 3612., 3612., 3286.,  94549, 20230927140000)
 (3612., 3621., 3612., 3619., 6818.,  89611, 20230927141500)
 (3619., 3625., 3618., 3621., 7705.,  85184, 20230927143000)
 (3621., 3624., 3615., 3617., 3567.,  83260, 20230927144500)
 (3618., 3618., 3607., 3607., 5330.,  79629, 20230927150000)]
2023-09-28 15:30:00  INFO  [(3613., 3623., 3611., 3621., 10426., 71551, 20230927211500)
 (3622., 3635., 3622., 3628.,  3761., 69421, 20230927213000)
 (3628., 3634., 3628., 3631.,  1867., 68349, 20230927214500)
 (3631., 3635., 3628., 3633.,  1671., 67400, 20230927220000)
 (3635., 3635., 3629., 3634.,  1379., 66598, 20230927221500)
 (3634., 3639., 3632., 3634.,  1600., 65740, 20230927223000)
 (3634., 3637., 3630., 3632.,  1402., 64913, 20230927224500)
 (3632., 3636., 3631., 3635.,  1361., 63942, 20230927230000)
 (3634., 3643., 3634., 3639.,  3348., 61342, 20230928091500)
 (3638., 3640., 3635., 3636.,  2240., 60397, 20230928093000)
 (3636., 3636., 3630., 3632.,  1556., 59315, 20230928094500)
 (3632., 3635., 3631., 3632.,  1603., 58086, 20230928100000)
 (3632., 3633., 3625., 3627.,  2779., 56695, 20230928101500)
 (3626., 3629., 3621., 3624.,  3264., 54252, 20230928104500)
 (3624., 3625., 3610., 3612.,  3431., 51502, 20230928110000)
 (3612., 3616., 3606., 3608.,  2460., 49825, 20230928111500)
 (3606., 3615., 3606., 3614.,  2967., 47873, 20230928113000)
 (3615., 3624., 3612., 3624.,  3341., 45700, 20230928134500)
 (3622., 3624., 3615., 3620.,  3285., 43219, 20230928140000)
 (3621., 3625., 3618., 3624.,  5889., 39088, 20230928141500)
 (3624., 3627., 3622., 3624.,  2822., 36811, 20230928143000)
 (3624., 3631., 3620., 3625.,  2895., 34552, 20230928144500)
 (3624., 3629., 3615., 3615.,  2418., 32532, 20230928150000)]
2023-10-09 15:30:00  INFO  [(3612., 3616., 3606., 3608., 2460., 49825, 20230928111500)
 (3606., 3615., 3606., 3614., 2967., 47873, 20230928113000)
 (3615., 3624., 3612., 3624., 3341., 45700, 20230928134500)
 (3622., 3624., 3615., 3620., 3285., 43219, 20230928140000)
 (3621., 3625., 3618., 3624., 5889., 39088, 20230928141500)
 (3624., 3627., 3622., 3624., 2822., 36811, 20230928143000)
 (3624., 3631., 3620., 3625., 2895., 34552, 20230928144500)
 (3624., 3629., 3615., 3615., 2418., 32532, 20230928150000)
 (3600., 3625., 3571., 3585., 1950., 30972, 20231009091500)
 (3585., 3585., 3580., 3584., 1380., 29892, 20231009093000)
 (3581., 3585., 3566., 3571., 1440., 28752, 20231009094500)
 (3572., 3577., 3565., 3575., 1050., 27762, 20231009100000)
 (3575., 3578., 3573., 3573.,  150., 27612, 20231009101500)
 (3573., 3573., 3560., 3570.,  882., 26820, 20231009104500)
 (3573., 3575., 3572., 3575.,  450., 26370, 20231009110000)
 (3572., 3572., 3561., 3561.,  720., 25770, 20231009111500)
 (3560., 3560., 3560., 3560.,  150., 25620, 20231009113000)
 (3560., 3566., 3560., 3561.,  510., 25140, 20231009134500)
 (3561., 3564., 3560., 3564.,  420., 24750, 20231009140000)
 (3560., 3568., 3560., 3566.,  720., 24060, 20231009141500)
 (3566., 3569., 3565., 3565., 1560., 22650, 20231009143000)
 (3565., 3565., 3561., 3564.,  510., 22200, 20231009144500)
 (3562., 3571., 3562., 3569.,  360., 21900, 20231009150000)]
2023-10-10 15:30:00  INFO  [(3569., 3577., 3569., 3572.,  360., 21690, 20231009211500)
 (3573., 3580., 3572., 3578.,  480., 21270, 20231009213000)
 (3578., 3578., 3578., 3578.,    0., 21270, 20231009214500)
 (3578., 3578., 3574., 3574.,  120., 21150, 20231009220000)
 (3575., 3575., 3570., 3574.,  390., 20850, 20231009221500)
 (3572., 3577., 3572., 3575.,  300., 20610, 20231009223000)
 (3575., 3576., 3573., 3573.,  120., 20490, 20231009224500)
 (3573., 3581., 3570., 3576.,  450., 20280, 20231009230000)
 (3578., 3578., 3570., 3570.,  630., 19950, 20231010091500)
 (3570., 3574., 3569., 3569.,  690., 19440, 20231010093000)
 (3569., 3573., 3568., 3568.,  240., 19230, 20231010094500)
 (3568., 3570., 3561., 3563.,  900., 18510, 20231010100000)
 (3563., 3568., 3560., 3565.,  900., 17820, 20231010101500)
 (3560., 3562., 3554., 3555.,  630., 17250, 20231010104500)
 (3555., 3556., 3552., 3552.,  420., 16860, 20231010110000)
 (3552., 3557., 3551., 3557.,  420., 16470, 20231010111500)
 (3557., 3560., 3557., 3560.,  240., 16260, 20231010113000)
 (3552., 3560., 3550., 3559., 1170., 15390, 20231010134500)
 (3557., 3557., 3555., 3555.,  210., 15210, 20231010140000)
 (3555., 3556., 3555., 3555.,  210., 15000, 20231010141500)
 (3554., 3555., 3541., 3548.,  960., 14310, 20231010143000)
 (3548., 3555., 3548., 3555.,  150., 14190, 20231010144500)
 (3555., 3555., 3542., 3550.,  240., 14010, 20231010150000)]
2023-10-11 15:30:00  INFO  [(3550., 3573., 3550., 3561., 1350., 13110, 20231010211500)
 (3561., 3568., 3561., 3565.,  330., 12990, 20231010213000)
 (3565., 3568., 3565., 3565.,  210., 12810, 20231010214500)
 (3565., 3565., 3565., 3565.,    0., 12810, 20231010220000)
 (3565., 3565., 3565., 3565.,   60., 12750, 20231010221500)
 (3565., 3565., 3564., 3564.,   90., 12660, 20231010223000)
 (3564., 3564., 3564., 3564.,   30., 12630, 20231010224500)
 (3566., 3568., 3562., 3562.,  300., 12360, 20231010230000)
 (3562., 3562., 3555., 3560.,  480., 12030, 20231011091500)
 (3560., 3561., 3555., 3555.,  180., 11850, 20231011093000)
 (3555., 3557., 3555., 3557.,  150., 11700, 20231011094500)
 (3557., 3559., 3553., 3557.,  300., 11400, 20231011100000)
 (3557., 3557., 3555., 3555.,  150., 11250, 20231011101500)
 (3558., 3558., 3553., 3557.,  270., 11010, 20231011104500)
 (3557., 3558., 3553., 3558.,  120., 10950, 20231011110000)
 (3558., 3558., 3543., 3545.,  540., 10440, 20231011111500)
 (3545., 3550., 3545., 3548.,  210., 10260, 20231011113000)
 (3548., 3549., 3538., 3538.,  630.,  9720, 20231011134500)
 (3540., 3543., 3538., 3540.,  690.,  9090, 20231011140000)
 (3535., 3535., 3515., 3528., 1350.,  8340, 20231011141500)
 (3528., 3530., 3522., 3522.,  780.,  7620, 20231011143000)
 (3517., 3517., 3498., 3498.,  780.,  7170, 20231011144500)
 (3500., 3523., 3500., 3522.,  900.,  6750, 20231011150000)]
2023-10-12 15:30:00  INFO  [(3522., 3530., 3520., 3530., 120., 6660, 20231011211500)
 (3530., 3530., 3528., 3528.,  30., 6630, 20231011213000)
 (3528., 3528., 3528., 3528.,   0., 6630, 20231011214500)
 (3528., 3528., 3526., 3526.,  30., 6630, 20231011220000)
 (3526., 3526., 3525., 3525.,  60., 6570, 20231011221500)
 (3525., 3525., 3525., 3525.,   0., 6570, 20231011223000)
 (3525., 3525., 3522., 3523.,  90., 6570, 20231011224500)
 (3523., 3527., 3523., 3525., 120., 6570, 20231011230000)
 (3525., 3525., 3525., 3525.,   0., 6570, 20231012091500)
 (3525., 3525., 3520., 3520.,  30., 6540, 20231012093000)
 (3520., 3520., 3513., 3513., 390., 6150, 20231012094500)
 (3513., 3518., 3513., 3518.,  30., 6120, 20231012100000)
 (3520., 3520., 3518., 3518., 150., 6030, 20231012101500)
 (3518., 3518., 3501., 3501., 120., 5910, 20231012104500)
 (3501., 3508., 3501., 3508., 120., 5820, 20231012110000)
 (3508., 3508., 3508., 3508.,   0., 5820, 20231012111500)
 (3508., 3524., 3508., 3524.,  60., 5790, 20231012113000)
 (3524., 3524., 3502., 3502.,  30., 5760, 20231012134500)
 (3502., 3502., 3500., 3500.,  60., 5700, 20231012140000)
 (3500., 3502., 3500., 3502.,  60., 5670, 20231012141500)
 (3496., 3496., 3483., 3492., 300., 5550, 20231012143000)
 (3492., 3506., 3482., 3506., 240., 5490, 20231012144500)
 (3506., 3506., 3505., 3505.,  90., 5490, 20231012150000)]
2023-10-13 15:30:00  INFO  [(3505., 3505., 3505., 3505.,   0., 5490, 20231012211500)
 (3505., 3520., 3505., 3520.,  60., 5520, 20231012213000)
 (3520., 3520., 3520., 3520.,   0., 5520, 20231012214500)
 (3520., 3520., 3520., 3520.,   0., 5520, 20231012220000)
 (3520., 3520., 3520., 3520.,  30., 5490, 20231012221500)
 (3520., 3520., 3520., 3520.,   0., 5490, 20231012223000)
 (3520., 3520., 3520., 3520.,   0., 5490, 20231012224500)
 (3520., 3520., 3500., 3500., 150., 5400, 20231012230000)
 (3500., 3500., 3490., 3490., 180., 5250, 20231013091500)
 (3490., 3500., 3490., 3500.,  90., 5250, 20231013093000)
 (3500., 3500., 3493., 3500., 480., 5220, 20231013094500)
 (3500., 3503., 3500., 3503.,  60., 5220, 20231013100000)
 (3503., 3505., 3492., 3505., 360., 5190, 20231013101500)
 (3505., 3505., 3505., 3505.,   0., 5190, 20231013104500)
 (3505., 3505., 3505., 3505.,   0., 5190, 20231013110000)
 (3505., 3505., 3505., 3505.,   0., 5190, 20231013111500)
 (3505., 3505., 3505., 3505.,   0., 5190, 20231013113000)
 (3505., 3507., 3505., 3507.,  30., 5190, 20231013134500)
 (3507., 3514., 3507., 3507., 270., 5070, 20231013140000)
 (3507., 3507., 3507., 3507.,   0., 5070, 20231013141500)
 (3507., 3520., 3507., 3520., 150., 4950, 20231013143000)
 (3520., 3520., 3520., 3520.,   0., 4950, 20231013144500)
 (3520., 3520., 3520., 3520.,   0., 4950, 20231013150000)]
2023-10-16 15:30:00  INFO  [(3520., 3520., 3500., 3500.,  90., 4860, 20231013211500)
 (3500., 3500., 3500., 3500., 210., 4860, 20231013213000)
 (3500., 3500., 3500., 3500., 150., 4710, 20231013214500)
 (3500., 3500., 3490., 3490.,  60., 4710, 20231013220000)
 (3490., 3490., 3490., 3490.,   0., 4710, 20231013221500)
 (3490., 3490., 3490., 3490.,   0., 4710, 20231013223000)
 (3490., 3490., 3490., 3490.,   0., 4710, 20231013224500)
 (3490., 3490., 3490., 3490.,   0., 4710, 20231013230000)
 (3492., 3502., 3491., 3502.,  90., 4680, 20231016091500)
 (3502., 3504., 3502., 3504.,  30., 4710, 20231016093000)
 (3504., 3504., 3504., 3504.,   0., 4710, 20231016094500)
 (3504., 3504., 3504., 3504.,   0., 4710, 20231016100000)
 (3504., 3510., 3504., 3510.,  30., 4710, 20231016101500)
 (3515., 3515., 3506., 3506., 210., 4710, 20231016104500)
 (3519., 3519., 3519., 3519.,  60., 4710, 20231016110000)
 (3520., 3520., 3520., 3520.,  60., 4710, 20231016111500)
 (3520., 3530., 3520., 3530., 210., 4620, 20231016113000)
 (3530., 3530., 3530., 3530.,   0., 4620, 20231016134500)
 (3530., 3530., 3516., 3516.,  30., 4620, 20231016140000)
 (3516., 3516., 3516., 3516.,   0., 4620, 20231016141500)
 (3516., 3530., 3516., 3530., 120., 4620, 20231016143000)
 (3530., 3530., 3530., 3530.,   0., 4620, 20231016144500)
 (3530., 3530., 3530., 3530.,   0., 4620, 20231016150000)]
