2023-10-17 15:30:00  INFO  [(3600., 3650., 3600., 3636., 200., 176, 20231016211500)
 (3636., 3639., 3630., 3630.,  54., 216, 20231016213000)
 (3632., 3633., 3627., 3633.,  45., 258, 20231016214500)
 (3633., 3633., 3629., 3629.,  18., 276, 20231016220000)
 (3629., 3632., 3627., 3629.,  34., 302, 20231016221500)
 (3629., 3631., 3628., 3630.,  16., 317, 20231016223000)
 (3630., 3630., 3626., 3629.,  45., 360, 20231016224500)
 (3630., 3632., 3618., 3618.,  34., 385, 20231016230000)
 (3618., 3630., 3618., 3622.,  52., 430, 20231017091500)
 (3628., 3631., 3625., 3631.,  39., 467, 20231017093000)
 (3631., 3632., 3625., 3625.,  17., 483, 20231017094500)
 (3625., 3626., 3621., 3624., 126., 606, 20231017100000)
 (3624., 3635., 3619., 3632.,  85., 659, 20231017101500)
 (3632., 3635., 3624., 3630.,  31., 682, 20231017104500)
 (3630., 3636., 3625., 3636.,  11., 688, 20231017110000)
 (3636., 3648., 3631., 3640.,  41., 699, 20231017111500)
 (3640., 3650., 3635., 3650.,  83., 753, 20231017113000)
 (3642., 3642., 3628., 3628.,  37., 783, 20231017134500)
 (3637., 3637., 3628., 3630.,  24., 786, 20231017140000)
 (3630., 3630., 3630., 3630.,   2., 788, 20231017141500)
 (3638., 3638., 3629., 3629.,  43., 830, 20231017143000)
 (3629., 3637., 3629., 3630.,  28., 852, 20231017144500)
 (3631., 3635., 3620., 3631.,  75., 893, 20231017150000)]
2023-10-18 15:30:00  INFO  [(3636., 3636., 3620., 3624.,  75.,  948, 20231017211500)
 (3624., 3630., 3621., 3623.,  29.,  969, 20231017213000)
 (3623., 3623., 3621., 3622.,  15.,  984, 20231017214500)
 (3622., 3626., 3621., 3625.,  23.,  993, 20231017220000)
 (3620., 3626., 3620., 3626.,   3.,  996, 20231017221500)
 (3626., 3629., 3625., 3627.,  10., 1000, 20231017223000)
 (3627., 3632., 3625., 3625.,   7.,  999, 20231017224500)
 (3625., 3626., 3625., 3626.,   5., 1003, 20231017230000)
 (3631., 3634., 3630., 3633.,  71., 1036, 20231018091500)
 (3633., 3636., 3631., 3632.,  31., 1049, 20231018093000)
 (3631., 3632., 3625., 3628.,  11., 1058, 20231018094500)
 (3628., 3628., 3624., 3625.,  30., 1085, 20231018100000)
 (3625., 3628., 3624., 3624.,  13., 1096, 20231018101500)
 (3624., 3624., 3618., 3622.,  76., 1138, 20231018104500)
 (3622., 3623., 3620., 3621.,  11., 1136, 20231018110000)
 (3621., 3626., 3620., 3620.,   5., 1137, 20231018111500)
 (3620., 3620., 3611., 3613., 210., 1302, 20231018113000)
 (3612., 3620., 3608., 3608.,  79., 1374, 20231018134500)
 (3608., 3612., 3607., 3612.,  55., 1424, 20231018140000)
 (3610., 3610., 3605., 3605.,  40., 1455, 20231018141500)
 (3605., 3610., 3604., 3609.,  41., 1484, 20231018143000)
 (3608., 3608., 3593., 3600., 148., 1610, 20231018144500)
 (3600., 3603., 3595., 3602.,  62., 1642, 20231018150000)]
2023-10-19 15:30:00  INFO  [(3612., 3612., 3591., 3598., 102., 1681, 20231018211500)
 (3598., 3603., 3596., 3603.,  37., 1711, 20231018213000)
 (3603., 3605., 3600., 3604.,  63., 1758, 20231018214500)
 (3603., 3605., 3601., 3605.,  24., 1778, 20231018220000)
 (3605., 3606., 3600., 3603.,  38., 1801, 20231018221500)
 (3603., 3603., 3600., 3600.,  30., 1831, 20231018223000)
 (3602., 3608., 3598., 3598.,  17., 1843, 20231018224500)
 (3598., 3600., 3596., 3596.,   5., 1846, 20231018230000)
 (3595., 3601., 3590., 3601.,  69., 1880, 20231019091500)
 (3601., 3604., 3600., 3601.,  15., 1889, 20231019093000)
 (3604., 3605., 3601., 3601.,  13., 1900, 20231019094500)
 (3602., 3602., 3600., 3600.,  22., 1914, 20231019100000)
 (3600., 3610., 3600., 3607.,  34., 1926, 20231019101500)
 (3607., 3611., 3605., 3605.,   7., 1926, 20231019104500)
 (3611., 3615., 3611., 3614.,  33., 1951, 20231019110000)
 (3610., 3614., 3610., 3610.,  31., 1977, 20231019111500)
 (3610., 3612., 3606., 3608.,  15., 1976, 20231019113000)
 (3615., 3633., 3615., 3625.,  93., 1984, 20231019134500)
 (3626., 3626., 3615., 3615.,  12., 1988, 20231019140000)
 (3619., 3626., 3617., 3622.,  42., 1987, 20231019141500)
 (3622., 3626., 3622., 3626.,   7., 1991, 20231019143000)
 (3629., 3629., 3624., 3624.,  40., 2012, 20231019144500)
 (3623., 3626., 3623., 3623.,  69., 2070, 20231019150000)]
2023-10-20 15:30:00  INFO  [(3630., 3638., 3626., 3633.,  52., 2057, 20231019211500)
 (3634., 3637., 3633., 3636., 142., 2133, 20231019213000)
 (3636., 3636., 3632., 3632.,  62., 2165, 20231019214500)
 (3632., 3632., 3628., 3628.,  11., 2172, 20231019220000)
 (3628., 3632., 3620., 3622.,  31., 2186, 20231019221500)
 (3622., 3627., 3622., 3627.,   9., 2190, 20231019223000)
 (3623., 3628., 3620., 3628.,  14., 2201, 20231019224500)
 (3621., 3626., 3619., 3620.,  31., 2226, 20231019230000)
 (3620., 3628., 3618., 3628.,  31., 2241, 20231020091500)
 (3629., 3629., 3620., 3620.,   7., 2246, 20231020093000)
 (3620., 3625., 3619., 3625.,  53., 2233, 20231020094500)
 (3625., 3625., 3616., 3616.,  44., 2254, 20231020100000)
 (3616., 3616., 3606., 3611., 117., 2334, 20231020101500)
 (3612., 3613., 3606., 3611.,  19., 2346, 20231020104500)
 (3611., 3611., 3602., 3602.,  37., 2373, 20231020110000)
 (3603., 3609., 3600., 3607.,  98., 2458, 20231020111500)
 (3607., 3607., 3600., 3600.,  72., 2524, 20231020113000)
 (3601., 3604., 3592., 3601., 193., 2682, 20231020134500)
 (3604., 3605., 3598., 3604.,  26., 2696, 20231020140000)
 (3607., 3609., 3598., 3598.,   9., 2700, 20231020141500)
 (3598., 3601., 3590., 3593., 148., 2798, 20231020143000)
 (3592., 3596., 3590., 3594.,  57., 2851, 20231020144500)
 (3594., 3594., 3580., 3588., 291., 3088, 20231020150000)]
2023-10-23 15:30:00  INFO  [(3580., 3594., 3575., 3589.,  72., 3117, 20231020211500)
 (3583., 3590., 3583., 3583.,  29., 3105, 20231020213000)
 (3583., 3590., 3583., 3585.,  17., 3117, 20231020214500)
 (3586., 3590., 3586., 3590.,  22., 3127, 20231020220000)
 (3590., 3592., 3587., 3588.,  60., 3175, 20231020221500)
 (3588., 3593., 3585., 3590.,  17., 3180, 20231020223000)
 (3590., 3594., 3590., 3590.,  20., 3185, 20231020224500)
 (3590., 3595., 3590., 3595.,  20., 3188, 20231020230000)
 (3593., 3593., 3570., 3570., 628., 3569, 20231023091500)
 (3573., 3573., 3561., 3564., 221., 3744, 20231023093000)
 (3564., 3567., 3562., 3564.,  90., 3814, 20231023094500)
 (3566., 3566., 3561., 3562.,  76., 3858, 20231023100000)
 (3562., 3572., 3562., 3568.,  97., 3940, 20231023101500)
 (3568., 3570., 3562., 3562.,  92., 3961, 20231023104500)
 (3565., 3565., 3555., 3557., 159., 3964, 20231023110000)
 (3560., 3562., 3556., 3562.,  38., 3980, 20231023111500)
 (3562., 3563., 3559., 3563.,   9., 3984, 20231023113000)
 (3563., 3568., 3563., 3564.,  47., 4004, 20231023134500)
 (3564., 3566., 3562., 3563.,  26., 4019, 20231023140000)
 (3562., 3568., 3562., 3568.,  20., 4022, 20231023141500)
 (3563., 3573., 3563., 3568., 125., 4102, 20231023143000)
 (3570., 3570., 3566., 3566.,  17., 4117, 20231023144500)
 (3566., 3570., 3560., 3568., 156., 4175, 20231023150000)]
2023-10-24 15:30:00  INFO  [(3556., 3574., 3556., 3572.,  64., 4168, 20231023211500)
 (3573., 3575., 3572., 3572.,  16., 4167, 20231023213000)
 (3575., 3578., 3575., 3576.,  52., 4176, 20231023214500)
 (3575., 3576., 3575., 3576.,  13., 4176, 20231023220000)
 (3576., 3577., 3575., 3575.,   7., 4181, 20231023221500)
 (3575., 3577., 3575., 3577.,  12., 4191, 20231023223000)
 (3577., 3580., 3575., 3577.,  65., 4180, 20231023224500)
 (3577., 3579., 3575., 3576.,  38., 4200, 20231023230000)
 (3575., 3578., 3572., 3572., 127., 4222, 20231024091500)
 (3572., 3580., 3572., 3577.,  18., 4219, 20231024093000)
 (3577., 3583., 3574., 3576.,  29., 4216, 20231024094500)
 (3575., 3577., 3572., 3573.,  26., 4219, 20231024100000)
 (3572., 3582., 3572., 3577.,  41., 4240, 20231024101500)
 (3576., 3584., 3576., 3584.,  21., 4229, 20231024104500)
 (3584., 3584., 3580., 3581.,  18., 4224, 20231024110000)
 (3581., 3582., 3580., 3580.,  24., 4246, 20231024111500)
 (3580., 3583., 3580., 3583.,   3., 4247, 20231024113000)
 (3579., 3581., 3577., 3577., 134., 4311, 20231024134500)
 (3575., 3578., 3574., 3574.,  21., 4319, 20231024140000)
 (3576., 3579., 3576., 3579.,   5., 4320, 20231024141500)
 (3579., 3579., 3577., 3578.,   9., 4312, 20231024143000)
 (3580., 3607., 3579., 3606., 452., 4529, 20231024144500)
 (3606., 3612., 3606., 3611., 364., 4427, 20231024150000)]
2023-10-25 15:30:00  INFO  [(3625., 3630., 3609., 3619., 172., 4445, 20231024211500)
 (3620., 3620., 3613., 3620., 209., 4453, 20231024213000)
 (3620., 3620., 3615., 3618.,  56., 4435, 20231024214500)
 (3618., 3629., 3615., 3629., 222., 4494, 20231024220000)
 (3630., 3634., 3626., 3633.,  93., 4494, 20231024221500)
 (3633., 3636., 3631., 3635.,  90., 4519, 20231024223000)
 (3635., 3637., 3633., 3637., 118., 4505, 20231024224500)
 (3637., 3649., 3636., 3639., 199., 4466, 20231024230000)
 (3647., 3652., 3639., 3650., 338., 4459, 20231025091500)
 (3651., 3652., 3645., 3652.,  57., 4477, 20231025093000)
 (3648., 3655., 3648., 3651.,  81., 4453, 20231025094500)
 (3655., 3658., 3651., 3656., 187., 4476, 20231025100000)
 (3656., 3660., 3645., 3650., 133., 4487, 20231025101500)
 (3649., 3649., 3645., 3648.,  26., 4489, 20231025104500)
 (3648., 3652., 3647., 3650.,  31., 4501, 20231025110000)
 (3650., 3655., 3648., 3652.,  95., 4484, 20231025111500)
 (3654., 3655., 3650., 3650.,  63., 4464, 20231025113000)
 (3649., 3651., 3642., 3645.,  57., 4470, 20231025134500)
 (3645., 3647., 3640., 3641.,  31., 4471, 20231025140000)
 (3640., 3647., 3640., 3645.,  24., 4475, 20231025141500)
 (3645., 3649., 3640., 3640.,  39., 4472, 20231025143000)
 (3640., 3641., 3628., 3638., 197., 4409, 20231025144500)
 (3639., 3645., 3636., 3638., 105., 4425, 20231025150000)]
2023-10-26 15:30:00  INFO  [(3649., 3649., 3635., 3640., 112., 4475, 20231025211500)
 (3640., 3645., 3636., 3643.,  37., 4475, 20231025213000)
 (3643., 3646., 3643., 3644.,   4., 4478, 20231025214500)
 (3644., 3646., 3641., 3641.,  28., 4477, 20231025220000)
 (3641., 3641., 3635., 3635.,  24., 4489, 20231025221500)
 (3635., 3638., 3635., 3638.,   2., 4488, 20231025223000)
 (3636., 3641., 3636., 3637.,  11., 4487, 20231025224500)
 (3637., 3646., 3633., 3646.,  27., 4483, 20231025230000)
 (3634., 3641., 3634., 3640., 157., 4612, 20231026091500)
 (3640., 3643., 3639., 3641., 131., 4682, 20231026093000)
 (3642., 3643., 3638., 3641.,  21., 4691, 20231026094500)
 (3641., 3645., 3637., 3640.,  86., 4714, 20231026100000)
 (3641., 3643., 3634., 3635., 112., 4736, 20231026101500)
 (3635., 3639., 3634., 3637.,  30., 4751, 20231026104500)
 (3637., 3641., 3637., 3637.,  21., 4755, 20231026110000)
 (3638., 3638., 3633., 3634.,  11., 4763, 20231026111500)
 (3634., 3638., 3633., 3638.,  72., 4811, 20231026113000)
 (3638., 3644., 3633., 3642.,  43., 4811, 20231026134500)
 (3642., 3645., 3637., 3644., 145., 4785, 20231026140000)
 (3644., 3644., 3634., 3634.,  89., 4822, 20231026141500)
 (3637., 3640., 3630., 3639., 393., 5037, 20231026143000)
 (3639., 3643., 3633., 3636., 387., 5280, 20231026144500)
 (3637., 3642., 3634., 3636., 376., 5361, 20231026150000)]
2023-10-27 15:30:00  INFO  [(3633., 3642., 3633., 3642., 220., 5425, 20231026211500)
 (3642., 3646., 3641., 3644., 210., 5452, 20231026213000)
 (3644., 3645., 3639., 3641., 256., 5583, 20231026214500)
 (3640., 3641., 3637., 3639.,  69., 5609, 20231026220000)
 (3639., 3639., 3634., 3637.,  77., 5650, 20231026221500)
 (3637., 3638., 3636., 3638.,  56., 5648, 20231026223000)
 (3638., 3640., 3638., 3639.,  90., 5702, 20231026224500)
 (3639., 3643., 3639., 3643., 239., 5822, 20231026230000)
 (3642., 3642., 3640., 3640.,  59., 5834, 20231027091500)
 (3640., 3644., 3640., 3644.,  42., 5848, 20231027093000)
 (3643., 3644., 3640., 3642.,  34., 5857, 20231027094500)
 (3642., 3644., 3642., 3644.,  28., 5846, 20231027100000)
 (3644., 3644., 3640., 3640.,  17., 5855, 20231027101500)
 (3640., 3659., 3640., 3657., 137., 5846, 20231027104500)
 (3656., 3656., 3649., 3652.,  51., 5843, 20231027110000)
 (3652., 3656., 3650., 3655.,  30., 5847, 20231027111500)
 (3656., 3659., 3651., 3656.,  69., 5875, 20231027113000)
 (3660., 3669., 3655., 3667., 139., 5914, 20231027134500)
 (3669., 3677., 3667., 3677., 200., 5919, 20231027140000)
 (3678., 3681., 3674., 3681., 136., 5932, 20231027141500)
 (3681., 3685., 3677., 3685.,  76., 5941, 20231027143000)
 (3685., 3685., 3682., 3683.,  96., 5949, 20231027144500)
 (3684., 3691., 3682., 3688., 150., 6033, 20231027150000)]
2023-10-30 15:30:00  INFO  [(3694., 3698., 3686., 3697., 205., 6137, 20231027211500)
 (3698., 3698., 3693., 3694.,  90., 6184, 20231027213000)
 (3694., 3699., 3694., 3695.,  66., 6220, 20231027214500)
 (3694., 3698., 3692., 3698., 101., 6238, 20231027220000)
 (3698., 3698., 3691., 3696.,  31., 6250, 20231027221500)
 (3696., 3696., 3691., 3691.,   5., 6251, 20231027223000)
 (3691., 3693., 3690., 3691.,  53., 6253, 20231027224500)
 (3691., 3695., 3691., 3691.,  75., 6268, 20231027230000)
 (3692., 3695., 3689., 3692., 227., 6374, 20231030091500)
 (3689., 3692., 3687., 3689.,  54., 6391, 20231030093000)
 (3691., 3695., 3691., 3695.,  58., 6403, 20231030094500)
 (3696., 3699., 3691., 3698.,  57., 6420, 20231030100000)
 (3698., 3698., 3695., 3695.,  25., 6421, 20231030101500)
 (3695., 3700., 3695., 3699.,  83., 6443, 20231030104500)
 (3699., 3700., 3695., 3696.,  74., 6486, 20231030110000)
 (3696., 3700., 3692., 3695., 191., 6499, 20231030111500)
 (3695., 3703., 3695., 3696.,  31., 6491, 20231030113000)
 (3702., 3706., 3698., 3706., 103., 6496, 20231030134500)
 (3706., 3710., 3706., 3709.,  90., 6473, 20231030140000)
 (3709., 3711., 3704., 3710.,  72., 6489, 20231030141500)
 (3710., 3715., 3708., 3712., 138., 6458, 20231030143000)
 (3713., 3717., 3713., 3714.,  78., 6463, 20231030144500)
 (3712., 3714., 3711., 3712.,  52., 6491, 20231030150000)]
2023-10-31 15:30:00  INFO  [(3718., 3724., 3712., 3713., 208., 6639, 20231030211500)
 (3712., 3718., 3708., 3710., 138., 6715, 20231030213000)
 (3710., 3715., 3709., 3710.,  36., 6726, 20231030214500)
 (3710., 3710., 3709., 3709.,  90., 6799, 20231030220000)
 (3710., 3710., 3709., 3709.,  15., 6811, 20231030221500)
 (3709., 3710., 3708., 3710.,  21., 6812, 20231030223000)
 (3710., 3710., 3704., 3704.,  28., 6821, 20231030224500)
 (3704., 3707., 3698., 3700., 164., 6876, 20231030230000)
 (3700., 3707., 3699., 3705., 169., 6883, 20231031091500)
 (3705., 3708., 3701., 3703.,  94., 6906, 20231031093000)
 (3703., 3705., 3701., 3702., 176., 6837, 20231031094500)
 (3703., 3704., 3699., 3702., 189., 6744, 20231031100000)
 (3702., 3707., 3702., 3707.,  31., 6761, 20231031101500)
 (3707., 3711., 3705., 3705.,  40., 6769, 20231031104500)
 (3705., 3707., 3699., 3699.,  25., 6778, 20231031110000)
 (3699., 3708., 3699., 3703.,  36., 6773, 20231031111500)
 (3702., 3706., 3698., 3706.,  45., 6755, 20231031113000)
 (3702., 3709., 3702., 3709.,  31., 6753, 20231031134500)
 (3709., 3711., 3705., 3707., 168., 6700, 20231031140000)
 (3707., 3709., 3707., 3707.,   9., 6692, 20231031141500)
 (3707., 3710., 3707., 3707.,  13., 6689, 20231031143000)
 (3707., 3710., 3706., 3710.,  11., 6693, 20231031144500)
 (3710., 3714., 3710., 3710., 149., 6699, 20231031150000)]
2023-11-01 15:30:00  INFO  [(3717., 3719., 3700., 3702., 129., 6680, 20231031211500)
 (3702., 3705., 3701., 3705.,  14., 6683, 20231031213000)
 (3705., 3712., 3705., 3712.,  33., 6678, 20231031214500)
 (3710., 3719., 3710., 3716., 133., 6697, 20231031220000)
 (3716., 3721., 3716., 3717., 102., 6680, 20231031221500)
 (3716., 3718., 3715., 3716.,  32., 6697, 20231031223000)
 (3716., 3720., 3714., 3719.,  71., 6684, 20231031224500)
 (3719., 3721., 3716., 3716.,  53., 6688, 20231031230000)
 (3719., 3722., 3719., 3720., 274., 6611, 20231101091500)
 (3720., 3729., 3720., 3728.,  84., 6628, 20231101093000)
 (3726., 3731., 3725., 3729., 149., 6681, 20231101094500)
 (3727., 3728., 3722., 3725.,  31., 6692, 20231101100000)
 (3725., 3725., 3712., 3714., 152., 6774, 20231101101500)
 (3714., 3720., 3712., 3716.,  81., 6800, 20231101104500)
 (3716., 3722., 3716., 3716.,  47., 6813, 20231101110000)
 (3717., 3722., 3717., 3717.,  26., 6796, 20231101111500)
 (3718., 3718., 3714., 3714.,  33., 6824, 20231101113000)
 (3713., 3719., 3712., 3712.,  68., 6862, 20231101134500)
 (3712., 3716., 3712., 3716.,  16., 6871, 20231101140000)
 (3716., 3721., 3716., 3720.,  43., 6869, 20231101141500)
 (3720., 3720., 3715., 3719., 144., 6898, 20231101143000)
 (3721., 3721., 3717., 3718.,  72., 6877, 20231101144500)
 (3718., 3719., 3713., 3713., 154., 6912, 20231101150000)]
2023-11-02 15:30:00  INFO  [(3734., 3734., 3718., 3719., 152., 6925, 20231101211500)
 (3718., 3718., 3712., 3717.,  49., 6938, 20231101213000)
 (3717., 3719., 3712., 3719.,  31., 6953, 20231101214500)
 (3719., 3720., 3714., 3716.,  32., 6972, 20231101220000)
 (3719., 3719., 3711., 3713.,  56., 7002, 20231101221500)
 (3713., 3718., 3713., 3716.,  12., 7001, 20231101223000)
 (3715., 3717., 3713., 3713.,  13., 7004, 20231101224500)
 (3713., 3715., 3709., 3715., 165., 6976, 20231101230000)
 (3710., 3717., 3707., 3715., 352., 7001, 20231102091500)
 (3715., 3718., 3713., 3714.,  62., 6984, 20231102093000)
 (3714., 3720., 3714., 3715., 138., 6942, 20231102094500)
 (3715., 3716., 3710., 3713.,  47., 6972, 20231102100000)
 (3713., 3714., 3709., 3712.,  48., 7005, 20231102101500)
 (3710., 3715., 3710., 3715., 105., 7092, 20231102104500)
 (3715., 3717., 3715., 3717.,  58., 7065, 20231102110000)
 (3717., 3722., 3717., 3722., 194., 7007, 20231102111500)
 (3722., 3725., 3720., 3722.,  83., 7001, 20231102113000)
 (3722., 3722., 3716., 3720., 265., 7170, 20231102134500)
 (3720., 3725., 3720., 3723.,  40., 7181, 20231102140000)
 (3720., 3722., 3718., 3718.,  81., 7212, 20231102141500)
 (3717., 3718., 3717., 3718.,  10., 7210, 20231102143000)
 (3718., 3719., 3718., 3718.,   7., 7212, 20231102144500)
 (3718., 3722., 3715., 3717.,  64., 7210, 20231102150000)]
2023-11-03 15:30:00  INFO  [(3716., 3725., 3709., 3722.,  45., 7217, 20231102211500)
 (3728., 3734., 3726., 3733., 107., 7194, 20231102213000)
 (3733., 3746., 3733., 3741., 155., 7178, 20231102214500)
 (3741., 3746., 3737., 3746.,  70., 7165, 20231102220000)
 (3746., 3756., 3743., 3756., 160., 7149, 20231102221500)
 (3756., 3762., 3755., 3758., 252., 7214, 20231102223000)
 (3758., 3761., 3758., 3759., 180., 7197, 20231102224500)
 (3759., 3759., 3746., 3748., 188., 7221, 20231102230000)
 (3750., 3761., 3750., 3759., 139., 7268, 20231103091500)
 (3759., 3763., 3759., 3762.,  78., 7303, 20231103093000)
 (3760., 3762., 3757., 3761.,  46., 7283, 20231103094500)
 (3761., 3762., 3760., 3760.,  16., 7286, 20231103100000)
 (3760., 3762., 3759., 3762.,  72., 7320, 20231103101500)
 (3760., 3765., 3760., 3765., 147., 7274, 20231103104500)
 (3765., 3768., 3763., 3767.,  68., 7284, 20231103110000)
 (3767., 3768., 3756., 3757., 199., 7311, 20231103111500)
 (3758., 3758., 3753., 3756., 130., 7348, 20231103113000)
 (3752., 3757., 3751., 3756.,  97., 7386, 20231103134500)
 (3758., 3762., 3756., 3762.,  46., 7411, 20231103140000)
 (3762., 3762., 3755., 3755.,  91., 7452, 20231103141500)
 (3757., 3758., 3752., 3752.,  71., 7483, 20231103143000)
 (3753., 3760., 3753., 3759.,  99., 7518, 20231103144500)
 (3759., 3764., 3756., 3758., 305., 7678, 20231103150000)]
2023-11-06 15:30:00  INFO  [(3780., 3780., 3757., 3765., 286., 7690, 20231103211500)
 (3766., 3782., 3766., 3776., 332., 7635, 20231103213000)
 (3775., 3781., 3775., 3780., 250., 7565, 20231103214500)
 (3780., 3793., 3780., 3790., 215., 7535, 20231103220000)
 (3792., 3800., 3790., 3796., 294., 7652, 20231103221500)
 (3796., 3800., 3795., 3800., 135., 7708, 20231103223000)
 (3799., 3799., 3795., 3798.,  80., 7732, 20231103224500)
 (3797., 3800., 3796., 3800.,  30., 7732, 20231103230000)
 (3801., 3801., 3787., 3791., 440., 7870, 20231106091500)
 (3788., 3790., 3780., 3784., 317., 7917, 20231106093000)
 (3788., 3794., 3782., 3792., 183., 7997, 20231106094500)
 (3792., 3800., 3790., 3800., 131., 8001, 20231106100000)
 (3800., 3803., 3795., 3799., 220., 8004, 20231106101500)
 (3799., 3800., 3795., 3799.,  56., 8036, 20231106104500)
 (3797., 3797., 3791., 3797.,  31., 8053, 20231106110000)
 (3798., 3805., 3797., 3799., 264., 8182, 20231106111500)
 (3799., 3802., 3796., 3801.,  37., 8179, 20231106113000)
 (3798., 3804., 3798., 3802., 109., 8206, 20231106134500)
 (3802., 3804., 3799., 3801.,  71., 8214, 20231106140000)
 (3803., 3804., 3802., 3802.,  13., 8220, 20231106141500)
 (3803., 3804., 3796., 3804., 107., 8296, 20231106143000)
 (3804., 3805., 3800., 3800.,  47., 8302, 20231106144500)
 (3800., 3800., 3790., 3792., 247., 8436, 20231106150000)]
2023-11-07 15:30:00  INFO  [(3792., 3797., 3786., 3795., 115., 8464, 20231106211500)
 (3795., 3801., 3793., 3798.,  55., 8496, 20231106213000)
 (3798., 3801., 3798., 3799.,  62., 8509, 20231106214500)
 (3799., 3800., 3795., 3795.,  19., 8510, 20231106220000)
 (3795., 3798., 3791., 3793.,  30., 8516, 20231106221500)
 (3793., 3796., 3793., 3793.,   8., 8514, 20231106223000)
 (3793., 3798., 3793., 3798.,  14., 8520, 20231106224500)
 (3798., 3798., 3793., 3797.,  34., 8531, 20231106230000)
 (3793., 3797., 3790., 3795.,  45., 8531, 20231107091500)
 (3794., 3794., 3777., 3790., 338., 8685, 20231107093000)
 (3790., 3792., 3787., 3788.,  82., 8697, 20231107094500)
 (3787., 3789., 3783., 3789.,  32., 8706, 20231107100000)
 (3790., 3790., 3782., 3785.,  55., 8692, 20231107101500)
 (3783., 3784., 3780., 3780., 200., 8760, 20231107104500)
 (3781., 3785., 3778., 3784., 114., 8786, 20231107110000)
 (3785., 3791., 3783., 3787., 107., 8728, 20231107111500)
 (3787., 3787., 3778., 3780., 108., 8787, 20231107113000)
 (3780., 3795., 3780., 3793., 189., 8668, 20231107134500)
 (3790., 3794., 3790., 3792.,  24., 8665, 20231107140000)
 (3792., 3798., 3792., 3796., 116., 8615, 20231107141500)
 (3796., 3796., 3792., 3793.,  19., 8610, 20231107143000)
 (3792., 3792., 3774., 3785., 366., 8804, 20231107144500)
 (3785., 3787., 3777., 3783., 328., 8854, 20231107150000)]
2023-11-08 15:30:00  INFO  [(3783., 3783., 3765., 3773., 268., 8968, 20231107211500)
 (3773., 3773., 3757., 3765., 230., 9029, 20231107213000)
 (3765., 3774., 3763., 3772., 145., 9052, 20231107214500)
 (3773., 3773., 3766., 3768., 136., 9089, 20231107220000)
 (3767., 3774., 3764., 3774., 114., 9135, 20231107221500)
 (3774., 3782., 3773., 3782., 192., 9139, 20231107223000)
 (3782., 3782., 3775., 3775., 132., 9191, 20231107224500)
 (3776., 3781., 3772., 3776.,  86., 9233, 20231107230000)
 (3772., 3777., 3766., 3774.,  95., 9246, 20231108091500)
 (3774., 3779., 3773., 3773.,  31., 9243, 20231108093000)
 (3772., 3774., 3768., 3771., 122., 9273, 20231108094500)
 (3770., 3771., 3761., 3767., 230., 9219, 20231108100000)
 (3767., 3770., 3766., 3770.,  10., 9217, 20231108101500)
 (3771., 3777., 3771., 3772., 130., 9142, 20231108104500)
 (3771., 3772., 3768., 3770.,  26., 9157, 20231108110000)
 (3770., 3777., 3770., 3777.,  21., 9153, 20231108111500)
 (3777., 3784., 3777., 3784.,  87., 9126, 20231108113000)
 (3779., 3782., 3775., 3777., 157., 9195, 20231108134500)
 (3777., 3779., 3774., 3778.,  95., 9264, 20231108140000)
 (3778., 3787., 3778., 3785., 195., 9253, 20231108141500)
 (3785., 3800., 3784., 3800., 468., 9286, 20231108143000)
 (3798., 3820., 3797., 3816., 503., 9198, 20231108144500)
 (3815., 3820., 3810., 3819., 346., 9175, 20231108150000)]
2023-11-09 15:30:00  INFO  [(3821., 3837., 3815., 3830., 360., 9222, 20231108211500)
 (3830., 3836., 3828., 3834.,  76., 9225, 20231108213000)
 (3835., 3847., 3834., 3843., 294., 9197, 20231108214500)
 (3841., 3850., 3837., 3847., 143., 9228, 20231108220000)
 (3847., 3849., 3842., 3847.,  38., 9239, 20231108221500)
 (3846., 3847., 3842., 3842.,  59., 9255, 20231108223000)
 (3843., 3847., 3842., 3845.,  82., 9265, 20231108224500)
 (3848., 3848., 3832., 3833., 245., 9223, 20231108230000)
 (3833., 3838., 3831., 3832., 200., 9288, 20231109091500)
 (3832., 3833., 3826., 3832., 147., 9289, 20231109093000)
 (3833., 3838., 3832., 3833.,  71., 9312, 20231109094500)
 (3833., 3838., 3832., 3833.,  34., 9325, 20231109100000)
 (3833., 3838., 3830., 3833., 126., 9298, 20231109101500)
 (3833., 3840., 3833., 3837., 106., 9319, 20231109104500)
 (3837., 3839., 3832., 3835., 132., 9336, 20231109110000)
 (3835., 3836., 3819., 3828., 249., 9383, 20231109111500)
 (3828., 3834., 3824., 3825., 105., 9392, 20231109113000)
 (3824., 3832., 3818., 3824., 171., 9423, 20231109134500)
 (3825., 3826., 3820., 3826.,  68., 9440, 20231109140000)
 (3828., 3834., 3827., 3834., 107., 9444, 20231109141500)
 (3834., 3847., 3833., 3842., 202., 9403, 20231109143000)
 (3840., 3840., 3831., 3836., 153., 9414, 20231109144500)
 (3835., 3835., 3824., 3832.,  73., 9428, 20231109150000)]
2023-11-10 15:30:00  INFO  [(3832., 3845., 3832., 3840., 203., 9509, 20231109211500)
 (3839., 3846., 3839., 3846., 200., 9555, 20231109213000)
 (3842., 3844., 3840., 3844.,  22., 9558, 20231109214500)
 (3844., 3845., 3839., 3839.,  29., 9554, 20231109220000)
 (3839., 3842., 3838., 3840.,  18., 9558, 20231109221500)
 (3842., 3848., 3841., 3845.,  75., 9582, 20231109223000)
 (3845., 3846., 3838., 3844.,  91., 9628, 20231109224500)
 (3844., 3851., 3838., 3851., 172., 9615, 20231109230000)
 (3845., 3851., 3842., 3851., 103., 9624, 20231110091500)
 (3847., 3850., 3844., 3845., 216., 9664, 20231110093000)
 (3845., 3845., 3839., 3840., 155., 9632, 20231110094500)
 (3841., 3848., 3841., 3847., 146., 9598, 20231110100000)
 (3847., 3855., 3844., 3847., 188., 9570, 20231110101500)
 (3849., 3849., 3838., 3843., 133., 9587, 20231110104500)
 (3842., 3843., 3841., 3843.,  55., 9571, 20231110110000)
 (3843., 3850., 3843., 3847.,  97., 9558, 20231110111500)
 (3846., 3860., 3846., 3856., 287., 9457, 20231110113000)
 (3855., 3857., 3851., 3857.,  99., 9476, 20231110134500)
 (3856., 3860., 3855., 3857.,  80., 9486, 20231110140000)
 (3857., 3858., 3846., 3848., 309., 9691, 20231110141500)
 (3849., 3856., 3845., 3852., 132., 9752, 20231110143000)
 (3850., 3852., 3846., 3850., 137., 9836, 20231110144500)
 (3853., 3858., 3850., 3852., 216., 9851, 20231110150000)]
2023-11-13 15:30:00  INFO  [(3852., 3858., 3847., 3857.,  727., 10470, 20231110211500)
 (3855., 3872., 3852., 3870.,  371., 10563, 20231110213000)
 (3870., 3870., 3866., 3866.,   20., 10559, 20231110214500)
 (3865., 3885., 3865., 3870., 1710., 11967, 20231110220000)
 (3870., 3873., 3866., 3872.,  150., 11968, 20231110221500)
 (3871., 3872., 3867., 3868.,  284., 11958, 20231110223000)
 (3868., 3868., 3859., 3862.,  439., 12188, 20231110224500)
 (3860., 3872., 3858., 3869.,  285., 12112, 20231110230000)
 (3874., 3886., 3862., 3866., 1565., 11844, 20231113091500)
 (3866., 3867., 3855., 3858.,  111., 11850, 20231113093000)
 (3857., 3859., 3844., 3847.,  435., 12028, 20231113094500)
 (3849., 3853., 3841., 3844.,  353., 12197, 20231113100000)
 (3846., 3846., 3829., 3829.,  261., 12227, 20231113101500)
 (3829., 3842., 3827., 3842.,  349., 12201, 20231113104500)
 (3838., 3845., 3834., 3837.,  329., 12217, 20231113110000)
 (3837., 3844., 3835., 3842.,   43., 12226, 20231113111500)
 (3840., 3847., 3839., 3847.,   46., 12216, 20231113113000)
 (3850., 3851., 3844., 3846.,   45., 12225, 20231113134500)
 (3846., 3857., 3846., 3855.,   98., 12258, 20231113140000)
 (3855., 3856., 3841., 3842.,   71., 12259, 20231113141500)
 (3841., 3843., 3831., 3835.,  113., 12281, 20231113143000)
 (3834., 3846., 3834., 3843.,   41., 12272, 20231113144500)
 (3844., 3849., 3842., 3842.,  152., 12315, 20231113150000)]
2023-11-14 15:30:00  INFO  [(3842., 3848., 3837., 3837.,  89., 12321, 20231113211500)
 (3837., 3842., 3832., 3833.,  91., 12342, 20231113213000)
 (3832., 3836., 3816., 3819., 268., 12401, 20231113214500)
 (3818., 3824., 3811., 3824., 269., 12390, 20231113220000)
 (3824., 3827., 3819., 3820., 125., 12422, 20231113221500)
 (3820., 3820., 3814., 3816.,  92., 12475, 20231113223000)
 (3816., 3823., 3816., 3823.,  75., 12514, 20231113224500)
 (3823., 3825., 3820., 3824., 183., 12534, 20231113230000)
 (3826., 3837., 3826., 3828., 258., 12549, 20231114091500)
 (3828., 3834., 3828., 3830.,  89., 12564, 20231114093000)
 (3831., 3832., 3828., 3828.,  85., 12571, 20231114094500)
 (3828., 3828., 3821., 3825., 120., 12577, 20231114100000)
 (3825., 3826., 3815., 3822., 166., 12558, 20231114101500)
 (3822., 3825., 3820., 3825.,  43., 12570, 20231114104500)
 (3824., 3829., 3824., 3828., 111., 12563, 20231114110000)
 (3828., 3828., 3821., 3822.,  53., 12549, 20231114111500)
 (3822., 3828., 3819., 3828.,  74., 12522, 20231114113000)
 (3828., 3828., 3820., 3821.,  80., 12507, 20231114134500)
 (3820., 3821., 3810., 3811., 174., 12562, 20231114140000)
 (3811., 3817., 3809., 3813., 192., 12555, 20231114141500)
 (3814., 3815., 3805., 3805., 144., 12534, 20231114143000)
 (3806., 3817., 3806., 3817., 147., 12538, 20231114144500)
 (3818., 3822., 3812., 3819., 292., 12449, 20231114150000)]
2023-11-15 15:30:00  INFO  [(3819., 3867., 3819., 3865., 1333., 12856, 20231114211500)
 (3866., 3872., 3863., 3872.,  348., 12929, 20231114213000)
 (3872., 3878., 3871., 3876.,  507., 12818, 20231114214500)
 (3876., 3886., 3875., 3884.,  478., 12746, 20231114220000)
 (3884., 3898., 3882., 3895.,  661., 12666, 20231114221500)
 (3894., 3896., 3886., 3890.,   99., 12669, 20231114223000)
 (3895., 3900., 3891., 3899.,  135., 12625, 20231114224500)
 (3900., 3920., 3898., 3907.,  670., 12793, 20231114230000)
 (3917., 3917., 3901., 3907.,  295., 12716, 20231115091500)
 (3907., 3907., 3894., 3894.,  224., 12705, 20231115093000)
 (3896., 3896., 3886., 3892.,  282., 12696, 20231115094500)
 (3891., 3896., 3887., 3892.,  128., 12737, 20231115100000)
 (3893., 3895., 3888., 3888.,  314., 12728, 20231115101500)
 (3888., 3893., 3884., 3889.,  129., 12705, 20231115104500)
 (3891., 3892., 3887., 3887.,   53., 12690, 20231115110000)
 (3887., 3893., 3887., 3891.,   88., 12684, 20231115111500)
 (3891., 3901., 3891., 3895.,  108., 12675, 20231115113000)
 (3897., 3898., 3891., 3892.,  101., 12661, 20231115134500)
 (3893., 3893., 3868., 3873.,  718., 12718, 20231115140000)
 (3873., 3875., 3856., 3871.,  665., 12655, 20231115141500)
 (3870., 3881., 3865., 3879.,  432., 12649, 20231115143000)
 (3882., 3889., 3881., 3886.,  111., 12623, 20231115144500)
 (3886., 3890., 3880., 3881.,  368., 12628, 20231115150000)]
2023-11-16 15:30:00  INFO  [(3885., 3885., 3874., 3881., 224., 12642, 20231115211500)
 (3878., 3879., 3871., 3875., 329., 12770, 20231115213000)
 (3874., 3881., 3869., 3871., 302., 12637, 20231115214500)
 (3870., 3877., 3869., 3877., 124., 12628, 20231115220000)
 (3880., 3880., 3873., 3876., 107., 12600, 20231115221500)
 (3876., 3877., 3872., 3877., 118., 12602, 20231115223000)
 (3877., 3879., 3874., 3875.,  47., 12591, 20231115224500)
 (3875., 3876., 3872., 3875., 138., 12545, 20231115230000)
 (3875., 3886., 3875., 3885., 137., 12534, 20231116091500)
 (3885., 3890., 3881., 3887., 159., 12535, 20231116093000)
 (3886., 3886., 3880., 3882., 136., 12555, 20231116094500)
 (3882., 3902., 3882., 3900., 377., 12458, 20231116100000)
 (3899., 3899., 3887., 3887., 228., 12372, 20231116101500)
 (3887., 3896., 3887., 3896.,  57., 12379, 20231116104500)
 (3896., 3902., 3895., 3900., 115., 12350, 20231116110000)
 (3903., 3910., 3903., 3907., 220., 12337, 20231116111500)
 (3907., 3918., 3907., 3907., 335., 12251, 20231116113000)
 (3906., 3917., 3901., 3904., 422., 12187, 20231116134500)
 (3905., 3917., 3905., 3912., 302., 12181, 20231116140000)
 (3912., 3919., 3910., 3914., 587., 12395, 20231116141500)
 (3913., 3916., 3910., 3912., 273., 12537, 20231116143000)
 (3912., 3917., 3910., 3913., 276., 12627, 20231116144500)
 (3914., 3924., 3912., 3921., 831., 12785, 20231116150000)]
2023-11-17 15:30:00  INFO  [(3926., 3938., 3925., 3930., 563., 12899, 20231116211500)
 (3930., 3936., 3928., 3936., 127., 12866, 20231116213000)
 (3935., 3942., 3931., 3941., 256., 12868, 20231116214500)
 (3940., 3946., 3938., 3940., 161., 12912, 20231116220000)
 (3938., 3940., 3935., 3938., 185., 12990, 20231116221500)
 (3937., 3939., 3928., 3930., 277., 12990, 20231116223000)
 (3930., 3936., 3928., 3932.,  56., 13014, 20231116224500)
 (3932., 3933., 3924., 3929., 235., 12978, 20231116230000)
 (3926., 3926., 3911., 3912., 244., 13080, 20231117091500)
 (3917., 3920., 3910., 3912., 114., 13084, 20231117093000)
 (3915., 3918., 3909., 3915., 102., 13067, 20231117094500)
 (3917., 3917., 3905., 3909., 105., 13110, 20231117100000)
 (3907., 3913., 3905., 3909., 205., 13148, 20231117101500)
 (3909., 3913., 3908., 3910.,  51., 13124, 20231117104500)
 (3910., 3921., 3910., 3918.,  71., 13122, 20231117110000)
 (3919., 3923., 3915., 3918., 253., 13223, 20231117111500)
 (3919., 3921., 3917., 3921., 260., 13065, 20231117113000)
 (3921., 3926., 3920., 3920., 131., 13070, 20231117134500)
 (3921., 3921., 3916., 3917.,  60., 13082, 20231117140000)
 (3918., 3918., 3901., 3901., 603., 13333, 20231117141500)
 (3902., 3904., 3895., 3901., 402., 13473, 20231117143000)
 (3901., 3908., 3900., 3905., 208., 13580, 20231117144500)
 (3906., 3908., 3898., 3902., 482., 13722, 20231117150000)]
2023-11-20 15:30:00  INFO  [(3891., 3905., 3883., 3900., 343., 13737, 20231117211500)
 (3898., 3902., 3895., 3901.,  83., 13758, 20231117213000)
 (3900., 3906., 3897., 3905.,  93., 13759, 20231117214500)
 (3902., 3906., 3900., 3901.,  58., 13768, 20231117220000)
 (3904., 3904., 3897., 3900.,  73., 13786, 20231117221500)
 (3900., 3902., 3895., 3895., 157., 13798, 20231117223000)
 (3895., 3896., 3890., 3892.,  95., 13766, 20231117224500)
 (3893., 3901., 3887., 3888., 204., 13715, 20231117230000)
 (3886., 3900., 3884., 3895., 303., 13911, 20231120091500)
 (3900., 3903., 3892., 3901.,  79., 13883, 20231120093000)
 (3901., 3912., 3901., 3903., 449., 13981, 20231120094500)
 (3903., 3912., 3901., 3912., 103., 13962, 20231120100000)
 (3911., 3916., 3907., 3909., 209., 13975, 20231120101500)
 (3909., 3917., 3909., 3913.,  70., 13998, 20231120104500)
 (3913., 3915., 3911., 3915.,  26., 14016, 20231120110000)
 (3915., 3922., 3912., 3922., 430., 14055, 20231120111500)
 (3923., 3927., 3920., 3923., 121., 14056, 20231120113000)
 (3924., 3934., 3924., 3933., 131., 14058, 20231120134500)
 (3933., 3933., 3910., 3915., 185., 14114, 20231120140000)
 (3913., 3923., 3912., 3923., 138., 14072, 20231120141500)
 (3923., 3935., 3921., 3934., 125., 14074, 20231120143000)
 (3934., 3938., 3929., 3933., 141., 14062, 20231120144500)
 (3933., 3934., 3922., 3927., 488., 13937, 20231120150000)]
2023-11-21 15:30:00  INFO  [(3936., 3960., 3934., 3959., 641., 13934, 20231120211500)
 (3959., 3960., 3949., 3952., 675., 14153, 20231120213000)
 (3952., 3957., 3952., 3957., 326., 14083, 20231120214500)
 (3957., 3960., 3952., 3955., 251., 14070, 20231120220000)
 (3956., 3958., 3951., 3955., 205., 14062, 20231120221500)
 (3955., 3959., 3955., 3957.,  37., 14060, 20231120223000)
 (3956., 3959., 3953., 3955., 116., 14087, 20231120224500)
 (3959., 3969., 3956., 3965., 424., 14195, 20231120230000)
 (3967., 3967., 3952., 3956., 443., 14205, 20231121091500)
 (3953., 3961., 3952., 3958., 134., 14223, 20231121093000)
 (3958., 3964., 3958., 3963., 228., 14255, 20231121094500)
 (3964., 3969., 3960., 3969., 673., 14647, 20231121100000)
 (3968., 3973., 3966., 3968., 320., 14757, 20231121101500)
 (3965., 3965., 3955., 3962., 285., 14927, 20231121104500)
 (3962., 3965., 3955., 3955., 212., 14989, 20231121110000)
 (3958., 3958., 3951., 3956., 593., 15060, 20231121111500)
 (3953., 3958., 3940., 3950., 530., 15240, 20231121113000)
 (3947., 3950., 3942., 3944., 331., 15313, 20231121134500)
 (3944., 3945., 3932., 3932., 334., 15433, 20231121140000)
 (3934., 3934., 3916., 3925., 470., 15500, 20231121141500)
 (3923., 3933., 3923., 3925., 142., 15506, 20231121143000)
 (3928., 3934., 3924., 3929., 222., 15525, 20231121144500)
 (3932., 3934., 3918., 3918., 376., 15502, 20231121150000)]
2023-11-22 15:30:00  INFO  [(3918., 3927., 3903., 3919., 2474., 17691, 20231121211500)
 (3919., 3935., 3914., 3932.,  443., 17840, 20231121213000)
 (3933., 3937., 3928., 3930.,  215., 17893, 20231121214500)
 (3930., 3931., 3923., 3924.,   64., 17907, 20231121220000)
 (3924., 3929., 3924., 3928.,   19., 17905, 20231121221500)
 (3928., 3932., 3925., 3930.,   55., 17890, 20231121223000)
 (3929., 3930., 3918., 3920.,  120., 17810, 20231121224500)
 (3917., 3932., 3917., 3931.,  529., 18135, 20231121230000)
 (3931., 3935., 3918., 3921.,  972., 18535, 20231122091500)
 (3921., 3925., 3913., 3925.,  161., 18579, 20231122093000)
 (3925., 3928., 3920., 3927.,  120., 18601, 20231122094500)
 (3929., 3929., 3915., 3921.,  543., 18811, 20231122100000)
 (3919., 3921., 3910., 3916.,  230., 18948, 20231122101500)
 (3916., 3920., 3913., 3916.,  104., 18967, 20231122104500)
 (3916., 3919., 3908., 3911.,  228., 19091, 20231122110000)
 (3916., 3920., 3908., 3916.,  672., 18884, 20231122111500)
 (3918., 3925., 3905., 3911.,  377., 18836, 20231122113000)
 (3908., 3909., 3898., 3907.,  729., 19130, 20231122134500)
 (3907., 3913., 3905., 3906.,  269., 19119, 20231122140000)
 (3906., 3911., 3899., 3902.,  404., 19250, 20231122141500)
 (3902., 3906., 3898., 3906.,  452., 19281, 20231122143000)
 (3904., 3918., 3904., 3915.,  287., 19305, 20231122144500)
 (3918., 3936., 3917., 3934.,  499., 19210, 20231122150000)]
2023-11-23 15:30:00  INFO  [(3933., 3955., 3927., 3947.,  746., 19304, 20231122211500)
 (3948., 3948., 3930., 3930.,  364., 19414, 20231122213000)
 (3930., 3943., 3929., 3942.,  152., 19344, 20231122214500)
 (3942., 3942., 3931., 3932.,   77., 19350, 20231122220000)
 (3932., 3932., 3921., 3927.,  120., 19379, 20231122221500)
 (3924., 3928., 3920., 3924.,  117., 19428, 20231122223000)
 (3924., 3925., 3917., 3920.,  199., 19497, 20231122224500)
 (3915., 3920., 3891., 3891., 1023., 19774, 20231122230000)
 (3891., 3905., 3891., 3897., 1005., 19730, 20231123091500)
 (3896., 3899., 3892., 3899.,  201., 19632, 20231123093000)
 (3898., 3904., 3898., 3901.,  164., 19681, 20231123094500)
 (3903., 3904., 3895., 3896.,   96., 19714, 20231123100000)
 (3896., 3912., 3896., 3912.,  225., 19780, 20231123101500)
 (3913., 3917., 3908., 3913.,  219., 19767, 20231123104500)
 (3916., 3919., 3884., 3893., 1450., 20349, 20231123110000)
 (3893., 3894., 3867., 3875.,  814., 20276, 20231123111500)
 (3873., 3888., 3869., 3874.,  723., 20114, 20231123113000)
 (3874., 3891., 3873., 3891.,  286., 20128, 20231123134500)
 (3890., 3894., 3886., 3892.,  302., 20031, 20231123140000)
 (3890., 3900., 3890., 3900.,  158., 20032, 20231123141500)
 (3900., 3903., 3896., 3902.,  503., 19992, 20231123143000)
 (3902., 3902., 3892., 3896.,   87., 20009, 20231123144500)
 (3897., 3905., 3896., 3902.,  198., 20031, 20231123150000)]
2023-11-24 15:30:00  INFO  [(3908., 3909., 3893., 3904.,  460., 19963, 20231123211500)
 (3903., 3904., 3886., 3891.,  576., 20320, 20231123213000)
 (3891., 3892., 3884., 3889.,  271., 20475, 20231123214500)
 (3890., 3893., 3886., 3888.,   91., 20509, 20231123220000)
 (3889., 3898., 3889., 3890.,  190., 20452, 20231123221500)
 (3889., 3891., 3885., 3891.,   65., 20472, 20231123223000)
 (3891., 3892., 3883., 3890.,  112., 20482, 20231123224500)
 (3891., 3900., 3891., 3899.,  176., 20525, 20231123230000)
 (3900., 3901., 3892., 3901.,  129., 20536, 20231124091500)
 (3902., 3903., 3899., 3900.,  125., 20598, 20231124093000)
 (3902., 3902., 3896., 3898.,  127., 20621, 20231124094500)
 (3899., 3912., 3895., 3911.,  278., 20613, 20231124100000)
 (3911., 3915., 3908., 3910.,  302., 20640, 20231124101500)
 (3910., 3920., 3904., 3915., 1950., 21437, 20231124104500)
 (3915., 3921., 3911., 3918., 1042., 21944, 20231124110000)
 (3916., 3921., 3911., 3917., 1792., 22827, 20231124111500)
 (3917., 3920., 3910., 3920.,  498., 22978, 20231124113000)
 (3918., 3920., 3912., 3915.,  145., 22979, 20231124134500)
 (3912., 3921., 3911., 3919.,  160., 23014, 20231124140000)
 (3921., 3932., 3918., 3931.,  779., 23509, 20231124141500)
 (3931., 3936., 3929., 3933.,  846., 23994, 20231124143000)
 (3934., 3954., 3929., 3951., 1161., 24164, 20231124144500)
 (3953., 3966., 3951., 3964., 1152., 23864, 20231124150000)]
2023-11-27 15:30:00  INFO  [(3967., 3969., 3935., 3938.,  638., 23906, 20231124211500)
 (3936., 3937., 3922., 3934.,  533., 24019, 20231124213000)
 (3934., 3940., 3929., 3931.,  335., 24154, 20231124214500)
 (3929., 3933., 3922., 3930.,  326., 24313, 20231124220000)
 (3928., 3943., 3928., 3939., 1560., 25126, 20231124221500)
 (3941., 3950., 3936., 3944., 1269., 25801, 20231124223000)
 (3940., 3954., 3940., 3942., 2324., 27405, 20231124224500)
 (3943., 3945., 3933., 3934.,  221., 27360, 20231124230000)
 (3935., 3951., 3921., 3944.,  601., 27369, 20231127091500)
 (3947., 3951., 3938., 3939.,  277., 27346, 20231127093000)
 (3941., 3948., 3935., 3938.,  535., 27293, 20231127094500)
 (3937., 3937., 3927., 3930.,  155., 27259, 20231127100000)
 (3930., 3941., 3924., 3934., 1235., 27618, 20231127101500)
 (3937., 3949., 3935., 3941.,  925., 28166, 20231127104500)
 (3941., 3954., 3940., 3954., 1133., 28669, 20231127110000)
 (3954., 3959., 3951., 3956.,  388., 28854, 20231127111500)
 (3958., 3962., 3950., 3962.,  931., 29242, 20231127113000)
 (3962., 3974., 3960., 3974., 1049., 29490, 20231127134500)
 (3973., 3977., 3970., 3972.,  837., 29948, 20231127140000)
 (3971., 3981., 3970., 3974., 1853., 31009, 20231127141500)
 (3974., 3976., 3963., 3971.,  377., 30993, 20231127143000)
 (3971., 3976., 3967., 3968.,  371., 31138, 20231127144500)
 (3968., 3976., 3964., 3970.,  463., 31177, 20231127150000)]
2023-11-28 15:30:00  INFO  [(3970., 3970., 3948., 3960.,  602., 31297, 20231127211500)
 (3960., 3967., 3956., 3963.,  299., 31239, 20231127213000)
 (3962., 3962., 3956., 3956.,  110., 31265, 20231127214500)
 (3956., 3958., 3951., 3955.,  194., 31303, 20231127220000)
 (3954., 3958., 3950., 3957.,  142., 31298, 20231127221500)
 (3957., 3959., 3952., 3953.,   84., 31313, 20231127223000)
 (3953., 3955., 3948., 3948.,  499., 31337, 20231127224500)
 (3948., 3952., 3943., 3944.,  504., 31286, 20231127230000)
 (3951., 3958., 3947., 3952.,  314., 31225, 20231128091500)
 (3952., 3952., 3938., 3946., 2626., 32728, 20231128093000)
 (3946., 3965., 3942., 3960., 2378., 34280, 20231128094500)
 (3958., 3965., 3957., 3963., 1657., 35295, 20231128100000)
 (3964., 3965., 3938., 3938.,  982., 35519, 20231128101500)
 (3939., 3945., 3930., 3935., 1061., 35554, 20231128104500)
 (3935., 3938., 3926., 3931.,  770., 35822, 20231128110000)
 (3933., 3943., 3927., 3942., 1180., 35954, 20231128111500)
 (3938., 3944., 3932., 3935.,  276., 35887, 20231128113000)
 (3935., 3935., 3921., 3924.,  418., 36070, 20231128134500)
 (3922., 3928., 3916., 3916.,  266., 36172, 20231128140000)
 (3916., 3920., 3910., 3911.,  460., 36300, 20231128141500)
 (3912., 3925., 3910., 3920.,  455., 36358, 20231128143000)
 (3921., 3929., 3921., 3926.,  485., 36502, 20231128144500)
 (3927., 3932., 3916., 3916.,  513., 36597, 20231128150000)]
2023-11-29 15:30:00  INFO  [(3923., 3930., 3910., 3924., 1388., 37356, 20231128211500)
 (3921., 3923., 3916., 3920.,  106., 37374, 20231128213000)
 (3922., 3925., 3916., 3916.,  203., 37406, 20231128214500)
 (3917., 3920., 3914., 3915.,  450., 37549, 20231128220000)
 (3915., 3917., 3909., 3911.,  327., 37734, 20231128221500)
 (3910., 3911., 3901., 3909.,  354., 37816, 20231128223000)
 (3908., 3913., 3907., 3913.,   85., 37817, 20231128224500)
 (3912., 3919., 3912., 3919.,  349., 37836, 20231128230000)
 (3915., 3932., 3915., 3930.,  895., 38304, 20231129091500)
 (3928., 3931., 3926., 3928.,  288., 38362, 20231129093000)
 (3930., 3930., 3923., 3929.,  166., 38431, 20231129094500)
 (3931., 3932., 3925., 3926.,  155., 38500, 20231129100000)
 (3928., 3930., 3921., 3928.,  296., 38578, 20231129101500)
 (3927., 3930., 3922., 3923.,  312., 38617, 20231129104500)
 (3923., 3929., 3919., 3922.,  226., 38708, 20231129110000)
 (3922., 3926., 3919., 3919.,   42., 38702, 20231129111500)
 (3918., 3924., 3917., 3923.,  107., 38719, 20231129113000)
 (3922., 3922., 3913., 3919.,  397., 38770, 20231129134500)
 (3919., 3922., 3912., 3913.,  266., 38891, 20231129140000)
 (3913., 3914., 3902., 3907.,  921., 39470, 20231129141500)
 (3906., 3914., 3902., 3910.,  331., 39612, 20231129143000)
 (3910., 3916., 3908., 3915.,  454., 39731, 20231129144500)
 (3916., 3919., 3911., 3917.,  358., 39837, 20231129150000)]
2023-11-30 15:30:00  INFO  [(3915., 3916., 3888., 3889., 1094., 40071, 20231129211500)
 (3890., 3894., 3880., 3880.,  473., 40206, 20231129213000)
 (3881., 3883., 3876., 3880.,  336., 40241, 20231129214500)
 (3881., 3884., 3880., 3880.,  154., 40235, 20231129220000)
 (3879., 3892., 3877., 3884.,  356., 40378, 20231129221500)
 (3884., 3891., 3881., 3883.,  291., 40458, 20231129223000)
 (3886., 3888., 3883., 3883.,   45., 40479, 20231129224500)
 (3883., 3887., 3880., 3880.,  279., 40605, 20231129230000)
 (3886., 3889., 3883., 3886.,   98., 40631, 20231130091500)
 (3887., 3892., 3885., 3891.,  248., 40607, 20231130093000)
 (3891., 3894., 3880., 3880.,  328., 40645, 20231130094500)
 (3883., 3884., 3878., 3883.,  489., 40885, 20231130100000)
 (3883., 3894., 3873., 3894.,  575., 41035, 20231130101500)
 (3895., 3902., 3892., 3902.,  672., 40990, 20231130104500)
 (3902., 3918., 3900., 3912.,  782., 40834, 20231130110000)
 (3915., 3918., 3906., 3912.,  364., 40727, 20231130111500)
 (3913., 3918., 3905., 3905.,  307., 40661, 20231130113000)
 (3904., 3905., 3895., 3905.,  380., 40763, 20231130134500)
 (3906., 3918., 3904., 3917.,  248., 40847, 20231130140000)
 (3918., 3921., 3913., 3921.,  342., 40892, 20231130141500)
 (3922., 3928., 3919., 3919.,  395., 40969, 20231130143000)
 (3919., 3920., 3912., 3917.,  293., 40999, 20231130144500)
 (3916., 3922., 3910., 3910.,  212., 40935, 20231130150000)]
2023-12-01 15:30:00  INFO  [(3922., 3944., 3909., 3932., 1029., 41042, 20231130211500)
 (3932., 3942., 3930., 3934.,  405., 40911, 20231130213000)
 (3935., 3938., 3930., 3932.,  187., 40930, 20231130214500)
 (3929., 3940., 3929., 3936.,  109., 40931, 20231130220000)
 (3938., 3938., 3931., 3931.,   91., 40892, 20231130221500)
 (3931., 3937., 3929., 3932.,  124., 40939, 20231130223000)
 (3932., 3936., 3931., 3934.,   22., 40933, 20231130224500)
 (3933., 3940., 3925., 3937.,  359., 40901, 20231130230000)
 (3939., 3940., 3930., 3932.,  382., 40761, 20231201091500)
 (3934., 3939., 3931., 3939.,  361., 40656, 20231201093000)
 (3939., 3947., 3937., 3946.,  793., 40671, 20231201094500)
 (3946., 3946., 3935., 3938.,  186., 40679, 20231201100000)
 (3939., 3941., 3923., 3928.,  342., 40707, 20231201101500)
 (3926., 3932., 3921., 3930.,  291., 40839, 20231201104500)
 (3931., 3933., 3920., 3920.,  288., 40858, 20231201110000)
 (3917., 3924., 3916., 3917.,  165., 40836, 20231201111500)
 (3918., 3926., 3918., 3926.,  117., 40859, 20231201113000)
 (3925., 3936., 3925., 3936.,  227., 40856, 20231201134500)
 (3936., 3946., 3936., 3942.,  683., 40647, 20231201140000)
 (3944., 3944., 3939., 3944.,  195., 40669, 20231201141500)
 (3945., 3955., 3942., 3950.,  389., 40622, 20231201143000)
 (3950., 3951., 3947., 3947.,  120., 40637, 20231201144500)
 (3947., 3950., 3940., 3945.,  327., 40599, 20231201150000)]
2023-12-04 15:30:00  INFO  [(3955., 3955., 3930., 3941.,  487., 40591, 20231201211500)
 (3937., 3940., 3930., 3935.,  147., 40585, 20231201213000)
 (3935., 3946., 3933., 3946.,  155., 40566, 20231201214500)
 (3946., 3946., 3939., 3939.,   41., 40580, 20231201220000)
 (3939., 3941., 3938., 3938.,   24., 40586, 20231201221500)
 (3940., 3944., 3937., 3939.,   59., 40575, 20231201223000)
 (3939., 3940., 3931., 3937.,  211., 40592, 20231201224500)
 (3936., 3942., 3930., 3930.,  308., 40521, 20231201230000)
 (3936., 3943., 3928., 3936.,  429., 40437, 20231204091500)
 (3939., 3944., 3939., 3940.,  184., 40423, 20231204093000)
 (3939., 3939., 3930., 3933.,  235., 40449, 20231204094500)
 (3934., 3935., 3914., 3920., 1099., 40755, 20231204100000)
 (3920., 3927., 3912., 3916., 2965., 42632, 20231204101500)
 (3920., 3925., 3912., 3925., 1884., 43709, 20231204104500)
 (3925., 3925., 3920., 3920.,  293., 43699, 20231204110000)
 (3920., 3922., 3913., 3916.,  183., 43715, 20231204111500)
 (3914., 3921., 3912., 3915.,  182., 43740, 20231204113000)
 (3912., 3920., 3912., 3913.,  239., 43793, 20231204134500)
 (3913., 3915., 3902., 3903.,  495., 43951, 20231204140000)
 (3902., 3907., 3896., 3905.,  712., 43957, 20231204141500)
 (3905., 3909., 3900., 3900.,  328., 44056, 20231204143000)
 (3900., 3907., 3892., 3893.,  480., 44203, 20231204144500)
 (3893., 3904., 3886., 3891., 1275., 44317, 20231204150000)]
2023-12-05 15:30:00  INFO  [(3897., 3897., 3881., 3883.,  622., 44407, 20231204211500)
 (3884., 3905., 3882., 3898.,  485., 44511, 20231204213000)
 (3897., 3899., 3890., 3892.,   66., 44517, 20231204214500)
 (3893., 3893., 3880., 3880.,  307., 44480, 20231204220000)
 (3880., 3891., 3879., 3889.,  208., 44419, 20231204221500)
 (3890., 3895., 3890., 3895.,   99., 44410, 20231204223000)
 (3896., 3904., 3896., 3900.,  193., 44356, 20231204224500)
 (3899., 3900., 3894., 3894.,  259., 44432, 20231204230000)
 (3894., 3900., 3891., 3895., 2647., 46980, 20231205091500)
 (3895., 3908., 3895., 3906.,  954., 47425, 20231205093000)
 (3904., 3905., 3899., 3904.,  103., 47418, 20231205094500)
 (3906., 3908., 3893., 3894.,  226., 47312, 20231205100000)
 (3894., 3896., 3889., 3890.,  223., 47219, 20231205101500)
 (3890., 3895., 3883., 3895.,  244., 47049, 20231205104500)
 (3896., 3896., 3883., 3884.,  162., 47095, 20231205110000)
 (3885., 3887., 3881., 3883.,   90., 47080, 20231205111500)
 (3880., 3892., 3880., 3889.,  108., 47107, 20231205113000)
 (3890., 3895., 3881., 3894.,  245., 47127, 20231205134500)
 (3892., 3896., 3889., 3893.,  263., 47109, 20231205140000)
 (3894., 3896., 3889., 3891.,   65., 47102, 20231205141500)
 (3888., 3892., 3881., 3885.,  132., 47099, 20231205143000)
 (3886., 3886., 3880., 3881.,  212., 47189, 20231205144500)
 (3880., 3888., 3880., 3883.,  219., 47192, 20231205150000)]
2023-12-06 15:30:00  INFO  [(3880., 3888., 3862., 3875.,  955., 47189, 20231205211500)
 (3875., 3878., 3870., 3875.,  734., 47772, 20231205213000)
 (3875., 3880., 3871., 3879., 3000., 50296, 20231205214500)
 (3880., 3885., 3875., 3875.,  534., 50562, 20231205220000)
 (3871., 3879., 3871., 3876.,  119., 50613, 20231205221500)
 (3875., 3878., 3873., 3878.,   87., 50609, 20231205223000)
 (3876., 3887., 3875., 3886.,  208., 50664, 20231205224500)
 (3885., 3905., 3881., 3898., 1034., 50865, 20231205230000)
 (3898., 3903., 3893., 3895.,  377., 51005, 20231206091500)
 (3895., 3896., 3888., 3892.,  309., 51091, 20231206093000)
 (3892., 3906., 3889., 3906.,  587., 50975, 20231206094500)
 (3906., 3918., 3903., 3917.,  742., 50924, 20231206100000)
 (3917., 3918., 3909., 3914.,  142., 50938, 20231206101500)
 (3912., 3914., 3908., 3912.,  140., 50937, 20231206104500)
 (3912., 3912., 3907., 3910.,  107., 50980, 20231206110000)
 (3912., 3914., 3909., 3913.,   47., 50965, 20231206111500)
 (3913., 3914., 3910., 3914.,  113., 51016, 20231206113000)
 (3914., 3934., 3914., 3924., 1613., 50999, 20231206134500)
 (3925., 3930., 3925., 3928.,  233., 51065, 20231206140000)
 (3930., 3932., 3925., 3932.,  223., 51134, 20231206141500)
 (3933., 3934., 3930., 3932.,  189., 51114, 20231206143000)
 (3932., 3934., 3928., 3930.,  233., 51172, 20231206144500)
 (3934., 3938., 3929., 3938.,  806., 51332, 20231206150000)]
2023-12-07 15:30:00  INFO  [(3937., 3955., 3932., 3949., 1456., 51438, 20231206211500)
 (3953., 3960., 3948., 3956.,  886., 51516, 20231206213000)
 (3957., 3980., 3957., 3975., 2167., 51776, 20231206214500)
 (3976., 3980., 3968., 3978.,  676., 51743, 20231206220000)
 (3979., 3982., 3972., 3979.,  558., 51802, 20231206221500)
 (3977., 3981., 3973., 3976.,  742., 51827, 20231206223000)
 (3977., 3982., 3974., 3976.,  448., 51790, 20231206224500)
 (3976., 3981., 3973., 3973.,  565., 51902, 20231206230000)
 (3973., 3979., 3963., 3973., 2889., 53486, 20231207091500)
 (3973., 3983., 3970., 3981., 1597., 54222, 20231207093000)
 (3981., 3996., 3979., 3990., 1117., 54392, 20231207094500)
 (3990., 3990., 3978., 3984.,  411., 54472, 20231207100000)
 (3984., 3986., 3981., 3984.,  112., 54491, 20231207101500)
 (3985., 3990., 3984., 3984.,  272., 54537, 20231207104500)
 (3984., 3996., 3983., 3995.,  415., 54520, 20231207110000)
 (3995., 4001., 3993., 3995.,  517., 54709, 20231207111500)
 (3994., 4002., 3993., 3993.,  630., 55044, 20231207113000)
 (3993., 4003., 3993., 3999.,  654., 55213, 20231207134500)
 (4000., 4001., 3989., 3995.,  434., 55404, 20231207140000)
 (3995., 3998., 3991., 3997.,  108., 55452, 20231207141500)
 (3998., 4000., 3995., 4000.,  919., 55409, 20231207143000)
 (3999., 4005., 3996., 4004.,  298., 55421, 20231207144500)
 (4002., 4007., 3998., 4001.,  367., 55422, 20231207150000)]
2023-12-08 15:30:00  INFO  [(4000., 4014., 3996., 4002.,  857., 55507, 20231207211500)
 (3998., 4001., 3992., 3996.,  744., 55913, 20231207213000)
 (3993., 3998., 3987., 3998.,  470., 56027, 20231207214500)
 (3999., 4028., 3999., 4024., 1738., 56510, 20231207220000)
 (4025., 4037., 4022., 4026., 1461., 57079, 20231207221500)
 (4027., 4043., 4022., 4040.,  664., 57181, 20231207223000)
 (4040., 4052., 4037., 4038.,  809., 57141, 20231207224500)
 (4038., 4051., 4035., 4037., 1159., 57560, 20231207230000)
 (4035., 4042., 4031., 4034.,  547., 57527, 20231208091500)
 (4034., 4044., 4033., 4036.,  663., 57690, 20231208093000)
 (4036., 4042., 4035., 4041.,  375., 57721, 20231208094500)
 (4040., 4042., 4034., 4040.,  219., 57730, 20231208100000)
 (4038., 4045., 4037., 4044.,  332., 57728, 20231208101500)
 (4042., 4050., 4039., 4042., 4260., 60528, 20231208104500)
 (4042., 4044., 4028., 4034.,  869., 60638, 20231208110000)
 (4031., 4033., 4025., 4032.,  469., 60707, 20231208111500)
 (4032., 4034., 4028., 4031.,  166., 60701, 20231208113000)
 (4032., 4032., 4021., 4021.,  350., 60795, 20231208134500)
 (4021., 4029., 4013., 4029.,  567., 60792, 20231208140000)
 (4028., 4034., 4026., 4032.,  236., 60750, 20231208141500)
 (4033., 4038., 4029., 4034.,  483., 60867, 20231208143000)
 (4033., 4034., 4029., 4033.,  175., 60917, 20231208144500)
 (4032., 4036., 4021., 4032.,  670., 60989, 20231208150000)]
2023-12-11 15:30:00  INFO  [(4031., 4036., 4020., 4026.,  682., 61005, 20231208211500)
 (4026., 4041., 4021., 4036.,  443., 61110, 20231208213000)
 (4036., 4055., 4033., 4047., 1073., 61234, 20231208214500)
 (4047., 4059., 4043., 4055., 1111., 61545, 20231208220000)
 (4055., 4056., 4047., 4050.,  316., 61667, 20231208221500)
 (4053., 4062., 4049., 4060.,  549., 61736, 20231208223000)
 (4059., 4060., 4052., 4056.,  208., 61754, 20231208224500)
 (4055., 4056., 4030., 4038., 1023., 61546, 20231208230000)
 (4035., 4042., 4022., 4034., 4246., 64290, 20231211091500)
 (4032., 4033., 4008., 4013., 1746., 64155, 20231211093000)
 (4012., 4019., 4003., 4016.,  976., 64173, 20231211094500)
 (4015., 4021., 4011., 4012.,  664., 64661, 20231211100000)
 (4012., 4023., 4012., 4015.,  509., 64914, 20231211101500)
 (4014., 4014., 4005., 4008.,  565., 65188, 20231211104500)
 (4007., 4013., 4006., 4012.,  500., 65423, 20231211110000)
 (4012., 4018., 4012., 4015.,  289., 65459, 20231211111500)
 (4015., 4021., 4010., 4018.,  429., 65581, 20231211113000)
 (4020., 4035., 4018., 4025., 1859., 66349, 20231211134500)
 (4026., 4027., 4022., 4026.,  173., 66350, 20231211140000)
 (4028., 4032., 4025., 4032.,  205., 66434, 20231211141500)
 (4032., 4033., 4027., 4028.,  250., 66548, 20231211143000)
 (4025., 4028., 4022., 4026.,  268., 66714, 20231211144500)
 (4026., 4030., 4013., 4020.,  930., 66960, 20231211150000)]
2023-12-12 15:30:00  INFO  [(4024., 4028., 4017., 4025.,  594., 66932, 20231211211500)
 (4027., 4031., 4024., 4027.,  308., 67093, 20231211213000)
 (4028., 4028., 4018., 4022.,  487., 67404, 20231211214500)
 (4020., 4023., 4005., 4012., 1410., 68143, 20231211220000)
 (4014., 4025., 4014., 4025.,  893., 68504, 20231211221500)
 (4025., 4028., 4020., 4027.,  160., 68583, 20231211223000)
 (4022., 4028., 4020., 4024.,   98., 68603, 20231211224500)
 (4024., 4028., 4021., 4028.,  229., 68588, 20231211230000)
 (4028., 4032., 4023., 4026.,  534., 68846, 20231212091500)
 (4026., 4028., 4020., 4026.,  736., 69344, 20231212093000)
 (4023., 4032., 4023., 4029.,  723., 69824, 20231212094500)
 (4029., 4045., 4029., 4037.,  545., 69861, 20231212100000)
 (4036., 4037., 4017., 4036., 2046., 70849, 20231212101500)
 (4033., 4038., 4030., 4035., 1660., 71154, 20231212104500)
 (4035., 4038., 4028., 4032.,  759., 71437, 20231212110000)
 (4031., 4037., 4030., 4036., 3707., 74336, 20231212111500)
 (4036., 4045., 4032., 4042.,  786., 74294, 20231212113000)
 (4043., 4049., 4038., 4046.,  925., 74076, 20231212134500)
 (4046., 4049., 4042., 4042.,  599., 74100, 20231212140000)
 (4042., 4045., 4040., 4044.,  398., 74106, 20231212141500)
 (4044., 4048., 4043., 4046.,  300., 74129, 20231212143000)
 (4046., 4047., 4040., 4045.,  253., 74195, 20231212144500)
 (4046., 4053., 4045., 4050., 1661., 74789, 20231212150000)]
2023-12-13 15:30:00  INFO  [(4050., 4050., 4033., 4036., 1701., 75836, 20231212211500)
 (4034., 4038., 4030., 4033.,  677., 76099, 20231212213000)
 (4031., 4037., 4021., 4025.,  647., 76294, 20231212214500)
 (4025., 4032., 4022., 4028.,  163., 76371, 20231212220000)
 (4027., 4030., 4020., 4024., 4337., 79013, 20231212221500)
 (4024., 4027., 4022., 4024.,  197., 79027, 20231212223000)
 (4023., 4023., 4009., 4015., 1061., 79535, 20231212224500)
 (4014., 4018., 4008., 4017.,  960., 79682, 20231212230000)
 (4011., 4013., 4002., 4011., 1104., 79746, 20231213091500)
 (4010., 4012., 4001., 4009.,  319., 79821, 20231213093000)
 (4009., 4018., 4009., 4016.,  280., 79869, 20231213094500)
 (4016., 4016., 4010., 4014.,  679., 79825, 20231213100000)
 (4013., 4013., 4006., 4012.,  590., 80025, 20231213101500)
 (4010., 4013., 4010., 4013.,  645., 80137, 20231213104500)
 (4013., 4013., 3977., 3977., 2665., 80783, 20231213110000)
 (3978., 3983., 3970., 3971., 2414., 81518, 20231213111500)
 (3970., 3973., 3956., 3960., 1892., 82161, 20231213113000)
 (3955., 3962., 3930., 3942., 2541., 82768, 20231213134500)
 (3940., 3944., 3927., 3931., 2388., 83624, 20231213140000)
 (3931., 3948., 3929., 3943.,  925., 83843, 20231213141500)
 (3943., 3943., 3935., 3935.,  264., 83880, 20231213143000)
 (3937., 3938., 3932., 3935.,  394., 84062, 20231213144500)
 (3933., 3938., 3930., 3936., 1045., 83977, 20231213150000)]
2023-12-14 15:30:00  INFO  [(3928., 3946., 3928., 3944., 2506., 85638, 20231213211500)
 (3943., 3947., 3933., 3938.,  472., 85804, 20231213213000)
 (3938., 3944., 3937., 3941.,  262., 85825, 20231213214500)
 (3940., 3947., 3939., 3946.,  340., 85728, 20231213220000)
 (3948., 3948., 3939., 3941.,  782., 85885, 20231213221500)
 (3939., 3943., 3936., 3943.,  870., 85561, 20231213223000)
 (3941., 3946., 3940., 3946.,  224., 85482, 20231213224500)
 (3946., 3954., 3945., 3952.,  989., 85311, 20231213230000)
 (3955., 3967., 3950., 3954., 1136., 85360, 20231214091500)
 (3952., 3957., 3947., 3950.,  876., 85699, 20231214093000)
 (3950., 3951., 3941., 3946.,  648., 86070, 20231214094500)
 (3947., 3948., 3936., 3945., 1079., 86504, 20231214100000)
 (3944., 3944., 3933., 3938.,  547., 86556, 20231214101500)
 (3936., 3939., 3930., 3937.,  680., 86529, 20231214104500)
 (3935., 3948., 3932., 3948.,  604., 86560, 20231214110000)
 (3949., 3954., 3946., 3946.,  601., 86565, 20231214111500)
 (3946., 3952., 3945., 3950.,  292., 86677, 20231214113000)
 (3948., 3949., 3920., 3925., 1492., 86842, 20231214134500)
 (3926., 3928., 3911., 3916., 1279., 86508, 20231214140000)
 (3916., 3921., 3909., 3920., 2900., 85262, 20231214141500)
 (3921., 3925., 3916., 3922.,  518., 85288, 20231214143000)
 (3922., 3927., 3919., 3924.,  201., 85249, 20231214144500)
 (3925., 3929., 3907., 3908., 1662., 85306, 20231214150000)]
2023-12-15 15:30:00  INFO  [(3920., 3926., 3914., 3919., 1651., 86320, 20231214211500)
 (3921., 3933., 3921., 3927.,  832., 86504, 20231214213000)
 (3927., 3939., 3927., 3938.,  935., 86732, 20231214214500)
 (3938., 3945., 3934., 3937.,  606., 86847, 20231214220000)
 (3934., 3939., 3933., 3936.,  227., 86821, 20231214221500)
 (3935., 3939., 3931., 3934.,  187., 86730, 20231214223000)
 (3931., 3937., 3930., 3933.,  204., 86704, 20231214224500)
 (3931., 3935., 3927., 3935.,  793., 86735, 20231214230000)
 (3931., 3940., 3928., 3932.,  393., 86731, 20231215091500)
 (3934., 3941., 3931., 3940.,  214., 86684, 20231215093000)
 (3938., 3943., 3933., 3934.,  295., 86713, 20231215094500)
 (3935., 3936., 3923., 3927.,  513., 86726, 20231215100000)
 (3927., 3942., 3927., 3931., 2640., 85824, 20231215101500)
 (3930., 3934., 3926., 3933.,  586., 85505, 20231215104500)
 (3934., 3943., 3932., 3939.,  923., 85321, 20231215110000)
 (3937., 3940., 3932., 3932.,  335., 85296, 20231215111500)
 (3933., 3937., 3931., 3937.,  189., 85369, 20231215113000)
 (3930., 3930., 3898., 3902., 1886., 85291, 20231215134500)
 (3901., 3905., 3892., 3894., 1201., 84886, 20231215140000)
 (3892., 3893., 3880., 3886., 3530., 84326, 20231215141500)
 (3882., 3893., 3880., 3883.,  549., 84354, 20231215143000)
 (3882., 3898., 3882., 3890.,  390., 84292, 20231215144500)
 (3889., 3899., 3889., 3895.,  989., 84061, 20231215150000)]
2023-12-18 15:30:00  INFO  [(3901., 3904., 3894., 3902.,  618., 84120, 20231215211500)
 (3902., 3908., 3890., 3892., 1142., 84131, 20231215213000)
 (3891., 3892., 3883., 3886.,  262., 84144, 20231215214500)
 (3886., 3893., 3885., 3889.,  272., 84110, 20231215220000)
 (3888., 3893., 3885., 3890.,  121., 84118, 20231215221500)
 (3890., 3890., 3877., 3881.,  969., 84170, 20231215223000)
 (3880., 3888., 3877., 3888.,  504., 84062, 20231215224500)
 (3888., 3897., 3888., 3896.,  753., 84056, 20231215230000)
 (3892., 3894., 3878., 3887., 1411., 84197, 20231218091500)
 (3888., 3898., 3882., 3893.,  294., 84201, 20231218093000)
 (3893., 3895., 3887., 3895.,  287., 84149, 20231218094500)
 (3892., 3895., 3887., 3891.,  225., 84144, 20231218100000)
 (3892., 3896., 3890., 3896.,   60., 84139, 20231218101500)
 (3896., 3896., 3885., 3887.,  420., 84050, 20231218104500)
 (3887., 3893., 3887., 3890.,  261., 83928, 20231218110000)
 (3891., 3902., 3889., 3901.,  490., 83861, 20231218111500)
 (3900., 3912., 3900., 3911., 1083., 83829, 20231218113000)
 (3906., 3912., 3902., 3907.,  450., 83964, 20231218134500)
 (3907., 3918., 3904., 3912.,  494., 83872, 20231218140000)
 (3912., 3915., 3908., 3908.,  161., 83900, 20231218141500)
 (3910., 3916., 3906., 3915.,  645., 84275, 20231218143000)
 (3915., 3919., 3915., 3915.,  491., 84132, 20231218144500)
 (3918., 3921., 3914., 3918.,  327., 84166, 20231218150000)]
2023-12-19 15:30:00  INFO  [(3912., 3928., 3912., 3913., 541., 84141, 20231218211500)
 (3913., 3917., 3910., 3917., 236., 84149, 20231218213000)
 (3916., 3917., 3913., 3915., 122., 84149, 20231218214500)
 (3914., 3922., 3909., 3922., 246., 84138, 20231218220000)
 (3922., 3925., 3919., 3922., 386., 84074, 20231218221500)
 (3923., 3923., 3917., 3921., 115., 84019, 20231218223000)
 (3921., 3921., 3912., 3912., 152., 84037, 20231218224500)
 (3914., 3917., 3912., 3915., 319., 84112, 20231218230000)
 (3913., 3917., 3906., 3912., 966., 84225, 20231219091500)
 (3914., 3914., 3902., 3905., 471., 84191, 20231219093000)
 (3904., 3910., 3896., 3906., 837., 83899, 20231219094500)
 (3906., 3910., 3905., 3908., 301., 83916, 20231219100000)
 (3908., 3926., 3908., 3924., 592., 83821, 20231219101500)
 (3924., 3932., 3920., 3922., 702., 83930, 20231219104500)
 (3921., 3924., 3918., 3919., 230., 84009, 20231219110000)
 (3920., 3924., 3916., 3924., 230., 84075, 20231219111500)
 (3923., 3925., 3893., 3893., 841., 84131, 20231219113000)
 (3893., 3907., 3888., 3897., 957., 83990, 20231219134500)
 (3898., 3902., 3893., 3896., 299., 84041, 20231219140000)
 (3898., 3901., 3894., 3901., 318., 84106, 20231219141500)
 (3899., 3903., 3897., 3903., 101., 84111, 20231219143000)
 (3903., 3923., 3901., 3915., 683., 84063, 20231219144500)
 (3916., 3918., 3904., 3905., 461., 84051, 20231219150000)]
2023-12-20 15:30:00  INFO  [(3910., 3915., 3906., 3912.,  309., 84029, 20231219211500)
 (3911., 3911., 3901., 3908.,  362., 84015, 20231219213000)
 (3908., 3913., 3903., 3904.,  141., 84070, 20231219214500)
 (3904., 3905., 3901., 3902.,  171., 84119, 20231219220000)
 (3903., 3910., 3900., 3909.,  266., 84233, 20231219221500)
 (3908., 3912., 3907., 3907.,  192., 84192, 20231219223000)
 (3907., 3916., 3905., 3912.,  156., 84192, 20231219224500)
 (3911., 3914., 3907., 3907.,  336., 84215, 20231219230000)
 (3910., 3918., 3910., 3913.,  218., 84235, 20231220091500)
 (3913., 3925., 3913., 3925.,  621., 84439, 20231220093000)
 (3925., 3935., 3921., 3923., 1159., 84755, 20231220094500)
 (3926., 3930., 3922., 3930.,  313., 84872, 20231220100000)
 (3928., 3928., 3919., 3922.,  388., 84876, 20231220101500)
 (3920., 3923., 3918., 3918.,  187., 84864, 20231220104500)
 (3921., 3922., 3914., 3920.,  426., 84882, 20231220110000)
 (3921., 3930., 3921., 3930.,  296., 84853, 20231220111500)
 (3927., 3929., 3919., 3926.,  264., 84846, 20231220113000)
 (3926., 3936., 3924., 3930., 1111., 85010, 20231220134500)
 (3932., 3933., 3928., 3929.,  410., 84940, 20231220140000)
 (3930., 3935., 3926., 3934.,  375., 84880, 20231220141500)
 (3932., 3932., 3922., 3925.,  608., 84942, 20231220143000)
 (3925., 3927., 3921., 3925.,  195., 84942, 20231220144500)
 (3925., 3925., 3917., 3920.,  299., 84974, 20231220150000)]
2023-12-21 15:30:00  INFO  [(3920., 3923., 3907., 3910., 1432., 85733, 20231220211500)
 (3910., 3910., 3902., 3906.,  759., 85767, 20231220213000)
 (3907., 3914., 3906., 3914.,  269., 85855, 20231220214500)
 (3914., 3917., 3909., 3911.,  190., 85895, 20231220220000)
 (3909., 3913., 3907., 3912.,  163., 85924, 20231220221500)
 (3913., 3923., 3912., 3918.,  472., 85859, 20231220223000)
 (3918., 3925., 3915., 3922.,  261., 85841, 20231220224500)
 (3920., 3922., 3917., 3920.,  505., 85597, 20231220230000)
 (3917., 3924., 3913., 3921.,  382., 85531, 20231221091500)
 (3920., 3926., 3920., 3923.,  168., 85483, 20231221093000)
 (3925., 3925., 3916., 3916.,  131., 85494, 20231221094500)
 (3915., 3921., 3915., 3918.,  344., 85579, 20231221100000)
 (3917., 3921., 3914., 3920.,  167., 85657, 20231221101500)
 (3923., 3929., 3919., 3925.,  530., 85496, 20231221104500)
 (3923., 3930., 3923., 3929.,  116., 85489, 20231221110000)
 (3929., 3948., 3928., 3944., 2139., 85766, 20231221111500)
 (3945., 3947., 3938., 3940.,  464., 85905, 20231221113000)
 (3948., 3959., 3940., 3955.,  818., 85896, 20231221134500)
 (3957., 3959., 3952., 3953.,  432., 85913, 20231221140000)
 (3954., 3956., 3952., 3954.,  114., 85907, 20231221141500)
 (3955., 3960., 3952., 3958.,  429., 85917, 20231221143000)
 (3958., 3969., 3958., 3965., 1164., 85990, 20231221144500)
 (3965., 3968., 3961., 3967., 1301., 85575, 20231221150000)]
2023-12-22 15:30:00  INFO  [(3967., 3977., 3965., 3973., 1393., 85650, 20231221211500)
 (3973., 3973., 3963., 3970.,  462., 85583, 20231221213000)
 (3969., 3976., 3968., 3973.,  443., 85641, 20231221214500)
 (3975., 3977., 3970., 3977.,  430., 85587, 20231221220000)
 (3976., 3977., 3967., 3968.,  322., 85514, 20231221221500)
 (3968., 3972., 3968., 3969.,   94., 85498, 20231221223000)
 (3970., 3971., 3965., 3967.,  176., 85526, 20231221224500)
 (3969., 3969., 3962., 3969.,  530., 85450, 20231221230000)
 (3962., 3970., 3962., 3969.,  115., 85459, 20231222091500)
 (3970., 3974., 3968., 3973.,  132., 85443, 20231222093000)
 (3971., 3978., 3966., 3976.,  286., 85498, 20231222094500)
 (3975., 3989., 3975., 3988., 1242., 85374, 20231222100000)
 (3987., 3989., 3980., 3988.,  363., 85317, 20231222101500)
 (3987., 4000., 3987., 3998., 1546., 85033, 20231222104500)
 (3998., 4005., 3998., 4004.,  912., 85059, 20231222110000)
 (4005., 4005., 3998., 3999.,  778., 84964, 20231222111500)
 (3998., 3998., 3993., 3995.,  771., 85230, 20231222113000)
 (3993., 3994., 3985., 3988.,  812., 85385, 20231222134500)
 (3990., 3990., 3974., 3982., 1237., 85407, 20231222140000)
 (3983., 3987., 3982., 3984.,  478., 85227, 20231222141500)
 (3985., 3991., 3979., 3989.,  316., 85213, 20231222143000)
 (3989., 3992., 3984., 3990.,  206., 85180, 20231222144500)
 (3990., 3993., 3982., 3984.,  257., 85154, 20231222150000)]
2023-12-25 15:30:00  INFO  [(3979., 3984., 3971., 3974.,  423., 85264, 20231222211500)
 (3975., 3979., 3971., 3972.,  274., 85287, 20231222213000)
 (3973., 3980., 3973., 3978.,  127., 85298, 20231222214500)
 (3978., 3981., 3975., 3981.,  117., 85273, 20231222220000)
 (3981., 3982., 3976., 3980.,  153., 85274, 20231222221500)
 (3981., 3981., 3975., 3976.,  120., 85256, 20231222223000)
 (3978., 3982., 3975., 3979.,  169., 85285, 20231222224500)
 (3978., 3980., 3970., 3973.,  535., 85283, 20231222230000)
 (3970., 3975., 3960., 3970., 1082., 85036, 20231225091500)
 (3970., 3990., 3970., 3988., 1267., 85077, 20231225093000)
 (3988., 3991., 3984., 3984.,  284., 85085, 20231225094500)
 (3984., 3988., 3983., 3988.,   54., 85102, 20231225100000)
 (3989., 3990., 3984., 3987.,  132., 85048, 20231225101500)
 (3983., 3983., 3978., 3978.,  169., 85095, 20231225104500)
 (3978., 3978., 3967., 3975.,  413., 85193, 20231225110000)
 (3973., 3975., 3966., 3968.,  236., 85127, 20231225111500)
 (3968., 3970., 3962., 3966.,  318., 85088, 20231225113000)
 (3966., 3977., 3966., 3972.,  131., 85053, 20231225134500)
 (3973., 3981., 3970., 3973.,  416., 85128, 20231225140000)
 (3971., 3978., 3968., 3975.,  178., 85081, 20231225141500)
 (3976., 3986., 3973., 3984.,  284., 85056, 20231225143000)
 (3984., 3986., 3980., 3982.,  340., 85108, 20231225144500)
 (3982., 3986., 3976., 3977.,  335., 85094, 20231225150000)]
2023-12-26 15:30:00  INFO  [(3972., 4000., 3971., 3999., 908., 85061, 20231225211500)
 (3998., 3999., 3992., 3995., 264., 85201, 20231225213000)
 (3993., 3996., 3991., 3995., 115., 85228, 20231225214500)
 (3996., 3996., 3994., 3995., 166., 85265, 20231225220000)
 (3994., 3995., 3991., 3993.,  84., 85263, 20231225221500)
 (3994., 3994., 3989., 3992.,  79., 85252, 20231225223000)
 (3992., 4000., 3990., 3999., 619., 85235, 20231225224500)
 (3999., 3999., 3993., 3997., 476., 84877, 20231225230000)
 (3997., 4002., 3996., 3999., 393., 84942, 20231226091500)
 (3997., 4006., 3997., 3998., 280., 84937, 20231226093000)
 (3997., 3998., 3993., 3997., 153., 84937, 20231226094500)
 (3995., 3997., 3990., 3997., 137., 84991, 20231226100000)
 (3997., 4003., 3994., 4002., 290., 84874, 20231226101500)
 (3998., 3998., 3986., 3992., 338., 84854, 20231226104500)
 (3992., 3995., 3989., 3995., 158., 84849, 20231226110000)
 (3995., 3999., 3992., 3997., 102., 84905, 20231226111500)
 (3997., 3997., 3992., 3992.,  87., 84875, 20231226113000)
 (3993., 3993., 3984., 3990., 237., 84954, 20231226134500)
 (3991., 4010., 3986., 3998., 918., 85157, 20231226140000)
 (3999., 4006., 3996., 4004., 518., 85159, 20231226141500)
 (4004., 4009., 4002., 4002., 465., 85104, 20231226143000)
 (4003., 4004., 3996., 3999., 249., 85132, 20231226144500)
 (3999., 4004., 3993., 3997., 492., 84988, 20231226150000)]
2023-12-27 15:30:00  INFO  [(3991., 3998., 3988., 3990.,  647., 85083, 20231226211500)
 (3990., 3994., 3988., 3990.,  422., 85140, 20231226213000)
 (3991., 3992., 3988., 3992.,  275., 85168, 20231226214500)
 (3992., 3993., 3987., 3992.,  128., 85191, 20231226220000)
 (3991., 3996., 3988., 3996.,  134., 85288, 20231226221500)
 (3996., 3997., 3991., 3992.,  295., 85354, 20231226223000)
 (3991., 3993., 3970., 3976., 1375., 85508, 20231226224500)
 (3976., 3976., 3963., 3969., 1313., 85391, 20231226230000)
 (3969., 3983., 3966., 3981.,  671., 85209, 20231227091500)
 (3981., 3984., 3973., 3979.,  568., 85290, 20231227093000)
 (3976., 3981., 3976., 3977.,   44., 85280, 20231227094500)
 (3979., 3984., 3976., 3981.,  198., 85316, 20231227100000)
 (3980., 3986., 3980., 3983.,  133., 85334, 20231227101500)
 (3982., 3984., 3978., 3984.,  246., 85432, 20231227104500)
 (3983., 3992., 3983., 3988.,  343., 85496, 20231227110000)
 (3988., 3990., 3982., 3983.,  160., 85493, 20231227111500)
 (3983., 4000., 3983., 3993.,  528., 85599, 20231227113000)
 (3991., 3994., 3986., 3991.,  197., 85590, 20231227134500)
 (3991., 3994., 3988., 3991.,   66., 85597, 20231227140000)
 (3994., 3996., 3993., 3996.,  486., 85474, 20231227141500)
 (3995., 4005., 3993., 4005., 1257., 85306, 20231227143000)
 (4005., 4005., 3999., 3999.,  469., 85162, 20231227144500)
 (4000., 4000., 3995., 3996.,  640., 85192, 20231227150000)]
2023-12-28 15:30:00  INFO  [(3994., 4000., 3991., 3997.,  347., 85233, 20231227211500)
 (3996., 3999., 3992., 3996.,  439., 85237, 20231227213000)
 (3996., 3997., 3990., 3991.,  119., 85260, 20231227214500)
 (3993., 3994., 3989., 3992.,  219., 85363, 20231227220000)
 (3993., 3994., 3983., 3986.,  353., 85435, 20231227221500)
 (3986., 3989., 3980., 3986.,  393., 85581, 20231227223000)
 (3986., 3992., 3978., 3985.,  395., 85690, 20231227224500)
 (3988., 3990., 3983., 3984.,  283., 85599, 20231227230000)
 (3987., 3990., 3984., 3989.,  103., 85582, 20231228091500)
 (3989., 3995., 3988., 3993.,  164., 85589, 20231228093000)
 (3990., 3996., 3983., 3986.,  261., 85538, 20231228094500)
 (3986., 3991., 3984., 3990.,  105., 85524, 20231228100000)
 (3989., 3993., 3983., 3986.,  109., 85495, 20231228101500)
 (3986., 3987., 3981., 3984.,  152., 85479, 20231228104500)
 (3983., 3990., 3982., 3988.,  214., 85474, 20231228110000)
 (3988., 3990., 3980., 3980.,  235., 85445, 20231228111500)
 (3979., 3982., 3972., 3974., 1339., 85306, 20231228113000)
 (3970., 3986., 3969., 3985.,  837., 85604, 20231228134500)
 (3986., 3987., 3980., 3981.,  284., 85698, 20231228140000)
 (3980., 3984., 3972., 3974.,  611., 85909, 20231228141500)
 (3973., 3975., 3968., 3970.,  526., 86075, 20231228143000)
 (3970., 3972., 3950., 3958., 2127., 86510, 20231228144500)
 (3957., 3965., 3955., 3961.,  652., 86410, 20231228150000)]
2023-12-29 15:30:00  INFO  [(3961., 3973., 3956., 3970., 2655., 88431, 20231228211500)
 (3971., 3975., 3971., 3975.,  369., 88492, 20231228213000)
 (3976., 3982., 3975., 3979.,  572., 88274, 20231228214500)
 (3980., 3984., 3980., 3982.,  958., 88232, 20231228220000)
 (3983., 3983., 3978., 3982.,  226., 88249, 20231228221500)
 (3980., 3985., 3978., 3979.,  152., 88280, 20231228223000)
 (3980., 3983., 3979., 3981.,   78., 88330, 20231228224500)
 (3981., 3986., 3978., 3986.,  203., 88309, 20231228230000)
 (3986., 3986., 3978., 3981.,  391., 88250, 20231229091500)
 (3980., 3980., 3975., 3978.,  342., 88373, 20231229093000)
 (3979., 3983., 3977., 3979.,  177., 88433, 20231229094500)
 (3979., 3979., 3973., 3974.,  171., 88457, 20231229100000)
 (3974., 3975., 3957., 3958.,  835., 88532, 20231229101500)
 (3957., 3961., 3950., 3957.,  853., 88532, 20231229104500)
 (3958., 3964., 3956., 3962.,  408., 88577, 20231229110000)
 (3963., 3974., 3962., 3972.,  397., 88613, 20231229111500)
 (3970., 3983., 3969., 3973., 1263., 88347, 20231229113000)
 (3974., 3976., 3970., 3976.,  337., 88277, 20231229134500)
 (3976., 3976., 3967., 3971.,  524., 88468, 20231229140000)
 (3970., 3976., 3968., 3974.,  159., 88458, 20231229141500)
 (3972., 3978., 3971., 3976.,  182., 88407, 20231229143000)
 (3976., 3976., 3967., 3968.,  337., 88445, 20231229144500)
 (3968., 3973., 3967., 3972.,  330., 88448, 20231229150000)]
2024-01-02 15:30:00  INFO  [(3963., 3974., 3962., 3972.,  397., 88613, 20231229111500)
 (3970., 3983., 3969., 3973., 1263., 88347, 20231229113000)
 (3974., 3976., 3970., 3976.,  337., 88277, 20231229134500)
 (3976., 3976., 3967., 3971.,  524., 88468, 20231229140000)
 (3970., 3976., 3968., 3974.,  159., 88458, 20231229141500)
 (3972., 3978., 3971., 3976.,  182., 88407, 20231229143000)
 (3976., 3976., 3967., 3968.,  337., 88445, 20231229144500)
 (3968., 3973., 3967., 3972.,  330., 88448, 20231229150000)
 (3972., 4018., 3950., 4011., 4806., 88208, 20240102091500)
 (4011., 4014., 3997., 4007., 2188., 88345, 20240102093000)
 (4008., 4009., 3998., 3999.,  664., 88255, 20240102094500)
 (4000., 4004., 3998., 4004.,  756., 88283, 20240102100000)
 (4004., 4010., 3998., 4010.,  667., 88384, 20240102101500)
 (4010., 4025., 4010., 4024., 2664., 88928, 20240102104500)
 (4024., 4024., 4015., 4021., 2097., 90142, 20240102110000)
 (4020., 4021., 4014., 4017.,  478., 90177, 20240102111500)
 (4019., 4024., 4016., 4024.,  868., 90485, 20240102113000)
 (4021., 4023., 4018., 4023.,  386., 90444, 20240102134500)
 (4023., 4025., 4018., 4020.,  219., 90552, 20240102140000)
 (4019., 4022., 4018., 4020.,  138., 90597, 20240102141500)
 (4018., 4018., 4012., 4015.,  878., 90682, 20240102143000)
 (4015., 4021., 4015., 4021.,  231., 90707, 20240102144500)
 (4021., 4021., 4012., 4019.,  796., 90761, 20240102150000)]
2024-01-03 15:30:00  INFO  [(4026., 4026., 4012., 4015.,  938., 90752, 20240102211500)
 (4015., 4035., 4015., 4027.,  855., 90848, 20240102213000)
 (4028., 4029., 4023., 4025.,  246., 90819, 20240102214500)
 (4025., 4032., 4024., 4028.,  335., 90754, 20240102220000)
 (4028., 4031., 4025., 4030.,  209., 90899, 20240102221500)
 (4030., 4030., 4023., 4026.,  154., 90878, 20240102223000)
 (4025., 4027., 4022., 4024.,  110., 90851, 20240102224500)
 (4025., 4027., 4020., 4027.,  532., 90629, 20240102230000)
 (4021., 4035., 4020., 4029., 1014., 90021, 20240103091500)
 (4030., 4032., 4025., 4029.,  229., 90100, 20240103093000)
 (4029., 4039., 4028., 4035., 1091., 90522, 20240103094500)
 (4035., 4044., 4033., 4041.,  645., 90563, 20240103100000)
 (4042., 4042., 4031., 4033.,  293., 90658, 20240103101500)
 (4033., 4037., 4030., 4034.,  540., 90907, 20240103104500)
 (4034., 4035., 4026., 4029.,  486., 91223, 20240103110000)
 (4029., 4031., 4020., 4021.,  573., 91460, 20240103111500)
 (4025., 4027., 4021., 4024.,  336., 91573, 20240103113000)
 (4024., 4030., 4022., 4025.,  180., 91568, 20240103134500)
 (4026., 4026., 4020., 4020.,  172., 91600, 20240103140000)
 (4022., 4030., 4021., 4028.,  228., 91674, 20240103141500)
 (4027., 4031., 4027., 4028.,  171., 91763, 20240103143000)
 (4026., 4037., 4025., 4035.,  538., 91929, 20240103144500)
 (4035., 4036., 4027., 4027.,  433., 92054, 20240103150000)]
2024-01-04 15:30:00  INFO  [(4027., 4027., 4019., 4023.,  365., 92054, 20240103211500)
 (4024., 4025., 4018., 4019.,  364., 92048, 20240103213000)
 (4019., 4023., 4018., 4018.,  154., 91987, 20240103214500)
 (4018., 4019., 4010., 4019., 1113., 91829, 20240103220000)
 (4019., 4024., 4019., 4021.,  216., 91832, 20240103221500)
 (4021., 4022., 4018., 4018.,   45., 91814, 20240103223000)
 (4018., 4027., 4015., 4022.,  381., 91755, 20240103224500)
 (4022., 4023., 4018., 4022.,  428., 91574, 20240103230000)
 (4023., 4029., 4019., 4027.,  302., 91537, 20240104091500)
 (4027., 4032., 4026., 4028.,  132., 91552, 20240104093000)
 (4028., 4028., 4023., 4025.,   76., 91568, 20240104094500)
 (4027., 4036., 4024., 4029., 2576., 92992, 20240104100000)
 (4030., 4031., 4013., 4020.,  615., 93313, 20240104101500)
 (4019., 4021., 4015., 4016.,  467., 93545, 20240104104500)
 (4016., 4018., 4004., 4009., 1459., 93955, 20240104110000)
 (4009., 4014., 4004., 4006.,  749., 94190, 20240104111500)
 (4007., 4013., 4004., 4011.,  376., 94057, 20240104113000)
 (4007., 4018., 4005., 4009.,  903., 94294, 20240104134500)
 (4010., 4020., 4008., 4018.,  477., 94456, 20240104140000)
 (4019., 4027., 4018., 4024.,  879., 94565, 20240104141500)
 (4025., 4028., 4022., 4023.,  554., 94504, 20240104143000)
 (4023., 4025., 4022., 4024.,  173., 94455, 20240104144500)
 (4024., 4024., 4017., 4021.,  519., 94535, 20240104150000)]
2024-01-05 15:30:00  INFO  [(4022., 4028., 4014., 4025., 1089.,  94625, 20240104211500)
 (4023., 4025., 4014., 4015.,  234.,  94700, 20240104213000)
 (4014., 4016., 4010., 4012.,  333.,  94734, 20240104214500)
 (4015., 4015., 4010., 4014.,  198.,  94852, 20240104220000)
 (4013., 4013., 4008., 4011.,  176.,  94837, 20240104221500)
 (4011., 4012., 3995., 3997., 1905.,  94959, 20240104223000)
 (3997., 4004., 3994., 4001.,  532.,  94845, 20240104224500)
 (4004., 4010., 4000., 4010.,  420.,  94814, 20240104230000)
 (4006., 4012., 4001., 4001.,  388.,  94841, 20240105091500)
 (4002., 4005., 3990., 3994.,  957.,  95127, 20240105093000)
 (3996., 3998., 3992., 3995.,  268.,  95206, 20240105094500)
 (3995., 3996., 3986., 3992.,  412.,  95333, 20240105100000)
 (3991., 3995., 3981., 3982.,  611.,  95336, 20240105101500)
 (3983., 3985., 3976., 3980., 2053.,  96348, 20240105104500)
 (3977., 3993., 3977., 3988.,  970.,  96477, 20240105110000)
 (3988., 3992., 3986., 3986.,   94.,  96458, 20240105111500)
 (3982., 3995., 3982., 3987., 5751.,  99812, 20240105113000)
 (3987., 3987., 3980., 3980.,  294.,  99893, 20240105134500)
 (3980., 3980., 3970., 3973.,  982., 100130, 20240105140000)
 (3972., 3981., 3971., 3979.,  376., 100153, 20240105141500)
 (3978., 3979., 3965., 3966.,  637., 100292, 20240105143000)
 (3966., 3972., 3962., 3966.,  861., 100585, 20240105144500)
 (3964., 3971., 3955., 3963., 2686., 100874, 20240105150000)]
2024-01-08 15:30:00  INFO  [(3966., 3969., 3950., 3951.,  857., 101002, 20240105211500)
 (3951., 3954., 3943., 3950., 2494., 101095, 20240105213000)
 (3949., 3953., 3946., 3953.,  560., 101109, 20240105214500)
 (3953., 3960., 3947., 3958.,  390., 101065, 20240105220000)
 (3958., 3965., 3955., 3960.,  684., 101459, 20240105221500)
 (3958., 3961., 3955., 3959.,  894., 102047, 20240105223000)
 (3960., 3960., 3953., 3959.,  532., 102184, 20240105224500)
 (3959., 3961., 3951., 3957.,  984., 102186, 20240105230000)
 (3951., 3956., 3942., 3943., 4121., 102230, 20240108091500)
 (3942., 3948., 3940., 3944.,  600., 102162, 20240108093000)
 (3944., 3949., 3943., 3943.,  198., 102241, 20240108094500)
 (3946., 3947., 3940., 3941.,  164., 102259, 20240108100000)
 (3940., 3947., 3940., 3943.,  445., 102417, 20240108101500)
 (3939., 3950., 3939., 3949.,  396., 102629, 20240108104500)
 (3948., 3949., 3942., 3943.,  226., 102727, 20240108110000)
 (3942., 3944., 3933., 3933.,  817., 102997, 20240108111500)
 (3933., 3936., 3926., 3930., 1555., 103546, 20240108113000)
 (3930., 3930., 3917., 3920., 1203., 103863, 20240108134500)
 (3920., 3933., 3920., 3928.,  863., 103860, 20240108140000)
 (3927., 3936., 3924., 3932.,  453., 103843, 20240108141500)
 (3931., 3933., 3928., 3928.,  295., 103867, 20240108143000)
 (3925., 3932., 3922., 3926.,  832., 104278, 20240108144500)
 (3926., 3931., 3923., 3930., 1026., 104469, 20240108150000)]
2024-01-09 15:30:00  INFO  [(3931., 3937., 3927., 3937., 2070., 105278, 20240108211500)
 (3934., 3939., 3925., 3929., 1159., 105657, 20240108213000)
 (3926., 3930., 3922., 3924.,  579., 105904, 20240108214500)
 (3925., 3927., 3922., 3926.,  225., 105995, 20240108220000)
 (3922., 3927., 3921., 3922.,  202., 105990, 20240108221500)
 (3922., 3926., 3921., 3926.,   73., 106020, 20240108223000)
 (3925., 3928., 3924., 3926.,  311., 105778, 20240108224500)
 (3926., 3929., 3922., 3922., 1257., 105818, 20240108230000)
 (3929., 3933., 3921., 3922., 1766., 106409, 20240109091500)
 (3921., 3929., 3920., 3929., 1125., 106711, 20240109093000)
 (3929., 3932., 3926., 3930.,  433., 106764, 20240109094500)
 (3930., 3932., 3925., 3928.,  184., 106869, 20240109100000)
 (3925., 3928., 3920., 3922.,  844., 106935, 20240109101500)
 (3922., 3926., 3915., 3918., 2065., 108034, 20240109104500)
 (3917., 3922., 3914., 3916., 1766., 109021, 20240109110000)
 (3914., 3930., 3910., 3925.,  794., 109236, 20240109111500)
 (3927., 3931., 3923., 3925.,  771., 109031, 20240109113000)
 (3923., 3935., 3920., 3933., 2133., 108936, 20240109134500)
 (3930., 3934., 3925., 3925.,  648., 108999, 20240109140000)
 (3926., 3926., 3917., 3919.,  946., 108992, 20240109141500)
 (3917., 3921., 3917., 3919.,  605., 108933, 20240109143000)
 (3918., 3925., 3918., 3922., 1073., 108957, 20240109144500)
 (3921., 3922., 3915., 3917.,  959., 109235, 20240109150000)]
2024-01-10 15:30:00  INFO  [(3921., 3924., 3914., 3919.,  644., 109462, 20240109211500)
 (3918., 3919., 3909., 3909.,  575., 109653, 20240109213000)
 (3909., 3915., 3908., 3912.,  454., 109873, 20240109214500)
 (3912., 3913., 3910., 3913.,  775., 110472, 20240109220000)
 (3912., 3916., 3910., 3913.,  180., 110516, 20240109221500)
 (3911., 3915., 3911., 3911.,  139., 110518, 20240109223000)
 (3913., 3913., 3906., 3911.,  579., 110861, 20240109224500)
 (3910., 3913., 3906., 3909.,  505., 110831, 20240109230000)
 (3908., 3908., 3895., 3896., 4040., 109003, 20240110091500)
 (3896., 3898., 3890., 3892.,  747., 109240, 20240110093000)
 (3892., 3900., 3890., 3897., 2312., 109330, 20240110094500)
 (3897., 3904., 3895., 3901.,  918., 109477, 20240110100000)
 (3900., 3911., 3898., 3908., 1142., 109715, 20240110101500)
 (3907., 3907., 3895., 3895.,  247., 109739, 20240110104500)
 (3895., 3897., 3888., 3891., 2113., 111131, 20240110110000)
 (3890., 3893., 3886., 3887.,  551., 111423, 20240110111500)
 (3886., 3892., 3885., 3891.,  150., 111454, 20240110113000)
 (3891., 3893., 3885., 3889.,  364., 111525, 20240110134500)
 (3888., 3896., 3888., 3895.,  173., 111511, 20240110140000)
 (3893., 3897., 3887., 3887.,  199., 111505, 20240110141500)
 (3887., 3888., 3881., 3882.,  833., 111526, 20240110143000)
 (3883., 3887., 3871., 3872., 1739., 112100, 20240110144500)
 (3874., 3875., 3866., 3867., 2288., 113034, 20240110150000)]
2024-01-11 15:30:00  INFO  [(3859., 3873., 3855., 3867., 2287., 113496, 20240110211500)
 (3866., 3867., 3861., 3864.,  621., 113577, 20240110213000)
 (3864., 3867., 3860., 3867., 1580., 114040, 20240110214500)
 (3867., 3878., 3865., 3874., 1576., 114399, 20240110220000)
 (3874., 3875., 3869., 3875.,  424., 114461, 20240110221500)
 (3875., 3880., 3874., 3879.,  351., 114353, 20240110223000)
 (3880., 3887., 3880., 3881.,  596., 114186, 20240110224500)
 (3881., 3893., 3878., 3882., 1080., 113917, 20240110230000)
 (3885., 3894., 3884., 3884.,  996., 113728, 20240111091500)
 (3884., 3889., 3883., 3886.,  182., 113740, 20240111093000)
 (3887., 3893., 3886., 3888.,  481., 113675, 20240111094500)
 (3887., 3890., 3882., 3883.,  244., 113760, 20240111100000)
 (3883., 3885., 3880., 3881.,  133., 113787, 20240111101500)
 (3882., 3885., 3880., 3882.,  550., 113621, 20240111104500)
 (3882., 3889., 3881., 3888.,  364., 113735, 20240111110000)
 (3889., 3896., 3882., 3891.,  607., 113928, 20240111111500)
 (3892., 3898., 3889., 3895.,  705., 113874, 20240111113000)
 (3900., 3909., 3900., 3904., 2316., 114253, 20240111134500)
 (3904., 3904., 3898., 3901.,  632., 114185, 20240111140000)
 (3901., 3901., 3894., 3897.,  440., 113989, 20240111141500)
 (3897., 3900., 3891., 3900.,  261., 114040, 20240111143000)
 (3899., 3900., 3896., 3898.,   42., 114046, 20240111144500)
 (3900., 3906., 3899., 3903.,  820., 114026, 20240111150000)]
2024-01-12 15:30:00  INFO  [(3911., 3911., 3895., 3902., 8419., 111209, 20240111211500)
 (3904., 3910., 3899., 3907.,  395., 111039, 20240111213000)
 (3906., 3909., 3900., 3906., 1113., 110764, 20240111214500)
 (3905., 3906., 3899., 3900.,  403., 110874, 20240111220000)
 (3899., 3902., 3891., 3895.,  518., 110974, 20240111221500)
 (3895., 3895., 3889., 3891.,  366., 111039, 20240111223000)
 (3894., 3898., 3889., 3889.,  558., 110970, 20240111224500)
 (3889., 3890., 3879., 3885.,  787., 110959, 20240111230000)
 (3885., 3899., 3882., 3898.,  974., 110922, 20240112091500)
 (3896., 3899., 3891., 3892.,  128., 110902, 20240112093000)
 (3893., 3895., 3889., 3893.,  154., 110927, 20240112094500)
 (3893., 3904., 3893., 3901.,  549., 110842, 20240112100000)
 (3901., 3904., 3896., 3901.,  191., 110812, 20240112101500)
 (3902., 3903., 3899., 3901.,  267., 110857, 20240112104500)
 (3902., 3906., 3898., 3905.,  157., 110839, 20240112110000)
 (3905., 3905., 3900., 3903.,  148., 110800, 20240112111500)
 (3903., 3903., 3898., 3903.,   81., 110784, 20240112113000)
 (3903., 3903., 3890., 3891.,  252., 110799, 20240112134500)
 (3890., 3891., 3887., 3888.,  292., 110914, 20240112140000)
 (3887., 3894., 3885., 3894.,  179., 110913, 20240112141500)
 (3894., 3894., 3891., 3891.,   77., 110905, 20240112143000)
 (3891., 3895., 3887., 3892.,  203., 110880, 20240112144500)
 (3893., 3895., 3878., 3882., 1670., 110818, 20240112150000)]
2024-01-15 15:30:00  INFO  [(3885., 3885., 3845., 3851., 13556., 114663, 20240112211500)
 (3849., 3854., 3845., 3850.,  1556., 115023, 20240112213000)
 (3849., 3855., 3847., 3850.,   842., 115195, 20240112214500)
 (3852., 3854., 3849., 3854.,   659., 115466, 20240112220000)
 (3851., 3857., 3851., 3852.,   677., 115779, 20240112221500)
 (3852., 3855., 3850., 3852.,   352., 115952, 20240112223000)
 (3851., 3857., 3845., 3857.,   633., 116049, 20240112224500)
 (3857., 3874., 3852., 3864.,  1185., 115786, 20240112230000)
 (3864., 3888., 3864., 3884.,  1690., 116100, 20240115091500)
 (3883., 3884., 3870., 3872.,   661., 116259, 20240115093000)
 (3872., 3881., 3868., 3875.,  1040., 116531, 20240115094500)
 (3876., 3885., 3876., 3879.,   748., 116640, 20240115100000)
 (3878., 3884., 3876., 3876.,   569., 116838, 20240115101500)
 (3877., 3877., 3871., 3874.,   435., 116800, 20240115104500)
 (3874., 3895., 3874., 3890.,  2892., 118294, 20240115110000)
 (3891., 3897., 3888., 3892.,  1058., 118651, 20240115111500)
 (3892., 3894., 3885., 3889.,   535., 118630, 20240115113000)
 (3888., 3889., 3882., 3886.,   359., 118639, 20240115134500)
 (3886., 3890., 3885., 3887.,   135., 118610, 20240115140000)
 (3885., 3888., 3883., 3887.,   149., 118637, 20240115141500)
 (3887., 3892., 3887., 3888.,   196., 118692, 20240115143000)
 (3887., 3888., 3879., 3881.,   400., 118797, 20240115144500)
 (3881., 3883., 3869., 3874.,  1453., 118963, 20240115150000)]
2024-01-16 15:30:00  INFO  [(3874., 3874., 3857., 3870., 4669., 122322, 20240115211500)
 (3870., 3875., 3869., 3873.,  369., 122218, 20240115213000)
 (3874., 3875., 3870., 3871.,  107., 122196, 20240115214500)
 (3870., 3877., 3867., 3877.,  882., 122321, 20240115220000)
 (3877., 3880., 3873., 3878.,  587., 122213, 20240115221500)
 (3879., 3879., 3873., 3878.,  105., 122229, 20240115223000)
 (3877., 3877., 3865., 3865.,  400., 122422, 20240115224500)
 (3865., 3870., 3860., 3866.,  919., 122731, 20240115230000)
 (3868., 3871., 3863., 3865., 1409., 123805, 20240116091500)
 (3864., 3864., 3860., 3861.,  372., 123862, 20240116093000)
 (3860., 3866., 3858., 3858.,  255., 123863, 20240116094500)
 (3859., 3866., 3858., 3864.,  301., 123804, 20240116100000)
 (3864., 3873., 3863., 3866.,  352., 123814, 20240116101500)
 (3867., 3869., 3860., 3862., 1807., 123153, 20240116104500)
 (3861., 3865., 3858., 3860.,  403., 123269, 20240116110000)
 (3860., 3863., 3855., 3860., 1543., 123798, 20240116111500)
 (3860., 3864., 3851., 3856., 1080., 123964, 20240116113000)
 (3855., 3855., 3843., 3847., 1564., 124898, 20240116134500)
 (3846., 3847., 3835., 3842., 2054., 125476, 20240116140000)
 (3841., 3847., 3839., 3846.,  570., 125605, 20240116141500)
 (3847., 3854., 3840., 3840.,  986., 125464, 20240116143000)
 (3840., 3847., 3838., 3844.,  814., 125715, 20240116144500)
 (3845., 3873., 3836., 3872., 3045., 125920, 20240116150000)]
2024-01-17 15:30:00  INFO  [(3883., 3895., 3875., 3891., 7619., 129728, 20240116211500)
 (3892., 3894., 3886., 3889.,  816., 129631, 20240116213000)
 (3889., 3889., 3884., 3884.,  341., 129605, 20240116214500)
 (3884., 3888., 3882., 3882.,  424., 129791, 20240116220000)
 (3884., 3885., 3881., 3881.,  212., 129811, 20240116221500)
 (3882., 3887., 3880., 3882.,  762., 129912, 20240116223000)
 (3881., 3885., 3879., 3885.,  183., 129958, 20240116224500)
 (3884., 3886., 3882., 3884.,  311., 129865, 20240116230000)
 (3883., 3885., 3878., 3881.,  636., 130134, 20240117091500)
 (3881., 3884., 3881., 3884.,  234., 130190, 20240117093000)
 (3885., 3885., 3878., 3880.,  177., 130258, 20240117094500)
 (3879., 3880., 3876., 3878.,  282., 130323, 20240117100000)
 (3878., 3878., 3868., 3868.,  764., 130367, 20240117101500)
 (3868., 3870., 3860., 3862.,  534., 130470, 20240117104500)
 (3862., 3869., 3857., 3860.,  470., 130431, 20240117110000)
 (3860., 3862., 3857., 3859.,  424., 130461, 20240117111500)
 (3858., 3862., 3857., 3862.,  524., 130427, 20240117113000)
 (3859., 3859., 3852., 3854.,  620., 130624, 20240117134500)
 (3854., 3862., 3851., 3858.,  713., 130744, 20240117140000)
 (3857., 3859., 3854., 3855.,  158., 130752, 20240117141500)
 (3855., 3858., 3850., 3857., 1908., 132252, 20240117143000)
 (3858., 3859., 3845., 3846.,  792., 132398, 20240117144500)
 (3845., 3848., 3833., 3834., 2151., 133327, 20240117150000)]
2024-01-18 15:30:00  INFO  [(3838., 3838., 3822., 3827., 5830., 138125, 20240117211500)
 (3826., 3829., 3821., 3824., 1304., 138646, 20240117213000)
 (3824., 3832., 3823., 3831.,  408., 138798, 20240117214500)
 (3832., 3832., 3826., 3829.,  745., 139255, 20240117220000)
 (3829., 3830., 3826., 3826.,  309., 139413, 20240117221500)
 (3826., 3841., 3826., 3840.,  782., 139236, 20240117223000)
 (3840., 3856., 3839., 3851.,  929., 139243, 20240117224500)
 (3851., 3860., 3851., 3859.,  990., 139014, 20240117230000)
 (3857., 3859., 3851., 3852.,  662., 138993, 20240118091500)
 (3854., 3859., 3853., 3855.,  408., 138970, 20240118093000)
 (3856., 3859., 3852., 3855.,  189., 138964, 20240118094500)
 (3856., 3856., 3852., 3853.,  158., 138997, 20240118100000)
 (3852., 3852., 3842., 3844.,  410., 139198, 20240118101500)
 (3843., 3845., 3833., 3835.,  967., 139418, 20240118104500)
 (3836., 3839., 3831., 3837.,  642., 139489, 20240118110000)
 (3839., 3845., 3839., 3843.,  555., 139483, 20240118111500)
 (3844., 3855., 3844., 3850.,  919., 139444, 20240118113000)
 (3853., 3865., 3843., 3864.,  843., 139343, 20240118134500)
 (3865., 3875., 3861., 3866., 1683., 138672, 20240118140000)
 (3867., 3884., 3864., 3875., 1114., 138404, 20240118141500)
 (3876., 3880., 3869., 3869., 2182., 138392, 20240118143000)
 (3868., 3874., 3863., 3872., 2301., 138647, 20240118144500)
 (3872., 3885., 3871., 3882., 3065., 138897, 20240118150000)]
2024-01-19 15:30:00  INFO  [(3874., 3886., 3870., 3874., 3919., 140802, 20240118211500)
 (3874., 3875., 3869., 3872.,  749., 140945, 20240118213000)
 (3870., 3873., 3868., 3873.,  237., 140944, 20240118214500)
 (3873., 3877., 3869., 3871.,  221., 140981, 20240118220000)
 (3872., 3874., 3870., 3871.,  151., 140968, 20240118221500)
 (3870., 3878., 3870., 3876.,  412., 140768, 20240118223000)
 (3875., 3877., 3872., 3872.,  142., 140796, 20240118224500)
 (3872., 3874., 3860., 3871.,  640., 140840, 20240118230000)
 (3875., 3879., 3871., 3872., 3830., 143919, 20240119091500)
 (3871., 3872., 3866., 3870.,  557., 143951, 20240119093000)
 (3868., 3876., 3868., 3874.,  412., 144033, 20240119094500)
 (3874., 3880., 3871., 3880.,  236., 144010, 20240119100000)
 (3879., 3879., 3872., 3875.,  220., 144095, 20240119101500)
 (3874., 3884., 3874., 3881.,  591., 144000, 20240119104500)
 (3881., 3893., 3881., 3892., 1178., 143989, 20240119110000)
 (3889., 3891., 3886., 3886.,  517., 144078, 20240119111500)
 (3888., 3890., 3883., 3888., 1221., 144784, 20240119113000)
 (3885., 3888., 3881., 3884.,  677., 144787, 20240119134500)
 (3883., 3887., 3877., 3883.,  778., 144991, 20240119140000)
 (3883., 3885., 3879., 3884.,  481., 145212, 20240119141500)
 (3885., 3887., 3882., 3882.,  111., 145224, 20240119143000)
 (3882., 3891., 3882., 3888.,  606., 145165, 20240119144500)
 (3887., 3890., 3886., 3886.,  563., 145135, 20240119150000)]
2024-01-22 15:30:00  INFO  [(3871., 3888., 3871., 3882., 2123., 145879, 20240119211500)
 (3878., 3883., 3877., 3881.,  152., 145886, 20240119213000)
 (3883., 3892., 3883., 3886.,  804., 145834, 20240119214500)
 (3886., 3886., 3883., 3884.,  247., 145930, 20240119220000)
 (3883., 3884., 3880., 3884.,  197., 146002, 20240119221500)
 (3884., 3884., 3881., 3883.,  136., 146082, 20240119223000)
 (3883., 3883., 3874., 3877.,  929., 146601, 20240119224500)
 (3877., 3884., 3876., 3876.,  817., 146916, 20240119230000)
 (3876., 3900., 3869., 3894., 4140., 149009, 20240122091500)
 (3894., 3896., 3886., 3890., 1392., 149166, 20240122093000)
 (3891., 3894., 3887., 3887.,  759., 149298, 20240122094500)
 (3888., 3888., 3883., 3885., 1326., 149374, 20240122100000)
 (3884., 3889., 3881., 3883., 1167., 149391, 20240122101500)
 (3887., 3896., 3884., 3891.,  805., 149116, 20240122104500)
 (3891., 3893., 3887., 3889.,  649., 148906, 20240122110000)
 (3890., 3895., 3888., 3892.,  145., 148861, 20240122111500)
 (3892., 3892., 3886., 3886.,  355., 148836, 20240122113000)
 (3886., 3886., 3868., 3876., 7421., 147589, 20240122134500)
 (3878., 3879., 3868., 3877., 3111., 146652, 20240122140000)
 (3877., 3883., 3875., 3877.,  895., 146743, 20240122141500)
 (3875., 3877., 3855., 3860., 1669., 146972, 20240122143000)
 (3858., 3867., 3857., 3860.,  660., 147113, 20240122144500)
 (3862., 3881., 3861., 3869., 2325., 148031, 20240122150000)]
2024-01-23 15:30:00  INFO  [(3867., 3872., 3858., 3868., 3705., 148581, 20240122211500)
 (3868., 3872., 3866., 3869.,  321., 148599, 20240122213000)
 (3871., 3875., 3869., 3869.,  864., 149178, 20240122214500)
 (3869., 3872., 3864., 3869.,  511., 149515, 20240122220000)
 (3869., 3871., 3865., 3869., 1731., 150878, 20240122221500)
 (3870., 3873., 3868., 3870.,  777., 151408, 20240122223000)
 (3870., 3878., 3868., 3876.,  802., 151698, 20240122224500)
 (3877., 3884., 3875., 3883.,  895., 151459, 20240122230000)
 (3883., 3889., 3881., 3888.,  847., 151346, 20240123091500)
 (3888., 3898., 3886., 3896., 1734., 151767, 20240123093000)
 (3895., 3899., 3888., 3894., 1066., 151886, 20240123094500)
 (3894., 3894., 3889., 3891.,  717., 151499, 20240123100000)
 (3891., 3898., 3890., 3895.,  806., 151443, 20240123101500)
 (3896., 3896., 3889., 3890.,  272., 151390, 20240123104500)
 (3890., 3892., 3886., 3888.,  329., 151386, 20240123110000)
 (3888., 3890., 3884., 3887.,  177., 151385, 20240123111500)
 (3887., 3888., 3885., 3886.,  235., 151481, 20240123113000)
 (3890., 3893., 3889., 3889.,  386., 151645, 20240123134500)
 (3887., 3893., 3887., 3892.,  693., 152154, 20240123140000)
 (3891., 3894., 3891., 3893.,  575., 151887, 20240123141500)
 (3893., 3898., 3892., 3898.,  819., 151779, 20240123143000)
 (3896., 3898., 3891., 3893.,  652., 151518, 20240123144500)
 (3893., 3895., 3889., 3891.,  568., 151493, 20240123150000)]
2024-01-24 15:30:00  INFO  [(3894., 3897., 3891., 3896., 2320., 151876, 20240123211500)
 (3897., 3904., 3896., 3904., 1275., 151576, 20240123213000)
 (3903., 3905., 3900., 3905.,  794., 151511, 20240123214500)
 (3905., 3906., 3900., 3905.,  246., 151514, 20240123220000)
 (3905., 3906., 3897., 3898.,  409., 151507, 20240123221500)
 (3899., 3899., 3893., 3897.,  266., 151625, 20240123223000)
 (3897., 3898., 3896., 3897.,   50., 151659, 20240123224500)
 (3897., 3900., 3895., 3898.,  557., 151829, 20240123230000)
 (3899., 3901., 3896., 3900.,  377., 151995, 20240124091500)
 (3900., 3904., 3897., 3902.,  463., 152041, 20240124093000)
 (3903., 3905., 3901., 3901.,  136., 152068, 20240124094500)
 (3902., 3904., 3898., 3899.,  318., 152130, 20240124100000)
 (3899., 3901., 3893., 3895.,  234., 152155, 20240124101500)
 (3893., 3896., 3892., 3896.,  641., 152182, 20240124104500)
 (3896., 3900., 3896., 3898.,  176., 152226, 20240124110000)
 (3898., 3901., 3898., 3899.,  441., 152287, 20240124111500)
 (3899., 3909., 3899., 3908.,  923., 152176, 20240124113000)
 (3902., 3910., 3902., 3910.,  709., 151991, 20240124134500)
 (3910., 3910., 3905., 3906.,  473., 151807, 20240124140000)
 (3906., 3911., 3905., 3911.,  442., 151699, 20240124141500)
 (3912., 3915., 3909., 3912.,  913., 151439, 20240124143000)
 (3913., 3918., 3909., 3916., 1942., 152177, 20240124144500)
 (3916., 3919., 3911., 3914., 1383., 152295, 20240124150000)]
2024-01-25 15:30:00  INFO  [(3927., 3936., 3925., 3930., 4868., 153824, 20240124211500)
 (3932., 3933., 3927., 3930.,  478., 153930, 20240124213000)
 (3929., 3937., 3928., 3936., 1421., 153902, 20240124214500)
 (3936., 3938., 3933., 3937.,  651., 153950, 20240124220000)
 (3938., 3940., 3932., 3936.,  632., 153998, 20240124221500)
 (3933., 3940., 3933., 3940., 1135., 154251, 20240124223000)
 (3940., 3940., 3936., 3940.,  422., 154089, 20240124224500)
 (3940., 3944., 3936., 3937., 1701., 153407, 20240124230000)
 (3940., 3943., 3935., 3936., 1908., 153078, 20240125091500)
 (3936., 3939., 3935., 3939.,  374., 152987, 20240125093000)
 (3940., 3940., 3934., 3937.,  282., 152996, 20240125094500)
 (3939., 3946., 3939., 3945.,  773., 152797, 20240125100000)
 (3945., 3947., 3943., 3945.,  273., 152790, 20240125101500)
 (3945., 3955., 3940., 3941.,  945., 152887, 20240125104500)
 (3941., 3948., 3940., 3947.,  258., 152976, 20240125110000)
 (3946., 3948., 3945., 3948.,  161., 153015, 20240125111500)
 (3947., 3954., 3947., 3951.,  324., 153090, 20240125113000)
 (3953., 3955., 3948., 3954.,  752., 152910, 20240125134500)
 (3955., 3955., 3948., 3951.,  757., 152868, 20240125140000)
 (3951., 3954., 3950., 3950.,  529., 152623, 20240125141500)
 (3951., 3956., 3950., 3954.,  558., 152526, 20240125143000)
 (3954., 3956., 3948., 3950.,  780., 152552, 20240125144500)
 (3951., 3951., 3930., 3936., 1997., 152889, 20240125150000)]
2024-01-26 15:30:00  INFO  [(3939., 3943., 3935., 3936., 2531., 154697, 20240125211500)
 (3940., 3941., 3936., 3939.,  324., 154805, 20240125213000)
 (3939., 3950., 3937., 3946.,  395., 154712, 20240125214500)
 (3948., 3950., 3943., 3944.,  392., 154564, 20240125220000)
 (3946., 3953., 3945., 3953.,  549., 154487, 20240125221500)
 (3950., 3952., 3940., 3943.,  599., 154472, 20240125223000)
 (3944., 3944., 3932., 3939.,  701., 154357, 20240125224500)
 (3941., 3945., 3938., 3943.,  724., 154208, 20240125230000)
 (3940., 3946., 3937., 3939.,  853., 154243, 20240126091500)
 (3938., 3948., 3937., 3943.,  597., 154253, 20240126093000)
 (3943., 3949., 3938., 3939.,  539., 154258, 20240126094500)
 (3938., 3939., 3934., 3934.,  355., 154375, 20240126100000)
 (3937., 3941., 3933., 3935.,  298., 154417, 20240126101500)
 (3938., 3945., 3938., 3939.,  818., 154615, 20240126104500)
 (3939., 3945., 3939., 3943.,  231., 154633, 20240126110000)
 (3944., 3951., 3943., 3949.,  373., 154547, 20240126111500)
 (3951., 3951., 3945., 3945.,  514., 154385, 20240126113000)
 (3944., 3955., 3944., 3953.,  448., 154351, 20240126134500)
 (3953., 3957., 3951., 3957.,  918., 154131, 20240126140000)
 (3957., 3957., 3945., 3950.,  882., 154024, 20240126141500)
 (3950., 3950., 3940., 3940.,  461., 154026, 20240126143000)
 (3940., 3947., 3938., 3947.,  530., 154208, 20240126144500)
 (3947., 3950., 3942., 3942.,  944., 153934, 20240126150000)]
2024-01-29 15:30:00  INFO  [(3953., 3956., 3939., 3943., 3119., 155700, 20240126211500)
 (3945., 3948., 3942., 3948.,  365., 155557, 20240126213000)
 (3948., 3949., 3945., 3945.,   97., 155525, 20240126214500)
 (3945., 3951., 3945., 3950.,  937., 155385, 20240126220000)
 (3950., 3950., 3944., 3944.,  247., 155406, 20240126221500)
 (3943., 3949., 3943., 3949.,  265., 155391, 20240126223000)
 (3949., 3950., 3945., 3949.,  266., 155392, 20240126224500)
 (3949., 3956., 3946., 3956.,  814., 155265, 20240126230000)
 (3956., 3962., 3945., 3958., 2826., 156300, 20240129091500)
 (3958., 3962., 3955., 3957.,  689., 156360, 20240129093000)
 (3956., 3957., 3949., 3953.,  935., 156810, 20240129094500)
 (3952., 3955., 3948., 3954.,  420., 156853, 20240129100000)
 (3954., 3954., 3947., 3949.,  255., 156887, 20240129101500)
 (3949., 3949., 3945., 3945.,  624., 157118, 20240129104500)
 (3945., 3948., 3940., 3945.,  431., 157315, 20240129110000)
 (3944., 3946., 3940., 3945.,  157., 157331, 20240129111500)
 (3945., 3948., 3940., 3945.,  288., 157421, 20240129113000)
 (3944., 3945., 3924., 3938., 3880., 157764, 20240129134500)
 (3936., 3939., 3930., 3931., 1084., 158023, 20240129140000)
 (3931., 3942., 3930., 3937., 3870., 160394, 20240129141500)
 (3937., 3944., 3936., 3944., 1128., 160997, 20240129143000)
 (3944., 3950., 3941., 3949., 2024., 161357, 20240129144500)
 (3948., 3950., 3939., 3945., 3369., 162968, 20240129150000)]
2024-01-30 15:30:00  INFO  [(3939., 3951., 3939., 3948., 9399., 170288, 20240129211500)
 (3948., 3950., 3943., 3943.,  813., 170528, 20240129213000)
 (3943., 3946., 3940., 3942.,  527., 170696, 20240129214500)
 (3942., 3944., 3936., 3940.,  779., 170956, 20240129220000)
 (3940., 3942., 3936., 3938.,  220., 171076, 20240129221500)
 (3937., 3941., 3935., 3939.,  213., 171086, 20240129223000)
 (3939., 3943., 3937., 3941.,  122., 171077, 20240129224500)
 (3941., 3947., 3938., 3938.,  311., 170896, 20240129230000)
 (3944., 3944., 3937., 3937., 1812., 172390, 20240130091500)
 (3938., 3940., 3937., 3937.,   99., 172383, 20240130093000)
 (3937., 3940., 3934., 3940.,  492., 172464, 20240130094500)
 (3940., 3942., 3938., 3941.,  107., 172491, 20240130100000)
 (3939., 3941., 3928., 3931., 1561., 172721, 20240130101500)
 (3932., 3933., 3928., 3929., 1143., 173201, 20240130104500)
 (3929., 3940., 3928., 3938.,  541., 173263, 20240130110000)
 (3939., 3945., 3936., 3936.,  600., 173590, 20240130111500)
 (3935., 3935., 3922., 3923., 1643., 174278, 20240130113000)
 (3925., 3926., 3920., 3923.,  768., 174425, 20240130134500)
 (3922., 3923., 3910., 3911., 1119., 174760, 20240130140000)
 (3911., 3914., 3906., 3907., 1592., 175685, 20240130141500)
 (3907., 3911., 3902., 3905., 1245., 176266, 20240130143000)
 (3903., 3906., 3898., 3901., 2448., 177673, 20240130144500)
 (3901., 3902., 3889., 3889., 4247., 179343, 20240130150000)]
2024-01-31 15:30:00  INFO  [(3882., 3898., 3881., 3888., 3742., 180785, 20240130211500)
 (3890., 3890., 3882., 3882., 1544., 181402, 20240130213000)
 (3885., 3885., 3876., 3879., 1413., 181530, 20240130214500)
 (3879., 3885., 3879., 3882., 1517., 181650, 20240130220000)
 (3882., 3887., 3878., 3884.,  759., 181699, 20240130221500)
 (3883., 3890., 3883., 3887.,  981., 181505, 20240130223000)
 (3886., 3890., 3886., 3886.,  388., 181720, 20240130224500)
 (3886., 3888., 3882., 3886., 1429., 181498, 20240130230000)
 (3885., 3889., 3879., 3881.,  559., 181460, 20240131091500)
 (3881., 3881., 3875., 3878.,  749., 181370, 20240131093000)
 (3878., 3883., 3877., 3878.,  237., 181394, 20240131094500)
 (3879., 3882., 3872., 3875.,  352., 181536, 20240131100000)
 (3873., 3875., 3871., 3874.,  426., 181776, 20240131101500)
 (3870., 3880., 3870., 3879.,  715., 182074, 20240131104500)
 (3878., 3883., 3876., 3879.,  323., 182016, 20240131110000)
 (3878., 3881., 3875., 3875.,  452., 182095, 20240131111500)
 (3875., 3880., 3873., 3878.,  878., 182043, 20240131113000)
 (3874., 3874., 3866., 3868., 1852., 183143, 20240131134500)
 (3866., 3872., 3865., 3869.,  808., 183206, 20240131140000)
 (3869., 3878., 3867., 3872.,  775., 183291, 20240131141500)
 (3874., 3875., 3865., 3865.,  913., 183496, 20240131143000)
 (3862., 3871., 3862., 3869.,  986., 183591, 20240131144500)
 (3867., 3867., 3851., 3852., 2864., 183878, 20240131150000)]
2024-02-01 15:30:00  INFO  [(3850., 3860., 3848., 3855., 3144., 186187, 20240131211500)
 (3855., 3859., 3851., 3853.,  504., 186486, 20240131213000)
 (3851., 3855., 3847., 3850.,  760., 186803, 20240131214500)
 (3849., 3855., 3849., 3855.,  872., 187323, 20240131220000)
 (3855., 3859., 3854., 3857.,  284., 187382, 20240131221500)
 (3859., 3864., 3857., 3860.,  610., 187576, 20240131223000)
 (3862., 3863., 3857., 3858.,  376., 187840, 20240131224500)
 (3860., 3872., 3860., 3866.,  917., 187824, 20240131230000)
 (3862., 3866., 3858., 3859., 1742., 187826, 20240201091500)
 (3859., 3864., 3857., 3860.,  469., 187984, 20240201093000)
 (3861., 3867., 3857., 3861.,  492., 188079, 20240201094500)
 (3861., 3862., 3856., 3857.,  627., 188359, 20240201100000)
 (3856., 3866., 3856., 3864.,  612., 188454, 20240201101500)
 (3868., 3873., 3865., 3870.,  904., 188730, 20240201104500)
 (3868., 3868., 3862., 3864.,  465., 188884, 20240201110000)
 (3864., 3866., 3860., 3862.,  419., 189146, 20240201111500)
 (3862., 3865., 3860., 3862.,  321., 189263, 20240201113000)
 (3861., 3862., 3846., 3848., 2999., 191443, 20240201134500)
 (3850., 3851., 3842., 3849., 2059., 192077, 20240201140000)
 (3848., 3853., 3846., 3850.,  665., 192364, 20240201141500)
 (3850., 3855., 3847., 3851.,  506., 192541, 20240201143000)
 (3851., 3860., 3849., 3855.,  476., 192652, 20240201144500)
 (3855., 3864., 3855., 3856.,  994., 192917, 20240201150000)]
2024-02-02 15:30:00  INFO  [(3855., 3864., 3854., 3862.,  781., 192975, 20240201211500)
 (3864., 3864., 3851., 3855.,  673., 193183, 20240201213000)
 (3855., 3857., 3853., 3854.,  777., 193622, 20240201214500)
 (3855., 3856., 3852., 3853.,  343., 193745, 20240201220000)
 (3852., 3854., 3848., 3850., 1006., 193962, 20240201221500)
 (3850., 3852., 3841., 3844.,  782., 194277, 20240201223000)
 (3842., 3849., 3838., 3849.,  976., 194427, 20240201224500)
 (3848., 3850., 3838., 3840., 1561., 194146, 20240201230000)
 (3843., 3848., 3838., 3845.,  831., 194404, 20240202091500)
 (3845., 3850., 3843., 3845.,  716., 194595, 20240202093000)
 (3845., 3847., 3843., 3845.,  142., 194635, 20240202094500)
 (3845., 3846., 3840., 3842.,  332., 194698, 20240202100000)
 (3841., 3845., 3833., 3835., 1225., 194948, 20240202101500)
 (3836., 3836., 3816., 3825., 4370., 197212, 20240202104500)
 (3824., 3824., 3812., 3815., 2746., 197981, 20240202110000)
 (3816., 3816., 3809., 3815., 1562., 198320, 20240202111500)
 (3815., 3819., 3811., 3816.,  792., 198452, 20240202113000)
 (3812., 3814., 3794., 3799., 5027., 199718, 20240202134500)
 (3799., 3804., 3798., 3800., 1952., 200541, 20240202140000)
 (3800., 3801., 3791., 3798., 1875., 201492, 20240202141500)
 (3798., 3821., 3793., 3820., 2674., 202772, 20240202143000)
 (3819., 3832., 3816., 3824., 2599., 201747, 20240202144500)
 (3822., 3822., 3807., 3816., 1483., 202060, 20240202150000)]
2024-02-05 15:30:00  INFO  [(3807., 3813., 3803., 3813., 2889., 202967, 20240202211500)
 (3812., 3821., 3810., 3819., 1363., 203346, 20240202213000)
 (3818., 3819., 3813., 3816.,  763., 203204, 20240202214500)
 (3818., 3819., 3812., 3817.,  959., 203418, 20240202220000)
 (3816., 3825., 3815., 3820., 1268., 203714, 20240202221500)
 (3819., 3824., 3818., 3822., 1050., 204357, 20240202223000)
 (3822., 3835., 3822., 3834.,  660., 204323, 20240202224500)
 (3833., 3841., 3832., 3839., 1522., 204172, 20240202230000)
 (3838., 3838., 3825., 3830.,  849., 204296, 20240205091500)
 (3829., 3841., 3829., 3833.,  486., 204241, 20240205093000)
 (3832., 3835., 3828., 3835.,  244., 204316, 20240205094500)
 (3834., 3835., 3827., 3827.,  387., 204358, 20240205100000)
 (3830., 3833., 3823., 3829.,  224., 204364, 20240205101500)
 (3828., 3828., 3814., 3818., 1058., 204589, 20240205104500)
 (3819., 3823., 3813., 3816.,  771., 204652, 20240205110000)
 (3815., 3831., 3815., 3826.,  571., 204553, 20240205111500)
 (3828., 3833., 3819., 3823., 2501., 203891, 20240205113000)
 (3824., 3835., 3824., 3825., 3234., 202705, 20240205134500)
 (3827., 3828., 3820., 3826., 4340., 200957, 20240205140000)
 (3825., 3826., 3818., 3825., 1107., 200941, 20240205141500)
 (3825., 3825., 3819., 3820., 1423., 201258, 20240205143000)
 (3821., 3822., 3812., 3815.,  584., 201105, 20240205144500)
 (3815., 3817., 3810., 3817., 1107., 200876, 20240205150000)]
2024-02-06 15:30:00  INFO  [(3812., 3812., 3782., 3789., 5486., 202551, 20240205211500)
 (3789., 3792., 3786., 3786.,  366., 202543, 20240205213000)
 (3786., 3791., 3780., 3789., 1636., 202660, 20240205214500)
 (3790., 3798., 3788., 3791., 1223., 202505, 20240205220000)
 (3791., 3797., 3791., 3792.,  859., 201953, 20240205221500)
 (3792., 3796., 3789., 3793.,  146., 201970, 20240205223000)
 (3794., 3797., 3794., 3795.,   58., 201973, 20240205224500)
 (3795., 3796., 3788., 3790.,  760., 201926, 20240205230000)
 (3795., 3804., 3795., 3801.,  763., 201917, 20240206091500)
 (3802., 3803., 3794., 3794.,  652., 202107, 20240206093000)
 (3794., 3808., 3794., 3801.,  597., 202306, 20240206094500)
 (3802., 3813., 3802., 3806., 1625., 201748, 20240206100000)
 (3807., 3813., 3805., 3807.,  717., 201936, 20240206101500)
 (3807., 3814., 3806., 3808., 1190., 202120, 20240206104500)
 (3809., 3810., 3804., 3809.,  138., 202158, 20240206110000)
 (3809., 3815., 3804., 3811.,  759., 202070, 20240206111500)
 (3811., 3811., 3800., 3800.,  286., 202061, 20240206113000)
 (3810., 3825., 3810., 3814., 8706., 198212, 20240206134500)
 (3816., 3820., 3809., 3811., 1485., 198099, 20240206140000)
 (3811., 3812., 3802., 3804.,  968., 197921, 20240206141500)
 (3805., 3806., 3790., 3792., 1350., 198048, 20240206143000)
 (3792., 3794., 3788., 3793.,  581., 198064, 20240206144500)
 (3794., 3815., 3793., 3812., 1264., 197796, 20240206150000)]
2024-02-07 15:30:00  INFO  [(3810., 3816., 3806., 3811.,  641., 197798, 20240206211500)
 (3811., 3813., 3809., 3810.,  308., 197669, 20240206213000)
 (3810., 3810., 3802., 3803.,  215., 197655, 20240206214500)
 (3805., 3807., 3802., 3807.,  295., 197539, 20240206220000)
 (3807., 3812., 3806., 3808.,   82., 197505, 20240206221500)
 (3808., 3813., 3805., 3812.,  173., 197468, 20240206223000)
 (3812., 3812., 3807., 3812.,  192., 197514, 20240206224500)
 (3810., 3813., 3807., 3812.,  381., 197463, 20240206230000)
 (3812., 3813., 3803., 3809., 1015., 197846, 20240207091500)
 (3809., 3813., 3806., 3811.,  230., 197934, 20240207093000)
 (3811., 3819., 3806., 3809.,  578., 197966, 20240207094500)
 (3808., 3810., 3805., 3810.,  176., 197961, 20240207100000)
 (3810., 3819., 3808., 3816.,  592., 197786, 20240207101500)
 (3817., 3818., 3804., 3806.,  430., 197682, 20240207104500)
 (3807., 3808., 3795., 3801.,  667., 197666, 20240207110000)
 (3800., 3804., 3795., 3804.,  394., 197712, 20240207111500)
 (3803., 3805., 3798., 3803.,  157., 197711, 20240207113000)
 (3800., 3801., 3794., 3797.,  518., 197618, 20240207134500)
 (3798., 3803., 3797., 3799.,  374., 197527, 20240207140000)
 (3800., 3802., 3796., 3800.,  317., 197641, 20240207141500)
 (3796., 3804., 3796., 3802.,  326., 197672, 20240207143000)
 (3802., 3815., 3801., 3814.,  505., 197570, 20240207144500)
 (3814., 3824., 3814., 3818., 1763., 196881, 20240207150000)]
2024-02-08 15:30:00  INFO  [(3825., 3825., 3812., 3823.,  823., 196730, 20240207211500)
 (3825., 3825., 3816., 3819.,  326., 196758, 20240207213000)
 (3819., 3819., 3815., 3818.,  117., 196727, 20240207214500)
 (3819., 3823., 3817., 3821.,  142., 196725, 20240207220000)
 (3823., 3826., 3821., 3822.,  375., 196647, 20240207221500)
 (3823., 3823., 3818., 3821.,   65., 196645, 20240207223000)
 (3821., 3824., 3821., 3824.,  611., 196880, 20240207224500)
 (3825., 3826., 3820., 3824.,  473., 196628, 20240207230000)
 (3826., 3839., 3825., 3834., 2014., 196645, 20240208091500)
 (3835., 3842., 3831., 3841.,  742., 196328, 20240208093000)
 (3842., 3844., 3834., 3837., 1132., 196030, 20240208094500)
 (3837., 3840., 3834., 3838.,  223., 196042, 20240208100000)
 (3839., 3840., 3835., 3837.,  163., 196035, 20240208101500)
 (3837., 3837., 3828., 3829.,  523., 196186, 20240208104500)
 (3831., 3831., 3826., 3828.,  297., 196221, 20240208110000)
 (3830., 3832., 3826., 3830.,  434., 196206, 20240208111500)
 (3830., 3832., 3827., 3832.,  208., 196111, 20240208113000)
 (3832., 3832., 3821., 3823.,  838., 196180, 20240208134500)
 (3822., 3823., 3815., 3822.,  464., 196072, 20240208140000)
 (3823., 3830., 3822., 3826.,  183., 196015, 20240208141500)
 (3826., 3836., 3826., 3828.,  490., 195942, 20240208143000)
 (3830., 3838., 3827., 3836.,  691., 195540, 20240208144500)
 (3836., 3838., 3830., 3831.,  807., 195171, 20240208150000)]
2024-02-19 15:30:00  INFO  [(3830., 3832., 3826., 3830.,  434., 196206, 20240208111500)
 (3830., 3832., 3827., 3832.,  208., 196111, 20240208113000)
 (3832., 3832., 3821., 3823.,  838., 196180, 20240208134500)
 (3822., 3823., 3815., 3822.,  464., 196072, 20240208140000)
 (3823., 3830., 3822., 3826.,  183., 196015, 20240208141500)
 (3826., 3836., 3826., 3828.,  490., 195942, 20240208143000)
 (3830., 3838., 3827., 3836.,  691., 195540, 20240208144500)
 (3836., 3838., 3830., 3831.,  807., 195171, 20240208150000)
 (3852., 3865., 3840., 3841., 4711., 196227, 20240219091500)
 (3841., 3843., 3835., 3836.,  985., 196617, 20240219093000)
 (3837., 3837., 3820., 3823., 1170., 196659, 20240219094500)
 (3822., 3826., 3808., 3813., 1641., 197251, 20240219100000)
 (3812., 3819., 3811., 3815., 1578., 197888, 20240219101500)
 (3816., 3817., 3796., 3798., 2071., 199022, 20240219104500)
 (3797., 3803., 3793., 3794., 1390., 199397, 20240219110000)
 (3794., 3799., 3792., 3794., 1309., 199836, 20240219111500)
 (3792., 3798., 3790., 3795., 1860., 200946, 20240219113000)
 (3794., 3801., 3792., 3798., 1596., 201790, 20240219134500)
 (3798., 3799., 3793., 3797.,  721., 202409, 20240219140000)
 (3797., 3804., 3795., 3801., 2819., 202854, 20240219141500)
 (3800., 3807., 3798., 3803.,  971., 203139, 20240219143000)
 (3802., 3804., 3798., 3798., 1036., 203211, 20240219144500)
 (3798., 3799., 3790., 3793., 4563., 206345, 20240219150000)]
2024-02-20 15:30:00  INFO  [(3793., 3797., 3775., 3778., 5863., 208783, 20240219211500)
 (3778., 3786., 3776., 3783., 1033., 209067, 20240219213000)
 (3782., 3785., 3780., 3782.,  548., 209303, 20240219214500)
 (3782., 3786., 3780., 3782., 1209., 209673, 20240219220000)
 (3782., 3792., 3780., 3792.,  623., 209641, 20240219221500)
 (3790., 3793., 3785., 3788.,  602., 209564, 20240219223000)
 (3788., 3795., 3786., 3792.,  828., 209550, 20240219224500)
 (3794., 3796., 3786., 3793., 1471., 209895, 20240219230000)
 (3786., 3791., 3784., 3785., 6492., 215461, 20240220091500)
 (3786., 3800., 3780., 3780., 1972., 215726, 20240220093000)
 (3781., 3782., 3777., 3779., 2139., 216126, 20240220094500)
 (3778., 3790., 3778., 3784.,  818., 216425, 20240220100000)
 (3784., 3784., 3776., 3777., 1819., 217677, 20240220101500)
 (3778., 3778., 3764., 3766., 4880., 219210, 20240220104500)
 (3767., 3768., 3760., 3761., 2856., 220672, 20240220110000)
 (3762., 3763., 3750., 3752., 2762., 221600, 20240220111500)
 (3755., 3763., 3752., 3758., 2668., 222749, 20240220113000)
 (3761., 3761., 3751., 3756., 2271., 223352, 20240220134500)
 (3756., 3763., 3755., 3756., 1700., 223419, 20240220140000)
 (3755., 3756., 3752., 3752.,  392., 223672, 20240220141500)
 (3753., 3757., 3750., 3750., 1606., 224937, 20240220143000)
 (3751., 3751., 3740., 3747., 3531., 226322, 20240220144500)
 (3747., 3749., 3737., 3740., 4677., 228463, 20240220150000)]
2024-02-21 15:30:00  INFO  [(3745., 3745., 3716., 3723.,  8823., 232441, 20240220211500)
 (3722., 3727., 3720., 3723.,  2856., 234001, 20240220213000)
 (3722., 3725., 3712., 3725.,  3183., 235642, 20240220214500)
 (3725., 3729., 3720., 3725.,  1889., 236249, 20240220220000)
 (3724., 3724., 3718., 3721.,  2799., 237290, 20240220221500)
 (3721., 3723., 3718., 3723.,  5429., 239773, 20240220223000)
 (3722., 3724., 3715., 3716.,  2342., 240574, 20240220224500)
 (3716., 3716., 3705., 3707.,  4760., 241979, 20240220230000)
 (3707., 3717., 3706., 3715.,  3457., 243023, 20240221091500)
 (3714., 3718., 3709., 3713.,  2178., 243741, 20240221093000)
 (3712., 3722., 3712., 3718.,  1729., 244643, 20240221094500)
 (3718., 3725., 3717., 3721.,  1613., 244917, 20240221100000)
 (3721., 3728., 3721., 3722.,  1137., 244951, 20240221101500)
 (3723., 3751., 3723., 3751.,  3967., 244426, 20240221104500)
 (3751., 3767., 3745., 3755.,  7905., 242431, 20240221110000)
 (3755., 3810., 3750., 3778.,  9284., 241087, 20240221111500)
 (3784., 3793., 3779., 3782.,  4294., 240524, 20240221113000)
 (3790., 3822., 3790., 3810., 11625., 235909, 20240221134500)
 (3809., 3817., 3795., 3801.,  6479., 234068, 20240221140000)
 (3801., 3802., 3775., 3775.,  4131., 234468, 20240221141500)
 (3775., 3786., 3772., 3779.,  3636., 235397, 20240221143000)
 (3780., 3786., 3772., 3774.,  2338., 236100, 20240221144500)
 (3774., 3775., 3756., 3770.,  6215., 236840, 20240221150000)]
2024-02-22 15:30:00  INFO  [(3756., 3772., 3756., 3769., 2680., 237473, 20240221211500)
 (3770., 3780., 3768., 3768., 2323., 237896, 20240221213000)
 (3768., 3780., 3768., 3776., 1354., 237997, 20240221214500)
 (3776., 3780., 3772., 3778.,  740., 238105, 20240221220000)
 (3778., 3783., 3777., 3782.,  991., 238117, 20240221221500)
 (3782., 3783., 3775., 3778.,  809., 238140, 20240221223000)
 (3778., 3787., 3777., 3785.,  758., 237948, 20240221224500)
 (3785., 3794., 3779., 3785., 2412., 237767, 20240221230000)
 (3797., 3797., 3774., 3784., 1765., 237700, 20240222091500)
 (3783., 3784., 3777., 3777.,  478., 237811, 20240222093000)
 (3777., 3779., 3766., 3771., 2724., 238732, 20240222094500)
 (3771., 3779., 3771., 3777.,  957., 238961, 20240222100000)
 (3775., 3778., 3763., 3768., 1286., 239421, 20240222101500)
 (3766., 3772., 3764., 3766.,  857., 239636, 20240222104500)
 (3766., 3773., 3763., 3771.,  905., 240188, 20240222110000)
 (3770., 3774., 3766., 3770.,  675., 240521, 20240222111500)
 (3770., 3777., 3766., 3771.,  978., 240840, 20240222113000)
 (3770., 3774., 3755., 3763., 2447., 241887, 20240222134500)
 (3761., 3766., 3751., 3754., 1834., 242762, 20240222140000)
 (3753., 3762., 3750., 3758., 1884., 243755, 20240222141500)
 (3757., 3786., 3755., 3779., 2969., 243742, 20240222143000)
 (3780., 3780., 3762., 3765., 1302., 243895, 20240222144500)
 (3766., 3776., 3766., 3772., 1334., 243895, 20240222150000)]
2024-02-23 15:30:00  INFO  [(3779., 3788., 3775., 3787., 2537., 244674, 20240222211500)
 (3787., 3787., 3780., 3784., 1156., 245154, 20240222213000)
 (3784., 3786., 3780., 3783., 1026., 245796, 20240222214500)
 (3784., 3785., 3774., 3776.,  948., 245639, 20240222220000)
 (3776., 3779., 3773., 3779.,  693., 245549, 20240222221500)
 (3779., 3782., 3776., 3780.,  678., 245428, 20240222223000)
 (3780., 3788., 3779., 3785.,  717., 245502, 20240222224500)
 (3786., 3792., 3783., 3786., 1507., 245325, 20240222230000)
 (3786., 3790., 3781., 3783.,  801., 245301, 20240223091500)
 (3783., 3790., 3781., 3789.,  552., 245196, 20240223093000)
 (3789., 3789., 3777., 3780.,  733., 245499, 20240223094500)
 (3780., 3782., 3776., 3781.,  678., 246006, 20240223100000)
 (3781., 3792., 3780., 3788.,  904., 246016, 20240223101500)
 (3788., 3791., 3783., 3785., 1152., 246527, 20240223104500)
 (3785., 3785., 3781., 3784.,  472., 246723, 20240223110000)
 (3784., 3785., 3772., 3773., 1648., 247010, 20240223111500)
 (3774., 3778., 3770., 3774., 1135., 247292, 20240223113000)
 (3774., 3777., 3766., 3766., 1642., 247179, 20240223134500)
 (3766., 3775., 3762., 3772., 4031., 247073, 20240223140000)
 (3772., 3779., 3770., 3777.,  739., 247232, 20240223141500)
 (3778., 3778., 3767., 3771.,  463., 247327, 20240223143000)
 (3771., 3772., 3768., 3770.,  956., 248018, 20240223144500)
 (3769., 3775., 3766., 3770., 1204., 248161, 20240223150000)]
2024-02-26 15:30:00  INFO  [(3770., 3770., 3755., 3767., 7697., 253549, 20240223211500)
 (3767., 3774., 3766., 3770., 2615., 254436, 20240223213000)
 (3771., 3776., 3768., 3771.,  536., 254510, 20240223214500)
 (3772., 3772., 3768., 3769.,  195., 254540, 20240223220000)
 (3769., 3772., 3767., 3767.,  158., 254505, 20240223221500)
 (3767., 3769., 3761., 3762.,  756., 254718, 20240223223000)
 (3761., 3766., 3760., 3766.,  311., 254803, 20240223224500)
 (3766., 3766., 3748., 3750., 2708., 255356, 20240223230000)
 (3750., 3750., 3731., 3738., 7154., 258925, 20240226091500)
 (3737., 3751., 3734., 3747., 4000., 258495, 20240226093000)
 (3747., 3755., 3742., 3745., 1353., 258979, 20240226094500)
 (3744., 3744., 3735., 3737., 2046., 259803, 20240226100000)
 (3738., 3747., 3735., 3747., 4096., 260769, 20240226101500)
 (3745., 3748., 3738., 3745., 3150., 261799, 20240226104500)
 (3745., 3747., 3740., 3740., 1483., 262383, 20240226110000)
 (3740., 3750., 3740., 3745., 1089., 262445, 20240226111500)
 (3745., 3753., 3744., 3746.,  760., 262495, 20240226113000)
 (3750., 3750., 3727., 3734., 6139., 265297, 20240226134500)
 (3734., 3735., 3721., 3722., 6957., 264129, 20240226140000)
 (3722., 3730., 3720., 3727., 2458., 265441, 20240226141500)
 (3727., 3728., 3721., 3727., 1286., 265991, 20240226143000)
 (3727., 3738., 3725., 3736., 1294., 266237, 20240226144500)
 (3736., 3738., 3724., 3728., 2664., 266619, 20240226150000)]
2024-02-27 15:30:00  INFO  [(3710., 3730., 3710., 3729., 3650., 267660, 20240226211500)
 (3729., 3733., 3727., 3731.,  801., 267999, 20240226213000)
 (3731., 3733., 3728., 3729.,  566., 267869, 20240226214500)
 (3729., 3730., 3725., 3727., 1096., 268120, 20240226220000)
 (3727., 3728., 3724., 3728.,  237., 268187, 20240226221500)
 (3727., 3728., 3720., 3726., 1901., 269038, 20240226223000)
 (3725., 3736., 3725., 3734., 1467., 268946, 20240226224500)
 (3734., 3735., 3722., 3727., 2215., 268909, 20240226230000)
 (3726., 3737., 3725., 3736., 3830., 269279, 20240227091500)
 (3734., 3740., 3732., 3736., 2769., 270099, 20240227093000)
 (3735., 3746., 3734., 3744., 2252., 270216, 20240227094500)
 (3744., 3746., 3740., 3740., 1376., 270281, 20240227100000)
 (3741., 3761., 3736., 3760., 4070., 269709, 20240227101500)
 (3760., 3766., 3757., 3760., 4420., 270236, 20240227104500)
 (3760., 3776., 3760., 3769., 2679., 269666, 20240227110000)
 (3769., 3777., 3767., 3776., 2912., 269473, 20240227111500)
 (3776., 3779., 3770., 3772., 2166., 269068, 20240227113000)
 (3772., 3777., 3761., 3765., 4623., 270556, 20240227134500)
 (3765., 3769., 3764., 3765.,  613., 270789, 20240227140000)
 (3764., 3770., 3762., 3766., 1277., 271151, 20240227141500)
 (3765., 3775., 3765., 3774., 1953., 271390, 20240227143000)
 (3773., 3788., 3772., 3787., 3924., 271146, 20240227144500)
 (3786., 3795., 3785., 3791., 6719., 271686, 20240227150000)]
2024-02-28 15:30:00  INFO  [(3799., 3799., 3785., 3792., 18679., 285382, 20240227211500)
 (3791., 3794., 3785., 3786.,  1301., 285889, 20240227213000)
 (3786., 3790., 3784., 3786.,  1336., 286471, 20240227214500)
 (3786., 3788., 3783., 3787.,  1151., 286682, 20240227220000)
 (3787., 3789., 3783., 3785.,   836., 286994, 20240227221500)
 (3785., 3787., 3782., 3783.,   415., 287169, 20240227223000)
 (3783., 3786., 3776., 3778.,  1212., 287701, 20240227224500)
 (3778., 3784., 3773., 3784.,  1753., 287904, 20240227230000)
 (3783., 3786., 3773., 3776.,  1499., 288151, 20240228091500)
 (3775., 3777., 3772., 3777.,  1171., 288528, 20240228093000)
 (3776., 3785., 3775., 3785.,   759., 288754, 20240228094500)
 (3785., 3786., 3780., 3781.,   753., 288944, 20240228100000)
 (3783., 3786., 3773., 3777.,  1131., 289206, 20240228101500)
 (3778., 3781., 3773., 3775.,  1229., 289973, 20240228104500)
 (3775., 3783., 3773., 3782.,   895., 290470, 20240228110000)
 (3782., 3784., 3774., 3775.,   850., 290738, 20240228111500)
 (3774., 3783., 3768., 3781.,  2763., 292061, 20240228113000)
 (3783., 3792., 3781., 3791.,  1854., 292086, 20240228134500)
 (3792., 3792., 3783., 3787.,  1370., 292361, 20240228140000)
 (3787., 3790., 3780., 3787.,  1581., 292983, 20240228141500)
 (3787., 3788., 3780., 3787.,   872., 293201, 20240228143000)
 (3787., 3788., 3777., 3778.,   908., 293557, 20240228144500)
 (3778., 3784., 3773., 3778.,  2291., 294541, 20240228150000)]
2024-02-29 15:30:00  INFO  [(3770., 3774., 3755., 3761., 14701., 305307, 20240228211500)
 (3760., 3765., 3757., 3764.,  2004., 306193, 20240228213000)
 (3763., 3768., 3760., 3766.,  1610., 306132, 20240228214500)
 (3766., 3769., 3763., 3765.,   328., 306154, 20240228220000)
 (3763., 3771., 3755., 3769.,  1801., 306167, 20240228221500)
 (3769., 3772., 3765., 3770.,   822., 305980, 20240228223000)
 (3769., 3769., 3762., 3765.,   437., 306131, 20240228224500)
 (3765., 3767., 3757., 3761.,  1019., 306344, 20240228230000)
 (3762., 3769., 3758., 3765.,  1636., 307039, 20240229091500)
 (3765., 3767., 3757., 3763.,  3366., 306598, 20240229093000)
 (3762., 3765., 3760., 3763.,  1017., 307261, 20240229094500)
 (3764., 3766., 3759., 3765.,   988., 307103, 20240229100000)
 (3764., 3782., 3764., 3779.,  1783., 306942, 20240229101500)
 (3780., 3783., 3774., 3775.,  1700., 306697, 20240229104500)
 (3774., 3780., 3770., 3777.,   931., 306669, 20240229110000)
 (3777., 3782., 3775., 3782.,  1042., 306810, 20240229111500)
 (3782., 3786., 3779., 3781.,  1216., 306637, 20240229113000)
 (3780., 3781., 3768., 3774.,  2695., 307203, 20240229134500)
 (3775., 3776., 3769., 3771.,   928., 307333, 20240229140000)
 (3771., 3771., 3753., 3754.,  4184., 308156, 20240229141500)
 (3754., 3768., 3752., 3767.,  4052., 309567, 20240229143000)
 (3768., 3780., 3757., 3758.,  4229., 309898, 20240229144500)
 (3761., 3773., 3759., 3765.,  2511., 310310, 20240229150000)]
2024-03-01 15:30:00  INFO  [(3759., 3776., 3759., 3775., 12911., 321141, 20240229211500)
 (3775., 3779., 3770., 3777.,  3017., 321259, 20240229213000)
 (3777., 3780., 3776., 3776.,  1442., 321442, 20240229214500)
 (3778., 3780., 3776., 3780.,   500., 321357, 20240229220000)
 (3779., 3780., 3773., 3774.,   861., 321498, 20240229221500)
 (3773., 3780., 3771., 3779.,  1256., 321484, 20240229223000)
 (3779., 3780., 3772., 3776.,   311., 321406, 20240229224500)
 (3775., 3776., 3770., 3771.,   740., 321678, 20240229230000)
 (3775., 3778., 3770., 3770.,  5830., 316769, 20240301091500)
 (3771., 3775., 3768., 3770.,  2741., 316930, 20240301093000)
 (3769., 3775., 3766., 3767.,  3010., 316782, 20240301094500)
 (3766., 3769., 3763., 3766.,  1258., 317060, 20240301100000)
 (3765., 3771., 3761., 3769.,   738., 317412, 20240301101500)
 (3768., 3773., 3766., 3767.,  1041., 317821, 20240301104500)
 (3768., 3777., 3767., 3771.,  1721., 318668, 20240301110000)
 (3771., 3772., 3765., 3767.,   575., 318875, 20240301111500)
 (3768., 3768., 3756., 3761.,  2413., 319835, 20240301113000)
 (3763., 3769., 3759., 3769.,   754., 319962, 20240301134500)
 (3769., 3772., 3765., 3766.,  1211., 320177, 20240301140000)
 (3769., 3771., 3765., 3767.,   399., 320209, 20240301141500)
 (3768., 3768., 3762., 3764.,   648., 320387, 20240301143000)
 (3763., 3763., 3745., 3745.,  6007., 322706, 20240301144500)
 (3745., 3754., 3741., 3745., 12032., 325737, 20240301150000)]
2024-03-04 15:30:00  INFO  [(3743., 3743., 3728., 3738., 18369., 338463, 20240301211500)
 (3738., 3740., 3725., 3728.,  5700., 339786, 20240301213000)
 (3728., 3732., 3727., 3731.,  2762., 340541, 20240301214500)
 (3730., 3734., 3725., 3731.,  3732., 341877, 20240301220000)
 (3730., 3731., 3727., 3731.,  1404., 341845, 20240301221500)
 (3730., 3738., 3722., 3736.,  3224., 341952, 20240301223000)
 (3737., 3746., 3736., 3740.,  2514., 341283, 20240301224500)
 (3741., 3741., 3736., 3738.,  1043., 341074, 20240301230000)
 (3742., 3753., 3740., 3752.,  6795., 341235, 20240304091500)
 (3750., 3754., 3742., 3742.,  5660., 341886, 20240304093000)
 (3742., 3745., 3731., 3735.,  4919., 344424, 20240304094500)
 (3734., 3736., 3730., 3733.,  3062., 346436, 20240304100000)
 (3732., 3733., 3715., 3724.,  9483., 351202, 20240304101500)
 (3724., 3732., 3720., 3727.,  2083., 351448, 20240304104500)
 (3727., 3731., 3722., 3726.,  3246., 352849, 20240304110000)
 (3726., 3727., 3720., 3724.,  1510., 353364, 20240304111500)
 (3724., 3728., 3719., 3720.,  2310., 354657, 20240304113000)
 (3718., 3718., 3708., 3711.,  9230., 360076, 20240304134500)
 (3712., 3715., 3709., 3710.,  3729., 362605, 20240304140000)
 (3711., 3713., 3707., 3710.,  4563., 364535, 20240304141500)
 (3710., 3720., 3709., 3720.,  3151., 364743, 20240304143000)
 (3720., 3740., 3718., 3737.,  5763., 362907, 20240304144500)
 (3735., 3761., 3735., 3750., 10365., 358551, 20240304150000)]
2024-03-05 15:30:00  INFO  [(3750., 3750., 3738., 3741., 13660., 368886, 20240304211500)
 (3741., 3742., 3735., 3735.,  3126., 369709, 20240304213000)
 (3736., 3740., 3732., 3736.,  1151., 370061, 20240304214500)
 (3736., 3739., 3734., 3737.,  1089., 370350, 20240304220000)
 (3738., 3746., 3737., 3743.,  1487., 370396, 20240304221500)
 (3744., 3746., 3741., 3744.,   460., 370452, 20240304223000)
 (3743., 3743., 3738., 3742.,   479., 370537, 20240304224500)
 (3741., 3746., 3740., 3743.,  1111., 370355, 20240304230000)
 (3732., 3753., 3732., 3750.,  4929., 369033, 20240305091500)
 (3751., 3756., 3743., 3743.,  2711., 368680, 20240305093000)
 (3743., 3744., 3733., 3739.,  3660., 369372, 20240305094500)
 (3740., 3741., 3728., 3731.,  4477., 370971, 20240305100000)
 (3731., 3733., 3717., 3722.,  9228., 373101, 20240305101500)
 (3722., 3724., 3716., 3718.,  2706., 374311, 20240305104500)
 (3718., 3732., 3717., 3728.,  3947., 375562, 20240305110000)
 (3726., 3728., 3720., 3720.,  1782., 376263, 20240305111500)
 (3720., 3729., 3719., 3724.,  1420., 375947, 20240305113000)
 (3724., 3724., 3717., 3718.,  3036., 377331, 20240305134500)
 (3718., 3719., 3708., 3711.,  8586., 381630, 20240305140000)
 (3712., 3722., 3711., 3718.,  5686., 383425, 20240305141500)
 (3718., 3721., 3715., 3716.,  1208., 383338, 20240305143000)
 (3716., 3722., 3710., 3711.,  3816., 384300, 20240305144500)
 (3710., 3719., 3708., 3715.,  5116., 385004, 20240305150000)]
2024-03-06 15:30:00  INFO  [(3715., 3715., 3697., 3710., 23563., 395077, 20240305211500)
 (3709., 3711., 3702., 3705.,  2418., 396617, 20240305213000)
 (3703., 3712., 3702., 3709.,  1604., 397032, 20240305214500)
 (3710., 3713., 3707., 3709.,   606., 397152, 20240305220000)
 (3709., 3713., 3708., 3711.,   764., 397468, 20240305221500)
 (3712., 3715., 3710., 3714.,   964., 397463, 20240305223000)
 (3713., 3714., 3706., 3708.,   930., 397793, 20240305224500)
 (3708., 3710., 3706., 3709.,  1108., 397992, 20240305230000)
 (3709., 3710., 3702., 3707.,  7600., 399992, 20240306091500)
 (3705., 3707., 3693., 3698.,  9891., 401767, 20240306093000)
 (3694., 3705., 3691., 3705.,  7022., 402071, 20240306094500)
 (3705., 3705., 3693., 3696.,  5323., 402801, 20240306100000)
 (3696., 3706., 3696., 3705.,  4114., 404055, 20240306101500)
 (3705., 3711., 3701., 3708.,  4360., 404214, 20240306104500)
 (3708., 3710., 3700., 3708.,  2817., 404906, 20240306110000)
 (3707., 3710., 3702., 3703.,  1274., 405019, 20240306111500)
 (3703., 3718., 3702., 3716.,  4119., 404885, 20240306113000)
 (3717., 3717., 3707., 3710.,  4073., 405498, 20240306134500)
 (3710., 3715., 3709., 3712.,  2352., 406601, 20240306140000)
 (3712., 3712., 3707., 3708.,  2126., 407764, 20240306141500)
 (3709., 3716., 3705., 3712.,  3472., 408499, 20240306143000)
 (3712., 3718., 3707., 3708.,  2798., 408359, 20240306144500)
 (3708., 3715., 3706., 3712.,  4336., 409287, 20240306150000)]
2024-03-07 15:30:00  INFO  [(3718., 3718., 3707., 3710., 9459., 410498, 20240306211500)
 (3710., 3714., 3708., 3713., 2791., 411495, 20240306213000)
 (3713., 3720., 3712., 3719., 4028., 411624, 20240306214500)
 (3718., 3724., 3716., 3720., 3705., 411736, 20240306220000)
 (3720., 3723., 3716., 3721., 2443., 411675, 20240306221500)
 (3721., 3726., 3719., 3724., 2639., 411653, 20240306223000)
 (3724., 3725., 3720., 3720., 1166., 411806, 20240306224500)
 (3720., 3723., 3719., 3722., 1168., 411802, 20240306230000)
 (3723., 3730., 3717., 3730., 6551., 412426, 20240307091500)
 (3730., 3732., 3723., 3728., 4265., 413333, 20240307093000)
 (3728., 3729., 3724., 3728., 3594., 415140, 20240307094500)
 (3728., 3730., 3726., 3727., 5790., 419151, 20240307100000)
 (3727., 3728., 3725., 3725., 3991., 421505, 20240307101500)
 (3725., 3729., 3724., 3728., 2262., 422233, 20240307104500)
 (3728., 3732., 3725., 3727., 5545., 422441, 20240307110000)
 (3727., 3730., 3724., 3726., 1391., 422649, 20240307111500)
 (3727., 3727., 3710., 3712., 5053., 424021, 20240307113000)
 (3714., 3717., 3701., 3714., 6327., 423259, 20240307134500)
 (3716., 3717., 3713., 3714., 1464., 423827, 20240307140000)
 (3713., 3720., 3709., 3719., 2595., 425032, 20240307141500)
 (3719., 3727., 3718., 3721., 4578., 425650, 20240307143000)
 (3722., 3723., 3715., 3715., 2904., 427016, 20240307144500)
 (3715., 3716., 3700., 3714., 9709., 429712, 20240307150000)]
2024-03-08 15:30:00  INFO  [(3714., 3723., 3710., 3719., 11058., 428877, 20240307211500)
 (3719., 3725., 3719., 3721.,  4746., 430172, 20240307213000)
 (3720., 3722., 3715., 3717.,  1625., 430263, 20240307214500)
 (3716., 3720., 3716., 3718.,  1832., 430705, 20240307220000)
 (3718., 3721., 3715., 3719.,  1986., 431127, 20240307221500)
 (3719., 3722., 3717., 3721.,  4594., 431181, 20240307223000)
 (3720., 3721., 3710., 3712.,  2909., 431710, 20240307224500)
 (3711., 3715., 3707., 3711.,  4156., 432821, 20240307230000)
 (3711., 3715., 3704., 3712.,  4509., 434040, 20240308091500)
 (3713., 3719., 3710., 3712.,  2916., 433936, 20240308093000)
 (3712., 3716., 3706., 3707.,  5340., 432446, 20240308094500)
 (3707., 3707., 3700., 3703.,  6150., 432375, 20240308100000)
 (3705., 3709., 3700., 3708.,  3907., 434380, 20240308101500)
 (3708., 3710., 3702., 3707.,  5478., 435005, 20240308104500)
 (3707., 3708., 3701., 3706.,  2894., 435744, 20240308110000)
 (3706., 3710., 3702., 3706.,  2275., 435886, 20240308111500)
 (3707., 3713., 3703., 3709.,  2197., 435761, 20240308113000)
 (3707., 3710., 3704., 3707.,  2349., 436390, 20240308134500)
 (3708., 3710., 3702., 3707.,  2587., 437435, 20240308140000)
 (3705., 3712., 3704., 3710.,  2480., 438294, 20240308141500)
 (3710., 3713., 3708., 3711.,  2503., 438668, 20240308143000)
 (3711., 3720., 3710., 3712.,  7421., 439278, 20240308144500)
 (3712., 3715., 3708., 3709.,  3710., 440168, 20240308150000)]
2024-03-11 15:30:00  INFO  [(3700., 3708., 3696., 3699., 10134., 440948, 20240308211500)
 (3700., 3708., 3698., 3702.,  5165., 441501, 20240308213000)
 (3703., 3708., 3701., 3704.,  2101., 441772, 20240308214500)
 (3705., 3709., 3701., 3702.,  2871., 442570, 20240308220000)
 (3702., 3703., 3693., 3697.,  5162., 444483, 20240308221500)
 (3697., 3702., 3695., 3697.,  5880., 445598, 20240308223000)
 (3698., 3701., 3695., 3697.,  4048., 445430, 20240308224500)
 (3697., 3698., 3690., 3691.,  6748., 447126, 20240308230000)
 (3681., 3681., 3662., 3670., 28267., 456641, 20240311091500)
 (3670., 3676., 3666., 3674.,  8755., 459792, 20240311093000)
 (3673., 3675., 3660., 3663., 10258., 463787, 20240311094500)
 (3663., 3664., 3656., 3661.,  6198., 464632, 20240311100000)
 (3660., 3667., 3659., 3662.,  3636., 465494, 20240311101500)
 (3661., 3662., 3656., 3661.,  3337., 466127, 20240311104500)
 (3661., 3662., 3650., 3655.,  4273., 467351, 20240311110000)
 (3656., 3658., 3650., 3655.,  5098., 468246, 20240311111500)
 (3655., 3663., 3655., 3659.,  3260., 469629, 20240311113000)
 (3657., 3658., 3650., 3652.,  7264., 472544, 20240311134500)
 (3651., 3653., 3639., 3645., 10006., 475548, 20240311140000)
 (3645., 3660., 3644., 3653.,  8690., 477373, 20240311141500)
 (3652., 3653., 3646., 3648.,  2609., 478050, 20240311143000)
 (3647., 3653., 3642., 3647.,  4710., 480448, 20240311144500)
 (3646., 3651., 3636., 3637., 12537., 481743, 20240311150000)]
2024-03-12 15:30:00  INFO  [(3630., 3648., 3630., 3640., 22548., 479051, 20240311211500)
 (3640., 3642., 3634., 3639.,  4536., 481802, 20240311213000)
 (3638., 3645., 3637., 3642.,  5222., 481545, 20240311214500)
 (3642., 3643., 3638., 3640.,  1605., 482025, 20240311220000)
 (3640., 3641., 3635., 3638.,  2296., 483073, 20240311221500)
 (3637., 3645., 3635., 3645.,  3421., 482905, 20240311223000)
 (3645., 3645., 3639., 3643.,  1307., 483153, 20240311224500)
 (3644., 3648., 3639., 3644.,  3420., 483197, 20240311230000)
 (3648., 3661., 3648., 3656., 10528., 484048, 20240312091500)
 (3659., 3659., 3652., 3653.,  2652., 485339, 20240312093000)
 (3654., 3654., 3646., 3650.,  2463., 485807, 20240312094500)
 (3649., 3652., 3645., 3646.,  1931., 486284, 20240312100000)
 (3647., 3648., 3640., 3640.,  3387., 487766, 20240312101500)
 (3640., 3644., 3635., 3642.,  4375., 488998, 20240312104500)
 (3642., 3644., 3638., 3644.,  1081., 489446, 20240312110000)
 (3644., 3648., 3640., 3642.,  2150., 489612, 20240312111500)
 (3641., 3644., 3639., 3641.,  1619., 490321, 20240312113000)
 (3640., 3649., 3639., 3646.,  7981., 491776, 20240312134500)
 (3646., 3653., 3643., 3652.,  4527., 493420, 20240312140000)
 (3653., 3653., 3642., 3642.,  4670., 495246, 20240312141500)
 (3643., 3650., 3641., 3650.,  3370., 495518, 20240312143000)
 (3649., 3660., 3647., 3659.,  8373., 497252, 20240312144500)
 (3660., 3661., 3648., 3655., 10504., 499830, 20240312150000)]
2024-03-13 15:30:00  INFO  [(3665., 3680., 3660., 3667., 31633., 490521, 20240312211500)
 (3667., 3668., 3663., 3667.,  2842., 491240, 20240312213000)
 (3667., 3667., 3656., 3656.,  4100., 491077, 20240312214500)
 (3657., 3662., 3655., 3658.,  1833., 491099, 20240312220000)
 (3660., 3660., 3652., 3654.,  2479., 491410, 20240312221500)
 (3654., 3660., 3652., 3658.,  1587., 491541, 20240312223000)
 (3658., 3659., 3652., 3652.,  1966., 491359, 20240312224500)
 (3653., 3662., 3652., 3662.,  3223., 490779, 20240312230000)
 (3657., 3665., 3657., 3659.,  4131., 491111, 20240313091500)
 (3660., 3662., 3656., 3658.,  3311., 491628, 20240313093000)
 (3656., 3660., 3654., 3658.,  2014., 491510, 20240313094500)
 (3657., 3660., 3651., 3652.,  2382., 491630, 20240313100000)
 (3651., 3653., 3642., 3649.,  8009., 493634, 20240313101500)
 (3647., 3650., 3644., 3644.,  3169., 493627, 20240313104500)
 (3646., 3651., 3641., 3650.,  5967., 495958, 20240313110000)
 (3649., 3651., 3642., 3643.,  3595., 496724, 20240313111500)
 (3643., 3647., 3637., 3645.,  6877., 498156, 20240313113000)
 (3644., 3646., 3635., 3637., 13764., 506339, 20240313134500)
 (3638., 3638., 3626., 3635., 10737., 509238, 20240313140000)
 (3635., 3639., 3626., 3630.,  4587., 510506, 20240313141500)
 (3630., 3633., 3617., 3618., 12980., 515073, 20240313143000)
 (3619., 3622., 3614., 3618.,  9626., 516873, 20240313144500)
 (3618., 3623., 3612., 3620., 20127., 517123, 20240313150000)]
2024-03-14 15:30:00  INFO  [(3615., 3620., 3609., 3616., 15608., 519643, 20240313211500)
 (3616., 3617., 3603., 3603.,  9721., 523579, 20240313213000)
 (3604., 3605., 3598., 3599., 13652., 529891, 20240313214500)
 (3600., 3601., 3593., 3594.,  9135., 533335, 20240313220000)
 (3595., 3600., 3593., 3599.,  5175., 535027, 20240313221500)
 (3599., 3620., 3598., 3614., 11057., 534885, 20240313223000)
 (3614., 3619., 3607., 3614.,  6831., 535824, 20240313224500)
 (3615., 3619., 3611., 3614.,  4794., 535550, 20240313230000)
 (3614., 3622., 3612., 3621.,  8309., 535881, 20240314091500)
 (3621., 3623., 3610., 3612.,  7388., 535968, 20240314093000)
 (3610., 3613., 3601., 3607., 10042., 535265, 20240314094500)
 (3607., 3619., 3605., 3618.,  3830., 536230, 20240314100000)
 (3618., 3620., 3609., 3612.,  3891., 537235, 20240314101500)
 (3609., 3609., 3602., 3608.,  5415., 538610, 20240314104500)
 (3607., 3609., 3600., 3600.,  4691., 540848, 20240314110000)
 (3601., 3604., 3593., 3597.,  8070., 543758, 20240314111500)
 (3597., 3600., 3577., 3580., 20023., 550662, 20240314113000)
 (3579., 3584., 3564., 3576., 26008., 557916, 20240314134500)
 (3576., 3576., 3564., 3573., 17920., 565635, 20240314140000)
 (3572., 3575., 3569., 3574.,  6347., 567810, 20240314141500)
 (3572., 3590., 3572., 3576., 14585., 568091, 20240314143000)
 (3577., 3585., 3570., 3576.,  6680., 570105, 20240314144500)
 (3576., 3576., 3562., 3568., 18508., 577740, 20240314150000)]
2024-03-15 15:30:00  INFO  [(3550., 3565., 3550., 3555., 26687., 584798, 20240314211500)
 (3555., 3562., 3552., 3555.,  9752., 585178, 20240314213000)
 (3555., 3559., 3551., 3552.,  6670., 585372, 20240314214500)
 (3552., 3557., 3550., 3555.,  8110., 588610, 20240314220000)
 (3556., 3570., 3551., 3564., 12268., 589400, 20240314221500)
 (3565., 3570., 3560., 3561.,  4584., 589693, 20240314223000)
 (3561., 3564., 3552., 3559.,  4204., 589229, 20240314224500)
 (3559., 3559., 3550., 3553.,  5590., 589290, 20240314230000)
 (3553., 3563., 3549., 3562., 10415., 591155, 20240315091500)
 (3561., 3576., 3559., 3570., 12733., 590693, 20240315093000)
 (3570., 3572., 3563., 3570.,  5361., 592942, 20240315094500)
 (3570., 3578., 3567., 3568.,  5782., 592924, 20240315100000)
 (3569., 3570., 3563., 3569.,  4729., 593781, 20240315101500)
 (3569., 3570., 3556., 3560.,  5004., 593461, 20240315104500)
 (3560., 3564., 3556., 3556.,  2384., 593188, 20240315110000)
 (3558., 3571., 3556., 3566.,  5384., 593423, 20240315111500)
 (3566., 3570., 3564., 3566.,  2923., 593745, 20240315113000)
 (3565., 3569., 3560., 3567.,  6852., 594298, 20240315134500)
 (3567., 3572., 3563., 3565.,  5797., 594781, 20240315140000)
 (3566., 3568., 3560., 3561.,  5111., 596382, 20240315141500)
 (3561., 3565., 3557., 3557.,  5854., 597522, 20240315143000)
 (3557., 3562., 3548., 3553., 14476., 601325, 20240315144500)
 (3554., 3555., 3546., 3546., 10851., 603913, 20240315150000)]
2024-03-18 15:30:00  INFO  [(3535., 3546., 3531., 3539., 20497., 612268, 20240315211500)
 (3538., 3541., 3514., 3522., 20807., 618871, 20240315213000)
 (3522., 3522., 3500., 3501., 18854., 623699, 20240315214500)
 (3502., 3515., 3494., 3505., 20901., 628765, 20240315220000)
 (3505., 3508., 3496., 3497., 11707., 632419, 20240315221500)
 (3498., 3507., 3496., 3499., 10181., 636173, 20240315223000)
 (3499., 3505., 3481., 3502., 19257., 639240, 20240315224500)
 (3502., 3542., 3500., 3541., 28064., 635648, 20240315230000)
 (3547., 3549., 3529., 3538., 33748., 639416, 20240318091500)
 (3537., 3557., 3533., 3555., 13810., 641938, 20240318093000)
 (3555., 3575., 3553., 3554., 24993., 643971, 20240318094500)
 (3554., 3560., 3541., 3554., 18974., 647006, 20240318100000)
 (3554., 3556., 3537., 3539.,  9071., 649912, 20240318101500)
 (3539., 3539., 3531., 3534., 11946., 655612, 20240318104500)
 (3533., 3543., 3530., 3532.,  9951., 659936, 20240318110000)
 (3533., 3539., 3527., 3538.,  8287., 663310, 20240318111500)
 (3538., 3544., 3535., 3541.,  7724., 664605, 20240318113000)
 (3541., 3545., 3536., 3540.,  8189., 667544, 20240318134500)
 (3538., 3557., 3537., 3547., 10572., 670004, 20240318140000)
 (3548., 3558., 3545., 3556.,  8462., 671096, 20240318141500)
 (3556., 3557., 3544., 3549.,  6682., 672638, 20240318143000)
 (3549., 3553., 3542., 3546.,  8995., 674379, 20240318144500)
 (3545., 3560., 3545., 3553., 14884., 676130, 20240318150000)]
2024-03-19 15:30:00  INFO  [(3553., 3568., 3553., 3561., 22788., 677607, 20240318211500)
 (3560., 3563., 3553., 3558., 10510., 678925, 20240318213000)
 (3559., 3562., 3553., 3556.,  6491., 678829, 20240318214500)
 (3555., 3556., 3544., 3545., 10609., 681380, 20240318220000)
 (3546., 3558., 3545., 3556.,  5659., 681431, 20240318221500)
 (3555., 3560., 3553., 3557.,  3402., 681433, 20240318223000)
 (3557., 3565., 3557., 3561.,  6600., 681156, 20240318224500)
 (3561., 3563., 3554., 3556.,  3441., 680851, 20240318230000)
 (3550., 3559., 3549., 3557., 16050., 675868, 20240319091500)
 (3557., 3560., 3551., 3554.,  3320., 677003, 20240319093000)
 (3553., 3554., 3547., 3553.,  4476., 678559, 20240319094500)
 (3552., 3565., 3549., 3560., 11121., 680350, 20240319100000)
 (3561., 3572., 3558., 3570., 23813., 682837, 20240319101500)
 (3570., 3587., 3570., 3585., 30783., 682608, 20240319104500)
 (3584., 3596., 3580., 3581., 22438., 681077, 20240319110000)
 (3581., 3588., 3577., 3585., 13053., 681880, 20240319111500)
 (3586., 3590., 3581., 3583.,  7883., 683630, 20240319113000)
 (3588., 3600., 3583., 3599., 17198., 685092, 20240319134500)
 (3599., 3605., 3586., 3587., 23876., 683631, 20240319140000)
 (3586., 3589., 3580., 3587., 10655., 684344, 20240319141500)
 (3587., 3591., 3585., 3586.,  3949., 685451, 20240319143000)
 (3587., 3593., 3580., 3584.,  5180., 686879, 20240319144500)
 (3583., 3596., 3583., 3593., 11403., 686724, 20240319150000)]
2024-03-20 15:30:00  INFO  [(3583., 3608., 3583., 3603., 29544., 683957, 20240319211500)
 (3603., 3606., 3594., 3596., 14361., 687450, 20240319213000)
 (3595., 3600., 3593., 3596.,  6056., 689621, 20240319214500)
 (3595., 3598., 3591., 3595.,  7007., 690668, 20240319220000)
 (3596., 3598., 3592., 3597.,  4215., 692501, 20240319221500)
 (3597., 3600., 3595., 3597.,  4286., 693762, 20240319223000)
 (3596., 3600., 3593., 3596.,  4062., 694485, 20240319224500)
 (3596., 3601., 3592., 3599.,  6670., 694597, 20240319230000)
 (3601., 3614., 3599., 3602., 26667., 693047, 20240320091500)
 (3602., 3615., 3601., 3614., 13716., 692697, 20240320093000)
 (3615., 3620., 3614., 3617., 19485., 693270, 20240320094500)
 (3616., 3624., 3613., 3624., 12546., 695450, 20240320100000)
 (3623., 3625., 3615., 3621., 11340., 696784, 20240320101500)
 (3622., 3623., 3616., 3619.,  9149., 698937, 20240320104500)
 (3620., 3621., 3608., 3613., 16380., 700166, 20240320110000)
 (3613., 3613., 3591., 3599., 21671., 702814, 20240320111500)
 (3599., 3601., 3587., 3598., 13738., 705587, 20240320113000)
 (3603., 3608., 3593., 3602., 14901., 707057, 20240320134500)
 (3603., 3603., 3594., 3601.,  8744., 709267, 20240320140000)
 (3601., 3605., 3599., 3604.,  5831., 711200, 20240320141500)
 (3605., 3606., 3598., 3599.,  5915., 711997, 20240320143000)
 (3600., 3604., 3595., 3603.,  6074., 712220, 20240320144500)
 (3602., 3606., 3601., 3601., 11140., 711089, 20240320150000)]
2024-03-21 15:30:00  INFO  [(3596., 3598., 3577., 3579., 34935., 717318, 20240320211500)
 (3580., 3589., 3579., 3589., 12240., 721373, 20240320213000)
 (3588., 3590., 3585., 3589.,  5772., 722947, 20240320214500)
 (3589., 3593., 3588., 3590.,  4533., 722912, 20240320220000)
 (3589., 3593., 3588., 3591.,  2231., 722849, 20240320221500)
 (3591., 3592., 3582., 3584.,  6668., 723692, 20240320223000)
 (3584., 3589., 3584., 3585.,  1939., 723507, 20240320224500)
 (3585., 3606., 3584., 3597., 13920., 723480, 20240320230000)
 (3608., 3617., 3603., 3604., 18594., 724111, 20240321091500)
 (3605., 3608., 3600., 3606.,  6895., 725208, 20240321093000)
 (3606., 3609., 3601., 3604.,  4526., 725835, 20240321094500)
 (3604., 3611., 3604., 3609.,  6891., 726821, 20240321100000)
 (3610., 3619., 3607., 3616., 12464., 730128, 20240321101500)
 (3616., 3624., 3615., 3617., 25071., 733786, 20240321104500)
 (3617., 3624., 3614., 3620., 11059., 735248, 20240321110000)
 (3619., 3625., 3616., 3620., 10521., 738277, 20240321111500)
 (3620., 3645., 3619., 3637., 47002., 740278, 20240321113000)
 (3635., 3644., 3623., 3640., 29775., 744495, 20240321134500)
 (3641., 3641., 3634., 3637.,  8844., 744857, 20240321140000)
 (3636., 3642., 3633., 3641., 11355., 747550, 20240321141500)
 (3641., 3648., 3637., 3643., 18701., 750949, 20240321143000)
 (3644., 3647., 3634., 3637., 14963., 751521, 20240321144500)
 (3637., 3650., 3637., 3649., 28934., 747364, 20240321150000)]
2024-03-22 15:30:00  INFO  [(3636., 3663., 3636., 3652., 36554., 746576, 20240321211500)
 (3652., 3661., 3648., 3657., 12070., 746930, 20240321213000)
 (3658., 3659., 3653., 3656.,  7306., 748014, 20240321214500)
 (3656., 3658., 3651., 3653.,  7183., 747221, 20240321220000)
 (3654., 3658., 3650., 3651.,  6067., 745545, 20240321221500)
 (3651., 3655., 3645., 3646.,  8158., 743398, 20240321223000)
 (3646., 3657., 3644., 3655.,  5647., 742481, 20240321224500)
 (3656., 3660., 3651., 3652.,  5076., 741878, 20240321230000)
 (3652., 3653., 3642., 3645., 14648., 740404, 20240322091500)
 (3644., 3650., 3640., 3648.,  7265., 741318, 20240322093000)
 (3647., 3650., 3637., 3637.,  8091., 742812, 20240322094500)
 (3638., 3640., 3628., 3631., 17652., 743400, 20240322100000)
 (3630., 3637., 3626., 3627., 14204., 746081, 20240322101500)
 (3627., 3631., 3621., 3631., 20307., 749871, 20240322104500)
 (3631., 3637., 3629., 3634.,  8391., 750184, 20240322110000)
 (3635., 3640., 3632., 3633.,  9395., 753426, 20240322111500)
 (3634., 3635., 3621., 3628., 14365., 754597, 20240322113000)
 (3629., 3633., 3615., 3622., 24816., 760805, 20240322134500)
 (3622., 3629., 3620., 3626., 10470., 762985, 20240322140000)
 (3626., 3632., 3626., 3630.,  7943., 765526, 20240322141500)
 (3630., 3641., 3627., 3627., 14134., 766958, 20240322143000)
 (3627., 3636., 3626., 3627.,  7922., 768867, 20240322144500)
 (3627., 3637., 3627., 3634.,  8699., 769839, 20240322150000)]
2024-03-25 15:30:00  INFO  [(3630., 3639., 3625., 3629., 21901., 776220, 20240322211500)
 (3629., 3638., 3627., 3636.,  6442., 777719, 20240322213000)
 (3637., 3648., 3634., 3644., 14095., 781463, 20240322214500)
 (3644., 3650., 3640., 3643., 10842., 785298, 20240322220000)
 (3644., 3648., 3633., 3635., 10048., 786222, 20240322221500)
 (3634., 3638., 3630., 3635.,  8940., 786353, 20240322223000)
 (3636., 3640., 3631., 3640.,  8120., 785871, 20240322224500)
 (3640., 3647., 3636., 3641.,  7556., 785286, 20240322230000)
 (3639., 3639., 3621., 3624., 23802., 785942, 20240325091500)
 (3623., 3623., 3603., 3606., 30785., 791032, 20240325093000)
 (3607., 3615., 3601., 3612., 17248., 793627, 20240325094500)
 (3613., 3616., 3604., 3609.,  9639., 797219, 20240325100000)
 (3607., 3614., 3607., 3614.,  7612., 798891, 20240325101500)
 (3612., 3620., 3610., 3619.,  9287., 800535, 20240325104500)
 (3618., 3623., 3613., 3615.,  7797., 801114, 20240325110000)
 (3614., 3617., 3611., 3617.,  6035., 803888, 20240325111500)
 (3615., 3624., 3615., 3618., 10383., 808084, 20240325113000)
 (3617., 3627., 3614., 3621., 14341., 813558, 20240325134500)
 (3621., 3624., 3615., 3619.,  8180., 816352, 20240325140000)
 (3619., 3620., 3605., 3614., 12193., 817344, 20240325141500)
 (3614., 3615., 3605., 3614.,  8589., 820113, 20240325143000)
 (3614., 3618., 3611., 3616.,  7154., 822605, 20240325144500)
 (3615., 3618., 3605., 3613., 20206., 824744, 20240325150000)]
2024-03-26 15:30:00  INFO  [(3610., 3611., 3604., 3609., 15359., 825876, 20240325211500)
 (3608., 3612., 3604., 3607.,  9026., 829324, 20240325213000)
 (3607., 3611., 3602., 3604.,  6948., 831954, 20240325214500)
 (3603., 3611., 3602., 3610.,  5510., 833262, 20240325220000)
 (3610., 3615., 3608., 3611.,  8366., 833135, 20240325221500)
 (3610., 3615., 3608., 3612.,  5678., 833872, 20240325223000)
 (3613., 3615., 3610., 3613.,  3390., 834151, 20240325224500)
 (3613., 3615., 3605., 3608.,  5967., 833747, 20240325230000)
 (3606., 3615., 3605., 3615.,  6427., 834880, 20240326091500)
 (3614., 3619., 3610., 3611.,  8984., 837545, 20240326093000)
 (3611., 3612., 3604., 3610.,  9963., 841751, 20240326094500)
 (3610., 3610., 3586., 3590., 43392., 857561, 20240326100000)
 (3589., 3589., 3576., 3580., 34791., 868730, 20240326101500)
 (3580., 3580., 3555., 3564., 49316., 887178, 20240326104500)
 (3564., 3570., 3559., 3568., 22679., 895384, 20240326110000)
 (3567., 3570., 3557., 3557., 17293., 900924, 20240326111500)
 (3558., 3566., 3553., 3554., 21489., 909263, 20240326113000)
 (3553., 3553., 3541., 3551., 54394., 927094, 20240326134500)
 (3551., 3552., 3536., 3543., 30826., 932260, 20240326140000)
 (3543., 3552., 3540., 3545., 18517., 940157, 20240326141500)
 (3546., 3547., 3531., 3538., 27680., 951598, 20240326143000)
 (3540., 3540., 3530., 3531., 23970., 963768, 20240326144500)
 (3531., 3534., 3512., 3514., 54740., 983517, 20240326150000)]
2024-03-27 15:30:00  INFO  [(3502., 3511., 3493., 3509., 71773., 1008158, 20240326211500)
 (3508., 3515., 3502., 3507., 28749., 1016588, 20240326213000)
 (3507., 3510., 3497., 3500., 19670., 1023713, 20240326214500)
 (3500., 3504., 3495., 3500., 19701., 1027641, 20240326220000)
 (3499., 3503., 3495., 3498., 14217., 1033820, 20240326221500)
 (3499., 3503., 3498., 3499.,  7875., 1034883, 20240326223000)
 (3499., 3543., 3497., 3532., 60920., 1036714, 20240326224500)
 (3533., 3538., 3513., 3528., 39874., 1038782, 20240326230000)
 (3530., 3535., 3524., 3532., 39101., 1051243, 20240327091500)
 (3532., 3534., 3521., 3527., 17588., 1058157, 20240327093000)
 (3528., 3538., 3526., 3527., 20841., 1063007, 20240327094500)
 (3527., 3540., 3524., 3536., 23292., 1067337, 20240327100000)
 (3535., 3536., 3524., 3525., 20578., 1076787, 20240327101500)
 (3525., 3527., 3511., 3515., 35659., 1089348, 20240327104500)
 (3515., 3518., 3511., 3518., 24618., 1103523, 20240327110000)
 (3517., 3520., 3502., 3505., 35376., 1114838, 20240327111500)
 (3505., 3510., 3491., 3509., 47893., 1127502, 20240327113000)
 (3510., 3515., 3500., 3504., 44619., 1138801, 20240327134500)
 (3505., 3512., 3502., 3505., 24658., 1149075, 20240327140000)
 (3505., 3509., 3498., 3502., 27385., 1159147, 20240327141500)
 (3501., 3510., 3501., 3508., 19794., 1164477, 20240327143000)
 (3508., 3510., 3485., 3488., 56860., 1179649, 20240327144500)
 (3487., 3494., 3485., 3490., 54620., 1198541, 20240327150000)]
2024-03-28 15:30:00  INFO  [(3487., 3487., 3461., 3471., 80749., 1214524, 20240327211500)
 (3471., 3477., 3470., 3473., 19430., 1221102, 20240327213000)
 (3473., 3480., 3473., 3479., 19131., 1225183, 20240327214500)
 (3479., 3495., 3479., 3493., 43499., 1229236, 20240327220000)
 (3493., 3494., 3483., 3485., 17970., 1234528, 20240327221500)
 (3484., 3490., 3481., 3486.,  9697., 1237410, 20240327223000)
 (3486., 3494., 3483., 3486., 15701., 1238699, 20240327224500)
 (3485., 3493., 3482., 3492., 12209., 1237805, 20240327230000)
 (3490., 3499., 3482., 3490., 45540., 1256948, 20240328091500)
 (3489., 3494., 3480., 3483., 30600., 1267473, 20240328093000)
 (3482., 3495., 3481., 3488., 29782., 1280076, 20240328094500)
 (3487., 3488., 3481., 3483., 21940., 1282007, 20240328100000)
 (3483., 3487., 3468., 3485., 40980., 1287391, 20240328101500)
 (3487., 3497., 3487., 3493., 40174., 1290767, 20240328104500)
 (3493., 3509., 3488., 3490., 42452., 1290267, 20240328110000)
 (3489., 3498., 3487., 3497., 17296., 1290921, 20240328111500)
 (3498., 3530., 3497., 3510., 74168., 1288573, 20240328113000)
 (3518., 3535., 3496., 3499., 91964., 1295740, 20240328134500)
 (3498., 3505., 3494., 3499., 36005., 1296449, 20240328140000)
 (3500., 3502., 3492., 3497., 22820., 1297228, 20240328141500)
 (3499., 3510., 3492., 3503., 31844., 1299681, 20240328143000)
 (3504., 3504., 3492., 3500., 21605., 1303334, 20240328144500)
 (3500., 3515., 3499., 3509., 33503., 1302305, 20240328150000)]
2024-03-29 15:30:00  INFO  [(3505., 3507., 3494., 3500., 50466., 1307752, 20240328211500)
 (3499., 3502., 3495., 3498., 21212., 1315534, 20240328213000)
 (3498., 3499., 3483., 3489., 35128., 1324221, 20240328214500)
 (3488., 3496., 3487., 3488., 21767., 1334219, 20240328220000)
 (3488., 3496., 3485., 3496., 20756., 1337169, 20240328221500)
 (3496., 3496., 3482., 3483., 21735., 1344738, 20240328223000)
 (3483., 3504., 3481., 3494., 36023., 1353460, 20240328224500)
 (3495., 3498., 3487., 3492., 18546., 1352663, 20240328230000)
 (3493., 3498., 3486., 3494., 21730., 1358941, 20240329091500)
 (3494., 3505., 3490., 3495., 45093., 1380898, 20240329093000)
 (3496., 3502., 3490., 3497., 22345., 1388238, 20240329094500)
 (3497., 3497., 3489., 3492., 14904., 1391495, 20240329100000)
 (3492., 3493., 3483., 3483., 24701., 1395460, 20240329101500)
 (3484., 3487., 3475., 3481., 38193., 1397688, 20240329104500)
 (3482., 3484., 3470., 3472., 30522., 1402471, 20240329110000)
 (3472., 3480., 3467., 3469., 34663., 1409864, 20240329111500)
 (3469., 3475., 3456., 3459., 54374., 1421658, 20240329113000)
 (3459., 3459., 3443., 3457., 71823., 1436721, 20240329134500)
 (3457., 3474., 3455., 3468., 49596., 1440730, 20240329140000)
 (3468., 3477., 3457., 3458., 54477., 1451145, 20240329141500)
 (3458., 3462., 3451., 3458., 35079., 1461270, 20240329143000)
 (3457., 3466., 3444., 3449., 50499., 1472615, 20240329144500)
 (3450., 3462., 3446., 3450., 63938., 1488697, 20240329150000)]
2024-04-01 15:30:00  INFO  [(3439., 3450., 3435., 3446., 101953., 1515739, 20240329211500)
 (3445., 3458., 3444., 3453.,  50970., 1522468, 20240329213000)
 (3454., 3463., 3448., 3449.,  49820., 1525838, 20240329214500)
 (3448., 3452., 3445., 3448.,  22622., 1528163, 20240329220000)
 (3448., 3456., 3445., 3448.,  21888., 1528604, 20240329221500)
 (3448., 3452., 3446., 3451.,  13168., 1530193, 20240329223000)
 (3450., 3465., 3443., 3455.,  39983., 1530763, 20240329224500)
 (3455., 3459., 3444., 3444.,  44608., 1530182, 20240329230000)
 (3440., 3440., 3413., 3422., 157710., 1549533, 20240401091500)
 (3422., 3423., 3408., 3416.,  71688., 1565160, 20240401093000)
 (3416., 3424., 3413., 3420.,  55636., 1567952, 20240401094500)
 (3421., 3424., 3415., 3419.,  33076., 1572485, 20240401100000)
 (3419., 3443., 3418., 3441.,  75063., 1573580, 20240401101500)
 (3441., 3448., 3425., 3433.,  76847., 1577224, 20240401104500)
 (3433., 3446., 3430., 3432.,  47903., 1579335, 20240401110000)
 (3431., 3434., 3427., 3429.,  22697., 1582201, 20240401111500)
 (3430., 3437., 3427., 3434.,  25688., 1581901, 20240401113000)
 (3434., 3436., 3425., 3436.,  39207., 1587313, 20240401134500)
 (3436., 3450., 3434., 3447.,  55024., 1587386, 20240401140000)
 (3447., 3457., 3444., 3453.,  69076., 1584852, 20240401141500)
 (3452., 3474., 3452., 3460.,  87561., 1582948, 20240401143000)
 (3460., 3494., 3458., 3472., 127854., 1579991, 20240401144500)
 (3473., 3497., 3472., 3492., 114764., 1569587, 20240401150000)]
2024-04-02 15:30:00  INFO  [(3498., 3520., 3491., 3517., 210704., 1594922, 20240401211500)
 (3517., 3524., 3510., 3511.,  95557., 1597666, 20240401213000)
 (3512., 3517., 3507., 3512.,  50844., 1601808, 20240401214500)
 (3512., 3523., 3512., 3521.,  48364., 1606535, 20240401220000)
 (3521., 3532., 3520., 3528.,  79197., 1603735, 20240401221500)
 (3528., 3534., 3525., 3532.,  40098., 1601832, 20240401223000)
 (3532., 3546., 3529., 3535.,  95395., 1595168, 20240401224500)
 (3534., 3535., 3527., 3532.,  46635., 1592320, 20240401230000)
 (3531., 3532., 3519., 3523.,  77409., 1600715, 20240402091500)
 (3524., 3524., 3511., 3513.,  71004., 1606532, 20240402093000)
 (3513., 3522., 3512., 3516.,  48144., 1612522, 20240402094500)
 (3515., 3518., 3506., 3510.,  56528., 1619324, 20240402100000)
 (3509., 3510., 3497., 3498.,  72126., 1631113, 20240402101500)
 (3498., 3500., 3482., 3492., 119655., 1649771, 20240402104500)
 (3492., 3502., 3485., 3493.,  74599., 1658553, 20240402110000)
 (3493., 3500., 3489., 3494.,  31423., 1661415, 20240402111500)
 (3493., 3508., 3493., 3498.,  60239., 1666265, 20240402113000)
 (3496., 3506., 3493., 3499.,  46096., 1669565, 20240402134500)
 (3498., 3506., 3492., 3503.,  39758., 1671357, 20240402140000)
 (3502., 3529., 3502., 3524., 108977., 1660569, 20240402141500)
 (3524., 3531., 3514., 3517.,  86572., 1659778, 20240402143000)
 (3517., 3524., 3506., 3509.,  56853., 1658908, 20240402144500)
 (3510., 3517., 3501., 3506.,  78624., 1651838, 20240402150000)]
2024-04-03 15:30:00  INFO  [(3500., 3524., 3500., 3522., 123324., 1672932, 20240402211500)
 (3523., 3535., 3520., 3534., 112159., 1674919, 20240402213000)
 (3535., 3540., 3526., 3528.,  89175., 1676194, 20240402214500)
 (3528., 3532., 3521., 3528.,  53442., 1679144, 20240402220000)
 (3528., 3532., 3523., 3528.,  33577., 1680982, 20240402221500)
 (3528., 3532., 3526., 3532.,  27679., 1679477, 20240402223000)
 (3531., 3532., 3524., 3527.,  25719., 1678332, 20240402224500)
 (3528., 3530., 3522., 3529.,  35806., 1674750, 20240402230000)
 (3529., 3538., 3524., 3526.,  71987., 1677148, 20240403091500)
 (3525., 3534., 3525., 3532.,  34036., 1679540, 20240403093000)
 (3532., 3532., 3517., 3518.,  59061., 1682449, 20240403094500)
 (3517., 3521., 3510., 3514.,  82989., 1686387, 20240403100000)
 (3513., 3523., 3508., 3514.,  76785., 1690133, 20240403101500)
 (3514., 3521., 3510., 3516.,  39903., 1693061, 20240403104500)
 (3517., 3520., 3509., 3512.,  45830., 1691549, 20240403110000)
 (3512., 3519., 3510., 3513.,  32065., 1691240, 20240403111500)
 (3514., 3520., 3506., 3515.,  54777., 1690698, 20240403113000)
 (3510., 3518., 3509., 3513.,  48362., 1694297, 20240403134500)
 (3513., 3515., 3511., 3511.,  29033., 1695075, 20240403140000)
 (3512., 3513., 3496., 3502., 115788., 1703873, 20240403141500)
 (3502., 3504., 3484., 3491., 118906., 1707930, 20240403143000)
 (3490., 3498., 3487., 3488.,  98410., 1700481, 20240403144500)
 (3487., 3493., 3462., 3463., 211771., 1674662, 20240403150000)]
2024-04-08 15:30:00  INFO  [(3512., 3519., 3510., 3513.,  32065., 1691240, 20240403111500)
 (3514., 3520., 3506., 3515.,  54777., 1690698, 20240403113000)
 (3510., 3518., 3509., 3513.,  48362., 1694297, 20240403134500)
 (3513., 3515., 3511., 3511.,  29033., 1695075, 20240403140000)
 (3512., 3513., 3496., 3502., 115788., 1703873, 20240403141500)
 (3502., 3504., 3484., 3491., 118906., 1707930, 20240403143000)
 (3490., 3498., 3487., 3488.,  98410., 1700481, 20240403144500)
 (3487., 3493., 3462., 3463., 211771., 1674662, 20240403150000)
 (3460., 3494., 3446., 3493., 314714., 1696909, 20240408091500)
 (3492., 3528., 3485., 3521., 244093., 1693541, 20240408093000)
 (3521., 3522., 3503., 3510., 114821., 1697634, 20240408094500)
 (3510., 3517., 3505., 3515.,  59550., 1702826, 20240408100000)
 (3513., 3524., 3510., 3522.,  66073., 1701039, 20240408101500)
 (3522., 3529., 3514., 3517.,  95641., 1701380, 20240408104500)
 (3516., 3526., 3514., 3520.,  60182., 1711186, 20240408110000)
 (3519., 3528., 3515., 3525.,  50161., 1716569, 20240408111500)
 (3525., 3526., 3515., 3516.,  56904., 1716471, 20240408113000)
 (3517., 3524., 3513., 3524.,  60087., 1719200, 20240408134500)
 (3525., 3526., 3517., 3523.,  59294., 1724505, 20240408140000)
 (3524., 3544., 3523., 3539., 180238., 1731772, 20240408141500)
 (3539., 3557., 3537., 3554., 170417., 1731718, 20240408143000)
 (3553., 3560., 3551., 3556.,  90130., 1731239, 20240408144500)
 (3556., 3561., 3552., 3560.,  93873., 1712789, 20240408150000)]
2024-04-09 15:30:00  INFO  [(3558., 3574., 3554., 3568., 201686., 1724235, 20240408211500)
 (3568., 3578., 3567., 3573.,  82015., 1731180, 20240408213000)
 (3574., 3575., 3563., 3568.,  70963., 1737478, 20240408214500)
 (3567., 3573., 3566., 3569.,  41686., 1740612, 20240408220000)
 (3569., 3570., 3564., 3568.,  37436., 1741344, 20240408221500)
 (3569., 3570., 3566., 3568.,  23341., 1742751, 20240408223000)
 (3569., 3575., 3565., 3567.,  40022., 1743211, 20240408224500)
 (3566., 3571., 3553., 3555.,  52922., 1734356, 20240408230000)
 (3560., 3562., 3546., 3553., 128263., 1735081, 20240409091500)
 (3553., 3553., 3540., 3549.,  96836., 1740276, 20240409093000)
 (3549., 3556., 3545., 3548.,  64490., 1741265, 20240409094500)
 (3547., 3554., 3547., 3550.,  33825., 1741186, 20240409100000)
 (3549., 3551., 3544., 3551.,  41668., 1742576, 20240409101500)
 (3551., 3556., 3547., 3550.,  56288., 1747664, 20240409104500)
 (3549., 3568., 3545., 3564.,  97587., 1746855, 20240409110000)
 (3564., 3585., 3564., 3580., 154481., 1741419, 20240409111500)
 (3580., 3588., 3573., 3575., 119598., 1735436, 20240409113000)
 (3575., 3590., 3575., 3586.,  98819., 1741119, 20240409134500)
 (3585., 3591., 3582., 3585.,  73154., 1742903, 20240409140000)
 (3585., 3595., 3581., 3583.,  92140., 1733635, 20240409141500)
 (3583., 3586., 3576., 3585.,  76652., 1726466, 20240409143000)
 (3585., 3593., 3584., 3591.,  55798., 1725305, 20240409144500)
 (3591., 3603., 3590., 3594., 143086., 1713445, 20240409150000)]
2024-04-10 15:30:00  INFO  [(3595., 3608., 3593., 3598., 171693., 1711868, 20240409211500)
 (3598., 3603., 3595., 3597.,  69357., 1710425, 20240409213000)
 (3596., 3598., 3585., 3589.,  90839., 1709435, 20240409214500)
 (3589., 3592., 3586., 3586.,  52408., 1717083, 20240409220000)
 (3586., 3592., 3583., 3584.,  53660., 1724398, 20240409221500)
 (3584., 3590., 3583., 3586.,  29798., 1725410, 20240409223000)
 (3586., 3588., 3577., 3578.,  67775., 1727747, 20240409224500)
 (3579., 3588., 3577., 3583.,  59580., 1724022, 20240409230000)
 (3582., 3592., 3582., 3591.,  68149., 1732889, 20240410091500)
 (3591., 3595., 3585., 3588.,  60014., 1736040, 20240410093000)
 (3589., 3595., 3587., 3589.,  37884., 1736781, 20240410094500)
 (3589., 3593., 3584., 3590.,  49356., 1742155, 20240410100000)
 (3589., 3591., 3578., 3583.,  61118., 1746082, 20240410101500)
 (3581., 3584., 3573., 3577.,  76295., 1744052, 20240410104500)
 (3577., 3581., 3572., 3578.,  62995., 1748001, 20240410110000)
 (3578., 3597., 3577., 3591., 107803., 1748642, 20240410111500)
 (3592., 3596., 3580., 3586., 112296., 1745779, 20240410113000)
 (3581., 3586., 3575., 3577.,  88373., 1743343, 20240410134500)
 (3576., 3580., 3571., 3579.,  90051., 1751824, 20240410140000)
 (3579., 3585., 3573., 3582.,  54463., 1747539, 20240410141500)
 (3582., 3587., 3578., 3586.,  44256., 1750301, 20240410143000)
 (3586., 3587., 3577., 3578.,  40284., 1748768, 20240410144500)
 (3578., 3586., 3578., 3583.,  45512., 1738323, 20240410150000)]
2024-04-11 15:30:00  INFO  [(3580., 3586., 3572., 3577., 102847., 1744427, 20240410211500)
 (3578., 3591., 3577., 3583.,  81538., 1747480, 20240410213000)
 (3582., 3582., 3571., 3576.,  78245., 1755860, 20240410214500)
 (3576., 3578., 3566., 3573.,  83256., 1757682, 20240410220000)
 (3573., 3580., 3571., 3576.,  60375., 1757403, 20240410221500)
 (3577., 3584., 3574., 3583.,  44077., 1760270, 20240410223000)
 (3583., 3593., 3580., 3586.,  90586., 1758110, 20240410224500)
 (3586., 3589., 3581., 3582.,  44792., 1748567, 20240410230000)
 (3582., 3589., 3578., 3580.,  69149., 1753429, 20240411091500)
 (3579., 3590., 3579., 3587.,  48975., 1758245, 20240411093000)
 (3587., 3591., 3580., 3582.,  51573., 1761055, 20240411094500)
 (3582., 3588., 3577., 3581.,  50916., 1759650, 20240411100000)
 (3581., 3589., 3579., 3588.,  44323., 1760665, 20240411101500)
 (3588., 3605., 3585., 3598., 161560., 1772812, 20240411104500)
 (3597., 3604., 3596., 3598.,  71556., 1781459, 20240411110000)
 (3598., 3602., 3593., 3596.,  56799., 1782655, 20240411111500)
 (3596., 3600., 3589., 3598.,  67368., 1779188, 20240411113000)
 (3603., 3616., 3603., 3614., 201085., 1789439, 20240411134500)
 (3614., 3618., 3610., 3617.,  71937., 1798080, 20240411140000)
 (3617., 3620., 3612., 3615.,  97055., 1800418, 20240411141500)
 (3615., 3616., 3607., 3615.,  73864., 1798683, 20240411143000)
 (3615., 3619., 3613., 3615.,  52391., 1803589, 20240411144500)
 (3616., 3618., 3607., 3613.,  96370., 1788118, 20240411150000)]
2024-04-12 15:30:00  INFO  [(3615., 3624., 3614., 3619., 131466., 1798767, 20240411211500)
 (3619., 3621., 3614., 3617.,  65883., 1800721, 20240411213000)
 (3616., 3620., 3614., 3616.,  30963., 1805624, 20240411214500)
 (3616., 3618., 3610., 3611.,  46216., 1804789, 20240411220000)
 (3611., 3614., 3604., 3606.,  65407., 1803505, 20240411221500)
 (3606., 3608., 3601., 3608.,  59488., 1804545, 20240411223000)
 (3608., 3611., 3600., 3601.,  56380., 1800257, 20240411224500)
 (3600., 3608., 3599., 3606.,  55175., 1793813, 20240411230000)
 (3605., 3611., 3602., 3606.,  75138., 1800782, 20240412091500)
 (3607., 3615., 3606., 3613.,  53973., 1803865, 20240412093000)
 (3613., 3616., 3609., 3610.,  39877., 1808349, 20240412094500)
 (3611., 3618., 3609., 3615.,  45896., 1813337, 20240412100000)
 (3614., 3620., 3610., 3614.,  49476., 1812459, 20240412101500)
 (3613., 3619., 3612., 3618.,  40611., 1816175, 20240412104500)
 (3618., 3620., 3613., 3616.,  41545., 1817204, 20240412110000)
 (3616., 3622., 3615., 3619.,  46604., 1819811, 20240412111500)
 (3619., 3621., 3613., 3620.,  44113., 1817120, 20240412113000)
 (3621., 3629., 3621., 3626., 107746., 1810820, 20240412134500)
 (3626., 3629., 3625., 3627.,  40737., 1813394, 20240412140000)
 (3627., 3628., 3622., 3626.,  51790., 1808878, 20240412141500)
 (3627., 3637., 3624., 3634., 116028., 1809862, 20240412143000)
 (3634., 3635., 3620., 3623.,  95287., 1800130, 20240412144500)
 (3623., 3630., 3620., 3628.,  80650., 1790761, 20240412150000)]
2024-04-15 15:30:00  INFO  [(3628., 3641., 3624., 3624., 158287., 1791844, 20240412211500)
 (3624., 3631., 3623., 3625.,  53918., 1796347, 20240412213000)
 (3625., 3632., 3623., 3629.,  46176., 1797703, 20240412214500)
 (3629., 3631., 3622., 3623.,  41672., 1798209, 20240412220000)
 (3625., 3625., 3599., 3612., 197099., 1798762, 20240412221500)
 (3612., 3617., 3611., 3612.,  61222., 1799883, 20240412223000)
 (3613., 3616., 3609., 3613.,  33998., 1797611, 20240412224500)
 (3614., 3614., 3608., 3611.,  45100., 1790180, 20240412230000)
 (3615., 3620., 3606., 3610., 151547., 1799172, 20240415091500)
 (3609., 3616., 3607., 3614.,  51793., 1801156, 20240415093000)
 (3614., 3622., 3614., 3615.,  64224., 1804986, 20240415094500)
 (3615., 3616., 3608., 3610.,  47604., 1809187, 20240415100000)
 (3610., 3613., 3601., 3602.,  71525., 1820781, 20240415101500)
 (3604., 3608., 3586., 3593., 174994., 1817301, 20240415104500)
 (3593., 3601., 3588., 3598.,  92913., 1819650, 20240415110000)
 (3598., 3600., 3590., 3591.,  57887., 1814098, 20240415111500)
 (3590., 3609., 3590., 3604.,  95347., 1820245, 20240415113000)
 (3604., 3616., 3603., 3615.,  82742., 1825061, 20240415134500)
 (3615., 3616., 3608., 3611.,  52939., 1823334, 20240415140000)
 (3610., 3616., 3607., 3614.,  48907., 1822523, 20240415141500)
 (3614., 3622., 3611., 3615.,  80182., 1818634, 20240415143000)
 (3616., 3618., 3613., 3616.,  34144., 1817777, 20240415144500)
 (3616., 3618., 3611., 3616.,  63695., 1804825, 20240415150000)]
2024-04-16 15:30:00  INFO  [(3618., 3628., 3616., 3619., 135456., 1803077, 20240415211500)
 (3620., 3621., 3611., 3613.,  66338., 1805852, 20240415213000)
 (3614., 3616., 3608., 3609.,  48347., 1809019, 20240415214500)
 (3608., 3612., 3604., 3608.,  58094., 1810967, 20240415220000)
 (3608., 3610., 3602., 3603.,  47651., 1811158, 20240415221500)
 (3603., 3615., 3601., 3613.,  54635., 1809114, 20240415223000)
 (3612., 3623., 3612., 3620.,  73018., 1799592, 20240415224500)
 (3621., 3621., 3616., 3619.,  39050., 1795544, 20240415230000)
 (3620., 3621., 3610., 3612.,  58613., 1794988, 20240416091500)
 (3612., 3612., 3606., 3606.,  61484., 1800048, 20240416093000)
 (3606., 3614., 3606., 3612.,  34587., 1798264, 20240416094500)
 (3612., 3613., 3603., 3608.,  54691., 1799037, 20240416100000)
 (3608., 3626., 3596., 3605., 235130., 1788652, 20240416101500)
 (3605., 3610., 3600., 3608.,  77394., 1791863, 20240416104500)
 (3607., 3617., 3607., 3612.,  60061., 1790329, 20240416110000)
 (3613., 3618., 3608., 3614.,  47418., 1794896, 20240416111500)
 (3615., 3621., 3613., 3616.,  61558., 1795091, 20240416113000)
 (3620., 3623., 3616., 3621.,  92049., 1798115, 20240416134500)
 (3620., 3621., 3615., 3620.,  34791., 1800046, 20240416140000)
 (3620., 3635., 3619., 3628., 105155., 1802318, 20240416141500)
 (3627., 3632., 3616., 3618., 110059., 1804926, 20240416143000)
 (3618., 3618., 3602., 3609., 199091., 1798500, 20240416144500)
 (3609., 3611., 3594., 3608., 177713., 1783614, 20240416150000)]
2024-04-17 15:30:00  INFO  [(3606., 3611., 3603., 3605.,  87651., 1793258, 20240416211500)
 (3605., 3614., 3605., 3610.,  54392., 1798244, 20240416213000)
 (3609., 3614., 3607., 3608.,  41226., 1802930, 20240416214500)
 (3608., 3610., 3606., 3607.,  24864., 1804066, 20240416220000)
 (3607., 3611., 3602., 3604.,  50434., 1805964, 20240416221500)
 (3605., 3612., 3604., 3611.,  38005., 1807881, 20240416223000)
 (3611., 3616., 3611., 3615.,  59485., 1801716, 20240416224500)
 (3615., 3617., 3608., 3615.,  54460., 1788302, 20240416230000)
 (3616., 3620., 3609., 3612.,  68027., 1791368, 20240417091500)
 (3613., 3616., 3611., 3615.,  33502., 1793512, 20240417093000)
 (3616., 3617., 3613., 3616.,  32945., 1793618, 20240417094500)
 (3617., 3622., 3615., 3618.,  61426., 1799081, 20240417100000)
 (3618., 3624., 3617., 3623.,  47559., 1801976, 20240417101500)
 (3623., 3628., 3619., 3625.,  71829., 1808397, 20240417104500)
 (3624., 3626., 3620., 3621.,  39372., 1807519, 20240417110000)
 (3620., 3621., 3615., 3617.,  46687., 1802920, 20240417111500)
 (3617., 3627., 3611., 3626., 105850., 1803328, 20240417113000)
 (3628., 3655., 3628., 3649., 383825., 1817607, 20240417134500)
 (3649., 3656., 3647., 3654., 132009., 1827813, 20240417140000)
 (3654., 3660., 3651., 3659., 106771., 1828095, 20240417141500)
 (3659., 3672., 3654., 3671., 143847., 1826918, 20240417143000)
 (3671., 3682., 3669., 3674., 201637., 1835298, 20240417144500)
 (3675., 3685., 3673., 3682., 160349., 1822853, 20240417150000)]
2024-04-18 15:30:00  INFO  [(3686., 3692., 3677., 3683., 204034., 1826563, 20240417211500)
 (3683., 3690., 3682., 3687.,  73502., 1825303, 20240417213000)
 (3687., 3694., 3686., 3688.,  59410., 1831337, 20240417214500)
 (3688., 3690., 3683., 3689.,  44871., 1832782, 20240417220000)
 (3689., 3691., 3687., 3690.,  28875., 1833272, 20240417221500)
 (3690., 3697., 3687., 3694.,  59817., 1836470, 20240417223000)
 (3694., 3694., 3688., 3693.,  32332., 1833896, 20240417224500)
 (3693., 3696., 3688., 3691.,  52360., 1823596, 20240417230000)
 (3689., 3695., 3682., 3693.,  96550., 1825804, 20240418091500)
 (3692., 3695., 3683., 3685.,  53690., 1825296, 20240418093000)
 (3684., 3689., 3681., 3682.,  70566., 1825172, 20240418094500)
 (3681., 3689., 3678., 3682.,  68467., 1818477, 20240418100000)
 (3681., 3687., 3681., 3687.,  38338., 1811764, 20240418101500)
 (3687., 3693., 3686., 3691.,  60104., 1809553, 20240418104500)
 (3691., 3699., 3689., 3697.,  74780., 1807806, 20240418110000)
 (3697., 3705., 3696., 3699., 125600., 1818210, 20240418111500)
 (3700., 3704., 3693., 3695.,  80178., 1817344, 20240418113000)
 (3692., 3692., 3668., 3679., 277283., 1801118, 20240418134500)
 (3679., 3686., 3675., 3682.,  82041., 1800907, 20240418140000)
 (3682., 3690., 3679., 3681.,  68355., 1794809, 20240418141500)
 (3681., 3686., 3676., 3684.,  61590., 1786255, 20240418143000)
 (3684., 3692., 3679., 3687.,  82562., 1775310, 20240418144500)
 (3686., 3690., 3680., 3682.,  68395., 1760462, 20240418150000)]
2024-04-19 15:30:00  INFO  [(3680., 3682., 3675., 3680., 101774., 1763486, 20240418211500)
 (3681., 3685., 3677., 3685.,  51440., 1766078, 20240418213000)
 (3685., 3687., 3677., 3678.,  49665., 1771693, 20240418214500)
 (3678., 3683., 3677., 3682.,  35151., 1774449, 20240418220000)
 (3682., 3686., 3681., 3683.,  27346., 1776734, 20240418221500)
 (3683., 3684., 3676., 3679.,  32102., 1778212, 20240418223000)
 (3678., 3682., 3676., 3678.,  26137., 1780855, 20240418224500)
 (3678., 3682., 3678., 3680.,  24591., 1775973, 20240418230000)
 (3679., 3684., 3677., 3681.,  50426., 1774820, 20240419091500)
 (3681., 3689., 3681., 3684.,  61377., 1779953, 20240419093000)
 (3685., 3692., 3684., 3687.,  50625., 1778843, 20240419094500)
 (3687., 3695., 3686., 3688.,  59415., 1779451, 20240419100000)
 (3689., 3691., 3678., 3684.,  83724., 1779433, 20240419101500)
 (3684., 3689., 3682., 3685.,  33813., 1777633, 20240419104500)
 (3685., 3692., 3683., 3687.,  46621., 1777795, 20240419110000)
 (3686., 3687., 3680., 3682.,  37525., 1779561, 20240419111500)
 (3682., 3684., 3665., 3675., 171540., 1761324, 20240419113000)
 (3674., 3678., 3661., 3668., 112637., 1755624, 20240419134500)
 (3668., 3676., 3667., 3673.,  53792., 1752619, 20240419140000)
 (3672., 3677., 3671., 3675.,  31114., 1753607, 20240419141500)
 (3676., 3676., 3665., 3670.,  52793., 1752116, 20240419143000)
 (3670., 3677., 3665., 3673.,  50329., 1749411, 20240419144500)
 (3673., 3679., 3670., 3675.,  64987., 1736610, 20240419150000)]
2024-04-22 15:30:00  INFO  [(3664., 3670., 3651., 3658., 205833., 1719470, 20240419211500)
 (3658., 3666., 3657., 3665.,  40460., 1719127, 20240419213000)
 (3666., 3669., 3662., 3664.,  36719., 1722259, 20240419214500)
 (3663., 3666., 3661., 3663.,  25997., 1722302, 20240419220000)
 (3664., 3672., 3663., 3667.,  38867., 1720670, 20240419221500)
 (3667., 3673., 3666., 3671.,  34881., 1715403, 20240419223000)
 (3670., 3674., 3666., 3673.,  31843., 1712400, 20240419224500)
 (3672., 3678., 3671., 3672.,  61978., 1701094, 20240419230000)
 (3670., 3684., 3664., 3681., 142409., 1702515, 20240422091500)
 (3681., 3683., 3674., 3675.,  54307., 1705416, 20240422093000)
 (3675., 3676., 3670., 3672.,  46504., 1709782, 20240422094500)
 (3672., 3681., 3670., 3680.,  40918., 1708335, 20240422100000)
 (3681., 3692., 3677., 3688., 110545., 1703928, 20240422101500)
 (3688., 3694., 3683., 3692.,  65055., 1708030, 20240422104500)
 (3691., 3693., 3681., 3682.,  52794., 1705798, 20240422110000)
 (3683., 3685., 3672., 3674.,  78405., 1703556, 20240422111500)
 (3674., 3676., 3667., 3670.,  75683., 1705731, 20240422113000)
 (3671., 3674., 3662., 3667.,  86536., 1710695, 20240422134500)
 (3668., 3672., 3665., 3670.,  43340., 1712901, 20240422140000)
 (3671., 3675., 3670., 3672.,  31421., 1711315, 20240422141500)
 (3671., 3673., 3666., 3666.,  29463., 1713133, 20240422143000)
 (3667., 3682., 3663., 3675.,  85090., 1700949, 20240422144500)
 (3675., 3678., 3667., 3670.,  60599., 1695415, 20240422150000)]
2024-04-23 15:30:00  INFO  [(3670., 3675., 3664., 3669.,  80118., 1705098, 20240422211500)
 (3669., 3670., 3662., 3667.,  56941., 1712108, 20240422213000)
 (3668., 3672., 3666., 3670.,  29039., 1711532, 20240422214500)
 (3671., 3675., 3670., 3673.,  36490., 1714706, 20240422220000)
 (3673., 3674., 3670., 3672.,  20399., 1717510, 20240422221500)
 (3673., 3678., 3671., 3676.,  33905., 1714835, 20240422223000)
 (3676., 3677., 3673., 3676.,  18984., 1713223, 20240422224500)
 (3675., 3679., 3669., 3670.,  37817., 1706438, 20240422230000)
 (3670., 3679., 3667., 3677.,  56147., 1709366, 20240423091500)
 (3677., 3685., 3672., 3673.,  84802., 1713806, 20240423093000)
 (3673., 3674., 3665., 3670.,  80547., 1722260, 20240423094500)
 (3670., 3674., 3665., 3673.,  45084., 1720463, 20240423100000)
 (3674., 3679., 3673., 3675.,  62160., 1709388, 20240423101500)
 (3674., 3675., 3669., 3669.,  39662., 1713813, 20240423104500)
 (3669., 3676., 3669., 3670.,  27013., 1715581, 20240423110000)
 (3670., 3673., 3666., 3671.,  37831., 1722757, 20240423111500)
 (3670., 3677., 3668., 3671.,  40366., 1717028, 20240423113000)
 (3670., 3672., 3663., 3667.,  76602., 1738025, 20240423134500)
 (3667., 3668., 3655., 3666., 122741., 1745707, 20240423140000)
 (3666., 3673., 3660., 3666.,  92484., 1732902, 20240423141500)
 (3666., 3668., 3661., 3663.,  47827., 1735233, 20240423143000)
 (3663., 3666., 3643., 3646., 152649., 1737742, 20240423144500)
 (3647., 3649., 3635., 3641., 201048., 1726245, 20240423150000)]
2024-04-24 15:30:00  INFO  [(3636., 3650., 3631., 3648., 135261., 1725966, 20240423211500)
 (3647., 3656., 3647., 3652.,  89221., 1724956, 20240423213000)
 (3653., 3655., 3649., 3653.,  41425., 1726018, 20240423214500)
 (3653., 3660., 3653., 3655.,  58415., 1723245, 20240423220000)
 (3656., 3658., 3652., 3654.,  30384., 1727087, 20240423221500)
 (3653., 3657., 3650., 3654.,  28755., 1728157, 20240423223000)
 (3655., 3655., 3647., 3650.,  26042., 1729487, 20240423224500)
 (3649., 3657., 3646., 3651.,  41256., 1725367, 20240423230000)
 (3652., 3663., 3652., 3662.,  85404., 1726563, 20240424091500)
 (3662., 3666., 3659., 3665.,  58203., 1725786, 20240424093000)
 (3665., 3665., 3658., 3658.,  33375., 1724952, 20240424094500)
 (3658., 3677., 3658., 3673., 107880., 1720013, 20240424100000)
 (3673., 3690., 3672., 3685., 164063., 1715104, 20240424101500)
 (3685., 3686., 3678., 3682.,  69570., 1713739, 20240424104500)
 (3682., 3687., 3679., 3685.,  49822., 1715657, 20240424110000)
 (3685., 3688., 3682., 3685.,  42204., 1718952, 20240424111500)
 (3686., 3688., 3681., 3682.,  33320., 1716555, 20240424113000)
 (3683., 3693., 3683., 3683.,  94747., 1726299, 20240424134500)
 (3683., 3685., 3678., 3681.,  59996., 1723660, 20240424140000)
 (3681., 3684., 3674., 3681.,  59999., 1724897, 20240424141500)
 (3680., 3685., 3679., 3683.,  29546., 1725717, 20240424143000)
 (3683., 3685., 3682., 3684.,  21725., 1725494, 20240424144500)
 (3684., 3685., 3679., 3681.,  60952., 1718813, 20240424150000)]
2024-04-25 15:30:00  INFO  [(3680., 3681., 3673., 3680., 109043., 1713153, 20240424211500)
 (3679., 3684., 3674., 3676.,  56377., 1714953, 20240424213000)
 (3675., 3678., 3673., 3678.,  45565., 1708435, 20240424214500)
 (3677., 3683., 3676., 3676.,  35961., 1702305, 20240424220000)
 (3677., 3681., 3675., 3678.,  19162., 1702496, 20240424221500)
 (3679., 3682., 3677., 3681.,  18758., 1701235, 20240424223000)
 (3680., 3682., 3674., 3675.,  32997., 1700626, 20240424224500)
 (3675., 3679., 3674., 3677.,  17586., 1696585, 20240424230000)
 (3677., 3690., 3676., 3682.,  90169., 1695215, 20240425091500)
 (3682., 3692., 3680., 3688.,  65110., 1698318, 20240425093000)
 (3689., 3706., 3686., 3698., 173853., 1714375, 20240425094500)
 (3698., 3704., 3691., 3692.,  81228., 1721781, 20240425100000)
 (3692., 3697., 3688., 3695.,  47787., 1720381, 20240425101500)
 (3696., 3698., 3686., 3691.,  51312., 1716090, 20240425104500)
 (3691., 3695., 3686., 3689.,  34181., 1717506, 20240425110000)
 (3690., 3696., 3682., 3684.,  53524., 1718770, 20240425111500)
 (3684., 3687., 3667., 3669., 166562., 1714755, 20240425113000)
 (3675., 3690., 3675., 3688., 135801., 1705617, 20240425134500)
 (3688., 3695., 3684., 3687.,  65315., 1712578, 20240425140000)
 (3686., 3687., 3677., 3677.,  55537., 1711564, 20240425141500)
 (3678., 3680., 3670., 3672.,  58693., 1715398, 20240425143000)
 (3672., 3674., 3662., 3668., 115990., 1717965, 20240425144500)
 (3669., 3677., 3668., 3669.,  76341., 1703349, 20240425150000)]
2024-04-26 15:30:00  INFO  [(3671., 3676., 3662., 3665., 98759., 1708276, 20240425211500)
 (3665., 3667., 3658., 3665., 73034., 1707527, 20240425213000)
 (3665., 3673., 3664., 3669., 57429., 1708874, 20240425214500)
 (3669., 3670., 3666., 3668., 21835., 1710751, 20240425220000)
 (3668., 3669., 3662., 3665., 28972., 1712623, 20240425221500)
 (3664., 3666., 3653., 3661., 74279., 1711967, 20240425223000)
 (3660., 3666., 3660., 3662., 35537., 1714574, 20240425224500)
 (3662., 3664., 3645., 3652., 96555., 1711235, 20240425230000)
 (3652., 3662., 3652., 3661., 70081., 1719671, 20240426091500)
 (3662., 3668., 3662., 3663., 52413., 1723285, 20240426093000)
 (3662., 3669., 3662., 3667., 34342., 1723752, 20240426094500)
 (3668., 3674., 3665., 3670., 52587., 1724185, 20240426100000)
 (3669., 3672., 3663., 3671., 36954., 1727686, 20240426101500)
 (3671., 3675., 3667., 3669., 38191., 1726813, 20240426104500)
 (3669., 3674., 3666., 3672., 31924., 1727876, 20240426110000)
 (3672., 3683., 3672., 3678., 76366., 1728425, 20240426111500)
 (3678., 3684., 3673., 3679., 54809., 1729764, 20240426113000)
 (3683., 3685., 3675., 3675., 52057., 1733546, 20240426134500)
 (3675., 3686., 3675., 3681., 56758., 1740108, 20240426140000)
 (3680., 3687., 3679., 3686., 47305., 1745408, 20240426141500)
 (3685., 3690., 3681., 3682., 82609., 1742396, 20240426143000)
 (3682., 3685., 3677., 3680., 45619., 1743084, 20240426144500)
 (3680., 3687., 3677., 3685., 65153., 1735237, 20240426150000)]
2024-04-29 15:30:00  INFO  [(3680., 3682., 3675., 3680.,  77161., 1739352, 20240426211500)
 (3680., 3696., 3678., 3688., 113572., 1753055, 20240426213000)
 (3688., 3693., 3686., 3691.,  53675., 1757262, 20240426214500)
 (3692., 3692., 3680., 3683.,  60062., 1757087, 20240426220000)
 (3683., 3684., 3681., 3682.,  25157., 1755650, 20240426221500)
 (3681., 3684., 3672., 3673.,  44312., 1752983, 20240426223000)
 (3673., 3674., 3652., 3660., 198399., 1740614, 20240426224500)
 (3660., 3672., 3658., 3667.,  99057., 1731843, 20240426230000)
 (3668., 3669., 3655., 3656., 115154., 1745176, 20240429091500)
 (3655., 3660., 3653., 3657.,  74359., 1756752, 20240429093000)
 (3657., 3661., 3653., 3657.,  43834., 1757474, 20240429094500)
 (3657., 3662., 3654., 3659.,  24995., 1757458, 20240429100000)
 (3659., 3671., 3658., 3671.,  67680., 1749990, 20240429101500)
 (3670., 3679., 3670., 3673.,  93475., 1740231, 20240429104500)
 (3673., 3677., 3671., 3671.,  31806., 1737657, 20240429110000)
 (3671., 3676., 3669., 3674.,  31616., 1736505, 20240429111500)
 (3674., 3677., 3671., 3674.,  33330., 1734465, 20240429113000)
 (3674., 3679., 3670., 3673.,  41009., 1736009, 20240429134500)
 (3672., 3674., 3663., 3669.,  48606., 1736747, 20240429140000)
 (3670., 3676., 3669., 3671.,  39062., 1741004, 20240429141500)
 (3672., 3672., 3666., 3671.,  27135., 1739311, 20240429143000)
 (3671., 3674., 3664., 3665.,  43562., 1738473, 20240429144500)
 (3665., 3677., 3664., 3675.,  74286., 1728962, 20240429150000)]
2024-04-30 15:30:00  INFO  [(3688., 3710., 3678., 3690., 273091., 1740613, 20240429211500)
 (3691., 3696., 3690., 3692.,  50199., 1740670, 20240429213000)
 (3692., 3695., 3687., 3690.,  43535., 1739979, 20240429214500)
 (3689., 3690., 3686., 3689.,  24664., 1739352, 20240429220000)
 (3688., 3690., 3684., 3689.,  27955., 1736855, 20240429221500)
 (3689., 3690., 3685., 3688.,  19634., 1736219, 20240429223000)
 (3687., 3689., 3682., 3685.,  26313., 1733479, 20240429224500)
 (3684., 3691., 3684., 3689.,  28661., 1725986, 20240429230000)
 (3689., 3690., 3678., 3683.,  74047., 1715630, 20240430091500)
 (3683., 3693., 3681., 3693.,  53829., 1718290, 20240430093000)
 (3692., 3694., 3687., 3687.,  27075., 1719381, 20240430094500)
 (3687., 3689., 3682., 3685.,  28020., 1716812, 20240430100000)
 (3685., 3685., 3665., 3666.,  94829., 1709909, 20240430101500)
 (3666., 3669., 3661., 3668.,  98443., 1717551, 20240430104500)
 (3668., 3668., 3661., 3668.,  55685., 1729935, 20240430110000)
 (3668., 3674., 3666., 3668.,  43040., 1727484, 20240430111500)
 (3667., 3669., 3665., 3668.,  27444., 1726444, 20240430113000)
 (3667., 3668., 3642., 3644., 175140., 1737231, 20240430134500)
 (3643., 3649., 3641., 3648., 110588., 1749588, 20240430140000)
 (3648., 3649., 3634., 3637., 105342., 1751028, 20240430141500)
 (3636., 3646., 3635., 3645.,  68610., 1753812, 20240430143000)
 (3645., 3661., 3643., 3658.,  86077., 1736115, 20240430144500)
 (3658., 3669., 3656., 3656., 152095., 1688963, 20240430150000)]
2024-05-06 15:30:00  INFO  [(3668., 3674., 3666., 3668.,  43040., 1727484, 20240430111500)
 (3667., 3669., 3665., 3668.,  27444., 1726444, 20240430113000)
 (3667., 3668., 3642., 3644., 175140., 1737231, 20240430134500)
 (3643., 3649., 3641., 3648., 110588., 1749588, 20240430140000)
 (3648., 3649., 3634., 3637., 105342., 1751028, 20240430141500)
 (3636., 3646., 3635., 3645.,  68610., 1753812, 20240430143000)
 (3645., 3661., 3643., 3658.,  86077., 1736115, 20240430144500)
 (3658., 3669., 3656., 3656., 152095., 1688963, 20240430150000)
 (3672., 3706., 3672., 3692., 313804., 1709680, 20240506091500)
 (3691., 3695., 3687., 3695.,  68122., 1709129, 20240506093000)
 (3695., 3704., 3693., 3698.,  96910., 1726686, 20240506094500)
 (3699., 3704., 3695., 3703.,  56692., 1738338, 20240506100000)
 (3703., 3727., 3703., 3725., 215554., 1773727, 20240506101500)
 (3725., 3729., 3722., 3723.,  74568., 1788460, 20240506104500)
 (3723., 3728., 3722., 3726.,  34559., 1796282, 20240506110000)
 (3726., 3729., 3723., 3727.,  39975., 1803379, 20240506111500)
 (3727., 3736., 3724., 3733.,  73734., 1811804, 20240506113000)
 (3733., 3738., 3730., 3737.,  78897., 1823013, 20240506134500)
 (3737., 3737., 3730., 3733.,  35114., 1826984, 20240506140000)
 (3733., 3737., 3732., 3733.,  31411., 1832544, 20240506141500)
 (3732., 3738., 3732., 3736.,  27316., 1835977, 20240506143000)
 (3735., 3737., 3728., 3728.,  36718., 1830263, 20240506144500)
 (3729., 3737., 3726., 3735.,  81790., 1820186, 20240506150000)]
2024-05-07 15:30:00  INFO  [(3735., 3744., 3734., 3737., 111458., 1833691, 20240506211500)
 (3736., 3744., 3735., 3736.,  67302., 1837487, 20240506213000)
 (3736., 3740., 3735., 3738.,  34172., 1840797, 20240506214500)
 (3738., 3741., 3737., 3739.,  23873., 1842019, 20240506220000)
 (3739., 3740., 3733., 3734.,  40453., 1848250, 20240506221500)
 (3734., 3737., 3733., 3736.,  17840., 1845923, 20240506223000)
 (3736., 3739., 3733., 3735.,  25321., 1840148, 20240506224500)
 (3736., 3738., 3732., 3734.,  25613., 1833477, 20240506230000)
 (3737., 3739., 3729., 3731.,  56872., 1829535, 20240507091500)
 (3732., 3735., 3728., 3730.,  43086., 1829359, 20240507093000)
 (3730., 3735., 3726., 3727.,  39748., 1829923, 20240507094500)
 (3727., 3733., 3726., 3729.,  28604., 1827726, 20240507100000)
 (3729., 3735., 3725., 3726.,  35841., 1827396, 20240507101500)
 (3726., 3732., 3723., 3726.,  40249., 1828582, 20240507104500)
 (3726., 3729., 3723., 3725.,  32533., 1828214, 20240507110000)
 (3724., 3726., 3720., 3723.,  40932., 1827929, 20240507111500)
 (3724., 3726., 3720., 3722.,  34493., 1829037, 20240507113000)
 (3722., 3726., 3717., 3725.,  59630., 1826564, 20240507134500)
 (3725., 3730., 3724., 3726.,  37169., 1832162, 20240507140000)
 (3727., 3727., 3720., 3720.,  31509., 1833609, 20240507141500)
 (3721., 3721., 3716., 3719.,  56351., 1830362, 20240507143000)
 (3720., 3722., 3716., 3720.,  44629., 1829226, 20240507144500)
 (3719., 3724., 3715., 3723.,  66573., 1822429, 20240507150000)]
2024-05-08 15:30:00  INFO  [(3723., 3732., 3719., 3729.,  98189., 1833349, 20240507211500)
 (3730., 3731., 3725., 3726.,  36624., 1841827, 20240507213000)
 (3726., 3730., 3724., 3725.,  21459., 1844756, 20240507214500)
 (3725., 3729., 3720., 3721.,  34463., 1844724, 20240507220000)
 (3720., 3723., 3717., 3718.,  45055., 1847185, 20240507221500)
 (3718., 3718., 3711., 3712.,  70772., 1840501, 20240507223000)
 (3713., 3720., 3712., 3717.,  34209., 1840556, 20240507224500)
 (3717., 3721., 3714., 3716.,  31811., 1831353, 20240507230000)
 (3716., 3717., 3711., 3712.,  57580., 1837758, 20240508091500)
 (3712., 3718., 3711., 3711.,  41643., 1840779, 20240508093000)
 (3712., 3712., 3706., 3709.,  86880., 1833348, 20240508094500)
 (3710., 3714., 3708., 3709.,  36926., 1835767, 20240508100000)
 (3709., 3717., 3708., 3715.,  39232., 1837851, 20240508101500)
 (3715., 3718., 3712., 3713.,  36414., 1839519, 20240508104500)
 (3714., 3717., 3710., 3712.,  28829., 1843115, 20240508110000)
 (3712., 3715., 3710., 3711.,  21976., 1844830, 20240508111500)
 (3712., 3713., 3703., 3706.,  65276., 1846114, 20240508113000)
 (3705., 3708., 3700., 3707.,  80663., 1852211, 20240508134500)
 (3707., 3708., 3703., 3704.,  28920., 1854461, 20240508140000)
 (3704., 3704., 3684., 3686., 205462., 1846731, 20240508141500)
 (3685., 3688., 3681., 3683.,  90900., 1847769, 20240508143000)
 (3682., 3683., 3673., 3680., 135930., 1855228, 20240508144500)
 (3680., 3686., 3671., 3674., 112742., 1842890, 20240508150000)]
2024-05-09 15:30:00  INFO  [(3674., 3679., 3665., 3674., 133717., 1852447, 20240508211500)
 (3673., 3674., 3667., 3670.,  50199., 1854436, 20240508213000)
 (3670., 3677., 3669., 3675.,  34594., 1858234, 20240508214500)
 (3674., 3680., 3673., 3676.,  40655., 1857474, 20240508220000)
 (3676., 3681., 3675., 3677.,  31992., 1860154, 20240508221500)
 (3677., 3679., 3673., 3677.,  29046., 1860268, 20240508223000)
 (3676., 3680., 3675., 3679.,  17665., 1860491, 20240508224500)
 (3678., 3681., 3675., 3676.,  28476., 1856088, 20240508230000)
 (3677., 3687., 3677., 3681.,  68477., 1858054, 20240509091500)
 (3681., 3682., 3674., 3676.,  38032., 1860821, 20240509093000)
 (3676., 3679., 3671., 3677.,  39168., 1867212, 20240509094500)
 (3678., 3678., 3673., 3675.,  28233., 1874969, 20240509100000)
 (3676., 3681., 3673., 3677.,  35036., 1877807, 20240509101500)
 (3678., 3691., 3677., 3686., 101472., 1872537, 20240509104500)
 (3687., 3689., 3685., 3687.,  32092., 1872255, 20240509110000)
 (3686., 3690., 3682., 3689.,  40339., 1873773, 20240509111500)
 (3688., 3689., 3669., 3671., 103516., 1877336, 20240509113000)
 (3672., 3682., 3669., 3674.,  71691., 1885633, 20240509134500)
 (3674., 3681., 3671., 3675.,  47463., 1889603, 20240509140000)
 (3675., 3675., 3656., 3659., 135408., 1895168, 20240509141500)
 (3659., 3669., 3658., 3668.,  68253., 1891542, 20240509143000)
 (3669., 3673., 3662., 3665.,  54809., 1890249, 20240509144500)
 (3664., 3669., 3659., 3669.,  65846., 1883846, 20240509150000)]
2024-05-10 15:30:00  INFO  [(3674., 3679., 3670., 3671.,  91110., 1889436, 20240509211500)
 (3671., 3674., 3668., 3672.,  36446., 1893259, 20240509213000)
 (3672., 3674., 3670., 3671.,  18263., 1892816, 20240509214500)
 (3671., 3677., 3670., 3675.,  27749., 1893517, 20240509220000)
 (3675., 3677., 3673., 3676.,  21108., 1893493, 20240509221500)
 (3677., 3677., 3673., 3674.,  18027., 1892221, 20240509223000)
 (3674., 3675., 3667., 3670.,  33994., 1892432, 20240509224500)
 (3670., 3672., 3665., 3667.,  34335., 1886570, 20240509230000)
 (3668., 3669., 3662., 3669.,  65164., 1890445, 20240510091500)
 (3669., 3676., 3668., 3671.,  55795., 1890747, 20240510093000)
 (3672., 3673., 3666., 3668.,  34323., 1895185, 20240510094500)
 (3668., 3670., 3645., 3647., 155089., 1902944, 20240510100000)
 (3646., 3651., 3636., 3641., 167320., 1912032, 20240510101500)
 (3641., 3641., 3627., 3636., 166770., 1915892, 20240510104500)
 (3636., 3642., 3634., 3636.,  65967., 1921572, 20240510110000)
 (3637., 3641., 3631., 3633.,  57361., 1928161, 20240510111500)
 (3634., 3639., 3627., 3638.,  75654., 1933276, 20240510113000)
 (3639., 3653., 3639., 3648., 140714., 1923178, 20240510134500)
 (3648., 3658., 3645., 3654.,  80899., 1919225, 20240510140000)
 (3655., 3655., 3645., 3645.,  44563., 1917806, 20240510141500)
 (3645., 3649., 3640., 3646.,  43149., 1918353, 20240510143000)
 (3646., 3663., 3645., 3658.,  78451., 1908833, 20240510144500)
 (3659., 3663., 3653., 3662.,  79369., 1890163, 20240510150000)]
2024-05-13 15:30:00  INFO  [(3658., 3659., 3648., 3651.,  89741., 1904154, 20240510211500)
 (3650., 3652., 3645., 3650.,  38685., 1910598, 20240510213000)
 (3650., 3650., 3645., 3648.,  34376., 1911898, 20240510214500)
 (3648., 3650., 3646., 3646.,  19318., 1914046, 20240510220000)
 (3646., 3651., 3645., 3646.,  25261., 1914571, 20240510221500)
 (3647., 3648., 3643., 3647.,  26214., 1911992, 20240510223000)
 (3646., 3655., 3646., 3647.,  37515., 1908754, 20240510224500)
 (3648., 3652., 3645., 3648.,  34944., 1902256, 20240510230000)
 (3642., 3648., 3633., 3645., 129031., 1912214, 20240513091500)
 (3644., 3645., 3632., 3633.,  74279., 1922789, 20240513093000)
 (3634., 3634., 3623., 3628., 107471., 1936840, 20240513094500)
 (3628., 3638., 3625., 3637.,  55892., 1933782, 20240513100000)
 (3637., 3645., 3635., 3644.,  49926., 1932545, 20240513101500)
 (3644., 3654., 3644., 3651., 106580., 1920712, 20240513104500)
 (3651., 3659., 3649., 3654.,  65252., 1918085, 20240513110000)
 (3654., 3656., 3649., 3650.,  36829., 1917830, 20240513111500)
 (3651., 3656., 3643., 3654.,  52533., 1923378, 20240513113000)
 (3654., 3665., 3654., 3656.,  71075., 1920553, 20240513134500)
 (3656., 3664., 3656., 3660.,  45986., 1922191, 20240513140000)
 (3661., 3688., 3660., 3682., 212157., 1901749, 20240513141500)
 (3683., 3686., 3675., 3679., 107217., 1903202, 20240513143000)
 (3678., 3686., 3677., 3682.,  63470., 1898060, 20240513144500)
 (3682., 3688., 3680., 3686.,  87785., 1883012, 20240513150000)]
2024-05-14 15:30:00  INFO  [(3686., 3690., 3675., 3677.,  94696., 1882372, 20240513211500)
 (3677., 3679., 3674., 3674.,  37049., 1884179, 20240513213000)
 (3675., 3680., 3670., 3673.,  50205., 1879770, 20240513214500)
 (3672., 3676., 3665., 3668.,  43536., 1880071, 20240513220000)
 (3668., 3670., 3666., 3668.,  30637., 1881111, 20240513221500)
 (3668., 3668., 3663., 3667.,  38216., 1880456, 20240513223000)
 (3666., 3670., 3664., 3668.,  32355., 1880994, 20240513224500)
 (3668., 3669., 3661., 3664.,  45940., 1873142, 20240513230000)
 (3665., 3670., 3654., 3658.,  96669., 1875067, 20240514091500)
 (3657., 3660., 3647., 3650.,  88507., 1874751, 20240514093000)
 (3650., 3653., 3644., 3645.,  78622., 1885402, 20240514094500)
 (3646., 3646., 3635., 3638., 100292., 1892500, 20240514100000)
 (3638., 3642., 3634., 3637.,  73176., 1902329, 20240514101500)
 (3638., 3644., 3636., 3643.,  51656., 1910955, 20240514104500)
 (3644., 3644., 3637., 3638.,  32740., 1916949, 20240514110000)
 (3638., 3647., 3638., 3642.,  35609., 1921551, 20240514111500)
 (3641., 3644., 3638., 3642.,  34244., 1926220, 20240514113000)
 (3642., 3643., 3632., 3635.,  64784., 1936272, 20240514134500)
 (3635., 3638., 3628., 3638.,  90242., 1945337, 20240514140000)
 (3637., 3644., 3633., 3634.,  71639., 1947803, 20240514141500)
 (3634., 3640., 3631., 3632.,  45643., 1956572, 20240514143000)
 (3632., 3634., 3624., 3634.,  90438., 1963510, 20240514144500)
 (3634., 3636., 3629., 3630.,  76168., 1954528, 20240514150000)]
2024-05-15 15:30:00  INFO  [(3626., 3626., 3610., 3613., 209327., 1977853, 20240514211500)
 (3613., 3618., 3609., 3617.,  85946., 1985099, 20240514213000)
 (3618., 3623., 3615., 3620.,  47060., 1983307, 20240514214500)
 (3620., 3623., 3613., 3618.,  39798., 1983435, 20240514220000)
 (3617., 3619., 3613., 3613.,  27012., 1985484, 20240514221500)
 (3613., 3618., 3611., 3616.,  27889., 1988846, 20240514223000)
 (3616., 3618., 3613., 3614.,  21729., 1988347, 20240514224500)
 (3613., 3616., 3612., 3615.,  28227., 1982896, 20240514230000)
 (3616., 3624., 3612., 3613.,  88413., 1983579, 20240515091500)
 (3613., 3623., 3609., 3619.,  77925., 1985883, 20240515093000)
 (3619., 3627., 3619., 3624.,  55036., 1982837, 20240515094500)
 (3625., 3628., 3621., 3621.,  49878., 1980054, 20240515100000)
 (3621., 3626., 3618., 3622.,  34918., 1978715, 20240515101500)
 (3621., 3622., 3616., 3618.,  30208., 1978777, 20240515104500)
 (3618., 3620., 3607., 3617.,  73420., 1981535, 20240515110000)
 (3617., 3620., 3614., 3617.,  32942., 1982835, 20240515111500)
 (3617., 3619., 3609., 3614.,  45351., 1985317, 20240515113000)
 (3619., 3622., 3613., 3619.,  57695., 1983000, 20240515134500)
 (3618., 3619., 3611., 3612.,  39639., 1987678, 20240515140000)
 (3612., 3621., 3608., 3620.,  87371., 1993174, 20240515141500)
 (3620., 3632., 3615., 3617.,  99905., 1985376, 20240515143000)
 (3616., 3620., 3613., 3617.,  40144., 1985156, 20240515144500)
 (3617., 3626., 3615., 3621.,  58451., 1973963, 20240515150000)]
2024-05-16 15:30:00  INFO  [(3624., 3628., 3619., 3623.,  83528., 1987777, 20240515211500)
 (3622., 3625., 3618., 3618.,  32685., 1991015, 20240515213000)
 (3618., 3621., 3616., 3616.,  26404., 1992837, 20240515214500)
 (3616., 3620., 3614., 3619.,  29758., 1992284, 20240515220000)
 (3618., 3624., 3617., 3624.,  35623., 1995518, 20240515221500)
 (3624., 3624., 3618., 3619.,  19209., 1996734, 20240515223000)
 (3618., 3622., 3618., 3619.,  13572., 1995163, 20240515224500)
 (3619., 3624., 3618., 3619.,  25868., 1988353, 20240515230000)
 (3621., 3638., 3621., 3637., 122009., 1990347, 20240516091500)
 (3637., 3643., 3634., 3639., 123889., 1981216, 20240516093000)
 (3640., 3645., 3637., 3638.,  70103., 1980753, 20240516094500)
 (3638., 3640., 3635., 3637.,  33624., 1981014, 20240516100000)
 (3637., 3637., 3630., 3635.,  41390., 1981559, 20240516101500)
 (3635., 3638., 3632., 3633.,  24287., 1982042, 20240516104500)
 (3633., 3640., 3631., 3636.,  37211., 1979448, 20240516110000)
 (3637., 3644., 3635., 3640.,  39337., 1980905, 20240516111500)
 (3639., 3692., 3639., 3690., 417318., 1947619, 20240516113000)
 (3695., 3708., 3693., 3702., 379588., 1981923, 20240516134500)
 (3702., 3704., 3694., 3699., 110867., 1980192, 20240516140000)
 (3699., 3705., 3697., 3703.,  84729., 1978322, 20240516141500)
 (3704., 3706., 3695., 3695.,  78521., 1975386, 20240516143000)
 (3695., 3700., 3694., 3700.,  55752., 1967254, 20240516144500)
 (3699., 3705., 3699., 3703., 116058., 1948433, 20240516150000)]
2024-05-17 15:30:00  INFO  [(3700., 3707., 3698., 3703., 115213., 1953818, 20240516211500)
 (3704., 3705., 3699., 3699.,  41674., 1954240, 20240516213000)
 (3700., 3701., 3693., 3696.,  70669., 1943145, 20240516214500)
 (3697., 3700., 3690., 3693.,  54324., 1932035, 20240516220000)
 (3693., 3699., 3693., 3695.,  37586., 1930634, 20240516221500)
 (3696., 3701., 3694., 3701.,  33810., 1924714, 20240516223000)
 (3701., 3717., 3699., 3714., 146789., 1932039, 20240516224500)
 (3714., 3722., 3714., 3714., 117439., 1927508, 20240516230000)
 (3715., 3724., 3715., 3721.,  89669., 1932905, 20240517091500)
 (3721., 3722., 3713., 3714.,  43265., 1934299, 20240517093000)
 (3715., 3721., 3712., 3718.,  45368., 1939723, 20240517094500)
 (3718., 3722., 3712., 3716.,  49812., 1939626, 20240517100000)
 (3716., 3717., 3708., 3716.,  59800., 1936449, 20240517101500)
 (3715., 3716., 3709., 3713.,  28368., 1936747, 20240517104500)
 (3713., 3716., 3707., 3708.,  53661., 1940783, 20240517110000)
 (3708., 3709., 3701., 3707.,  77067., 1939707, 20240517111500)
 (3708., 3709., 3696., 3705.,  66667., 1941445, 20240517113000)
 (3715., 3727., 3707., 3713., 180197., 1945887, 20240517134500)
 (3713., 3721., 3710., 3715.,  61668., 1936094, 20240517140000)
 (3716., 3719., 3713., 3718.,  26521., 1935539, 20240517141500)
 (3717., 3720., 3715., 3718.,  24362., 1936043, 20240517143000)
 (3717., 3719., 3714., 3716.,  38535., 1931381, 20240517144500)
 (3717., 3720., 3714., 3716.,  76710., 1910315, 20240517150000)]
2024-05-20 15:30:00  INFO  [(3710., 3713., 3695., 3700., 175887., 1919781, 20240517211500)
 (3701., 3707., 3696., 3706.,  75654., 1921320, 20240517213000)
 (3706., 3710., 3702., 3707.,  61867., 1920359, 20240517214500)
 (3708., 3713., 3707., 3709.,  44158., 1919570, 20240517220000)
 (3709., 3711., 3708., 3709.,  26632., 1918777, 20240517221500)
 (3709., 3714., 3706., 3711.,  37085., 1918812, 20240517223000)
 (3712., 3719., 3710., 3718.,  57233., 1920968, 20240517224500)
 (3717., 3732., 3717., 3727., 138452., 1915958, 20240517230000)
 (3735., 3759., 3735., 3750., 286658., 1903472, 20240520091500)
 (3750., 3752., 3733., 3741., 149004., 1894418, 20240520093000)
 (3740., 3745., 3737., 3738.,  46241., 1896568, 20240520094500)
 (3738., 3743., 3736., 3742.,  42559., 1894787, 20240520100000)
 (3742., 3747., 3739., 3746.,  35384., 1897254, 20240520101500)
 (3746., 3750., 3743., 3745.,  58939., 1899804, 20240520104500)
 (3745., 3745., 3734., 3738.,  71502., 1909953, 20240520110000)
 (3738., 3740., 3736., 3739.,  31426., 1909940, 20240520111500)
 (3740., 3746., 3739., 3742.,  33051., 1910165, 20240520113000)
 (3741., 3745., 3740., 3745.,  29373., 1912930, 20240520134500)
 (3745., 3746., 3740., 3741.,  23851., 1914502, 20240520140000)
 (3741., 3745., 3737., 3738.,  33627., 1914636, 20240520141500)
 (3738., 3741., 3733., 3737.,  49099., 1912876, 20240520143000)
 (3736., 3737., 3724., 3729.,  74641., 1911767, 20240520144500)
 (3729., 3737., 3727., 3735.,  70902., 1902839, 20240520150000)]
2024-05-21 15:30:00  INFO  [(3730., 3737., 3726., 3736., 101915., 1909317, 20240520211500)
 (3736., 3740., 3732., 3738.,  49401., 1913409, 20240520213000)
 (3739., 3743., 3736., 3742.,  42408., 1919513, 20240520214500)
 (3742., 3745., 3739., 3745.,  35701., 1924913, 20240520220000)
 (3745., 3748., 3741., 3746.,  44653., 1929217, 20240520221500)
 (3746., 3749., 3743., 3747.,  33722., 1929611, 20240520223000)
 (3746., 3753., 3744., 3751.,  49250., 1932216, 20240520224500)
 (3751., 3752., 3741., 3742.,  46476., 1922404, 20240520230000)
 (3742., 3748., 3741., 3742.,  56193., 1924905, 20240521091500)
 (3742., 3748., 3741., 3741.,  32350., 1924338, 20240521093000)
 (3742., 3742., 3735., 3736.,  61675., 1917167, 20240521094500)
 (3736., 3737., 3725., 3731., 118360., 1906163, 20240521100000)
 (3732., 3735., 3725., 3727.,  65864., 1903707, 20240521101500)
 (3728., 3731., 3722., 3727.,  53895., 1901269, 20240521104500)
 (3727., 3733., 3724., 3731.,  42590., 1902520, 20240521110000)
 (3732., 3741., 3732., 3737.,  67328., 1902531, 20240521111500)
 (3737., 3739., 3726., 3728.,  45358., 1897399, 20240521113000)
 (3729., 3732., 3722., 3728.,  54135., 1896689, 20240521134500)
 (3727., 3735., 3724., 3733.,  47818., 1896151, 20240521140000)
 (3732., 3743., 3732., 3736.,  68996., 1892682, 20240521141500)
 (3735., 3740., 3732., 3738.,  36310., 1894606, 20240521143000)
 (3737., 3743., 3736., 3742.,  46232., 1895611, 20240521144500)
 (3743., 3751., 3740., 3746., 117050., 1906958, 20240521150000)]
2024-05-22 15:30:00  INFO  [(3746., 3765., 3743., 3761., 202515., 1926026, 20240521211500)
 (3762., 3772., 3755., 3768., 115619., 1940002, 20240521213000)
 (3768., 3770., 3761., 3762.,  55715., 1942038, 20240521214500)
 (3762., 3769., 3762., 3769.,  41745., 1940100, 20240521220000)
 (3769., 3781., 3766., 3775., 152598., 1951133, 20240521221500)
 (3775., 3793., 3775., 3790., 163233., 1946113, 20240521223000)
 (3790., 3794., 3785., 3790.,  74846., 1948615, 20240521224500)
 (3789., 3791., 3782., 3788.,  58081., 1939938, 20240521230000)
 (3788., 3788., 3782., 3786.,  85905., 1930308, 20240522091500)
 (3786., 3790., 3781., 3786.,  52304., 1932650, 20240522093000)
 (3786., 3792., 3782., 3788.,  55109., 1940694, 20240522094500)
 (3789., 3795., 3788., 3790.,  58524., 1950070, 20240522100000)
 (3790., 3794., 3786., 3789.,  36544., 1951154, 20240522101500)
 (3788., 3792., 3783., 3786.,  50616., 1952093, 20240522104500)
 (3786., 3790., 3782., 3790.,  37694., 1951239, 20240522110000)
 (3789., 3802., 3787., 3798., 115690., 1972965, 20240522111500)
 (3797., 3801., 3789., 3793.,  83193., 1973524, 20240522113000)
 (3795., 3800., 3787., 3799., 103438., 1975930, 20240522134500)
 (3798., 3811., 3797., 3805., 137326., 1997319, 20240522140000)
 (3805., 3810., 3805., 3808.,  55155., 2004741, 20240522141500)
 (3807., 3812., 3805., 3809.,  57352., 2006618, 20240522143000)
 (3808., 3814., 3808., 3809.,  50872., 2006281, 20240522144500)
 (3810., 3810., 3798., 3800., 111632., 1991310, 20240522150000)]
2024-05-23 15:30:00  INFO  [(3790., 3806., 3788., 3805., 147088., 1984795, 20240522211500)
 (3805., 3806., 3800., 3803.,  47440., 1989236, 20240522213000)
 (3804., 3806., 3796., 3798.,  54280., 1989438, 20240522214500)
 (3798., 3800., 3795., 3798.,  31029., 1986449, 20240522220000)
 (3798., 3798., 3790., 3795.,  63339., 1975540, 20240522221500)
 (3795., 3797., 3789., 3794.,  51514., 1967504, 20240522223000)
 (3795., 3801., 3794., 3796.,  44718., 1965152, 20240522224500)
 (3797., 3798., 3787., 3789.,  54248., 1953580, 20240522230000)
 (3786., 3791., 3781., 3786., 106474., 1939270, 20240523091500)
 (3787., 3792., 3780., 3786.,  81520., 1933669, 20240523093000)
 (3786., 3787., 3779., 3781.,  81920., 1938872, 20240523094500)
 (3782., 3791., 3780., 3787.,  49655., 1936443, 20240523100000)
 (3787., 3791., 3782., 3783.,  28947., 1935777, 20240523101500)
 (3783., 3787., 3781., 3787.,  31030., 1938362, 20240523104500)
 (3787., 3787., 3780., 3785.,  32543., 1934688, 20240523110000)
 (3785., 3789., 3782., 3783.,  30983., 1932155, 20240523111500)
 (3784., 3785., 3766., 3768., 140173., 1931702, 20240523113000)
 (3765., 3772., 3761., 3763., 148127., 1918253, 20240523134500)
 (3763., 3765., 3754., 3763., 105546., 1907576, 20240523140000)
 (3764., 3770., 3761., 3765.,  65748., 1904373, 20240523141500)
 (3766., 3774., 3765., 3771.,  51874., 1903361, 20240523143000)
 (3770., 3774., 3765., 3766.,  41827., 1901551, 20240523144500)
 (3766., 3777., 3766., 3775.,  55589., 1887482, 20240523150000)]
2024-05-24 15:30:00  INFO  [(3780., 3788., 3777., 3785., 126037., 1889134, 20240523211500)
 (3785., 3787., 3782., 3786.,  33216., 1889377, 20240523213000)
 (3787., 3790., 3783., 3788.,  41064., 1890956, 20240523214500)
 (3788., 3788., 3780., 3782.,  29346., 1888423, 20240523220000)
 (3782., 3786., 3780., 3785.,  24345., 1890116, 20240523221500)
 (3785., 3788., 3780., 3780.,  25608., 1892325, 20240523223000)
 (3780., 3781., 3774., 3775.,  44390., 1889892, 20240523224500)
 (3775., 3778., 3771., 3776.,  45570., 1887660, 20240523230000)
 (3775., 3777., 3769., 3773.,  47247., 1891483, 20240524091500)
 (3774., 3780., 3773., 3778.,  27441., 1892354, 20240524093000)
 (3778., 3782., 3773., 3780.,  32582., 1892896, 20240524094500)
 (3781., 3788., 3780., 3785.,  50624., 1894849, 20240524100000)
 (3785., 3795., 3781., 3790.,  90758., 1895050, 20240524101500)
 (3790., 3794., 3786., 3789.,  57782., 1882963, 20240524104500)
 (3790., 3797., 3785., 3794.,  59022., 1882078, 20240524110000)
 (3794., 3795., 3786., 3787.,  28487., 1882562, 20240524111500)
 (3788., 3791., 3782., 3790.,  28650., 1882992, 20240524113000)
 (3789., 3799., 3789., 3793.,  63490., 1886613, 20240524134500)
 (3794., 3799., 3792., 3794.,  44806., 1892131, 20240524140000)
 (3794., 3797., 3790., 3796.,  36067., 1891086, 20240524141500)
 (3796., 3803., 3792., 3795.,  71387., 1895886, 20240524143000)
 (3795., 3797., 3784., 3786.,  57973., 1891711, 20240524144500)
 (3785., 3790., 3775., 3788.,  98201., 1880099, 20240524150000)]
2024-05-27 15:30:00  INFO  [(3786., 3792., 3781., 3788.,  76190., 1890279, 20240524211500)
 (3789., 3790., 3784., 3784.,  26342., 1891127, 20240524213000)
 (3785., 3789., 3784., 3787.,  21949., 1892234, 20240524214500)
 (3787., 3787., 3777., 3778.,  32850., 1889266, 20240524220000)
 (3777., 3783., 3777., 3782.,  23945., 1888186, 20240524221500)
 (3782., 3785., 3779., 3783.,  21083., 1887341, 20240524223000)
 (3784., 3785., 3777., 3780.,  29891., 1884995, 20240524224500)
 (3780., 3785., 3775., 3785.,  40443., 1875901, 20240524230000)
 (3780., 3782., 3764., 3770., 157173., 1868912, 20240527091500)
 (3771., 3777., 3765., 3766.,  57984., 1872563, 20240527093000)
 (3766., 3772., 3762., 3772.,  56599., 1868013, 20240527094500)
 (3771., 3776., 3771., 3772.,  37856., 1866298, 20240527100000)
 (3772., 3773., 3766., 3767.,  29110., 1868640, 20240527101500)
 (3766., 3768., 3760., 3761.,  57906., 1873515, 20240527104500)
 (3760., 3768., 3758., 3767.,  53563., 1870088, 20240527110000)
 (3767., 3770., 3763., 3764.,  28741., 1868594, 20240527111500)
 (3764., 3770., 3762., 3766.,  29581., 1866140, 20240527113000)
 (3765., 3766., 3751., 3758., 111220., 1854728, 20240527134500)
 (3758., 3759., 3745., 3747., 113853., 1848948, 20240527140000)
 (3747., 3758., 3745., 3748.,  73166., 1850987, 20240527141500)
 (3748., 3755., 3746., 3752.,  51420., 1851697, 20240527143000)
 (3752., 3758., 3750., 3756.,  48941., 1858124, 20240527144500)
 (3757., 3765., 3755., 3763.,  77322., 1851637, 20240527150000)]
2024-05-28 15:30:00  INFO  [(3768., 3777., 3764., 3775., 114892., 1859346, 20240527211500)
 (3775., 3777., 3772., 3775.,  53771., 1856890, 20240527213000)
 (3775., 3776., 3771., 3771.,  33338., 1850750, 20240527214500)
 (3771., 3775., 3771., 3771.,  23280., 1851827, 20240527220000)
 (3772., 3773., 3770., 3772.,  18252., 1850911, 20240527221500)
 (3772., 3776., 3772., 3775.,  14674., 1851072, 20240527223000)
 (3775., 3782., 3772., 3778.,  38452., 1848113, 20240527224500)
 (3777., 3788., 3776., 3786.,  60272., 1846255, 20240527230000)
 (3787., 3797., 3787., 3787., 117420., 1840041, 20240528091500)
 (3787., 3788., 3784., 3786.,  46457., 1837996, 20240528093000)
 (3785., 3789., 3783., 3784.,  31043., 1837215, 20240528094500)
 (3785., 3788., 3779., 3780.,  38878., 1835668, 20240528100000)
 (3780., 3786., 3778., 3783.,  36497., 1836638, 20240528101500)
 (3782., 3788., 3782., 3785.,  24159., 1836369, 20240528104500)
 (3786., 3788., 3778., 3779.,  33145., 1836352, 20240528110000)
 (3779., 3780., 3773., 3776.,  48376., 1836290, 20240528111500)
 (3777., 3779., 3770., 3779.,  51589., 1832249, 20240528113000)
 (3778., 3781., 3770., 3774.,  41203., 1834376, 20240528134500)
 (3774., 3774., 3765., 3768.,  46073., 1835826, 20240528140000)
 (3768., 3769., 3750., 3752., 137265., 1829376, 20240528141500)
 (3752., 3755., 3741., 3749., 143589., 1828457, 20240528143000)
 (3749., 3755., 3746., 3748.,  76766., 1830061, 20240528144500)
 (3748., 3748., 3738., 3745., 122712., 1818116, 20240528150000)]
2024-05-29 15:30:00  INFO  [(3745., 3755., 3745., 3749., 106100., 1827434, 20240528211500)
 (3748., 3752., 3741., 3744.,  52258., 1829365, 20240528213000)
 (3744., 3748., 3736., 3741.,  66522., 1837327, 20240528214500)
 (3740., 3744., 3737., 3741.,  38124., 1840553, 20240528220000)
 (3740., 3744., 3735., 3744.,  40480., 1841759, 20240528221500)
 (3744., 3748., 3742., 3747.,  31798., 1841549, 20240528223000)
 (3748., 3749., 3745., 3745.,  23431., 1839904, 20240528224500)
 (3746., 3747., 3736., 3736.,  40756., 1832803, 20240528230000)
 (3737., 3741., 3730., 3732.,  85578., 1841550, 20240529091500)
 (3732., 3741., 3731., 3739.,  35112., 1844519, 20240529093000)
 (3739., 3744., 3736., 3738.,  34251., 1846434, 20240529094500)
 (3739., 3743., 3734., 3741.,  29142., 1845345, 20240529100000)
 (3740., 3748., 3737., 3745.,  38805., 1843681, 20240529101500)
 (3746., 3748., 3741., 3743.,  28750., 1846072, 20240529104500)
 (3744., 3745., 3736., 3737.,  30663., 1849652, 20240529110000)
 (3737., 3739., 3732., 3733.,  33253., 1853608, 20240529111500)
 (3733., 3741., 3727., 3734.,  54551., 1852114, 20240529113000)
 (3730., 3735., 3722., 3726., 132150., 1841371, 20240529134500)
 (3725., 3730., 3722., 3726.,  52035., 1845491, 20240529140000)
 (3726., 3738., 3725., 3734.,  57068., 1841131, 20240529141500)
 (3734., 3746., 3730., 3744.,  70450., 1837667, 20240529143000)
 (3744., 3754., 3742., 3751.,  98741., 1830315, 20240529144500)
 (3751., 3757., 3745., 3753., 101602., 1806967, 20240529150000)]
2024-05-30 15:30:00  INFO  [(3765., 3778., 3755., 3766., 256951., 1815720, 20240529211500)
 (3766., 3820., 3765., 3806., 367972., 1830227, 20240529213000)
 (3806., 3811., 3792., 3797., 212903., 1822399, 20240529214500)
 (3797., 3804., 3791., 3803.,  84806., 1823930, 20240529220000)
 (3802., 3807., 3797., 3802.,  55958., 1834007, 20240529221500)
 (3802., 3804., 3797., 3799.,  39148., 1834760, 20240529223000)
 (3799., 3804., 3796., 3800.,  32150., 1832542, 20240529224500)
 (3800., 3806., 3798., 3804.,  44687., 1827347, 20240529230000)
 (3805., 3806., 3798., 3798.,  61886., 1825283, 20240530091500)
 (3799., 3801., 3791., 3792.,  65747., 1822017, 20240530093000)
 (3791., 3793., 3780., 3783., 116381., 1819846, 20240530094500)
 (3783., 3792., 3782., 3789.,  55368., 1820678, 20240530100000)
 (3790., 3795., 3785., 3795.,  46141., 1825304, 20240530101500)
 (3794., 3795., 3772., 3777.,  95515., 1817946, 20240530104500)
 (3778., 3780., 3753., 3768., 188652., 1795361, 20240530110000)
 (3768., 3770., 3757., 3760.,  75297., 1798289, 20240530111500)
 (3760., 3765., 3743., 3745., 133535., 1800850, 20240530113000)
 (3740., 3745., 3732., 3742., 184709., 1799476, 20240530134500)
 (3741., 3745., 3728., 3730., 112828., 1808231, 20240530140000)
 (3730., 3741., 3727., 3730., 101600., 1818681, 20240530141500)
 (3731., 3740., 3728., 3736.,  59486., 1826437, 20240530143000)
 (3737., 3743., 3731., 3734.,  60819., 1827629, 20240530144500)
 (3733., 3742., 3732., 3737.,  56333., 1818782, 20240530150000)]
2024-05-31 15:30:00  INFO  [(3735., 3739., 3709., 3721., 273386., 1806249, 20240530211500)
 (3720., 3725., 3716., 3723.,  59060., 1806544, 20240530213000)
 (3723., 3728., 3720., 3725.,  44431., 1805197, 20240530214500)
 (3724., 3727., 3722., 3725.,  20008., 1805026, 20240530220000)
 (3724., 3727., 3717., 3717.,  40387., 1801611, 20240530221500)
 (3718., 3723., 3716., 3719.,  26484., 1802446, 20240530223000)
 (3719., 3723., 3711., 3713.,  46294., 1803833, 20240530224500)
 (3713., 3718., 3707., 3709.,  86651., 1795927, 20240530230000)
 (3710., 3719., 3709., 3712.,  70323., 1794822, 20240531091500)
 (3712., 3718., 3709., 3718.,  39900., 1796950, 20240531093000)
 (3718., 3723., 3713., 3721.,  57119., 1797941, 20240531094500)
 (3721., 3724., 3710., 3712.,  56957., 1799411, 20240531100000)
 (3712., 3716., 3709., 3711.,  34589., 1799724, 20240531101500)
 (3711., 3716., 3708., 3709.,  35456., 1798587, 20240531104500)
 (3709., 3714., 3704., 3709.,  76507., 1803445, 20240531110000)
 (3709., 3710., 3702., 3702.,  58207., 1803748, 20240531111500)
 (3702., 3712., 3700., 3711.,  66039., 1796733, 20240531113000)
 (3709., 3721., 3709., 3717.,  77814., 1795705, 20240531134500)
 (3716., 3726., 3716., 3722.,  65469., 1789298, 20240531140000)
 (3722., 3723., 3714., 3718.,  36813., 1788550, 20240531141500)
 (3718., 3720., 3710., 3712.,  40352., 1786871, 20240531143000)
 (3713., 3721., 3712., 3713.,  40344., 1786995, 20240531144500)
 (3713., 3714., 3705., 3706.,  74669., 1779867, 20240531150000)]
2024-06-03 15:30:00  INFO  [(3706., 3713., 3705., 3709.,  78011., 1784548, 20240531211500)
 (3709., 3712., 3686., 3688., 184730., 1790262, 20240531213000)
 (3689., 3694., 3684., 3693.,  67416., 1793574, 20240531214500)
 (3693., 3693., 3683., 3689.,  49308., 1794253, 20240531220000)
 (3689., 3692., 3685., 3687.,  29043., 1793365, 20240531221500)
 (3687., 3690., 3681., 3683.,  42596., 1797246, 20240531223000)
 (3684., 3685., 3674., 3679.,  82327., 1796938, 20240531224500)
 (3679., 3690., 3676., 3684.,  67253., 1785279, 20240531230000)
 (3683., 3686., 3676., 3685.,  95387., 1793956, 20240603091500)
 (3684., 3693., 3683., 3690.,  87658., 1793068, 20240603093000)
 (3690., 3694., 3683., 3685.,  47060., 1793894, 20240603094500)
 (3685., 3690., 3683., 3685.,  26067., 1795500, 20240603100000)
 (3684., 3685., 3676., 3679.,  43914., 1804009, 20240603101500)
 (3679., 3682., 3672., 3675.,  56290., 1807575, 20240603104500)
 (3675., 3675., 3671., 3673.,  40438., 1808574, 20240603110000)
 (3673., 3673., 3661., 3664.,  93423., 1812580, 20240603111500)
 (3664., 3668., 3661., 3667.,  62531., 1808626, 20240603113000)
 (3666., 3669., 3657., 3662.,  99212., 1816772, 20240603134500)
 (3662., 3669., 3657., 3666.,  61329., 1820184, 20240603140000)
 (3666., 3672., 3660., 3661.,  52946., 1818272, 20240603141500)
 (3660., 3664., 3656., 3662.,  41562., 1821389, 20240603143000)
 (3661., 3669., 3659., 3667.,  34879., 1819010, 20240603144500)
 (3667., 3668., 3661., 3665.,  64787., 1806122, 20240603150000)]
2024-06-04 15:30:00  INFO  [(3665., 3674., 3653., 3672., 133034., 1806783, 20240603211500)
 (3672., 3674., 3665., 3669.,  46515., 1810907, 20240603213000)
 (3669., 3670., 3663., 3666.,  27426., 1812401, 20240603214500)
 (3666., 3666., 3659., 3661.,  31283., 1814978, 20240603220000)
 (3661., 3669., 3661., 3667.,  24457., 1817409, 20240603221500)
 (3668., 3671., 3666., 3667.,  22045., 1817509, 20240603223000)
 (3667., 3670., 3665., 3666.,  18365., 1817433, 20240603224500)
 (3666., 3670., 3665., 3668.,  21193., 1811910, 20240603230000)
 (3669., 3675., 3668., 3674.,  66272., 1812650, 20240604091500)
 (3674., 3674., 3661., 3663.,  50072., 1815406, 20240604093000)
 (3663., 3664., 3651., 3651.,  92499., 1824314, 20240604094500)
 (3651., 3655., 3644., 3652.,  86722., 1831795, 20240604100000)
 (3652., 3672., 3649., 3662., 117433., 1826913, 20240604101500)
 (3663., 3664., 3655., 3655.,  45645., 1832200, 20240604104500)
 (3656., 3664., 3653., 3659.,  36008., 1833061, 20240604110000)
 (3659., 3663., 3653., 3655.,  28250., 1836185, 20240604111500)
 (3655., 3659., 3653., 3655.,  22418., 1839629, 20240604113000)
 (3655., 3655., 3646., 3647.,  70718., 1849719, 20240604134500)
 (3648., 3650., 3642., 3645.,  58573., 1857128, 20240604140000)
 (3645., 3650., 3642., 3650.,  45023., 1863567, 20240604141500)
 (3649., 3654., 3645., 3646.,  46203., 1865678, 20240604143000)
 (3647., 3657., 3643., 3652.,  74582., 1866202, 20240604144500)
 (3653., 3664., 3645., 3646., 117986., 1860282, 20240604150000)]
2024-06-05 15:30:00  INFO  [(3636., 3643., 3630., 3633., 165787., 1876884, 20240604211500)
 (3632., 3645., 3632., 3643.,  83379., 1872338, 20240604213000)
 (3643., 3644., 3639., 3641.,  32422., 1871435, 20240604214500)
 (3642., 3642., 3637., 3638.,  22085., 1873811, 20240604220000)
 (3638., 3648., 3638., 3647.,  37992., 1875894, 20240604221500)
 (3648., 3655., 3646., 3652.,  56284., 1871077, 20240604223000)
 (3652., 3656., 3649., 3651.,  38058., 1873144, 20240604224500)
 (3651., 3659., 3647., 3657.,  53098., 1864614, 20240604230000)
 (3659., 3662., 3653., 3653.,  63068., 1867150, 20240605091500)
 (3653., 3655., 3647., 3649.,  40146., 1872230, 20240605093000)
 (3649., 3650., 3644., 3648.,  43108., 1877060, 20240605094500)
 (3648., 3648., 3639., 3643.,  55151., 1884304, 20240605100000)
 (3642., 3645., 3635., 3640.,  44094., 1888361, 20240605101500)
 (3640., 3642., 3636., 3639.,  32323., 1893797, 20240605104500)
 (3640., 3644., 3636., 3643.,  26961., 1896428, 20240605110000)
 (3642., 3644., 3637., 3638.,  31562., 1900937, 20240605111500)
 (3638., 3644., 3636., 3637.,  30420., 1902481, 20240605113000)
 (3635., 3641., 3633., 3638.,  68885., 1906871, 20240605134500)
 (3638., 3643., 3636., 3642.,  31157., 1905855, 20240605140000)
 (3642., 3654., 3638., 3639., 102254., 1902169, 20240605141500)
 (3638., 3640., 3636., 3640.,  44053., 1907742, 20240605143000)
 (3639., 3640., 3634., 3634.,  39663., 1910773, 20240605144500)
 (3635., 3638., 3631., 3632.,  97506., 1906987, 20240605150000)]
2024-06-06 15:30:00  INFO  [(3637., 3648., 3636., 3647., 119732., 1903224, 20240605211500)
 (3648., 3651., 3644., 3649.,  62268., 1902368, 20240605213000)
 (3649., 3650., 3641., 3641.,  38212., 1900582, 20240605214500)
 (3641., 3645., 3633., 3635.,  60517., 1906076, 20240605220000)
 (3634., 3636., 3621., 3624., 149498., 1924270, 20240605221500)
 (3624., 3634., 3624., 3631.,  60931., 1920120, 20240605223000)
 (3631., 3635., 3625., 3626.,  37751., 1923917, 20240605224500)
 (3625., 3629., 3624., 3626.,  29503., 1920384, 20240605230000)
 (3630., 3644., 3630., 3640., 100054., 1917693, 20240606091500)
 (3640., 3644., 3635., 3635.,  50388., 1921192, 20240606093000)
 (3636., 3637., 3627., 3630.,  54474., 1928603, 20240606094500)
 (3630., 3632., 3626., 3629.,  37208., 1934435, 20240606100000)
 (3628., 3634., 3627., 3631.,  26150., 1937928, 20240606101500)
 (3631., 3637., 3628., 3636.,  39352., 1937973, 20240606104500)
 (3635., 3640., 3630., 3631.,  35278., 1938043, 20240606110000)
 (3632., 3643., 3631., 3636.,  53232., 1936968, 20240606111500)
 (3637., 3638., 3625., 3628.,  88762., 1952191, 20240606113000)
 (3628., 3647., 3627., 3639., 178852., 1938764, 20240606134500)
 (3639., 3650., 3637., 3648.,  84717., 1939863, 20240606140000)
 (3649., 3659., 3644., 3654., 143253., 1926368, 20240606141500)
 (3655., 3668., 3653., 3654., 153615., 1917225, 20240606143000)
 (3654., 3660., 3649., 3660.,  64865., 1911149, 20240606144500)
 (3660., 3667., 3659., 3665., 116517., 1908589, 20240606150000)]
2024-06-07 15:30:00  INFO  [(3665., 3676., 3661., 3663., 147874., 1903992, 20240606211500)
 (3663., 3667., 3659., 3663.,  50642., 1906135, 20240606213000)
 (3663., 3670., 3661., 3669.,  38829., 1903101, 20240606214500)
 (3668., 3678., 3667., 3670.,  77272., 1894038, 20240606220000)
 (3671., 3673., 3668., 3669.,  27477., 1893473, 20240606221500)
 (3670., 3677., 3669., 3674.,  28779., 1889867, 20240606223000)
 (3673., 3678., 3673., 3677.,  32336., 1883937, 20240606224500)
 (3676., 3685., 3675., 3683.,  70891., 1868375, 20240606230000)
 (3685., 3689., 3672., 3672., 105745., 1860383, 20240607091500)
 (3673., 3676., 3671., 3673.,  47029., 1859189, 20240607093000)
 (3672., 3674., 3664., 3665.,  70018., 1858723, 20240607094500)
 (3664., 3666., 3656., 3660.,  84433., 1861996, 20240607100000)
 (3660., 3663., 3655., 3658.,  49636., 1862361, 20240607101500)
 (3658., 3662., 3655., 3659.,  39695., 1862778, 20240607104500)
 (3659., 3659., 3653., 3657.,  34206., 1861319, 20240607110000)
 (3657., 3660., 3652., 3658.,  28066., 1861819, 20240607111500)
 (3659., 3665., 3658., 3663.,  41609., 1859752, 20240607113000)
 (3665., 3667., 3647., 3648., 107063., 1862364, 20240607134500)
 (3648., 3649., 3640., 3648., 113650., 1874967, 20240607140000)
 (3647., 3655., 3646., 3651.,  54117., 1873515, 20240607141500)
 (3652., 3654., 3639., 3646.,  62799., 1876322, 20240607143000)
 (3646., 3651., 3644., 3646.,  31304., 1874810, 20240607144500)
 (3647., 3663., 3645., 3655., 101783., 1839352, 20240607150000)]
2024-06-11 15:30:00  INFO  [(3657., 3660., 3652., 3658.,  28066., 1861819, 20240607111500)
 (3659., 3665., 3658., 3663.,  41609., 1859752, 20240607113000)
 (3665., 3667., 3647., 3648., 107063., 1862364, 20240607134500)
 (3648., 3649., 3640., 3648., 113650., 1874967, 20240607140000)
 (3647., 3655., 3646., 3651.,  54117., 1873515, 20240607141500)
 (3652., 3654., 3639., 3646.,  62799., 1876322, 20240607143000)
 (3646., 3651., 3644., 3646.,  31304., 1874810, 20240607144500)
 (3647., 3663., 3645., 3655., 101783., 1839352, 20240607150000)
 (3640., 3650., 3631., 3635., 172088., 1848191, 20240611091500)
 (3634., 3640., 3622., 3626., 101524., 1859635, 20240611093000)
 (3625., 3627., 3616., 3619., 108061., 1880846, 20240611094500)
 (3619., 3619., 3611., 3613., 102598., 1889600, 20240611100000)
 (3614., 3614., 3601., 3602., 127312., 1902525, 20240611101500)
 (3603., 3611., 3602., 3603.,  69860., 1916278, 20240611104500)
 (3604., 3607., 3601., 3607.,  47957., 1922651, 20240611110000)
 (3606., 3612., 3604., 3606.,  46440., 1921964, 20240611111500)
 (3607., 3609., 3603., 3604.,  36937., 1926487, 20240611113000)
 (3603., 3605., 3593., 3596., 119785., 1933154, 20240611134500)
 (3597., 3600., 3595., 3597.,  32780., 1933395, 20240611140000)
 (3597., 3600., 3592., 3600.,  49722., 1937336, 20240611141500)
 (3599., 3608., 3599., 3604.,  83090., 1931680, 20240611143000)
 (3604., 3605., 3594., 3594.,  50175., 1932834, 20240611144500)
 (3595., 3600., 3591., 3597.,  71019., 1923508, 20240611150000)]
2024-06-12 15:30:00  INFO  [(3598., 3604., 3593., 3593., 96883., 1938358, 20240611211500)
 (3593., 3601., 3593., 3601., 36924., 1948936, 20240611213000)
 (3600., 3600., 3588., 3596., 61483., 1951835, 20240611214500)
 (3596., 3598., 3590., 3593., 33000., 1951549, 20240611220000)
 (3592., 3596., 3591., 3595., 19841., 1952945, 20240611221500)
 (3595., 3596., 3592., 3596., 11383., 1952232, 20240611223000)
 (3596., 3602., 3594., 3599., 39760., 1953230, 20240611224500)
 (3599., 3599., 3596., 3596., 20787., 1947610, 20240611230000)
 (3596., 3608., 3596., 3606., 88494., 1951326, 20240612091500)
 (3605., 3615., 3602., 3611., 78963., 1953495, 20240612093000)
 (3611., 3616., 3609., 3613., 49315., 1956344, 20240612094500)
 (3614., 3615., 3607., 3609., 33484., 1955065, 20240612100000)
 (3610., 3610., 3602., 3603., 42083., 1953906, 20240612101500)
 (3603., 3604., 3596., 3600., 52733., 1958702, 20240612104500)
 (3600., 3607., 3596., 3604., 32600., 1958576, 20240612110000)
 (3604., 3609., 3602., 3607., 31393., 1960157, 20240612111500)
 (3606., 3613., 3603., 3608., 36660., 1957499, 20240612113000)
 (3609., 3618., 3608., 3614., 67305., 1954300, 20240612134500)
 (3614., 3616., 3608., 3612., 32897., 1956127, 20240612140000)
 (3612., 3615., 3608., 3614., 26315., 1958562, 20240612141500)
 (3613., 3616., 3607., 3607., 35082., 1954879, 20240612143000)
 (3608., 3613., 3608., 3612., 21379., 1953716, 20240612144500)
 (3611., 3615., 3608., 3608., 42758., 1938347, 20240612150000)]
2024-06-13 15:30:00  INFO  [(3630., 3639., 3617., 3620., 153475., 1936240, 20240612211500)
 (3621., 3622., 3615., 3619.,  37276., 1940149, 20240612213000)
 (3618., 3619., 3613., 3614.,  39675., 1934629, 20240612214500)
 (3614., 3620., 3613., 3619.,  31850., 1935787, 20240612220000)
 (3619., 3619., 3614., 3616.,  18507., 1933758, 20240612221500)
 (3616., 3619., 3614., 3618.,  14341., 1933352, 20240612223000)
 (3617., 3617., 3612., 3613.,  21649., 1933768, 20240612224500)
 (3613., 3614., 3610., 3610.,  28311., 1926791, 20240612230000)
 (3610., 3610., 3593., 3594., 148994., 1945537, 20240613091500)
 (3594., 3599., 3583., 3597., 147241., 1951600, 20240613093000)
 (3597., 3614., 3596., 3609., 102957., 1948982, 20240613094500)
 (3610., 3613., 3604., 3606.,  38738., 1949676, 20240613100000)
 (3606., 3625., 3605., 3620., 108255., 1941240, 20240613101500)
 (3619., 3619., 3612., 3614.,  40045., 1939931, 20240613104500)
 (3614., 3619., 3610., 3613.,  33913., 1940930, 20240613110000)
 (3613., 3615., 3603., 3606.,  40020., 1941991, 20240613111500)
 (3605., 3616., 3605., 3614.,  48325., 1943449, 20240613113000)
 (3616., 3625., 3614., 3622.,  90396., 1952151, 20240613134500)
 (3622., 3624., 3616., 3618.,  35492., 1957660, 20240613140000)
 (3617., 3622., 3615., 3617.,  30354., 1961488, 20240613141500)
 (3617., 3621., 3614., 3616.,  33374., 1965075, 20240613143000)
 (3616., 3622., 3614., 3620.,  26939., 1965929, 20240613144500)
 (3620., 3624., 3618., 3621.,  46514., 1951022, 20240613150000)]
2024-06-14 15:30:00  INFO  [(3626., 3644., 3626., 3637., 202095., 1935965, 20240613211500)
 (3636., 3640., 3633., 3638.,  55345., 1931562, 20240613213000)
 (3637., 3641., 3636., 3637.,  37009., 1931174, 20240613214500)
 (3637., 3639., 3635., 3636.,  26988., 1924750, 20240613220000)
 (3635., 3639., 3632., 3632.,  38830., 1919327, 20240613221500)
 (3632., 3638., 3632., 3635.,  23892., 1918073, 20240613223000)
 (3635., 3639., 3634., 3637.,  19349., 1916637, 20240613224500)
 (3638., 3641., 3635., 3639.,  43496., 1908647, 20240613230000)
 (3638., 3639., 3632., 3637.,  49381., 1911135, 20240614091500)
 (3637., 3637., 3626., 3627.,  52144., 1913209, 20240614093000)
 (3627., 3634., 3625., 3632.,  38052., 1915996, 20240614094500)
 (3632., 3635., 3631., 3633.,  24936., 1916207, 20240614100000)
 (3634., 3640., 3632., 3638.,  39855., 1917111, 20240614101500)
 (3638., 3642., 3631., 3638.,  49604., 1914622, 20240614104500)
 (3638., 3648., 3635., 3644.,  58638., 1917917, 20240614110000)
 (3644., 3649., 3636., 3639.,  68529., 1908359, 20240614111500)
 (3639., 3647., 3639., 3646.,  35590., 1907873, 20240614113000)
 (3648., 3658., 3647., 3657., 128017., 1920217, 20240614134500)
 (3657., 3658., 3652., 3654.,  65794., 1913311, 20240614140000)
 (3656., 3657., 3650., 3654.,  31280., 1908717, 20240614141500)
 (3654., 3656., 3650., 3655.,  27671., 1907783, 20240614143000)
 (3655., 3657., 3651., 3652.,  26538., 1906742, 20240614144500)
 (3652., 3653., 3633., 3637., 133400., 1881475, 20240614150000)]
2024-06-17 15:30:00  INFO  [(3637., 3641., 3632., 3636.,  86029., 1880070, 20240614211500)
 (3635., 3636., 3631., 3631.,  44467., 1880251, 20240614213000)
 (3631., 3635., 3627., 3633.,  50217., 1882348, 20240614214500)
 (3633., 3635., 3626., 3627.,  35437., 1880549, 20240614220000)
 (3627., 3629., 3620., 3628.,  79905., 1882684, 20240614221500)
 (3628., 3634., 3625., 3634.,  34026., 1886898, 20240614223000)
 (3633., 3636., 3621., 3623.,  66072., 1879903, 20240614224500)
 (3623., 3630., 3623., 3626.,  38021., 1875566, 20240614230000)
 (3623., 3623., 3609., 3614., 142869., 1891035, 20240617091500)
 (3614., 3617., 3608., 3609.,  56917., 1902772, 20240617093000)
 (3609., 3613., 3606., 3608.,  41113., 1910463, 20240617094500)
 (3608., 3612., 3606., 3611.,  30298., 1915060, 20240617100000)
 (3611., 3617., 3606., 3615.,  48893., 1918457, 20240617101500)
 (3615., 3617., 3611., 3611.,  26954., 1920494, 20240617104500)
 (3611., 3616., 3610., 3612.,  18517., 1922368, 20240617110000)
 (3613., 3613., 3604., 3605.,  45021., 1923124, 20240617111500)
 (3605., 3610., 3605., 3610.,  28242., 1924593, 20240617113000)
 (3608., 3616., 3605., 3613.,  53015., 1929793, 20240617134500)
 (3614., 3622., 3609., 3617.,  40394., 1931748, 20240617140000)
 (3617., 3618., 3609., 3610.,  36801., 1931527, 20240617141500)
 (3609., 3615., 3605., 3613.,  39999., 1933108, 20240617143000)
 (3613., 3619., 3612., 3613.,  52160., 1936357, 20240617144500)
 (3613., 3615., 3610., 3613.,  46070., 1930901, 20240617150000)]
2024-06-18 15:30:00  INFO  [(3609., 3620., 3609., 3619.,  75415., 1939467, 20240617211500)
 (3620., 3629., 3618., 3625.,  87266., 1943341, 20240617213000)
 (3625., 3640., 3622., 3635.,  90150., 1936694, 20240617214500)
 (3634., 3637., 3631., 3637.,  53093., 1936645, 20240617220000)
 (3636., 3649., 3633., 3641.,  97861., 1930525, 20240617221500)
 (3641., 3646., 3639., 3644.,  44251., 1932592, 20240617223000)
 (3644., 3645., 3639., 3640.,  36790., 1930518, 20240617224500)
 (3639., 3643., 3636., 3641.,  42485., 1919771, 20240617230000)
 (3643., 3647., 3637., 3637.,  59643., 1918613, 20240618091500)
 (3637., 3640., 3635., 3639.,  37617., 1920486, 20240618093000)
 (3639., 3640., 3633., 3635.,  30880., 1918071, 20240618094500)
 (3637., 3638., 3632., 3634.,  22273., 1919596, 20240618100000)
 (3634., 3636., 3628., 3631.,  41823., 1916754, 20240618101500)
 (3632., 3645., 3629., 3638.,  68097., 1917865, 20240618104500)
 (3638., 3642., 3634., 3634.,  26296., 1916200, 20240618110000)
 (3636., 3638., 3632., 3633.,  25163., 1915561, 20240618111500)
 (3634., 3642., 3633., 3642.,  29737., 1917399, 20240618113000)
 (3643., 3654., 3643., 3647., 113304., 1928548, 20240618134500)
 (3647., 3649., 3640., 3642.,  44842., 1923646, 20240618140000)
 (3642., 3649., 3642., 3647.,  29888., 1925537, 20240618141500)
 (3648., 3649., 3642., 3644.,  25336., 1924668, 20240618143000)
 (3643., 3644., 3631., 3635.,  69359., 1912478, 20240618144500)
 (3636., 3638., 3612., 3618., 212219., 1892618, 20240618150000)]
2024-06-19 15:30:00  INFO  [(3618., 3629., 3614., 3628.,  99672., 1892110, 20240618211500)
 (3628., 3630., 3620., 3621.,  42414., 1897800, 20240618213000)
 (3621., 3632., 3621., 3628.,  38370., 1899161, 20240618214500)
 (3629., 3636., 3628., 3632.,  43962., 1895689, 20240618220000)
 (3631., 3640., 3631., 3637.,  50745., 1891420, 20240618221500)
 (3637., 3646., 3633., 3645.,  57732., 1887418, 20240618223000)
 (3644., 3646., 3641., 3644.,  41597., 1888999, 20240618224500)
 (3645., 3649., 3643., 3644.,  48033., 1881190, 20240618230000)
 (3647., 3650., 3641., 3642.,  52686., 1880698, 20240619091500)
 (3642., 3647., 3638., 3639.,  36742., 1884949, 20240619093000)
 (3639., 3641., 3637., 3639.,  28826., 1885188, 20240619094500)
 (3640., 3645., 3639., 3642.,  21443., 1884275, 20240619100000)
 (3641., 3645., 3627., 3632.,  69465., 1879478, 20240619101500)
 (3631., 3641., 3630., 3639.,  47698., 1876211, 20240619104500)
 (3640., 3644., 3636., 3639.,  36293., 1875721, 20240619110000)
 (3640., 3646., 3639., 3643.,  32218., 1880213, 20240619111500)
 (3644., 3645., 3637., 3639.,  31507., 1875824, 20240619113000)
 (3642., 3644., 3629., 3630.,  71699., 1875229, 20240619134500)
 (3630., 3631., 3620., 3626., 133847., 1885105, 20240619140000)
 (3626., 3629., 3621., 3621.,  48356., 1891510, 20240619141500)
 (3622., 3624., 3610., 3611., 160205., 1915698, 20240619143000)
 (3610., 3617., 3606., 3612., 102376., 1931007, 20240619144500)
 (3612., 3616., 3609., 3614.,  74150., 1924648, 20240619150000)]
2024-06-20 15:30:00  INFO  [(3615., 3626., 3612., 3613., 103301., 1941815, 20240619211500)
 (3614., 3620., 3611., 3618.,  44780., 1946007, 20240619213000)
 (3618., 3618., 3605., 3613.,  81204., 1959383, 20240619214500)
 (3614., 3614., 3601., 3601.,  59570., 1970197, 20240619220000)
 (3602., 3605., 3593., 3595., 144653., 1992457, 20240619221500)
 (3596., 3600., 3595., 3597.,  48015., 1997475, 20240619223000)
 (3597., 3598., 3586., 3590., 106659., 2009039, 20240619224500)
 (3589., 3627., 3587., 3612., 222250., 1963379, 20240619230000)
 (3615., 3623., 3612., 3621.,  92916., 1961168, 20240620091500)
 (3621., 3622., 3615., 3618.,  39931., 1960912, 20240620093000)
 (3619., 3625., 3617., 3618.,  48647., 1955725, 20240620094500)
 (3618., 3620., 3614., 3615.,  24535., 1959607, 20240620100000)
 (3615., 3620., 3612., 3619.,  30962., 1960607, 20240620101500)
 (3619., 3636., 3618., 3629., 104641., 1948987, 20240620104500)
 (3630., 3635., 3625., 3630.,  70726., 1948367, 20240620110000)
 (3629., 3632., 3621., 3624.,  54865., 1950770, 20240620111500)
 (3624., 3626., 3615., 3622.,  62447., 1953847, 20240620113000)
 (3623., 3623., 3603., 3605., 125382., 1962974, 20240620134500)
 (3605., 3605., 3588., 3591., 178512., 2008033, 20240620140000)
 (3591., 3597., 3584., 3586., 135332., 2039303, 20240620141500)
 (3586., 3595., 3586., 3594.,  66348., 2050664, 20240620143000)
 (3594., 3595., 3582., 3593.,  76632., 2059819, 20240620144500)
 (3592., 3610., 3592., 3597., 227299., 2016628, 20240620150000)]
2024-06-21 15:30:00  INFO  [(3594., 3603., 3588., 3592., 111901., 2031675, 20240620211500)
 (3591., 3597., 3589., 3594.,  49777., 2035808, 20240620213000)
 (3594., 3597., 3590., 3596.,  36146., 2039149, 20240620214500)
 (3596., 3599., 3593., 3594.,  23754., 2039511, 20240620220000)
 (3595., 3597., 3591., 3592.,  28394., 2043034, 20240620221500)
 (3592., 3604., 3590., 3598.,  67218., 2038232, 20240620223000)
 (3598., 3606., 3598., 3601.,  44348., 2034638, 20240620224500)
 (3601., 3609., 3600., 3608.,  54860., 2022667, 20240620230000)
 (3610., 3615., 3599., 3599.,  85847., 2016976, 20240621091500)
 (3599., 3604., 3596., 3603.,  43086., 2021209, 20240621093000)
 (3603., 3605., 3594., 3595.,  43895., 2026949, 20240621094500)
 (3595., 3597., 3590., 3594.,  41785., 2032493, 20240621100000)
 (3594., 3597., 3588., 3590.,  42960., 2041818, 20240621101500)
 (3590., 3594., 3579., 3586., 112826., 2071396, 20240621104500)
 (3585., 3590., 3582., 3583.,  50890., 2082763, 20240621110000)
 (3583., 3585., 3574., 3575., 111256., 2098675, 20240621111500)
 (3576., 3583., 3567., 3578., 111803., 2106792, 20240621113000)
 (3580., 3585., 3575., 3578.,  60729., 2111860, 20240621134500)
 (3578., 3578., 3572., 3575.,  39119., 2117914, 20240621140000)
 (3575., 3576., 3570., 3575.,  42131., 2125120, 20240621141500)
 (3575., 3578., 3570., 3571.,  37270., 2130304, 20240621143000)
 (3571., 3576., 3565., 3567.,  89461., 2138832, 20240621144500)
 (3567., 3574., 3563., 3563.,  99670., 2130004, 20240621150000)]
2024-06-24 15:30:00  INFO  [(3560., 3562., 3551., 3558., 171596., 2150502, 20240621211500)
 (3557., 3563., 3556., 3562.,  57600., 2147667, 20240621213000)
 (3562., 3565., 3559., 3563.,  39610., 2145748, 20240621214500)
 (3563., 3564., 3556., 3560.,  29170., 2143606, 20240621220000)
 (3559., 3564., 3558., 3562.,  20376., 2142594, 20240621221500)
 (3562., 3563., 3558., 3559.,  14261., 2142752, 20240621223000)
 (3559., 3563., 3558., 3563.,  14443., 2140892, 20240621224500)
 (3562., 3563., 3556., 3557.,  32078., 2131726, 20240621230000)
 (3550., 3550., 3536., 3537., 178287., 2151834, 20240624091500)
 (3536., 3543., 3534., 3541.,  59828., 2156628, 20240624093000)
 (3541., 3547., 3536., 3540.,  42745., 2157510, 20240624094500)
 (3539., 3541., 3536., 3538.,  25159., 2160672, 20240624100000)
 (3538., 3540., 3531., 3531.,  54873., 2166815, 20240624101500)
 (3531., 3534., 3526., 3532.,  68456., 2176954, 20240624104500)
 (3532., 3534., 3527., 3532.,  34730., 2179649, 20240624110000)
 (3532., 3539., 3531., 3536.,  41962., 2176507, 20240624111500)
 (3536., 3543., 3534., 3539.,  49000., 2170746, 20240624113000)
 (3540., 3544., 3535., 3537.,  55454., 2172226, 20240624134500)
 (3536., 3539., 3532., 3536.,  32870., 2177813, 20240624140000)
 (3535., 3537., 3530., 3533.,  28995., 2182695, 20240624141500)
 (3532., 3536., 3530., 3535.,  25014., 2182784, 20240624143000)
 (3535., 3541., 3528., 3530.,  53346., 2181604, 20240624144500)
 (3529., 3535., 3525., 3532.,  75742., 2171118, 20240624150000)]
2024-06-25 15:30:00  INFO  [(3525., 3540., 3525., 3536., 105433., 2181255, 20240624211500)
 (3535., 3539., 3533., 3539.,  31650., 2182357, 20240624213000)
 (3539., 3540., 3534., 3538.,  32244., 2180364, 20240624214500)
 (3538., 3539., 3535., 3538.,  16199., 2179933, 20240624220000)
 (3538., 3546., 3537., 3544.,  51852., 2176360, 20240624221500)
 (3543., 3544., 3537., 3537.,  23027., 2177260, 20240624223000)
 (3538., 3539., 3535., 3536.,  21477., 2175904, 20240624224500)
 (3537., 3537., 3531., 3532.,  33171., 2170509, 20240624230000)
 (3532., 3536., 3529., 3530.,  54613., 2176535, 20240625091500)
 (3531., 3535., 3530., 3533.,  23245., 2178349, 20240625093000)
 (3533., 3533., 3527., 3529.,  37478., 2183541, 20240625094500)
 (3530., 3535., 3522., 3534.,  64426., 2185086, 20240625100000)
 (3534., 3534., 3527., 3527.,  26708., 2187059, 20240625101500)
 (3528., 3530., 3523., 3525.,  35555., 2192019, 20240625104500)
 (3526., 3529., 3522., 3528.,  26356., 2196140, 20240625110000)
 (3528., 3532., 3527., 3528.,  27270., 2194712, 20240625111500)
 (3529., 3538., 3528., 3535.,  50721., 2193137, 20240625113000)
 (3538., 3546., 3537., 3539., 103524., 2184982, 20240625134500)
 (3538., 3539., 3534., 3534.,  32568., 2187351, 20240625140000)
 (3534., 3536., 3526., 3529.,  49787., 2185826, 20240625141500)
 (3528., 3533., 3526., 3531.,  47784., 2186248, 20240625143000)
 (3532., 3540., 3531., 3539.,  59035., 2177985, 20240625144500)
 (3539., 3540., 3530., 3532.,  53215., 2168862, 20240625150000)]
2024-06-26 15:30:00  INFO  [(3531., 3536., 3528., 3529.,  72137., 2174457, 20240625211500)
 (3529., 3535., 3529., 3529.,  30076., 2177986, 20240625213000)
 (3529., 3530., 3525., 3527.,  43879., 2184047, 20240625214500)
 (3527., 3533., 3524., 3533.,  36647., 2187848, 20240625220000)
 (3533., 3536., 3532., 3533.,  41683., 2190338, 20240625221500)
 (3533., 3538., 3533., 3536.,  26804., 2192792, 20240625223000)
 (3537., 3540., 3534., 3535.,  30871., 2190346, 20240625224500)
 (3535., 3537., 3532., 3535.,  22930., 2185113, 20240625230000)
 (3536., 3540., 3531., 3539.,  50284., 2184625, 20240626091500)
 (3538., 3543., 3529., 3532.,  59640., 2185072, 20240626093000)
 (3532., 3535., 3529., 3534.,  22761., 2185448, 20240626094500)
 (3534., 3535., 3531., 3533.,  15820., 2185302, 20240626100000)
 (3533., 3549., 3531., 3539., 109068., 2180155, 20240626101500)
 (3539., 3541., 3533., 3534.,  50715., 2184482, 20240626104500)
 (3533., 3537., 3533., 3536.,  21027., 2183551, 20240626110000)
 (3536., 3545., 3535., 3543.,  46970., 2181589, 20240626111500)
 (3544., 3555., 3543., 3554., 113323., 2171465, 20240626113000)
 (3554., 3558., 3547., 3548.,  97685., 2171545, 20240626134500)
 (3548., 3551., 3546., 3546.,  33909., 2172389, 20240626140000)
 (3546., 3554., 3546., 3552.,  31866., 2174842, 20240626141500)
 (3553., 3555., 3549., 3554.,  33001., 2172991, 20240626143000)
 (3554., 3562., 3554., 3557.,  82483., 2163573, 20240626144500)
 (3558., 3567., 3557., 3563.,  99332., 2149873, 20240626150000)]
2024-06-27 15:30:00  INFO  [(3563., 3568., 3555., 3558., 106284., 2147086, 20240626211500)
 (3558., 3559., 3555., 3557.,  31300., 2144911, 20240626213000)
 (3556., 3558., 3553., 3558.,  32432., 2142682, 20240626214500)
 (3557., 3559., 3555., 3558.,  16152., 2145388, 20240626220000)
 (3558., 3561., 3552., 3554.,  44659., 2150442, 20240626221500)
 (3554., 3556., 3551., 3555.,  26454., 2152355, 20240626223000)
 (3555., 3556., 3552., 3552.,  15049., 2152844, 20240626224500)
 (3552., 3558., 3552., 3555.,  28747., 2148547, 20240626230000)
 (3553., 3557., 3551., 3553.,  40559., 2152531, 20240627091500)
 (3553., 3559., 3553., 3559.,  30286., 2157887, 20240627093000)
 (3559., 3566., 3556., 3565.,  53663., 2157966, 20240627094500)
 (3566., 3568., 3563., 3564.,  46405., 2154597, 20240627100000)
 (3564., 3565., 3559., 3560.,  35144., 2156107, 20240627101500)
 (3560., 3561., 3555., 3557.,  39829., 2156270, 20240627104500)
 (3557., 3559., 3548., 3548.,  43271., 2159955, 20240627110000)
 (3549., 3553., 3545., 3547.,  59943., 2165438, 20240627111500)
 (3547., 3558., 3545., 3554.,  62404., 2162327, 20240627113000)
 (3554., 3554., 3546., 3546.,  57831., 2168795, 20240627134500)
 (3547., 3548., 3536., 3540., 105773., 2176995, 20240627140000)
 (3540., 3545., 3539., 3540.,  39152., 2179237, 20240627141500)
 (3539., 3544., 3537., 3541.,  33591., 2182389, 20240627143000)
 (3541., 3542., 3536., 3538.,  39888., 2185531, 20240627144500)
 (3538., 3540., 3535., 3535.,  63061., 2177715, 20240627150000)]
2024-06-28 15:30:00  INFO  [(3535., 3540., 3531., 3539., 102787., 2181869, 20240627211500)
 (3539., 3540., 3536., 3537.,  28303., 2186844, 20240627213000)
 (3538., 3540., 3533., 3533.,  34498., 2188701, 20240627214500)
 (3534., 3534., 3527., 3528.,  65637., 2199990, 20240627220000)
 (3528., 3532., 3526., 3532.,  39839., 2204662, 20240627221500)
 (3531., 3532., 3528., 3530.,  18389., 2206142, 20240627223000)
 (3530., 3534., 3528., 3530.,  20195., 2207189, 20240627224500)
 (3531., 3533., 3528., 3530.,  25100., 2202347, 20240627230000)
 (3529., 3531., 3523., 3528.,  56899., 2211990, 20240628091500)
 (3529., 3532., 3525., 3527.,  34486., 2213530, 20240628093000)
 (3526., 3530., 3524., 3528.,  26909., 2219408, 20240628094500)
 (3528., 3542., 3526., 3537.,  79678., 2211653, 20240628100000)
 (3537., 3544., 3536., 3537.,  61049., 2208090, 20240628101500)
 (3537., 3547., 3537., 3543.,  65180., 2200116, 20240628104500)
 (3543., 3548., 3541., 3545.,  40925., 2197813, 20240628110000)
 (3544., 3546., 3540., 3543.,  25942., 2199076, 20240628111500)
 (3543., 3548., 3540., 3543.,  37336., 2201670, 20240628113000)
 (3543., 3553., 3543., 3550.,  83622., 2202199, 20240628134500)
 (3551., 3551., 3541., 3542.,  41940., 2201513, 20240628140000)
 (3542., 3544., 3535., 3535.,  54497., 2200614, 20240628141500)
 (3536., 3537., 3530., 3535.,  80883., 2210199, 20240628143000)
 (3535., 3544., 3534., 3542.,  65750., 2211558, 20240628144500)
 (3542., 3547., 3542., 3544.,  88424., 2193732, 20240628150000)]
2024-07-01 15:30:00  INFO  [(3547., 3558., 3546., 3557., 113926., 2194662, 20240628211500)
 (3557., 3558., 3546., 3548.,  54463., 2200629, 20240628213000)
 (3547., 3549., 3545., 3545.,  31378., 2202665, 20240628214500)
 (3546., 3547., 3541., 3544.,  35413., 2207138, 20240628220000)
 (3544., 3547., 3540., 3543.,  37661., 2211168, 20240628221500)
 (3542., 3545., 3534., 3536.,  54921., 2220864, 20240628223000)
 (3536., 3538., 3535., 3537.,  24153., 2224076, 20240628224500)
 (3538., 3540., 3533., 3535.,  51320., 2225927, 20240628230000)
 (3537., 3542., 3532., 3538., 100700., 2229766, 20240701091500)
 (3539., 3546., 3537., 3543.,  59083., 2233341, 20240701093000)
 (3543., 3549., 3541., 3541.,  49331., 2226746, 20240701094500)
 (3541., 3552., 3541., 3551.,  55864., 2225238, 20240701100000)
 (3551., 3553., 3546., 3550.,  55465., 2220184, 20240701101500)
 (3551., 3552., 3539., 3545.,  58961., 2217494, 20240701104500)
 (3545., 3550., 3544., 3549.,  33878., 2216607, 20240701110000)
 (3550., 3555., 3548., 3554.,  46563., 2217570, 20240701111500)
 (3554., 3557., 3550., 3552.,  48186., 2215971, 20240701113000)
 (3555., 3562., 3548., 3560., 126161., 2218103, 20240701134500)
 (3560., 3561., 3555., 3557.,  40751., 2213675, 20240701140000)
 (3557., 3566., 3557., 3563.,  73533., 2213745, 20240701141500)
 (3563., 3564., 3558., 3561.,  30502., 2212377, 20240701143000)
 (3560., 3563., 3559., 3562.,  22248., 2212193, 20240701144500)
 (3562., 3563., 3557., 3562.,  57520., 2207299, 20240701150000)]
2024-07-02 15:30:00  INFO  [(3571., 3584., 3568., 3574., 153748., 2188752, 20240701211500)
 (3572., 3576., 3568., 3571.,  53855., 2186196, 20240701213000)
 (3571., 3574., 3569., 3573.,  23836., 2185636, 20240701214500)
 (3573., 3577., 3573., 3576.,  44210., 2186923, 20240701220000)
 (3576., 3578., 3573., 3574.,  23977., 2186972, 20240701221500)
 (3573., 3577., 3571., 3571.,  20652., 2185122, 20240701223000)
 (3572., 3576., 3571., 3574.,  17902., 2184328, 20240701224500)
 (3574., 3574., 3566., 3569.,  45462., 2172745, 20240701230000)
 (3569., 3571., 3564., 3566.,  55199., 2171529, 20240702091500)
 (3565., 3568., 3562., 3566.,  37522., 2176052, 20240702093000)
 (3565., 3568., 3564., 3565.,  22645., 2178263, 20240702094500)
 (3565., 3571., 3564., 3568.,  27484., 2182667, 20240702100000)
 (3569., 3569., 3560., 3566.,  41385., 2182433, 20240702101500)
 (3566., 3569., 3563., 3564.,  21935., 2181750, 20240702104500)
 (3564., 3565., 3558., 3563.,  42287., 2187676, 20240702110000)
 (3563., 3565., 3562., 3562.,  19459., 2187538, 20240702111500)
 (3563., 3569., 3561., 3569.,  38220., 2185861, 20240702113000)
 (3568., 3569., 3565., 3566.,  31719., 2188355, 20240702134500)
 (3566., 3570., 3564., 3566.,  45444., 2187360, 20240702140000)
 (3566., 3568., 3551., 3553., 111375., 2196082, 20240702141500)
 (3553., 3559., 3552., 3556.,  52976., 2195189, 20240702143000)
 (3556., 3560., 3554., 3559.,  31807., 2197293, 20240702144500)
 (3559., 3565., 3559., 3562.,  60203., 2181825, 20240702150000)]
2024-07-03 15:30:00  INFO  [(3565., 3572., 3562., 3566.,  89503., 2188925, 20240702211500)
 (3566., 3567., 3560., 3562.,  44970., 2192075, 20240702213000)
 (3562., 3564., 3558., 3562.,  36164., 2200976, 20240702214500)
 (3563., 3565., 3561., 3562.,  25104., 2205565, 20240702220000)
 (3562., 3563., 3554., 3556.,  61788., 2212992, 20240702221500)
 (3556., 3559., 3555., 3558.,  29019., 2218731, 20240702223000)
 (3558., 3561., 3556., 3558.,  31247., 2222379, 20240702224500)
 (3558., 3563., 3558., 3563.,  24559., 2214883, 20240702230000)
 (3561., 3565., 3559., 3562.,  39441., 2212673, 20240703091500)
 (3562., 3570., 3562., 3569.,  55919., 2213066, 20240703093000)
 (3569., 3574., 3569., 3572.,  62378., 2207182, 20240703094500)
 (3573., 3578., 3571., 3573.,  55390., 2200500, 20240703100000)
 (3573., 3578., 3572., 3576.,  34274., 2197265, 20240703101500)
 (3576., 3577., 3570., 3570.,  41193., 2192364, 20240703104500)
 (3570., 3571., 3565., 3569.,  63428., 2185431, 20240703110000)
 (3568., 3575., 3567., 3574.,  30806., 2185683, 20240703111500)
 (3575., 3590., 3573., 3589., 154586., 2166505, 20240703113000)
 (3588., 3593., 3584., 3593., 116809., 2167730, 20240703134500)
 (3592., 3598., 3590., 3596., 113375., 2157959, 20240703140000)
 (3595., 3610., 3595., 3607., 142970., 2145475, 20240703141500)
 (3607., 3618., 3607., 3614., 177635., 2134863, 20240703143000)
 (3614., 3617., 3614., 3616.,  71761., 2125240, 20240703144500)
 (3616., 3620., 3612., 3619., 119648., 2097856, 20240703150000)]
2024-07-04 15:30:00  INFO  [(3619., 3619., 3610., 3613., 117149., 2083830, 20240703211500)
 (3614., 3616., 3613., 3613.,  31394., 2082913, 20240703213000)
 (3614., 3617., 3612., 3616.,  23733., 2081680, 20240703214500)
 (3616., 3617., 3614., 3615.,  15103., 2080529, 20240703220000)
 (3616., 3618., 3613., 3614.,  23656., 2076754, 20240703221500)
 (3614., 3624., 3614., 3624.,  47994., 2072505, 20240703223000)
 (3623., 3624., 3618., 3619.,  42247., 2073204, 20240703224500)
 (3618., 3621., 3616., 3618.,  30848., 2065931, 20240703230000)
 (3617., 3623., 3616., 3623.,  45657., 2068922, 20240704091500)
 (3623., 3625., 3617., 3619.,  39424., 2072228, 20240704093000)
 (3620., 3625., 3618., 3625.,  26489., 2070540, 20240704094500)
 (3624., 3629., 3623., 3628.,  49512., 2070154, 20240704100000)
 (3628., 3629., 3620., 3623.,  47387., 2066448, 20240704101500)
 (3623., 3625., 3616., 3617.,  40123., 2064725, 20240704104500)
 (3617., 3625., 3617., 3623.,  36456., 2066367, 20240704110000)
 (3623., 3625., 3620., 3621.,  19980., 2068041, 20240704111500)
 (3622., 3622., 3610., 3610.,  78623., 2071078, 20240704113000)
 (3607., 3612., 3605., 3607., 129536., 2074154, 20240704134500)
 (3606., 3615., 3606., 3612.,  42497., 2073392, 20240704140000)
 (3613., 3613., 3604., 3610.,  53223., 2079020, 20240704141500)
 (3611., 3614., 3606., 3612.,  41685., 2074445, 20240704143000)
 (3611., 3625., 3611., 3620., 104034., 2056798, 20240704144500)
 (3619., 3621., 3612., 3616.,  74761., 2050491, 20240704150000)]
2024-07-05 15:30:00  INFO  [(3609., 3615., 3608., 3613.,  81862., 2064554, 20240704211500)
 (3613., 3616., 3610., 3614.,  32043., 2065469, 20240704213000)
 (3614., 3616., 3612., 3616.,  17707., 2064965, 20240704214500)
 (3616., 3618., 3613., 3616.,  22769., 2065602, 20240704220000)
 (3616., 3617., 3611., 3615.,  24794., 2066253, 20240704221500)
 (3614., 3615., 3611., 3614.,  13527., 2065217, 20240704223000)
 (3614., 3617., 3610., 3615.,  28923., 2063227, 20240704224500)
 (3615., 3618., 3605., 3607.,  67935., 2057370, 20240704230000)
 (3606., 3612., 3605., 3610.,  47829., 2056553, 20240705091500)
 (3609., 3613., 3601., 3603.,  71441., 2056711, 20240705093000)
 (3603., 3606., 3596., 3598.,  74316., 2056982, 20240705094500)
 (3598., 3603., 3594., 3601.,  55669., 2057792, 20240705100000)
 (3600., 3605., 3598., 3602.,  38023., 2053464, 20240705101500)
 (3602., 3603., 3595., 3596.,  35290., 2056756, 20240705104500)
 (3597., 3599., 3585., 3587.,  90144., 2048651, 20240705110000)
 (3587., 3592., 3582., 3583.,  86058., 2056970, 20240705111500)
 (3583., 3583., 3563., 3566., 205482., 2061766, 20240705113000)
 (3566., 3571., 3565., 3567.,  95365., 2063017, 20240705134500)
 (3566., 3574., 3566., 3572.,  58530., 2064405, 20240705140000)
 (3572., 3575., 3570., 3572.,  49533., 2064485, 20240705141500)
 (3571., 3571., 3558., 3562., 101727., 2072205, 20240705143000)
 (3561., 3562., 3556., 3557.,  53910., 2081254, 20240705144500)
 (3557., 3560., 3551., 3553., 112948., 2081641, 20240705150000)]
2024-07-08 15:30:00  INFO  [(3559., 3562., 3555., 3561.,  94517., 2089834, 20240705211500)
 (3562., 3562., 3556., 3560.,  39932., 2097360, 20240705213000)
 (3560., 3563., 3558., 3561.,  27209., 2098409, 20240705214500)
 (3560., 3561., 3556., 3558.,  22711., 2100191, 20240705220000)
 (3558., 3559., 3554., 3557.,  32557., 2099768, 20240705221500)
 (3556., 3560., 3552., 3557.,  34464., 2097813, 20240705223000)
 (3558., 3563., 3557., 3562.,  26565., 2095454, 20240705224500)
 (3561., 3566., 3561., 3562.,  43634., 2085924, 20240705230000)
 (3561., 3565., 3556., 3559.,  77224., 2089276, 20240708091500)
 (3559., 3561., 3556., 3559.,  27815., 2091262, 20240708093000)
 (3559., 3561., 3553., 3556.,  33459., 2093232, 20240708094500)
 (3555., 3557., 3545., 3547.,  83565., 2092717, 20240708100000)
 (3547., 3553., 3545., 3552.,  57953., 2093944, 20240708101500)
 (3551., 3551., 3537., 3538.,  78529., 2096255, 20240708104500)
 (3539., 3540., 3528., 3534., 129794., 2102592, 20240708110000)
 (3534., 3535., 3530., 3530.,  51917., 2114022, 20240708111500)
 (3531., 3533., 3526., 3528.,  54608., 2123060, 20240708113000)
 (3527., 3530., 3506., 3509., 212936., 2160641, 20240708134500)
 (3508., 3510., 3505., 3508.,  71154., 2173354, 20240708140000)
 (3508., 3510., 3502., 3509.,  67500., 2183078, 20240708141500)
 (3508., 3510., 3502., 3503.,  53793., 2191067, 20240708143000)
 (3503., 3508., 3501., 3502.,  52007., 2192966, 20240708144500)
 (3503., 3508., 3501., 3503., 100561., 2183700, 20240708150000)]
2024-07-09 15:30:00  INFO  [(3505., 3516., 3502., 3513., 118453., 2174511, 20240708211500)
 (3513., 3515., 3511., 3513.,  35213., 2175445, 20240708213000)
 (3514., 3517., 3511., 3513.,  36079., 2175328, 20240708214500)
 (3512., 3515., 3512., 3512.,  13569., 2174401, 20240708220000)
 (3512., 3517., 3511., 3515.,  22006., 2174296, 20240708221500)
 (3516., 3517., 3511., 3513.,  19676., 2175381, 20240708223000)
 (3514., 3518., 3513., 3516.,  21354., 2177045, 20240708224500)
 (3517., 3518., 3514., 3516.,  23303., 2173090, 20240708230000)
 (3516., 3517., 3510., 3511.,  52410., 2173778, 20240709091500)
 (3510., 3513., 3506., 3509.,  44822., 2180794, 20240709093000)
 (3508., 3515., 3508., 3513.,  26983., 2180428, 20240709094500)
 (3514., 3514., 3507., 3512.,  21947., 2183216, 20240709100000)
 (3513., 3513., 3504., 3504.,  40603., 2190894, 20240709101500)
 (3504., 3505., 3495., 3496., 114538., 2202995, 20240709104500)
 (3495., 3499., 3494., 3497.,  43355., 2206660, 20240709110000)
 (3498., 3513., 3497., 3507.,  89950., 2190874, 20240709111500)
 (3507., 3514., 3504., 3512.,  63433., 2189449, 20240709113000)
 (3514., 3522., 3510., 3513.,  88518., 2188207, 20240709134500)
 (3513., 3519., 3512., 3516.,  53268., 2192843, 20240709140000)
 (3517., 3521., 3514., 3515.,  60597., 2195191, 20240709141500)
 (3515., 3516., 3510., 3513.,  40493., 2197263, 20240709143000)
 (3513., 3518., 3510., 3512.,  30468., 2200371, 20240709144500)
 (3512., 3516., 3511., 3515.,  38719., 2192582, 20240709150000)]
2024-07-10 15:30:00  INFO  [(3511., 3516., 3506., 3514.,  93512., 2195222, 20240709211500)
 (3514., 3516., 3510., 3510.,  35657., 2199903, 20240709213000)
 (3510., 3513., 3509., 3509.,  22343., 2202254, 20240709214500)
 (3510., 3512., 3508., 3510.,  17165., 2202284, 20240709220000)
 (3510., 3513., 3505., 3508.,  37854., 2201180, 20240709221500)
 (3507., 3508., 3505., 3506.,  21053., 2204846, 20240709223000)
 (3505., 3509., 3504., 3505.,  24717., 2206759, 20240709224500)
 (3505., 3507., 3501., 3503.,  39895., 2207651, 20240709230000)
 (3503., 3508., 3496., 3505.,  81265., 2220565, 20240710091500)
 (3504., 3507., 3496., 3498.,  43576., 2225616, 20240710093000)
 (3497., 3507., 3495., 3505.,  57979., 2229850, 20240710094500)
 (3505., 3506., 3496., 3497.,  28697., 2233995, 20240710100000)
 (3497., 3498., 3485., 3490., 122655., 2242129, 20240710101500)
 (3489., 3494., 3487., 3491.,  36505., 2246056, 20240710104500)
 (3491., 3504., 3490., 3491.,  53781., 2242691, 20240710110000)
 (3492., 3493., 3484., 3487.,  51740., 2251774, 20240710111500)
 (3488., 3490., 3483., 3484.,  41414., 2251330, 20240710113000)
 (3483., 3484., 3472., 3478., 121242., 2268367, 20240710134500)
 (3478., 3484., 3472., 3483.,  58468., 2270891, 20240710140000)
 (3483., 3485., 3478., 3479.,  42438., 2269326, 20240710141500)
 (3480., 3480., 3473., 3474.,  38804., 2272370, 20240710143000)
 (3475., 3477., 3471., 3475.,  42675., 2274109, 20240710144500)
 (3475., 3482., 3474., 3478.,  61388., 2263881, 20240710150000)]
2024-07-11 15:30:00  INFO  [(3486., 3492., 3480., 3488., 133579., 2249776, 20240710211500)
 (3488., 3494., 3485., 3487.,  52567., 2251514, 20240710213000)
 (3487., 3489., 3485., 3489.,  18257., 2250693, 20240710214500)
 (3489., 3497., 3487., 3494.,  44500., 2246989, 20240710220000)
 (3494., 3499., 3492., 3494.,  37316., 2245818, 20240710221500)
 (3494., 3496., 3492., 3495.,  22383., 2242848, 20240710223000)
 (3495., 3497., 3493., 3493.,  17344., 2243381, 20240710224500)
 (3493., 3496., 3490., 3491.,  27102., 2237976, 20240710230000)
 (3492., 3498., 3491., 3497.,  50430., 2238209, 20240711091500)
 (3497., 3497., 3485., 3488.,  47952., 2240722, 20240711093000)
 (3488., 3488., 3478., 3484.,  62569., 2245157, 20240711094500)
 (3484., 3486., 3481., 3485.,  27216., 2244746, 20240711100000)
 (3484., 3504., 3484., 3500., 109527., 2243089, 20240711101500)
 (3500., 3512., 3500., 3510., 108954., 2233373, 20240711104500)
 (3509., 3513., 3504., 3510.,  76254., 2237853, 20240711110000)
 (3510., 3517., 3506., 3517.,  72329., 2238310, 20240711111500)
 (3517., 3529., 3515., 3528., 150697., 2224515, 20240711113000)
 (3530., 3534., 3524., 3527., 117803., 2216723, 20240711134500)
 (3527., 3528., 3523., 3525.,  54776., 2207084, 20240711140000)
 (3525., 3526., 3522., 3523.,  40698., 2211383, 20240711141500)
 (3523., 3524., 3510., 3511.,  93204., 2216487, 20240711143000)
 (3510., 3519., 3505., 3514.,  93940., 2206787, 20240711144500)
 (3513., 3519., 3510., 3514.,  58301., 2202912, 20240711150000)]
2024-07-12 15:30:00  INFO  [(3517., 3525., 3514., 3514., 75931., 2200847, 20240711211500)
 (3514., 3516., 3508., 3509., 56832., 2209221, 20240711213000)
 (3509., 3512., 3505., 3511., 51115., 2210514, 20240711214500)
 (3511., 3516., 3509., 3514., 35466., 2208032, 20240711220000)
 (3514., 3520., 3513., 3517., 32400., 2208778, 20240711221500)
 (3517., 3517., 3511., 3511., 18571., 2207713, 20240711223000)
 (3511., 3516., 3509., 3514., 23641., 2208679, 20240711224500)
 (3514., 3515., 3510., 3513., 23219., 2204456, 20240711230000)
 (3510., 3521., 3510., 3517., 52524., 2207922, 20240712091500)
 (3517., 3518., 3511., 3513., 33662., 2206284, 20240712093000)
 (3513., 3516., 3511., 3516., 23313., 2206354, 20240712094500)
 (3516., 3522., 3515., 3521., 38153., 2208749, 20240712100000)
 (3521., 3528., 3519., 3524., 67290., 2209123, 20240712101500)
 (3523., 3529., 3517., 3528., 48197., 2206370, 20240712104500)
 (3527., 3528., 3523., 3523., 26011., 2210111, 20240712110000)
 (3524., 3528., 3523., 3525., 25726., 2210972, 20240712111500)
 (3525., 3529., 3521., 3522., 40528., 2208517, 20240712113000)
 (3522., 3523., 3515., 3523., 47639., 2204085, 20240712134500)
 (3522., 3528., 3522., 3524., 37544., 2206332, 20240712140000)
 (3523., 3526., 3517., 3523., 38988., 2201672, 20240712141500)
 (3523., 3528., 3523., 3525., 30537., 2202335, 20240712143000)
 (3525., 3527., 3521., 3526., 27051., 2197324, 20240712144500)
 (3527., 3528., 3521., 3523., 63326., 2183643, 20240712150000)]
2024-07-15 15:30:00  INFO  [(3523., 3524., 3517., 3520.,  66648., 2183022, 20240712211500)
 (3520., 3522., 3512., 3514.,  50631., 2187393, 20240712213000)
 (3513., 3516., 3513., 3515.,  24131., 2188802, 20240712214500)
 (3514., 3516., 3511., 3512.,  24582., 2190940, 20240712220000)
 (3511., 3516., 3511., 3514.,  26672., 2189658, 20240712221500)
 (3515., 3515., 3501., 3502.,  53235., 2193108, 20240712223000)
 (3502., 3522., 3492., 3521., 175612., 2182647, 20240712224500)
 (3521., 3546., 3520., 3545., 254648., 2155405, 20240712230000)
 (3541., 3542., 3532., 3536., 138573., 2153155, 20240715091500)
 (3536., 3542., 3535., 3542.,  50978., 2154238, 20240715093000)
 (3541., 3576., 3539., 3571., 192383., 2142214, 20240715094500)
 (3570., 3574., 3565., 3573., 160749., 2125215, 20240715100000)
 (3574., 3581., 3569., 3575., 117230., 2113536, 20240715101500)
 (3575., 3579., 3571., 3576.,  58600., 2115257, 20240715104500)
 (3576., 3577., 3571., 3571.,  43017., 2115472, 20240715110000)
 (3572., 3573., 3565., 3568.,  72511., 2113099, 20240715111500)
 (3569., 3571., 3565., 3565.,  33251., 2113836, 20240715113000)
 (3565., 3565., 3546., 3547., 134118., 2120927, 20240715134500)
 (3546., 3556., 3544., 3552.,  70088., 2117998, 20240715140000)
 (3552., 3555., 3548., 3552.,  30819., 2118407, 20240715141500)
 (3552., 3557., 3548., 3556.,  29332., 2117751, 20240715143000)
 (3556., 3557., 3550., 3554.,  26798., 2112673, 20240715144500)
 (3554., 3554., 3546., 3551.,  58981., 2100491, 20240715150000)]
2024-07-16 15:30:00  INFO  [(3548., 3553., 3542., 3544., 93963., 2106410, 20240715211500)
 (3544., 3551., 3543., 3550., 33712., 2106779, 20240715213000)
 (3550., 3550., 3538., 3542., 52403., 2107627, 20240715214500)
 (3542., 3543., 3535., 3538., 59176., 2117676, 20240715220000)
 (3539., 3540., 3530., 3531., 53008., 2118162, 20240715221500)
 (3532., 3538., 3531., 3537., 31778., 2119621, 20240715223000)
 (3536., 3540., 3535., 3538., 20995., 2116067, 20240715224500)
 (3537., 3540., 3531., 3537., 37072., 2111342, 20240715230000)
 (3537., 3540., 3530., 3533., 68803., 2106253, 20240716091500)
 (3533., 3537., 3525., 3527., 60252., 2109611, 20240716093000)
 (3528., 3538., 3526., 3535., 52284., 2110030, 20240716094500)
 (3534., 3540., 3531., 3539., 38287., 2108414, 20240716100000)
 (3539., 3540., 3533., 3538., 32161., 2106894, 20240716101500)
 (3539., 3546., 3534., 3545., 60891., 2104085, 20240716104500)
 (3545., 3549., 3540., 3540., 60015., 2103734, 20240716110000)
 (3540., 3546., 3538., 3545., 33101., 2104006, 20240716111500)
 (3544., 3550., 3537., 3549., 45957., 2102302, 20240716113000)
 (3550., 3557., 3545., 3553., 95953., 2106735, 20240716134500)
 (3553., 3555., 3547., 3554., 39571., 2104387, 20240716140000)
 (3553., 3558., 3551., 3558., 36830., 2101603, 20240716141500)
 (3558., 3558., 3548., 3550., 42773., 2099298, 20240716143000)
 (3550., 3550., 3539., 3542., 60784., 2092251, 20240716144500)
 (3543., 3546., 3533., 3544., 92932., 2081726, 20240716150000)]
2024-07-17 15:30:00  INFO  [(3538., 3544., 3533., 3540.,  73966., 2088251, 20240716211500)
 (3540., 3542., 3537., 3538.,  36429., 2088350, 20240716213000)
 (3539., 3545., 3536., 3542.,  35694., 2088811, 20240716214500)
 (3543., 3553., 3541., 3549.,  46471., 2088495, 20240716220000)
 (3548., 3551., 3545., 3548.,  37997., 2084819, 20240716221500)
 (3548., 3550., 3546., 3548.,  16863., 2084008, 20240716223000)
 (3547., 3553., 3546., 3550.,  26204., 2081679, 20240716224500)
 (3550., 3554., 3548., 3552.,  32800., 2073382, 20240716230000)
 (3553., 3556., 3547., 3549.,  44473., 2074387, 20240717091500)
 (3549., 3554., 3547., 3547.,  34659., 2080065, 20240717093000)
 (3548., 3552., 3545., 3546.,  31618., 2078336, 20240717094500)
 (3545., 3547., 3541., 3546.,  30878., 2075515, 20240717100000)
 (3546., 3553., 3546., 3553.,  33038., 2079608, 20240717101500)
 (3553., 3554., 3548., 3550.,  36762., 2079931, 20240717104500)
 (3549., 3550., 3543., 3543.,  41027., 2080871, 20240717110000)
 (3543., 3543., 3540., 3542.,  43652., 2084992, 20240717111500)
 (3542., 3542., 3537., 3539.,  44787., 2087565, 20240717113000)
 (3539., 3539., 3512., 3514., 217854., 2109842, 20240717134500)
 (3514., 3523., 3508., 3511., 136621., 2122729, 20240717140000)
 (3510., 3511., 3497., 3499., 152479., 2145259, 20240717141500)
 (3499., 3500., 3486., 3490., 134437., 2167994, 20240717143000)
 (3490., 3505., 3488., 3492., 166617., 2181740, 20240717144500)
 (3492., 3494., 3484., 3487., 123200., 2186809, 20240717150000)]
2024-07-18 15:30:00  INFO  [(3482., 3487., 3479., 3482., 145762., 2205928, 20240717211500)
 (3482., 3485., 3481., 3484.,  37930., 2214368, 20240717213000)
 (3484., 3485., 3476., 3477.,  59227., 2219120, 20240717214500)
 (3476., 3480., 3473., 3476.,  78026., 2231423, 20240717220000)
 (3476., 3476., 3465., 3468., 114242., 2240802, 20240717221500)
 (3468., 3476., 3462., 3473.,  80953., 2244041, 20240717223000)
 (3473., 3478., 3472., 3476.,  37449., 2244972, 20240717224500)
 (3475., 3476., 3465., 3467.,  42458., 2241504, 20240717230000)
 (3466., 3470., 3462., 3469.,  73643., 2251082, 20240718091500)
 (3469., 3469., 3463., 3466.,  34135., 2257096, 20240718093000)
 (3466., 3467., 3462., 3464.,  29614., 2263928, 20240718094500)
 (3464., 3474., 3456., 3469., 107751., 2267106, 20240718100000)
 (3469., 3471., 3463., 3465.,  40020., 2268479, 20240718101500)
 (3464., 3465., 3458., 3461.,  44948., 2275129, 20240718104500)
 (3460., 3467., 3458., 3463.,  33654., 2275063, 20240718110000)
 (3463., 3469., 3461., 3464.,  32727., 2275402, 20240718111500)
 (3464., 3471., 3462., 3470.,  44690., 2274799, 20240718113000)
 (3472., 3490., 3472., 3483., 208123., 2261846, 20240718134500)
 (3482., 3484., 3476., 3478.,  51719., 2265676, 20240718140000)
 (3478., 3484., 3470., 3482.,  78368., 2268551, 20240718141500)
 (3481., 3488., 3477., 3484.,  68669., 2258363, 20240718143000)
 (3484., 3492., 3482., 3485.,  69424., 2251874, 20240718144500)
 (3485., 3496., 3482., 3492.,  98012., 2229663, 20240718150000)]
2024-07-19 15:30:00  INFO  [(3480., 3485., 3472., 3474., 152403., 2244912, 20240718211500)
 (3474., 3483., 3473., 3478.,  63710., 2240045, 20240718213000)
 (3479., 3482., 3476., 3479.,  25205., 2239779, 20240718214500)
 (3479., 3482., 3477., 3479.,  20943., 2241135, 20240718220000)
 (3479., 3483., 3478., 3480.,  23476., 2241711, 20240718221500)
 (3480., 3483., 3477., 3478.,  17567., 2240285, 20240718223000)
 (3477., 3482., 3474., 3476.,  33435., 2238975, 20240718224500)
 (3476., 3488., 3475., 3483.,  47600., 2230468, 20240718230000)
 (3480., 3482., 3473., 3478.,  62279., 2230246, 20240719091500)
 (3478., 3480., 3465., 3469.,  80294., 2229751, 20240719093000)
 (3469., 3475., 3465., 3475.,  52604., 2225752, 20240719094500)
 (3474., 3475., 3465., 3468.,  36051., 2223737, 20240719100000)
 (3468., 3485., 3468., 3481.,  89574., 2220037, 20240719101500)
 (3481., 3481., 3475., 3478.,  45625., 2222596, 20240719104500)
 (3477., 3482., 3477., 3480.,  29911., 2220358, 20240719110000)
 (3480., 3480., 3475., 3480.,  26681., 2217643, 20240719111500)
 (3480., 3486., 3478., 3480.,  46984., 2215441, 20240719113000)
 (3478., 3478., 3467., 3472.,  87938., 2226417, 20240719134500)
 (3472., 3472., 3463., 3463.,  67761., 2237712, 20240719140000)
 (3464., 3467., 3455., 3463., 106651., 2252854, 20240719141500)
 (3464., 3479., 3463., 3475.,  94746., 2240850, 20240719143000)
 (3475., 3478., 3468., 3470.,  47136., 2237258, 20240719144500)
 (3470., 3483., 3468., 3479., 105307., 2222700, 20240719150000)]
2024-07-22 15:30:00  INFO  [(3473., 3479., 3471., 3471.,  78669., 2228005, 20240719211500)
 (3471., 3474., 3469., 3469.,  33421., 2231475, 20240719213000)
 (3470., 3476., 3469., 3473.,  29832., 2234776, 20240719214500)
 (3474., 3478., 3473., 3475.,  22377., 2235755, 20240719220000)
 (3475., 3479., 3474., 3475.,  15747., 2236836, 20240719221500)
 (3476., 3479., 3475., 3478.,  12231., 2235125, 20240719223000)
 (3479., 3486., 3471., 3475.,  92510., 2231387, 20240719224500)
 (3475., 3477., 3471., 3472.,  39858., 2227596, 20240719230000)
 (3476., 3480., 3445., 3446., 280284., 2246118, 20240722091500)
 (3446., 3453., 3441., 3450., 111247., 2254211, 20240722093000)
 (3450., 3453., 3443., 3443.,  55401., 2259748, 20240722094500)
 (3444., 3446., 3441., 3446.,  37303., 2266949, 20240722100000)
 (3446., 3453., 3442., 3446.,  48769., 2268340, 20240722101500)
 (3445., 3455., 3445., 3450.,  60269., 2267025, 20240722104500)
 (3451., 3481., 3450., 3471., 174664., 2244903, 20240722110000)
 (3471., 3481., 3470., 3476., 117876., 2243993, 20240722111500)
 (3475., 3480., 3467., 3469.,  73701., 2238689, 20240722113000)
 (3465., 3465., 3456., 3460.,  87850., 2240835, 20240722134500)
 (3460., 3461., 3453., 3457.,  44941., 2245430, 20240722140000)
 (3457., 3461., 3453., 3457.,  41514., 2243099, 20240722141500)
 (3458., 3460., 3453., 3455.,  31248., 2244363, 20240722143000)
 (3455., 3462., 3454., 3457.,  29833., 2241556, 20240722144500)
 (3456., 3460., 3449., 3451.,  70003., 2233901, 20240722150000)]
2024-07-23 15:30:00  INFO  [(3448., 3455., 3445., 3449.,  78985., 2240636, 20240722211500)
 (3449., 3454., 3447., 3448.,  40767., 2241841, 20240722213000)
 (3448., 3453., 3446., 3448.,  23904., 2243749, 20240722214500)
 (3449., 3449., 3444., 3448.,  28939., 2250721, 20240722220000)
 (3447., 3451., 3445., 3450.,  25716., 2253277, 20240722221500)
 (3449., 3454., 3448., 3449.,  22172., 2252291, 20240722223000)
 (3450., 3450., 3446., 3449.,  17484., 2248810, 20240722224500)
 (3450., 3451., 3444., 3450.,  39166., 2244376, 20240722230000)
 (3448., 3457., 3447., 3457.,  56618., 2243530, 20240723091500)
 (3457., 3460., 3454., 3457.,  50618., 2243174, 20240723093000)
 (3457., 3459., 3454., 3454.,  27051., 2246532, 20240723094500)
 (3454., 3455., 3451., 3451.,  23247., 2248392, 20240723100000)
 (3451., 3452., 3433., 3435., 122628., 2261681, 20240723101500)
 (3433., 3434., 3422., 3424., 168207., 2286526, 20240723104500)
 (3423., 3427., 3416., 3417., 109767., 2309542, 20240723110000)
 (3417., 3419., 3414., 3417.,  71629., 2320599, 20240723111500)
 (3417., 3425., 3416., 3417.,  67148., 2320896, 20240723113000)
 (3418., 3418., 3411., 3414.,  63401., 2330826, 20240723134500)
 (3415., 3424., 3413., 3418.,  66899., 2325122, 20240723140000)
 (3418., 3420., 3412., 3413.,  32124., 2326657, 20240723141500)
 (3413., 3416., 3411., 3413.,  37076., 2330642, 20240723143000)
 (3414., 3414., 3404., 3408., 128557., 2336094, 20240723144500)
 (3407., 3409., 3396., 3397., 154626., 2329380, 20240723150000)]
2024-07-24 15:30:00  INFO  [(3405., 3409., 3398., 3404., 162128., 2342400, 20240723211500)
 (3403., 3405., 3400., 3402.,  39310., 2344587, 20240723213000)
 (3402., 3406., 3398., 3406.,  44444., 2348261, 20240723214500)
 (3405., 3406., 3401., 3405.,  25290., 2349467, 20240723220000)
 (3404., 3408., 3404., 3407.,  30250., 2347373, 20240723221500)
 (3406., 3409., 3403., 3408.,  33286., 2352671, 20240723223000)
 (3408., 3413., 3406., 3407.,  34761., 2352476, 20240723224500)
 (3407., 3411., 3406., 3408.,  25987., 2348037, 20240723230000)
 (3409., 3412., 3400., 3402.,  65117., 2351846, 20240724091500)
 (3401., 3404., 3397., 3401.,  37385., 2352690, 20240724093000)
 (3401., 3410., 3399., 3403.,  53815., 2354589, 20240724094500)
 (3404., 3404., 3398., 3400.,  37624., 2358689, 20240724100000)
 (3399., 3403., 3392., 3400.,  70544., 2362019, 20240724101500)
 (3400., 3400., 3392., 3394.,  37838., 2365469, 20240724104500)
 (3393., 3394., 3384., 3392.,  92967., 2368556, 20240724110000)
 (3392., 3403., 3388., 3395.,  96029., 2373380, 20240724111500)
 (3395., 3402., 3390., 3399.,  65001., 2373977, 20240724113000)
 (3398., 3398., 3384., 3385.,  88419., 2390185, 20240724134500)
 (3386., 3393., 3384., 3393.,  44608., 2392091, 20240724140000)
 (3392., 3400., 3392., 3398.,  73759., 2384465, 20240724141500)
 (3399., 3405., 3394., 3397.,  87637., 2381744, 20240724143000)
 (3395., 3398., 3391., 3394.,  47917., 2383796, 20240724144500)
 (3393., 3397., 3387., 3391.,  82712., 2382127, 20240724150000)]
2024-07-25 15:30:00  INFO  [(3391., 3395., 3386., 3389.,  91985., 2390786, 20240724211500)
 (3389., 3392., 3387., 3392.,  30854., 2395334, 20240724213000)
 (3391., 3394., 3388., 3391.,  20677., 2395080, 20240724214500)
 (3390., 3391., 3385., 3385.,  34140., 2399904, 20240724220000)
 (3385., 3389., 3381., 3383.,  40471., 2400104, 20240724221500)
 (3383., 3384., 3374., 3375.,  80524., 2403328, 20240724223000)
 (3376., 3380., 3366., 3367.,  94658., 2411841, 20240724224500)
 (3366., 3370., 3361., 3364., 115559., 2407485, 20240724230000)
 (3362., 3362., 3337., 3343., 234762., 2415516, 20240725091500)
 (3343., 3345., 3334., 3344.,  95591., 2416390, 20240725093000)
 (3345., 3356., 3343., 3350.,  86943., 2411450, 20240725094500)
 (3350., 3352., 3344., 3347.,  40156., 2408136, 20240725100000)
 (3347., 3350., 3340., 3346.,  45260., 2409655, 20240725101500)
 (3345., 3346., 3338., 3343.,  53593., 2410311, 20240725104500)
 (3344., 3348., 3338., 3346.,  51656., 2412013, 20240725110000)
 (3345., 3348., 3343., 3344.,  39234., 2414732, 20240725111500)
 (3343., 3355., 3343., 3347.,  74511., 2413534, 20240725113000)
 (3346., 3354., 3337., 3348., 114925., 2415065, 20240725134500)
 (3348., 3350., 3343., 3344.,  36637., 2414081, 20240725140000)
 (3344., 3351., 3342., 3343.,  47744., 2411774, 20240725141500)
 (3344., 3345., 3338., 3339.,  47305., 2416457, 20240725143000)
 (3339., 3341., 3321., 3329., 161303., 2426258, 20240725144500)
 (3329., 3333., 3309., 3329., 238631., 2399751, 20240725150000)]
2024-07-26 15:30:00  INFO  [(3332., 3376., 3330., 3374., 445482., 2377745, 20240725211500)
 (3375., 3380., 3368., 3370., 134379., 2371463, 20240725213000)
 (3370., 3379., 3370., 3376.,  71614., 2371548, 20240725214500)
 (3376., 3381., 3375., 3379.,  74112., 2366456, 20240725220000)
 (3380., 3390., 3376., 3378., 118366., 2353222, 20240725221500)
 (3377., 3386., 3377., 3384.,  52016., 2350424, 20240725223000)
 (3383., 3390., 3381., 3387.,  60115., 2344545, 20240725224500)
 (3387., 3401., 3386., 3388., 154305., 2312652, 20240725230000)
 (3388., 3389., 3377., 3380., 110642., 2311902, 20240726091500)
 (3380., 3386., 3379., 3385.,  44132., 2312258, 20240726093000)
 (3385., 3391., 3383., 3388.,  46357., 2310236, 20240726094500)
 (3388., 3394., 3388., 3393.,  58286., 2309697, 20240726100000)
 (3392., 3393., 3381., 3382.,  47939., 2311242, 20240726101500)
 (3381., 3383., 3375., 3382.,  71793., 2315512, 20240726104500)
 (3381., 3383., 3376., 3382.,  35416., 2318436, 20240726110000)
 (3382., 3385., 3380., 3384.,  29583., 2318443, 20240726111500)
 (3384., 3389., 3379., 3381.,  53602., 2320043, 20240726113000)
 (3381., 3385., 3378., 3383.,  31672., 2321651, 20240726134500)
 (3383., 3387., 3380., 3385.,  30267., 2320031, 20240726140000)
 (3385., 3390., 3383., 3384.,  37248., 2318321, 20240726141500)
 (3384., 3385., 3377., 3381.,  45058., 2321402, 20240726143000)
 (3381., 3382., 3366., 3367., 100662., 2320538, 20240726144500)
 (3368., 3378., 3364., 3371., 128171., 2307823, 20240726150000)]
2024-07-29 15:30:00  INFO  [(3371., 3373., 3354., 3363., 143766., 2316197, 20240726211500)
 (3363., 3370., 3359., 3365.,  60775., 2318689, 20240726213000)
 (3366., 3367., 3361., 3365.,  24609., 2321258, 20240726214500)
 (3366., 3366., 3358., 3359.,  34215., 2324024, 20240726220000)
 (3359., 3361., 3356., 3359.,  34683., 2325726, 20240726221500)
 (3358., 3360., 3356., 3357.,  23576., 2324236, 20240726223000)
 (3358., 3361., 3348., 3361.,  86854., 2322721, 20240726224500)
 (3361., 3367., 3356., 3358.,  62164., 2307704, 20240726230000)
 (3352., 3365., 3341., 3363., 161619., 2311767, 20240729091500)
 (3363., 3365., 3352., 3353.,  55447., 2316324, 20240729093000)
 (3352., 3353., 3346., 3350.,  54056., 2317162, 20240729094500)
 (3349., 3355., 3343., 3355.,  58731., 2321163, 20240729100000)
 (3354., 3360., 3352., 3359.,  44340., 2325812, 20240729101500)
 (3360., 3364., 3354., 3359.,  58830., 2326571, 20240729104500)
 (3359., 3362., 3353., 3360.,  34585., 2327609, 20240729110000)
 (3359., 3361., 3354., 3355.,  28535., 2324208, 20240729111500)
 (3354., 3365., 3347., 3362.,  86505., 2317594, 20240729113000)
 (3362., 3369., 3359., 3368.,  94092., 2326767, 20240729134500)
 (3369., 3376., 3364., 3365., 102023., 2324480, 20240729140000)
 (3365., 3371., 3363., 3370.,  36992., 2324394, 20240729141500)
 (3370., 3372., 3361., 3363.,  43269., 2318714, 20240729143000)
 (3363., 3366., 3360., 3361.,  32677., 2317696, 20240729144500)
 (3362., 3367., 3351., 3363., 113493., 2296842, 20240729150000)]
2024-07-30 15:30:00  INFO  [(3374., 3394., 3372., 3380., 250682., 2304460, 20240729211500)
 (3379., 3382., 3371., 3371.,  59066., 2305300, 20240729213000)
 (3371., 3372., 3359., 3363., 105865., 2308677, 20240729214500)
 (3364., 3365., 3355., 3360.,  87709., 2314382, 20240729220000)
 (3360., 3361., 3355., 3359.,  39559., 2314182, 20240729221500)
 (3359., 3373., 3355., 3364.,  82947., 2314419, 20240729223000)
 (3363., 3370., 3362., 3364.,  36033., 2315587, 20240729224500)
 (3364., 3368., 3358., 3360.,  44663., 2308318, 20240729230000)
 (3360., 3368., 3357., 3363.,  65260., 2310527, 20240730091500)
 (3363., 3363., 3353., 3359.,  61452., 2311342, 20240730093000)
 (3359., 3360., 3345., 3347.,  85756., 2317258, 20240730094500)
 (3347., 3356., 3344., 3353.,  70549., 2315565, 20240730100000)
 (3353., 3354., 3343., 3347.,  52902., 2316859, 20240730101500)
 (3348., 3353., 3344., 3353.,  55333., 2317391, 20240730104500)
 (3353., 3358., 3336., 3340., 107306., 2313191, 20240730110000)
 (3341., 3342., 3333., 3337.,  61198., 2313744, 20240730111500)
 (3336., 3339., 3325., 3331.,  85496., 2311635, 20240730113000)
 (3329., 3334., 3318., 3328., 147691., 2315047, 20240730134500)
 (3328., 3330., 3322., 3327.,  53242., 2315975, 20240730140000)
 (3326., 3337., 3325., 3325.,  57580., 2312233, 20240730141500)
 (3326., 3329., 3313., 3322.,  96291., 2314796, 20240730143000)
 (3322., 3322., 3306., 3310., 145597., 2301506, 20240730144500)
 (3309., 3310., 3294., 3301., 199706., 2289134, 20240730150000)]
2024-07-31 15:30:00  INFO  [(3301., 3301., 3291., 3293., 131758., 2296350, 20240730211500)
 (3294., 3295., 3280., 3285., 118871., 2298983, 20240730213000)
 (3284., 3291., 3284., 3287.,  62590., 2303654, 20240730214500)
 (3286., 3287., 3276., 3280.,  70773., 2307574, 20240730220000)
 (3280., 3284., 3271., 3282., 101747., 2312560, 20240730221500)
 (3281., 3325., 3279., 3322., 229604., 2292102, 20240730223000)
 (3323., 3345., 3323., 3330., 247559., 2276195, 20240730224500)
 (3330., 3331., 3313., 3327., 133563., 2272152, 20240730230000)
 (3332., 3333., 3319., 3322.,  78045., 2273600, 20240731091500)
 (3322., 3330., 3318., 3323.,  44423., 2273733, 20240731093000)
 (3323., 3334., 3316., 3329.,  67760., 2278633, 20240731094500)
 (3329., 3341., 3327., 3337.,  74701., 2280080, 20240731100000)
 (3337., 3338., 3329., 3337.,  47400., 2280568, 20240731101500)
 (3339., 3364., 3336., 3357., 176406., 2273052, 20240731104500)
 (3358., 3360., 3346., 3349.,  66966., 2273075, 20240731110000)
 (3349., 3351., 3338., 3346.,  62087., 2271367, 20240731111500)
 (3346., 3346., 3339., 3340.,  37058., 2270435, 20240731113000)
 (3340., 3347., 3324., 3326., 120933., 2285544, 20240731134500)
 (3326., 3330., 3323., 3329.,  55842., 2287755, 20240731140000)
 (3330., 3330., 3323., 3324.,  37448., 2290194, 20240731141500)
 (3323., 3327., 3315., 3321.,  88874., 2282562, 20240731143000)
 (3321., 3329., 3320., 3326.,  48902., 2278445, 20240731144500)
 (3326., 3330., 3321., 3326.,  59808., 2266687, 20240731150000)]
2024-08-01 15:30:00  INFO  [(3346., 3350., 3334., 3340., 164212., 2245387, 20240731211500)
 (3340., 3350., 3337., 3347.,  67329., 2246333, 20240731213000)
 (3348., 3366., 3348., 3358., 161294., 2241370, 20240731214500)
 (3357., 3373., 3356., 3365., 125489., 2234533, 20240731220000)
 (3366., 3369., 3363., 3366.,  45849., 2231851, 20240731221500)
 (3367., 3368., 3360., 3366.,  40818., 2230843, 20240731223000)
 (3366., 3372., 3365., 3369.,  40330., 2225599, 20240731224500)
 (3369., 3372., 3366., 3367.,  48642., 2211454, 20240731230000)
 (3371., 3384., 3364., 3365., 139189., 2200359, 20240801091500)
 (3365., 3367., 3358., 3361.,  56423., 2202456, 20240801093000)
 (3361., 3363., 3355., 3355.,  52444., 2205796, 20240801094500)
 (3355., 3357., 3350., 3355.,  51067., 2205607, 20240801100000)
 (3355., 3356., 3347., 3351.,  52563., 2210026, 20240801101500)
 (3351., 3352., 3345., 3351.,  47912., 2213924, 20240801104500)
 (3351., 3351., 3343., 3345.,  49660., 2216463, 20240801110000)
 (3345., 3346., 3342., 3344.,  28724., 2218410, 20240801111500)
 (3344., 3345., 3331., 3341.,  91787., 2226839, 20240801113000)
 (3340., 3351., 3340., 3350.,  69671., 2231565, 20240801134500)
 (3351., 3352., 3342., 3348.,  51163., 2235537, 20240801140000)
 (3348., 3349., 3338., 3338.,  33127., 2236430, 20240801141500)
 (3338., 3347., 3337., 3341.,  38664., 2234500, 20240801143000)
 (3341., 3346., 3336., 3339.,  40003., 2239080, 20240801144500)
 (3339., 3358., 3339., 3355.,  86095., 2226504, 20240801150000)]
2024-08-02 15:30:00  INFO  [(3354., 3355., 3334., 3344., 127147., 2224896, 20240801211500)
 (3344., 3356., 3341., 3349.,  75038., 2224379, 20240801213000)
 (3349., 3357., 3348., 3352.,  39017., 2223104, 20240801214500)
 (3353., 3364., 3348., 3356.,  53512., 2219745, 20240801220000)
 (3357., 3358., 3347., 3350.,  44978., 2218814, 20240801221500)
 (3351., 3352., 3342., 3345.,  39950., 2216879, 20240801223000)
 (3345., 3347., 3340., 3344.,  36731., 2216817, 20240801224500)
 (3343., 3345., 3341., 3343.,  33059., 2211337, 20240801230000)
 (3336., 3336., 3324., 3335., 137328., 2198838, 20240802091500)
 (3335., 3340., 3328., 3330.,  46158., 2199586, 20240802093000)
 (3330., 3342., 3328., 3342.,  42260., 2197384, 20240802094500)
 (3342., 3350., 3341., 3348.,  57490., 2197010, 20240802100000)
 (3348., 3357., 3346., 3348.,  69254., 2196528, 20240802101500)
 (3348., 3348., 3342., 3344.,  37915., 2194167, 20240802104500)
 (3344., 3352., 3340., 3346.,  33810., 2193824, 20240802110000)
 (3346., 3354., 3346., 3351.,  26267., 2195248, 20240802111500)
 (3351., 3360., 3348., 3358.,  62400., 2194062, 20240802113000)
 (3359., 3368., 3358., 3364., 104666., 2192951, 20240802134500)
 (3364., 3375., 3364., 3365.,  92476., 2186697, 20240802140000)
 (3365., 3378., 3365., 3375.,  65373., 2192665, 20240802141500)
 (3375., 3379., 3369., 3371.,  63538., 2191052, 20240802143000)
 (3371., 3379., 3370., 3373.,  56357., 2187560, 20240802144500)
 (3373., 3382., 3371., 3379.,  89694., 2176940, 20240802150000)]
2024-08-05 15:30:00  INFO  [(3382., 3384., 3368., 3374., 135698., 2164541, 20240802211500)
 (3374., 3380., 3368., 3374.,  49863., 2162659, 20240802213000)
 (3374., 3375., 3370., 3373.,  24278., 2162845, 20240802214500)
 (3373., 3375., 3370., 3373.,  14311., 2161590, 20240802220000)
 (3373., 3375., 3366., 3369.,  46650., 2154645, 20240802221500)
 (3369., 3372., 3365., 3367.,  32232., 2151642, 20240802223000)
 (3367., 3368., 3360., 3361.,  45211., 2142259, 20240802224500)
 (3362., 3362., 3345., 3350., 114396., 2128673, 20240802230000)
 (3345., 3356., 3336., 3352., 135838., 2130484, 20240805091500)
 (3352., 3362., 3350., 3361.,  59954., 2131951, 20240805093000)
 (3361., 3367., 3358., 3360.,  46079., 2136665, 20240805094500)
 (3359., 3369., 3357., 3358.,  38982., 2139597, 20240805100000)
 (3359., 3359., 3350., 3352.,  43050., 2140566, 20240805101500)
 (3353., 3361., 3351., 3358.,  31818., 2142277, 20240805104500)
 (3358., 3365., 3358., 3365.,  34479., 2145032, 20240805110000)
 (3365., 3369., 3361., 3366.,  34755., 2145154, 20240805111500)
 (3367., 3397., 3367., 3394., 154763., 2134769, 20240805113000)
 (3388., 3388., 3364., 3375., 179004., 2147193, 20240805134500)
 (3374., 3377., 3362., 3366.,  57354., 2149070, 20240805140000)
 (3366., 3373., 3360., 3372.,  45424., 2151276, 20240805141500)
 (3372., 3378., 3366., 3372.,  49024., 2148815, 20240805143000)
 (3371., 3374., 3362., 3364.,  38848., 2150156, 20240805144500)
 (3363., 3367., 3360., 3367.,  58353., 2140088, 20240805150000)]
2024-08-06 15:30:00  INFO  [(3350., 3364., 3338., 3357., 158241., 2114893, 20240805211500)
 (3357., 3364., 3353., 3357.,  50672., 2111848, 20240805213000)
 (3357., 3366., 3356., 3362.,  38699., 2110756, 20240805214500)
 (3362., 3370., 3362., 3366.,  42993., 2107242, 20240805220000)
 (3367., 3373., 3364., 3365.,  37627., 2106588, 20240805221500)
 (3366., 3368., 3362., 3363.,  18969., 2105288, 20240805223000)
 (3364., 3369., 3359., 3365.,  29502., 2104896, 20240805224500)
 (3364., 3365., 3358., 3359.,  29221., 2097992, 20240805230000)
 (3369., 3379., 3363., 3365.,  99008., 2099221, 20240806091500)
 (3364., 3366., 3354., 3360.,  73952., 2100483, 20240806093000)
 (3359., 3361., 3351., 3352.,  58952., 2107757, 20240806094500)
 (3352., 3363., 3348., 3358.,  53501., 2107586, 20240806100000)
 (3359., 3362., 3345., 3346.,  44673., 2111135, 20240806101500)
 (3346., 3349., 3341., 3344.,  68144., 2126410, 20240806104500)
 (3343., 3347., 3341., 3341.,  31265., 2126944, 20240806110000)
 (3341., 3349., 3327., 3328., 112857., 2135501, 20240806111500)
 (3327., 3330., 3319., 3322., 117231., 2149839, 20240806113000)
 (3318., 3322., 3307., 3315., 141175., 2173393, 20240806134500)
 (3315., 3316., 3298., 3307., 124908., 2186904, 20240806140000)
 (3306., 3310., 3300., 3302.,  59095., 2195055, 20240806141500)
 (3303., 3320., 3296., 3313., 118234., 2196134, 20240806143000)
 (3315., 3322., 3306., 3308.,  76817., 2194343, 20240806144500)
 (3308., 3308., 3300., 3306.,  82093., 2193394, 20240806150000)]
2024-08-07 15:30:00  INFO  [(3305., 3311., 3296., 3307., 112695., 2183155, 20240806211500)
 (3307., 3311., 3301., 3306.,  56085., 2181983, 20240806213000)
 (3306., 3310., 3303., 3305.,  29602., 2180473, 20240806214500)
 (3306., 3309., 3305., 3308.,  21741., 2177451, 20240806220000)
 (3308., 3324., 3307., 3320.,  97001., 2164767, 20240806221500)
 (3320., 3321., 3314., 3318.,  34892., 2160855, 20240806223000)
 (3317., 3321., 3313., 3318.,  29226., 2154439, 20240806224500)
 (3318., 3324., 3316., 3322.,  37398., 2146054, 20240806230000)
 (3319., 3319., 3311., 3318.,  52562., 2144585, 20240807091500)
 (3317., 3320., 3314., 3318.,  23116., 2142936, 20240807093000)
 (3318., 3322., 3307., 3314.,  40384., 2139175, 20240807094500)
 (3315., 3334., 3314., 3333.,  99383., 2134586, 20240807100000)
 (3333., 3335., 3324., 3327.,  48993., 2132254, 20240807101500)
 (3328., 3331., 3325., 3329.,  22530., 2130007, 20240807104500)
 (3329., 3334., 3323., 3325.,  28282., 2129990, 20240807110000)
 (3326., 3329., 3321., 3322.,  22716., 2128626, 20240807111500)
 (3322., 3325., 3313., 3314.,  39371., 2127153, 20240807113000)
 (3315., 3323., 3305., 3307.,  78026., 2131046, 20240807134500)
 (3308., 3310., 3303., 3305.,  45021., 2136628, 20240807140000)
 (3305., 3311., 3303., 3309.,  35789., 2140012, 20240807141500)
 (3308., 3313., 3305., 3308.,  29687., 2142608, 20240807143000)
 (3309., 3309., 3300., 3300.,  37920., 2146802, 20240807144500)
 (3300., 3307., 3298., 3304.,  77929., 2143920, 20240807150000)]
2024-08-08 15:30:00  INFO  [(3306., 3312., 3306., 3307.,  74546., 2141303, 20240807211500)
 (3308., 3312., 3306., 3309.,  35142., 2137922, 20240807213000)
 (3310., 3320., 3308., 3318.,  49574., 2133346, 20240807214500)
 (3319., 3323., 3313., 3313.,  55194., 2124816, 20240807220000)
 (3313., 3316., 3310., 3310.,  25710., 2120135, 20240807221500)
 (3311., 3317., 3309., 3316.,  26758., 2117512, 20240807223000)
 (3317., 3320., 3312., 3319.,  25620., 2112877, 20240807224500)
 (3319., 3320., 3315., 3317.,  29785., 2106192, 20240807230000)
 (3321., 3321., 3307., 3308.,  63003., 2095467, 20240808091500)
 (3308., 3315., 3307., 3309.,  33982., 2094717, 20240808093000)
 (3309., 3311., 3294., 3296.,  82815., 2105464, 20240808094500)
 (3296., 3297., 3284., 3290., 119620., 2124815, 20240808100000)
 (3289., 3291., 3276., 3282., 109470., 2124532, 20240808101500)
 (3282., 3286., 3277., 3283.,  67340., 2135909, 20240808104500)
 (3282., 3293., 3278., 3287.,  51200., 2134715, 20240808110000)
 (3287., 3297., 3285., 3291.,  60442., 2133338, 20240808111500)
 (3291., 3293., 3278., 3278.,  53591., 2143507, 20240808113000)
 (3277., 3277., 3259., 3261., 196174., 2176674, 20240808134500)
 (3261., 3268., 3260., 3265.,  56403., 2176844, 20240808140000)
 (3265., 3265., 3256., 3259.,  51800., 2183552, 20240808141500)
 (3259., 3262., 3255., 3257.,  53358., 2185768, 20240808143000)
 (3257., 3262., 3253., 3257.,  59140., 2181986, 20240808144500)
 (3257., 3260., 3252., 3254.,  65115., 2173101, 20240808150000)]
2024-08-09 15:30:00  INFO  [(3260., 3271., 3255., 3267., 138241., 2146982, 20240808211500)
 (3266., 3274., 3264., 3270.,  50634., 2137923, 20240808213000)
 (3270., 3276., 3270., 3273.,  43932., 2131820, 20240808214500)
 (3273., 3276., 3271., 3276.,  25231., 2125383, 20240808220000)
 (3275., 3281., 3272., 3272.,  47301., 2114999, 20240808221500)
 (3272., 3276., 3271., 3276.,  22528., 2111558, 20240808223000)
 (3276., 3280., 3271., 3271.,  30034., 2105053, 20240808224500)
 (3271., 3272., 3255., 3259.,  91267., 2097391, 20240808230000)
 (3264., 3269., 3259., 3266.,  66105., 2094930, 20240809091500)
 (3266., 3276., 3265., 3272.,  44756., 2094261, 20240809093000)
 (3273., 3286., 3272., 3285.,  80631., 2085209, 20240809094500)
 (3285., 3287., 3278., 3280.,  46220., 2082137, 20240809100000)
 (3280., 3281., 3273., 3279.,  51198., 2081299, 20240809101500)
 (3279., 3292., 3279., 3289.,  72685., 2079743, 20240809104500)
 (3290., 3311., 3287., 3303., 141563., 2069197, 20240809110000)
 (3304., 3324., 3303., 3320., 179609., 2066750, 20240809111500)
 (3320., 3323., 3308., 3309.,  95268., 2065085, 20240809113000)
 (3309., 3309., 3297., 3298., 114860., 2060135, 20240809134500)
 (3299., 3304., 3293., 3302.,  73927., 2060354, 20240809140000)
 (3302., 3306., 3291., 3294.,  60205., 2063045, 20240809141500)
 (3295., 3296., 3280., 3282.,  74002., 2058237, 20240809143000)
 (3282., 3286., 3277., 3280.,  60166., 2056307, 20240809144500)
 (3280., 3284., 3271., 3277.,  84336., 2055995, 20240809150000)]
2024-08-12 15:30:00  INFO  [(3277., 3283., 3270., 3271.,  92365., 2053195, 20240809211500)
 (3271., 3276., 3264., 3271.,  66558., 2052166, 20240809213000)
 (3272., 3275., 3265., 3268.,  33072., 2051822, 20240809214500)
 (3267., 3270., 3258., 3263.,  52408., 2051537, 20240809220000)
 (3262., 3267., 3259., 3263.,  34703., 2054287, 20240809221500)
 (3263., 3270., 3262., 3264.,  30328., 2051410, 20240809223000)
 (3263., 3267., 3253., 3256.,  58349., 2048764, 20240809224500)
 (3256., 3256., 3225., 3227., 211014., 2061210, 20240809230000)
 (3222., 3240., 3220., 3233., 153251., 2064238, 20240812091500)
 (3233., 3240., 3231., 3236.,  41098., 2069298, 20240812093000)
 (3236., 3238., 3208., 3222., 139109., 2075496, 20240812094500)
 (3221., 3222., 3209., 3211.,  55725., 2082230, 20240812100000)
 (3211., 3216., 3206., 3214.,  36842., 2083872, 20240812101500)
 (3215., 3222., 3210., 3219.,  42255., 2088272, 20240812104500)
 (3219., 3225., 3216., 3222.,  37621., 2089173, 20240812110000)
 (3222., 3223., 3213., 3217.,  24420., 2089606, 20240812111500)
 (3216., 3234., 3212., 3226.,  56693., 2085297, 20240812113000)
 (3226., 3234., 3226., 3228.,  58979., 2081739, 20240812134500)
 (3228., 3230., 3221., 3223.,  30781., 2081881, 20240812140000)
 (3223., 3228., 3219., 3220.,  27834., 2085081, 20240812141500)
 (3219., 3226., 3216., 3220.,  32378., 2083892, 20240812143000)
 (3220., 3226., 3211., 3217.,  46864., 2081697, 20240812144500)
 (3217., 3231., 3217., 3222.,  76201., 2065002, 20240812150000)]
2024-08-13 15:30:00  INFO  [(3222., 3224., 3205., 3208., 108115., 2068165, 20240812211500)
 (3207., 3216., 3207., 3210.,  37736., 2067350, 20240812213000)
 (3210., 3226., 3210., 3220.,  78633., 2060781, 20240812214500)
 (3220., 3226., 3217., 3226.,  43394., 2059641, 20240812220000)
 (3225., 3229., 3220., 3222.,  44095., 2057213, 20240812221500)
 (3222., 3223., 3212., 3212.,  38534., 2053050, 20240812223000)
 (3213., 3219., 3212., 3215.,  23371., 2052652, 20240812224500)
 (3215., 3225., 3214., 3222.,  39391., 2046723, 20240812230000)
 (3223., 3236., 3223., 3230.,  98225., 2040734, 20240813091500)
 (3231., 3242., 3229., 3233.,  69279., 2035190, 20240813093000)
 (3233., 3237., 3224., 3224.,  49820., 2034763, 20240813094500)
 (3224., 3227., 3215., 3219.,  65696., 2033485, 20240813100000)
 (3219., 3219., 3208., 3212.,  58834., 2036889, 20240813101500)
 (3212., 3214., 3206., 3207.,  44584., 2036810, 20240813104500)
 (3207., 3212., 3195., 3199., 116269., 2033652, 20240813110000)
 (3199., 3202., 3180., 3184., 152205., 2045959, 20240813111500)
 (3184., 3188., 3178., 3180.,  80724., 2040114, 20240813113000)
 (3182., 3182., 3172., 3172., 101934., 2039982, 20240813134500)
 (3173., 3179., 3165., 3166.,  57917., 2041095, 20240813140000)
 (3166., 3177., 3165., 3168.,  55391., 2041090, 20240813141500)
 (3167., 3177., 3167., 3172.,  44174., 2043632, 20240813143000)
 (3173., 3175., 3159., 3173.,  82363., 2050084, 20240813144500)
 (3173., 3174., 3162., 3173.,  85140., 2045327, 20240813150000)]
2024-08-14 15:30:00  INFO  [(3171., 3171., 3153., 3162., 148373., 2029659, 20240813211500)
 (3162., 3166., 3157., 3161.,  45747., 2025355, 20240813213000)
 (3161., 3162., 3153., 3160.,  46247., 2023324, 20240813214500)
 (3161., 3168., 3160., 3161.,  41668., 2017814, 20240813220000)
 (3161., 3166., 3157., 3162.,  28897., 2011488, 20240813221500)
 (3162., 3176., 3159., 3169.,  52820., 2004831, 20240813223000)
 (3169., 3169., 3161., 3168.,  34950., 2002388, 20240813224500)
 (3168., 3169., 3157., 3158.,  47475., 1989008, 20240813230000)
 (3160., 3162., 3134., 3136., 162725., 1980649, 20240814091500)
 (3138., 3164., 3136., 3160., 136621., 1967594, 20240814093000)
 (3160., 3172., 3158., 3168., 105495., 1964071, 20240814094500)
 (3168., 3173., 3147., 3151.,  89097., 1961349, 20240814100000)
 (3152., 3152., 3142., 3144.,  61469., 1965553, 20240814101500)
 (3144., 3144., 3135., 3143.,  55057., 1965313, 20240814104500)
 (3143., 3146., 3127., 3135.,  81220., 1969438, 20240814110000)
 (3135., 3141., 3128., 3130.,  49340., 1970709, 20240814111500)
 (3130., 3131., 3116., 3122.,  98720., 1971319, 20240814113000)
 (3118., 3120., 3095., 3096., 167913., 1981286, 20240814134500)
 (3096., 3105., 3083., 3104., 202845., 1988160, 20240814140000)
 (3104., 3113., 3092., 3100., 121771., 1994216, 20240814141500)
 (3099., 3103., 3084., 3084.,  95187., 2001335, 20240814143000)
 (3084., 3087., 3061., 3064., 178142., 2004620, 20240814144500)
 (3063., 3111., 3056., 3099., 314446., 1979876, 20240814150000)]
2024-08-15 15:30:00  INFO  [(3110., 3116., 3098., 3113., 165743., 1965442, 20240814211500)
 (3113., 3115., 3092., 3095.,  92760., 1962591, 20240814213000)
 (3095., 3096., 3087., 3095.,  80254., 1953233, 20240814214500)
 (3094., 3106., 3092., 3100.,  69236., 1946108, 20240814220000)
 (3099., 3102., 3095., 3099.,  28544., 1944603, 20240814221500)
 (3100., 3106., 3091., 3097.,  41742., 1945350, 20240814223000)
 (3097., 3098., 3092., 3096.,  23095., 1942296, 20240814224500)
 (3095., 3099., 3093., 3094.,  34914., 1930536, 20240814230000)
 (3090., 3090., 3069., 3072., 139843., 1916969, 20240815091500)
 (3072., 3083., 3071., 3072.,  69647., 1915263, 20240815093000)
 (3072., 3082., 3070., 3080.,  68880., 1911802, 20240815094500)
 (3081., 3101., 3078., 3096.,  91151., 1905751, 20240815100000)
 (3096., 3107., 3084., 3102., 121284., 1913243, 20240815101500)
 (3103., 3132., 3103., 3119., 272285., 1887027, 20240815104500)
 (3120., 3120., 3106., 3117.,  81022., 1889265, 20240815110000)
 (3116., 3128., 3105., 3109.,  87323., 1890803, 20240815111500)
 (3109., 3110., 3088., 3096., 105865., 1888464, 20240815113000)
 (3091., 3092., 3082., 3085., 129971., 1887107, 20240815134500)
 (3085., 3095., 3072., 3088., 113501., 1883050, 20240815140000)
 (3088., 3114., 3083., 3105., 126492., 1890577, 20240815141500)
 (3105., 3124., 3104., 3119., 172656., 1907823, 20240815143000)
 (3119., 3123., 3100., 3113., 110694., 1907406, 20240815144500)
 (3114., 3123., 3108., 3119.,  91082., 1899971, 20240815150000)]
2024-08-16 15:30:00  INFO  [(3123., 3139., 3112., 3122., 181898., 1880099, 20240815211500)
 (3123., 3138., 3123., 3135., 129233., 1864889, 20240815213000)
 (3135., 3136., 3122., 3125.,  68687., 1858849, 20240815214500)
 (3125., 3128., 3119., 3122.,  60550., 1849646, 20240815220000)
 (3122., 3125., 3113., 3115.,  59061., 1846315, 20240815221500)
 (3115., 3130., 3115., 3127.,  48014., 1844739, 20240815223000)
 (3127., 3134., 3126., 3130.,  61360., 1840096, 20240815224500)
 (3131., 3138., 3124., 3127.,  66822., 1838118, 20240815230000)
 (3127., 3131., 3120., 3124.,  75439., 1839904, 20240816091500)
 (3125., 3130., 3118., 3129.,  53073., 1838481, 20240816093000)
 (3129., 3132., 3122., 3129.,  36328., 1846293, 20240816094500)
 (3131., 3139., 3125., 3138.,  67873., 1853044, 20240816100000)
 (3138., 3139., 3127., 3128.,  60407., 1852353, 20240816101500)
 (3128., 3129., 3107., 3111., 131386., 1857493, 20240816104500)
 (3111., 3111., 3103., 3107.,  78454., 1869554, 20240816110000)
 (3106., 3107., 3095., 3101., 100388., 1874661, 20240816111500)
 (3101., 3107., 3094., 3095.,  54196., 1870399, 20240816113000)
 (3094., 3103., 3091., 3099.,  77877., 1875160, 20240816134500)
 (3099., 3102., 3081., 3089.,  88031., 1874122, 20240816140000)
 (3089., 3095., 3077., 3080.,  81533., 1880790, 20240816141500)
 (3080., 3084., 3075., 3081.,  71475., 1886580, 20240816143000)
 (3080., 3091., 3080., 3083.,  62051., 1886004, 20240816144500)
 (3084., 3091., 3076., 3078.,  85024., 1872344, 20240816150000)]
2024-08-19 15:30:00  INFO  [(3067., 3067., 3042., 3057., 231906., 1852148, 20240816211500)
 (3057., 3072., 3053., 3069.,  93506., 1839199, 20240816213000)
 (3070., 3079., 3065., 3073.,  93866., 1823249, 20240816214500)
 (3073., 3089., 3072., 3083.,  87395., 1817976, 20240816220000)
 (3083., 3112., 3083., 3109., 182517., 1813826, 20240816221500)
 (3110., 3124., 3105., 3121., 172185., 1812657, 20240816223000)
 (3121., 3121., 3100., 3112., 155359., 1814607, 20240816224500)
 (3113., 3120., 3109., 3115.,  91567., 1798873, 20240816230000)
 (3113., 3128., 3105., 3116., 225990., 1810712, 20240819091500)
 (3117., 3124., 3113., 3117.,  82493., 1813801, 20240819093000)
 (3119., 3137., 3118., 3133., 131831., 1841301, 20240819094500)
 (3134., 3137., 3125., 3127.,  73819., 1846542, 20240819100000)
 (3128., 3129., 3116., 3118.,  56135., 1840983, 20240819101500)
 (3117., 3117., 3108., 3112.,  90956., 1848489, 20240819104500)
 (3112., 3114., 3104., 3112.,  65295., 1843178, 20240819110000)
 (3112., 3123., 3110., 3113.,  76093., 1844399, 20240819111500)
 (3113., 3119., 3108., 3109.,  29615., 1842837, 20240819113000)
 (3108., 3119., 3101., 3109.,  81187., 1851480, 20240819134500)
 (3109., 3124., 3106., 3121.,  75365., 1853682, 20240819140000)
 (3121., 3148., 3120., 3145., 202570., 1875813, 20240819141500)
 (3145., 3157., 3137., 3147., 228352., 1881740, 20240819143000)
 (3148., 3155., 3144., 3149.,  81192., 1884643, 20240819144500)
 (3149., 3159., 3148., 3156., 116162., 1877749, 20240819150000)]
2024-08-20 15:30:00  INFO  [(3156., 3175., 3156., 3163., 247114., 1824466, 20240819211500)
 (3163., 3165., 3150., 3155., 102046., 1815899, 20240819213000)
 (3154., 3157., 3150., 3155.,  69503., 1810249, 20240819214500)
 (3156., 3160., 3153., 3155.,  56463., 1804452, 20240819220000)
 (3156., 3161., 3152., 3156.,  35261., 1802674, 20240819221500)
 (3156., 3158., 3152., 3156.,  37627., 1793178, 20240819223000)
 (3157., 3159., 3143., 3147.,  91481., 1773628, 20240819224500)
 (3147., 3156., 3146., 3153.,  49489., 1765507, 20240819230000)
 (3154., 3159., 3150., 3153.,  61523., 1769353, 20240820091500)
 (3152., 3153., 3145., 3150.,  45712., 1771924, 20240820093000)
 (3149., 3150., 3139., 3145.,  65908., 1766107, 20240820094500)
 (3145., 3146., 3137., 3143.,  58082., 1771386, 20240820100000)
 (3143., 3151., 3138., 3147.,  52078., 1774674, 20240820101500)
 (3147., 3147., 3134., 3144.,  64038., 1775319, 20240820104500)
 (3144., 3151., 3140., 3151.,  36101., 1775942, 20240820110000)
 (3151., 3155., 3144., 3151.,  49967., 1776576, 20240820111500)
 (3151., 3154., 3144., 3152.,  49852., 1782397, 20240820113000)
 (3153., 3164., 3148., 3150.,  93045., 1785297, 20240820134500)
 (3149., 3167., 3145., 3163.,  92763., 1786939, 20240820140000)
 (3165., 3169., 3160., 3163.,  66030., 1789600, 20240820141500)
 (3163., 3165., 3151., 3162.,  78268., 1785721, 20240820143000)
 (3163., 3172., 3162., 3169.,  86554., 1793552, 20240820144500)
 (3169., 3182., 3169., 3172., 136280., 1785676, 20240820150000)]
2024-08-21 15:30:00  INFO  [(3189., 3191., 3177., 3181., 194269., 1757303, 20240820211500)
 (3182., 3184., 3175., 3181.,  68251., 1753490, 20240820213000)
 (3181., 3182., 3174., 3175.,  50363., 1750853, 20240820214500)
 (3175., 3186., 3175., 3184.,  44867., 1747733, 20240820220000)
 (3184., 3189., 3182., 3188.,  47751., 1746235, 20240820221500)
 (3189., 3194., 3184., 3189.,  77319., 1750788, 20240820223000)
 (3190., 3191., 3184., 3184.,  42178., 1750984, 20240820224500)
 (3185., 3190., 3182., 3189.,  37453., 1748312, 20240820230000)
 (3190., 3190., 3172., 3177., 108587., 1742454, 20240821091500)
 (3177., 3183., 3175., 3180.,  47089., 1745324, 20240821093000)
 (3180., 3185., 3178., 3183.,  42103., 1747022, 20240821094500)
 (3184., 3188., 3182., 3182.,  34537., 1749567, 20240821100000)
 (3182., 3189., 3182., 3186.,  25619., 1747755, 20240821101500)
 (3186., 3192., 3183., 3187.,  46028., 1746580, 20240821104500)
 (3187., 3189., 3182., 3189.,  28857., 1745271, 20240821110000)
 (3189., 3205., 3188., 3203., 135908., 1749756, 20240821111500)
 (3204., 3209., 3197., 3208.,  85760., 1750954, 20240821113000)
 (3209., 3220., 3208., 3216., 131044., 1746186, 20240821134500)
 (3216., 3218., 3211., 3216.,  48708., 1741713, 20240821140000)
 (3216., 3223., 3211., 3213.,  68582., 1734321, 20240821141500)
 (3213., 3221., 3211., 3218.,  49244., 1734258, 20240821143000)
 (3218., 3225., 3216., 3216.,  45270., 1733470, 20240821144500)
 (3216., 3238., 3216., 3235., 144256., 1725001, 20240821150000)]
2024-08-22 15:30:00  INFO  [(3226., 3233., 3218., 3221., 126590., 1706752, 20240821211500)
 (3222., 3231., 3220., 3222.,  61991., 1703399, 20240821213000)
 (3223., 3226., 3220., 3222.,  38807., 1701428, 20240821214500)
 (3223., 3226., 3220., 3223.,  27034., 1702882, 20240821220000)
 (3223., 3224., 3213., 3221.,  71057., 1700075, 20240821221500)
 (3222., 3223., 3217., 3217.,  23101., 1698924, 20240821223000)
 (3217., 3222., 3215., 3216.,  22891., 1698060, 20240821224500)
 (3216., 3217., 3206., 3210.,  79822., 1684331, 20240821230000)
 (3211., 3217., 3206., 3209.,  81958., 1684799, 20240822091500)
 (3208., 3215., 3206., 3213.,  45918., 1684162, 20240822093000)
 (3213., 3216., 3205., 3207.,  48245., 1684844, 20240822094500)
 (3206., 3211., 3202., 3204.,  57284., 1682760, 20240822100000)
 (3204., 3213., 3204., 3211.,  41117., 1677413, 20240822101500)
 (3210., 3220., 3209., 3218.,  68350., 1677555, 20240822104500)
 (3218., 3222., 3215., 3218.,  31328., 1679439, 20240822110000)
 (3218., 3228., 3215., 3225.,  49883., 1679377, 20240822111500)
 (3224., 3229., 3209., 3209.,  70751., 1678878, 20240822113000)
 (3211., 3218., 3193., 3195., 159363., 1670826, 20240822134500)
 (3195., 3197., 3188., 3190., 129071., 1675191, 20240822140000)
 (3190., 3194., 3179., 3180., 111236., 1679052, 20240822141500)
 (3180., 3184., 3174., 3178., 114524., 1681819, 20240822143000)
 (3177., 3182., 3168., 3173.,  84314., 1682093, 20240822144500)
 (3173., 3183., 3170., 3174.,  85892., 1675988, 20240822150000)]
2024-08-23 15:30:00  INFO  [(3175., 3193., 3169., 3190., 136854., 1657097, 20240822211500)
 (3189., 3191., 3175., 3179.,  81358., 1647311, 20240822213000)
 (3179., 3188., 3175., 3186.,  63363., 1644010, 20240822214500)
 (3185., 3190., 3182., 3184.,  35346., 1641656, 20240822220000)
 (3184., 3184., 3176., 3180.,  41332., 1636062, 20240822221500)
 (3180., 3180., 3171., 3175.,  46531., 1634913, 20240822223000)
 (3176., 3177., 3164., 3171.,  59513., 1634728, 20240822224500)
 (3171., 3186., 3170., 3185.,  71950., 1631968, 20240822230000)
 (3183., 3189., 3180., 3183.,  67737., 1637494, 20240823091500)
 (3182., 3190., 3180., 3187.,  47244., 1635079, 20240823093000)
 (3187., 3195., 3184., 3189.,  60032., 1635121, 20240823094500)
 (3189., 3189., 3174., 3176.,  65410., 1634124, 20240823100000)
 (3176., 3178., 3171., 3177.,  49515., 1635921, 20240823101500)
 (3177., 3184., 3175., 3178.,  36149., 1633600, 20240823104500)
 (3178., 3186., 3171., 3178.,  49854., 1631472, 20240823110000)
 (3178., 3187., 3176., 3182.,  50967., 1630861, 20240823111500)
 (3182., 3192., 3179., 3188.,  50372., 1631328, 20240823113000)
 (3185., 3194., 3183., 3186.,  58988., 1636271, 20240823134500)
 (3186., 3191., 3183., 3183.,  31956., 1633749, 20240823140000)
 (3184., 3188., 3177., 3180.,  40983., 1627824, 20240823141500)
 (3178., 3185., 3176., 3181.,  42523., 1627284, 20240823143000)
 (3180., 3191., 3180., 3191.,  49044., 1623459, 20240823144500)
 (3190., 3191., 3153., 3154., 188109., 1602633, 20240823150000)]
2024-08-26 15:30:00  INFO  [(3161., 3162., 3144., 3154., 157834., 1588584, 20240823211500)
 (3153., 3160., 3152., 3154.,  45406., 1583533, 20240823213000)
 (3154., 3162., 3154., 3155.,  40157., 1577847, 20240823214500)
 (3155., 3158., 3152., 3154.,  22323., 1576346, 20240823220000)
 (3154., 3188., 3154., 3184., 150526., 1562866, 20240823221500)
 (3184., 3188., 3173., 3187.,  93446., 1566513, 20240823223000)
 (3187., 3221., 3184., 3220., 201323., 1572639, 20240823224500)
 (3220., 3226., 3194., 3203., 199448., 1559645, 20240823230000)
 (3215., 3233., 3212., 3223., 200828., 1572273, 20240826091500)
 (3223., 3229., 3214., 3219.,  74078., 1573097, 20240826093000)
 (3219., 3220., 3210., 3214.,  55646., 1572645, 20240826094500)
 (3214., 3227., 3213., 3225.,  59286., 1574894, 20240826100000)
 (3226., 3235., 3221., 3226.,  76545., 1573521, 20240826101500)
 (3225., 3228., 3219., 3227.,  43203., 1572404, 20240826104500)
 (3226., 3230., 3222., 3223.,  34511., 1576081, 20240826110000)
 (3223., 3227., 3217., 3217.,  39768., 1577055, 20240826111500)
 (3217., 3230., 3217., 3230.,  43459., 1579667, 20240826113000)
 (3232., 3248., 3232., 3248., 163840., 1576697, 20240826134500)
 (3248., 3265., 3245., 3259., 132262., 1578481, 20240826140000)
 (3259., 3264., 3255., 3258.,  83920., 1591189, 20240826141500)
 (3258., 3262., 3254., 3260.,  53736., 1588693, 20240826143000)
 (3261., 3263., 3257., 3260.,  38011., 1583102, 20240826144500)
 (3259., 3267., 3259., 3264.,  90203., 1565422, 20240826150000)]
2024-08-27 15:30:00  INFO  [(3259., 3265., 3248., 3251., 159428., 1548119, 20240826211500)
 (3251., 3255., 3249., 3249.,  38860., 1544952, 20240826213000)
 (3250., 3253., 3249., 3251.,  23627., 1541078, 20240826214500)
 (3250., 3252., 3244., 3248.,  57524., 1537335, 20240826220000)
 (3249., 3253., 3247., 3249.,  23607., 1532111, 20240826221500)
 (3249., 3251., 3245., 3250.,  27188., 1530485, 20240826223000)
 (3249., 3252., 3245., 3248.,  23127., 1529771, 20240826224500)
 (3248., 3250., 3245., 3248.,  26683., 1524371, 20240826230000)
 (3246., 3253., 3244., 3247.,  56186., 1522672, 20240827091500)
 (3246., 3248., 3239., 3242.,  79157., 1510960, 20240827093000)
 (3242., 3249., 3240., 3246.,  35448., 1504771, 20240827094500)
 (3245., 3256., 3243., 3251.,  75004., 1501688, 20240827100000)
 (3251., 3253., 3245., 3247.,  28413., 1498183, 20240827101500)
 (3247., 3252., 3241., 3246.,  35444., 1496283, 20240827104500)
 (3245., 3256., 3245., 3247.,  37606., 1492233, 20240827110000)
 (3248., 3255., 3246., 3250.,  25660., 1491433, 20240827111500)
 (3249., 3263., 3247., 3262.,  60632., 1491167, 20240827113000)
 (3265., 3281., 3264., 3279., 148699., 1488288, 20240827134500)
 (3279., 3289., 3274., 3285., 102278., 1488122, 20240827140000)
 (3284., 3289., 3271., 3272., 110866., 1470575, 20240827141500)
 (3273., 3279., 3254., 3255., 113478., 1468697, 20240827143000)
 (3255., 3256., 3240., 3246., 150133., 1463153, 20240827144500)
 (3246., 3258., 3244., 3249.,  90500., 1456440, 20240827150000)]
2024-08-28 15:30:00  INFO  [(3250., 3260., 3248., 3256., 104964., 1446670, 20240827211500)
 (3257., 3258., 3250., 3255.,  34034., 1444682, 20240827213000)
 (3256., 3259., 3252., 3254.,  28988., 1443058, 20240827214500)
 (3253., 3257., 3253., 3254.,  15815., 1440906, 20240827220000)
 (3254., 3265., 3252., 3263.,  52831., 1434208, 20240827221500)
 (3264., 3266., 3259., 3262.,  31435., 1430717, 20240827223000)
 (3262., 3271., 3262., 3266.,  46992., 1425391, 20240827224500)
 (3265., 3270., 3262., 3263.,  28327., 1419226, 20240827230000)
 (3264., 3276., 3264., 3272.,  71139., 1415273, 20240828091500)
 (3271., 3273., 3263., 3268.,  53312., 1412960, 20240828093000)
 (3269., 3272., 3260., 3263.,  49818., 1408549, 20240828094500)
 (3263., 3269., 3257., 3267.,  44563., 1405049, 20240828100000)
 (3267., 3268., 3253., 3256.,  49599., 1401728, 20240828101500)
 (3256., 3264., 3253., 3264.,  50212., 1406725, 20240828104500)
 (3264., 3267., 3257., 3258.,  38801., 1404487, 20240828110000)
 (3258., 3259., 3250., 3258.,  51402., 1403849, 20240828111500)
 (3257., 3270., 3255., 3270.,  48865., 1400808, 20240828113000)
 (3267., 3278., 3263., 3269.,  97673., 1399060, 20240828134500)
 (3270., 3273., 3264., 3269.,  41009., 1398341, 20240828140000)
 (3270., 3271., 3265., 3266.,  24364., 1396748, 20240828141500)
 (3267., 3275., 3266., 3273.,  36126., 1396244, 20240828143000)
 (3272., 3275., 3256., 3256.,  70127., 1387361, 20240828144500)
 (3256., 3269., 3256., 3264.,  60155., 1379700, 20240828150000)]
2024-08-29 15:30:00  INFO  [(3260., 3264., 3241., 3261.,  93260., 1374897, 20240828211500)
 (3261., 3268., 3260., 3267.,  37675., 1377288, 20240828213000)
 (3266., 3269., 3264., 3268.,  30933., 1374838, 20240828214500)
 (3268., 3273., 3265., 3265.,  28933., 1373429, 20240828220000)
 (3266., 3272., 3262., 3270.,  29343., 1371953, 20240828221500)
 (3270., 3274., 3266., 3269.,  34487., 1365398, 20240828223000)
 (3270., 3273., 3266., 3266.,  23170., 1359920, 20240828224500)
 (3266., 3271., 3265., 3266.,  25175., 1351102, 20240828230000)
 (3266., 3272., 3263., 3265.,  44856., 1346594, 20240829091500)
 (3265., 3266., 3235., 3239., 166253., 1347067, 20240829093000)
 (3239., 3256., 3237., 3247.,  89188., 1343571, 20240829094500)
 (3247., 3264., 3247., 3258.,  62511., 1342976, 20240829100000)
 (3258., 3260., 3252., 3257.,  32874., 1341972, 20240829101500)
 (3258., 3260., 3254., 3256.,  23672., 1339671, 20240829104500)
 (3256., 3267., 3251., 3262.,  42448., 1334250, 20240829110000)
 (3262., 3272., 3261., 3267.,  64480., 1332846, 20240829111500)
 (3267., 3283., 3265., 3275.,  74558., 1332459, 20240829113000)
 (3277., 3285., 3262., 3264.,  70380., 1327737, 20240829134500)
 (3264., 3272., 3255., 3267.,  75981., 1328316, 20240829140000)
 (3268., 3273., 3265., 3270.,  31925., 1327290, 20240829141500)
 (3270., 3273., 3266., 3269.,  28547., 1325767, 20240829143000)
 (3268., 3270., 3263., 3264.,  29077., 1323364, 20240829144500)
 (3264., 3266., 3255., 3259.,  61217., 1312947, 20240829150000)]
2024-08-30 15:30:00  INFO  [(3252., 3259., 3252., 3255.,  72721., 1305416, 20240829211500)
 (3255., 3258., 3245., 3249.,  55159., 1291920, 20240829213000)
 (3249., 3255., 3244., 3247.,  66918., 1280619, 20240829214500)
 (3247., 3253., 3245., 3249.,  26647., 1273910, 20240829220000)
 (3250., 3252., 3243., 3247.,  31494., 1273807, 20240829221500)
 (3246., 3249., 3244., 3245.,  14543., 1273057, 20240829223000)
 (3244., 3250., 3240., 3246.,  37020., 1266654, 20240829224500)
 (3246., 3253., 3245., 3247.,  28775., 1254954, 20240829230000)
 (3252., 3258., 3247., 3257.,  44677., 1250229, 20240830091500)
 (3256., 3257., 3243., 3247.,  35735., 1245755, 20240830093000)
 (3247., 3252., 3244., 3252.,  27212., 1242766, 20240830094500)
 (3251., 3254., 3236., 3241.,  63376., 1238823, 20240830100000)
 (3241., 3255., 3239., 3244.,  58151., 1228899, 20240830101500)
 (3243., 3248., 3242., 3246.,  24571., 1224397, 20240830104500)
 (3247., 3251., 3243., 3246.,  18830., 1219782, 20240830110000)
 (3246., 3250., 3243., 3246.,  13419., 1217584, 20240830111500)
 (3246., 3261., 3241., 3254.,  67259., 1204825, 20240830113000)
 (3261., 3274., 3259., 3260.,  99923., 1197162, 20240830134500)
 (3260., 3260., 3252., 3255.,  51508., 1196063, 20240830140000)
 (3255., 3256., 3230., 3236., 124514., 1208232, 20240830141500)
 (3235., 3238., 3219., 3228., 120142., 1218562, 20240830143000)
 (3226., 3229., 3206., 3215., 117908., 1218260, 20240830144500)
 (3216., 3225., 3212., 3222.,  69965., 1204109, 20240830150000)]
2024-09-02 15:30:00  INFO  [(3229., 3229., 3219., 3225.,  68381., 1180699, 20240830211500)
 (3225., 3233., 3224., 3233.,  36221., 1173747, 20240830213000)
 (3233., 3236., 3230., 3233.,  37777., 1164666, 20240830214500)
 (3233., 3236., 3230., 3235.,  26304., 1160606, 20240830220000)
 (3234., 3236., 3224., 3228.,  29876., 1154524, 20240830221500)
 (3228., 3240., 3227., 3229.,  33556., 1149950, 20240830223000)
 (3229., 3233., 3225., 3228.,  27993., 1148133, 20240830224500)
 (3227., 3231., 3225., 3225.,  35495., 1138169, 20240830230000)
 (3220., 3220., 3192., 3204., 138760., 1133236, 20240902091500)
 (3204., 3210., 3194., 3204.,  53876., 1135392, 20240902093000)
 (3203., 3214., 3198., 3199.,  37176., 1135624, 20240902094500)
 (3199., 3202., 3195., 3197.,  29477., 1133358, 20240902100000)
 (3198., 3198., 3183., 3190.,  51546., 1127127, 20240902101500)
 (3189., 3189., 3171., 3179.,  61001., 1118325, 20240902104500)
 (3178., 3180., 3170., 3176.,  33183., 1115340, 20240902110000)
 (3176., 3182., 3172., 3178.,  26158., 1114381, 20240902111500)
 (3177., 3186., 3174., 3184.,  29093., 1106400, 20240902113000)
 (3185., 3191., 3181., 3188.,  33538., 1102822, 20240902134500)
 (3187., 3188., 3180., 3180.,  17727., 1099803, 20240902140000)
 (3180., 3184., 3175., 3177.,  13673., 1098948, 20240902141500)
 (3177., 3184., 3176., 3179.,  19288., 1096874, 20240902143000)
 (3179., 3180., 3165., 3166.,  38519., 1090135, 20240902144500)
 (3167., 3179., 3160., 3178.,  68895., 1082665, 20240902150000)]
2024-09-03 15:30:00  INFO  [(3178., 3190., 3165., 3183., 72256., 1059752, 20240902211500)
 (3183., 3188., 3178., 3180., 25821., 1049798, 20240902213000)
 (3180., 3185., 3172., 3172., 15902., 1045344, 20240902214500)
 (3172., 3180., 3172., 3178., 13690., 1042758, 20240902220000)
 (3178., 3182., 3174., 3181., 12417., 1039493, 20240902221500)
 (3182., 3184., 3178., 3181., 11348., 1037056, 20240902223000)
 (3182., 3186., 3180., 3186., 11966., 1033638, 20240902224500)
 (3185., 3186., 3180., 3182.,  8340., 1029449, 20240902230000)
 (3182., 3183., 3160., 3164., 45342., 1019069, 20240903091500)
 (3165., 3178., 3162., 3166., 30747., 1011811, 20240903093000)
 (3167., 3173., 3166., 3166., 12945., 1009206, 20240903094500)
 (3167., 3178., 3166., 3174., 14959., 1006231, 20240903100000)
 (3173., 3184., 3173., 3178., 15799., 1004094, 20240903101500)
 (3178., 3178., 3166., 3167., 18288.,  999855, 20240903104500)
 (3167., 3170., 3164., 3166., 16379.,  996676, 20240903110000)
 (3165., 3168., 3131., 3139., 62808.,  988395, 20240903111500)
 (3138., 3145., 3129., 3139., 52371.,  983334, 20240903113000)
 (3139., 3144., 3132., 3139., 25862.,  980248, 20240903134500)
 (3139., 3145., 3133., 3134., 26878.,  976453, 20240903140000)
 (3133., 3136., 3108., 3114., 56148.,  966984, 20240903141500)
 (3114., 3120., 3109., 3114., 25303.,  963792, 20240903143000)
 (3114., 3118., 3110., 3111., 23194.,  955441, 20240903144500)
 (3111., 3113., 3095., 3096., 60725.,  941369, 20240903150000)]
2024-09-04 15:30:00  INFO  [(3099., 3112., 3094., 3106., 45527., 924962, 20240903211500)
 (3106., 3108., 3101., 3103., 15359., 923307, 20240903213000)
 (3103., 3104., 3078., 3085., 38932., 918575, 20240903214500)
 (3085., 3086., 3068., 3074., 32800., 911008, 20240903220000)
 (3074., 3078., 3069., 3074., 18838., 908136, 20240903221500)
 (3075., 3075., 3055., 3055., 29801., 903101, 20240903223000)
 (3055., 3101., 3046., 3093., 81336., 889677, 20240903224500)
 (3093., 3110., 3085., 3094., 51141., 883565, 20240903230000)
 (3094., 3095., 3083., 3089., 27595., 882288, 20240904091500)
 (3089., 3090., 3067., 3073., 24105., 880040, 20240904093000)
 (3074., 3094., 3073., 3089., 20414., 879719, 20240904094500)
 (3089., 3102., 3088., 3096., 17187., 878513, 20240904100000)
 (3096., 3098., 3088., 3090.,  8582., 877244, 20240904101500)
 (3090., 3099., 3084., 3095., 16916., 874371, 20240904104500)
 (3095., 3106., 3093., 3106., 15615., 875860, 20240904110000)
 (3106., 3112., 3102., 3104., 19661., 874888, 20240904111500)
 (3104., 3110., 3091., 3093., 15012., 872676, 20240904113000)
 (3091., 3092., 3071., 3077., 27132., 869265, 20240904134500)
 (3078., 3081., 3072., 3073., 18031., 867527, 20240904140000)
 (3073., 3077., 3065., 3070., 16641., 866307, 20240904141500)
 (3070., 3075., 3063., 3073., 13416., 864510, 20240904143000)
 (3073., 3073., 3055., 3058., 19226., 860610, 20240904144500)
 (3058., 3072., 3056., 3070., 27324., 855179, 20240904150000)]
2024-09-05 15:30:00  INFO  [(3085., 3103., 3077., 3096., 55668., 841783, 20240904211500)
 (3097., 3097., 3080., 3081., 14497., 838432, 20240904213000)
 (3081., 3090., 3077., 3084., 16089., 835167, 20240904214500)
 (3083., 3087., 3080., 3083.,  6494., 833578, 20240904220000)
 (3083., 3093., 3083., 3086.,  7028., 833186, 20240904221500)
 (3086., 3089., 3081., 3084.,  5432., 832396, 20240904223000)
 (3083., 3096., 3083., 3095., 10101., 831130, 20240904224500)
 (3096., 3096., 3084., 3085.,  8341., 828137, 20240904230000)
 (3086., 3087., 3064., 3069., 22945., 825928, 20240905091500)
 (3069., 3072., 3058., 3062., 21648., 823360, 20240905093000)
 (3061., 3076., 3061., 3069., 16152., 822100, 20240905094500)
 (3070., 3072., 3058., 3059., 14792., 821565, 20240905100000)
 (3059., 3065., 3055., 3061., 17214., 820308, 20240905101500)
 (3061., 3073., 3059., 3072., 15517., 817542, 20240905104500)
 (3072., 3079., 3066., 3072., 11553., 816524, 20240905110000)
 (3072., 3074., 3062., 3066.,  9097., 814736, 20240905111500)
 (3066., 3067., 3061., 3064., 10564., 811724, 20240905113000)
 (3063., 3063., 3046., 3059., 35570., 805613, 20240905134500)
 (3059., 3067., 3050., 3054., 20562., 802334, 20240905140000)
 (3054., 3056., 3047., 3050., 24335., 799722, 20240905141500)
 (3049., 3051., 3033., 3042., 39282., 791962, 20240905143000)
 (3042., 3046., 3036., 3044., 21758., 784916, 20240905144500)
 (3044., 3045., 3032., 3033., 22669., 776945, 20240905150000)]
2024-09-06 15:30:00  INFO  [(3043., 3055., 3040., 3041., 29645., 768466, 20240905211500)
 (3040., 3052., 3039., 3051., 17110., 764247, 20240905213000)
 (3052., 3053., 3041., 3042., 11623., 762814, 20240905214500)
 (3042., 3049., 3034., 3049., 12856., 759337, 20240905220000)
 (3049., 3068., 3047., 3065., 28307., 752711, 20240905221500)
 (3064., 3066., 3052., 3054., 15521., 750896, 20240905223000)
 (3054., 3062., 3053., 3056.,  8729., 749032, 20240905224500)
 (3055., 3056., 3046., 3046.,  8644., 746062, 20240905230000)
 (3044., 3049., 3017., 3024., 31591., 744916, 20240906091500)
 (3023., 3025., 3007., 3009., 30328., 743677, 20240906093000)
 (3009., 3013., 3001., 3006., 37062., 741112, 20240906094500)
 (3006., 3011., 3003., 3008., 16016., 739561, 20240906100000)
 (3008., 3009., 2986., 2994., 31970., 736882, 20240906101500)
 (2994., 2998., 2980., 2980., 24698., 733055, 20240906104500)
 (2981., 2981., 2968., 2972., 32957., 729426, 20240906110000)
 (2973., 2978., 2966., 2977., 20136., 725929, 20240906111500)
 (2976., 2979., 2965., 2965., 18571., 724674, 20240906113000)
 (2966., 2966., 2945., 2963., 36966., 721476, 20240906134500)
 (2962., 2988., 2959., 2986., 33573., 718172, 20240906140000)
 (2985., 2990., 2967., 2977., 25576., 716800, 20240906141500)
 (2977., 3003., 2976., 2977., 37104., 714031, 20240906143000)
 (2978., 2993., 2971., 2987., 19458., 711749, 20240906144500)
 (2987., 2990., 2974., 2981., 24055., 707638, 20240906150000)]
2024-09-09 15:30:00  INFO  [(3000., 3000., 2957., 2969., 39408., 700753, 20240906211500)
 (2969., 2974., 2961., 2963., 11433., 699899, 20240906213000)
 (2964., 2966., 2952., 2958., 14463., 699288, 20240906214500)
 (2957., 2966., 2955., 2959.,  8514., 697248, 20240906220000)
 (2959., 2963., 2948., 2948., 10405., 696041, 20240906221500)
 (2949., 2959., 2942., 2952., 15180., 695862, 20240906223000)
 (2951., 2963., 2948., 2950., 11355., 695508, 20240906224500)
 (2951., 2953., 2936., 2940., 18744., 693272, 20240906230000)
 (2936., 2949., 2920., 2944., 37522., 690700, 20240909091500)
 (2944., 2962., 2943., 2958., 22217., 690217, 20240909093000)
 (2959., 2962., 2932., 2937., 18239., 689652, 20240909094500)
 (2937., 2950., 2932., 2948., 14425., 687039, 20240909100000)
 (2949., 2959., 2948., 2956., 14515., 688083, 20240909101500)
 (2956., 2969., 2955., 2968., 19994., 685835, 20240909104500)
 (2968., 2973., 2959., 2964., 15676., 686640, 20240909110000)
 (2964., 2990., 2962., 2985., 21198., 680270, 20240909111500)
 (2984., 2990., 2966., 2968., 18122., 675604, 20240909113000)
 (2969., 2969., 2957., 2967., 13951., 675501, 20240909134500)
 (2967., 2974., 2964., 2974.,  7351., 675026, 20240909140000)
 (2974., 2980., 2967., 2971.,  9811., 673358, 20240909141500)
 (2971., 2977., 2966., 2975.,  7661., 671556, 20240909143000)
 (2975., 2988., 2972., 2986., 14060., 669117, 20240909144500)
 (2986., 3026., 2986., 3013., 52083., 660437, 20240909150000)]
2024-09-10 15:30:00  INFO  [(3033., 3035., 3008., 3017., 31323., 656940, 20240909211500)
 (3016., 3023., 3007., 3011., 16267., 656620, 20240909213000)
 (3011., 3013., 2999., 3003., 14990., 654912, 20240909214500)
 (3003., 3017., 3001., 3015.,  9679., 653755, 20240909220000)
 (3016., 3028., 3016., 3025., 13299., 652425, 20240909221500)
 (3026., 3031., 3015., 3022., 11328., 650703, 20240909223000)
 (3021., 3022., 3013., 3016.,  4982., 649024, 20240909224500)
 (3015., 3021., 3012., 3015.,  4548., 647710, 20240909230000)
 (3020., 3024., 3009., 3010.,  8373., 646002, 20240910091500)
 (3011., 3022., 3009., 3020.,  6372., 645260, 20240910093000)
 (3019., 3024., 3013., 3019.,  6360., 643476, 20240910094500)
 (3019., 3019., 3007., 3009.,  9561., 642209, 20240910100000)
 (3010., 3011., 2982., 2985., 24212., 642033, 20240910101500)
 (2986., 3011., 2984., 3010., 15526., 640764, 20240910104500)
 (3010., 3014., 3002., 3006., 11151., 638601, 20240910110000)
 (3005., 3013., 2995., 2997.,  6413., 637896, 20240910111500)
 (2997., 3015., 2995., 3008.,  7312., 637768, 20240910113000)
 (3009., 3020., 3009., 3019.,  9855., 637710, 20240910134500)
 (3019., 3027., 3015., 3020., 11824., 635337, 20240910140000)
 (3019., 3044., 3016., 3040., 23662., 631769, 20240910141500)
 (3041., 3044., 3021., 3037., 16743., 629959, 20240910143000)
 (3036., 3040., 3027., 3030.,  9602., 629088, 20240910144500)
 (3030., 3030., 3003., 3006., 25872., 628223, 20240910150000)]
2024-09-11 15:30:00  INFO  [(2985., 3019., 2980., 2986., 34604., 621528, 20240910211500)
 (2986., 2995., 2983., 2993., 13130., 618493, 20240910213000)
 (2992., 2996., 2970., 2982., 19572., 615606, 20240910214500)
 (2982., 2984., 2971., 2972.,  7890., 615380, 20240910220000)
 (2971., 2982., 2969., 2976.,  8370., 614139, 20240910221500)
 (2977., 2987., 2971., 2980.,  6533., 613007, 20240910223000)
 (2980., 3008., 2980., 3005., 13850., 610734, 20240910224500)
 (3006., 3020., 2999., 3007., 16216., 607194, 20240910230000)
 (3003., 3012., 3002., 3007., 10457., 605224, 20240911091500)
 (3009., 3011., 3003., 3007.,  5174., 604837, 20240911093000)
 (3007., 3020., 3004., 3016., 11430., 601770, 20240911094500)
 (3016., 3036., 3015., 3030., 18354., 599034, 20240911100000)
 (3030., 3039., 3021., 3027., 14406., 596877, 20240911101500)
 (3027., 3040., 3027., 3035., 10134., 595775, 20240911104500)
 (3035., 3040., 3024., 3025.,  6678., 594551, 20240911110000)
 (3024., 3038., 3023., 3037.,  6439., 593916, 20240911111500)
 (3038., 3042., 3031., 3040.,  8750., 591533, 20240911113000)
 (3040., 3055., 3037., 3048., 22963., 586376, 20240911134500)
 (3048., 3058., 3046., 3047., 11689., 584682, 20240911140000)
 (3046., 3054., 3039., 3054.,  7396., 584091, 20240911141500)
 (3054., 3055., 3046., 3052.,  6032., 583311, 20240911143000)
 (3052., 3060., 3051., 3057., 10873., 580608, 20240911144500)
 (3056., 3068., 3051., 3068., 23021., 578108, 20240911150000)]
2024-09-12 15:30:00  INFO  [(3068., 3074., 3060., 3067., 16764., 575354, 20240911211500)
 (3067., 3088., 3064., 3082., 18246., 575205, 20240911213000)
 (3083., 3086., 3074., 3079., 12491., 575630, 20240911214500)
 (3078., 3083., 3075., 3080.,  6627., 574548, 20240911220000)
 (3080., 3082., 3066., 3072.,  9236., 572070, 20240911221500)
 (3072., 3076., 3071., 3073.,  3493., 572047, 20240911223000)
 (3072., 3072., 3062., 3067.,  6287., 571136, 20240911224500)
 (3067., 3071., 3062., 3069.,  6488., 569936, 20240911230000)
 (3071., 3086., 3071., 3078., 10803., 568722, 20240912091500)
 (3078., 3086., 3076., 3081.,  6115., 567316, 20240912093000)
 (3080., 3098., 3080., 3097., 11134., 565674, 20240912094500)
 (3098., 3105., 3079., 3082., 17535., 561604, 20240912100000)
 (3082., 3082., 3071., 3072., 13620., 560150, 20240912101500)
 (3072., 3080., 3070., 3074., 11685., 558821, 20240912104500)
 (3074., 3091., 3071., 3090., 10461., 556742, 20240912110000)
 (3089., 3094., 3086., 3090., 10147., 556912, 20240912111500)
 (3091., 3114., 3090., 3110., 22328., 552793, 20240912113000)
 (3113., 3125., 3113., 3124., 29913., 552801, 20240912134500)
 (3123., 3127., 3117., 3124., 12485., 551258, 20240912140000)
 (3123., 3128., 3112., 3115., 12919., 548730, 20240912141500)
 (3115., 3128., 3115., 3127.,  8126., 547846, 20240912143000)
 (3127., 3128., 3119., 3123.,  6067., 546342, 20240912144500)
 (3123., 3128., 3123., 3126., 11618., 546445, 20240912150000)]
2024-09-13 15:30:00  INFO  [(3120., 3134., 3116., 3130., 22098., 542229, 20240912211500)
 (3130., 3147., 3125., 3144., 15486., 539046, 20240912213000)
 (3145., 3147., 3134., 3139., 10090., 538537, 20240912214500)
 (3140., 3141., 3129., 3132.,  6670., 537633, 20240912220000)
 (3131., 3139., 3130., 3133.,  4834., 537514, 20240912221500)
 (3134., 3138., 3131., 3132.,  2335., 536941, 20240912223000)
 (3132., 3137., 3131., 3133.,  2256., 536251, 20240912224500)
 (3132., 3140., 3132., 3138.,  3746., 535054, 20240912230000)
 (3140., 3143., 3135., 3136.,  5647., 534049, 20240913091500)
 (3135., 3157., 3134., 3156., 13035., 531929, 20240913093000)
 (3157., 3159., 3146., 3155., 12642., 528267, 20240913094500)
 (3154., 3160., 3146., 3156., 10646., 525517, 20240913100000)
 (3156., 3162., 3151., 3161.,  7899., 524927, 20240913101500)
 (3161., 3164., 3153., 3155., 11165., 523488, 20240913104500)
 (3155., 3164., 3154., 3159.,  7464., 522140, 20240913110000)
 (3159., 3163., 3152., 3155.,  9364., 520581, 20240913111500)
 (3155., 3162., 3139., 3140., 14193., 515632, 20240913113000)
 (3141., 3145., 3132., 3138., 14840., 511263, 20240913134500)
 (3138., 3140., 3130., 3136., 11278., 508290, 20240913140000)
 (3136., 3140., 3122., 3125., 11396., 506455, 20240913141500)
 (3125., 3132., 3123., 3131.,  7641., 505187, 20240913143000)
 (3131., 3136., 3120., 3126.,  9959., 504780, 20240913144500)
 (3126., 3132., 3106., 3123., 18972., 500692, 20240913150000)]
2024-09-18 15:30:00  INFO  [(3159., 3163., 3152., 3155.,  9364., 520581, 20240913111500)
 (3155., 3162., 3139., 3140., 14193., 515632, 20240913113000)
 (3141., 3145., 3132., 3138., 14840., 511263, 20240913134500)
 (3138., 3140., 3130., 3136., 11278., 508290, 20240913140000)
 (3136., 3140., 3122., 3125., 11396., 506455, 20240913141500)
 (3125., 3132., 3123., 3131.,  7641., 505187, 20240913143000)
 (3131., 3136., 3120., 3126.,  9959., 504780, 20240913144500)
 (3126., 3132., 3106., 3123., 18972., 500692, 20240913150000)
 (3123., 3162., 3091., 3095., 52794., 488986, 20240918091500)
 (3095., 3114., 3092., 3110., 13571., 486057, 20240918093000)
 (3110., 3131., 3105., 3124., 12629., 482484, 20240918094500)
 (3124., 3129., 3105., 3108.,  9095., 479945, 20240918100000)
 (3108., 3110., 3097., 3103.,  8501., 477575, 20240918101500)
 (3104., 3110., 3096., 3099.,  5754., 476049, 20240918104500)
 (3098., 3108., 3098., 3101.,  4056., 475229, 20240918110000)
 (3101., 3102., 3082., 3094., 13211., 472372, 20240918111500)
 (3092., 3097., 3088., 3092.,  5440., 471272, 20240918113000)
 (3092., 3095., 3063., 3077., 21244., 466082, 20240918134500)
 (3078., 3090., 3075., 3089., 11950., 464548, 20240918140000)
 (3089., 3098., 3082., 3093.,  6279., 464520, 20240918141500)
 (3093., 3100., 3085., 3094.,  7164., 463001, 20240918143000)
 (3093., 3106., 3089., 3095., 11035., 461867, 20240918144500)
 (3094., 3095., 3078., 3080.,  9211., 461393, 20240918150000)]
2024-09-19 15:30:00  INFO  [(3093., 3093., 3074., 3088., 13665., 457265, 20240918211500)
 (3088., 3098., 3087., 3094.,  6027., 456862, 20240918213000)
 (3094., 3100., 3090., 3100.,  4367., 456150, 20240918214500)
 (3100., 3105., 3096., 3097.,  4124., 455661, 20240918220000)
 (3096., 3105., 3096., 3102.,  2338., 455651, 20240918221500)
 (3103., 3112., 3100., 3108.,  6487., 454295, 20240918223000)
 (3107., 3120., 3107., 3112.,  8173., 453011, 20240918224500)
 (3112., 3112., 3096., 3103.,  6467., 451353, 20240918230000)
 (3109., 3129., 3085., 3088., 19150., 448127, 20240919091500)
 (3088., 3093., 3075., 3085., 14862., 446855, 20240919093000)
 (3084., 3088., 3075., 3079.,  5758., 446727, 20240919094500)
 (3079., 3096., 3067., 3096., 12684., 445687, 20240919100000)
 (3095., 3119., 3091., 3119., 12448., 444303, 20240919101500)
 (3119., 3139., 3118., 3130., 21247., 439290, 20240919104500)
 (3130., 3135., 3118., 3122.,  7216., 437092, 20240919110000)
 (3123., 3123., 3108., 3118.,  6487., 435313, 20240919111500)
 (3119., 3134., 3117., 3130.,  6367., 434628, 20240919113000)
 (3132., 3132., 3121., 3125.,  8403., 433923, 20240919134500)
 (3124., 3126., 3115., 3124.,  5593., 434555, 20240919140000)
 (3124., 3126., 3117., 3123.,  4361., 434242, 20240919141500)
 (3123., 3129., 3121., 3125.,  4759., 433159, 20240919143000)
 (3125., 3136., 3124., 3128.,  8972., 431249, 20240919144500)
 (3128., 3140., 3127., 3138., 10763., 429785, 20240919150000)]
2024-09-20 15:30:00  INFO  [(3125., 3159., 3125., 3158., 17046., 426421, 20240919211500)
 (3157., 3165., 3150., 3155., 10822., 423821, 20240919213000)
 (3154., 3161., 3145., 3154.,  9718., 421486, 20240919214500)
 (3154., 3158., 3150., 3154.,  3424., 420897, 20240919220000)
 (3155., 3158., 3153., 3155.,  2835., 419816, 20240919221500)
 (3155., 3161., 3153., 3160.,  2966., 419526, 20240919223000)
 (3159., 3165., 3158., 3164.,  4037., 417998, 20240919224500)
 (3164., 3165., 3155., 3164.,  3929., 417232, 20240919230000)
 (3164., 3165., 3125., 3128., 14965., 414816, 20240920091500)
 (3129., 3135., 3122., 3129.,  8015., 413318, 20240920093000)
 (3129., 3130., 3120., 3121.,  5435., 413188, 20240920094500)
 (3121., 3127., 3121., 3124.,  6468., 413137, 20240920100000)
 (3123., 3138., 3110., 3134.,  9617., 412022, 20240920101500)
 (3134., 3138., 3126., 3132.,  6089., 412633, 20240920104500)
 (3132., 3133., 3119., 3122.,  4574., 411772, 20240920110000)
 (3122., 3128., 3119., 3120.,  2364., 411583, 20240920111500)
 (3121., 3129., 3115., 3115.,  3087., 411018, 20240920113000)
 (3111., 3111., 3094., 3108., 13778., 408426, 20240920134500)
 (3108., 3109., 3099., 3106.,  3834., 408149, 20240920140000)
 (3107., 3112., 3096., 3097.,  3560., 407379, 20240920141500)
 (3095., 3107., 3081., 3102., 13127., 405617, 20240920143000)
 (3102., 3107., 3090., 3102.,  7022., 404147, 20240920144500)
 (3102., 3107., 3097., 3098.,  7635., 402513, 20240920150000)]
2024-09-23 15:30:00  INFO  [(3090., 3101., 3087., 3096.,  9928., 401130, 20240920211500)
 (3095., 3097., 3077., 3084.,  9635., 402135, 20240920213000)
 (3083., 3088., 3078., 3078.,  5311., 402589, 20240920214500)
 (3078., 3083., 3078., 3082.,  3402., 402515, 20240920220000)
 (3082., 3085., 3075., 3079.,  4677., 402663, 20240920221500)
 (3079., 3081., 3071., 3074.,  6419., 402136, 20240920223000)
 (3074., 3076., 3053., 3058., 12006., 401493, 20240920224500)
 (3057., 3063., 3043., 3045., 14939., 398345, 20240920230000)
 (3048., 3073., 3046., 3065., 20549., 393820, 20240923091500)
 (3065., 3065., 3038., 3047., 12675., 391259, 20240923093000)
 (3048., 3059., 3036., 3057., 10855., 391034, 20240923094500)
 (3057., 3060., 3047., 3056.,  6195., 389355, 20240923100000)
 (3056., 3057., 3034., 3039.,  6359., 388324, 20240923101500)
 (3040., 3056., 3036., 3054.,  7117., 385885, 20240923104500)
 (3054., 3055., 3046., 3048.,  5560., 384165, 20240923110000)
 (3048., 3052., 3040., 3042.,  4567., 383034, 20240923111500)
 (3042., 3050., 3039., 3048.,  4948., 381588, 20240923113000)
 (3047., 3055., 3045., 3048.,  5709., 379729, 20240923134500)
 (3049., 3050., 3031., 3036.,  7118., 377454, 20240923140000)
 (3036., 3045., 3034., 3042.,  4772., 375500, 20240923141500)
 (3043., 3048., 3036., 3042.,  3019., 374337, 20240923143000)
 (3042., 3044., 3035., 3039.,  4992., 372409, 20240923144500)
 (3039., 3044., 3026., 3030., 13614., 372846, 20240923150000)]
2024-09-24 15:30:00  INFO  [(3021., 3043., 3021., 3037.,  8842., 369908, 20240923211500)
 (3037., 3044., 3035., 3041.,  2586., 369013, 20240923213000)
 (3041., 3043., 3033., 3038.,  6191., 366589, 20240923214500)
 (3038., 3040., 3034., 3035.,  5553., 365257, 20240923220000)
 (3036., 3049., 3032., 3047.,  6186., 363280, 20240923221500)
 (3047., 3049., 3039., 3040.,  6711., 360597, 20240923223000)
 (3040., 3042., 3030., 3035.,  5278., 359230, 20240923224500)
 (3035., 3043., 3031., 3040.,  3421., 357755, 20240923230000)
 (3041., 3108., 3041., 3094., 32290., 350591, 20240924091500)
 (3094., 3099., 3080., 3086., 20915., 343856, 20240924093000)
 (3087., 3091., 3072., 3080., 11416., 340770, 20240924094500)
 (3078., 3078., 3058., 3068., 11721., 337584, 20240924100000)
 (3067., 3076., 3062., 3069.,  5838., 335386, 20240924101500)
 (3068., 3075., 3060., 3067.,  3599., 334213, 20240924104500)
 (3067., 3090., 3067., 3088., 10152., 331323, 20240924110000)
 (3088., 3089., 3079., 3087.,  6673., 329882, 20240924111500)
 (3087., 3100., 3086., 3100.,  8379., 327166, 20240924113000)
 (3105., 3124., 3105., 3118., 28464., 320043, 20240924134500)
 (3118., 3119., 3100., 3104., 13645., 318651, 20240924140000)
 (3104., 3111., 3100., 3108., 11662., 314104, 20240924141500)
 (3110., 3119., 3108., 3115.,  9594., 312081, 20240924143000)
 (3115., 3136., 3115., 3133., 17673., 309167, 20240924144500)
 (3134., 3139., 3130., 3134., 19835., 301760, 20240924150000)]
2024-09-25 15:30:00  INFO  [(3150., 3160., 3137., 3157., 31952., 303153, 20240924211500)
 (3158., 3159., 3148., 3157., 16769., 296288, 20240924213000)
 (3157., 3163., 3153., 3160., 10763., 292057, 20240924214500)
 (3161., 3163., 3155., 3162.,  5586., 289004, 20240924220000)
 (3162., 3167., 3159., 3164.,  5755., 286183, 20240924221500)
 (3164., 3171., 3162., 3168.,  5658., 283740, 20240924223000)
 (3169., 3169., 3158., 3166.,  4625., 281295, 20240924224500)
 (3166., 3169., 3163., 3163.,  4657., 278466, 20240924230000)
 (3166., 3206., 3166., 3181., 33330., 262263, 20240925091500)
 (3181., 3189., 3171., 3172., 14699., 257875, 20240925093000)
 (3174., 3184., 3170., 3177.,  5965., 255539, 20240925094500)
 (3177., 3179., 3168., 3177.,  9157., 251477, 20240925100000)
 (3177., 3184., 3175., 3179.,  7248., 249329, 20240925101500)
 (3178., 3179., 3171., 3172.,  5878., 246794, 20240925104500)
 (3172., 3180., 3172., 3178.,  5085., 244857, 20240925110000)
 (3178., 3178., 3171., 3173.,  5457., 242575, 20240925111500)
 (3174., 3176., 3163., 3165.,  5816., 240386, 20240925113000)
 (3169., 3169., 3130., 3133., 14811., 235538, 20240925134500)
 (3132., 3147., 3126., 3140., 11929., 230772, 20240925140000)
 (3140., 3149., 3136., 3140.,  5339., 229321, 20240925141500)
 (3140., 3143., 3131., 3136.,  4516., 227990, 20240925143000)
 (3136., 3140., 3131., 3132.,  5096., 225884, 20240925144500)
 (3132., 3135., 3128., 3128.,  7511., 222181, 20240925150000)]
2024-09-26 15:30:00  INFO  [(3119., 3152., 3118., 3147., 22620., 208829, 20240925211500)
 (3146., 3151., 3143., 3145.,  6055., 206416, 20240925213000)
 (3145., 3154., 3143., 3148.,  5183., 205876, 20240925214500)
 (3148., 3156., 3148., 3153.,  2190., 205623, 20240925220000)
 (3154., 3157., 3149., 3155.,  2253., 204701, 20240925221500)
 (3155., 3157., 3151., 3154.,  1966., 203523, 20240925223000)
 (3156., 3162., 3153., 3161.,  2672., 201842, 20240925224500)
 (3160., 3160., 3138., 3149.,  5277., 200138, 20240925230000)
 (3149., 3158., 3145., 3153.,  6961., 196631, 20240926091500)
 (3152., 3155., 3144., 3145.,  4456., 194169, 20240926093000)
 (3146., 3153., 3145., 3149.,  3948., 192157, 20240926094500)
 (3149., 3162., 3149., 3158.,  4439., 190043, 20240926100000)
 (3156., 3160., 3149., 3158.,  2933., 189090, 20240926101500)
 (3159., 3165., 3148., 3155.,  5542., 186759, 20240926104500)
 (3154., 3157., 3143., 3151.,  5579., 184438, 20240926110000)
 (3150., 3154., 3138., 3147.,  4743., 182598, 20240926111500)
 (3147., 3156., 3146., 3155.,  3162., 181185, 20240926113000)
 (3170., 3188., 3159., 3176., 22486., 172112, 20240926134500)
 (3177., 3177., 3166., 3172.,  5044., 170675, 20240926140000)
 (3172., 3172., 3156., 3160.,  6377., 168304, 20240926141500)
 (3160., 3176., 3159., 3171.,  5131., 166615, 20240926143000)
 (3172., 3176., 3166., 3175.,  2993., 165054, 20240926144500)
 (3175., 3179., 3170., 3171.,  6051., 161744, 20240926150000)]
2024-09-27 15:30:00  INFO  [(3187., 3210., 3184., 3189., 24855., 149100, 20240926211500)
 (3190., 3195., 3181., 3193.,  7688., 145588, 20240926213000)
 (3195., 3199., 3188., 3192.,  6000., 142475, 20240926214500)
 (3192., 3192., 3178., 3187.,  3116., 140796, 20240926220000)
 (3188., 3198., 3187., 3196.,  2767., 139590, 20240926221500)
 (3196., 3198., 3191., 3192.,  2139., 139012, 20240926223000)
 (3192., 3196., 3184., 3186.,  2142., 137915, 20240926224500)
 (3186., 3194., 3185., 3192.,  3629., 135732, 20240926230000)
 (3190., 3200., 3189., 3197.,  8467., 130844, 20240927091500)
 (3197., 3207., 3192., 3206.,  4587., 128328, 20240927093000)
 (3205., 3206., 3185., 3192.,  3803., 126627, 20240927094500)
 (3191., 3197., 3189., 3194.,  3106., 124704, 20240927100000)
 (3195., 3197., 3185., 3189.,  3743., 122804, 20240927101500)
 (3188., 3193., 3182., 3193.,  5452., 119365, 20240927104500)
 (3193., 3200., 3191., 3199.,  3487., 117051, 20240927110000)
 (3198., 3207., 3196., 3203.,  3925., 114590, 20240927111500)
 (3203., 3214., 3200., 3210.,  5247., 112409, 20240927113000)
 (3207., 3210., 3180., 3193., 10644., 107401, 20240927134500)
 (3193., 3196., 3180., 3187.,  4553., 105104, 20240927140000)
 (3187., 3195., 3185., 3193.,  4001., 102963, 20240927141500)
 (3193., 3205., 3192., 3203.,  5706.,  99233, 20240927143000)
 (3204., 3211., 3202., 3205.,  4772.,  97168, 20240927144500)
 (3205., 3207., 3193., 3200.,  7061.,  92825, 20240927150000)]
2024-09-30 15:30:00  INFO  [(3205., 3218., 3190., 3215., 11143., 85758, 20240927211500)
 (3216., 3232., 3214., 3228.,  6944., 81362, 20240927213000)
 (3231., 3231., 3219., 3223.,  3794., 79324, 20240927214500)
 (3223., 3228., 3222., 3222.,  2271., 77901, 20240927220000)
 (3222., 3232., 3222., 3231.,  4058., 75334, 20240927221500)
 (3231., 3240., 3229., 3239.,  2561., 73800, 20240927223000)
 (3240., 3247., 3227., 3231.,  3124., 72217, 20240927224500)
 (3231., 3240., 3229., 3229.,  4944., 68851, 20240927230000)
 (3417., 3417., 3351., 3372., 28243., 54385, 20240930091500)
 (3372., 3390., 3370., 3389.,  6798., 50158, 20240930093000)
 (3388., 3390., 3377., 3384.,  3710., 47745, 20240930094500)
 (3384., 3390., 3374., 3389.,  5458., 44144, 20240930100000)
 (3390., 3400., 3387., 3392.,  2835., 42344, 20240930101500)
 (3391., 3399., 3391., 3399.,  4101., 39383, 20240930104500)
 (3399., 3405., 3396., 3405.,  2015., 37904, 20240930110000)
 (3405., 3417., 3403., 3416.,  4989., 34955, 20240930111500)
 (3416., 3417., 3414., 3417.,  3078., 32746, 20240930113000)
 (3417., 3417., 3417., 3417.,  2165., 31143, 20240930134500)
 (3417., 3417., 3417., 3417.,   451., 30721, 20240930140000)
 (3417., 3417., 3417., 3417.,   590., 30145, 20240930141500)
 (3417., 3417., 3417., 3417.,   439., 29735, 20240930143000)
 (3417., 3417., 3417., 3417.,   457., 29297, 20240930144500)
 (3417., 3417., 3417., 3417.,   444., 28958, 20240930150000)]
2024-10-08 15:30:00  INFO  [(3405., 3417., 3403., 3416., 4989., 34955, 20240930111500)
 (3416., 3417., 3414., 3417., 3078., 32746, 20240930113000)
 (3417., 3417., 3417., 3417., 2165., 31143, 20240930134500)
 (3417., 3417., 3417., 3417.,  451., 30721, 20240930140000)
 (3417., 3417., 3417., 3417.,  590., 30145, 20240930141500)
 (3417., 3417., 3417., 3417.,  439., 29735, 20240930143000)
 (3417., 3417., 3417., 3417.,  457., 29297, 20240930144500)
 (3417., 3417., 3417., 3417.,  444., 28958, 20240930150000)
 (3586., 3586., 3500., 3521., 4650., 25058, 20241008091500)
 (3527., 3560., 3517., 3540., 1710., 23738, 20241008093000)
 (3540., 3553., 3500., 3500., 1800., 22418, 20241008094500)
 (3500., 3527., 3490., 3527.,  960., 21578, 20241008100000)
 (3519., 3522., 3433., 3433.,  600., 21218, 20241008101500)
 (3440., 3659., 3380., 3460., 2828., 19110, 20241008104500)
 (3460., 3460., 3424., 3435.,  630., 19050, 20241008110000)
 (3440., 3450., 3435., 3435.,  330., 18780, 20241008111500)
 (3435., 3471., 3430., 3446.,  360., 18540, 20241008113000)
 (3426., 3426., 3380., 3380., 1320., 17670, 20241008134500)
 (3355., 3357., 3315., 3339.,  930., 17070, 20241008140000)
 (3339., 3358., 3339., 3345.,  750., 16560, 20241008141500)
 (3327., 3358., 3327., 3351.,  990., 15870, 20241008143000)
 (3351., 3370., 3351., 3370.,  480., 15540, 20241008144500)
 (3360., 3400., 3360., 3370.,  420., 15240, 20241008150000)]
2024-10-09 15:30:00  INFO  [(3370., 3440., 3370., 3380.,  150., 15150, 20241008211500)
 (3380., 3417., 3380., 3417.,  390., 14820, 20241008213000)
 (3417., 3417., 3417., 3417.,    0., 14820, 20241008214500)
 (3417., 3417., 3400., 3400.,   90., 14730, 20241008220000)
 (3400., 3400., 3400., 3400.,    0., 14730, 20241008221500)
 (3384., 3384., 3384., 3384.,   30., 14700, 20241008223000)
 (3384., 3384., 3384., 3384.,    0., 14700, 20241008224500)
 (3384., 3384., 3384., 3384.,    0., 14700, 20241008230000)
 (3387., 3428., 3387., 3413., 1140., 14040, 20241009091500)
 (3413., 3420., 3393., 3400.,  810., 13320, 20241009093000)
 (3400., 3400., 3392., 3393.,  150., 13230, 20241009094500)
 (3393., 3412., 3393., 3412.,   60., 13230, 20241009100000)
 (3412., 3412., 3392., 3411.,  180., 13110, 20241009101500)
 (3411., 3411., 3391., 3391.,   60., 13050, 20241009104500)
 (3391., 3398., 3391., 3398.,   60., 12990, 20241009110000)
 (3398., 3412., 3398., 3401.,  180., 12810, 20241009111500)
 (3401., 3401., 3390., 3400.,  330., 12510, 20241009113000)
 (3407., 3450., 3400., 3445., 1800., 11460, 20241009134500)
 (3445., 3450., 3423., 3439.,  390., 11130, 20241009140000)
 (3439., 3439., 3424., 3430.,  150., 10980, 20241009141500)
 (3430., 3430., 3398., 3398.,  600., 10770, 20241009143000)
 (3398., 3400., 3386., 3395.,  510., 10380, 20241009144500)
 (3394., 3394., 3361., 3370.,  450., 10080, 20241009150000)]
2024-10-10 15:30:00  INFO  [(3370., 3370., 3313., 3313.,  90., 10020, 20241009211500)
 (3365., 3365., 3326., 3337., 240.,  9930, 20241009213000)
 (3336., 3336., 3335., 3335., 210.,  9780, 20241009214500)
 (3335., 3335., 3335., 3335.,   0.,  9780, 20241009220000)
 (3335., 3365., 3335., 3350.,  60.,  9720, 20241009221500)
 (3350., 3350., 3350., 3350.,   0.,  9720, 20241009223000)
 (3350., 3350., 3350., 3350.,  60.,  9660, 20241009224500)
 (3350., 3385., 3350., 3385.,  60.,  9600, 20241009230000)
 (3385., 3412., 3385., 3395., 510.,  9300, 20241010091500)
 (3395., 3400., 3391., 3400., 240.,  9120, 20241010093000)
 (3400., 3400., 3400., 3400.,  30.,  9090, 20241010094500)
 (3400., 3400., 3390., 3390., 120.,  9060, 20241010100000)
 (3390., 3409., 3390., 3400., 330.,  8730, 20241010101500)
 (3400., 3412., 3400., 3412., 180.,  8700, 20241010104500)
 (3412., 3416., 3412., 3416., 120.,  8580, 20241010110000)
 (3416., 3420., 3416., 3420., 180.,  8400, 20241010111500)
 (3420., 3420., 3416., 3416.,  60.,  8340, 20241010113000)
 (3418., 3425., 3400., 3416., 300.,  8160, 20241010134500)
 (3416., 3422., 3404., 3410., 300.,  7860, 20241010140000)
 (3407., 3414., 3402., 3410., 330.,  7710, 20241010141500)
 (3406., 3409., 3398., 3409., 330.,  7440, 20241010143000)
 (3408., 3420., 3396., 3396., 210.,  7290, 20241010144500)
 (3395., 3417., 3371., 3374., 180.,  7260, 20241010150000)]
2024-10-11 15:30:00  INFO  [(3374., 3374., 3374., 3374.,   0., 7260, 20241010211500)
 (3374., 3374., 3374., 3374.,   0., 7260, 20241010213000)
 (3405., 3405., 3405., 3405.,  60., 7230, 20241010214500)
 (3405., 3410., 3405., 3410., 120., 7230, 20241010220000)
 (3410., 3410., 3398., 3398.,  90., 7170, 20241010221500)
 (3398., 3398., 3398., 3398.,   0., 7170, 20241010223000)
 (3398., 3398., 3390., 3390.,  60., 7110, 20241010224500)
 (3390., 3390., 3390., 3390.,   0., 7110, 20241010230000)
 (3390., 3407., 3390., 3404., 270., 6840, 20241011091500)
 (3404., 3404., 3395., 3395.,  30., 6810, 20241011093000)
 (3395., 3400., 3388., 3400., 270., 6630, 20241011094500)
 (3400., 3407., 3400., 3407.,  90., 6600, 20241011100000)
 (3407., 3407., 3380., 3380., 150., 6600, 20241011101500)
 (3377., 3377., 3372., 3372., 180., 6540, 20241011104500)
 (3372., 3380., 3372., 3376.,  90., 6480, 20241011110000)
 (3375., 3395., 3375., 3395.,  60., 6450, 20241011111500)
 (3395., 3395., 3385., 3388.,  60., 6390, 20241011113000)
 (3385., 3385., 3378., 3380., 120., 6300, 20241011134500)
 (3380., 3380., 3374., 3374.,  30., 6270, 20241011140000)
 (3374., 3374., 3361., 3361., 240., 6120, 20241011141500)
 (3361., 3374., 3360., 3374.,  90., 6060, 20241011143000)
 (3374., 3374., 3355., 3355., 150., 5940, 20241011144500)
 (3355., 3380., 3355., 3380., 270., 5910, 20241011150000)]
2024-10-14 15:30:00  INFO  [(3380., 3380., 3320., 3364., 120., 5850, 20241011211500)
 (3364., 3364., 3349., 3349.,  30., 5850, 20241011213000)
 (3365., 3365., 3365., 3365.,  30., 5850, 20241011214500)
 (3365., 3365., 3365., 3365.,   0., 5850, 20241011220000)
 (3365., 3365., 3365., 3365.,   0., 5850, 20241011221500)
 (3365., 3410., 3365., 3410., 120., 5850, 20241011223000)
 (3410., 3418., 3410., 3418.,  60., 5790, 20241011224500)
 (3418., 3418., 3416., 3416.,  30., 5760, 20241011230000)
 (3387., 3387., 3370., 3370.,  90., 5730, 20241014091500)
 (3370., 3415., 3370., 3415., 240., 5490, 20241014093000)
 (3415., 3415., 3401., 3410., 210., 5280, 20241014094500)
 (3410., 3410., 3400., 3400.,  60., 5220, 20241014100000)
 (3400., 3400., 3388., 3388.,  90., 5130, 20241014101500)
 (3388., 3388., 3388., 3388.,   0., 5130, 20241014104500)
 (3388., 3388., 3388., 3388.,   0., 5130, 20241014110000)
 (3388., 3430., 3388., 3430., 180., 5010, 20241014111500)
 (3430., 3435., 3430., 3435., 180., 4830, 20241014113000)
 (3440., 3440., 3440., 3440.,  60., 4770, 20241014134500)
 (3440., 3440., 3440., 3440.,   0., 4770, 20241014140000)
 (3440., 3440., 3420., 3420.,  60., 4710, 20241014141500)
 (3420., 3420., 3420., 3420., 120., 4620, 20241014143000)
 (3420., 3436., 3416., 3426., 150., 4500, 20241014144500)
 (3426., 3426., 3420., 3420., 120., 4410, 20241014150000)]
2024-10-15 15:30:00  INFO  [(3420., 3420., 3420., 3420.,   0., 4410, 20241014211500)
 (3420., 3420., 3388., 3388.,  30., 4380, 20241014213000)
 (3388., 3388., 3388., 3388.,   0., 4380, 20241014214500)
 (3388., 3388., 3388., 3388.,   0., 4380, 20241014220000)
 (3388., 3388., 3388., 3388.,   0., 4380, 20241014221500)
 (3388., 3388., 3388., 3388.,   0., 4380, 20241014223000)
 (3388., 3388., 3388., 3388.,   0., 4380, 20241014224500)
 (3388., 3388., 3388., 3388.,   0., 4380, 20241014230000)
 (3388., 3388., 3388., 3388.,   0., 4380, 20241015091500)
 (3388., 3388., 3388., 3388.,   0., 4380, 20241015093000)
 (3410., 3410., 3410., 3410., 120., 4290, 20241015094500)
 (3410., 3410., 3407., 3407.,  30., 4260, 20241015100000)
 (3407., 3407., 3407., 3407.,   0., 4260, 20241015101500)
 (3407., 3407., 3407., 3407.,  60., 4200, 20241015104500)
 (3407., 3407., 3407., 3407.,   0., 4200, 20241015110000)
 (3407., 3410., 3407., 3410.,  60., 4140, 20241015111500)
 (3410., 3410., 3410., 3410.,   0., 4140, 20241015113000)
 (3420., 3420., 3415., 3415.,  90., 4140, 20241015134500)
 (3415., 3440., 3415., 3440.,  60., 4140, 20241015140000)
 (3410., 3410., 3410., 3410., 180., 4110, 20241015141500)
 (3410., 3410., 3410., 3410.,   0., 4110, 20241015143000)
 (3410., 3410., 3410., 3410.,   0., 4110, 20241015144500)
 (3410., 3410., 3381., 3381., 240., 4110, 20241015150000)]
