2023-01-17 15:30:00  INFO  [(4001., 4017., 3980., 3983., 423., 363, 20230116211500)
 (3989., 3995., 3973., 3984., 103., 457, 20230116213000)
 (3984., 3995., 3984., 3985.,  31., 472, 20230116214500)
 (3985., 3986., 3980., 3980.,  40., 494, 20230116220000)
 (3980., 3984., 3978., 3978.,  19., 504, 20230116221500)
 (3980., 3982., 3974., 3980.,  30., 516, 20230116223000)
 (3980., 3982., 3973., 3980.,  10., 525, 20230116224500)
 (3980., 3985., 3976., 3976.,  18., 538, 20230116230000)
 (3985., 3996., 3982., 3984.,  71., 553, 20230117091500)
 (3984., 3995., 3983., 3991.,  22., 555, 20230117093000)
 (3999., 4006., 3998., 4005.,  23., 551, 20230117094500)
 (4005., 4006., 4002., 4002.,  27., 550, 20230117100000)
 (4002., 4006., 3998., 4006.,  12., 549, 20230117101500)
 (4006., 4008., 4004., 4004.,  20., 555, 20230117104500)
 (4004., 4005., 4001., 4001.,   3., 554, 20230117110000)
 (4001., 4010., 4001., 4005.,  19., 551, 20230117111500)
 (4005., 4005., 4005., 4005.,   0., 551, 20230117113000)
 (4010., 4021., 4009., 4016.,  20., 562, 20230117134500)
 (4016., 4023., 4016., 4022.,  21., 556, 20230117140000)
 (4022., 4027., 4020., 4024.,  58., 574, 20230117141500)
 (4024., 4024., 4018., 4018.,  36., 584, 20230117143000)
 (4018., 4018., 4011., 4011.,  26., 573, 20230117144500)
 (4014., 4014., 4011., 4011.,   6., 573, 20230117150000)]
2023-01-18 15:30:00  INFO  [(4011., 4027., 4011., 4015., 10., 581, 20230117211500)
 (4015., 4027., 4015., 4027., 45., 626, 20230117213000)
 (4027., 4032., 4022., 4029., 40., 628, 20230117214500)
 (4029., 4035., 4029., 4033., 19., 631, 20230117220000)
 (4033., 4039., 4032., 4035., 24., 641, 20230117221500)
 (4035., 4038., 4035., 4038.,  2., 641, 20230117223000)
 (4038., 4042., 4037., 4042., 10., 640, 20230117224500)
 (4040., 4046., 4039., 4045., 37., 641, 20230117230000)
 (4043., 4051., 4043., 4048., 22., 652, 20230118091500)
 (4048., 4050., 4048., 4049., 12., 660, 20230118093000)
 (4049., 4049., 4040., 4040., 33., 680, 20230118094500)
 (4031., 4039., 4031., 4035., 21., 688, 20230118100000)
 (4035., 4035., 4035., 4035.,  1., 688, 20230118101500)
 (4035., 4036., 4034., 4034.,  3., 688, 20230118104500)
 (4034., 4037., 4034., 4037.,  1., 688, 20230118110000)
 (4037., 4037., 4037., 4037.,  0., 688, 20230118111500)
 (4037., 4037., 4037., 4037.,  0., 688, 20230118113000)
 (4039., 4045., 4036., 4036.,  3., 689, 20230118134500)
 (4036., 4042., 4036., 4042.,  1., 689, 20230118140000)
 (4042., 4042., 4037., 4037., 20., 707, 20230118141500)
 (4037., 4045., 4037., 4045.,  3., 709, 20230118143000)
 (4046., 4046., 4037., 4037.,  6., 713, 20230118144500)
 (4037., 4037., 4037., 4037.,  1., 713, 20230118150000)]
2023-01-19 15:30:00  INFO  [(4037., 4056., 4037., 4050.,  7., 712, 20230118211500)
 (4050., 4065., 4048., 4060., 11., 716, 20230118213000)
 (4060., 4065., 4055., 4064., 16., 718, 20230118214500)
 (4064., 4074., 4064., 4065.,  5., 720, 20230118220000)
 (4073., 4076., 4066., 4066.,  9., 721, 20230118221500)
 (4070., 4070., 4065., 4068., 12., 724, 20230118223000)
 (4068., 4076., 4066., 4074.,  8., 727, 20230118224500)
 (4074., 4074., 4056., 4056., 11., 735, 20230118230000)
 (4079., 4079., 4051., 4052., 28., 745, 20230119091500)
 (4052., 4059., 4047., 4055., 17., 747, 20230119093000)
 (4055., 4063., 4054., 4054., 18., 756, 20230119094500)
 (4054., 4054., 4051., 4051.,  1., 757, 20230119100000)
 (4048., 4061., 4047., 4060., 41., 741, 20230119101500)
 (4060., 4060., 4060., 4060.,  1., 741, 20230119104500)
 (4060., 4070., 4060., 4070., 11., 745, 20230119110000)
 (4070., 4070., 4064., 4064., 12., 755, 20230119111500)
 (4064., 4064., 4061., 4061., 18., 772, 20230119113000)
 (4061., 4069., 4057., 4069.,  5., 776, 20230119134500)
 (4069., 4070., 4069., 4070.,  1., 776, 20230119140000)
 (4070., 4084., 4070., 4084., 29., 778, 20230119141500)
 (4084., 4085., 4072., 4072., 43., 779, 20230119143000)
 (4073., 4085., 4073., 4078., 30., 804, 20230119144500)
 (4080., 4080., 4073., 4080., 18., 821, 20230119150000)]
2023-01-20 15:30:00  INFO  [(4075., 4076., 4067., 4070., 46., 845, 20230119211500)
 (4071., 4073., 4064., 4073., 20., 847, 20230119213000)
 (4073., 4073., 4065., 4070., 11., 847, 20230119214500)
 (4070., 4070., 4060., 4060.,  9., 850, 20230119220000)
 (4059., 4059., 4050., 4052., 15., 851, 20230119221500)
 (4052., 4065., 4052., 4060., 26., 852, 20230119223000)
 (4060., 4060., 4054., 4054.,  2., 852, 20230119224500)
 (4054., 4054., 4050., 4050.,  4., 852, 20230119230000)
 (4059., 4064., 4059., 4062., 36., 874, 20230120091500)
 (4065., 4068., 4062., 4066., 15., 878, 20230120093000)
 (4066., 4072., 4065., 4066., 36., 882, 20230120094500)
 (4072., 4072., 4070., 4070., 13., 883, 20230120100000)
 (4070., 4071., 4066., 4066., 45., 888, 20230120101500)
 (4066., 4069., 4062., 4062., 40., 903, 20230120104500)
 (4062., 4070., 4062., 4070.,  3., 900, 20230120110000)
 (4070., 4070., 4060., 4065., 35., 900, 20230120111500)
 (4065., 4065., 4056., 4060., 10., 894, 20230120113000)
 (4063., 4063., 4063., 4063.,  1., 895, 20230120134500)
 (4063., 4066., 4056., 4056.,  7., 893, 20230120140000)
 (4056., 4072., 4055., 4055., 63., 944, 20230120141500)
 (4055., 4066., 4055., 4060., 41., 940, 20230120143000)
 (4060., 4068., 4060., 4064., 13., 946, 20230120144500)
 (4064., 4070., 4061., 4070., 11., 944, 20230120150000)]
2023-01-30 15:30:00  INFO  [(4070., 4070., 4060., 4065.,  35.,  900, 20230120111500)
 (4065., 4065., 4056., 4060.,  10.,  894, 20230120113000)
 (4063., 4063., 4063., 4063.,   1.,  895, 20230120134500)
 (4063., 4066., 4056., 4056.,   7.,  893, 20230120140000)
 (4056., 4072., 4055., 4055.,  63.,  944, 20230120141500)
 (4055., 4066., 4055., 4060.,  41.,  940, 20230120143000)
 (4060., 4068., 4060., 4064.,  13.,  946, 20230120144500)
 (4064., 4070., 4061., 4070.,  11.,  944, 20230120150000)
 (4127., 4150., 4100., 4148., 236.,  960, 20230130091500)
 (4145., 4147., 4138., 4147.,  56.,  971, 20230130093000)
 (4150., 4155., 4138., 4143.,  97.,  991, 20230130094500)
 (4143., 4147., 4138., 4147.,  89., 1030, 20230130100000)
 (4148., 4157., 4131., 4147.,  79., 1091, 20230130101500)
 (4136., 4136., 4123., 4132.,  45., 1089, 20230130104500)
 (4132., 4139., 4132., 4135.,  13., 1089, 20230130110000)
 (4133., 4133., 4102., 4102.,  81., 1125, 20230130111500)
 (4103., 4111., 4091., 4101.,  61., 1129, 20230130113000)
 (4100., 4111., 4098., 4101.,  27., 1135, 20230130134500)
 (4101., 4109., 4085., 4085.,  47., 1158, 20230130140000)
 (4085., 4099., 4085., 4093.,  71., 1181, 20230130141500)
 (4093., 4093., 4085., 4090.,  32., 1190, 20230130143000)
 (4090., 4095., 4080., 4089.,  30., 1191, 20230130144500)
 (4089., 4094., 4084., 4084.,  28., 1201, 20230130150000)]
2023-01-31 15:30:00  INFO  [(4084., 4112., 4084., 4111.,  43., 1207, 20230130211500)
 (4111., 4111., 4105., 4107.,  21., 1212, 20230130213000)
 (4109., 4110., 4099., 4099.,  47., 1214, 20230130214500)
 (4098., 4100., 4096., 4100.,   8., 1215, 20230130220000)
 (4100., 4104., 4099., 4100.,  12., 1213, 20230130221500)
 (4100., 4102., 4095., 4098.,  12., 1219, 20230130223000)
 (4094., 4097., 4091., 4097.,  19., 1226, 20230130224500)
 (4098., 4101., 4098., 4101.,  12., 1222, 20230130230000)
 (4097., 4097., 4078., 4079., 110., 1300, 20230131091500)
 (4079., 4080., 4070., 4075.,  76., 1331, 20230131093000)
 (4072., 4090., 4072., 4090.,  37., 1333, 20230131094500)
 (4090., 4096., 4087., 4087.,  22., 1336, 20230131100000)
 (4087., 4095., 4087., 4088.,  67., 1382, 20230131101500)
 (4091., 4091., 4082., 4082.,  18., 1392, 20230131104500)
 (4082., 4083., 4077., 4077.,  27., 1394, 20230131110000)
 (4077., 4079., 4072., 4074.,  29., 1401, 20230131111500)
 (4070., 4075., 4054., 4065., 114., 1489, 20230131113000)
 (4057., 4059., 4035., 4056., 131., 1545, 20230131134500)
 (4055., 4062., 4051., 4051.,  20., 1552, 20230131140000)
 (4051., 4051., 4037., 4044.,  43., 1577, 20230131141500)
 (4040., 4065., 4038., 4065.,  53., 1604, 20230131143000)
 (4065., 4065., 4047., 4047.,  15., 1611, 20230131144500)
 (4047., 4051., 4035., 4040.,  54., 1636, 20230131150000)]
2023-02-01 15:30:00  INFO  [(4042., 4042., 4019., 4027., 127., 1719, 20230131211500)
 (4027., 4034., 4017., 4017.,  79., 1763, 20230131213000)
 (4020., 4023., 4014., 4018.,  32., 1784, 20230131214500)
 (4018., 4026., 4018., 4023.,  29., 1792, 20230131220000)
 (4026., 4033., 4021., 4033.,  37., 1795, 20230131221500)
 (4033., 4039., 4033., 4039.,  25., 1803, 20230131223000)
 (4039., 4039., 4028., 4030.,  52., 1821, 20230131224500)
 (4031., 4044., 4030., 4042.,  34., 1821, 20230131230000)
 (4040., 4061., 4040., 4051.,  84., 1813, 20230201091500)
 (4057., 4057., 4045., 4045.,  16., 1812, 20230201093000)
 (4045., 4051., 4042., 4049.,  36., 1813, 20230201094500)
 (4049., 4055., 4041., 4041.,  20., 1819, 20230201100000)
 (4041., 4041., 4028., 4028.,  70., 1852, 20230201101500)
 (4028., 4031., 4015., 4015., 176., 1905, 20230201104500)
 (4025., 4026., 4015., 4022.,  73., 1941, 20230201110000)
 (4016., 4019., 4000., 4008., 176., 2026, 20230201111500)
 (4008., 4019., 4000., 4000.,  56., 2055, 20230201113000)
 (4000., 4009., 3990., 3998., 124., 2101, 20230201134500)
 (3998., 4013., 3994., 4010., 499., 2562, 20230201140000)
 (4010., 4010., 4003., 4007.,  13., 2565, 20230201141500)
 (4007., 4008., 3995., 4002.,  97., 2623, 20230201143000)
 (4000., 4000., 3979., 3979., 240., 2800, 20230201144500)
 (3978., 3999., 3974., 3982., 109., 2821, 20230201150000)]
2023-02-02 15:30:00  INFO  [(3985., 3998., 3981., 3994., 357., 3043, 20230201211500)
 (3999., 4006., 3994., 3995.,  67., 3044, 20230201213000)
 (3995., 4005., 3995., 4000.,  14., 3050, 20230201214500)
 (4000., 4005., 4000., 4003.,  36., 3057, 20230201220000)
 (4005., 4007., 3990., 3991., 121., 3117, 20230201221500)
 (3991., 3994., 3980., 3980.,  32., 3132, 20230201223000)
 (3980., 3993., 3977., 3988.,  23., 3138, 20230201224500)
 (3988., 3990., 3982., 3984.,  18., 3140, 20230201230000)
 (3994., 4010., 3982., 4010., 114., 3178, 20230202091500)
 (4010., 4020., 4002., 4016.,  80., 3179, 20230202093000)
 (4014., 4014., 4005., 4009.,  86., 3200, 20230202094500)
 (4009., 4017., 4009., 4017.,  32., 3221, 20230202100000)
 (4017., 4027., 4017., 4020., 109., 3253, 20230202101500)
 (4020., 4022., 4009., 4020., 287., 3468, 20230202104500)
 (4020., 4024., 4019., 4022.,  17., 3459, 20230202110000)
 (4019., 4025., 4019., 4022.,  13., 3459, 20230202111500)
 (4019., 4019., 4012., 4015.,   8., 3463, 20230202113000)
 (4018., 4018., 4000., 4003.,  42., 3476, 20230202134500)
 (4001., 4002., 3993., 3995.,  40., 3499, 20230202140000)
 (3995., 3998., 3991., 3992.,  43., 3528, 20230202141500)
 (3992., 3994., 3961., 3966., 192., 3664, 20230202143000)
 (3966., 3970., 3951., 3951., 515., 4063, 20230202144500)
 (3950., 3958., 3934., 3946., 498., 4370, 20230202150000)]
2023-02-03 15:30:00  INFO  [(3950., 3959., 3946., 3950.,  154., 4452, 20230202211500)
 (3949., 3954., 3944., 3948.,   46., 4478, 20230202213000)
 (3950., 3957., 3946., 3946.,   25., 4475, 20230202214500)
 (3949., 3952., 3947., 3952.,   18., 4481, 20230202220000)
 (3950., 3958., 3948., 3954.,   35., 4488, 20230202221500)
 (3954., 3960., 3954., 3959.,   38., 4494, 20230202223000)
 (3959., 3959., 3949., 3949.,    8., 4495, 20230202224500)
 (3945., 3946., 3939., 3939.,   25., 4499, 20230202230000)
 (3941., 3955., 3912., 3918., 1247., 5307, 20230203091500)
 (3917., 3929., 3910., 3913.,  267., 5374, 20230203093000)
 (3916., 3922., 3910., 3910.,   47., 5366, 20230203094500)
 (3911., 3915., 3909., 3910.,   41., 5375, 20230203100000)
 (3910., 3911., 3903., 3903.,   50., 5376, 20230203101500)
 (3902., 3909., 3900., 3904.,  227., 5429, 20230203104500)
 (3906., 3918., 3906., 3907.,   26., 5426, 20230203110000)
 (3907., 3930., 3907., 3927.,  163., 5483, 20230203111500)
 (3933., 3946., 3931., 3935.,  172., 5575, 20230203113000)
 (3935., 3944., 3935., 3935.,   14., 5580, 20230203134500)
 (3935., 3947., 3935., 3940.,   46., 5563, 20230203140000)
 (3936., 3950., 3936., 3950.,   26., 5572, 20230203141500)
 (3952., 3960., 3945., 3957.,  461., 5442, 20230203143000)
 (3955., 3964., 3951., 3959.,  722., 5282, 20230203144500)
 (3960., 3962., 3952., 3958.,  571., 5146, 20230203150000)]
2023-02-06 15:30:00  INFO  [(3957., 3970., 3947., 3949., 490., 5374, 20230203211500)
 (3949., 3949., 3937., 3945.,  64., 5347, 20230203213000)
 (3943., 3955., 3943., 3943.,  43., 5335, 20230203214500)
 (3940., 3956., 3940., 3956.,  27., 5328, 20230203220000)
 (3953., 3977., 3951., 3974.,  78., 5311, 20230203221500)
 (3975., 3980., 3966., 3971.,  83., 5328, 20230203223000)
 (3971., 3987., 3971., 3987.,  50., 5310, 20230203224500)
 (3987., 3988., 3973., 3976.,  63., 5327, 20230203230000)
 (3971., 3971., 3930., 3937., 218., 5448, 20230206091500)
 (3937., 3939., 3931., 3933.,  69., 5450, 20230206093000)
 (3933., 3940., 3931., 3931.,  34., 5455, 20230206094500)
 (3930., 3940., 3921., 3931., 162., 5567, 20230206100000)
 (3931., 3933., 3928., 3928.,  22., 5586, 20230206101500)
 (3928., 3928., 3914., 3918., 140., 5658, 20230206104500)
 (3916., 3922., 3911., 3911., 174., 5687, 20230206110000)
 (3916., 3925., 3908., 3919., 103., 5714, 20230206111500)
 (3919., 3923., 3912., 3915.,  59., 5732, 20230206113000)
 (3921., 3935., 3915., 3932.,  63., 5742, 20230206134500)
 (3932., 3940., 3929., 3932.,  24., 5737, 20230206140000)
 (3933., 3946., 3933., 3944., 162., 5785, 20230206141500)
 (3948., 3949., 3933., 3940., 128., 5831, 20230206143000)
 (3943., 3957., 3936., 3955., 116., 5883, 20230206144500)
 (3955., 3962., 3947., 3960., 333., 5921, 20230206150000)]
2023-02-07 15:30:00  INFO  [(3960., 3962., 3949., 3954.,   40., 5921, 20230206211500)
 (3954., 3961., 3954., 3954.,    5., 5922, 20230206213000)
 (3954., 3956., 3947., 3956.,   23., 5928, 20230206214500)
 (3956., 3956., 3956., 3956.,    0., 5928, 20230206220000)
 (3956., 3956., 3943., 3943.,   31., 5941, 20230206221500)
 (3943., 3956., 3942., 3945.,   16., 5938, 20230206223000)
 (3945., 3946., 3940., 3941.,    9., 5936, 20230206224500)
 (3940., 3940., 3920., 3920.,   58., 5936, 20230206230000)
 (3921., 3926., 3908., 3919.,  159., 5964, 20230207091500)
 (3920., 3925., 3915., 3924.,   75., 5980, 20230207093000)
 (3924., 3935., 3915., 3915.,   65., 5983, 20230207094500)
 (3917., 3924., 3916., 3923.,  569., 6534, 20230207100000)
 (3922., 3926., 3920., 3926.,   20., 6551, 20230207101500)
 (3926., 3935., 3926., 3929.,   23., 6566, 20230207104500)
 (3929., 3939., 3925., 3936.,  131., 6551, 20230207110000)
 (3934., 3934., 3926., 3926.,    2., 6552, 20230207111500)
 (3926., 3931., 3912., 3918.,  128., 6549, 20230207113000)
 (3913., 3913., 3891., 3898., 1364., 7477, 20230207134500)
 (3898., 3919., 3897., 3914., 1447., 8490, 20230207140000)
 (3915., 3936., 3913., 3935.,  177., 8446, 20230207141500)
 (3934., 3947., 3931., 3932.,  110., 8467, 20230207143000)
 (3932., 3947., 3932., 3946.,   83., 8533, 20230207144500)
 (3947., 3947., 3935., 3935.,  328., 8784, 20230207150000)]
2023-02-08 15:30:00  INFO  [(3935., 3935., 3917., 3917.,  60., 8806, 20230207211500)
 (3920., 3922., 3910., 3914.,  69., 8836, 20230207213000)
 (3913., 3917., 3906., 3917.,  37., 8843, 20230207214500)
 (3917., 3923., 3912., 3916.,  71., 8874, 20230207220000)
 (3916., 3918., 3909., 3909.,  12., 8869, 20230207221500)
 (3909., 3914., 3908., 3913.,  13., 8878, 20230207223000)
 (3911., 3922., 3910., 3919., 596., 9370, 20230207224500)
 (3916., 3916., 3908., 3909.,  30., 9377, 20230207230000)
 (3919., 3937., 3919., 3927.,  87., 9372, 20230208091500)
 (3927., 3930., 3918., 3930.,  20., 9376, 20230208093000)
 (3930., 3935., 3924., 3924.,  30., 9380, 20230208094500)
 (3924., 3927., 3924., 3925.,  27., 9387, 20230208100000)
 (3925., 3940., 3925., 3939., 202., 9381, 20230208101500)
 (3939., 3957., 3939., 3954., 279., 9254, 20230208104500)
 (3955., 3965., 3950., 3953., 158., 9255, 20230208110000)
 (3955., 3955., 3945., 3952., 135., 9300, 20230208111500)
 (3952., 3955., 3942., 3947.,  67., 9307, 20230208113000)
 (3950., 3950., 3941., 3948.,  89., 9351, 20230208134500)
 (3952., 3955., 3946., 3952., 109., 9405, 20230208140000)
 (3955., 3959., 3953., 3958.,  59., 9439, 20230208141500)
 (3959., 3970., 3959., 3970.,  90., 9461, 20230208143000)
 (3970., 3972., 3956., 3956., 228., 9562, 20230208144500)
 (3956., 3971., 3955., 3965., 247., 9561, 20230208150000)]
2023-02-09 15:30:00  INFO  [(3972., 3979., 3964., 3973., 212., 9616, 20230208211500)
 (3972., 3972., 3968., 3972.,  74., 9638, 20230208213000)
 (3972., 3972., 3963., 3969.,  44., 9640, 20230208214500)
 (3968., 3975., 3968., 3974.,  20., 9638, 20230208220000)
 (3975., 3978., 3969., 3969.,  41., 9653, 20230208221500)
 (3968., 3970., 3964., 3967.,  34., 9669, 20230208223000)
 (3965., 3970., 3960., 3961.,  25., 9688, 20230208224500)
 (3961., 3965., 3960., 3965.,  70., 9685, 20230208230000)
 (3965., 3974., 3964., 3964.,  20., 9686, 20230209091500)
 (3964., 3973., 3964., 3970.,  17., 9675, 20230209093000)
 (3970., 3983., 3970., 3982., 135., 9668, 20230209094500)
 (3983., 4000., 3983., 3999.,  78., 9674, 20230209100000)
 (4000., 4004., 3993., 3999., 192., 9652, 20230209101500)
 (4002., 4002., 3993., 3997.,  46., 9662, 20230209104500)
 (4001., 4001., 3987., 3987.,  49., 9674, 20230209110000)
 (3987., 3995., 3982., 3983., 406., 9755, 20230209111500)
 (3983., 3991., 3983., 3987., 150., 9703, 20230209113000)
 (3990., 3992., 3983., 3988., 156., 9684, 20230209134500)
 (3988., 3993., 3982., 3982.,  92., 9748, 20230209140000)
 (3982., 3985., 3975., 3980.,  97., 9816, 20230209141500)
 (3980., 3995., 3980., 3991., 116., 9790, 20230209143000)
 (3995., 3998., 3990., 3992.,  43., 9785, 20230209144500)
 (3992., 3998., 3986., 3996., 151., 9766, 20230209150000)]
2023-02-10 15:30:00  INFO  [(3986., 3994., 3985., 3989.,  45.,  9773, 20230209211500)
 (3990., 3994., 3988., 3992.,  23.,  9763, 20230209213000)
 (3992., 3995., 3990., 3995.,  19.,  9758, 20230209214500)
 (3995., 3995., 3992., 3993.,  18.,  9771, 20230209220000)
 (3993., 3993., 3988., 3988.,  13.,  9767, 20230209221500)
 (3988., 3990., 3980., 3983.,  98.,  9767, 20230209223000)
 (3985., 3985., 3968., 3968.,  72.,  9776, 20230209224500)
 (3968., 3979., 3964., 3973.,  18.,  9775, 20230209230000)
 (3972., 3985., 3970., 3980.,  49.,  9789, 20230210091500)
 (3980., 3980., 3968., 3969.,  50.,  9788, 20230210093000)
 (3968., 3975., 3964., 3965.,  55.,  9788, 20230210094500)
 (3964., 3974., 3957., 3959., 157.,  9855, 20230210100000)
 (3959., 3963., 3942., 3946., 149.,  9896, 20230210101500)
 (3946., 3955., 3943., 3949., 141.,  9925, 20230210104500)
 (3946., 3948., 3933., 3948., 145.,  9922, 20230210110000)
 (3938., 3948., 3935., 3937.,  63.,  9915, 20230210111500)
 (3937., 3942., 3933., 3933., 104.,  9979, 20230210113000)
 (3932., 3943., 3929., 3935., 246., 10135, 20230210134500)
 (3933., 3948., 3933., 3945.,  56., 10155, 20230210140000)
 (3949., 3958., 3949., 3955.,  59., 10130, 20230210141500)
 (3955., 3975., 3955., 3975., 410.,  9943, 20230210143000)
 (3975., 3978., 3960., 3978., 110.,  9938, 20230210144500)
 (3978., 3978., 3968., 3972.,  47.,  9932, 20230210150000)]
2023-02-13 15:30:00  INFO  [(3972., 3976., 3956., 3956., 584., 10230, 20230210211500)
 (3956., 3961., 3954., 3958.,  66., 10232, 20230210213000)
 (3958., 3970., 3958., 3962.,  14., 10233, 20230210214500)
 (3962., 3966., 3958., 3958.,  20., 10236, 20230210220000)
 (3958., 3960., 3957., 3957.,  14., 10236, 20230210221500)
 (3958., 3960., 3956., 3960.,   6., 10239, 20230210223000)
 (3960., 3960., 3955., 3960.,  11., 10240, 20230210224500)
 (3958., 3967., 3956., 3957.,  65., 10243, 20230210230000)
 (3956., 3959., 3935., 3945., 349., 10310, 20230213091500)
 (3941., 3946., 3933., 3943., 215., 10393, 20230213093000)
 (3941., 3948., 3934., 3945.,  84., 10418, 20230213094500)
 (3945., 3945., 3934., 3936., 144., 10477, 20230213100000)
 (3936., 3944., 3924., 3928., 216., 10521, 20230213101500)
 (3928., 3933., 3920., 3930., 172., 10593, 20230213104500)
 (3931., 3935., 3924., 3933.,  16., 10591, 20230213110000)
 (3933., 3933., 3918., 3920.,  81., 10637, 20230213111500)
 (3918., 3920., 3915., 3920., 256., 10727, 20230213113000)
 (3925., 3928., 3906., 3907., 286., 10880, 20230213134500)
 (3905., 3912., 3901., 3906., 315., 11040, 20230213140000)
 (3904., 3909., 3896., 3896., 377., 11251, 20230213141500)
 (3896., 3905., 3896., 3899.,  78., 11282, 20230213143000)
 (3900., 3905., 3899., 3900.,  37., 11285, 20230213144500)
 (3898., 3899., 3890., 3890., 325., 11532, 20230213150000)]
2023-02-14 15:30:00  INFO  [(3895., 3896., 3882., 3895., 146., 11528, 20230213211500)
 (3893., 3896., 3883., 3883.,  61., 11531, 20230213213000)
 (3885., 3890., 3881., 3884., 110., 11618, 20230213214500)
 (3885., 3888., 3880., 3880.,  90., 11646, 20230213220000)
 (3880., 3887., 3879., 3881., 127., 11727, 20230213221500)
 (3881., 3883., 3864., 3868., 192., 11808, 20230213223000)
 (3868., 3869., 3860., 3860., 184., 11952, 20230213224500)
 (3864., 3886., 3860., 3879., 125., 11970, 20230213230000)
 (3887., 3897., 3881., 3897., 235., 12006, 20230214091500)
 (3898., 3910., 3897., 3905., 204., 11947, 20230214093000)
 (3906., 3913., 3901., 3913.,  70., 11957, 20230214094500)
 (3909., 3912., 3900., 3905., 109., 11917, 20230214100000)
 (3905., 3910., 3904., 3910.,  61., 11901, 20230214101500)
 (3909., 3911., 3900., 3904.,  18., 11904, 20230214104500)
 (3904., 3913., 3904., 3913.,  49., 11934, 20230214110000)
 (3913., 3915., 3909., 3909.,  17., 11928, 20230214111500)
 (3909., 3909., 3900., 3900.,  19., 11930, 20230214113000)
 (3900., 3903., 3897., 3901.,  48., 11954, 20230214134500)
 (3901., 3919., 3901., 3919.,  61., 11941, 20230214140000)
 (3920., 3926., 3914., 3924., 175., 11931, 20230214141500)
 (3926., 3929., 3921., 3925.,  46., 11913, 20230214143000)
 (3925., 3925., 3912., 3913.,  75., 11905, 20230214144500)
 (3917., 3920., 3908., 3910.,  61., 11904, 20230214150000)]
2023-02-15 15:30:00  INFO  [(3915., 3920., 3911., 3912., 178., 11893, 20230214211500)
 (3913., 3932., 3908., 3931., 322., 11815, 20230214213000)
 (3931., 3934., 3918., 3925.,  95., 11807, 20230214214500)
 (3925., 3928., 3922., 3925.,  33., 11793, 20230214220000)
 (3925., 3932., 3925., 3927.,  16., 11786, 20230214221500)
 (3927., 3930., 3924., 3930.,  21., 11774, 20230214223000)
 (3930., 3930., 3918., 3926.,  39., 11786, 20230214224500)
 (3926., 3932., 3925., 3929.,  36., 11760, 20230214230000)
 (3929., 3950., 3929., 3948., 395., 11791, 20230215091500)
 (3947., 3959., 3947., 3955., 176., 11805, 20230215093000)
 (3958., 3959., 3954., 3958.,  31., 11807, 20230215094500)
 (3960., 3962., 3945., 3954., 179., 11773, 20230215100000)
 (3953., 3953., 3949., 3951.,  10., 11774, 20230215101500)
 (3948., 3949., 3943., 3949.,  83., 11779, 20230215104500)
 (3949., 3949., 3939., 3939.,  23., 11768, 20230215110000)
 (3939., 3945., 3932., 3937., 232., 11876, 20230215111500)
 (3937., 3943., 3935., 3941.,  38., 11876, 20230215113000)
 (3935., 3947., 3934., 3941.,  63., 11874, 20230215134500)
 (3940., 3947., 3935., 3941., 308., 11830, 20230215140000)
 (3941., 3942., 3933., 3934., 276., 11976, 20230215141500)
 (3934., 3941., 3934., 3937.,  13., 11973, 20230215143000)
 (3937., 3940., 3932., 3934.,  63., 11982, 20230215144500)
 (3936., 3948., 3935., 3945.,  89., 11975, 20230215150000)]
2023-02-16 15:30:00  INFO  [(3940., 3950., 3938., 3950.,  50., 11974, 20230215211500)
 (3948., 3952., 3936., 3936.,  80., 11964, 20230215213000)
 (3938., 3945., 3937., 3942.,  57., 11959, 20230215214500)
 (3942., 3950., 3942., 3947.,  58., 11927, 20230215220000)
 (3949., 3962., 3949., 3958.,  58., 11928, 20230215221500)
 (3958., 3959., 3953., 3954.,  11., 11929, 20230215223000)
 (3951., 3958., 3951., 3957.,   6., 11927, 20230215224500)
 (3957., 3958., 3948., 3948.,  24., 11912, 20230215230000)
 (3958., 3966., 3958., 3966., 100., 11905, 20230216091500)
 (3970., 3970., 3961., 3965., 188., 11791, 20230216093000)
 (3966., 3969., 3957., 3960.,  86., 11805, 20230216094500)
 (3960., 3964., 3960., 3963.,  69., 11759, 20230216100000)
 (3965., 3965., 3957., 3957.,  31., 11773, 20230216101500)
 (3957., 3970., 3957., 3967.,  75., 11764, 20230216104500)
 (3967., 3985., 3967., 3985.,  84., 11760, 20230216110000)
 (3982., 3986., 3979., 3985., 105., 11746, 20230216111500)
 (3985., 3986., 3970., 3980., 719., 11954, 20230216113000)
 (3972., 3994., 3970., 3994., 415., 11869, 20230216134500)
 (3995., 4015., 3995., 4003., 323., 11852, 20230216140000)
 (4006., 4009., 3993., 3998., 329., 11844, 20230216141500)
 (3998., 4009., 3998., 4006., 183., 11829, 20230216143000)
 (4005., 4005., 3983., 3987., 269., 11879, 20230216144500)
 (3986., 3999., 3981., 3999.,  79., 11885, 20230216150000)]
2023-02-17 15:30:00  INFO  [(4009., 4026., 4009., 4021., 417., 11951, 20230216211500)
 (4021., 4024., 4013., 4018., 178., 12040, 20230216213000)
 (4017., 4020., 4009., 4018., 384., 12267, 20230216214500)
 (4017., 4019., 4011., 4017.,  34., 12259, 20230216220000)
 (4018., 4020., 4014., 4020., 228., 12356, 20230216221500)
 (4020., 4020., 4011., 4014.,  59., 12377, 20230216223000)
 (4014., 4022., 4013., 4019.,  29., 12378, 20230216224500)
 (4019., 4021., 4015., 4015.,  64., 12406, 20230216230000)
 (4015., 4031., 4015., 4029., 477., 12607, 20230217091500)
 (4029., 4032., 4026., 4032.,  24., 12604, 20230217093000)
 (4032., 4035., 4029., 4029.,  37., 12599, 20230217094500)
 (4029., 4029., 4026., 4027.,  16., 12589, 20230217100000)
 (4027., 4027., 4020., 4023.,  38., 12612, 20230217101500)
 (4023., 4028., 4021., 4028.,  23., 12607, 20230217104500)
 (4028., 4032., 4028., 4028.,  57., 12593, 20230217110000)
 (4028., 4028., 4018., 4018., 697., 13142, 20230217111500)
 (4018., 4025., 4013., 4015., 592., 13291, 20230217113000)
 (4014., 4021., 4013., 4018.,  37., 13308, 20230217134500)
 (4018., 4024., 4018., 4019., 138., 13408, 20230217140000)
 (4019., 4035., 4017., 4031., 741., 14010, 20230217141500)
 (4030., 4030., 4021., 4022., 593., 14356, 20230217143000)
 (4024., 4030., 4024., 4028.,  64., 14304, 20230217144500)
 (4028., 4035., 4022., 4035.,  73., 14273, 20230217150000)]
2023-02-20 15:30:00  INFO  [(4016., 4028., 4006., 4024.,  316., 14222, 20230217211500)
 (4024., 4026., 4000., 4000.,  650., 14516, 20230217213000)
 (3999., 4019., 3999., 4017.,  148., 14490, 20230217214500)
 (4017., 4025., 4017., 4019.,   91., 14473, 20230217220000)
 (4019., 4033., 4019., 4032.,   51., 14454, 20230217221500)
 (4028., 4030., 4023., 4026.,   17., 14454, 20230217223000)
 (4026., 4034., 4023., 4034.,   15., 14453, 20230217224500)
 (4033., 4040., 4026., 4040.,   63., 14463, 20230217230000)
 (4030., 4056., 4022., 4022., 1397., 14171, 20230220091500)
 (4023., 4031., 4021., 4026.,   68., 14171, 20230220093000)
 (4031., 4031., 4024., 4026.,   37., 14153, 20230220094500)
 (4026., 4037., 4026., 4034.,   50., 14138, 20230220100000)
 (4034., 4049., 4034., 4043.,  107., 14098, 20230220101500)
 (4045., 4059., 4044., 4054.,  201., 14085, 20230220104500)
 (4053., 4053., 4044., 4044.,   41., 14097, 20230220110000)
 (4046., 4052., 4044., 4047.,   79., 14110, 20230220111500)
 (4047., 4060., 4047., 4048.,  194., 14183, 20230220113000)
 (4055., 4061., 4053., 4060.,  165., 14145, 20230220134500)
 (4060., 4060., 4055., 4057.,   24., 14153, 20230220140000)
 (4057., 4059., 4056., 4059.,   35., 14154, 20230220141500)
 (4058., 4060., 4051., 4054.,   28., 14160, 20230220143000)
 (4054., 4059., 4053., 4053.,   17., 14164, 20230220144500)
 (4053., 4059., 4050., 4059.,   82., 14157, 20230220150000)]
2023-02-21 15:30:00  INFO  [(4061., 4085., 4061., 4081., 363., 14288, 20230220211500)
 (4085., 4100., 4078., 4092., 536., 14530, 20230220213000)
 (4093., 4098., 4090., 4097.,  52., 14554, 20230220214500)
 (4094., 4099., 4092., 4099.,  65., 14578, 20230220220000)
 (4097., 4098., 4092., 4096.,  82., 14625, 20230220221500)
 (4096., 4103., 4096., 4100., 159., 14635, 20230220223000)
 (4100., 4106., 4098., 4105.,  87., 14630, 20230220224500)
 (4106., 4106., 4100., 4103.,  68., 14621, 20230220230000)
 (4108., 4109., 4100., 4107., 147., 14691, 20230221091500)
 (4106., 4108., 4102., 4102.,  51., 14668, 20230221093000)
 (4102., 4102., 4093., 4100., 124., 14680, 20230221094500)
 (4099., 4102., 4090., 4094., 394., 14611, 20230221100000)
 (4094., 4100., 4092., 4100., 136., 14547, 20230221101500)
 (4100., 4107., 4100., 4103.,  76., 14567, 20230221104500)
 (4103., 4103., 4097., 4097.,  11., 14570, 20230221110000)
 (4099., 4103., 4090., 4094.,  47., 14571, 20230221111500)
 (4098., 4102., 4094., 4102.,  70., 14559, 20230221113000)
 (4103., 4113., 4100., 4112., 260., 14622, 20230221134500)
 (4112., 4118., 4112., 4117., 126., 14663, 20230221140000)
 (4114., 4119., 4110., 4119., 109., 14637, 20230221141500)
 (4119., 4120., 4113., 4113.,  58., 14630, 20230221143000)
 (4113., 4116., 4113., 4114.,   9., 14632, 20230221144500)
 (4118., 4125., 4117., 4123., 163., 14655, 20230221150000)]
2023-02-22 15:30:00  INFO  [(4110., 4129., 4105., 4125., 336., 14766, 20230221211500)
 (4125., 4128., 4107., 4110.,  83., 14785, 20230221213000)
 (4109., 4112., 4102., 4105., 100., 14805, 20230221214500)
 (4105., 4108., 4099., 4108.,  87., 14822, 20230221220000)
 (4108., 4120., 4108., 4111.,  36., 14833, 20230221221500)
 (4111., 4116., 4110., 4113.,   7., 14836, 20230221223000)
 (4113., 4121., 4113., 4121.,  45., 14857, 20230221224500)
 (4121., 4121., 4111., 4121.,  34., 14851, 20230221230000)
 (4111., 4114., 4100., 4102., 134., 14871, 20230222091500)
 (4105., 4116., 4105., 4115., 189., 14969, 20230222093000)
 (4113., 4119., 4113., 4113., 173., 15052, 20230222094500)
 (4113., 4113., 4107., 4112.,  58., 15056, 20230222100000)
 (4110., 4122., 4109., 4119., 122., 15051, 20230222101500)
 (4120., 4135., 4120., 4133., 289., 15093, 20230222104500)
 (4133., 4140., 4130., 4137., 289., 15081, 20230222110000)
 (4137., 4137., 4130., 4135.,  66., 15098, 20230222111500)
 (4136., 4137., 4131., 4132.,  27., 15116, 20230222113000)
 (4135., 4145., 4126., 4126., 297., 15237, 20230222134500)
 (4121., 4123., 4104., 4108., 290., 15313, 20230222140000)
 (4108., 4114., 4103., 4107., 244., 15402, 20230222141500)
 (4102., 4109., 4102., 4104.,  46., 15419, 20230222143000)
 (4109., 4115., 4103., 4114.,  80., 15463, 20230222144500)
 (4115., 4119., 4105., 4110., 136., 15447, 20230222150000)]
2023-02-23 15:30:00  INFO  [(4128., 4146., 4122., 4124., 600., 15316, 20230222211500)
 (4121., 4134., 4119., 4130.,  74., 15315, 20230222213000)
 (4133., 4137., 4133., 4134.,  68., 15289, 20230222214500)
 (4134., 4135., 4129., 4133.,  85., 15288, 20230222220000)
 (4131., 4142., 4131., 4140.,  88., 15269, 20230222221500)
 (4140., 4152., 4139., 4139., 200., 15280, 20230222223000)
 (4139., 4151., 4136., 4150.,  61., 15296, 20230222224500)
 (4151., 4155., 4146., 4149.,  33., 15287, 20230222230000)
 (4153., 4159., 4138., 4140., 345., 15421, 20230223091500)
 (4140., 4148., 4138., 4146., 111., 15427, 20230223093000)
 (4146., 4153., 4141., 4151.,  50., 15433, 20230223094500)
 (4151., 4157., 4147., 4157., 166., 15438, 20230223100000)
 (4155., 4158., 4148., 4149.,  36., 15459, 20230223101500)
 (4150., 4150., 4138., 4142.,  84., 15482, 20230223104500)
 (4145., 4149., 4140., 4141.,  25., 15489, 20230223110000)
 (4139., 4149., 4139., 4149.,  40., 15469, 20230223111500)
 (4146., 4155., 4145., 4152.,  44., 15466, 20230223113000)
 (4155., 4155., 4130., 4140., 107., 15512, 20230223134500)
 (4139., 4143., 4115., 4115., 375., 15703, 20230223140000)
 (4115., 4128., 4111., 4120., 147., 15686, 20230223141500)
 (4118., 4119., 4104., 4110., 227., 15746, 20230223143000)
 (4108., 4113., 4095., 4102., 434., 15966, 20230223144500)
 (4102., 4105., 4096., 4100., 109., 16000, 20230223150000)]
2023-02-24 15:30:00  INFO  [(4116., 4117., 4092., 4097., 361., 15994, 20230223211500)
 (4096., 4103., 4092., 4100., 150., 16024, 20230223213000)
 (4100., 4111., 4098., 4110.,  79., 16011, 20230223214500)
 (4110., 4110., 4097., 4101.,  68., 16018, 20230223220000)
 (4101., 4106., 4099., 4100.,  39., 16018, 20230223221500)
 (4100., 4105., 4100., 4105.,  28., 16009, 20230223223000)
 (4105., 4110., 4098., 4098.,  64., 16005, 20230223224500)
 (4101., 4112., 4101., 4111., 128., 15987, 20230223230000)
 (4102., 4110., 4100., 4103., 179., 16052, 20230224091500)
 (4103., 4107., 4098., 4106.,  40., 16067, 20230224093000)
 (4106., 4106., 4086., 4094., 388., 16269, 20230224094500)
 (4094., 4105., 4094., 4099., 179., 16210, 20230224100000)
 (4105., 4111., 4103., 4110.,  44., 16196, 20230224101500)
 (4107., 4107., 4099., 4099.,  36., 16203, 20230224104500)
 (4100., 4101., 4086., 4086., 152., 16251, 20230224110000)
 (4085., 4087., 4072., 4086., 568., 16412, 20230224111500)
 (4088., 4094., 4082., 4082., 140., 16369, 20230224113000)
 (4083., 4085., 4072., 4073., 171., 16434, 20230224134500)
 (4072., 4080., 4066., 4080., 218., 16454, 20230224140000)
 (4080., 4087., 4078., 4078.,  32., 16442, 20230224141500)
 (4076., 4083., 4072., 4080.,  58., 16434, 20230224143000)
 (4082., 4089., 4079., 4089., 147., 16422, 20230224144500)
 (4089., 4097., 4087., 4093., 126., 16382, 20230224150000)]
2023-02-27 15:30:00  INFO  [(4079., 4088., 4054., 4081., 1282., 17401, 20230224211500)
 (4078., 4092., 4076., 4087.,   91., 17389, 20230224213000)
 (4085., 4085., 4081., 4085.,   28., 17388, 20230224214500)
 (4085., 4085., 4073., 4076.,  107., 17431, 20230224220000)
 (4075., 4084., 4075., 4075.,   19., 17429, 20230224221500)
 (4079., 4079., 4064., 4065.,  127., 17455, 20230224223000)
 (4065., 4075., 4064., 4065.,   70., 17472, 20230224224500)
 (4065., 4069., 4057., 4063.,  226., 17477, 20230224230000)
 (4070., 4101., 4070., 4097.,  384., 17517, 20230227091500)
 (4099., 4101., 4091., 4100.,   84., 17527, 20230227093000)
 (4100., 4106., 4098., 4102.,   87., 17540, 20230227094500)
 (4102., 4108., 4102., 4104.,  138., 17555, 20230227100000)
 (4103., 4103., 4095., 4099.,   74., 17528, 20230227101500)
 (4099., 4099., 4096., 4096.,   56., 17496, 20230227104500)
 (4096., 4102., 4092., 4099.,   19., 17494, 20230227110000)
 (4097., 4100., 4088., 4092.,   61., 17515, 20230227111500)
 (4088., 4089., 4062., 4066.,  304., 17562, 20230227113000)
 (4063., 4069., 4056., 4062.,  315., 17661, 20230227134500)
 (4063., 4076., 4063., 4069.,  159., 17743, 20230227140000)
 (4070., 4075., 4064., 4064.,  183., 17822, 20230227141500)
 (4066., 4068., 4059., 4059.,   54., 17834, 20230227143000)
 (4058., 4066., 4055., 4064.,  174., 17910, 20230227144500)
 (4064., 4071., 4060., 4070.,  139., 17894, 20230227150000)]
2023-02-28 15:30:00  INFO  [(4071., 4071., 4052., 4058., 162., 17939, 20230227211500)
 (4058., 4063., 4052., 4060.,  74., 17944, 20230227213000)
 (4062., 4066., 4055., 4058.,  70., 17949, 20230227214500)
 (4057., 4061., 4055., 4059., 124., 18004, 20230227220000)
 (4059., 4059., 4050., 4052., 136., 18001, 20230227221500)
 (4054., 4059., 4052., 4057.,  43., 18018, 20230227223000)
 (4057., 4057., 4051., 4054.,   9., 18018, 20230227224500)
 (4054., 4059., 4051., 4059.,  24., 18009, 20230227230000)
 (4060., 4069., 4058., 4066., 284., 17961, 20230228091500)
 (4067., 4070., 4061., 4067.,  71., 17957, 20230228093000)
 (4065., 4069., 4054., 4057.,  47., 17976, 20230228094500)
 (4057., 4057., 4047., 4047., 207., 18059, 20230228100000)
 (4046., 4054., 4045., 4048.,  72., 18076, 20230228101500)
 (4050., 4052., 4045., 4052.,  37., 18096, 20230228104500)
 (4054., 4065., 4047., 4049., 144., 18096, 20230228110000)
 (4047., 4048., 4042., 4047.,  65., 18101, 20230228111500)
 (4045., 4057., 4045., 4049.,  38., 18100, 20230228113000)
 (4050., 4053., 4043., 4050., 149., 18069, 20230228134500)
 (4051., 4053., 4048., 4048.,  51., 18055, 20230228140000)
 (4048., 4048., 4040., 4044., 219., 18114, 20230228141500)
 (4043., 4046., 4039., 4042., 428., 18376, 20230228143000)
 (4042., 4054., 4038., 4054., 140., 18399, 20230228144500)
 (4055., 4064., 4052., 4060., 199., 18340, 20230228150000)]
2023-03-01 15:30:00  INFO  [(4064., 4082., 4046., 4077., 237., 18351, 20230228211500)
 (4077., 4077., 4064., 4064., 178., 18342, 20230228213000)
 (4065., 4066., 4059., 4062., 111., 18358, 20230228214500)
 (4059., 4066., 4057., 4059.,  97., 18382, 20230228220000)
 (4059., 4064., 4059., 4064.,  20., 18376, 20230228221500)
 (4064., 4065., 4061., 4065.,   3., 18375, 20230228223000)
 (4065., 4065., 4055., 4058.,  41., 18387, 20230228224500)
 (4058., 4063., 4057., 4058.,  32., 18382, 20230228230000)
 (4066., 4066., 4050., 4060., 264., 18427, 20230301091500)
 (4062., 4070., 4062., 4070.,  51., 18420, 20230301093000)
 (4072., 4077., 4065., 4072., 157., 18474, 20230301094500)
 (4072., 4089., 4071., 4088., 229., 18472, 20230301100000)
 (4088., 4094., 4083., 4092., 257., 18455, 20230301101500)
 (4093., 4097., 4088., 4090., 193., 18482, 20230301104500)
 (4087., 4090., 4082., 4089.,  87., 18489, 20230301110000)
 (4089., 4090., 4085., 4088.,  27., 18480, 20230301111500)
 (4088., 4091., 4084., 4091.,  38., 18468, 20230301113000)
 (4092., 4092., 4074., 4078., 176., 18502, 20230301134500)
 (4078., 4078., 4070., 4074.,  32., 18510, 20230301140000)
 (4073., 4087., 4073., 4083.,  79., 18506, 20230301141500)
 (4083., 4098., 4083., 4088., 217., 18528, 20230301143000)
 (4087., 4089., 4083., 4087.,  51., 18534, 20230301144500)
 (4087., 4095., 4085., 4091., 123., 18510, 20230301150000)]
2023-03-02 15:30:00  INFO  [(4107., 4107., 4085., 4085., 1375., 19808, 20230301211500)
 (4086., 4088., 4080., 4080.,  496., 20109, 20230301213000)
 (4082., 4086., 4081., 4084.,  156., 20133, 20230301214500)
 (4082., 4087., 4080., 4085.,   40., 20147, 20230301220000)
 (4085., 4086., 4081., 4081.,   65., 20193, 20230301221500)
 (4083., 4084., 4078., 4084.,  154., 20264, 20230301223000)
 (4084., 4090., 4084., 4087.,   20., 20268, 20230301224500)
 (4087., 4093., 4084., 4091.,  186., 20270, 20230301230000)
 (4090., 4104., 4088., 4103.,  200., 20284, 20230302091500)
 (4101., 4106., 4101., 4102.,   88., 20308, 20230302093000)
 (4106., 4106., 4091., 4095.,  169., 20368, 20230302094500)
 (4095., 4104., 4095., 4103.,   57., 20385, 20230302100000)
 (4103., 4103., 4093., 4095.,  368., 20624, 20230302101500)
 (4095., 4096., 4090., 4090.,   60., 20646, 20230302104500)
 (4090., 4099., 4090., 4099.,   61., 20653, 20230302110000)
 (4099., 4099., 4093., 4096.,   25., 20657, 20230302111500)
 (4097., 4099., 4096., 4096.,   17., 20661, 20230302113000)
 (4095., 4110., 4088., 4103.,  204., 20699, 20230302134500)
 (4103., 4105., 4100., 4102.,  108., 20709, 20230302140000)
 (4101., 4104., 4099., 4099.,  319., 20537, 20230302141500)
 (4102., 4106., 4100., 4100.,   24., 20531, 20230302143000)
 (4100., 4104., 4100., 4104.,   22., 20523, 20230302144500)
 (4105., 4105., 4100., 4103.,   91., 20521, 20230302150000)]
2023-03-03 15:30:00  INFO  [(4100., 4116., 4100., 4107., 1617., 21745, 20230302211500)
 (4110., 4115., 4108., 4112.,   61., 21785, 20230302213000)
 (4112., 4116., 4110., 4113.,   89., 21786, 20230302214500)
 (4110., 4111., 4104., 4105.,   28., 21790, 20230302220000)
 (4105., 4110., 4104., 4106.,   48., 21811, 20230302221500)
 (4106., 4106., 4103., 4103.,   48., 21788, 20230302223000)
 (4103., 4104., 4098., 4104.,   23., 21788, 20230302224500)
 (4103., 4111., 4103., 4104.,   34., 21774, 20230302230000)
 (4111., 4120., 4110., 4115.,  181., 21765, 20230303091500)
 (4115., 4116., 4113., 4114.,   97., 21842, 20230303093000)
 (4115., 4120., 4115., 4119.,   85., 21814, 20230303094500)
 (4120., 4131., 4119., 4130.,  161., 21838, 20230303100000)
 (4132., 4137., 4132., 4134.,   38., 21833, 20230303101500)
 (4132., 4140., 4131., 4137.,   65., 21802, 20230303104500)
 (4135., 4142., 4129., 4136.,  118., 21811, 20230303110000)
 (4134., 4135., 4126., 4133.,  142., 21842, 20230303111500)
 (4135., 4136., 4132., 4136.,   36., 21841, 20230303113000)
 (4137., 4145., 4135., 4144.,   92., 21870, 20230303134500)
 (4144., 4144., 4136., 4141.,   69., 21859, 20230303140000)
 (4141., 4145., 4138., 4145.,   39., 21847, 20230303141500)
 (4145., 4148., 4144., 4146.,   48., 21848, 20230303143000)
 (4146., 4146., 4140., 4141.,   80., 21822, 20230303144500)
 (4141., 4146., 4141., 4145.,   88., 21813, 20230303150000)]
2023-03-06 15:30:00  INFO  [(4134., 4142., 4128., 4130., 1497., 23153, 20230303211500)
 (4130., 4130., 4118., 4119.,  199., 23182, 20230303213000)
 (4118., 4125., 4115., 4125.,  149., 23208, 20230303214500)
 (4123., 4125., 4120., 4120.,   46., 23221, 20230303220000)
 (4120., 4132., 4120., 4128.,   78., 23222, 20230303221500)
 (4130., 4131., 4126., 4131.,   36., 23230, 20230303223000)
 (4131., 4133., 4125., 4125.,   35., 23241, 20230303224500)
 (4125., 4125., 4114., 4120.,  318., 23139, 20230303230000)
 (4110., 4110., 4066., 4075., 1086., 23430, 20230306091500)
 (4075., 4077., 4071., 4071.,  105., 23477, 20230306093000)
 (4071., 4075., 4066., 4069.,  130., 23525, 20230306094500)
 (4068., 4078., 4066., 4072.,  139., 23529, 20230306100000)
 (4072., 4076., 4065., 4066.,   80., 23539, 20230306101500)
 (4072., 4073., 4062., 4062.,  448., 23722, 20230306104500)
 (4062., 4078., 4062., 4077.,  174., 23634, 20230306110000)
 (4078., 4078., 4070., 4070.,   36., 23637, 20230306111500)
 (4069., 4072., 4065., 4071.,   61., 23660, 20230306113000)
 (4074., 4079., 4071., 4074.,  115., 23683, 20230306134500)
 (4074., 4082., 4073., 4078.,  113., 23722, 20230306140000)
 (4080., 4087., 4080., 4086.,  134., 23734, 20230306141500)
 (4086., 4086., 4077., 4080.,   44., 23727, 20230306143000)
 (4082., 4090., 4082., 4090.,  106., 23703, 20230306144500)
 (4090., 4093., 4085., 4086.,  155., 23663, 20230306150000)]
2023-03-07 15:30:00  INFO  [(4085., 4094., 4078., 4084., 665., 24199, 20230306211500)
 (4082., 4091., 4082., 4088., 104., 24240, 20230306213000)
 (4088., 4090., 4082., 4084., 103., 24286, 20230306214500)
 (4084., 4084., 4080., 4084., 145., 24324, 20230306220000)
 (4081., 4086., 4080., 4086.,  39., 24308, 20230306221500)
 (4086., 4088., 4081., 4086.,  17., 24299, 20230306223000)
 (4086., 4086., 4084., 4086.,   5., 24303, 20230306224500)
 (4086., 4086., 4082., 4082.,  18., 24294, 20230306230000)
 (4086., 4094., 4080., 4090., 143., 24260, 20230307091500)
 (4089., 4091., 4085., 4091., 127., 24337, 20230307093000)
 (4091., 4112., 4091., 4109., 335., 24283, 20230307094500)
 (4110., 4124., 4107., 4115., 256., 24267, 20230307100000)
 (4115., 4118., 4109., 4117.,  61., 24244, 20230307101500)
 (4118., 4126., 4112., 4126., 116., 24203, 20230307104500)
 (4126., 4126., 4113., 4117.,  96., 24180, 20230307110000)
 (4117., 4119., 4110., 4119., 117., 24132, 20230307111500)
 (4120., 4137., 4120., 4135., 501., 23858, 20230307113000)
 (4133., 4139., 4131., 4134., 184., 23788, 20230307134500)
 (4133., 4133., 4126., 4131.,  90., 23787, 20230307140000)
 (4134., 4136., 4125., 4130.,  89., 23755, 20230307141500)
 (4129., 4131., 4122., 4123.,  89., 23770, 20230307143000)
 (4124., 4127., 4114., 4119., 364., 23796, 20230307144500)
 (4120., 4123., 4115., 4120., 143., 23750, 20230307150000)]
2023-03-08 15:30:00  INFO  [(4115., 4131., 4115., 4117.,  75., 23760, 20230307211500)
 (4120., 4122., 4120., 4120.,  56., 23767, 20230307213000)
 (4120., 4125., 4113., 4120., 480., 23567, 20230307214500)
 (4120., 4127., 4120., 4124., 125., 23591, 20230307220000)
 (4125., 4134., 4125., 4130., 248., 23683, 20230307221500)
 (4129., 4135., 4128., 4130., 102., 23698, 20230307223000)
 (4130., 4130., 4123., 4123.,  24., 23699, 20230307224500)
 (4123., 4125., 4121., 4125.,  35., 23695, 20230307230000)
 (4120., 4120., 4098., 4116., 364., 23693, 20230308091500)
 (4115., 4120., 4115., 4119.,  20., 23697, 20230308093000)
 (4118., 4128., 4118., 4125.,  54., 23688, 20230308094500)
 (4121., 4128., 4117., 4127.,  48., 23679, 20230308100000)
 (4127., 4128., 4117., 4127.,  49., 23676, 20230308101500)
 (4126., 4129., 4120., 4120., 109., 23576, 20230308104500)
 (4121., 4124., 4114., 4114., 329., 23280, 20230308110000)
 (4112., 4117., 4109., 4117.,  96., 23256, 20230308111500)
 (4117., 4119., 4109., 4109.,  58., 23245, 20230308113000)
 (4111., 4118., 4103., 4103., 101., 23257, 20230308134500)
 (4104., 4113., 4102., 4109.,  62., 23263, 20230308140000)
 (4109., 4109., 4103., 4106.,  21., 23269, 20230308141500)
 (4106., 4108., 4100., 4101., 119., 23260, 20230308143000)
 (4100., 4108., 4095., 4107., 222., 23164, 20230308144500)
 (4108., 4109., 4103., 4107., 201., 23004, 20230308150000)]
2023-03-09 15:30:00  INFO  [(4105., 4119., 4104., 4118., 132., 23008, 20230308211500)
 (4119., 4119., 4110., 4110.,  58., 23029, 20230308213000)
 (4110., 4115., 4109., 4113.,  36., 23049, 20230308214500)
 (4114., 4116., 4109., 4109., 133., 22993, 20230308220000)
 (4110., 4111., 4098., 4099., 182., 23024, 20230308221500)
 (4098., 4102., 4088., 4088., 426., 23273, 20230308223000)
 (4087., 4089., 4071., 4073., 440., 23391, 20230308224500)
 (4072., 4093., 4071., 4089., 291., 23445, 20230308230000)
 (4090., 4097., 4080., 4088., 289., 23545, 20230309091500)
 (4089., 4091., 4086., 4086.,  98., 23632, 20230309093000)
 (4089., 4091., 4081., 4089.,  53., 23638, 20230309094500)
 (4089., 4089., 4079., 4081.,  75., 23638, 20230309100000)
 (4081., 4088., 4079., 4088.,  22., 23639, 20230309101500)
 (4087., 4089., 4077., 4077.,  48., 23621, 20230309104500)
 (4077., 4083., 4070., 4077., 434., 24017, 20230309110000)
 (4073., 4076., 4066., 4071., 164., 24046, 20230309111500)
 (4069., 4083., 4067., 4076.,  79., 24062, 20230309113000)
 (4076., 4108., 4076., 4106., 651., 24127, 20230309134500)
 (4106., 4115., 4100., 4100., 524., 24257, 20230309140000)
 (4104., 4115., 4100., 4114., 311., 24168, 20230309141500)
 (4115., 4133., 4114., 4133., 821., 23911, 20230309143000)
 (4134., 4142., 4129., 4142., 391., 23790, 20230309144500)
 (4140., 4150., 4138., 4144., 543., 23613, 20230309150000)]
2023-03-10 15:30:00  INFO  [(4151., 4158., 4144., 4153., 431., 23558, 20230309211500)
 (4153., 4153., 4144., 4153., 340., 23474, 20230309213000)
 (4153., 4157., 4149., 4157., 236., 23448, 20230309214500)
 (4154., 4158., 4148., 4158., 932., 23519, 20230309220000)
 (4158., 4163., 4158., 4163., 247., 23591, 20230309221500)
 (4160., 4160., 4153., 4153., 211., 23596, 20230309223000)
 (4153., 4160., 4153., 4157.,  70., 23600, 20230309224500)
 (4158., 4162., 4155., 4157., 113., 23574, 20230309230000)
 (4163., 4163., 4150., 4156., 370., 23524, 20230310091500)
 (4156., 4159., 4148., 4148.,  68., 23513, 20230310093000)
 (4148., 4158., 4145., 4158., 132., 23513, 20230310094500)
 (4156., 4158., 4151., 4154.,  49., 23540, 20230310100000)
 (4150., 4154., 4143., 4147., 122., 23515, 20230310101500)
 (4149., 4153., 4147., 4153.,  54., 23505, 20230310104500)
 (4153., 4154., 4146., 4152.,  21., 23495, 20230310110000)
 (4152., 4152., 4141., 4141.,  65., 23525, 20230310111500)
 (4144., 4147., 4138., 4147., 228., 23603, 20230310113000)
 (4144., 4155., 4144., 4153., 239., 23565, 20230310134500)
 (4153., 4160., 4153., 4156., 305., 23516, 20230310140000)
 (4160., 4166., 4155., 4163., 280., 23428, 20230310141500)
 (4164., 4165., 4155., 4164.,  44., 23424, 20230310143000)
 (4162., 4166., 4157., 4159.,  86., 23426, 20230310144500)
 (4156., 4156., 4133., 4133., 659., 23285, 20230310150000)]
2023-03-13 15:30:00  INFO  [(4133., 4153., 4133., 4138., 491., 23224, 20230310211500)
 (4141., 4150., 4141., 4147.,  94., 23246, 20230310213000)
 (4147., 4175., 4147., 4170., 350., 23254, 20230310214500)
 (4167., 4174., 4162., 4162.,  97., 23258, 20230310220000)
 (4162., 4165., 4158., 4162.,  46., 23245, 20230310221500)
 (4162., 4170., 4160., 4162.,  33., 23250, 20230310223000)
 (4161., 4166., 4159., 4161.,  64., 23273, 20230310224500)
 (4159., 4168., 4153., 4163.,  80., 23232, 20230310230000)
 (4168., 4177., 4152., 4163., 228., 23257, 20230313091500)
 (4162., 4175., 4162., 4175., 226., 23282, 20230313093000)
 (4173., 4190., 4173., 4190., 187., 23270, 20230313094500)
 (4190., 4191., 4177., 4177., 227., 23313, 20230313100000)
 (4183., 4184., 4173., 4176., 150., 23386, 20230313101500)
 (4179., 4193., 4179., 4189., 303., 23439, 20230313104500)
 (4189., 4192., 4185., 4189., 176., 23467, 20230313110000)
 (4189., 4192., 4183., 4185., 136., 23478, 20230313111500)
 (4186., 4190., 4184., 4186., 127., 23519, 20230313113000)
 (4186., 4189., 4178., 4178.,  74., 23555, 20230313134500)
 (4179., 4184., 4176., 4181.,  69., 23581, 20230313140000)
 (4180., 4184., 4179., 4184.,  73., 23556, 20230313141500)
 (4184., 4188., 4182., 4182.,  49., 23543, 20230313143000)
 (4182., 4183., 4178., 4183.,  34., 23548, 20230313144500)
 (4185., 4189., 4183., 4185., 119., 23519, 20230313150000)]
2023-03-14 15:30:00  INFO  [(4167., 4175., 4152., 4165.,  621., 23529, 20230313211500)
 (4165., 4180., 4165., 4177.,  119., 23548, 20230313213000)
 (4177., 4180., 4172., 4175.,   62., 23559, 20230313214500)
 (4175., 4180., 4172., 4178.,   45., 23570, 20230313220000)
 (4178., 4187., 4178., 4187.,   97., 23561, 20230313221500)
 (4184., 4184., 4178., 4180.,  109., 23553, 20230313223000)
 (4180., 4191., 4180., 4186.,  131., 23527, 20230313224500)
 (4189., 4194., 4186., 4189.,   86., 23532, 20230313230000)
 (4189., 4191., 4182., 4185.,   93., 23537, 20230314091500)
 (4188., 4189., 4180., 4180.,   55., 23525, 20230314093000)
 (4179., 4181., 4175., 4180.,  170., 23527, 20230314094500)
 (4181., 4184., 4172., 4175.,  254., 23492, 20230314100000)
 (4175., 4179., 4172., 4176.,  140., 23532, 20230314101500)
 (4177., 4184., 4171., 4183.,  502., 23517, 20230314104500)
 (4181., 4181., 4159., 4163.,  456., 23664, 20230314110000)
 (4164., 4174., 4163., 4170.,  240., 23773, 20230314111500)
 (4170., 4175., 4168., 4168.,  112., 23807, 20230314113000)
 (4169., 4197., 4169., 4195.,  747., 23687, 20230314134500)
 (4195., 4200., 4190., 4199.,  629., 23693, 20230314140000)
 (4199., 4250., 4199., 4225., 1105., 23898, 20230314141500)
 (4225., 4232., 4212., 4228.,  856., 24163, 20230314143000)
 (4225., 4236., 4216., 4229.,  840., 24306, 20230314144500)
 (4228., 4232., 4210., 4228.,  629., 24596, 20230314150000)]
2023-03-15 15:30:00  INFO  [(4228., 4230., 4199., 4205., 678., 24721, 20230314211500)
 (4205., 4207., 4200., 4200., 244., 24824, 20230314213000)
 (4200., 4213., 4200., 4211., 420., 25025, 20230314214500)
 (4210., 4227., 4209., 4227., 199., 25060, 20230314220000)
 (4225., 4227., 4218., 4225.,  82., 25055, 20230314221500)
 (4225., 4232., 4223., 4223., 121., 25092, 20230314223000)
 (4224., 4225., 4220., 4221.,  21., 25097, 20230314224500)
 (4222., 4226., 4222., 4225.,  24., 25094, 20230314230000)
 (4224., 4224., 4217., 4218.,  68., 25107, 20230315091500)
 (4220., 4231., 4220., 4231.,  51., 25126, 20230315093000)
 (4230., 4230., 4223., 4226.,  90., 25143, 20230315094500)
 (4226., 4226., 4221., 4221.,  32., 25166, 20230315100000)
 (4221., 4239., 4220., 4227., 215., 25199, 20230315101500)
 (4228., 4230., 4219., 4219.,  85., 25229, 20230315104500)
 (4220., 4223., 4204., 4213., 202., 25308, 20230315110000)
 (4213., 4213., 4203., 4203., 196., 25324, 20230315111500)
 (4202., 4207., 4200., 4204., 190., 25400, 20230315113000)
 (4200., 4209., 4194., 4209., 237., 25439, 20230315134500)
 (4209., 4209., 4184., 4187., 212., 25535, 20230315140000)
 (4188., 4192., 4181., 4186., 136., 25596, 20230315141500)
 (4189., 4195., 4181., 4181., 120., 25650, 20230315143000)
 (4181., 4185., 4170., 4177., 740., 25984, 20230315144500)
 (4175., 4185., 4175., 4181., 466., 25896, 20230315150000)]
2023-03-16 15:30:00  INFO  [(4162., 4162., 4125., 4147., 1354., 26091, 20230315211500)
 (4146., 4152., 4135., 4147.,  851., 26112, 20230315213000)
 (4147., 4158., 4141., 4152.,  519., 25984, 20230315214500)
 (4154., 4156., 4140., 4140.,  110., 25997, 20230315220000)
 (4141., 4146., 4139., 4142.,  147., 26000, 20230315221500)
 (4142., 4145., 4139., 4143.,  124., 25923, 20230315223000)
 (4143., 4143., 4124., 4133.,  537., 26252, 20230315224500)
 (4131., 4138., 4131., 4135.,   61., 26234, 20230315230000)
 (4141., 4148., 4118., 4118.,  193., 26274, 20230316091500)
 (4118., 4126., 4110., 4118.,  467., 26385, 20230316093000)
 (4118., 4119., 4113., 4116.,  186., 26493, 20230316094500)
 (4115., 4119., 4111., 4112.,   81., 26514, 20230316100000)
 (4112., 4112., 4085., 4086.,  793., 26912, 20230316101500)
 (4085., 4085., 4066., 4067.,  643., 27204, 20230316104500)
 (4067., 4088., 4057., 4082.,  358., 27300, 20230316110000)
 (4079., 4096., 4078., 4088.,  257., 27321, 20230316111500)
 (4089., 4098., 4084., 4097.,  117., 27283, 20230316113000)
 (4096., 4109., 4090., 4095.,  912., 27310, 20230316134500)
 (4095., 4103., 4092., 4092.,   76., 27309, 20230316140000)
 (4094., 4096., 4071., 4076.,  184., 27319, 20230316141500)
 (4076., 4083., 4072., 4075.,  118., 27348, 20230316143000)
 (4075., 4081., 4066., 4066.,  135., 27407, 20230316144500)
 (4065., 4072., 4060., 4060.,  466., 27640, 20230316150000)]
2023-03-17 15:30:00  INFO  [(4060., 4072., 4046., 4066., 1094., 27217, 20230316211500)
 (4066., 4067., 4058., 4058.,  106., 27171, 20230316213000)
 (4058., 4058., 4042., 4044.,  223., 27180, 20230316214500)
 (4044., 4049., 4035., 4044.,  299., 27117, 20230316220000)
 (4043., 4058., 4043., 4046.,  100., 27114, 20230316221500)
 (4046., 4050., 4031., 4034.,  192., 27182, 20230316223000)
 (4030., 4039., 4020., 4032., 2293., 26753, 20230316224500)
 (4031., 4062., 4031., 4062.,  283., 26668, 20230316230000)
 (4062., 4076., 4061., 4072.,  375., 26724, 20230317091500)
 (4070., 4085., 4069., 4074.,  473., 27004, 20230317093000)
 (4075., 4078., 4071., 4074.,  226., 27011, 20230317094500)
 (4072., 4080., 4070., 4080.,  127., 27001, 20230317100000)
 (4080., 4089., 4076., 4083.,  100., 26992, 20230317101500)
 (4085., 4098., 4081., 4098.,  225., 27003, 20230317104500)
 (4095., 4098., 4083., 4088.,  442., 27217, 20230317110000)
 (4085., 4105., 4082., 4102.,  267., 27251, 20230317111500)
 (4104., 4108., 4098., 4108.,  249., 27347, 20230317113000)
 (4109., 4109., 4088., 4094.,  365., 27388, 20230317134500)
 (4093., 4100., 4086., 4087.,  143., 27381, 20230317140000)
 (4084., 4085., 4077., 4083.,  135., 27411, 20230317141500)
 (4081., 4087., 4077., 4079.,   96., 27411, 20230317143000)
 (4078., 4086., 4071., 4086.,  108., 27427, 20230317144500)
 (4083., 4094., 4082., 4087.,   92., 27406, 20230317150000)]
2023-03-20 15:30:00  INFO  [(4091., 4115., 4091., 4100.,  386., 27441, 20230317211500)
 (4098., 4107., 4098., 4103.,  382., 27491, 20230317213000)
 (4104., 4108., 4100., 4103.,   42., 27492, 20230317214500)
 (4102., 4102., 4089., 4089.,   92., 27509, 20230317220000)
 (4092., 4095., 4087., 4089.,   45., 27496, 20230317221500)
 (4088., 4091., 4085., 4087.,   15., 27501, 20230317223000)
 (4087., 4094., 4082., 4083.,   67., 27513, 20230317224500)
 (4086., 4095., 4086., 4089.,  221., 27433, 20230317230000)
 (4096., 4100., 4060., 4081.,  604., 27484, 20230320091500)
 (4074., 4093., 4074., 4090.,  287., 27599, 20230320093000)
 (4087., 4092., 4063., 4069.,  430., 27686, 20230320094500)
 (4066., 4072., 4045., 4051.,  352., 27783, 20230320100000)
 (4048., 4060., 4048., 4059.,   75., 27790, 20230320101500)
 (4059., 4061., 4054., 4057.,  191., 27793, 20230320104500)
 (4057., 4080., 4055., 4071.,  184., 27788, 20230320110000)
 (4067., 4068., 4058., 4059.,   82., 27792, 20230320111500)
 (4059., 4060., 4052., 4057.,   92., 27825, 20230320113000)
 (4057., 4062., 4050., 4052.,  131., 27844, 20230320134500)
 (4051., 4060., 4051., 4052.,   62., 27853, 20230320140000)
 (4055., 4056., 4041., 4041.,  117., 27871, 20230320141500)
 (4042., 4046., 4032., 4042.,  310., 27970, 20230320143000)
 (4039., 4048., 4036., 4036.,  349., 28218, 20230320144500)
 (4036., 4040., 4030., 4030., 1112., 28522, 20230320150000)]
2023-03-21 15:30:00  INFO  [(4034., 4049., 4030., 4042., 237., 28605, 20230320211500)
 (4038., 4048., 4038., 4042., 107., 28624, 20230320213000)
 (4041., 4041., 4034., 4034.,  57., 28626, 20230320214500)
 (4036., 4044., 4030., 4043., 143., 28644, 20230320220000)
 (4042., 4047., 4036., 4036.,  45., 28650, 20230320221500)
 (4033., 4038., 4031., 4031.,  50., 28656, 20230320223000)
 (4030., 4036., 4017., 4022., 538., 28603, 20230320224500)
 (4020., 4032., 4020., 4030., 378., 28560, 20230320230000)
 (4032., 4052., 4028., 4048., 386., 28494, 20230321091500)
 (4048., 4056., 4047., 4050., 106., 28508, 20230321093000)
 (4050., 4053., 4042., 4042.,  70., 28513, 20230321094500)
 (4041., 4048., 4040., 4043.,  67., 28512, 20230321100000)
 (4043., 4050., 4036., 4036.,  45., 28513, 20230321101500)
 (4037., 4040., 4007., 4013., 592., 28714, 20230321104500)
 (4012., 4021., 4007., 4009., 188., 28732, 20230321110000)
 (4006., 4018., 4003., 4010., 248., 28901, 20230321111500)
 (4006., 4016., 4005., 4008., 180., 28867, 20230321113000)
 (4011., 4015., 3988., 3992., 882., 29171, 20230321134500)
 (3992., 3999., 3988., 3995., 734., 29338, 20230321140000)
 (3995., 4004., 3995., 3998., 132., 29318, 20230321141500)
 (3998., 4004., 3998., 4001., 111., 29320, 20230321143000)
 (3998., 4006., 3996., 4004.,  59., 29339, 20230321144500)
 (4001., 4005., 3990., 3990., 202., 29336, 20230321150000)]
2023-03-22 15:30:00  INFO  [(3998., 4008., 3992., 4001., 868., 29345, 20230321211500)
 (4001., 4007., 3997., 4007., 361., 29351, 20230321213000)
 (4007., 4025., 4007., 4022., 336., 29283, 20230321214500)
 (4022., 4022., 4015., 4019., 359., 29192, 20230321220000)
 (4017., 4020., 4014., 4015., 104., 29201, 20230321221500)
 (4013., 4016., 4002., 4007., 190., 29247, 20230321223000)
 (4008., 4019., 4008., 4014.,  49., 29254, 20230321224500)
 (4015., 4033., 4015., 4026., 428., 29192, 20230321230000)
 (4026., 4036., 4022., 4026., 222., 29170, 20230322091500)
 (4026., 4026., 4014., 4022., 414., 29227, 20230322093000)
 (4022., 4026., 4010., 4010., 221., 29222, 20230322094500)
 (4013., 4013., 3997., 3997., 687., 29328, 20230322100000)
 (3997., 4005., 3981., 3994., 285., 29384, 20230322101500)
 (3992., 3994., 3979., 3982., 625., 29615, 20230322104500)
 (3982., 3995., 3978., 3980., 598., 29808, 20230322110000)
 (3980., 3986., 3975., 3978., 218., 29769, 20230322111500)
 (3978., 3983., 3976., 3979., 126., 29732, 20230322113000)
 (3979., 3981., 3971., 3975., 225., 29797, 20230322134500)
 (3975., 3983., 3975., 3977.,  89., 29790, 20230322140000)
 (3975., 3977., 3969., 3973., 198., 29801, 20230322141500)
 (3972., 3995., 3972., 3993., 283., 29723, 20230322143000)
 (3993., 3999., 3987., 3995., 564., 29771, 20230322144500)
 (3994., 4010., 3992., 3999., 291., 29748, 20230322150000)]
2023-03-23 15:30:00  INFO  [(4002., 4007., 3997., 3997.,  138., 29789, 20230322211500)
 (3997., 4003., 3990., 3992.,  142., 29807, 20230322213000)
 (3992., 3994., 3988., 3992.,  106., 29843, 20230322214500)
 (3995., 3995., 3989., 3990.,  206., 29842, 20230322220000)
 (3990., 3999., 3990., 3996.,   67., 29823, 20230322221500)
 (3995., 4000., 3995., 4000.,   52., 29800, 20230322223000)
 (3999., 4011., 3999., 4007.,  169., 29812, 20230322224500)
 (4007., 4020., 4006., 4020.,  173., 29767, 20230322230000)
 (4018., 4024., 4003., 4023.,  431., 29769, 20230323091500)
 (4023., 4028., 4017., 4024.,  559., 29672, 20230323093000)
 (4024., 4027., 4014., 4014.,  513., 29532, 20230323094500)
 (4014., 4020., 4014., 4017.,   92., 29516, 20230323100000)
 (4017., 4028., 4005., 4010.,  240., 29496, 20230323101500)
 (4011., 4017., 4008., 4014.,  106., 29541, 20230323104500)
 (4014., 4024., 4012., 4012.,   87., 29537, 20230323110000)
 (4013., 4014., 4007., 4008.,   51., 29541, 20230323111500)
 (4008., 4008., 3993., 3997.,  279., 29534, 20230323113000)
 (3992., 3992., 3960., 3963., 1677., 29791, 20230323134500)
 (3965., 3965., 3950., 3960., 1362., 30448, 20230323140000)
 (3960., 3967., 3958., 3962.,  863., 30887, 20230323141500)
 (3963., 3971., 3962., 3967.,  350., 30955, 20230323143000)
 (3964., 3967., 3962., 3962.,  328., 31208, 20230323144500)
 (3962., 3965., 3950., 3956., 1076., 31644, 20230323150000)]
2023-03-24 15:30:00  INFO  [(3958., 3963., 3946., 3961.,  558., 31839, 20230323211500)
 (3962., 3964., 3948., 3959.,  307., 31851, 20230323213000)
 (3960., 3966., 3957., 3960., 1187., 32557, 20230323214500)
 (3961., 3963., 3954., 3954.,  682., 32700, 20230323220000)
 (3954., 3959., 3950., 3953.,  271., 32653, 20230323221500)
 (3953., 3955., 3940., 3950.,  269., 32675, 20230323223000)
 (3951., 3953., 3945., 3949.,   70., 32689, 20230323224500)
 (3952., 3968., 3952., 3966.,  180., 32662, 20230323230000)
 (3958., 3960., 3935., 3945.,  970., 32520, 20230324091500)
 (3943., 3949., 3928., 3935.,  733., 32694, 20230324093000)
 (3933., 3947., 3931., 3944.,  482., 32944, 20230324094500)
 (3943., 3943., 3930., 3931.,  320., 33134, 20230324100000)
 (3932., 3952., 3932., 3944.,  216., 33191, 20230324101500)
 (3945., 3954., 3938., 3944.,  260., 33268, 20230324104500)
 (3946., 3969., 3946., 3960.,  272., 33220, 20230324110000)
 (3957., 3959., 3944., 3955.,  115., 33233, 20230324111500)
 (3954., 3970., 3953., 3967.,  112., 33253, 20230324113000)
 (3969., 3985., 3969., 3972.,  633., 33455, 20230324134500)
 (3970., 3977., 3965., 3973.,  308., 33520, 20230324140000)
 (3973., 3987., 3971., 3986.,  374., 33589, 20230324141500)
 (3987., 3995., 3979., 3991.,  466., 33626, 20230324143000)
 (3989., 3991., 3977., 3991.,  358., 33610, 20230324144500)
 (3991., 3991., 3975., 3977.,  169., 33590, 20230324150000)]
2023-03-27 15:30:00  INFO  [(3955., 3973., 3942., 3965., 1554., 34556, 20230324211500)
 (3966., 3977., 3963., 3971.,  279., 34592, 20230324213000)
 (3971., 3977., 3969., 3975.,   39., 34606, 20230324214500)
 (3974., 3997., 3972., 3994.,  249., 34595, 20230324220000)
 (3997., 3999., 3988., 3998.,  203., 34675, 20230324221500)
 (3996., 3997., 3973., 3978.,  146., 34694, 20230324223000)
 (3977., 3986., 3977., 3979.,   79., 34689, 20230324224500)
 (3979., 3981., 3955., 3956.,  751., 34666, 20230324230000)
 (3957., 3989., 3957., 3986., 1507., 35299, 20230327091500)
 (3986., 3999., 3984., 3995., 1734., 36612, 20230327093000)
 (3995., 3995., 3984., 3991., 2207., 38189, 20230327094500)
 (3991., 3992., 3979., 3984.,  714., 38722, 20230327100000)
 (3985., 3986., 3973., 3986.,  414., 38814, 20230327101500)
 (3983., 3988., 3981., 3988.,  208., 38926, 20230327104500)
 (3987., 3988., 3977., 3984.,  478., 39346, 20230327110000)
 (3982., 3985., 3979., 3980.,   72., 39395, 20230327111500)
 (3979., 3984., 3967., 3970.,  474., 39653, 20230327113000)
 (3975., 3979., 3968., 3968., 1087., 40645, 20230327134500)
 (3968., 3988., 3968., 3977.,  837., 41103, 20230327140000)
 (3978., 3991., 3978., 3987.,  310., 41191, 20230327141500)
 (3987., 3987., 3978., 3982.,  706., 41670, 20230327143000)
 (3981., 3986., 3980., 3981.,  186., 41697, 20230327144500)
 (3980., 3984., 3976., 3981.,  146., 41678, 20230327150000)]
2023-03-28 15:30:00  INFO  [(3995., 3999., 3985., 3995.,  9503., 48559, 20230327211500)
 (3996., 4009., 3994., 4001., 11437., 56768, 20230327213000)
 (4001., 4019., 4000., 4004., 10038., 63589, 20230327214500)
 (4004., 4007., 4000., 4005.,   247., 63694, 20230327220000)
 (4005., 4007., 3985., 3991.,   369., 63880, 20230327221500)
 (3995., 3998., 3989., 3992.,   214., 64052, 20230327223000)
 (3990., 3995., 3988., 3993.,   181., 64137, 20230327224500)
 (3993., 4004., 3989., 3989.,   129., 64131, 20230327230000)
 (3992., 4008., 3992., 4004.,   680., 64367, 20230328091500)
 (4004., 4014., 4001., 4014.,   538., 64620, 20230328093000)
 (4011., 4013., 3996., 4001.,   483., 64812, 20230328094500)
 (4005., 4019., 4002., 4017.,   476., 65094, 20230328100000)
 (4019., 4021., 4011., 4019.,   365., 65241, 20230328101500)
 (4019., 4028., 4018., 4027.,   415., 65458, 20230328104500)
 (4027., 4027., 4018., 4023.,   298., 65600, 20230328110000)
 (4025., 4025., 4015., 4025.,   214., 65666, 20230328111500)
 (4025., 4029., 4018., 4028.,   240., 65652, 20230328113000)
 (4028., 4029., 4016., 4018.,   308., 65694, 20230328134500)
 (4018., 4023., 4010., 4013.,   305., 65872, 20230328140000)
 (4015., 4018., 4009., 4013.,   241., 66008, 20230328141500)
 (4013., 4020., 4013., 4019.,   102., 65988, 20230328143000)
 (4018., 4021., 4016., 4020.,   200., 66107, 20230328144500)
 (4017., 4023., 4016., 4023.,   111., 66098, 20230328150000)]
2023-03-29 15:30:00  INFO  [(4025., 4036., 4025., 4032.,   613., 66404, 20230328211500)
 (4033., 4033., 4028., 4032.,   103., 66430, 20230328213000)
 (4032., 4038., 4032., 4038.,   190., 66451, 20230328214500)
 (4036., 4046., 4033., 4046.,   281., 66482, 20230328220000)
 (4043., 4048., 4036., 4038.,   281., 66507, 20230328221500)
 (4036., 4036., 4028., 4030.,   272., 66578, 20230328223000)
 (4032., 4038., 4030., 4035.,    45., 66587, 20230328224500)
 (4036., 4038., 4025., 4031.,   112., 66579, 20230328230000)
 (4029., 4037., 4016., 4023.,  1097., 66719, 20230329091500)
 (4023., 4028., 4020., 4022.,    42., 66751, 20230329093000)
 (4023., 4029., 4020., 4027.,   116., 66814, 20230329094500)
 (4027., 4038., 4027., 4037.,   637., 67350, 20230329100000)
 (4037., 4038., 4028., 4033.,  4040., 70822, 20230329101500)
 (4033., 4056., 4033., 4035., 14263., 78378, 20230329104500)
 (4035., 4042., 4033., 4035.,   896., 78655, 20230329110000)
 (4035., 4038., 4028., 4031.,   828., 78874, 20230329111500)
 (4030., 4033., 4023., 4025.,  1242., 79630, 20230329113000)
 (4025., 4038., 4023., 4037.,   810., 79997, 20230329134500)
 (4034., 4037., 4030., 4036.,   430., 80143, 20230329140000)
 (4037., 4037., 4021., 4021.,  1181., 81074, 20230329141500)
 (4021., 4031., 4021., 4029.,   302., 81218, 20230329143000)
 (4029., 4034., 4025., 4033.,   117., 81182, 20230329144500)
 (4031., 4044., 4027., 4043.,   433., 81120, 20230329150000)]
2023-03-30 15:30:00  INFO  [(4060., 4067., 4044., 4044.,  594., 81195, 20230329211500)
 (4045., 4048., 4041., 4042.,  972., 82025, 20230329213000)
 (4045., 4051., 4042., 4048.,   61., 82045, 20230329214500)
 (4045., 4046., 4041., 4043.,   70., 82082, 20230329220000)
 (4044., 4049., 4044., 4049.,  106., 82142, 20230329221500)
 (4045., 4049., 4042., 4043.,   53., 82171, 20230329223000)
 (4046., 4049., 4041., 4042.,  120., 82213, 20230329224500)
 (4042., 4049., 4041., 4049.,  111., 82252, 20230329230000)
 (4046., 4048., 4034., 4034.,  715., 82766, 20230330091500)
 (4034., 4036., 4031., 4032., 1484., 83126, 20230330093000)
 (4031., 4038., 4028., 4030., 1141., 84040, 20230330094500)
 (4031., 4033., 4028., 4028.,   74., 84083, 20230330100000)
 (4029., 4041., 4028., 4040.,  206., 84117, 20230330101500)
 (4040., 4042., 4031., 4031.,   36., 84126, 20230330104500)
 (4030., 4032., 4027., 4028., 1156., 85160, 20230330110000)
 (4030., 4035., 4028., 4028.,  302., 85111, 20230330111500)
 (4033., 4053., 4033., 4053.,  393., 85185, 20230330113000)
 (4053., 4053., 4022., 4024., 1081., 85647, 20230330134500)
 (4024., 4047., 4024., 4046.,  409., 85529, 20230330140000)
 (4047., 4049., 4043., 4043.,  439., 85469, 20230330141500)
 (4041., 4044., 4026., 4031.,  224., 85495, 20230330143000)
 (4031., 4045., 4031., 4042.,  143., 85469, 20230330144500)
 (4042., 4047., 4037., 4044.,  456., 85609, 20230330150000)]
2023-03-31 15:30:00  INFO  [(4065., 4065., 4043., 4049., 1773., 87211, 20230330211500)
 (4049., 4062., 4049., 4056.,  313., 87280, 20230330213000)
 (4055., 4057., 4049., 4052.,  174., 87338, 20230330214500)
 (4052., 4057., 4051., 4056.,  349., 87361, 20230330220000)
 (4054., 4057., 4050., 4053.,  436., 87464, 20230330221500)
 (4053., 4053., 4050., 4053.,  114., 87466, 20230330223000)
 (4050., 4056., 4050., 4055.,   75., 87458, 20230330224500)
 (4056., 4058., 4050., 4052.,  356., 87535, 20230330230000)
 (4053., 4082., 4053., 4078.,  620., 87685, 20230331091500)
 (4078., 4082., 4069., 4082.,  483., 87688, 20230331093000)
 (4083., 4085., 4073., 4082.,  324., 87830, 20230331094500)
 (4083., 4085., 4075., 4085.,  281., 87857, 20230331100000)
 (4086., 4094., 4080., 4083.,  578., 87873, 20230331101500)
 (4087., 4095., 4082., 4090.,  468., 87807, 20230331104500)
 (4090., 4091., 4081., 4081.,  263., 87863, 20230331110000)
 (4082., 4085., 4079., 4081.,  116., 87850, 20230331111500)
 (4082., 4087., 4075., 4075.,  248., 88004, 20230331113000)
 (4075., 4079., 4073., 4075.,  177., 88113, 20230331134500)
 (4074., 4081., 4073., 4074.,  221., 88144, 20230331140000)
 (4078., 4080., 4067., 4067.,  313., 88348, 20230331141500)
 (4067., 4070., 4053., 4055.,  540., 88589, 20230331143000)
 (4058., 4061., 4052., 4056.,  230., 88655, 20230331144500)
 (4056., 4066., 4055., 4055.,  522., 88537, 20230331150000)]
2023-04-03 15:30:00  INFO  [(4059., 4064., 4037., 4056.,  457., 88588, 20230331211500)
 (4058., 4058., 4042., 4047.,  311., 88761, 20230331213000)
 (4047., 4056., 4046., 4051.,  540., 89115, 20230331214500)
 (4051., 4055., 4045., 4053.,  445., 89425, 20230331220000)
 (4051., 4055., 4042., 4047.,  121., 89426, 20230331221500)
 (4047., 4050., 4038., 4038.,  181., 89485, 20230331223000)
 (4038., 4045., 4038., 4038.,  230., 89602, 20230331224500)
 (4038., 4043., 4031., 4031.,  261., 89653, 20230331230000)
 (4050., 4050., 4008., 4019.,  969., 89637, 20230403091500)
 (4018., 4028., 4010., 4014.,  308., 89774, 20230403093000)
 (4012., 4022., 4011., 4014.,  108., 89773, 20230403094500)
 (4013., 4017., 4008., 4010.,  218., 89863, 20230403100000)
 (4010., 4011., 3993., 3993.,  659., 89864, 20230403101500)
 (3992., 3998., 3984., 3995., 1068., 90192, 20230403104500)
 (3992., 3994., 3977., 3977.,  313., 90188, 20230403110000)
 (3979., 3991., 3975., 3985.,  313., 90247, 20230403111500)
 (3985., 3985., 3969., 3979., 1154., 90239, 20230403113000)
 (3978., 3985., 3976., 3977.,  615., 90258, 20230403134500)
 (3976., 3976., 3964., 3967., 1276., 91101, 20230403140000)
 (3964., 3976., 3961., 3970., 1108., 91482, 20230403141500)
 (3970., 3977., 3966., 3971., 1316., 91831, 20230403143000)
 (3969., 3973., 3954., 3957., 1817., 92655, 20230403144500)
 (3957., 3963., 3947., 3947., 2419., 93788, 20230403150000)]
2023-04-04 15:30:00  INFO  [(3952., 3954., 3928., 3948., 2262., 95602, 20230403211500)
 (3949., 3959., 3946., 3957.,  247., 95570, 20230403213000)
 (3958., 3965., 3956., 3961., 1275., 96605, 20230403214500)
 (3961., 3961., 3948., 3950.,  220., 96668, 20230403220000)
 (3950., 3961., 3950., 3954.,   87., 96639, 20230403221500)
 (3956., 3956., 3952., 3955.,   34., 96639, 20230403223000)
 (3955., 3959., 3949., 3957.,  119., 96663, 20230403224500)
 (3957., 3958., 3950., 3956.,  101., 96663, 20230403230000)
 (3956., 3956., 3921., 3923.,  459., 96822, 20230404091500)
 (3923., 3931., 3915., 3919., 1371., 97799, 20230404093000)
 (3917., 3924., 3916., 3918.,  312., 97913, 20230404094500)
 (3918., 3935., 3916., 3918.,  398., 97967, 20230404100000)
 (3918., 3923., 3912., 3918.,  256., 97939, 20230404101500)
 (3918., 3918., 3908., 3909.,  702., 98442, 20230404104500)
 (3910., 3924., 3910., 3914.,  791., 99020, 20230404110000)
 (3914., 3920., 3911., 3913.,  144., 99070, 20230404111500)
 (3914., 3916., 3906., 3912.,  445., 99345, 20230404113000)
 (3912., 3925., 3912., 3915.,  347., 99373, 20230404134500)
 (3915., 3922., 3913., 3917.,  177., 99436, 20230404140000)
 (3916., 3917., 3910., 3912.,  160., 99515, 20230404141500)
 (3913., 3914., 3905., 3906.,  462., 99684, 20230404143000)
 (3908., 3924., 3903., 3924.,  413., 99655, 20230404144500)
 (3921., 3921., 3907., 3909.,  687., 99967, 20230404150000)]
2023-04-06 15:30:00  INFO  [(3914., 3920., 3911., 3913.,  144.,  99070, 20230404111500)
 (3914., 3916., 3906., 3912.,  445.,  99345, 20230404113000)
 (3912., 3925., 3912., 3915.,  347.,  99373, 20230404134500)
 (3915., 3922., 3913., 3917.,  177.,  99436, 20230404140000)
 (3916., 3917., 3910., 3912.,  160.,  99515, 20230404141500)
 (3913., 3914., 3905., 3906.,  462.,  99684, 20230404143000)
 (3908., 3924., 3903., 3924.,  413.,  99655, 20230404144500)
 (3921., 3921., 3907., 3909.,  687.,  99967, 20230404150000)
 (3904., 3911., 3866., 3906., 1875., 100812, 20230406091500)
 (3907., 3910., 3888., 3894.,  645., 101075, 20230406093000)
 (3892., 3900., 3888., 3888.,  341., 101070, 20230406094500)
 (3890., 3898., 3888., 3897.,  130., 101094, 20230406100000)
 (3897., 3909., 3894., 3903.,  541., 101262, 20230406101500)
 (3903., 3908., 3891., 3893.,  486., 101259, 20230406104500)
 (3893., 3897., 3885., 3888.,  592., 101456, 20230406110000)
 (3889., 3895., 3885., 3885.,  328., 101588, 20230406111500)
 (3885., 3887., 3866., 3873.,  857., 101782, 20230406113000)
 (3870., 3879., 3861., 3875.,  911., 102232, 20230406134500)
 (3874., 3875., 3858., 3867., 1048., 102618, 20230406140000)
 (3867., 3871., 3863., 3865.,  245., 102754, 20230406141500)
 (3866., 3875., 3864., 3873.,  307., 102880, 20230406143000)
 (3873., 3894., 3870., 3881.,  812., 102835, 20230406144500)
 (3881., 3881., 3868., 3873.,  426., 102858, 20230406150000)]
2023-04-07 15:30:00  INFO  [(3890., 3917., 3861., 3912., 3446., 104885, 20230406211500)
 (3911., 3924., 3907., 3920.,  670., 104740, 20230406213000)
 (3920., 3922., 3901., 3911.,  327., 104736, 20230406214500)
 (3909., 3912., 3896., 3898.,  290., 104675, 20230406220000)
 (3903., 3910., 3901., 3907.,   98., 104699, 20230406221500)
 (3908., 3908., 3899., 3902.,  105., 104741, 20230406223000)
 (3902., 3908., 3902., 3907.,   50., 104742, 20230406224500)
 (3907., 3911., 3902., 3908.,  117., 104716, 20230406230000)
 (3908., 3924., 3908., 3923.,  268., 104741, 20230407091500)
 (3924., 3926., 3911., 3916.,  680., 105071, 20230407093000)
 (3913., 3920., 3910., 3918.,  141., 105096, 20230407094500)
 (3918., 3919., 3915., 3916.,   76., 105099, 20230407100000)
 (3916., 3926., 3914., 3920.,  276., 105087, 20230407101500)
 (3919., 3933., 3919., 3925., 2479., 105720, 20230407104500)
 (3926., 3926., 3916., 3921.,  122., 105694, 20230407110000)
 (3920., 3927., 3914., 3917.,  158., 105706, 20230407111500)
 (3920., 3923., 3916., 3919.,   89., 105712, 20230407113000)
 (3922., 3932., 3922., 3931.,  276., 105688, 20230407134500)
 (3931., 3931., 3923., 3925.,  224., 105594, 20230407140000)
 (3924., 3927., 3922., 3924.,  153., 105543, 20230407141500)
 (3921., 3929., 3916., 3916.,  120., 105551, 20230407143000)
 (3916., 3920., 3910., 3917.,  258., 105459, 20230407144500)
 (3916., 3920., 3906., 3917.,  383., 105427, 20230407150000)]
2023-04-10 15:30:00  INFO  [(3927., 3947., 3924., 3940., 3355., 108001, 20230407211500)
 (3941., 3941., 3931., 3939., 1518., 109049, 20230407213000)
 (3940., 3940., 3930., 3930.,  265., 109140, 20230407214500)
 (3930., 3931., 3925., 3931.,  346., 109172, 20230407220000)
 (3932., 3932., 3918., 3925.,  173., 109139, 20230407221500)
 (3921., 3924., 3920., 3921.,  136., 109186, 20230407223000)
 (3922., 3929., 3916., 3921.,  485., 109001, 20230407224500)
 (3920., 3931., 3919., 3926.,   93., 108956, 20230407230000)
 (3923., 3923., 3868., 3874., 1863., 109453, 20230410091500)
 (3871., 3878., 3866., 3871.,  456., 109560, 20230410093000)
 (3869., 3872., 3861., 3866.,  543., 109772, 20230410094500)
 (3868., 3876., 3865., 3866., 1838., 109487, 20230410100000)
 (3867., 3872., 3864., 3868.,  248., 109624, 20230410101500)
 (3868., 3868., 3849., 3852., 1605., 110480, 20230410104500)
 (3850., 3859., 3847., 3849.,  309., 110577, 20230410110000)
 (3850., 3852., 3835., 3838.,  631., 110921, 20230410111500)
 (3840., 3846., 3831., 3831.,  880., 111397, 20230410113000)
 (3831., 3843., 3830., 3830., 1003., 111949, 20230410134500)
 (3830., 3833., 3820., 3822.,  772., 112379, 20230410140000)
 (3822., 3827., 3813., 3821., 1547., 113445, 20230410141500)
 (3823., 3826., 3817., 3822., 1254., 113175, 20230410143000)
 (3823., 3827., 3819., 3825.,  748., 113368, 20230410144500)
 (3825., 3836., 3817., 3830., 1275., 113277, 20230410150000)]
2023-04-11 15:30:00  INFO  [(3819., 3842., 3819., 3840., 1144., 112810, 20230410211500)
 (3839., 3845., 3831., 3839., 1242., 113275, 20230410213000)
 (3838., 3840., 3831., 3837.,  320., 113265, 20230410214500)
 (3838., 3838., 3824., 3830.,  355., 113408, 20230410220000)
 (3828., 3838., 3828., 3834.,  433., 113338, 20230410221500)
 (3832., 3835., 3830., 3830.,  503., 113412, 20230410223000)
 (3833., 3838., 3827., 3830.,  612., 113472, 20230410224500)
 (3827., 3828., 3810., 3816.,  492., 113558, 20230410230000)
 (3817., 3822., 3803., 3808., 2096., 113345, 20230411091500)
 (3808., 3816., 3806., 3810.,  369., 113242, 20230411093000)
 (3808., 3811., 3800., 3804., 1237., 113407, 20230411094500)
 (3802., 3805., 3796., 3798., 3269., 115922, 20230411100000)
 (3797., 3819., 3796., 3817.,  950., 115996, 20230411101500)
 (3820., 3842., 3817., 3829.,  963., 115816, 20230411104500)
 (3830., 3830., 3816., 3817.,  301., 115827, 20230411110000)
 (3817., 3830., 3812., 3827.,  192., 115857, 20230411111500)
 (3824., 3835., 3824., 3832.,  209., 115771, 20230411113000)
 (3833., 3838., 3825., 3830.,  236., 115794, 20230411134500)
 (3828., 3831., 3821., 3827.,  117., 115819, 20230411140000)
 (3827., 3850., 3823., 3850.,  373., 115838, 20230411141500)
 (3850., 3852., 3845., 3845.,  611., 115909, 20230411143000)
 (3845., 3868., 3844., 3863., 1272., 116113, 20230411144500)
 (3866., 3867., 3855., 3863.,  631., 116212, 20230411150000)]
2023-04-12 15:30:00  INFO  [(3878., 3883., 3847., 3850., 1643., 116536, 20230411211500)
 (3848., 3854., 3846., 3850.,  613., 116635, 20230411213000)
 (3850., 3850., 3844., 3846.,  658., 116685, 20230411214500)
 (3846., 3850., 3841., 3843.,  324., 116731, 20230411220000)
 (3845., 3851., 3845., 3850.,  161., 116809, 20230411221500)
 (3851., 3851., 3838., 3841., 1350., 117814, 20230411223000)
 (3843., 3843., 3836., 3840., 1316., 118909, 20230411224500)
 (3840., 3840., 3830., 3830.,  612., 118623, 20230411230000)
 (3833., 3843., 3831., 3839.,  575., 118964, 20230412091500)
 (3833., 3846., 3833., 3846.,  266., 119018, 20230412093000)
 (3844., 3856., 3843., 3855.,  177., 118955, 20230412094500)
 (3855., 3860., 3849., 3855.,  383., 118851, 20230412100000)
 (3855., 3861., 3855., 3857., 2340., 120915, 20230412101500)
 (3859., 3859., 3836., 3840., 3214., 123393, 20230412104500)
 (3839., 3841., 3831., 3834.,  235., 123383, 20230412110000)
 (3835., 3840., 3830., 3832.,  643., 123863, 20230412111500)
 (3836., 3841., 3816., 3835., 1045., 124222, 20230412113000)
 (3834., 3835., 3816., 3822.,  586., 124274, 20230412134500)
 (3822., 3836., 3822., 3831.,  275., 124214, 20230412140000)
 (3831., 3831., 3822., 3826.,  288., 124327, 20230412141500)
 (3828., 3839., 3825., 3833.,  508., 124504, 20230412143000)
 (3833., 3836., 3821., 3825.,  684., 125021, 20230412144500)
 (3823., 3834., 3822., 3832.,  344., 125051, 20230412150000)]
2023-04-13 15:30:00  INFO  [(3833., 3839., 3813., 3819., 2249., 126308, 20230412211500)
 (3819., 3820., 3809., 3818., 1717., 126613, 20230412213000)
 (3818., 3820., 3812., 3816.,  306., 126619, 20230412214500)
 (3819., 3827., 3816., 3821.,   78., 126625, 20230412220000)
 (3821., 3827., 3821., 3824.,   68., 126596, 20230412221500)
 (3824., 3825., 3820., 3821.,   46., 126601, 20230412223000)
 (3823., 3823., 3814., 3814.,  130., 126671, 20230412224500)
 (3813., 3813., 3800., 3806., 2220., 127871, 20230412230000)
 (3806., 3811., 3794., 3797.,  786., 128345, 20230413091500)
 (3795., 3801., 3783., 3799.,  984., 128926, 20230413093000)
 (3801., 3809., 3795., 3806.,  728., 128945, 20230413094500)
 (3806., 3810., 3800., 3805.,  318., 128888, 20230413100000)
 (3801., 3804., 3794., 3803.,  330., 128932, 20230413101500)
 (3805., 3817., 3800., 3814., 1681., 129866, 20230413104500)
 (3814., 3816., 3804., 3804.,   99., 129886, 20230413110000)
 (3805., 3815., 3804., 3815.,  212., 129927, 20230413111500)
 (3816., 3824., 3813., 3813.,  621., 130169, 20230413113000)
 (3812., 3812., 3787., 3789., 1974., 131058, 20230413134500)
 (3789., 3813., 3789., 3801., 1521., 131345, 20230413140000)
 (3800., 3802., 3790., 3796.,  844., 131556, 20230413141500)
 (3796., 3796., 3784., 3787., 2910., 133159, 20230413143000)
 (3787., 3799., 3782., 3799.,  726., 133226, 20230413144500)
 (3800., 3805., 3794., 3803.,  718., 133365, 20230413150000)]
2023-04-14 15:30:00  INFO  [(3792., 3828., 3792., 3820., 2423., 134606, 20230413211500)
 (3820., 3826., 3818., 3824.,  622., 134570, 20230413213000)
 (3826., 3826., 3817., 3821.,  293., 134620, 20230413214500)
 (3821., 3835., 3818., 3833.,  462., 134749, 20230413220000)
 (3833., 3835., 3829., 3832.,  241., 134824, 20230413221500)
 (3832., 3840., 3831., 3837.,  514., 134768, 20230413223000)
 (3835., 3836., 3829., 3830.,  183., 134787, 20230413224500)
 (3832., 3849., 3828., 3838.,  344., 134855, 20230413230000)
 (3842., 3845., 3838., 3845., 1136., 135150, 20230414091500)
 (3845., 3848., 3840., 3848.,  928., 135118, 20230414093000)
 (3849., 3857., 3847., 3856.,  949., 135503, 20230414094500)
 (3857., 3860., 3853., 3857.,  285., 135522, 20230414100000)
 (3859., 3875., 3856., 3861.,  948., 135590, 20230414101500)
 (3861., 3862., 3848., 3852.,  237., 135561, 20230414104500)
 (3851., 3852., 3840., 3843.,  497., 135593, 20230414110000)
 (3844., 3845., 3836., 3838.,  312., 135570, 20230414111500)
 (3837., 3841., 3830., 3835.,  191., 135514, 20230414113000)
 (3835., 3839., 3831., 3833.,  268., 135610, 20230414134500)
 (3832., 3840., 3832., 3836.,  228., 135690, 20230414140000)
 (3836., 3837., 3832., 3833.,  643., 136008, 20230414141500)
 (3832., 3844., 3832., 3844.,  343., 136160, 20230414143000)
 (3842., 3844., 3816., 3816., 1581., 136850, 20230414144500)
 (3816., 3824., 3808., 3824., 1159., 136739, 20230414150000)]
2023-04-17 15:30:00  INFO  [(3814., 3829., 3814., 3829.,  453., 136767, 20230414211500)
 (3829., 3841., 3825., 3838., 1612., 137643, 20230414213000)
 (3837., 3847., 3837., 3846.,  899., 137906, 20230414214500)
 (3847., 3847., 3831., 3834.,  578., 137998, 20230414220000)
 (3833., 3833., 3816., 3816.,  743., 138270, 20230414221500)
 (3816., 3822., 3807., 3811.,  411., 138256, 20230414223000)
 (3810., 3813., 3802., 3806.,  439., 138406, 20230414224500)
 (3808., 3819., 3795., 3817., 1556., 138461, 20230414230000)
 (3819., 3819., 3800., 3805., 2551., 139655, 20230417091500)
 (3808., 3825., 3808., 3816.,  536., 139861, 20230417093000)
 (3817., 3834., 3814., 3830.,  372., 139986, 20230417094500)
 (3829., 3830., 3822., 3826.,  265., 140015, 20230417100000)
 (3825., 3825., 3812., 3817.,  594., 140156, 20230417101500)
 (3818., 3820., 3808., 3812.,  463., 140194, 20230417104500)
 (3811., 3823., 3811., 3813.,  734., 140532, 20230417110000)
 (3814., 3818., 3812., 3816.,  171., 140589, 20230417111500)
 (3817., 3829., 3814., 3826.,  773., 140756, 20230417113000)
 (3830., 3844., 3828., 3831.,  423., 140692, 20230417134500)
 (3834., 3842., 3831., 3837.,  815., 141116, 20230417140000)
 (3836., 3842., 3832., 3842.,  491., 141255, 20230417141500)
 (3843., 3843., 3838., 3842.,  304., 141255, 20230417143000)
 (3843., 3859., 3843., 3858., 2442., 142457, 20230417144500)
 (3858., 3858., 3845., 3849.,  573., 142351, 20230417150000)]
2023-04-18 15:30:00  INFO  [(3851., 3877., 3851., 3865., 1278., 142455, 20230417211500)
 (3868., 3875., 3864., 3865.,  488., 142531, 20230417213000)
 (3865., 3869., 3864., 3866.,  109., 142581, 20230417214500)
 (3868., 3868., 3860., 3866.,  203., 142649, 20230417220000)
 (3864., 3869., 3862., 3867.,   97., 142666, 20230417221500)
 (3867., 3874., 3864., 3872.,  248., 142803, 20230417223000)
 (3872., 3874., 3867., 3867.,  240., 142867, 20230417224500)
 (3867., 3878., 3866., 3874.,  208., 142835, 20230417230000)
 (3875., 3890., 3875., 3888., 1146., 142693, 20230418091500)
 (3889., 3899., 3888., 3894., 1805., 142204, 20230418093000)
 (3895., 3895., 3888., 3891.,  653., 141983, 20230418094500)
 (3890., 3895., 3887., 3889.,  388., 141984, 20230418100000)
 (3890., 3890., 3872., 3873., 1728., 142240, 20230418101500)
 (3872., 3874., 3866., 3868.,  523., 142245, 20230418104500)
 (3867., 3869., 3856., 3866.,  511., 142232, 20230418110000)
 (3865., 3874., 3865., 3869.,  235., 142214, 20230418111500)
 (3869., 3874., 3861., 3865.,  192., 142230, 20230418113000)
 (3866., 3870., 3849., 3855., 1358., 142356, 20230418134500)
 (3855., 3861., 3853., 3855.,  553., 142283, 20230418140000)
 (3854., 3861., 3850., 3857.,  298., 142278, 20230418141500)
 (3855., 3861., 3854., 3860.,   67., 142289, 20230418143000)
 (3859., 3874., 3859., 3873.,  218., 142209, 20230418144500)
 (3871., 3872., 3865., 3865.,  219., 142232, 20230418150000)]
2023-04-19 15:30:00  INFO  [(3865., 3873., 3861., 3868.,  647., 142183, 20230418211500)
 (3868., 3879., 3867., 3876.,  325., 142132, 20230418213000)
 (3876., 3878., 3856., 3860.,  701., 142271, 20230418214500)
 (3859., 3860., 3854., 3858., 1253., 143003, 20230418220000)
 (3857., 3869., 3855., 3869.,  221., 143018, 20230418221500)
 (3866., 3868., 3858., 3860.,  315., 143145, 20230418223000)
 (3860., 3875., 3858., 3873.,  520., 143290, 20230418224500)
 (3873., 3879., 3870., 3877.,  385., 143095, 20230418230000)
 (3877., 3879., 3867., 3875.,  582., 143036, 20230419091500)
 (3876., 3881., 3872., 3880.,  722., 142965, 20230419093000)
 (3880., 3880., 3867., 3867.,  277., 142907, 20230419094500)
 (3868., 3875., 3868., 3874.,  116., 142895, 20230419100000)
 (3875., 3875., 3866., 3866.,  490., 142910, 20230419101500)
 (3867., 3869., 3857., 3859.,  706., 143221, 20230419104500)
 (3858., 3862., 3853., 3859., 1041., 143694, 20230419110000)
 (3858., 3860., 3850., 3850.,  286., 143822, 20230419111500)
 (3850., 3860., 3850., 3860.,   91., 143809, 20230419113000)
 (3860., 3872., 3860., 3866.,  633., 143791, 20230419134500)
 (3867., 3874., 3858., 3861.,  864., 144296, 20230419140000)
 (3861., 3861., 3854., 3855.,  389., 144333, 20230419141500)
 (3855., 3857., 3850., 3855.,  302., 144548, 20230419143000)
 (3854., 3862., 3853., 3853.,  112., 144588, 20230419144500)
 (3854., 3854., 3831., 3845., 1358., 144806, 20230419150000)]
2023-04-20 15:30:00  INFO  [(3839., 3839., 3825., 3831., 1558., 145511, 20230419211500)
 (3831., 3839., 3829., 3835.,  491., 145717, 20230419213000)
 (3835., 3836., 3824., 3829., 1312., 145847, 20230419214500)
 (3827., 3827., 3803., 3803., 1169., 146325, 20230419220000)
 (3802., 3816., 3796., 3816., 2153., 147215, 20230419221500)
 (3816., 3825., 3815., 3815.,  625., 146902, 20230419223000)
 (3816., 3830., 3815., 3826.,  275., 146879, 20230419224500)
 (3825., 3842., 3823., 3840., 1447., 147005, 20230419230000)
 (3835., 3835., 3823., 3825.,  664., 147083, 20230420091500)
 (3827., 3840., 3816., 3827.,  968., 147008, 20230420093000)
 (3828., 3832., 3818., 3822.,  229., 147126, 20230420094500)
 (3830., 3834., 3824., 3824.,  286., 147206, 20230420100000)
 (3824., 3831., 3815., 3818.,  953., 147518, 20230420101500)
 (3818., 3822., 3812., 3816.,  253., 147435, 20230420104500)
 (3816., 3822., 3810., 3817.,  685., 147716, 20230420110000)
 (3817., 3819., 3811., 3818.,   59., 147732, 20230420111500)
 (3819., 3827., 3806., 3806.,  403., 147627, 20230420113000)
 (3817., 3819., 3800., 3806., 1310., 148387, 20230420134500)
 (3809., 3819., 3809., 3812.,  402., 148534, 20230420140000)
 (3813., 3836., 3811., 3833., 1356., 149098, 20230420141500)
 (3832., 3846., 3825., 3845.,  933., 149652, 20230420143000)
 (3846., 3853., 3828., 3831., 2833., 151123, 20230420144500)
 (3833., 3837., 3826., 3837.,  676., 151111, 20230420150000)]
2023-04-21 15:30:00  INFO  [(3838., 3838., 3809., 3811., 2020., 151685, 20230420211500)
 (3811., 3815., 3795., 3799., 2105., 152282, 20230420213000)
 (3799., 3809., 3799., 3801.,  682., 152183, 20230420214500)
 (3802., 3809., 3800., 3807.,  408., 152366, 20230420220000)
 (3806., 3810., 3801., 3802.,  146., 152405, 20230420221500)
 (3804., 3804., 3797., 3801., 1096., 153235, 20230420223000)
 (3806., 3808., 3789., 3796.,  617., 153391, 20230420224500)
 (3796., 3800., 3782., 3786., 1213., 153717, 20230420230000)
 (3782., 3793., 3780., 3786.,  949., 154130, 20230421091500)
 (3783., 3789., 3762., 3772., 2508., 155642, 20230421093000)
 (3770., 3784., 3770., 3780.,  557., 155906, 20230421094500)
 (3777., 3779., 3763., 3765.,  844., 156303, 20230421100000)
 (3763., 3770., 3757., 3764.,  792., 156617, 20230421101500)
 (3764., 3767., 3754., 3757.,  567., 156833, 20230421104500)
 (3759., 3771., 3756., 3759.,  467., 156846, 20230421110000)
 (3760., 3766., 3757., 3760.,  422., 156806, 20230421111500)
 (3760., 3762., 3753., 3758., 1478., 157671, 20230421113000)
 (3757., 3761., 3752., 3753.,  387., 157827, 20230421134500)
 (3754., 3765., 3751., 3756., 1240., 157594, 20230421140000)
 (3755., 3764., 3746., 3761., 1410., 158171, 20230421141500)
 (3761., 3761., 3748., 3749.,  575., 158579, 20230421143000)
 (3748., 3755., 3741., 3743., 1255., 159461, 20230421144500)
 (3744., 3755., 3740., 3740., 1651., 160245, 20230421150000)]
2023-04-24 15:30:00  INFO  [(3740., 3745., 3716., 3721., 4694., 161590, 20230421211500)
 (3723., 3741., 3723., 3736., 1114., 161602, 20230421213000)
 (3739., 3741., 3731., 3736.,  535., 161767, 20230421214500)
 (3734., 3735., 3720., 3723., 1217., 162541, 20230421220000)
 (3725., 3730., 3720., 3720.,  909., 162906, 20230421221500)
 (3718., 3724., 3711., 3711., 1477., 163516, 20230421223000)
 (3712., 3714., 3700., 3703., 2257., 164740, 20230421224500)
 (3703., 3710., 3688., 3693., 2854., 165343, 20230421230000)
 (3690., 3690., 3656., 3679., 4668., 166695, 20230424091500)
 (3679., 3679., 3655., 3657., 2047., 167515, 20230424093000)
 (3657., 3661., 3649., 3650., 1583., 168195, 20230424094500)
 (3651., 3660., 3647., 3647., 1175., 168395, 20230424100000)
 (3649., 3660., 3646., 3658., 1202., 168613, 20230424101500)
 (3658., 3661., 3647., 3650., 2136., 169093, 20230424104500)
 (3650., 3655., 3647., 3649., 1120., 170012, 20230424110000)
 (3651., 3664., 3649., 3660.,  997., 170530, 20230424111500)
 (3660., 3660., 3650., 3660., 1013., 170872, 20230424113000)
 (3657., 3658., 3644., 3644., 2943., 172629, 20230424134500)
 (3644., 3649., 3630., 3634., 2454., 173153, 20230424140000)
 (3635., 3677., 3635., 3658., 2883., 173557, 20230424141500)
 (3659., 3667., 3650., 3664.,  715., 173803, 20230424143000)
 (3663., 3663., 3636., 3642., 1611., 174240, 20230424144500)
 (3643., 3653., 3642., 3652.,  936., 174157, 20230424150000)]
2023-04-25 15:30:00  INFO  [(3660., 3662., 3641., 3653., 5269., 175032, 20230424211500)
 (3654., 3669., 3654., 3664., 1232., 175045, 20230424213000)
 (3664., 3672., 3640., 3656., 3323., 176201, 20230424214500)
 (3657., 3675., 3657., 3663., 1518., 176273, 20230424220000)
 (3663., 3674., 3655., 3673.,  988., 176406, 20230424221500)
 (3672., 3673., 3664., 3670.,  838., 176415, 20230424223000)
 (3670., 3672., 3663., 3664.,  213., 176459, 20230424224500)
 (3663., 3664., 3652., 3659.,  860., 176311, 20230424230000)
 (3663., 3680., 3663., 3678.,  976., 176327, 20230425091500)
 (3676., 3678., 3662., 3668., 2151., 177383, 20230425093000)
 (3668., 3668., 3640., 3665., 3291., 178098, 20230425094500)
 (3664., 3668., 3652., 3656., 1889., 179012, 20230425100000)
 (3655., 3660., 3647., 3656., 1284., 178741, 20230425101500)
 (3657., 3659., 3640., 3641., 1050., 178772, 20230425104500)
 (3645., 3649., 3636., 3639., 1096., 178954, 20230425110000)
 (3639., 3648., 3635., 3645.,  793., 179119, 20230425111500)
 (3646., 3655., 3644., 3649.,  173., 179070, 20230425113000)
 (3644., 3648., 3626., 3630., 1948., 179467, 20230425134500)
 (3630., 3635., 3627., 3632.,  478., 179444, 20230425140000)
 (3632., 3643., 3630., 3641.,  441., 179489, 20230425141500)
 (3640., 3642., 3630., 3634.,  320., 179438, 20230425143000)
 (3633., 3636., 3625., 3634., 1352., 180027, 20230425144500)
 (3633., 3633., 3615., 3619., 2071., 180439, 20230425150000)]
2023-04-26 15:30:00  INFO  [(3606., 3619., 3604., 3615., 4210., 181272, 20230425211500)
 (3616., 3627., 3615., 3621.,  617., 181209, 20230425213000)
 (3621., 3622., 3603., 3606., 1000., 181429, 20230425214500)
 (3606., 3609., 3593., 3603., 3759., 181560, 20230425220000)
 (3604., 3615., 3602., 3607., 1338., 181557, 20230425221500)
 (3607., 3609., 3598., 3602., 1478., 181662, 20230425223000)
 (3602., 3611., 3602., 3610.,  364., 181637, 20230425224500)
 (3610., 3630., 3610., 3626., 1563., 181763, 20230425230000)
 (3626., 3643., 3624., 3640., 2007., 182134, 20230426091500)
 (3641., 3655., 3637., 3654., 1375., 182439, 20230426093000)
 (3654., 3667., 3652., 3666., 2918., 183366, 20230426094500)
 (3667., 3670., 3655., 3658., 1446., 183476, 20230426100000)
 (3659., 3661., 3654., 3660., 1442., 184221, 20230426101500)
 (3660., 3660., 3641., 3655., 3432., 185708, 20230426104500)
 (3655., 3666., 3653., 3659., 1235., 186065, 20230426110000)
 (3656., 3662., 3645., 3645., 1562., 186688, 20230426111500)
 (3645., 3652., 3641., 3647.,  969., 186605, 20230426113000)
 (3647., 3659., 3641., 3646., 1686., 187145, 20230426134500)
 (3649., 3652., 3639., 3646.,  907., 187036, 20230426140000)
 (3646., 3647., 3633., 3637.,  748., 187187, 20230426141500)
 (3638., 3647., 3637., 3643.,  601., 187307, 20230426143000)
 (3643., 3655., 3643., 3650.,  543., 187322, 20230426144500)
 (3648., 3648., 3641., 3647., 1750., 187231, 20230426150000)]
2023-04-27 15:30:00  INFO  [(3667., 3678., 3664., 3673., 3696., 186922, 20230426211500)
 (3674., 3687., 3671., 3676., 1376., 187083, 20230426213000)
 (3675., 3680., 3665., 3668.,  971., 187288, 20230426214500)
 (3670., 3673., 3665., 3669.,  245., 187250, 20230426220000)
 (3668., 3669., 3662., 3664.,  516., 186984, 20230426221500)
 (3664., 3668., 3658., 3667.,  659., 187176, 20230426223000)
 (3668., 3673., 3666., 3666.,  152., 187141, 20230426224500)
 (3665., 3674., 3663., 3673.,  487., 187079, 20230426230000)
 (3670., 3675., 3662., 3674.,  508., 187174, 20230427091500)
 (3674., 3675., 3661., 3665., 1122., 187515, 20230427093000)
 (3665., 3665., 3652., 3659.,  680., 187525, 20230427094500)
 (3658., 3659., 3650., 3652., 1873., 187708, 20230427100000)
 (3652., 3658., 3646., 3653., 2875., 188835, 20230427101500)
 (3656., 3658., 3643., 3650., 1211., 189155, 20230427104500)
 (3648., 3652., 3638., 3650., 1846., 189372, 20230427110000)
 (3645., 3655., 3639., 3655., 2488., 189092, 20230427111500)
 (3651., 3673., 3650., 3657., 3088., 189087, 20230427113000)
 (3670., 3670., 3651., 3657., 2238., 189647, 20230427134500)
 (3658., 3672., 3658., 3665., 1011., 189631, 20230427140000)
 (3666., 3667., 3643., 3648., 1507., 189813, 20230427141500)
 (3647., 3648., 3635., 3637., 1352., 190258, 20230427143000)
 (3639., 3645., 3633., 3636., 1671., 191158, 20230427144500)
 (3638., 3638., 3622., 3623., 2150., 191967, 20230427150000)]
2023-04-28 15:30:00  INFO  [(3627., 3627., 3610., 3615., 3598., 193669, 20230427211500)
 (3616., 3623., 3608., 3611.,  734., 193869, 20230427213000)
 (3612., 3612., 3600., 3601., 1492., 194192, 20230427214500)
 (3602., 3613., 3601., 3611.,  595., 194316, 20230427220000)
 (3611., 3625., 3611., 3622., 1040., 194657, 20230427221500)
 (3625., 3632., 3616., 3617.,  463., 194630, 20230427223000)
 (3616., 3616., 3608., 3610.,  361., 194632, 20230427224500)
 (3611., 3626., 3610., 3618.,  856., 194583, 20230427230000)
 (3623., 3638., 3623., 3634., 1184., 194787, 20230428091500)
 (3634., 3635., 3624., 3630.,  787., 194930, 20230428093000)
 (3630., 3634., 3627., 3632.,  679., 195283, 20230428094500)
 (3632., 3644., 3629., 3640., 1543., 195707, 20230428100000)
 (3643., 3643., 3633., 3635.,  393., 195779, 20230428101500)
 (3633., 3635., 3625., 3630.,  308., 195875, 20230428104500)
 (3626., 3630., 3620., 3629.,  864., 196238, 20230428110000)
 (3626., 3630., 3618., 3622.,  348., 196321, 20230428111500)
 (3620., 3626., 3613., 3620.,  506., 196467, 20230428113000)
 (3617., 3626., 3611., 3613., 1153., 196842, 20230428134500)
 (3615., 3616., 3604., 3606., 1375., 197393, 20230428140000)
 (3605., 3609., 3601., 3607., 1132., 197869, 20230428141500)
 (3607., 3613., 3600., 3606., 1708., 198342, 20230428143000)
 (3606., 3615., 3600., 3608., 2267., 199637, 20230428144500)
 (3608., 3611., 3596., 3598., 2784., 201069, 20230428150000)]
2023-05-04 15:30:00  INFO  [(3626., 3630., 3618., 3622.,  348., 196321, 20230428111500)
 (3620., 3626., 3613., 3620.,  506., 196467, 20230428113000)
 (3617., 3626., 3611., 3613., 1153., 196842, 20230428134500)
 (3615., 3616., 3604., 3606., 1375., 197393, 20230428140000)
 (3605., 3609., 3601., 3607., 1132., 197869, 20230428141500)
 (3607., 3613., 3600., 3606., 1708., 198342, 20230428143000)
 (3606., 3615., 3600., 3608., 2267., 199637, 20230428144500)
 (3608., 3611., 3596., 3598., 2784., 201069, 20230428150000)
 (3587., 3599., 3554., 3586., 3879., 202019, 20230504091500)
 (3587., 3596., 3575., 3580., 2046., 201726, 20230504093000)
 (3580., 3588., 3573., 3588., 1193., 202263, 20230504094500)
 (3587., 3599., 3585., 3591.,  919., 202297, 20230504100000)
 (3593., 3604., 3588., 3603.,  678., 202433, 20230504101500)
 (3603., 3611., 3598., 3605.,  766., 202581, 20230504104500)
 (3605., 3606., 3597., 3599.,  356., 202600, 20230504110000)
 (3598., 3598., 3586., 3587.,  667., 202809, 20230504111500)
 (3586., 3587., 3569., 3572., 1629., 203292, 20230504113000)
 (3574., 3576., 3554., 3562., 5436., 206113, 20230504134500)
 (3561., 3565., 3547., 3549., 2926., 207444, 20230504140000)
 (3548., 3560., 3547., 3558., 1469., 207730, 20230504141500)
 (3559., 3559., 3550., 3554., 1500., 208120, 20230504143000)
 (3552., 3558., 3544., 3548.,  953., 208278, 20230504144500)
 (3548., 3550., 3539., 3548., 1924., 208848, 20230504150000)]
2023-05-05 15:30:00  INFO  [(3565., 3565., 3510., 3512., 7449., 212619, 20230504211500)
 (3511., 3517., 3502., 3507., 3963., 213525, 20230504213000)
 (3506., 3512., 3500., 3502., 4059., 215438, 20230504214500)
 (3501., 3506., 3497., 3502., 2016., 216352, 20230504220000)
 (3501., 3506., 3497., 3502., 1486., 216367, 20230504221500)
 (3502., 3505., 3497., 3500.,  428., 216562, 20230504223000)
 (3500., 3500., 3492., 3495., 1372., 217060, 20230504224500)
 (3493., 3502., 3490., 3491., 1373., 216775, 20230504230000)
 (3491., 3501., 3483., 3491., 3114., 216868, 20230505091500)
 (3490., 3502., 3490., 3494., 1247., 216726, 20230505093000)
 (3494., 3499., 3490., 3492.,  794., 216941, 20230505094500)
 (3490., 3491., 3483., 3487., 1544., 217817, 20230505100000)
 (3486., 3489., 3473., 3474., 2019., 218690, 20230505101500)
 (3473., 3499., 3473., 3493., 1949., 218433, 20230505104500)
 (3493., 3498., 3489., 3497.,  437., 218528, 20230505110000)
 (3497., 3517., 3496., 3512., 2158., 218619, 20230505111500)
 (3510., 3519., 3498., 3519.,  731., 218601, 20230505113000)
 (3524., 3530., 3515., 3515., 2913., 218492, 20230505134500)
 (3517., 3556., 3517., 3549., 4709., 218167, 20230505140000)
 (3549., 3555., 3545., 3549., 1994., 218055, 20230505141500)
 (3549., 3550., 3536., 3543., 1459., 218574, 20230505143000)
 (3544., 3547., 3538., 3542., 1612., 219527, 20230505144500)
 (3541., 3553., 3534., 3552., 1375., 219394, 20230505150000)]
2023-05-08 15:30:00  INFO  [(3542., 3560., 3536., 3560., 3466., 219135, 20230505211500)
 (3560., 3571., 3554., 3566., 1443., 219203, 20230505213000)
 (3565., 3566., 3555., 3563.,  797., 219227, 20230505214500)
 (3563., 3566., 3558., 3563., 1063., 219294, 20230505220000)
 (3566., 3567., 3557., 3563.,  522., 219273, 20230505221500)
 (3564., 3573., 3564., 3570.,  929., 219365, 20230505223000)
 (3569., 3583., 3565., 3583., 1668., 219214, 20230505224500)
 (3583., 3585., 3574., 3582., 1518., 219270, 20230505230000)
 (3582., 3582., 3555., 3567., 7324., 220355, 20230508091500)
 (3564., 3570., 3555., 3566., 2893., 220943, 20230508093000)
 (3566., 3608., 3566., 3608., 7707., 221906, 20230508094500)
 (3608., 3608., 3582., 3594., 7913., 222669, 20230508100000)
 (3594., 3605., 3586., 3591., 3945., 223805, 20230508101500)
 (3600., 3614., 3598., 3609., 5613., 224552, 20230508104500)
 (3609., 3618., 3601., 3610., 3863., 225495, 20230508110000)
 (3611., 3619., 3603., 3619., 2588., 226149, 20230508111500)
 (3619., 3627., 3609., 3614., 2410., 225894, 20230508113000)
 (3610., 3615., 3603., 3610., 1025., 225951, 20230508134500)
 (3612., 3624., 3609., 3621., 1105., 226178, 20230508140000)
 (3620., 3642., 3619., 3635., 4171., 227226, 20230508141500)
 (3636., 3641., 3632., 3640., 1781., 227216, 20230508143000)
 (3640., 3643., 3631., 3643., 2111., 226949, 20230508144500)
 (3642., 3649., 3635., 3649., 2781., 225717, 20230508150000)]
2023-05-09 15:30:00  INFO  [(3649., 3660., 3642., 3647., 7746., 226966, 20230508211500)
 (3647., 3653., 3644., 3650., 2967., 228127, 20230508213000)
 (3651., 3656., 3646., 3646., 4980., 229361, 20230508214500)
 (3647., 3650., 3645., 3648., 1085., 229692, 20230508220000)
 (3648., 3658., 3647., 3656., 1511., 230014, 20230508221500)
 (3656., 3663., 3655., 3659., 1005., 230227, 20230508223000)
 (3660., 3666., 3655., 3657.,  711., 230131, 20230508224500)
 (3656., 3663., 3653., 3658.,  881., 230312, 20230508230000)
 (3656., 3660., 3638., 3640., 3580., 230002, 20230509091500)
 (3640., 3645., 3631., 3639., 1831., 229959, 20230509093000)
 (3639., 3643., 3632., 3635., 2034., 230212, 20230509094500)
 (3634., 3646., 3633., 3645.,  744., 230313, 20230509100000)
 (3642., 3653., 3640., 3652., 1302., 230399, 20230509101500)
 (3653., 3662., 3651., 3658., 1667., 230313, 20230509104500)
 (3658., 3659., 3654., 3658.,  992., 230877, 20230509110000)
 (3659., 3660., 3650., 3657.,  873., 231298, 20230509111500)
 (3657., 3658., 3640., 3646., 1677., 232002, 20230509113000)
 (3647., 3647., 3630., 3641., 2052., 232685, 20230509134500)
 (3639., 3642., 3632., 3635., 1019., 232672, 20230509140000)
 (3635., 3637., 3626., 3630.,  898., 232532, 20230509141500)
 (3630., 3635., 3625., 3635.,  631., 232497, 20230509143000)
 (3636., 3642., 3630., 3631.,  448., 232516, 20230509144500)
 (3631., 3634., 3618., 3619., 2456., 232944, 20230509150000)]
2023-05-10 15:30:00  INFO  [(3616., 3629., 3609., 3628., 6555., 237234, 20230509211500)
 (3626., 3631., 3623., 3626.,  940., 237394, 20230509213000)
 (3626., 3638., 3622., 3637., 1157., 237198, 20230509214500)
 (3635., 3647., 3633., 3642.,  901., 237098, 20230509220000)
 (3642., 3644., 3632., 3635.,  601., 237035, 20230509221500)
 (3633., 3637., 3621., 3628.,  555., 237189, 20230509223000)
 (3628., 3633., 3622., 3632.,  605., 237240, 20230509224500)
 (3632., 3638., 3624., 3638.,  739., 237216, 20230509230000)
 (3639., 3652., 3638., 3645., 2040., 236902, 20230510091500)
 (3645., 3657., 3645., 3647., 3178., 238865, 20230510093000)
 (3647., 3647., 3635., 3636., 1578., 239791, 20230510094500)
 (3636., 3641., 3632., 3634., 1265., 239837, 20230510100000)
 (3634., 3649., 3634., 3642., 1753., 240610, 20230510101500)
 (3642., 3643., 3628., 3636., 4334., 243804, 20230510104500)
 (3637., 3638., 3620., 3624., 1931., 244604, 20230510110000)
 (3624., 3637., 3624., 3633.,  794., 244612, 20230510111500)
 (3633., 3633., 3615., 3620., 2229., 245511, 20230510113000)
 (3622., 3630., 3616., 3624., 2466., 246630, 20230510134500)
 (3625., 3630., 3618., 3630., 1715., 247286, 20230510140000)
 (3631., 3633., 3610., 3610., 4275., 247973, 20230510141500)
 (3610., 3613., 3605., 3605., 1705., 248194, 20230510143000)
 (3606., 3615., 3602., 3614., 1150., 248002, 20230510144500)
 (3615., 3626., 3614., 3623., 1491., 248087, 20230510150000)]
2023-05-11 15:30:00  INFO  [(3610., 3642., 3610., 3628., 4350., 248607, 20230510211500)
 (3628., 3630., 3622., 3625., 1482., 248701, 20230510213000)
 (3626., 3626., 3609., 3613., 1111., 249250, 20230510214500)
 (3613., 3615., 3589., 3602., 3208., 250013, 20230510220000)
 (3602., 3613., 3598., 3604.,  791., 250147, 20230510221500)
 (3604., 3605., 3575., 3579., 2789., 250240, 20230510223000)
 (3579., 3589., 3567., 3567., 2304., 250815, 20230510224500)
 (3568., 3579., 3556., 3556., 2365., 251583, 20230510230000)
 (3555., 3570., 3554., 3562., 4011., 253309, 20230511091500)
 (3563., 3567., 3557., 3561., 1004., 253380, 20230511093000)
 (3560., 3560., 3543., 3546., 1892., 253904, 20230511094500)
 (3546., 3553., 3542., 3542.,  961., 254257, 20230511100000)
 (3542., 3549., 3530., 3548., 2402., 254723, 20230511101500)
 (3547., 3555., 3535., 3541., 2957., 256321, 20230511104500)
 (3541., 3549., 3537., 3549., 1105., 256309, 20230511110000)
 (3548., 3568., 3548., 3567., 2821., 256599, 20230511111500)
 (3562., 3574., 3556., 3571., 2118., 256782, 20230511113000)
 (3571., 3580., 3549., 3575., 3903., 257273, 20230511134500)
 (3575., 3591., 3573., 3581., 2234., 257680, 20230511140000)
 (3581., 3581., 3562., 3572., 1481., 257783, 20230511141500)
 (3573., 3577., 3554., 3560.,  567., 257791, 20230511143000)
 (3560., 3560., 3537., 3542., 2206., 257848, 20230511144500)
 (3540., 3547., 3526., 3531., 3211., 258843, 20230511150000)]
2023-05-12 15:30:00  INFO  [(3519., 3519., 3498., 3506., 5348., 260262, 20230511211500)
 (3506., 3511., 3500., 3507., 1535., 260626, 20230511213000)
 (3507., 3517., 3501., 3504., 2317., 261874, 20230511214500)
 (3503., 3509., 3500., 3509., 1263., 262400, 20230511220000)
 (3506., 3520., 3506., 3512.,  924., 262589, 20230511221500)
 (3511., 3518., 3508., 3514.,  505., 262427, 20230511223000)
 (3516., 3529., 3515., 3524., 1006., 262517, 20230511224500)
 (3524., 3534., 3522., 3524., 1857., 261911, 20230511230000)
 (3524., 3534., 3522., 3527., 1499., 262037, 20230512091500)
 (3528., 3540., 3523., 3526., 1312., 262373, 20230512093000)
 (3526., 3531., 3517., 3520.,  493., 262492, 20230512094500)
 (3519., 3527., 3515., 3520., 1446., 262842, 20230512100000)
 (3520., 3531., 3520., 3530.,  386., 262858, 20230512101500)
 (3531., 3547., 3523., 3542.,  965., 262756, 20230512104500)
 (3541., 3550., 3533., 3550., 1016., 262737, 20230512110000)
 (3550., 3567., 3541., 3566., 3142., 263250, 20230512111500)
 (3565., 3568., 3554., 3564., 1988., 262816, 20230512113000)
 (3564., 3564., 3553., 3554., 1752., 262786, 20230512134500)
 (3553., 3561., 3553., 3561.,  742., 262768, 20230512140000)
 (3560., 3562., 3548., 3554., 1364., 262344, 20230512141500)
 (3553., 3556., 3544., 3551.,  544., 262264, 20230512143000)
 (3553., 3553., 3538., 3538.,  773., 262416, 20230512144500)
 (3538., 3538., 3515., 3515., 2854., 262613, 20230512150000)]
2023-05-15 15:30:00  INFO  [(3522., 3567., 3522., 3564., 5587., 263568, 20230512211500)
 (3564., 3585., 3562., 3581., 3253., 262789, 20230512213000)
 (3581., 3605., 3577., 3593., 3846., 261690, 20230512214500)
 (3593., 3610., 3590., 3600., 3785., 260959, 20230512220000)
 (3600., 3627., 3598., 3625., 4140., 258879, 20230512221500)
 (3624., 3628., 3597., 3601., 3778., 257198, 20230512223000)
 (3600., 3604., 3589., 3594.,  977., 257110, 20230512224500)
 (3594., 3604., 3588., 3599., 1241., 256536, 20230512230000)
 (3580., 3598., 3566., 3570., 4071., 256001, 20230515091500)
 (3574., 3583., 3568., 3573.,  876., 256119, 20230515093000)
 (3574., 3583., 3570., 3571., 1698., 255523, 20230515094500)
 (3571., 3578., 3565., 3567., 4042., 256046, 20230515100000)
 (3565., 3574., 3561., 3571., 1554., 256281, 20230515101500)
 (3568., 3574., 3562., 3566., 1439., 256334, 20230515104500)
 (3566., 3569., 3560., 3563.,  803., 256312, 20230515110000)
 (3563., 3572., 3562., 3567., 2032., 257223, 20230515111500)
 (3567., 3572., 3562., 3562., 1802., 258148, 20230515113000)
 (3565., 3585., 3565., 3580., 2108., 258336, 20230515134500)
 (3578., 3600., 3572., 3596., 3048., 258010, 20230515140000)
 (3596., 3598., 3580., 3597., 2260., 257923, 20230515141500)
 (3597., 3600., 3585., 3590., 1942., 257824, 20230515143000)
 (3591., 3615., 3589., 3603., 2087., 257485, 20230515144500)
 (3601., 3613., 3596., 3605., 2188., 256723, 20230515150000)]
2023-05-16 15:30:00  INFO  [(3623., 3623., 3602., 3614., 3143., 256102, 20230515211500)
 (3614., 3620., 3607., 3609., 2473., 256267, 20230515213000)
 (3609., 3615., 3601., 3603.,  984., 256290, 20230515214500)
 (3603., 3607., 3600., 3604.,  674., 256465, 20230515220000)
 (3605., 3606., 3596., 3600., 1356., 257269, 20230515221500)
 (3601., 3616., 3601., 3615.,  948., 257685, 20230515223000)
 (3616., 3625., 3612., 3623.,  945., 257628, 20230515224500)
 (3622., 3622., 3608., 3611., 1592., 257117, 20230515230000)
 (3611., 3623., 3607., 3611., 1441., 256645, 20230516091500)
 (3611., 3624., 3610., 3623., 1680., 256402, 20230516093000)
 (3624., 3629., 3620., 3620., 1633., 256410, 20230516094500)
 (3621., 3627., 3617., 3622., 1081., 256112, 20230516100000)
 (3624., 3624., 3591., 3602., 4745., 256818, 20230516101500)
 (3602., 3604., 3582., 3591., 4480., 256705, 20230516104500)
 (3591., 3597., 3585., 3590.,  752., 256709, 20230516110000)
 (3591., 3597., 3580., 3580., 1476., 257288, 20230516111500)
 (3581., 3587., 3580., 3583., 1034., 257397, 20230516113000)
 (3587., 3588., 3575., 3584., 1708., 257318, 20230516134500)
 (3583., 3593., 3571., 3573., 2135., 257235, 20230516140000)
 (3573., 3580., 3566., 3572., 2551., 256952, 20230516141500)
 (3570., 3574., 3565., 3569.,  906., 257149, 20230516143000)
 (3568., 3579., 3568., 3575.,  894., 257421, 20230516144500)
 (3578., 3586., 3575., 3579., 1034., 257188, 20230516150000)]
2023-05-17 15:30:00  INFO  [(3581., 3594., 3578., 3584., 4352., 257834, 20230516211500)
 (3584., 3584., 3570., 3580., 1640., 257892, 20230516213000)
 (3580., 3596., 3577., 3593., 1043., 257562, 20230516214500)
 (3594., 3598., 3586., 3588.,  433., 257438, 20230516220000)
 (3587., 3589., 3582., 3584.,  467., 257397, 20230516221500)
 (3582., 3588., 3580., 3586.,  584., 257305, 20230516223000)
 (3585., 3588., 3572., 3582.,  567., 257220, 20230516224500)
 (3582., 3587., 3576., 3586.,  591., 257109, 20230516230000)
 (3583., 3604., 3580., 3600., 1677., 256732, 20230517091500)
 (3602., 3615., 3600., 3613., 1497., 256139, 20230517093000)
 (3614., 3615., 3603., 3605., 1272., 255939, 20230517094500)
 (3605., 3612., 3601., 3610.,  527., 255940, 20230517100000)
 (3610., 3620., 3605., 3620., 1189., 255990, 20230517101500)
 (3621., 3624., 3614., 3614., 1043., 256262, 20230517104500)
 (3616., 3629., 3613., 3621., 1766., 256522, 20230517110000)
 (3622., 3623., 3615., 3618., 1125., 256596, 20230517111500)
 (3619., 3622., 3612., 3615.,  686., 256746, 20230517113000)
 (3623., 3623., 3607., 3613., 1539., 256420, 20230517134500)
 (3611., 3613., 3602., 3607., 1639., 256195, 20230517140000)
 (3608., 3619., 3606., 3615.,  914., 256101, 20230517141500)
 (3616., 3624., 3613., 3622., 1529., 255710, 20230517143000)
 (3621., 3636., 3620., 3633., 2830., 255788, 20230517144500)
 (3632., 3649., 3632., 3647., 9863., 250811, 20230517150000)]
2023-05-18 15:30:00  INFO  [(3650., 3661., 3639., 3654., 6227., 251948, 20230517211500)
 (3652., 3658., 3643., 3652., 1335., 251972, 20230517213000)
 (3652., 3652., 3644., 3648.,  655., 251931, 20230517214500)
 (3648., 3650., 3642., 3646.,  331., 251984, 20230517220000)
 (3645., 3650., 3642., 3645.,  267., 252023, 20230517221500)
 (3645., 3650., 3637., 3649.,  467., 252073, 20230517223000)
 (3649., 3649., 3640., 3640.,  234., 252095, 20230517224500)
 (3640., 3647., 3638., 3643.,  395., 252023, 20230517230000)
 (3643., 3655., 3638., 3638., 1509., 252078, 20230518091500)
 (3638., 3642., 3630., 3634., 1303., 252238, 20230518093000)
 (3633., 3636., 3625., 3629.,  886., 252077, 20230518094500)
 (3629., 3640., 3628., 3636.,  550., 252058, 20230518100000)
 (3636., 3648., 3635., 3641., 1651., 252458, 20230518101500)
 (3643., 3647., 3633., 3637.,  471., 252457, 20230518104500)
 (3636., 3648., 3635., 3643.,  578., 252451, 20230518110000)
 (3645., 3647., 3622., 3628.,  943., 252662, 20230518111500)
 (3630., 3630., 3618., 3619., 2098., 252746, 20230518113000)
 (3600., 3617., 3598., 3611., 3951., 253292, 20230518134500)
 (3611., 3612., 3604., 3606., 1650., 253646, 20230518140000)
 (3607., 3618., 3604., 3607.,  875., 253703, 20230518141500)
 (3607., 3624., 3606., 3623.,  866., 253481, 20230518143000)
 (3624., 3630., 3619., 3627.,  724., 253589, 20230518144500)
 (3628., 3631., 3618., 3623., 1126., 253601, 20230518150000)]
2023-05-19 15:30:00  INFO  [(3620., 3631., 3608., 3611., 4835., 254249, 20230518211500)
 (3610., 3619., 3605., 3614., 1829., 254364, 20230518213000)
 (3614., 3616., 3605., 3613., 1646., 254531, 20230518214500)
 (3613., 3624., 3608., 3623., 1647., 254909, 20230518220000)
 (3622., 3630., 3621., 3626.,  963., 254967, 20230518221500)
 (3626., 3628., 3613., 3616.,  347., 255027, 20230518223000)
 (3615., 3615., 3594., 3595., 2268., 254988, 20230518224500)
 (3595., 3597., 3580., 3580., 2965., 255856, 20230518230000)
 (3581., 3586., 3573., 3573., 2539., 256425, 20230519091500)
 (3576., 3587., 3574., 3582., 1192., 256436, 20230519093000)
 (3580., 3587., 3579., 3582., 1155., 257046, 20230519094500)
 (3581., 3581., 3550., 3553., 2800., 257408, 20230519100000)
 (3554., 3585., 3551., 3578., 2136., 257576, 20230519101500)
 (3578., 3592., 3574., 3588.,  975., 257538, 20230519104500)
 (3586., 3604., 3582., 3603., 1949., 257014, 20230519110000)
 (3603., 3603., 3586., 3596.,  786., 256852, 20230519111500)
 (3596., 3613., 3596., 3609., 1450., 256562, 20230519113000)
 (3609., 3609., 3590., 3594., 1009., 256602, 20230519134500)
 (3595., 3600., 3581., 3585.,  474., 256602, 20230519140000)
 (3585., 3598., 3580., 3598.,  867., 256647, 20230519141500)
 (3595., 3595., 3583., 3592.,  384., 256740, 20230519143000)
 (3587., 3589., 3583., 3584.,  371., 256928, 20230519144500)
 (3585., 3586., 3576., 3585., 2114., 257331, 20230519150000)]
2023-05-22 15:30:00  INFO  [(3563., 3600., 3563., 3579., 4894., 257044, 20230519211500)
 (3580., 3580., 3564., 3564., 1163., 257395, 20230519213000)
 (3564., 3570., 3562., 3569.,  488., 257407, 20230519214500)
 (3568., 3575., 3566., 3572.,  781., 257533, 20230519220000)
 (3571., 3583., 3570., 3580.,  506., 257493, 20230519221500)
 (3581., 3596., 3581., 3595., 2833., 257560, 20230519223000)
 (3596., 3607., 3585., 3585., 2028., 257050, 20230519224500)
 (3585., 3587., 3562., 3571., 2325., 256674, 20230519230000)
 (3573., 3573., 3540., 3542., 5794., 258069, 20230522091500)
 (3542., 3550., 3535., 3547., 3282., 257926, 20230522093000)
 (3547., 3559., 3542., 3555., 2072., 258285, 20230522094500)
 (3556., 3559., 3549., 3555., 1175., 258164, 20230522100000)
 (3554., 3556., 3547., 3552.,  478., 258135, 20230522101500)
 (3553., 3563., 3548., 3555., 1089., 258095, 20230522104500)
 (3557., 3558., 3532., 3536., 3162., 258986, 20230522110000)
 (3536., 3546., 3532., 3540., 1394., 258959, 20230522111500)
 (3538., 3538., 3522., 3524., 5581., 261303, 20230522113000)
 (3523., 3524., 3504., 3505., 4892., 262678, 20230522134500)
 (3505., 3512., 3497., 3501., 5415., 264579, 20230522140000)
 (3500., 3502., 3487., 3488., 4040., 265711, 20230522141500)
 (3488., 3511., 3485., 3506., 3074., 266068, 20230522143000)
 (3507., 3511., 3498., 3503., 1278., 266164, 20230522144500)
 (3501., 3511., 3497., 3500., 1576., 266275, 20230522150000)]
2023-05-23 15:30:00  INFO  [(3499., 3517., 3499., 3509., 2309., 266226, 20230522211500)
 (3510., 3517., 3507., 3509.,  886., 266187, 20230522213000)
 (3510., 3525., 3509., 3523., 1104., 265877, 20230522214500)
 (3524., 3536., 3521., 3535., 1644., 265921, 20230522220000)
 (3535., 3547., 3532., 3541., 2182., 264964, 20230522221500)
 (3543., 3543., 3523., 3527., 1131., 264887, 20230522223000)
 (3524., 3531., 3518., 3528.,  933., 264914, 20230522224500)
 (3526., 3535., 3521., 3525.,  731., 264837, 20230522230000)
 (3528., 3548., 3525., 3545., 2127., 264639, 20230523091500)
 (3544., 3550., 3534., 3549., 1182., 264305, 20230523093000)
 (3550., 3552., 3543., 3549., 1138., 263959, 20230523094500)
 (3549., 3549., 3535., 3543.,  736., 263960, 20230523100000)
 (3540., 3547., 3529., 3534.,  907., 264033, 20230523101500)
 (3530., 3534., 3520., 3521., 1845., 264796, 20230523104500)
 (3522., 3530., 3521., 3526.,  576., 264875, 20230523110000)
 (3525., 3526., 3516., 3517.,  756., 265021, 20230523111500)
 (3517., 3522., 3511., 3518., 1095., 265217, 20230523113000)
 (3519., 3519., 3503., 3512., 2167., 265338, 20230523134500)
 (3511., 3523., 3510., 3519.,  707., 265206, 20230523140000)
 (3519., 3522., 3509., 3520.,  559., 265218, 20230523141500)
 (3520., 3527., 3513., 3516.,  593., 265144, 20230523143000)
 (3515., 3515., 3501., 3504.,  902., 265169, 20230523144500)
 (3505., 3526., 3500., 3525., 3276., 265682, 20230523150000)]
2023-05-24 15:30:00  INFO  [(3530., 3530., 3471., 3476., 5743., 267246, 20230523211500)
 (3476., 3482., 3464., 3475., 4881., 267777, 20230523213000)
 (3474., 3479., 3461., 3463., 1772., 268013, 20230523214500)
 (3463., 3475., 3463., 3470., 3367., 269266, 20230523220000)
 (3470., 3474., 3465., 3470.,  729., 269480, 20230523221500)
 (3471., 3471., 3460., 3467., 1269., 270131, 20230523223000)
 (3467., 3497., 3467., 3483., 2293., 270154, 20230523224500)
 (3485., 3490., 3475., 3486., 1335., 269710, 20230523230000)
 (3486., 3486., 3458., 3465., 3189., 270363, 20230524091500)
 (3466., 3470., 3455., 3458., 1709., 270845, 20230524093000)
 (3457., 3464., 3452., 3457., 2682., 271051, 20230524094500)
 (3459., 3459., 3450., 3451., 1475., 271839, 20230524100000)
 (3451., 3456., 3447., 3452., 1642., 272549, 20230524101500)
 (3453., 3453., 3443., 3448., 1536., 272943, 20230524104500)
 (3448., 3455., 3443., 3445.,  922., 273060, 20230524110000)
 (3445., 3454., 3440., 3451., 1608., 273565, 20230524111500)
 (3453., 3455., 3446., 3451.,  784., 273436, 20230524113000)
 (3449., 3449., 3429., 3433., 3548., 274780, 20230524134500)
 (3433., 3436., 3423., 3429., 2222., 275637, 20230524140000)
 (3429., 3434., 3424., 3430., 2542., 275774, 20230524141500)
 (3430., 3431., 3423., 3426., 1305., 275956, 20230524143000)
 (3426., 3438., 3424., 3430., 1394., 276162, 20230524144500)
 (3431., 3432., 3411., 3415., 5618., 278694, 20230524150000)]
2023-05-25 15:30:00  INFO  [(3413., 3413., 3375., 3384., 8242., 280414, 20230524211500)
 (3385., 3399., 3383., 3396., 2577., 280172, 20230524213000)
 (3396., 3401., 3384., 3386., 1420., 280293, 20230524214500)
 (3387., 3391., 3382., 3385., 1568., 280229, 20230524220000)
 (3383., 3391., 3383., 3391.,  484., 280363, 20230524221500)
 (3390., 3397., 3382., 3383., 1216., 280530, 20230524223000)
 (3382., 3389., 3378., 3382., 1208., 281130, 20230524224500)
 (3382., 3392., 3380., 3385., 1118., 281014, 20230524230000)
 (3385., 3400., 3385., 3400., 2778., 281235, 20230525091500)
 (3399., 3403., 3387., 3392., 2313., 281527, 20230525093000)
 (3393., 3398., 3388., 3395.,  801., 281709, 20230525094500)
 (3398., 3406., 3397., 3402., 1440., 281313, 20230525100000)
 (3403., 3419., 3398., 3411., 3448., 281001, 20230525101500)
 (3410., 3424., 3406., 3410., 3800., 279924, 20230525104500)
 (3408., 3411., 3394., 3398., 2625., 279927, 20230525110000)
 (3398., 3399., 3388., 3397.,  927., 279743, 20230525111500)
 (3397., 3401., 3388., 3394.,  943., 279843, 20230525113000)
 (3394., 3395., 3372., 3374., 2519., 280483, 20230525134500)
 (3374., 3378., 3362., 3368., 3496., 281787, 20230525140000)
 (3367., 3372., 3361., 3364., 2131., 282346, 20230525141500)
 (3366., 3383., 3366., 3376., 1802., 282493, 20230525143000)
 (3378., 3385., 3372., 3372., 1689., 282159, 20230525144500)
 (3372., 3386., 3371., 3384., 1733., 281849, 20230525150000)]
2023-05-26 15:30:00  INFO  [(3373., 3384., 3363., 3363.,  6396., 282360, 20230525211500)
 (3363., 3368., 3356., 3363.,  3326., 281652, 20230525213000)
 (3363., 3365., 3351., 3353.,  1550., 281996, 20230525214500)
 (3354., 3358., 3343., 3349.,  4804., 281417, 20230525220000)
 (3349., 3353., 3345., 3353.,  1481., 281231, 20230525221500)
 (3353., 3375., 3350., 3365.,  1421., 281237, 20230525223000)
 (3367., 3395., 3365., 3384.,  2017., 281253, 20230525224500)
 (3385., 3386., 3362., 3370.,  2173., 281652, 20230525230000)
 (3371., 3393., 3370., 3385.,  2534., 282063, 20230526091500)
 (3384., 3400., 3373., 3383.,  3871., 282899, 20230526093000)
 (3382., 3384., 3366., 3366.,  1493., 283084, 20230526094500)
 (3366., 3372., 3360., 3369.,  1648., 283658, 20230526100000)
 (3371., 3378., 3367., 3375.,  1053., 284176, 20230526101500)
 (3374., 3376., 3363., 3364.,  1388., 283858, 20230526104500)
 (3367., 3373., 3363., 3369.,   496., 283825, 20230526110000)
 (3369., 3388., 3366., 3387.,  1045., 283758, 20230526111500)
 (3385., 3420., 3378., 3405.,  3972., 283277, 20230526113000)
 (3428., 3450., 3416., 3432., 13370., 281805, 20230526134500)
 (3433., 3439., 3409., 3424.,  3559., 282119, 20230526140000)
 (3421., 3434., 3418., 3433.,  1151., 281955, 20230526141500)
 (3433., 3446., 3429., 3444.,  2614., 281772, 20230526143000)
 (3445., 3449., 3427., 3433.,  2454., 281853, 20230526144500)
 (3433., 3439., 3422., 3434.,  2707., 281196, 20230526150000)]
2023-05-29 15:30:00  INFO  [(3441., 3448., 3425., 3442., 4108., 281835, 20230526211500)
 (3444., 3445., 3432., 3434.,  919., 281780, 20230526213000)
 (3436., 3460., 3433., 3460., 2578., 281416, 20230526214500)
 (3460., 3462., 3441., 3444., 1903., 281230, 20230526220000)
 (3445., 3446., 3436., 3438.,  654., 281302, 20230526221500)
 (3438., 3444., 3436., 3443.,  425., 281162, 20230526223000)
 (3444., 3445., 3433., 3436.,  615., 281304, 20230526224500)
 (3436., 3436., 3428., 3430., 1240., 281065, 20230526230000)
 (3430., 3434., 3412., 3423., 2980., 281087, 20230529091500)
 (3423., 3426., 3410., 3414., 1780., 281257, 20230529093000)
 (3415., 3422., 3413., 3414.,  807., 281224, 20230529094500)
 (3415., 3424., 3410., 3423.,  714., 281102, 20230529100000)
 (3422., 3433., 3421., 3433.,  746., 281092, 20230529101500)
 (3434., 3448., 3426., 3447., 1589., 281004, 20230529104500)
 (3448., 3449., 3435., 3443., 4170., 279776, 20230529110000)
 (3440., 3447., 3430., 3437.,  816., 279659, 20230529111500)
 (3437., 3437., 3422., 3432., 1074., 279743, 20230529113000)
 (3432., 3432., 3418., 3427., 1083., 280039, 20230529134500)
 (3428., 3439., 3428., 3437., 1074., 279947, 20230529140000)
 (3437., 3442., 3430., 3437.,  750., 279980, 20230529141500)
 (3437., 3440., 3428., 3438.,  597., 279884, 20230529143000)
 (3439., 3452., 3435., 3440., 1824., 279766, 20230529144500)
 (3440., 3460., 3432., 3458., 2363., 279641, 20230529150000)]
2023-05-30 15:30:00  INFO  [(3468., 3468., 3451., 3453., 4885., 278892, 20230529211500)
 (3453., 3458., 3446., 3450., 2753., 279509, 20230529213000)
 (3453., 3453., 3444., 3449., 2695., 280746, 20230529214500)
 (3448., 3455., 3446., 3447., 1741., 281463, 20230529220000)
 (3447., 3451., 3443., 3450., 1005., 281715, 20230529221500)
 (3449., 3453., 3446., 3446.,  920., 281575, 20230529223000)
 (3449., 3452., 3442., 3448., 2371., 280627, 20230529224500)
 (3448., 3449., 3441., 3447.,  895., 280354, 20230529230000)
 (3441., 3446., 3429., 3436., 3471., 279931, 20230530091500)
 (3436., 3453., 3432., 3449., 1511., 279765, 20230530093000)
 (3450., 3453., 3436., 3438., 4796., 281393, 20230530094500)
 (3439., 3440., 3430., 3431., 1005., 281634, 20230530100000)
 (3431., 3437., 3422., 3430., 1240., 281762, 20230530101500)
 (3430., 3433., 3422., 3425.,  437., 281881, 20230530104500)
 (3428., 3430., 3417., 3420., 1120., 282152, 20230530110000)
 (3418., 3424., 3408., 3413., 1843., 282566, 20230530111500)
 (3413., 3419., 3403., 3403., 1692., 282411, 20230530113000)
 (3402., 3406., 3393., 3400., 4091., 282657, 20230530134500)
 (3401., 3403., 3390., 3390., 2069., 282922, 20230530140000)
 (3392., 3414., 3390., 3394., 2534., 283413, 20230530141500)
 (3396., 3442., 3391., 3419., 4685., 284690, 20230530143000)
 (3420., 3423., 3396., 3399., 3194., 284951, 20230530144500)
 (3399., 3412., 3398., 3403., 1874., 284991, 20230530150000)]
2023-05-31 15:30:00  INFO  [(3393., 3403., 3392., 3395., 2373., 285605, 20230530211500)
 (3393., 3401., 3380., 3390., 4262., 286316, 20230530213000)
 (3390., 3392., 3383., 3391., 1586., 286704, 20230530214500)
 (3392., 3394., 3384., 3384., 1444., 286738, 20230530220000)
 (3382., 3392., 3382., 3388.,  467., 286753, 20230530221500)
 (3389., 3395., 3387., 3387.,  577., 286645, 20230530223000)
 (3387., 3394., 3387., 3392.,  410., 286818, 20230530224500)
 (3390., 3391., 3380., 3380., 1783., 286836, 20230530230000)
 (3380., 3383., 3373., 3379., 2175., 287185, 20230531091500)
 (3381., 3390., 3381., 3383.,  973., 287309, 20230531093000)
 (3383., 3387., 3375., 3385.,  885., 287442, 20230531094500)
 (3383., 3402., 3382., 3392., 1501., 287309, 20230531100000)
 (3392., 3399., 3387., 3392.,  817., 287034, 20230531101500)
 (3391., 3392., 3376., 3378.,  784., 287094, 20230531104500)
 (3378., 3385., 3375., 3382.,  825., 287210, 20230531110000)
 (3382., 3390., 3379., 3388.,  958., 287255, 20230531111500)
 (3386., 3396., 3382., 3395.,  897., 287122, 20230531113000)
 (3395., 3410., 3390., 3403., 2959., 287357, 20230531134500)
 (3403., 3423., 3402., 3415., 2810., 288038, 20230531140000)
 (3416., 3421., 3404., 3410., 1797., 287802, 20230531141500)
 (3410., 3415., 3402., 3405., 1258., 288244, 20230531143000)
 (3405., 3414., 3402., 3411.,  611., 288250, 20230531144500)
 (3411., 3417., 3405., 3409., 2413., 288199, 20230531150000)]
2023-06-01 15:30:00  INFO  [(3400., 3419., 3395., 3417., 7058., 284651, 20230531211500)
 (3416., 3438., 3413., 3433., 3508., 284094, 20230531213000)
 (3432., 3436., 3425., 3427., 2169., 284015, 20230531214500)
 (3427., 3431., 3424., 3430.,  556., 284008, 20230531220000)
 (3429., 3436., 3426., 3435.,  632., 283958, 20230531221500)
 (3435., 3450., 3432., 3445., 2090., 284299, 20230531223000)
 (3445., 3455., 3442., 3448., 1880., 284241, 20230531224500)
 (3448., 3455., 3445., 3452., 1327., 283867, 20230531230000)
 (3452., 3456., 3437., 3438., 2301., 283657, 20230601091500)
 (3439., 3443., 3433., 3442., 1141., 283886, 20230601093000)
 (3441., 3452., 3429., 3433., 2057., 283524, 20230601094500)
 (3434., 3459., 3434., 3455., 1900., 283669, 20230601100000)
 (3458., 3466., 3450., 3464., 7892., 286485, 20230601101500)
 (3461., 3474., 3457., 3465., 4068., 285558, 20230601104500)
 (3464., 3466., 3454., 3454., 1086., 285779, 20230601110000)
 (3454., 3457., 3450., 3455.,  629., 285804, 20230601111500)
 (3455., 3462., 3449., 3461.,  896., 286054, 20230601113000)
 (3465., 3478., 3460., 3464., 5079., 287495, 20230601134500)
 (3463., 3469., 3459., 3469., 3975., 288600, 20230601140000)
 (3469., 3476., 3464., 3467., 2616., 288624, 20230601141500)
 (3466., 3469., 3462., 3465.,  765., 288693, 20230601143000)
 (3463., 3472., 3458., 3471., 1094., 288585, 20230601144500)
 (3472., 3485., 3464., 3480., 3402., 288116, 20230601150000)]
2023-06-02 15:30:00  INFO  [(3495., 3495., 3454., 3463., 10283., 291194, 20230601211500)
 (3463., 3467., 3444., 3460.,  3164., 291203, 20230601213000)
 (3462., 3475., 3458., 3462.,  2204., 291432, 20230601214500)
 (3463., 3463., 3455., 3455.,   814., 291608, 20230601220000)
 (3456., 3461., 3452., 3459.,   436., 291715, 20230601221500)
 (3458., 3462., 3456., 3457.,   522., 291500, 20230601223000)
 (3456., 3466., 3455., 3465.,   447., 291254, 20230601224500)
 (3466., 3467., 3453., 3460.,  1056., 290881, 20230601230000)
 (3461., 3461., 3433., 3452., 14584., 296385, 20230602091500)
 (3453., 3457., 3442., 3446.,  3507., 295533, 20230602093000)
 (3446., 3450., 3439., 3441.,  2891., 296260, 20230602094500)
 (3440., 3460., 3440., 3456.,  2198., 296505, 20230602100000)
 (3456., 3458., 3445., 3446.,  1731., 297089, 20230602101500)
 (3449., 3461., 3446., 3456.,   873., 297124, 20230602104500)
 (3460., 3475., 3458., 3475.,  3124., 297932, 20230602110000)
 (3475., 3517., 3475., 3516.,  7217., 295450, 20230602111500)
 (3517., 3528., 3500., 3505., 14099., 296280, 20230602113000)
 (3504., 3522., 3501., 3520.,  6159., 297267, 20230602134500)
 (3520., 3524., 3509., 3520.,  5565., 298443, 20230602140000)
 (3520., 3540., 3517., 3534.,  5550., 295564, 20230602141500)
 (3535., 3553., 3532., 3540.,  4819., 293997, 20230602143000)
 (3541., 3545., 3533., 3539.,  4148., 292226, 20230602144500)
 (3540., 3541., 3519., 3523.,  2985., 291042, 20230602150000)]
2023-06-05 15:30:00  INFO  [(3529., 3545., 3526., 3526.,  8403., 288978, 20230602211500)
 (3528., 3537., 3525., 3534.,  1924., 287986, 20230602213000)
 (3537., 3556., 3534., 3552.,  4015., 287748, 20230602214500)
 (3550., 3552., 3543., 3549.,  1247., 287653, 20230602220000)
 (3548., 3573., 3546., 3568.,  4753., 287109, 20230602221500)
 (3568., 3568., 3558., 3560.,  2165., 286031, 20230602223000)
 (3562., 3563., 3552., 3558.,  4031., 283860, 20230602224500)
 (3558., 3568., 3556., 3563.,  2483., 282548, 20230602230000)
 (3600., 3610., 3566., 3576., 16880., 284259, 20230605091500)
 (3573., 3577., 3548., 3569.,  7160., 285218, 20230605093000)
 (3568., 3578., 3559., 3570.,  1236., 284989, 20230605094500)
 (3572., 3575., 3565., 3573.,  2015., 284978, 20230605100000)
 (3573., 3574., 3558., 3570.,  1442., 284823, 20230605101500)
 (3569., 3573., 3557., 3557.,  2756., 285759, 20230605104500)
 (3559., 3560., 3553., 3555.,  1045., 285917, 20230605110000)
 (3556., 3567., 3556., 3561.,  1366., 285694, 20230605111500)
 (3562., 3567., 3545., 3546.,  2687., 286128, 20230605113000)
 (3545., 3557., 3529., 3554.,  9116., 287890, 20230605134500)
 (3555., 3559., 3551., 3555.,  1926., 287344, 20230605140000)
 (3555., 3562., 3547., 3548.,  2075., 287274, 20230605141500)
 (3549., 3561., 3548., 3558.,  1219., 287179, 20230605143000)
 (3559., 3563., 3553., 3556.,  1445., 286817, 20230605144500)
 (3556., 3559., 3545., 3551.,  1736., 286119, 20230605150000)]
2023-06-06 15:30:00  INFO  [(3551., 3551., 3530., 3545.,  3064., 286172, 20230605211500)
 (3545., 3553., 3542., 3548.,  1850., 287063, 20230605213000)
 (3548., 3554., 3546., 3553.,  1790., 287647, 20230605214500)
 (3553., 3566., 3553., 3560.,  1729., 287834, 20230605220000)
 (3563., 3572., 3561., 3564.,  1280., 288157, 20230605221500)
 (3565., 3580., 3558., 3575.,  1810., 288286, 20230605223000)
 (3576., 3577., 3570., 3572.,   953., 288146, 20230605224500)
 (3573., 3582., 3568., 3570.,  1072., 287981, 20230605230000)
 (3565., 3574., 3554., 3563.,  2332., 288441, 20230606091500)
 (3563., 3563., 3550., 3556.,  2303., 289484, 20230606093000)
 (3554., 3562., 3552., 3558.,  1644., 289968, 20230606094500)
 (3560., 3561., 3543., 3548., 11930., 280770, 20230606100000)
 (3548., 3567., 3546., 3565.,  1403., 280162, 20230606101500)
 (3565., 3578., 3565., 3576.,  1747., 279710, 20230606104500)
 (3577., 3582., 3572., 3580.,  1408., 279647, 20230606110000)
 (3580., 3588., 3575., 3581.,  2678., 278970, 20230606111500)
 (3580., 3592., 3576., 3592.,  1629., 278670, 20230606113000)
 (3592., 3596., 3584., 3592.,  2644., 278797, 20230606134500)
 (3592., 3595., 3578., 3581.,  3475., 279636, 20230606140000)
 (3581., 3594., 3579., 3591.,  3848., 280336, 20230606141500)
 (3592., 3592., 3578., 3580.,  1496., 280192, 20230606143000)
 (3579., 3589., 3569., 3571.,  4361., 278801, 20230606144500)
 (3571., 3571., 3552., 3559.,  3197., 278956, 20230606150000)]
2023-06-07 15:30:00  INFO  [(3566., 3568., 3550., 3566., 2530., 278654, 20230606211500)
 (3565., 3573., 3556., 3560., 1740., 278293, 20230606213000)
 (3558., 3563., 3557., 3561.,  762., 278385, 20230606214500)
 (3560., 3563., 3536., 3547., 7385., 277878, 20230606220000)
 (3546., 3556., 3536., 3549., 9039., 273977, 20230606221500)
 (3549., 3557., 3548., 3553.,  840., 273849, 20230606223000)
 (3554., 3562., 3549., 3550.,  773., 274232, 20230606224500)
 (3550., 3553., 3533., 3544., 2742., 273486, 20230606230000)
 (3549., 3554., 3541., 3549., 4027., 274950, 20230607091500)
 (3549., 3568., 3548., 3558., 1687., 274557, 20230607093000)
 (3558., 3572., 3558., 3566., 1858., 274550, 20230607094500)
 (3566., 3574., 3558., 3574., 1481., 274735, 20230607100000)
 (3572., 3575., 3555., 3555., 1587., 274530, 20230607101500)
 (3555., 3570., 3555., 3569., 1788., 274615, 20230607104500)
 (3570., 3574., 3562., 3563., 2126., 274952, 20230607110000)
 (3563., 3566., 3554., 3554., 1722., 275085, 20230607111500)
 (3555., 3567., 3552., 3557., 1897., 275625, 20230607113000)
 (3561., 3566., 3540., 3550., 4983., 276031, 20230607134500)
 (3549., 3556., 3530., 3533., 4571., 276402, 20230607140000)
 (3532., 3537., 3515., 3515., 3969., 277123, 20230607141500)
 (3515., 3517., 3501., 3506., 3496., 277803, 20230607143000)
 (3506., 3524., 3504., 3521., 2595., 278044, 20230607144500)
 (3521., 3538., 3514., 3538., 3879., 277644, 20230607150000)]
2023-06-08 15:30:00  INFO  [(3539., 3560., 3538., 3556., 3089., 277495, 20230607211500)
 (3555., 3559., 3549., 3559., 1192., 277470, 20230607213000)
 (3559., 3559., 3546., 3554.,  825., 277543, 20230607214500)
 (3552., 3569., 3552., 3567., 1457., 277382, 20230607220000)
 (3567., 3583., 3565., 3581., 5522., 276147, 20230607221500)
 (3581., 3585., 3574., 3574., 2656., 275013, 20230607223000)
 (3575., 3580., 3569., 3577.,  401., 274957, 20230607224500)
 (3577., 3584., 3570., 3576., 1344., 274408, 20230607230000)
 (3576., 3590., 3572., 3586., 2057., 274568, 20230608091500)
 (3588., 3588., 3576., 3588., 1169., 274491, 20230608093000)
 (3588., 3592., 3578., 3579., 1449., 274633, 20230608094500)
 (3579., 3581., 3572., 3576.,  664., 274554, 20230608100000)
 (3576., 3588., 3573., 3584.,  677., 274649, 20230608101500)
 (3585., 3589., 3572., 3573., 1154., 274844, 20230608104500)
 (3572., 3582., 3568., 3574., 1054., 275004, 20230608110000)
 (3573., 3579., 3562., 3565., 4763., 275821, 20230608111500)
 (3566., 3574., 3542., 3550., 6120., 276697, 20230608113000)
 (3540., 3573., 3532., 3554., 3709., 276775, 20230608134500)
 (3552., 3556., 3544., 3549., 1959., 277292, 20230608140000)
 (3549., 3557., 3545., 3549., 1836., 277834, 20230608141500)
 (3549., 3554., 3544., 3548., 3098., 278018, 20230608143000)
 (3548., 3555., 3539., 3554., 2985., 279073, 20230608144500)
 (3552., 3557., 3545., 3545., 2819., 279463, 20230608150000)]
2023-06-09 15:30:00  INFO  [(3560., 3581., 3548., 3580., 14905., 279205, 20230608211500)
 (3577., 3595., 3573., 3586., 15007., 276658, 20230608213000)
 (3586., 3594., 3576., 3580.,  4913., 277262, 20230608214500)
 (3580., 3583., 3570., 3581.,  2263., 277704, 20230608220000)
 (3582., 3589., 3576., 3587.,  2657., 278350, 20230608221500)
 (3589., 3589., 3580., 3584.,  1075., 278591, 20230608223000)
 (3585., 3590., 3581., 3587.,  3527., 279981, 20230608224500)
 (3588., 3591., 3581., 3589.,  3559., 280057, 20230608230000)
 (3594., 3618., 3590., 3595.,  7103., 279768, 20230609091500)
 (3594., 3598., 3583., 3585.,  2373., 280410, 20230609093000)
 (3588., 3592., 3577., 3579.,  3313., 280606, 20230609094500)
 (3581., 3585., 3576., 3579.,  1892., 281039, 20230609100000)
 (3579., 3584., 3575., 3577.,  1451., 281427, 20230609101500)
 (3578., 3583., 3574., 3578.,  1519., 281722, 20230609104500)
 (3581., 3584., 3573., 3583.,   650., 281702, 20230609110000)
 (3583., 3592., 3581., 3592.,  2799., 281242, 20230609111500)
 (3591., 3604., 3589., 3598.,  3805., 281275, 20230609113000)
 (3599., 3601., 3582., 3601.,  3540., 281838, 20230609134500)
 (3602., 3606., 3598., 3604.,  1494., 281469, 20230609140000)
 (3604., 3605., 3597., 3603.,   669., 281391, 20230609141500)
 (3603., 3621., 3603., 3619.,  4163., 282445, 20230609143000)
 (3621., 3623., 3613., 3622.,  6141., 282814, 20230609144500)
 (3620., 3622., 3602., 3615.,  4960., 282518, 20230609150000)]
2023-06-12 15:30:00  INFO  [(3620., 3621., 3600., 3607., 8272., 279064, 20230609211500)
 (3607., 3614., 3602., 3604., 3539., 278302, 20230609213000)
 (3604., 3612., 3602., 3605., 1715., 278304, 20230609214500)
 (3606., 3613., 3605., 3609., 2889., 277878, 20230609220000)
 (3611., 3618., 3608., 3616., 1261., 277921, 20230609221500)
 (3616., 3633., 3612., 3627., 2826., 277336, 20230609223000)
 (3627., 3638., 3617., 3627., 2365., 277257, 20230609224500)
 (3628., 3628., 3605., 3607., 2043., 276822, 20230609230000)
 (3600., 3600., 3578., 3586., 6615., 276798, 20230612091500)
 (3586., 3595., 3575., 3580., 2746., 276682, 20230612093000)
 (3580., 3584., 3575., 3578., 1054., 276563, 20230612094500)
 (3576., 3579., 3567., 3569., 1869., 276517, 20230612100000)
 (3570., 3572., 3561., 3561., 1341., 276633, 20230612101500)
 (3562., 3569., 3554., 3564., 2921., 277403, 20230612104500)
 (3564., 3568., 3559., 3561., 1750., 277548, 20230612110000)
 (3559., 3565., 3558., 3562.,  320., 277574, 20230612111500)
 (3559., 3561., 3546., 3550., 1534., 277995, 20230612113000)
 (3553., 3570., 3553., 3565., 1787., 278107, 20230612134500)
 (3565., 3565., 3556., 3557., 1696., 277914, 20230612140000)
 (3558., 3564., 3553., 3555., 1750., 277765, 20230612141500)
 (3555., 3562., 3547., 3551., 1340., 277846, 20230612143000)
 (3552., 3561., 3546., 3560.,  855., 277794, 20230612144500)
 (3561., 3568., 3559., 3567., 1647., 277196, 20230612150000)]
2023-06-13 15:30:00  INFO  [(3561., 3582., 3561., 3577., 2408., 277120, 20230612211500)
 (3579., 3579., 3567., 3571.,  609., 277278, 20230612213000)
 (3573., 3579., 3569., 3576.,  682., 277482, 20230612214500)
 (3576., 3579., 3567., 3568., 1064., 278191, 20230612220000)
 (3569., 3574., 3560., 3566.,  459., 278164, 20230612221500)
 (3566., 3571., 3564., 3569.,  265., 278102, 20230612223000)
 (3568., 3570., 3563., 3565.,  246., 278007, 20230612224500)
 (3566., 3586., 3566., 3585., 2058., 278527, 20230612230000)
 (3585., 3590., 3578., 3583., 2717., 279784, 20230613091500)
 (3583., 3594., 3582., 3591., 2413., 280894, 20230613093000)
 (3592., 3598., 3587., 3596., 1339., 280536, 20230613094500)
 (3596., 3599., 3591., 3597., 1254., 280670, 20230613100000)
 (3596., 3600., 3587., 3587., 2136., 280683, 20230613101500)
 (3587., 3617., 3587., 3613., 5898., 280861, 20230613104500)
 (3613., 3630., 3610., 3629., 5371., 280836, 20230613110000)
 (3629., 3632., 3606., 3625., 5753., 281591, 20230613111500)
 (3625., 3628., 3617., 3619., 4429., 282642, 20230613113000)
 (3625., 3637., 3619., 3626., 6726., 283336, 20230613134500)
 (3627., 3643., 3620., 3640., 6541., 282500, 20230613140000)
 (3643., 3644., 3632., 3634., 4111., 282816, 20230613141500)
 (3637., 3644., 3634., 3643., 1077., 282458, 20230613143000)
 (3643., 3647., 3640., 3643., 2002., 282493, 20230613144500)
 (3643., 3648., 3639., 3648., 2120., 282243, 20230613150000)]
2023-06-14 15:30:00  INFO  [(3650., 3657., 3646., 3648., 3548., 281628, 20230613211500)
 (3651., 3657., 3648., 3652., 2019., 281420, 20230613213000)
 (3653., 3654., 3643., 3648.,  913., 281576, 20230613214500)
 (3647., 3655., 3645., 3651.,  643., 281509, 20230613220000)
 (3649., 3656., 3646., 3656.,  840., 281341, 20230613221500)
 (3655., 3655., 3649., 3653.,  474., 281095, 20230613223000)
 (3653., 3657., 3650., 3652., 1306., 280454, 20230613224500)
 (3652., 3654., 3645., 3648., 1726., 279642, 20230613230000)
 (3647., 3649., 3636., 3639., 3459., 279774, 20230614091500)
 (3638., 3650., 3633., 3650., 3802., 279612, 20230614093000)
 (3650., 3652., 3639., 3646., 1017., 279608, 20230614094500)
 (3645., 3655., 3643., 3651., 2866., 280596, 20230614100000)
 (3651., 3653., 3644., 3644., 1647., 281265, 20230614101500)
 (3643., 3652., 3641., 3642.,  854., 280854, 20230614104500)
 (3640., 3643., 3637., 3640.,  852., 280992, 20230614110000)
 (3641., 3649., 3640., 3647., 1244., 280349, 20230614111500)
 (3648., 3659., 3646., 3659., 2168., 279067, 20230614113000)
 (3658., 3672., 3646., 3668., 4010., 278220, 20230614134500)
 (3668., 3670., 3643., 3646., 3560., 277448, 20230614140000)
 (3646., 3653., 3639., 3650., 8443., 275538, 20230614141500)
 (3647., 3651., 3639., 3644., 5672., 274641, 20230614143000)
 (3642., 3650., 3641., 3642., 2162., 274856, 20230614144500)
 (3644., 3659., 3641., 3657., 1974., 273850, 20230614150000)]
2023-06-15 15:30:00  INFO  [(3657., 3685., 3657., 3672., 4648., 273614, 20230614211500)
 (3673., 3673., 3660., 3662.,  893., 273445, 20230614213000)
 (3663., 3672., 3659., 3670.,  919., 273338, 20230614214500)
 (3671., 3675., 3664., 3666., 1055., 273078, 20230614220000)
 (3668., 3670., 3662., 3667., 1016., 273397, 20230614221500)
 (3669., 3677., 3666., 3675., 1291., 272852, 20230614223000)
 (3675., 3683., 3673., 3675., 1674., 272444, 20230614224500)
 (3675., 3676., 3658., 3661., 4873., 270211, 20230614230000)
 (3656., 3659., 3642., 3643., 3059., 270002, 20230615091500)
 (3644., 3651., 3640., 3647., 1129., 270197, 20230615093000)
 (3646., 3654., 3643., 3648., 1482., 270193, 20230615094500)
 (3649., 3660., 3649., 3656.,  892., 270179, 20230615100000)
 (3656., 3668., 3648., 3655., 1783., 270303, 20230615101500)
 (3655., 3656., 3640., 3644., 1996., 269930, 20230615104500)
 (3644., 3645., 3626., 3629., 3801., 270808, 20230615110000)
 (3630., 3635., 3626., 3630., 1973., 271121, 20230615111500)
 (3630., 3649., 3628., 3647., 1602., 270644, 20230615113000)
 (3647., 3659., 3639., 3647., 3368., 271812, 20230615134500)
 (3647., 3654., 3643., 3653., 1249., 272228, 20230615140000)
 (3654., 3668., 3651., 3665., 3603., 272343, 20230615141500)
 (3663., 3669., 3660., 3667., 1748., 272106, 20230615143000)
 (3669., 3673., 3661., 3663., 2140., 272740, 20230615144500)
 (3661., 3668., 3655., 3666., 2410., 273299, 20230615150000)]
2023-06-16 15:30:00  INFO  [(3673., 3685., 3664., 3679., 5789., 274638, 20230615211500)
 (3677., 3684., 3672., 3678., 3034., 274223, 20230615213000)
 (3678., 3678., 3669., 3675.,  751., 274211, 20230615214500)
 (3675., 3683., 3674., 3681.,  542., 274294, 20230615220000)
 (3682., 3685., 3678., 3680.,  616., 274416, 20230615221500)
 (3680., 3685., 3677., 3684.,  633., 274661, 20230615223000)
 (3684., 3685., 3678., 3679.,  521., 274644, 20230615224500)
 (3679., 3680., 3668., 3669., 2015., 274663, 20230615230000)
 (3669., 3682., 3668., 3672., 3340., 274186, 20230616091500)
 (3673., 3679., 3668., 3679., 1015., 274066, 20230616093000)
 (3680., 3687., 3676., 3685., 2427., 273252, 20230616094500)
 (3685., 3695., 3683., 3692., 3100., 272962, 20230616100000)
 (3692., 3694., 3685., 3689., 1021., 272855, 20230616101500)
 (3690., 3700., 3689., 3699., 1834., 273120, 20230616104500)
 (3699., 3705., 3692., 3700., 2061., 273786, 20230616110000)
 (3703., 3705., 3697., 3700., 1594., 273766, 20230616111500)
 (3699., 3706., 3689., 3705., 2981., 273293, 20230616113000)
 (3704., 3713., 3703., 3707., 2767., 273182, 20230616134500)
 (3708., 3710., 3702., 3708.,  653., 273121, 20230616140000)
 (3708., 3715., 3704., 3712., 1076., 273070, 20230616141500)
 (3711., 3717., 3707., 3711., 1399., 272820, 20230616143000)
 (3711., 3713., 3700., 3700., 1088., 272897, 20230616144500)
 (3706., 3712., 3701., 3707., 3415., 271807, 20230616150000)]
2023-06-19 15:30:00  INFO  [(3707., 3712., 3679., 3682., 4764., 272355, 20230616211500)
 (3680., 3705., 3680., 3705., 1954., 272474, 20230616213000)
 (3704., 3706., 3693., 3693., 2432., 272126, 20230616214500)
 (3694., 3704., 3693., 3704.,  748., 272441, 20230616220000)
 (3704., 3710., 3701., 3707., 1238., 272741, 20230616221500)
 (3709., 3715., 3703., 3715.,  878., 272487, 20230616223000)
 (3715., 3728., 3712., 3726., 3271., 271593, 20230616224500)
 (3725., 3733., 3718., 3730., 1486., 271212, 20230616230000)
 (3730., 3730., 3702., 3717., 5966., 269694, 20230619091500)
 (3717., 3720., 3700., 3708., 2926., 268863, 20230619093000)
 (3708., 3708., 3695., 3699., 3671., 268243, 20230619094500)
 (3698., 3712., 3698., 3708., 1635., 267843, 20230619100000)
 (3709., 3710., 3695., 3700.,  866., 267996, 20230619101500)
 (3697., 3699., 3691., 3696., 1187., 268061, 20230619104500)
 (3694., 3703., 3670., 3676., 4760., 268013, 20230619110000)
 (3675., 3676., 3665., 3675., 3107., 268686, 20230619111500)
 (3675., 3682., 3669., 3674., 1696., 268368, 20230619113000)
 (3674., 3676., 3666., 3672., 3489., 269673, 20230619134500)
 (3670., 3694., 3670., 3686., 2969., 270127, 20230619140000)
 (3687., 3687., 3675., 3681., 1318., 270327, 20230619141500)
 (3680., 3683., 3670., 3670., 1027., 270740, 20230619143000)
 (3671., 3677., 3669., 3675., 1092., 270825, 20230619144500)
 (3675., 3680., 3671., 3677., 3356., 270629, 20230619150000)]
2023-06-20 15:30:00  INFO  [(3681., 3687., 3663., 3667., 4371., 270512, 20230619211500)
 (3667., 3668., 3656., 3666., 2827., 270184, 20230619213000)
 (3666., 3674., 3663., 3668., 1726., 270549, 20230619214500)
 (3668., 3670., 3663., 3669.,  508., 270531, 20230619220000)
 (3667., 3667., 3648., 3653., 3089., 270866, 20230619221500)
 (3653., 3657., 3644., 3655., 2055., 270797, 20230619223000)
 (3655., 3661., 3651., 3660.,  850., 271053, 20230619224500)
 (3660., 3670., 3659., 3661., 1859., 271837, 20230619230000)
 (3664., 3682., 3661., 3679., 1851., 272058, 20230620091500)
 (3680., 3684., 3669., 3679.,  915., 272268, 20230620093000)
 (3679., 3685., 3673., 3673., 1056., 272497, 20230620094500)
 (3673., 3677., 3661., 3663.,  793., 272406, 20230620100000)
 (3661., 3665., 3640., 3646., 4986., 273631, 20230620101500)
 (3649., 3654., 3644., 3651., 1943., 273408, 20230620104500)
 (3651., 3658., 3646., 3649., 1111., 273659, 20230620110000)
 (3647., 3657., 3646., 3651., 1741., 274170, 20230620111500)
 (3651., 3656., 3639., 3652., 3233., 274401, 20230620113000)
 (3651., 3663., 3647., 3662., 1339., 274137, 20230620134500)
 (3660., 3669., 3659., 3668.,  870., 274168, 20230620140000)
 (3669., 3670., 3660., 3663., 1085., 274116, 20230620141500)
 (3664., 3670., 3659., 3667., 1277., 274040, 20230620143000)
 (3668., 3672., 3664., 3671.,  587., 274121, 20230620144500)
 (3670., 3670., 3656., 3659., 1271., 274304, 20230620150000)]
2023-06-21 15:30:00  INFO  [(3649., 3662., 3649., 3655., 3382., 273808, 20230620211500)
 (3655., 3657., 3649., 3651.,  820., 274020, 20230620213000)
 (3651., 3653., 3630., 3636., 3644., 274128, 20230620214500)
 (3635., 3639., 3632., 3633., 2246., 274556, 20230620220000)
 (3633., 3633., 3623., 3628., 2397., 274860, 20230620221500)
 (3628., 3633., 3620., 3621., 1308., 274975, 20230620223000)
 (3621., 3623., 3614., 3618., 1786., 275340, 20230620224500)
 (3617., 3622., 3610., 3620., 2907., 275752, 20230620230000)
 (3620., 3641., 3620., 3638., 4483., 276024, 20230621091500)
 (3638., 3650., 3635., 3649., 2014., 275609, 20230621093000)
 (3649., 3649., 3641., 3646.,  973., 275391, 20230621094500)
 (3644., 3659., 3642., 3659., 2580., 275294, 20230621100000)
 (3659., 3659., 3649., 3650., 2283., 275232, 20230621101500)
 (3651., 3660., 3649., 3650., 1918., 275334, 20230621104500)
 (3651., 3651., 3638., 3641., 1594., 274969, 20230621110000)
 (3641., 3658., 3641., 3656., 3274., 274788, 20230621111500)
 (3657., 3659., 3648., 3650., 1899., 273816, 20230621113000)
 (3650., 3650., 3633., 3633., 2466., 274517, 20230621134500)
 (3633., 3635., 3622., 3628., 1881., 274309, 20230621140000)
 (3628., 3634., 3621., 3625., 1730., 274525, 20230621141500)
 (3623., 3627., 3621., 3624., 1159., 274728, 20230621143000)
 (3624., 3631., 3605., 3610., 4621., 275800, 20230621144500)
 (3610., 3618., 3607., 3608., 4041., 276496, 20230621150000)]
2023-06-26 15:30:00  INFO  [(3641., 3658., 3641., 3656.,  3274., 274788, 20230621111500)
 (3657., 3659., 3648., 3650.,  1899., 273816, 20230621113000)
 (3650., 3650., 3633., 3633.,  2466., 274517, 20230621134500)
 (3633., 3635., 3622., 3628.,  1881., 274309, 20230621140000)
 (3628., 3634., 3621., 3625.,  1730., 274525, 20230621141500)
 (3623., 3627., 3621., 3624.,  1159., 274728, 20230621143000)
 (3624., 3631., 3605., 3610.,  4621., 275800, 20230621144500)
 (3610., 3618., 3607., 3608.,  4041., 276496, 20230621150000)
 (3567., 3595., 3561., 3592., 13856., 272464, 20230626091500)
 (3590., 3608., 3582., 3585.,  7771., 272194, 20230626093000)
 (3584., 3596., 3581., 3591.,  2648., 271913, 20230626094500)
 (3591., 3592., 3578., 3581.,  1502., 272263, 20230626100000)
 (3581., 3583., 3572., 3580.,  1583., 272803, 20230626101500)
 (3580., 3582., 3567., 3568.,  3248., 271929, 20230626104500)
 (3568., 3575., 3567., 3571.,  1453., 272293, 20230626110000)
 (3572., 3584., 3568., 3580.,  2172., 272146, 20230626111500)
 (3581., 3592., 3580., 3589.,  1311., 272099, 20230626113000)
 (3584., 3589., 3581., 3586.,   667., 272074, 20230626134500)
 (3587., 3587., 3578., 3582.,  1107., 271947, 20230626140000)
 (3581., 3585., 3573., 3579.,   843., 271992, 20230626141500)
 (3579., 3592., 3579., 3588.,   734., 272177, 20230626143000)
 (3588., 3596., 3582., 3594.,  1259., 272072, 20230626144500)
 (3592., 3593., 3581., 3590.,  4207., 273105, 20230626150000)]
2023-06-27 15:30:00  INFO  [(3591., 3602., 3587., 3592., 2578., 273285, 20230626211500)
 (3592., 3601., 3588., 3601., 1247., 273336, 20230626213000)
 (3601., 3605., 3596., 3603., 1532., 273874, 20230626214500)
 (3603., 3612., 3592., 3597., 3801., 273680, 20230626220000)
 (3598., 3598., 3589., 3594., 1154., 273512, 20230626221500)
 (3593., 3600., 3590., 3590., 2800., 273947, 20230626223000)
 (3591., 3602., 3590., 3600.,  529., 274061, 20230626224500)
 (3600., 3601., 3591., 3596., 1018., 274254, 20230626230000)
 (3596., 3605., 3594., 3600., 2227., 274910, 20230627091500)
 (3600., 3614., 3598., 3610., 2429., 275631, 20230627093000)
 (3612., 3613., 3606., 3613.,  753., 275844, 20230627094500)
 (3613., 3623., 3612., 3620., 3258., 275213, 20230627100000)
 (3620., 3620., 3606., 3610., 5333., 276817, 20230627101500)
 (3610., 3614., 3606., 3612.,  523., 276822, 20230627104500)
 (3610., 3627., 3610., 3627., 1755., 277035, 20230627110000)
 (3626., 3635., 3623., 3634., 4100., 277324, 20230627111500)
 (3634., 3645., 3628., 3643., 3209., 278060, 20230627113000)
 (3643., 3663., 3640., 3659., 9720., 276922, 20230627134500)
 (3658., 3662., 3654., 3655., 5583., 278534, 20230627140000)
 (3655., 3661., 3649., 3655., 6002., 280630, 20230627141500)
 (3655., 3656., 3646., 3647., 1331., 280597, 20230627143000)
 (3648., 3652., 3638., 3638., 3826., 280219, 20230627144500)
 (3639., 3645., 3634., 3640., 3623., 279442, 20230627150000)]
2023-06-28 15:30:00  INFO  [(3636., 3649., 3636., 3641., 4490., 280805, 20230627211500)
 (3642., 3645., 3633., 3641., 1857., 281013, 20230627213000)
 (3642., 3642., 3636., 3637.,  565., 281028, 20230627214500)
 (3637., 3637., 3631., 3634., 1439., 280888, 20230627220000)
 (3635., 3642., 3632., 3639.,  592., 281001, 20230627221500)
 (3640., 3655., 3639., 3649., 1840., 281358, 20230627223000)
 (3649., 3652., 3645., 3651., 1561., 281353, 20230627224500)
 (3652., 3652., 3643., 3649., 1218., 280857, 20230627230000)
 (3650., 3650., 3638., 3640., 1462., 280748, 20230628091500)
 (3641., 3643., 3635., 3639., 2074., 280008, 20230628093000)
 (3640., 3640., 3633., 3634., 3529., 278940, 20230628094500)
 (3634., 3642., 3628., 3636., 1983., 278038, 20230628100000)
 (3636., 3638., 3622., 3625., 1737., 278093, 20230628101500)
 (3625., 3631., 3615., 3629., 2470., 278973, 20230628104500)
 (3629., 3635., 3621., 3624., 2925., 279749, 20230628110000)
 (3624., 3629., 3622., 3623., 1214., 280019, 20230628111500)
 (3623., 3632., 3622., 3624.,  972., 279979, 20230628113000)
 (3625., 3626., 3616., 3626., 2831., 280115, 20230628134500)
 (3626., 3642., 3625., 3636., 2041., 280394, 20230628140000)
 (3637., 3645., 3637., 3644.,  992., 279965, 20230628141500)
 (3645., 3645., 3636., 3640.,  675., 280008, 20230628143000)
 (3640., 3647., 3638., 3645., 1486., 279881, 20230628144500)
 (3645., 3650., 3639., 3646., 2309., 279903, 20230628150000)]
2023-06-29 15:30:00  INFO  [(3674., 3674., 3628., 3629., 5598., 281282, 20230628211500)
 (3629., 3635., 3628., 3632.,  834., 281505, 20230628213000)
 (3633., 3647., 3630., 3643., 1213., 281720, 20230628214500)
 (3642., 3648., 3640., 3644.,  898., 282017, 20230628220000)
 (3646., 3648., 3633., 3633., 1434., 282341, 20230628221500)
 (3634., 3635., 3626., 3628., 2729., 282888, 20230628223000)
 (3627., 3637., 3626., 3635.,  477., 283024, 20230628224500)
 (3634., 3636., 3621., 3626., 1289., 282951, 20230628230000)
 (3623., 3652., 3623., 3647., 2921., 282573, 20230629091500)
 (3647., 3666., 3644., 3664., 3248., 281572, 20230629093000)
 (3663., 3665., 3652., 3664., 1552., 281459, 20230629094500)
 (3662., 3666., 3657., 3663.,  993., 281317, 20230629100000)
 (3663., 3664., 3650., 3656.,  750., 281112, 20230629101500)
 (3659., 3660., 3650., 3656.,  410., 281048, 20230629104500)
 (3657., 3658., 3642., 3644., 1634., 280227, 20230629110000)
 (3644., 3650., 3643., 3646.,  511., 280179, 20230629111500)
 (3646., 3660., 3644., 3660.,  512., 280092, 20230629113000)
 (3652., 3653., 3626., 3637., 3361., 280235, 20230629134500)
 (3636., 3638., 3631., 3634., 1572., 281147, 20230629140000)
 (3634., 3646., 3633., 3642., 1176., 281390, 20230629141500)
 (3642., 3645., 3635., 3638., 1097., 281599, 20230629143000)
 (3638., 3640., 3633., 3638.,  475., 281559, 20230629144500)
 (3637., 3645., 3635., 3642.,  900., 281266, 20230629150000)]
2023-06-30 15:30:00  INFO  [(3640., 3663., 3640., 3657., 4142., 280233, 20230629211500)
 (3657., 3665., 3657., 3661., 1519., 280068, 20230629213000)
 (3662., 3663., 3656., 3660., 1244., 280356, 20230629214500)
 (3661., 3677., 3660., 3676., 2749., 280560, 20230629220000)
 (3676., 3685., 3673., 3673., 2104., 280318, 20230629221500)
 (3674., 3677., 3671., 3677., 1147., 280252, 20230629223000)
 (3677., 3679., 3674., 3675.,  433., 280119, 20230629224500)
 (3675., 3676., 3666., 3673.,  915., 279842, 20230629230000)
 (3675., 3682., 3672., 3675., 1901., 279536, 20230630091500)
 (3675., 3687., 3674., 3682., 1978., 278652, 20230630093000)
 (3685., 3689., 3677., 3684., 1174., 278036, 20230630094500)
 (3685., 3689., 3679., 3686., 4824., 275618, 20230630100000)
 (3685., 3688., 3680., 3680., 2332., 274790, 20230630101500)
 (3680., 3683., 3674., 3678., 1243., 274612, 20230630104500)
 (3678., 3687., 3675., 3686., 1014., 274639, 20230630110000)
 (3685., 3686., 3677., 3680.,  614., 274633, 20230630111500)
 (3680., 3681., 3673., 3678., 1482., 274666, 20230630113000)
 (3678., 3680., 3665., 3670., 2532., 274216, 20230630134500)
 (3670., 3673., 3662., 3667., 1219., 274341, 20230630140000)
 (3666., 3667., 3646., 3648., 3126., 274097, 20230630141500)
 (3647., 3652., 3633., 3640., 5017., 274151, 20230630143000)
 (3638., 3645., 3636., 3642., 1905., 274154, 20230630144500)
 (3642., 3654., 3642., 3645., 1896., 274614, 20230630150000)]
2023-07-03 15:30:00  INFO  [(3650., 3653., 3641., 3649.,  3052., 274427, 20230630211500)
 (3649., 3663., 3647., 3662.,  1392., 274082, 20230630213000)
 (3662., 3669., 3658., 3666.,  1258., 273768, 20230630214500)
 (3665., 3666., 3657., 3664.,   883., 273517, 20230630220000)
 (3663., 3673., 3658., 3672.,   903., 273555, 20230630221500)
 (3673., 3673., 3662., 3667.,   592., 273453, 20230630223000)
 (3667., 3668., 3658., 3659.,   503., 273413, 20230630224500)
 (3660., 3667., 3650., 3653.,  1668., 273297, 20230630230000)
 (3653., 3660., 3643., 3648.,  4925., 274258, 20230703091500)
 (3648., 3648., 3626., 3635.,  3125., 274178, 20230703093000)
 (3634., 3651., 3634., 3649.,  1397., 274110, 20230703094500)
 (3647., 3652., 3636., 3637.,  3426., 272994, 20230703100000)
 (3636., 3637., 3626., 3629.,  3615., 272171, 20230703101500)
 (3629., 3638., 3621., 3629.,  5136., 269704, 20230703104500)
 (3630., 3654., 3629., 3648., 11275., 266766, 20230703110000)
 (3648., 3649., 3628., 3637.,  3475., 265778, 20230703111500)
 (3635., 3651., 3635., 3651.,  1491., 265800, 20230703113000)
 (3650., 3678., 3645., 3675.,  8243., 265230, 20230703134500)
 (3676., 3681., 3668., 3675.,  5599., 265214, 20230703140000)
 (3674., 3681., 3670., 3681.,  3537., 265371, 20230703141500)
 (3681., 3687., 3675., 3677.,  4104., 264491, 20230703143000)
 (3677., 3678., 3668., 3673.,  3954., 264844, 20230703144500)
 (3671., 3680., 3665., 3677.,  3083., 265399, 20230703150000)]
2023-07-04 15:30:00  INFO  [(3680., 3697., 3677., 3691., 4312., 266582, 20230703211500)
 (3691., 3695., 3685., 3692., 1905., 266618, 20230703213000)
 (3692., 3698., 3686., 3686., 1706., 266959, 20230703214500)
 (3686., 3691., 3684., 3689.,  712., 267191, 20230703220000)
 (3689., 3690., 3672., 3680., 1558., 267063, 20230703221500)
 (3680., 3683., 3672., 3674.,  955., 267096, 20230703223000)
 (3673., 3684., 3672., 3684.,  809., 267401, 20230703224500)
 (3684., 3687., 3679., 3682., 1077., 267400, 20230703230000)
 (3685., 3693., 3685., 3689., 5997., 266372, 20230704091500)
 (3689., 3696., 3679., 3684., 3040., 265886, 20230704093000)
 (3682., 3687., 3675., 3683., 1743., 266061, 20230704094500)
 (3684., 3699., 3680., 3691., 1936., 266078, 20230704100000)
 (3690., 3705., 3686., 3703., 3627., 267019, 20230704101500)
 (3702., 3705., 3696., 3698., 1047., 266950, 20230704104500)
 (3698., 3709., 3692., 3703., 3153., 267927, 20230704110000)
 (3705., 3705., 3688., 3694., 5441., 271047, 20230704111500)
 (3693., 3696., 3686., 3689., 2339., 271398, 20230704113000)
 (3691., 3691., 3680., 3684., 3863., 271528, 20230704134500)
 (3685., 3687., 3660., 3673., 4857., 271913, 20230704140000)
 (3674., 3685., 3671., 3681., 1065., 272248, 20230704141500)
 (3682., 3686., 3680., 3683., 2285., 273292, 20230704143000)
 (3684., 3686., 3674., 3682., 2731., 274304, 20230704144500)
 (3681., 3684., 3676., 3683., 2932., 275238, 20230704150000)]
2023-07-05 15:30:00  INFO  [(3686., 3693., 3680., 3682., 3873., 276575, 20230704211500)
 (3684., 3688., 3677., 3678., 2265., 277265, 20230704213000)
 (3678., 3685., 3676., 3681.,  744., 277563, 20230704214500)
 (3680., 3688., 3680., 3685.,  538., 277689, 20230704220000)
 (3686., 3690., 3685., 3686.,  640., 277898, 20230704221500)
 (3686., 3690., 3679., 3683.,  465., 277856, 20230704223000)
 (3682., 3694., 3682., 3689., 1393., 277284, 20230704224500)
 (3689., 3690., 3680., 3681.,  611., 277210, 20230704230000)
 (3682., 3689., 3674., 3678., 1392., 277534, 20230705091500)
 (3677., 3688., 3676., 3683., 1412., 277541, 20230705093000)
 (3684., 3686., 3670., 3674., 2588., 277215, 20230705094500)
 (3674., 3676., 3656., 3660., 3973., 277844, 20230705100000)
 (3659., 3673., 3658., 3668., 2343., 277771, 20230705101500)
 (3670., 3677., 3665., 3674., 2047., 277790, 20230705104500)
 (3671., 3672., 3662., 3662.,  502., 277922, 20230705110000)
 (3662., 3664., 3655., 3657., 1323., 277984, 20230705111500)
 (3656., 3662., 3653., 3653., 2448., 278193, 20230705113000)
 (3655., 3660., 3651., 3660., 2010., 278842, 20230705134500)
 (3659., 3664., 3656., 3663., 1028., 278922, 20230705140000)
 (3662., 3673., 3657., 3673.,  911., 279021, 20230705141500)
 (3673., 3676., 3668., 3672., 2125., 278204, 20230705143000)
 (3671., 3673., 3665., 3670.,  941., 277990, 20230705144500)
 (3670., 3673., 3665., 3670., 1720., 277353, 20230705150000)]
2023-07-06 15:30:00  INFO  [(3667., 3673., 3660., 3672., 1450., 277849, 20230705211500)
 (3673., 3683., 3672., 3681., 1996., 277665, 20230705213000)
 (3682., 3686., 3677., 3681., 1057., 277620, 20230705214500)
 (3680., 3684., 3676., 3683., 1660., 277143, 20230705220000)
 (3683., 3685., 3678., 3680.,  293., 277159, 20230705221500)
 (3682., 3683., 3677., 3677.,  155., 277170, 20230705223000)
 (3677., 3680., 3670., 3672., 1188., 277059, 20230705224500)
 (3672., 3678., 3670., 3673., 1318., 276986, 20230705230000)
 (3673., 3689., 3673., 3689., 2160., 276906, 20230706091500)
 (3689., 3690., 3684., 3685., 2328., 276144, 20230706093000)
 (3686., 3687., 3680., 3683.,  947., 275820, 20230706094500)
 (3683., 3688., 3683., 3687.,  295., 275751, 20230706100000)
 (3686., 3688., 3681., 3687.,  326., 275785, 20230706101500)
 (3687., 3687., 3665., 3666., 3893., 274713, 20230706104500)
 (3666., 3671., 3663., 3666., 1536., 275357, 20230706110000)
 (3665., 3667., 3657., 3657., 1847., 276174, 20230706111500)
 (3657., 3663., 3655., 3659., 1246., 276685, 20230706113000)
 (3659., 3667., 3658., 3660., 1367., 277316, 20230706134500)
 (3659., 3671., 3659., 3669.,  694., 277433, 20230706140000)
 (3669., 3671., 3665., 3669., 1203., 277777, 20230706141500)
 (3669., 3672., 3666., 3672.,  780., 277929, 20230706143000)
 (3673., 3679., 3671., 3675., 1577., 277805, 20230706144500)
 (3676., 3681., 3675., 3678., 1460., 277740, 20230706150000)]
2023-07-07 15:30:00  INFO  [(3679., 3682., 3673., 3676.,  2496., 277577, 20230706211500)
 (3676., 3682., 3676., 3682.,  1051., 277462, 20230706213000)
 (3682., 3683., 3664., 3667.,  1921., 277851, 20230706214500)
 (3667., 3668., 3662., 3663.,   638., 278000, 20230706220000)
 (3664., 3671., 3664., 3666.,   527., 277862, 20230706221500)
 (3666., 3671., 3664., 3666.,   220., 277831, 20230706223000)
 (3666., 3666., 3659., 3664.,   897., 277610, 20230706224500)
 (3665., 3670., 3658., 3658.,  1225., 277951, 20230706230000)
 (3664., 3671., 3658., 3667.,  1304., 277870, 20230707091500)
 (3666., 3669., 3661., 3668.,   758., 278205, 20230707093000)
 (3668., 3678., 3668., 3675.,  1619., 277853, 20230707094500)
 (3675., 3678., 3670., 3677.,  1719., 277509, 20230707100000)
 (3677., 3677., 3667., 3668.,   781., 277231, 20230707101500)
 (3669., 3678., 3668., 3677.,   615., 277248, 20230707104500)
 (3678., 3684., 3673., 3684.,   959., 277163, 20230707110000)
 (3683., 3688., 3679., 3686.,  2327., 277037, 20230707111500)
 (3687., 3687., 3675., 3678.,   639., 277021, 20230707113000)
 (3681., 3686., 3680., 3683.,   953., 276679, 20230707134500)
 (3684., 3684., 3664., 3664.,  2458., 277518, 20230707140000)
 (3666., 3666., 3653., 3658.,  4012., 278108, 20230707141500)
 (3659., 3662., 3625., 3626.,  6129., 279819, 20230707143000)
 (3627., 3627., 3605., 3612., 13450., 282008, 20230707144500)
 (3612., 3623., 3597., 3597.,  7840., 283818, 20230707150000)]
2023-07-10 15:30:00  INFO  [(3590., 3611., 3590., 3605., 3654., 284558, 20230707211500)
 (3605., 3605., 3597., 3598., 2790., 285260, 20230707213000)
 (3599., 3609., 3597., 3603., 1631., 285185, 20230707214500)
 (3603., 3609., 3602., 3602., 1072., 285071, 20230707220000)
 (3602., 3604., 3599., 3603., 1391., 284868, 20230707221500)
 (3603., 3603., 3597., 3601.,  447., 285014, 20230707223000)
 (3601., 3608., 3601., 3604., 1564., 285808, 20230707224500)
 (3604., 3609., 3602., 3607.,  709., 285588, 20230707230000)
 (3601., 3629., 3601., 3625., 7146., 285618, 20230710091500)
 (3625., 3627., 3613., 3619., 1723., 285763, 20230710093000)
 (3619., 3626., 3616., 3625., 2947., 285119, 20230710094500)
 (3625., 3625., 3617., 3624., 1157., 284784, 20230710100000)
 (3622., 3629., 3621., 3626., 1128., 284785, 20230710101500)
 (3625., 3626., 3613., 3617., 1074., 284750, 20230710104500)
 (3618., 3620., 3607., 3615., 2355., 285568, 20230710110000)
 (3614., 3619., 3606., 3608., 2123., 286130, 20230710111500)
 (3607., 3608., 3594., 3600., 6695., 287905, 20230710113000)
 (3595., 3596., 3584., 3588., 5409., 287772, 20230710134500)
 (3585., 3594., 3582., 3585., 3090., 288286, 20230710140000)
 (3585., 3594., 3583., 3589., 2514., 289235, 20230710141500)
 (3589., 3599., 3588., 3591., 1261., 289265, 20230710143000)
 (3592., 3593., 3585., 3589., 2323., 289448, 20230710144500)
 (3590., 3590., 3582., 3588., 2435., 289899, 20230710150000)]
2023-07-11 15:30:00  INFO  [(3586., 3605., 3586., 3602., 5735., 289873, 20230710211500)
 (3601., 3605., 3595., 3601.,  850., 289945, 20230710213000)
 (3601., 3609., 3601., 3609., 1705., 290075, 20230710214500)
 (3608., 3615., 3605., 3607., 1719., 289779, 20230710220000)
 (3607., 3609., 3603., 3605.,  866., 289915, 20230710221500)
 (3605., 3613., 3605., 3610.,  442., 289922, 20230710223000)
 (3610., 3613., 3604., 3609.,  631., 289828, 20230710224500)
 (3609., 3620., 3607., 3608., 1448., 289594, 20230710230000)
 (3610., 3611., 3599., 3605., 2582., 289776, 20230711091500)
 (3605., 3606., 3596., 3606., 2311., 290099, 20230711093000)
 (3606., 3608., 3599., 3600.,  895., 290381, 20230711094500)
 (3600., 3603., 3597., 3602.,  375., 290522, 20230711100000)
 (3601., 3620., 3601., 3615., 2967., 291092, 20230711101500)
 (3614., 3623., 3612., 3620., 3674., 290853, 20230711104500)
 (3620., 3630., 3617., 3624., 3910., 290164, 20230711110000)
 (3625., 3626., 3615., 3616., 1733., 290047, 20230711111500)
 (3616., 3625., 3615., 3624.,  846., 290035, 20230711113000)
 (3624., 3625., 3607., 3607., 1977., 290071, 20230711134500)
 (3606., 3609., 3600., 3603., 2275., 290740, 20230711140000)
 (3604., 3609., 3603., 3608., 1280., 290745, 20230711141500)
 (3608., 3619., 3605., 3617., 2879., 290587, 20230711143000)
 (3617., 3622., 3613., 3615., 2283., 290294, 20230711144500)
 (3612., 3615., 3606., 3611., 3187., 289053, 20230711150000)]
2023-07-12 15:30:00  INFO  [(3620., 3639., 3615., 3631., 4665., 288692, 20230711211500)
 (3631., 3635., 3627., 3632., 2127., 288123, 20230711213000)
 (3632., 3636., 3625., 3626.,  981., 288180, 20230711214500)
 (3626., 3630., 3621., 3629., 1029., 287995, 20230711220000)
 (3629., 3630., 3624., 3627.,  468., 288113, 20230711221500)
 (3627., 3627., 3624., 3627.,  290., 288134, 20230711223000)
 (3627., 3627., 3615., 3618.,  751., 288100, 20230711224500)
 (3620., 3624., 3616., 3623.,  504., 288137, 20230711230000)
 (3623., 3629., 3621., 3624., 1288., 287886, 20230712091500)
 (3623., 3623., 3614., 3615., 1373., 287981, 20230712093000)
 (3616., 3619., 3613., 3618.,  648., 287985, 20230712094500)
 (3617., 3629., 3617., 3623.,  731., 287933, 20230712100000)
 (3624., 3629., 3617., 3623., 1325., 287649, 20230712101500)
 (3623., 3623., 3606., 3612., 2233., 287921, 20230712104500)
 (3610., 3626., 3610., 3621., 1659., 287475, 20230712110000)
 (3621., 3624., 3618., 3621.,  853., 287361, 20230712111500)
 (3621., 3623., 3615., 3620.,  739., 287293, 20230712113000)
 (3624., 3631., 3619., 3627., 2347., 286671, 20230712134500)
 (3627., 3630., 3624., 3628.,  757., 286701, 20230712140000)
 (3627., 3629., 3621., 3627.,  531., 286538, 20230712141500)
 (3626., 3627., 3618., 3620., 1359., 286844, 20230712143000)
 (3620., 3627., 3620., 3625.,  419., 286846, 20230712144500)
 (3626., 3645., 3624., 3644., 5020., 286541, 20230712150000)]
2023-07-13 15:30:00  INFO  [(3645., 3659., 3645., 3649., 7430., 286431, 20230712211500)
 (3649., 3653., 3646., 3647., 1407., 286457, 20230712213000)
 (3648., 3652., 3645., 3651., 1362., 286286, 20230712214500)
 (3652., 3653., 3647., 3650., 1063., 286024, 20230712220000)
 (3651., 3655., 3645., 3649., 2053., 285405, 20230712221500)
 (3650., 3650., 3646., 3648.,  505., 285552, 20230712223000)
 (3648., 3650., 3643., 3648.,  429., 285571, 20230712224500)
 (3646., 3650., 3643., 3647.,  973., 285325, 20230712230000)
 (3646., 3649., 3637., 3643., 2901., 284553, 20230713091500)
 (3645., 3647., 3634., 3641., 1868., 284322, 20230713093000)
 (3642., 3649., 3639., 3645.,  857., 284285, 20230713094500)
 (3645., 3655., 3645., 3654., 1188., 284043, 20230713100000)
 (3655., 3655., 3649., 3653., 1813., 284077, 20230713101500)
 (3654., 3655., 3643., 3643., 1754., 283779, 20230713104500)
 (3643., 3648., 3639., 3640., 1230., 283744, 20230713110000)
 (3641., 3647., 3637., 3644., 1270., 283836, 20230713111500)
 (3643., 3647., 3637., 3644.,  881., 283969, 20230713113000)
 (3637., 3646., 3626., 3645., 5357., 284845, 20230713134500)
 (3646., 3649., 3640., 3641., 1968., 284474, 20230713140000)
 (3641., 3644., 3638., 3638.,  610., 284741, 20230713141500)
 (3638., 3650., 3636., 3649., 4141., 284233, 20230713143000)
 (3649., 3653., 3644., 3651., 3135., 284870, 20230713144500)
 (3651., 3659., 3647., 3659., 3080., 284418, 20230713150000)]
2023-07-14 15:30:00  INFO  [(3653., 3669., 3653., 3667., 3832., 284007, 20230713211500)
 (3668., 3673., 3664., 3671., 2964., 283862, 20230713213000)
 (3672., 3677., 3670., 3672., 3471., 284091, 20230713214500)
 (3674., 3675., 3671., 3674., 1101., 283799, 20230713220000)
 (3675., 3675., 3666., 3671.,  739., 283744, 20230713221500)
 (3671., 3674., 3668., 3669.,  476., 283707, 20230713223000)
 (3672., 3672., 3666., 3666., 1071., 284063, 20230713224500)
 (3669., 3672., 3663., 3668.,  962., 284012, 20230713230000)
 (3671., 3676., 3670., 3673., 1601., 283744, 20230714091500)
 (3673., 3678., 3671., 3674., 1748., 283775, 20230714093000)
 (3674., 3678., 3668., 3677., 1479., 283454, 20230714094500)
 (3677., 3678., 3672., 3677., 1601., 283022, 20230714100000)
 (3678., 3679., 3670., 3674., 1678., 282838, 20230714101500)
 (3673., 3675., 3667., 3671., 1065., 282715, 20230714104500)
 (3671., 3676., 3666., 3676., 1373., 282307, 20230714110000)
 (3677., 3677., 3670., 3671.,  699., 282386, 20230714111500)
 (3670., 3676., 3667., 3675.,  945., 282385, 20230714113000)
 (3676., 3687., 3673., 3684., 4262., 282538, 20230714134500)
 (3684., 3693., 3683., 3692., 2488., 282778, 20230714140000)
 (3692., 3695., 3688., 3691., 1525., 282890, 20230714141500)
 (3691., 3704., 3690., 3703., 3490., 282820, 20230714143000)
 (3704., 3704., 3691., 3700., 3402., 283052, 20230714144500)
 (3700., 3702., 3694., 3702., 3832., 282971, 20230714150000)]
2023-07-17 15:30:00  INFO  [(3707., 3708., 3687., 3689., 4614., 281981, 20230714211500)
 (3688., 3694., 3688., 3691.,  706., 281927, 20230714213000)
 (3691., 3694., 3690., 3692.,  446., 281998, 20230714214500)
 (3693., 3702., 3693., 3699., 1404., 282000, 20230714220000)
 (3698., 3702., 3695., 3700., 1124., 282007, 20230714221500)
 (3701., 3703., 3698., 3702.,  620., 281931, 20230714223000)
 (3701., 3701., 3689., 3690., 1756., 281711, 20230714224500)
 (3690., 3690., 3667., 3667., 3513., 281355, 20230714230000)
 (3667., 3676., 3652., 3659., 6673., 282425, 20230717091500)
 (3659., 3673., 3659., 3663., 6237., 284809, 20230717093000)
 (3662., 3664., 3647., 3648., 4001., 285963, 20230717094500)
 (3647., 3657., 3645., 3655., 2867., 286647, 20230717100000)
 (3654., 3665., 3653., 3658., 2095., 286246, 20230717101500)
 (3658., 3660., 3651., 3658., 1020., 286242, 20230717104500)
 (3658., 3658., 3650., 3651., 1398., 286079, 20230717110000)
 (3652., 3660., 3651., 3656., 1307., 286345, 20230717111500)
 (3656., 3660., 3654., 3660., 1107., 286762, 20230717113000)
 (3660., 3677., 3656., 3671., 7828., 289973, 20230717134500)
 (3671., 3673., 3654., 3657., 2158., 290399, 20230717140000)
 (3657., 3659., 3646., 3651., 3815., 291288, 20230717141500)
 (3649., 3662., 3646., 3655., 2939., 292696, 20230717143000)
 (3654., 3656., 3630., 3631., 8200., 295676, 20230717144500)
 (3632., 3644., 3628., 3632., 5764., 296690, 20230717150000)]
2023-07-18 15:30:00  INFO  [(3633., 3653., 3633., 3640., 6178., 297751, 20230717211500)
 (3643., 3650., 3638., 3646., 1518., 297676, 20230717213000)
 (3646., 3650., 3638., 3640., 1695., 297824, 20230717214500)
 (3640., 3648., 3639., 3645., 1698., 297162, 20230717220000)
 (3646., 3655., 3645., 3655., 2365., 296939, 20230717221500)
 (3654., 3659., 3647., 3649.,  998., 296897, 20230717223000)
 (3651., 3651., 3646., 3649.,  773., 296849, 20230717224500)
 (3649., 3658., 3649., 3655., 1724., 297435, 20230717230000)
 (3657., 3659., 3648., 3657., 1238., 297549, 20230718091500)
 (3658., 3660., 3652., 3656.,  874., 297577, 20230718093000)
 (3656., 3657., 3648., 3650., 2201., 297688, 20230718094500)
 (3649., 3656., 3645., 3654., 1378., 297286, 20230718100000)
 (3653., 3668., 3651., 3665., 1793., 297252, 20230718101500)
 (3668., 3685., 3664., 3680., 4514., 296714, 20230718104500)
 (3683., 3683., 3675., 3682., 1626., 296335, 20230718110000)
 (3682., 3685., 3675., 3683., 1613., 295973, 20230718111500)
 (3683., 3685., 3676., 3683., 1191., 296001, 20230718113000)
 (3684., 3689., 3681., 3683., 2120., 296243, 20230718134500)
 (3683., 3686., 3680., 3683., 1466., 296300, 20230718140000)
 (3683., 3685., 3675., 3676., 1716., 296808, 20230718141500)
 (3678., 3687., 3678., 3686.,  621., 296706, 20230718143000)
 (3685., 3687., 3680., 3685.,  659., 296828, 20230718144500)
 (3685., 3693., 3684., 3692., 2416., 296586, 20230718150000)]
2023-07-19 15:30:00  INFO  [(3693., 3693., 3673., 3683., 4595., 298282, 20230718211500)
 (3681., 3683., 3678., 3679., 1000., 298709, 20230718213000)
 (3678., 3680., 3673., 3676.,  764., 298718, 20230718214500)
 (3676., 3680., 3674., 3680.,  502., 298797, 20230718220000)
 (3680., 3683., 3676., 3679.,  682., 298701, 20230718221500)
 (3679., 3679., 3675., 3678.,  364., 298815, 20230718223000)
 (3678., 3688., 3677., 3687.,  490., 298730, 20230718224500)
 (3688., 3692., 3682., 3684., 1338., 298502, 20230718230000)
 (3683., 3698., 3682., 3695., 2559., 299285, 20230719091500)
 (3695., 3697., 3690., 3694., 1544., 299826, 20230719093000)
 (3695., 3696., 3687., 3690.,  863., 299875, 20230719094500)
 (3689., 3691., 3685., 3689., 1513., 300236, 20230719100000)
 (3689., 3689., 3669., 3677., 6605., 302086, 20230719101500)
 (3677., 3682., 3674., 3679., 1325., 301830, 20230719104500)
 (3679., 3683., 3652., 3653., 4922., 302224, 20230719110000)
 (3653., 3677., 3650., 3674., 6527., 302766, 20230719111500)
 (3671., 3677., 3662., 3675., 1910., 302631, 20230719113000)
 (3675., 3676., 3661., 3668., 1660., 303099, 20230719134500)
 (3668., 3674., 3664., 3674.,  919., 303468, 20230719140000)
 (3672., 3685., 3670., 3681., 2321., 303219, 20230719141500)
 (3681., 3686., 3670., 3675., 1309., 302769, 20230719143000)
 (3674., 3681., 3674., 3679.,  609., 302781, 20230719144500)
 (3679., 3686., 3677., 3685., 1843., 302590, 20230719150000)]
2023-07-20 15:30:00  INFO  [(3685., 3715., 3685., 3712., 10045., 304939, 20230719211500)
 (3712., 3714., 3706., 3708.,  4288., 307040, 20230719213000)
 (3708., 3715., 3705., 3714.,  4422., 308395, 20230719214500)
 (3714., 3719., 3711., 3716.,  5895., 310123, 20230719220000)
 (3717., 3724., 3714., 3719.,  2646., 310621, 20230719221500)
 (3720., 3723., 3711., 3714.,  1957., 310715, 20230719223000)
 (3714., 3714., 3705., 3707.,  3055., 309913, 20230719224500)
 (3707., 3717., 3706., 3713.,  2051., 309702, 20230719230000)
 (3715., 3720., 3709., 3720.,  2347., 309764, 20230720091500)
 (3719., 3729., 3716., 3728.,  4555., 311690, 20230720093000)
 (3727., 3730., 3722., 3729.,  4316., 312752, 20230720094500)
 (3729., 3729., 3718., 3721.,  1786., 313117, 20230720100000)
 (3721., 3723., 3713., 3718.,  1863., 313294, 20230720101500)
 (3718., 3720., 3708., 3711.,  5123., 314444, 20230720104500)
 (3711., 3721., 3711., 3721.,  1686., 314944, 20230720110000)
 (3720., 3721., 3711., 3721.,  1648., 315168, 20230720111500)
 (3721., 3721., 3706., 3717.,  2045., 315646, 20230720113000)
 (3714., 3725., 3713., 3725.,  4440., 316781, 20230720134500)
 (3724., 3748., 3723., 3744., 18392., 325595, 20230720140000)
 (3744., 3750., 3733., 3735.,  9320., 328129, 20230720141500)
 (3735., 3745., 3732., 3743.,  3934., 328279, 20230720143000)
 (3742., 3745., 3735., 3738.,  3629., 328784, 20230720144500)
 (3738., 3746., 3730., 3741.,  7028., 329523, 20230720150000)]
2023-07-21 15:30:00  INFO  [(3758., 3758., 3732., 3733.,  8027., 329803, 20230720211500)
 (3734., 3743., 3730., 3733.,  5265., 330262, 20230720213000)
 (3733., 3737., 3725., 3732.,  2981., 330105, 20230720214500)
 (3732., 3734., 3726., 3732.,  2081., 329577, 20230720220000)
 (3732., 3736., 3729., 3731.,  1462., 329717, 20230720221500)
 (3730., 3734., 3725., 3726.,  1716., 329607, 20230720223000)
 (3726., 3728., 3713., 3724.,  4960., 329671, 20230720224500)
 (3724., 3728., 3720., 3722.,  1780., 329611, 20230720230000)
 (3720., 3734., 3717., 3720.,  4974., 330595, 20230721091500)
 (3720., 3729., 3718., 3728.,  3558., 331734, 20230721093000)
 (3729., 3739., 3727., 3735.,  3996., 332950, 20230721094500)
 (3735., 3742., 3733., 3739.,  3942., 333260, 20230721100000)
 (3739., 3744., 3737., 3739.,  4068., 332703, 20230721101500)
 (3737., 3746., 3736., 3746.,  6415., 332787, 20230721104500)
 (3745., 3747., 3739., 3742.,  4389., 333065, 20230721110000)
 (3742., 3743., 3730., 3730.,  3333., 333280, 20230721111500)
 (3731., 3738., 3720., 3723.,  3645., 333273, 20230721113000)
 (3723., 3724., 3710., 3717.,  7285., 332998, 20230721134500)
 (3717., 3726., 3715., 3722.,  2532., 332894, 20230721140000)
 (3722., 3729., 3721., 3724.,  3550., 334195, 20230721141500)
 (3724., 3739., 3722., 3737.,  5103., 333539, 20230721143000)
 (3739., 3749., 3731., 3748.,  5632., 333659, 20230721144500)
 (3748., 3768., 3746., 3767., 15079., 334421, 20230721150000)]
2023-07-24 15:30:00  INFO  [(3770., 3773., 3752., 3758., 15278., 336016, 20230721211500)
 (3757., 3769., 3757., 3767.,  3263., 335754, 20230721213000)
 (3768., 3774., 3766., 3771.,  3602., 336470, 20230721214500)
 (3771., 3774., 3759., 3760.,  3558., 337235, 20230721220000)
 (3760., 3764., 3754., 3757.,  4645., 339006, 20230721221500)
 (3758., 3764., 3755., 3763.,  2103., 339079, 20230721223000)
 (3763., 3771., 3760., 3765.,  2539., 338769, 20230721224500)
 (3764., 3773., 3763., 3766.,  2381., 338503, 20230721230000)
 (3776., 3780., 3756., 3759., 12807., 340092, 20230724091500)
 (3759., 3763., 3748., 3758.,  6829., 338972, 20230724093000)
 (3757., 3761., 3754., 3757.,  2906., 338518, 20230724094500)
 (3756., 3764., 3754., 3758.,  2686., 338487, 20230724100000)
 (3758., 3760., 3753., 3754.,  1427., 338778, 20230724101500)
 (3756., 3764., 3752., 3760.,  4479., 341392, 20230724104500)
 (3760., 3766., 3753., 3761.,  3142., 342851, 20230724110000)
 (3761., 3765., 3756., 3761.,  3343., 344904, 20230724111500)
 (3762., 3776., 3759., 3774.,  6444., 346497, 20230724113000)
 (3774., 3778., 3766., 3773.,  8631., 349813, 20230724134500)
 (3773., 3775., 3760., 3765.,  3661., 350458, 20230724140000)
 (3765., 3765., 3750., 3757.,  9370., 350056, 20230724141500)
 (3756., 3761., 3750., 3754.,  3145., 350410, 20230724143000)
 (3753., 3756., 3750., 3752.,  2331., 351080, 20230724144500)
 (3752., 3762., 3750., 3754.,  4250., 352236, 20230724150000)]
2023-07-25 15:30:00  INFO  [(3783., 3783., 3764., 3766., 28944., 364032, 20230724211500)
 (3766., 3773., 3762., 3768., 10079., 368235, 20230724213000)
 (3768., 3773., 3760., 3772.,  7441., 371503, 20230724214500)
 (3771., 3774., 3767., 3769.,  6547., 373446, 20230724220000)
 (3770., 3777., 3768., 3769.,  6293., 375266, 20230724221500)
 (3768., 3788., 3766., 3783.,  8989., 377139, 20230724223000)
 (3785., 3806., 3782., 3803., 16052., 376593, 20230724224500)
 (3804., 3809., 3799., 3806.,  9367., 375882, 20230724230000)
 (3808., 3830., 3803., 3826., 17814., 383217, 20230725091500)
 (3826., 3829., 3818., 3825.,  8846., 386968, 20230725093000)
 (3825., 3830., 3820., 3826., 11573., 389868, 20230725094500)
 (3826., 3839., 3824., 3838., 21735., 398682, 20230725100000)
 (3838., 3850., 3833., 3848., 18870., 403165, 20230725101500)
 (3848., 3859., 3840., 3845., 27035., 414130, 20230725104500)
 (3843., 3850., 3836., 3850.,  7132., 414471, 20230725110000)
 (3850., 3850., 3842., 3846.,  6565., 416631, 20230725111500)
 (3843., 3847., 3833., 3833.,  9044., 414616, 20230725113000)
 (3834., 3838., 3825., 3834., 11738., 413281, 20230725134500)
 (3833., 3839., 3830., 3836.,  3703., 414406, 20230725140000)
 (3836., 3838., 3832., 3833.,  3162., 413702, 20230725141500)
 (3833., 3839., 3831., 3837.,  3333., 413676, 20230725143000)
 (3836., 3841., 3835., 3839.,  3098., 414722, 20230725144500)
 (3840., 3841., 3826., 3833.,  8099., 413193, 20230725150000)]
2023-07-26 15:30:00  INFO  [(3833., 3844., 3828., 3837., 24040., 424565, 20230725211500)
 (3837., 3848., 3834., 3841., 10689., 429057, 20230725213000)
 (3840., 3845., 3834., 3843.,  6579., 431935, 20230725214500)
 (3842., 3846., 3839., 3843.,  4116., 432846, 20230725220000)
 (3843., 3846., 3840., 3844.,  2540., 433313, 20230725221500)
 (3844., 3847., 3840., 3840.,  3305., 434600, 20230725223000)
 (3841., 3844., 3836., 3838.,  5925., 433850, 20230725224500)
 (3838., 3840., 3832., 3835., 10584., 430134, 20230725230000)
 (3836., 3839., 3829., 3830.,  8330., 430103, 20230726091500)
 (3831., 3832., 3822., 3828., 14383., 426922, 20230726093000)
 (3827., 3832., 3806., 3815., 21029., 421193, 20230726094500)
 (3815., 3826., 3814., 3825.,  7100., 422828, 20230726100000)
 (3825., 3829., 3818., 3822.,  5501., 423495, 20230726101500)
 (3830., 3842., 3822., 3841., 10227., 423169, 20230726104500)
 (3842., 3855., 3840., 3847., 17103., 423586, 20230726110000)
 (3847., 3847., 3838., 3838.,  8799., 426259, 20230726111500)
 (3838., 3838., 3811., 3822., 20643., 427545, 20230726113000)
 (3826., 3833., 3821., 3831., 15562., 430050, 20230726134500)
 (3831., 3836., 3825., 3826.,  4938., 431697, 20230726140000)
 (3826., 3834., 3826., 3832.,  2967., 432146, 20230726141500)
 (3834., 3841., 3827., 3837.,  5670., 432556, 20230726143000)
 (3839., 3843., 3834., 3838.,  7241., 435185, 20230726144500)
 (3838., 3839., 3829., 3832.,  6327., 436230, 20230726150000)]
2023-07-27 15:30:00  INFO  [(3830., 3831., 3803., 3827., 17382., 435615, 20230726211500)
 (3827., 3841., 3826., 3838., 11711., 441243, 20230726213000)
 (3838., 3846., 3836., 3840.,  8753., 441632, 20230726214500)
 (3841., 3841., 3828., 3831.,  5212., 441631, 20230726220000)
 (3830., 3841., 3829., 3841.,  4902., 442845, 20230726221500)
 (3840., 3841., 3835., 3836.,  3711., 444171, 20230726223000)
 (3836., 3840., 3834., 3837.,  3265., 444249, 20230726224500)
 (3838., 3844., 3837., 3844.,  6023., 445100, 20230726230000)
 (3843., 3855., 3842., 3848., 13988., 444397, 20230727091500)
 (3848., 3853., 3846., 3850.,  7199., 446303, 20230727093000)
 (3851., 3852., 3840., 3848., 10317., 450213, 20230727094500)
 (3846., 3862., 3842., 3856.,  9503., 453362, 20230727100000)
 (3854., 3861., 3851., 3861.,  8873., 453376, 20230727101500)
 (3861., 3879., 3854., 3872., 35829., 458123, 20230727104500)
 (3871., 3874., 3851., 3862., 24729., 455580, 20230727110000)
 (3861., 3881., 3861., 3878., 34898., 459068, 20230727111500)
 (3879., 3881., 3866., 3867., 23256., 459232, 20230727113000)
 (3870., 3879., 3860., 3871., 27630., 465819, 20230727134500)
 (3871., 3878., 3868., 3869., 13253., 469017, 20230727140000)
 (3869., 3871., 3857., 3869., 18063., 465424, 20230727141500)
 (3871., 3878., 3866., 3867., 13464., 465644, 20230727143000)
 (3866., 3872., 3853., 3853., 12322., 466709, 20230727144500)
 (3854., 3862., 3840., 3855., 21075., 467156, 20230727150000)]
2023-07-28 15:30:00  INFO  [(3850., 3862., 3844., 3857., 29145., 472765, 20230727211500)
 (3858., 3858., 3845., 3846.,  9205., 473663, 20230727213000)
 (3845., 3845., 3825., 3831., 27359., 473014, 20230727214500)
 (3831., 3834., 3821., 3821., 12356., 474063, 20230727220000)
 (3821., 3839., 3820., 3834., 12256., 475400, 20230727221500)
 (3834., 3834., 3825., 3827.,  4682., 475916, 20230727223000)
 (3826., 3839., 3826., 3835.,  4460., 476381, 20230727224500)
 (3835., 3838., 3828., 3830.,  6348., 477283, 20230727230000)
 (3835., 3841., 3830., 3835., 11787., 477796, 20230728091500)
 (3835., 3838., 3833., 3836.,  6956., 479197, 20230728093000)
 (3836., 3860., 3833., 3853., 18258., 482167, 20230728094500)
 (3853., 3872., 3845., 3862., 33806., 487063, 20230728100000)
 (3861., 3863., 3835., 3842., 22928., 486819, 20230728101500)
 (3844., 3846., 3829., 3840., 21693., 489117, 20230728104500)
 (3838., 3841., 3833., 3839.,  6535., 490286, 20230728110000)
 (3840., 3842., 3832., 3839.,  8249., 491589, 20230728111500)
 (3840., 3852., 3838., 3849., 11295., 492450, 20230728113000)
 (3849., 3856., 3846., 3852.,  9460., 494292, 20230728134500)
 (3853., 3854., 3841., 3845.,  9820., 493822, 20230728140000)
 (3845., 3846., 3835., 3839.,  7430., 493709, 20230728141500)
 (3839., 3854., 3837., 3852.,  9469., 495837, 20230728143000)
 (3852., 3865., 3850., 3860., 18437., 504619, 20230728144500)
 (3859., 3864., 3855., 3861., 10849., 506700, 20230728150000)]
2023-07-31 15:30:00  INFO  [(3841., 3877., 3841., 3872., 37010., 511121, 20230728211500)
 (3873., 3875., 3866., 3868., 14439., 513858, 20230728213000)
 (3869., 3869., 3853., 3853., 12595., 514408, 20230728214500)
 (3854., 3864., 3853., 3863.,  7069., 514833, 20230728220000)
 (3863., 3869., 3861., 3863.,  7298., 515289, 20230728221500)
 (3863., 3875., 3862., 3868.,  7407., 516993, 20230728223000)
 (3869., 3871., 3862., 3865.,  5943., 518708, 20230728224500)
 (3865., 3872., 3860., 3870.,  6349., 519129, 20230728230000)
 (3875., 3875., 3852., 3866., 25683., 523357, 20230731091500)
 (3866., 3869., 3853., 3855., 18108., 527309, 20230731093000)
 (3854., 3868., 3854., 3860., 10789., 529018, 20230731094500)
 (3860., 3863., 3856., 3862.,  8973., 529470, 20230731100000)
 (3863., 3876., 3858., 3873., 12365., 534205, 20230731101500)
 (3872., 3873., 3861., 3863.,  8019., 534869, 20230731104500)
 (3863., 3869., 3857., 3858.,  4070., 535561, 20230731110000)
 (3857., 3864., 3852., 3857., 10001., 537599, 20230731111500)
 (3857., 3862., 3855., 3857.,  3103., 538464, 20230731113000)
 (3858., 3863., 3851., 3857., 10138., 539569, 20230731134500)
 (3855., 3863., 3853., 3855.,  6609., 540541, 20230731140000)
 (3856., 3859., 3854., 3859.,  4402., 540881, 20230731141500)
 (3859., 3863., 3856., 3857.,  5354., 540460, 20230731143000)
 (3857., 3866., 3855., 3861.,  5420., 541043, 20230731144500)
 (3861., 3870., 3859., 3863., 12569., 541440, 20230731150000)]
2023-08-01 15:30:00  INFO  [(3879., 3886., 3868., 3884., 25155., 550388, 20230731211500)
 (3885., 3887., 3874., 3879., 14417., 553597, 20230731213000)
 (3877., 3881., 3875., 3878.,  6174., 553854, 20230731214500)
 (3879., 3881., 3871., 3878.,  4200., 554764, 20230731220000)
 (3878., 3879., 3876., 3878.,  2192., 554280, 20230731221500)
 (3878., 3880., 3874., 3876.,  1643., 554479, 20230731223000)
 (3877., 3880., 3871., 3879.,  4070., 554819, 20230731224500)
 (3879., 3880., 3875., 3876.,  3786., 555287, 20230731230000)
 (3876., 3889., 3876., 3884., 14465., 555427, 20230801091500)
 (3883., 3888., 3881., 3887.,  7058., 556204, 20230801093000)
 (3888., 3890., 3876., 3877., 12422., 558178, 20230801094500)
 (3878., 3878., 3865., 3870., 15806., 555794, 20230801100000)
 (3870., 3876., 3868., 3874.,  6116., 556437, 20230801101500)
 (3873., 3879., 3868., 3874.,  9590., 559049, 20230801104500)
 (3873., 3873., 3851., 3861., 20691., 563306, 20230801110000)
 (3861., 3875., 3858., 3872., 17909., 570540, 20230801111500)
 (3872., 3882., 3867., 3878., 11024., 573022, 20230801113000)
 (3879., 3879., 3866., 3871., 14034., 578575, 20230801134500)
 (3871., 3876., 3866., 3872.,  8829., 582545, 20230801140000)
 (3872., 3879., 3871., 3876.,  7881., 583919, 20230801141500)
 (3876., 3879., 3873., 3875.,  3808., 584865, 20230801143000)
 (3877., 3877., 3869., 3875.,  4741., 585537, 20230801144500)
 (3875., 3883., 3874., 3881., 14313., 590762, 20230801150000)]
2023-08-02 15:30:00  INFO  [(3875., 3876., 3860., 3861., 34255., 594189, 20230801211500)
 (3862., 3866., 3854., 3864., 16674., 593942, 20230801213000)
 (3863., 3865., 3858., 3864.,  7251., 593236, 20230801214500)
 (3864., 3874., 3861., 3871.,  7533., 593488, 20230801220000)
 (3871., 3877., 3869., 3870., 11752., 594755, 20230801221500)
 (3871., 3872., 3865., 3869.,  3880., 594348, 20230801223000)
 (3869., 3874., 3868., 3869.,  2921., 594773, 20230801224500)
 (3869., 3873., 3865., 3865.,  5620., 593401, 20230801230000)
 (3867., 3879., 3865., 3871., 11188., 594289, 20230802091500)
 (3872., 3874., 3863., 3865.,  9933., 596583, 20230802093000)
 (3865., 3868., 3862., 3866.,  4103., 596194, 20230802094500)
 (3866., 3871., 3864., 3868.,  2980., 597188, 20230802100000)
 (3868., 3870., 3865., 3867.,  2360., 597345, 20230802101500)
 (3867., 3870., 3860., 3867., 11414., 594420, 20230802104500)
 (3867., 3868., 3854., 3858., 14214., 595403, 20230802110000)
 (3858., 3859., 3823., 3835., 55030., 587338, 20230802111500)
 (3836., 3844., 3822., 3823., 29571., 589793, 20230802113000)
 (3821., 3833., 3814., 3827., 23195., 589945, 20230802134500)
 (3826., 3830., 3818., 3820., 12296., 588438, 20230802140000)
 (3820., 3829., 3819., 3821.,  9627., 587456, 20230802141500)
 (3822., 3823., 3814., 3814., 10088., 587505, 20230802143000)
 (3814., 3819., 3806., 3817., 21408., 587353, 20230802144500)
 (3816., 3820., 3806., 3807., 17655., 586282, 20230802150000)]
2023-08-03 15:30:00  INFO  [(3801., 3805., 3788., 3795., 42567., 590563, 20230802211500)
 (3796., 3802., 3793., 3794., 13524., 594130, 20230802213000)
 (3793., 3796., 3783., 3789., 18597., 594444, 20230802214500)
 (3789., 3791., 3777., 3779., 18361., 597010, 20230802220000)
 (3779., 3783., 3766., 3766., 25774., 597369, 20230802221500)
 (3766., 3777., 3766., 3769., 13049., 599128, 20230802223000)
 (3769., 3775., 3751., 3754., 24914., 598398, 20230802224500)
 (3754., 3762., 3736., 3737., 34154., 594982, 20230802230000)
 (3738., 3761., 3737., 3750., 35390., 601336, 20230803091500)
 (3749., 3769., 3748., 3762., 22405., 605928, 20230803093000)
 (3762., 3766., 3758., 3765., 12008., 605925, 20230803094500)
 (3763., 3771., 3759., 3761., 17006., 608855, 20230803100000)
 (3761., 3765., 3751., 3755.,  8755., 609098, 20230803101500)
 (3755., 3765., 3752., 3764., 13109., 611204, 20230803104500)
 (3765., 3765., 3752., 3756.,  6895., 612199, 20230803110000)
 (3756., 3765., 3754., 3764.,  9799., 611913, 20230803111500)
 (3763., 3764., 3750., 3750.,  8982., 612954, 20230803113000)
 (3761., 3794., 3760., 3781., 66843., 619553, 20230803134500)
 (3781., 3785., 3773., 3775., 20423., 621617, 20230803140000)
 (3774., 3776., 3762., 3767., 12517., 621196, 20230803141500)
 (3767., 3768., 3744., 3745., 28356., 622869, 20230803143000)
 (3745., 3758., 3743., 3749., 21809., 624724, 20230803144500)
 (3749., 3750., 3736., 3737., 27908., 627244, 20230803150000)]
2023-08-04 15:30:00  INFO  [(3755., 3767., 3751., 3764., 37336., 628569, 20230803211500)
 (3764., 3774., 3754., 3754., 17157., 627486, 20230803213000)
 (3754., 3760., 3752., 3757., 12925., 627577, 20230803214500)
 (3757., 3767., 3757., 3762.,  7357., 627525, 20230803220000)
 (3762., 3768., 3761., 3764.,  6179., 627439, 20230803221500)
 (3764., 3766., 3759., 3765.,  3940., 626664, 20230803223000)
 (3764., 3777., 3763., 3773.,  8996., 629111, 20230803224500)
 (3775., 3775., 3766., 3767.,  5944., 628267, 20230803230000)
 (3771., 3790., 3771., 3785., 34519., 625495, 20230804091500)
 (3784., 3785., 3779., 3782.,  9786., 627587, 20230804093000)
 (3783., 3786., 3780., 3782., 10618., 628937, 20230804094500)
 (3783., 3784., 3773., 3776.,  9566., 627672, 20230804100000)
 (3776., 3777., 3765., 3770., 12527., 628238, 20230804101500)
 (3767., 3772., 3757., 3763., 15770., 632387, 20230804104500)
 (3764., 3765., 3753., 3756., 13199., 632173, 20230804110000)
 (3756., 3767., 3751., 3764.,  9710., 632527, 20230804111500)
 (3764., 3765., 3755., 3758.,  5058., 632975, 20230804113000)
 (3758., 3765., 3757., 3763.,  5821., 634097, 20230804134500)
 (3763., 3765., 3757., 3757.,  5533., 635603, 20230804140000)
 (3757., 3760., 3742., 3747., 18093., 636629, 20230804141500)
 (3746., 3753., 3741., 3744., 11222., 637110, 20230804143000)
 (3744., 3751., 3743., 3747.,  5854., 637195, 20230804144500)
 (3746., 3754., 3744., 3749., 12612., 634389, 20230804150000)]
2023-08-07 15:30:00  INFO  [(3757., 3757., 3724., 3731., 33022., 639087, 20230804211500)
 (3731., 3733., 3722., 3728., 21527., 638793, 20230804213000)
 (3729., 3740., 3726., 3739., 13116., 640554, 20230804214500)
 (3739., 3743., 3729., 3730., 10835., 639929, 20230804220000)
 (3731., 3731., 3717., 3724., 16931., 640138, 20230804221500)
 (3724., 3731., 3717., 3718.,  8719., 641372, 20230804223000)
 (3718., 3739., 3718., 3736.,  9576., 640866, 20230804224500)
 (3736., 3742., 3732., 3733., 13971., 640920, 20230804230000)
 (3730., 3742., 3721., 3734., 25870., 641439, 20230807091500)
 (3734., 3740., 3730., 3734.,  8205., 641499, 20230807093000)
 (3734., 3737., 3729., 3736.,  5419., 641602, 20230807094500)
 (3737., 3742., 3736., 3740., 11689., 641468, 20230807100000)
 (3740., 3741., 3734., 3736.,  5567., 642107, 20230807101500)
 (3736., 3736., 3727., 3731.,  9550., 643974, 20230807104500)
 (3731., 3737., 3724., 3733., 10355., 645215, 20230807110000)
 (3733., 3736., 3730., 3732.,  3389., 646279, 20230807111500)
 (3732., 3732., 3720., 3724., 12088., 645767, 20230807113000)
 (3721., 3729., 3720., 3724.,  9486., 647321, 20230807134500)
 (3725., 3734., 3724., 3729.,  9124., 647927, 20230807140000)
 (3730., 3730., 3723., 3724.,  5985., 650215, 20230807141500)
 (3726., 3728., 3722., 3724.,  3889., 650393, 20230807143000)
 (3724., 3735., 3720., 3734., 10915., 651420, 20230807144500)
 (3734., 3745., 3734., 3743., 21304., 651924, 20230807150000)]
2023-08-08 15:30:00  INFO  [(3755., 3757., 3744., 3756., 31262., 654716, 20230807211500)
 (3756., 3757., 3748., 3752.,  9428., 658180, 20230807213000)
 (3754., 3754., 3746., 3747.,  5174., 657773, 20230807214500)
 (3747., 3750., 3744., 3749.,  6185., 658686, 20230807220000)
 (3749., 3752., 3747., 3748.,  6103., 660838, 20230807221500)
 (3747., 3750., 3747., 3747.,  2415., 660584, 20230807223000)
 (3748., 3750., 3741., 3745.,  4009., 660805, 20230807224500)
 (3745., 3752., 3743., 3752.,  4618., 661332, 20230807230000)
 (3752., 3759., 3750., 3752., 11722., 662952, 20230808091500)
 (3752., 3753., 3743., 3744.,  6241., 663429, 20230808093000)
 (3745., 3748., 3739., 3742.,  7587., 662968, 20230808094500)
 (3742., 3745., 3734., 3739.,  8114., 663349, 20230808100000)
 (3739., 3741., 3731., 3738.,  8830., 662371, 20230808101500)
 (3739., 3745., 3732., 3742.,  7666., 662954, 20230808104500)
 (3744., 3747., 3741., 3741.,  5722., 664006, 20230808110000)
 (3741., 3746., 3736., 3746.,  4894., 664727, 20230808111500)
 (3746., 3746., 3737., 3740.,  4321., 665619, 20230808113000)
 (3740., 3741., 3714., 3715., 28197., 666504, 20230808134500)
 (3716., 3728., 3713., 3723., 14139., 669915, 20230808140000)
 (3721., 3724., 3716., 3717., 10121., 671689, 20230808141500)
 (3716., 3719., 3707., 3709., 20990., 677873, 20230808143000)
 (3709., 3714., 3700., 3705., 28151., 679116, 20230808144500)
 (3705., 3712., 3701., 3704., 21947., 681838, 20230808150000)]
2023-08-09 15:30:00  INFO  [(3684., 3698., 3675., 3696., 45209., 698082, 20230808211500)
 (3696., 3697., 3686., 3692.,  9074., 698892, 20230808213000)
 (3692., 3692., 3688., 3690.,  6549., 699589, 20230808214500)
 (3690., 3696., 3689., 3692.,  6434., 701162, 20230808220000)
 (3691., 3699., 3690., 3696.,  5048., 701749, 20230808221500)
 (3696., 3698., 3690., 3697.,  3664., 702057, 20230808223000)
 (3697., 3705., 3695., 3702.,  7312., 702999, 20230808224500)
 (3702., 3704., 3696., 3698.,  6609., 702825, 20230808230000)
 (3701., 3713., 3700., 3701., 17656., 705244, 20230809091500)
 (3701., 3703., 3695., 3696.,  9230., 706790, 20230809093000)
 (3695., 3707., 3693., 3706.,  9597., 707840, 20230809094500)
 (3705., 3711., 3704., 3708.,  9732., 709215, 20230809100000)
 (3709., 3718., 3704., 3717., 14417., 709417, 20230809101500)
 (3716., 3719., 3711., 3716., 10828., 710602, 20230809104500)
 (3715., 3716., 3707., 3711.,  5362., 710085, 20230809110000)
 (3711., 3712., 3706., 3710.,  3776., 710714, 20230809111500)
 (3710., 3722., 3709., 3716., 10531., 711047, 20230809113000)
 (3715., 3718., 3706., 3707.,  9377., 711846, 20230809134500)
 (3708., 3712., 3705., 3707.,  7703., 712835, 20230809140000)
 (3707., 3720., 3706., 3718.,  8191., 713861, 20230809141500)
 (3718., 3721., 3715., 3719.,  7118., 716594, 20230809143000)
 (3718., 3719., 3711., 3716.,  6985., 716452, 20230809144500)
 (3716., 3719., 3710., 3714., 10152., 715428, 20230809150000)]
2023-08-10 15:30:00  INFO  [(3704., 3731., 3703., 3728., 39227., 714286, 20230809211500)
 (3728., 3730., 3721., 3725., 13108., 711367, 20230809213000)
 (3726., 3726., 3720., 3721.,  6709., 711540, 20230809214500)
 (3721., 3724., 3721., 3721.,  2826., 712328, 20230809220000)
 (3721., 3722., 3713., 3714.,  7726., 712526, 20230809221500)
 (3714., 3719., 3713., 3715.,  6046., 712824, 20230809223000)
 (3714., 3717., 3707., 3711., 11363., 711215, 20230809224500)
 (3710., 3716., 3708., 3713.,  7382., 711837, 20230809230000)
 (3716., 3722., 3711., 3711.,  8965., 712600, 20230810091500)
 (3711., 3712., 3702., 3703., 13413., 713335, 20230810093000)
 (3704., 3710., 3694., 3700., 15842., 714039, 20230810094500)
 (3700., 3703., 3690., 3697., 16354., 713871, 20230810100000)
 (3697., 3702., 3693., 3699., 24011., 708134, 20230810101500)
 (3700., 3704., 3695., 3696.,  7448., 709328, 20230810104500)
 (3696., 3698., 3692., 3697.,  7341., 710177, 20230810110000)
 (3697., 3705., 3696., 3699., 12795., 712944, 20230810111500)
 (3699., 3702., 3695., 3697.,  9701., 714677, 20230810113000)
 (3700., 3720., 3694., 3718., 30353., 716952, 20230810134500)
 (3719., 3720., 3712., 3713., 16622., 722191, 20230810140000)
 (3712., 3715., 3704., 3709., 10625., 721920, 20230810141500)
 (3709., 3717., 3708., 3711.,  8105., 721627, 20230810143000)
 (3709., 3711., 3693., 3702., 26947., 724559, 20230810144500)
 (3702., 3704., 3694., 3701., 15743., 724844, 20230810150000)]
2023-08-11 15:30:00  INFO  [(3701., 3713., 3701., 3705., 22859., 725524, 20230810211500)
 (3705., 3724., 3704., 3718., 29601., 726812, 20230810213000)
 (3717., 3721., 3714., 3715., 13959., 723851, 20230810214500)
 (3715., 3718., 3711., 3718.,  9556., 722861, 20230810220000)
 (3719., 3719., 3707., 3709., 10792., 723912, 20230810221500)
 (3708., 3715., 3705., 3713.,  9447., 723965, 20230810223000)
 (3714., 3715., 3705., 3705.,  6087., 724695, 20230810224500)
 (3705., 3711., 3704., 3710.,  7435., 724753, 20230810230000)
 (3708., 3717., 3706., 3714., 13370., 727277, 20230811091500)
 (3713., 3716., 3706., 3715., 10862., 727271, 20230811093000)
 (3715., 3719., 3709., 3709., 10813., 725925, 20230811094500)
 (3709., 3715., 3705., 3706.,  7725., 725939, 20230811100000)
 (3707., 3709., 3694., 3707., 20695., 725918, 20230811101500)
 (3707., 3707., 3687., 3691., 28280., 722495, 20230811104500)
 (3690., 3699., 3681., 3689., 20641., 722517, 20230811110000)
 (3690., 3697., 3682., 3686., 15134., 725155, 20230811111500)
 (3686., 3694., 3682., 3689., 17332., 727845, 20230811113000)
 (3691., 3704., 3688., 3689., 30275., 731391, 20230811134500)
 (3690., 3695., 3688., 3695.,  7435., 732018, 20230811140000)
 (3695., 3699., 3691., 3696.,  8407., 732921, 20230811141500)
 (3697., 3714., 3696., 3713., 24558., 733709, 20230811143000)
 (3713., 3718., 3709., 3717., 21531., 732192, 20230811144500)
 (3717., 3728., 3717., 3727., 44933., 729189, 20230811150000)]
2023-08-14 15:30:00  INFO  [(3717., 3722., 3712., 3714., 27918., 730421, 20230811211500)
 (3714., 3716., 3711., 3713.,  7969., 731992, 20230811213000)
 (3713., 3719., 3711., 3717.,  6553., 731715, 20230811214500)
 (3716., 3718., 3714., 3716.,  2767., 732026, 20230811220000)
 (3717., 3725., 3716., 3723.,  6574., 733176, 20230811221500)
 (3724., 3725., 3719., 3724.,  8001., 734213, 20230811223000)
 (3724., 3724., 3715., 3717.,  8835., 732991, 20230811224500)
 (3717., 3720., 3713., 3719.,  8308., 730415, 20230811230000)
 (3718., 3719., 3700., 3716., 36345., 734327, 20230814091500)
 (3716., 3720., 3705., 3708., 16446., 736984, 20230814093000)
 (3707., 3709., 3686., 3698., 36876., 741728, 20230814094500)
 (3698., 3699., 3690., 3693., 16793., 742062, 20230814100000)
 (3693., 3699., 3692., 3693.,  9871., 742084, 20230814101500)
 (3692., 3697., 3681., 3682., 22837., 745408, 20230814104500)
 (3683., 3692., 3682., 3684., 11852., 747771, 20230814110000)
 (3686., 3687., 3667., 3668., 27300., 747263, 20230814111500)
 (3667., 3688., 3667., 3679., 19956., 751768, 20230814113000)
 (3680., 3682., 3672., 3681., 11984., 752536, 20230814134500)
 (3681., 3691., 3678., 3687., 10234., 753381, 20230814140000)
 (3687., 3689., 3675., 3684., 11255., 754888, 20230814141500)
 (3684., 3684., 3673., 3676.,  7929., 755702, 20230814143000)
 (3676., 3685., 3674., 3681.,  8722., 755563, 20230814144500)
 (3681., 3689., 3681., 3684., 12117., 755687, 20230814150000)]
2023-08-15 15:30:00  INFO  [(3700., 3701., 3687., 3693., 29544., 758474, 20230814211500)
 (3693., 3694., 3687., 3688.,  8208., 759350, 20230814213000)
 (3689., 3692., 3686., 3689.,  5190., 758760, 20230814214500)
 (3688., 3693., 3687., 3691.,  3047., 759181, 20230814220000)
 (3692., 3695., 3688., 3691.,  4268., 760036, 20230814221500)
 (3691., 3696., 3689., 3694.,  5068., 759991, 20230814223000)
 (3693., 3695., 3689., 3690.,  2431., 760267, 20230814224500)
 (3689., 3696., 3686., 3693.,  4716., 758986, 20230814230000)
 (3694., 3699., 3682., 3684., 20237., 759515, 20230815091500)
 (3686., 3698., 3677., 3692., 28752., 765884, 20230815093000)
 (3692., 3698., 3686., 3689., 15795., 769349, 20230815094500)
 (3689., 3693., 3684., 3688., 12421., 771501, 20230815100000)
 (3688., 3690., 3681., 3683., 11559., 770525, 20230815101500)
 (3681., 3682., 3670., 3677., 23285., 774334, 20230815104500)
 (3676., 3680., 3672., 3675., 10653., 776230, 20230815110000)
 (3674., 3684., 3674., 3683.,  7039., 776818, 20230815111500)
 (3684., 3696., 3683., 3692., 22021., 777683, 20230815113000)
 (3693., 3706., 3688., 3706., 31778., 779978, 20230815134500)
 (3706., 3717., 3706., 3713., 37083., 781609, 20230815140000)
 (3712., 3716., 3707., 3713., 21092., 787522, 20230815141500)
 (3713., 3721., 3712., 3715., 21123., 789126, 20230815143000)
 (3715., 3720., 3710., 3711., 15373., 787192, 20230815144500)
 (3711., 3719., 3706., 3719., 19811., 785560, 20230815150000)]
2023-08-16 15:30:00  INFO  [(3722., 3725., 3714., 3714., 25034., 789959, 20230815211500)
 (3714., 3730., 3714., 3727., 26340., 796553, 20230815213000)
 (3728., 3736., 3723., 3731., 33126., 803319, 20230815214500)
 (3729., 3730., 3723., 3724.,  8833., 804127, 20230815220000)
 (3724., 3726., 3721., 3723.,  8469., 804184, 20230815221500)
 (3723., 3727., 3719., 3722., 12348., 800729, 20230815223000)
 (3722., 3723., 3707., 3711., 20719., 798958, 20230815224500)
 (3711., 3721., 3710., 3717.,  9911., 800529, 20230815230000)
 (3719., 3722., 3715., 3719., 13791., 805416, 20230816091500)
 (3718., 3719., 3710., 3711.,  9871., 806783, 20230816093000)
 (3710., 3716., 3710., 3715.,  7488., 808672, 20230816094500)
 (3715., 3718., 3710., 3713., 10527., 814409, 20230816100000)
 (3712., 3725., 3711., 3724., 14295., 818711, 20230816101500)
 (3724., 3726., 3720., 3722., 11101., 820140, 20230816104500)
 (3722., 3725., 3719., 3720.,  5462., 821133, 20230816110000)
 (3720., 3730., 3719., 3728.,  8686., 822145, 20230816111500)
 (3728., 3734., 3724., 3733., 16489., 823342, 20230816113000)
 (3731., 3732., 3719., 3726., 16949., 824047, 20230816134500)
 (3727., 3732., 3724., 3726., 11342., 826329, 20230816140000)
 (3726., 3730., 3723., 3725.,  9102., 828501, 20230816141500)
 (3724., 3730., 3722., 3726., 12851., 830222, 20230816143000)
 (3725., 3726., 3716., 3719., 11710., 829622, 20230816144500)
 (3719., 3729., 3715., 3727., 19569., 828881, 20230816150000)]
2023-08-17 15:30:00  INFO  [(3720., 3730., 3712., 3718., 26430., 829422, 20230816211500)
 (3717., 3726., 3715., 3725., 17036., 827410, 20230816213000)
 (3725., 3725., 3717., 3720.,  6328., 826787, 20230816214500)
 (3720., 3722., 3716., 3716.,  6321., 826462, 20230816220000)
 (3716., 3720., 3713., 3716.,  6883., 827090, 20230816221500)
 (3716., 3719., 3713., 3717.,  4603., 827332, 20230816223000)
 (3716., 3718., 3704., 3710., 19652., 826486, 20230816224500)
 (3710., 3710., 3701., 3709., 19686., 825971, 20230816230000)
 (3708., 3711., 3701., 3702., 20851., 826074, 20230817091500)
 (3701., 3704., 3690., 3691., 30721., 827279, 20230817093000)
 (3691., 3701., 3688., 3699., 16344., 826096, 20230817094500)
 (3699., 3708., 3695., 3699., 15940., 829237, 20230817100000)
 (3699., 3709., 3698., 3705.,  7638., 830936, 20230817101500)
 (3706., 3712., 3703., 3708., 10562., 831351, 20230817104500)
 (3708., 3711., 3702., 3707.,  7639., 831973, 20230817110000)
 (3706., 3713., 3705., 3713.,  7885., 831403, 20230817111500)
 (3713., 3724., 3710., 3723., 23539., 834553, 20230817113000)
 (3725., 3728., 3714., 3721., 32807., 833433, 20230817134500)
 (3721., 3726., 3716., 3723., 15202., 834281, 20230817140000)
 (3723., 3728., 3720., 3727., 13149., 833848, 20230817141500)
 (3728., 3740., 3721., 3739., 33656., 830843, 20230817143000)
 (3740., 3745., 3735., 3741., 36397., 826377, 20230817144500)
 (3740., 3748., 3739., 3745., 28007., 825097, 20230817150000)]
2023-08-18 15:30:00  INFO  [(3740., 3756., 3739., 3746., 34549., 825785, 20230817211500)
 (3746., 3749., 3741., 3745., 14859., 826944, 20230817213000)
 (3744., 3748., 3736., 3745., 21381., 830448, 20230817214500)
 (3745., 3747., 3741., 3744.,  7162., 831112, 20230817220000)
 (3744., 3748., 3742., 3748.,  8051., 831536, 20230817221500)
 (3749., 3750., 3745., 3748.,  8329., 832971, 20230817223000)
 (3747., 3749., 3740., 3741.,  6316., 831436, 20230817224500)
 (3741., 3746., 3740., 3746.,  8306., 831256, 20230817230000)
 (3746., 3757., 3746., 3752., 31441., 829208, 20230818091500)
 (3751., 3755., 3749., 3754.,  8813., 828359, 20230818093000)
 (3754., 3755., 3747., 3747.,  7798., 829269, 20230818094500)
 (3747., 3749., 3738., 3741., 15655., 829049, 20230818100000)
 (3740., 3743., 3736., 3743., 11149., 830854, 20230818101500)
 (3743., 3744., 3730., 3734., 17654., 830934, 20230818104500)
 (3735., 3740., 3732., 3732.,  5537., 832210, 20230818110000)
 (3732., 3738., 3728., 3729., 10645., 831743, 20230818111500)
 (3728., 3739., 3728., 3737., 10112., 833207, 20230818113000)
 (3734., 3743., 3732., 3740., 13622., 836405, 20230818134500)
 (3740., 3743., 3731., 3740.,  9902., 836188, 20230818140000)
 (3740., 3743., 3734., 3736.,  9170., 835461, 20230818141500)
 (3736., 3736., 3722., 3725., 27945., 835354, 20230818143000)
 (3725., 3725., 3708., 3719., 52999., 841554, 20230818144500)
 (3719., 3723., 3714., 3718., 26044., 839420, 20230818150000)]
2023-08-21 15:30:00  INFO  [(3700., 3720., 3700., 3710., 38354., 838810, 20230818211500)
 (3709., 3713., 3703., 3712., 18383., 839579, 20230818213000)
 (3712., 3713., 3705., 3710., 15402., 842038, 20230818214500)
 (3711., 3714., 3708., 3710., 11837., 842593, 20230818220000)
 (3710., 3711., 3680., 3682., 66096., 834548, 20230818221500)
 (3682., 3691., 3681., 3686., 23922., 835767, 20230818223000)
 (3686., 3690., 3682., 3688., 21495., 837258, 20230818224500)
 (3688., 3690., 3670., 3672., 32378., 837674, 20230818230000)
 (3675., 3680., 3652., 3675., 61295., 840836, 20230821091500)
 (3674., 3676., 3665., 3670., 15872., 841623, 20230821093000)
 (3670., 3685., 3668., 3681., 20876., 843711, 20230821094500)
 (3680., 3681., 3667., 3677., 18161., 844866, 20230821100000)
 (3677., 3688., 3674., 3687., 19119., 844971, 20230821101500)
 (3688., 3699., 3687., 3690., 34834., 844571, 20230821104500)
 (3690., 3709., 3688., 3707., 24040., 843497, 20230821110000)
 (3707., 3712., 3703., 3709., 28870., 844039, 20230821111500)
 (3708., 3711., 3689., 3705., 30301., 843120, 20230821113000)
 (3705., 3710., 3700., 3704., 10760., 843611, 20230821134500)
 (3704., 3710., 3704., 3707., 12154., 848018, 20230821140000)
 (3705., 3707., 3683., 3694., 41040., 849053, 20230821141500)
 (3694., 3704., 3693., 3701., 11673., 850718, 20230821143000)
 (3702., 3704., 3686., 3689., 16168., 850003, 20230821144500)
 (3688., 3698., 3682., 3696., 28116., 844619, 20230821150000)]
2023-08-22 15:30:00  INFO  [(3690., 3708., 3688., 3692., 31921., 843666, 20230821211500)
 (3693., 3694., 3676., 3685., 22260., 846178, 20230821213000)
 (3685., 3690., 3676., 3682., 14170., 845804, 20230821214500)
 (3681., 3688., 3680., 3681.,  7779., 847028, 20230821220000)
 (3681., 3685., 3677., 3679.,  8151., 848297, 20230821221500)
 (3679., 3684., 3673., 3683., 10771., 849046, 20230821223000)
 (3682., 3689., 3677., 3688.,  7821., 848558, 20230821224500)
 (3689., 3693., 3677., 3677., 11469., 847662, 20230821230000)
 (3678., 3688., 3678., 3683., 12858., 848540, 20230822091500)
 (3685., 3698., 3681., 3698., 13992., 847486, 20230822093000)
 (3698., 3701., 3687., 3694., 23103., 846955, 20230822094500)
 (3694., 3699., 3686., 3694., 10927., 847385, 20230822100000)
 (3694., 3699., 3689., 3695.,  8482., 847135, 20230822101500)
 (3695., 3700., 3690., 3695.,  9500., 845466, 20230822104500)
 (3693., 3698., 3689., 3695.,  4872., 846095, 20230822110000)
 (3695., 3705., 3693., 3697., 14395., 848185, 20230822111500)
 (3697., 3704., 3691., 3699., 11718., 847426, 20230822113000)
 (3699., 3708., 3698., 3700., 25189., 845270, 20230822134500)
 (3699., 3716., 3698., 3715., 22741., 845198, 20230822140000)
 (3715., 3730., 3711., 3727., 57722., 842942, 20230822141500)
 (3727., 3747., 3720., 3743., 64635., 841361, 20230822143000)
 (3743., 3748., 3731., 3740., 48284., 838604, 20230822144500)
 (3740., 3740., 3730., 3733., 34256., 834249, 20230822150000)]
2023-08-23 15:30:00  INFO  [(3733., 3748., 3732., 3745., 29526., 836237, 20230822211500)
 (3745., 3747., 3739., 3741., 15153., 835948, 20230822213000)
 (3741., 3749., 3740., 3742., 19286., 836810, 20230822214500)
 (3742., 3746., 3740., 3743.,  7328., 836569, 20230822220000)
 (3745., 3751., 3741., 3744., 14927., 837269, 20230822221500)
 (3744., 3745., 3731., 3736., 15755., 837228, 20230822223000)
 (3736., 3745., 3735., 3745.,  7439., 836734, 20230822224500)
 (3744., 3747., 3740., 3745.,  8420., 836947, 20230822230000)
 (3744., 3750., 3739., 3749., 18014., 838432, 20230823091500)
 (3748., 3763., 3746., 3761., 49104., 845763, 20230823093000)
 (3761., 3765., 3748., 3754., 24253., 846033, 20230823094500)
 (3754., 3760., 3748., 3757., 14175., 848014, 20230823100000)
 (3757., 3760., 3750., 3754., 10409., 848255, 20230823101500)
 (3754., 3760., 3746., 3756., 19853., 847567, 20230823104500)
 (3755., 3767., 3751., 3766., 28289., 852690, 20230823110000)
 (3766., 3772., 3763., 3765., 34366., 860270, 20230823111500)
 (3765., 3771., 3759., 3762., 22198., 859914, 20230823113000)
 (3765., 3777., 3763., 3769., 29535., 863202, 20230823134500)
 (3769., 3775., 3765., 3774., 12817., 864823, 20230823140000)
 (3774., 3778., 3768., 3777., 16340., 868475, 20230823141500)
 (3777., 3777., 3767., 3768., 10952., 869007, 20230823143000)
 (3770., 3771., 3755., 3764., 29543., 871096, 20230823144500)
 (3765., 3766., 3746., 3747., 31178., 869524, 20230823150000)]
2023-08-24 15:30:00  INFO  [(3745., 3756., 3740., 3755.,  35793., 870503, 20230823211500)
 (3754., 3757., 3744., 3746.,  19199., 871714, 20230823213000)
 (3746., 3753., 3745., 3747.,  10627., 874307, 20230823214500)
 (3747., 3755., 3746., 3755.,   6790., 874878, 20230823220000)
 (3755., 3756., 3748., 3754.,   7912., 875767, 20230823221500)
 (3753., 3759., 3750., 3758.,   8497., 876458, 20230823223000)
 (3758., 3760., 3751., 3756.,  11897., 877907, 20230823224500)
 (3756., 3765., 3753., 3762.,  14439., 880705, 20230823230000)
 (3765., 3775., 3765., 3773.,  27308., 886654, 20230824091500)
 (3773., 3777., 3765., 3770.,  21739., 889553, 20230824093000)
 (3771., 3775., 3761., 3763.,  15223., 889438, 20230824094500)
 (3762., 3769., 3760., 3769.,  14959., 889919, 20230824100000)
 (3769., 3775., 3765., 3770.,  14924., 893627, 20230824101500)
 (3770., 3771., 3763., 3770.,  12441., 898958, 20230824104500)
 (3769., 3771., 3763., 3764.,  13635., 903333, 20230824110000)
 (3765., 3767., 3760., 3764.,  11487., 907313, 20230824111500)
 (3764., 3777., 3762., 3774.,  30575., 909354, 20230824113000)
 (3775., 3789., 3775., 3777.,  55058., 916194, 20230824134500)
 (3777., 3786., 3772., 3783.,  22856., 920311, 20230824140000)
 (3783., 3786., 3775., 3780.,  17702., 921318, 20230824141500)
 (3779., 3783., 3768., 3769.,  19826., 920396, 20230824143000)
 (3769., 3775., 3762., 3762.,  26414., 921119, 20230824144500)
 (3762., 3762., 3711., 3714., 131987., 906158, 20230824150000)]
2023-08-25 15:30:00  INFO  [(3719., 3740., 3715., 3738., 72963., 914758, 20230824211500)
 (3739., 3743., 3733., 3734., 21626., 918898, 20230824213000)
 (3735., 3738., 3725., 3730., 26795., 917307, 20230824214500)
 (3730., 3735., 3726., 3733., 11228., 917935, 20230824220000)
 (3732., 3737., 3726., 3729., 11352., 918995, 20230824221500)
 (3728., 3733., 3720., 3722., 12544., 919583, 20230824223000)
 (3722., 3733., 3718., 3732., 12802., 919579, 20230824224500)
 (3732., 3738., 3731., 3737., 10536., 918592, 20230824230000)
 (3737., 3740., 3729., 3739., 13435., 918807, 20230825091500)
 (3739., 3742., 3734., 3739.,  9151., 919779, 20230825093000)
 (3739., 3748., 3735., 3738., 16994., 920728, 20230825094500)
 (3738., 3745., 3735., 3743.,  5743., 921980, 20230825100000)
 (3744., 3745., 3733., 3742., 10506., 922318, 20230825101500)
 (3741., 3753., 3741., 3753., 26580., 924349, 20230825104500)
 (3752., 3753., 3745., 3746.,  8846., 924515, 20230825110000)
 (3747., 3747., 3730., 3733., 17477., 923985, 20230825111500)
 (3732., 3743., 3727., 3743., 16698., 924953, 20230825113000)
 (3743., 3744., 3736., 3741., 15410., 928261, 20230825134500)
 (3742., 3758., 3740., 3757., 32720., 934648, 20230825140000)
 (3757., 3757., 3741., 3749., 20930., 935451, 20230825141500)
 (3749., 3749., 3732., 3740., 18894., 939080, 20230825143000)
 (3739., 3751., 3739., 3748., 19082., 938855, 20230825144500)
 (3748., 3749., 3738., 3744., 20388., 937237, 20230825150000)]
2023-08-28 15:30:00  INFO  [(3740., 3750., 3734., 3741., 38573., 944713, 20230825211500)
 (3741., 3743., 3716., 3731., 36333., 945991, 20230825213000)
 (3731., 3735., 3725., 3726., 11796., 946895, 20230825214500)
 (3726., 3731., 3720., 3723., 18542., 948078, 20230825220000)
 (3722., 3735., 3721., 3734., 16147., 949010, 20230825221500)
 (3733., 3739., 3729., 3732., 11080., 947458, 20230825223000)
 (3733., 3736., 3723., 3724.,  9757., 947050, 20230825224500)
 (3724., 3735., 3723., 3728., 14589., 945026, 20230825230000)
 (3739., 3769., 3739., 3754., 99152., 947106, 20230828091500)
 (3755., 3766., 3751., 3764., 41430., 956223, 20230828093000)
 (3764., 3768., 3746., 3754., 29528., 958877, 20230828094500)
 (3755., 3756., 3734., 3736., 36320., 960480, 20230828100000)
 (3737., 3739., 3726., 3735., 34187., 964078, 20230828101500)
 (3735., 3741., 3728., 3740., 17886., 966856, 20230828104500)
 (3739., 3747., 3735., 3735., 15319., 969702, 20230828110000)
 (3735., 3737., 3728., 3728., 18919., 974626, 20230828111500)
 (3729., 3729., 3720., 3722., 35496., 970109, 20230828113000)
 (3720., 3722., 3700., 3707., 79900., 970015, 20230828134500)
 (3707., 3713., 3694., 3698., 44645., 976090, 20230828140000)
 (3697., 3704., 3686., 3693., 53020., 983194, 20230828141500)
 (3693., 3695., 3681., 3685., 33217., 984735, 20230828143000)
 (3684., 3699., 3681., 3696., 30856., 988011, 20230828144500)
 (3696., 3704., 3693., 3701., 27399., 987625, 20230828150000)]
2023-08-29 15:30:00  INFO  [(3699., 3708., 3696., 3699., 41235.,  995200, 20230828211500)
 (3698., 3703., 3691., 3697., 21964.,  997550, 20230828213000)
 (3695., 3710., 3690., 3707., 25293.,  995417, 20230828214500)
 (3707., 3708., 3702., 3706., 13660.,  994763, 20230828220000)
 (3705., 3709., 3702., 3704.,  9986.,  996321, 20230828221500)
 (3703., 3710., 3701., 3709., 13372.,  994612, 20230828223000)
 (3709., 3712., 3707., 3709., 10496.,  993754, 20230828224500)
 (3709., 3710., 3704., 3707.,  9133.,  995381, 20230828230000)
 (3707., 3709., 3701., 3707., 25586.,  999020, 20230829091500)
 (3706., 3709., 3685., 3692., 45308., 1004116, 20230829093000)
 (3692., 3696., 3687., 3694., 27728., 1004460, 20230829094500)
 (3694., 3699., 3682., 3682., 28585., 1006084, 20230829100000)
 (3683., 3698., 3682., 3691., 24451., 1008344, 20230829101500)
 (3691., 3700., 3686., 3700., 24124., 1012315, 20230829104500)
 (3700., 3700., 3691., 3699., 19782., 1014417, 20230829110000)
 (3699., 3700., 3692., 3697., 19064., 1020460, 20230829111500)
 (3697., 3715., 3690., 3712., 32939., 1018071, 20230829113000)
 (3714., 3720., 3708., 3717., 39117., 1022834, 20230829134500)
 (3716., 3718., 3710., 3711., 16447., 1026273, 20230829140000)
 (3712., 3715., 3702., 3708., 14338., 1028636, 20230829141500)
 (3709., 3711., 3704., 3705., 11154., 1030143, 20230829143000)
 (3705., 3716., 3704., 3713., 20215., 1033969, 20230829144500)
 (3713., 3713., 3688., 3694., 49558., 1035778, 20230829150000)]
2023-08-30 15:30:00  INFO  [(3700., 3703., 3689., 3697., 52371., 1055749, 20230829211500)
 (3696., 3709., 3694., 3706., 29019., 1059480, 20230829213000)
 (3705., 3707., 3700., 3705., 14607., 1061654, 20230829214500)
 (3704., 3705., 3700., 3701.,  4888., 1062663, 20230829220000)
 (3702., 3710., 3700., 3709., 18789., 1064871, 20230829221500)
 (3709., 3711., 3705., 3711., 10447., 1064303, 20230829223000)
 (3711., 3714., 3707., 3712., 12906., 1063844, 20230829224500)
 (3713., 3715., 3708., 3712.,  9299., 1064069, 20230829230000)
 (3714., 3720., 3713., 3715., 29989., 1069126, 20230830091500)
 (3715., 3719., 3711., 3716., 10457., 1070291, 20230830093000)
 (3715., 3716., 3701., 3702., 22853., 1071410, 20230830094500)
 (3703., 3708., 3701., 3706., 15457., 1075049, 20230830100000)
 (3706., 3707., 3695., 3704., 26293., 1076593, 20230830101500)
 (3703., 3717., 3695., 3717., 54013., 1096088, 20230830104500)
 (3715., 3719., 3700., 3711., 45559., 1111275, 20230830110000)
 (3711., 3715., 3707., 3713., 18109., 1117072, 20230830111500)
 (3713., 3720., 3709., 3714., 21300., 1118048, 20230830113000)
 (3714., 3720., 3711., 3718., 29726., 1115790, 20230830134500)
 (3719., 3726., 3712., 3715., 31277., 1118072, 20230830140000)
 (3716., 3716., 3708., 3711., 16100., 1118317, 20230830141500)
 (3712., 3714., 3705., 3713., 22168., 1119717, 20230830143000)
 (3713., 3732., 3711., 3730., 57126., 1119546, 20230830144500)
 (3729., 3732., 3723., 3726., 39586., 1120782, 20230830150000)]
2023-08-31 15:30:00  INFO  [(3735., 3742., 3730., 3735., 79845., 1146214, 20230830211500)
 (3734., 3744., 3734., 3741., 29577., 1149858, 20230830213000)
 (3741., 3742., 3730., 3732., 27304., 1155915, 20230830214500)
 (3731., 3741., 3730., 3740., 14676., 1159020, 20230830220000)
 (3740., 3741., 3732., 3735., 12715., 1161029, 20230830221500)
 (3735., 3738., 3734., 3735.,  6167., 1162482, 20230830223000)
 (3736., 3737., 3731., 3732.,  8501., 1163457, 20230830224500)
 (3732., 3738., 3729., 3737., 12205., 1163249, 20230830230000)
 (3738., 3749., 3737., 3747., 46061., 1168285, 20230831091500)
 (3747., 3757., 3745., 3753., 52728., 1173540, 20230831093000)
 (3754., 3762., 3753., 3759., 51736., 1183625, 20230831094500)
 (3759., 3759., 3749., 3754., 30789., 1192963, 20230831100000)
 (3754., 3758., 3749., 3752., 19440., 1196932, 20230831101500)
 (3753., 3762., 3750., 3760., 42346., 1206811, 20230831104500)
 (3761., 3764., 3758., 3760., 26322., 1215183, 20230831110000)
 (3761., 3761., 3755., 3760., 18620., 1217443, 20230831111500)
 (3760., 3761., 3755., 3759., 13069., 1219347, 20230831113000)
 (3759., 3759., 3749., 3753., 37234., 1222542, 20230831134500)
 (3753., 3759., 3752., 3758., 14851., 1222063, 20230831140000)
 (3758., 3759., 3741., 3747., 38105., 1216451, 20230831141500)
 (3746., 3752., 3738., 3744., 29752., 1217714, 20230831143000)
 (3744., 3758., 3742., 3757., 28378., 1218644, 20230831144500)
 (3758., 3762., 3755., 3760., 41491., 1224507, 20230831150000)]
2023-09-01 15:30:00  INFO  [(3765., 3783., 3763., 3767., 87716., 1249514, 20230831211500)
 (3766., 3773., 3761., 3762., 34431., 1251260, 20230831213000)
 (3763., 3765., 3752., 3761., 27427., 1254479, 20230831214500)
 (3762., 3767., 3759., 3759., 18657., 1256233, 20230831220000)
 (3760., 3765., 3756., 3758., 17723., 1255776, 20230831221500)
 (3756., 3765., 3756., 3765., 14551., 1257356, 20230831223000)
 (3765., 3766., 3759., 3764., 10255., 1257503, 20230831224500)
 (3764., 3777., 3760., 3775., 30280., 1255906, 20230831230000)
 (3774., 3786., 3771., 3783., 66517., 1267210, 20230901091500)
 (3783., 3793., 3781., 3783., 56795., 1274526, 20230901093000)
 (3783., 3790., 3781., 3784., 20563., 1277349, 20230901094500)
 (3784., 3796., 3783., 3792., 32925., 1286819, 20230901100000)
 (3793., 3804., 3789., 3803., 62735., 1298287, 20230901101500)
 (3802., 3807., 3796., 3797., 44136., 1303731, 20230901104500)
 (3797., 3801., 3793., 3796., 26521., 1299857, 20230901110000)
 (3796., 3802., 3795., 3800., 23558., 1297183, 20230901111500)
 (3800., 3805., 3787., 3798., 41802., 1297453, 20230901113000)
 (3797., 3806., 3797., 3800., 39527., 1304708, 20230901134500)
 (3801., 3807., 3794., 3806., 30603., 1306447, 20230901140000)
 (3806., 3808., 3800., 3804., 21589., 1309149, 20230901141500)
 (3804., 3805., 3795., 3800., 24722., 1307072, 20230901143000)
 (3800., 3812., 3799., 3808., 33658., 1314891, 20230901144500)
 (3809., 3814., 3805., 3813., 47235., 1317333, 20230901150000)]
2023-09-04 15:30:00  INFO  [(3815., 3824., 3810., 3814.,  79442., 1332550, 20230901211500)
 (3814., 3814., 3798., 3808.,  48252., 1332003, 20230901213000)
 (3808., 3810., 3803., 3806.,  17161., 1333462, 20230901214500)
 (3806., 3813., 3803., 3810.,  15014., 1335883, 20230901220000)
 (3810., 3815., 3805., 3814.,  18174., 1340978, 20230901221500)
 (3814., 3815., 3810., 3812.,  11893., 1341836, 20230901223000)
 (3812., 3834., 3812., 3829.,  61600., 1353094, 20230901224500)
 (3830., 3845., 3824., 3843.,  68484., 1349853, 20230901230000)
 (3840., 3840., 3820., 3826., 107443., 1364637, 20230904091500)
 (3827., 3833., 3821., 3832.,  37081., 1366787, 20230904093000)
 (3832., 3833., 3817., 3824.,  33304., 1367578, 20230904094500)
 (3824., 3828., 3820., 3827.,  17595., 1369987, 20230904100000)
 (3826., 3835., 3826., 3834.,  26452., 1374621, 20230904101500)
 (3834., 3842., 3833., 3835.,  37713., 1382155, 20230904104500)
 (3835., 3839., 3831., 3833.,  14173., 1384353, 20230904110000)
 (3833., 3835., 3826., 3827.,  17225., 1383031, 20230904111500)
 (3827., 3836., 3827., 3831.,  14183., 1384638, 20230904113000)
 (3830., 3833., 3821., 3827.,  30973., 1380904, 20230904134500)
 (3827., 3833., 3820., 3821.,  24036., 1379800, 20230904140000)
 (3821., 3825., 3815., 3823.,  40201., 1377084, 20230904141500)
 (3823., 3824., 3806., 3808.,  40105., 1373227, 20230904143000)
 (3808., 3813., 3802., 3808.,  64949., 1369890, 20230904144500)
 (3808., 3817., 3803., 3813.,  42172., 1370059, 20230904150000)]
2023-09-05 15:30:00  INFO  [(3811., 3827., 3805., 3824., 109605., 1408411, 20230904211500)
 (3824., 3825., 3816., 3817.,  28375., 1413214, 20230904213000)
 (3817., 3819., 3811., 3813.,  26812., 1418215, 20230904214500)
 (3813., 3823., 3813., 3822.,  17878., 1422725, 20230904220000)
 (3822., 3824., 3818., 3818.,  25609., 1423375, 20230904221500)
 (3818., 3822., 3813., 3820.,  18074., 1423280, 20230904223000)
 (3820., 3827., 3815., 3822.,  30308., 1423688, 20230904224500)
 (3823., 3829., 3821., 3825.,  25078., 1422304, 20230904230000)
 (3825., 3831., 3822., 3826.,  41516., 1426749, 20230905091500)
 (3826., 3832., 3825., 3832.,  26692., 1430742, 20230905093000)
 (3831., 3833., 3822., 3826.,  35120., 1436933, 20230905094500)
 (3826., 3827., 3816., 3824.,  31354., 1437999, 20230905100000)
 (3824., 3828., 3818., 3823.,  22419., 1439590, 20230905101500)
 (3822., 3826., 3815., 3823.,  23327., 1440591, 20230905104500)
 (3822., 3828., 3819., 3827.,  17138., 1441591, 20230905110000)
 (3828., 3839., 3828., 3831.,  68057., 1450269, 20230905111500)
 (3830., 3839., 3826., 3836.,  35098., 1454257, 20230905113000)
 (3836., 3838., 3829., 3832.,  35109., 1457212, 20230905134500)
 (3832., 3835., 3823., 3825.,  31805., 1455941, 20230905140000)
 (3826., 3826., 3794., 3798., 118705., 1457801, 20230905141500)
 (3798., 3814., 3796., 3808.,  70917., 1465522, 20230905143000)
 (3808., 3811., 3786., 3794.,  94692., 1461085, 20230905144500)
 (3795., 3802., 3786., 3799.,  83471., 1457450, 20230905150000)]
2023-09-06 15:30:00  INFO  [(3798., 3812., 3788., 3807., 101665., 1460415, 20230905211500)
 (3806., 3814., 3804., 3809.,  48143., 1467290, 20230905213000)
 (3810., 3813., 3806., 3811.,  24238., 1469296, 20230905214500)
 (3811., 3812., 3807., 3811.,  13034., 1469299, 20230905220000)
 (3810., 3813., 3805., 3806.,  15437., 1471330, 20230905221500)
 (3806., 3812., 3802., 3804.,  21817., 1473723, 20230905223000)
 (3804., 3815., 3801., 3815.,  39021., 1471062, 20230905224500)
 (3815., 3828., 3813., 3822.,  84368., 1468062, 20230905230000)
 (3823., 3825., 3812., 3818.,  45860., 1474832, 20230906091500)
 (3818., 3821., 3809., 3813.,  30342., 1480932, 20230906093000)
 (3813., 3813., 3802., 3804.,  37290., 1482773, 20230906094500)
 (3805., 3817., 3802., 3816.,  30171., 1486059, 20230906100000)
 (3816., 3818., 3812., 3818.,  23781., 1488618, 20230906101500)
 (3817., 3822., 3812., 3815.,  28282., 1493256, 20230906104500)
 (3815., 3825., 3810., 3824.,  34066., 1497205, 20230906110000)
 (3824., 3824., 3810., 3814.,  24475., 1497455, 20230906111500)
 (3815., 3815., 3805., 3806.,  35835., 1500581, 20230906113000)
 (3808., 3820., 3803., 3817.,  48846., 1504966, 20230906134500)
 (3816., 3820., 3813., 3818.,  23544., 1506881, 20230906140000)
 (3818., 3821., 3805., 3808.,  33703., 1506687, 20230906141500)
 (3808., 3809., 3795., 3805.,  71649., 1516930, 20230906143000)
 (3805., 3812., 3802., 3807.,  27948., 1518056, 20230906144500)
 (3806., 3819., 3804., 3817.,  51327., 1511551, 20230906150000)]
2023-09-07 15:30:00  INFO  [(3814., 3833., 3814., 3820., 121555., 1536750, 20230906211500)
 (3820., 3825., 3816., 3819.,  40295., 1540214, 20230906213000)
 (3818., 3826., 3815., 3823.,  33902., 1542874, 20230906214500)
 (3823., 3827., 3821., 3822.,  21075., 1544423, 20230906220000)
 (3821., 3822., 3817., 3819.,  22159., 1546311, 20230906221500)
 (3820., 3825., 3819., 3823.,  15093., 1546047, 20230906223000)
 (3824., 3825., 3807., 3807.,  48447., 1543440, 20230906224500)
 (3807., 3808., 3790., 3793., 146080., 1542299, 20230906230000)
 (3789., 3791., 3773., 3791., 195750., 1519668, 20230907091500)
 (3791., 3793., 3783., 3788.,  48133., 1521521, 20230907093000)
 (3787., 3788., 3777., 3779.,  58743., 1524661, 20230907094500)
 (3779., 3788., 3777., 3784.,  52826., 1525790, 20230907100000)
 (3785., 3787., 3779., 3785.,  37132., 1526778, 20230907101500)
 (3787., 3796., 3784., 3791.,  75309., 1513795, 20230907104500)
 (3791., 3793., 3784., 3786.,  33705., 1513058, 20230907110000)
 (3786., 3787., 3767., 3775., 127415., 1514252, 20230907111500)
 (3774., 3777., 3766., 3771.,  71718., 1520398, 20230907113000)
 (3769., 3781., 3765., 3776.,  99642., 1521910, 20230907134500)
 (3777., 3782., 3765., 3772.,  47107., 1521338, 20230907140000)
 (3773., 3794., 3765., 3791., 103832., 1521443, 20230907141500)
 (3790., 3801., 3765., 3798., 114350., 1525557, 20230907143000)
 (3798., 3808., 3765., 3805.,  82202., 1538381, 20230907144500)
 (3806., 3808., 3795., 3795.,  76950., 1532233, 20230907150000)]
2023-09-08 15:30:00  INFO  [(3790., 3802., 3787., 3795., 110828., 1528814, 20230907211500)
 (3794., 3796., 3783., 3787.,  55962., 1524821, 20230907213000)
 (3786., 3790., 3782., 3786.,  44718., 1521722, 20230907214500)
 (3787., 3788., 3777., 3780.,  48672., 1520512, 20230907220000)
 (3780., 3787., 3777., 3780.,  40946., 1522888, 20230907221500)
 (3780., 3781., 3773., 3776.,  52303., 1525931, 20230907223000)
 (3775., 3782., 3768., 3777.,  67663., 1531492, 20230907224500)
 (3777., 3783., 3776., 3780.,  37565., 1527104, 20230907230000)
 (3780., 3791., 3778., 3786.,  80650., 1538023, 20230908091500)
 (3786., 3789., 3783., 3784.,  29849., 1541148, 20230908093000)
 (3784., 3789., 3779., 3781.,  32927., 1543289, 20230908094500)
 (3782., 3782., 3770., 3772.,  55639., 1546385, 20230908100000)
 (3771., 3781., 3770., 3778.,  43908., 1544356, 20230908101500)
 (3778., 3780., 3758., 3762.,  80715., 1537050, 20230908104500)
 (3761., 3765., 3756., 3760., 110406., 1542554, 20230908110000)
 (3759., 3761., 3747., 3747., 150925., 1540555, 20230908111500)
 (3747., 3753., 3729., 3734., 191117., 1546820, 20230908113000)
 (3735., 3745., 3733., 3741., 106500., 1545001, 20230908134500)
 (3742., 3744., 3736., 3742.,  60068., 1546177, 20230908140000)
 (3742., 3746., 3740., 3740.,  48159., 1543122, 20230908141500)
 (3741., 3742., 3730., 3731.,  61949., 1547636, 20230908143000)
 (3730., 3733., 3716., 3719., 125687., 1552493, 20230908144500)
 (3720., 3726., 3711., 3717., 148876., 1546003, 20230908150000)]
2023-09-11 15:30:00  INFO  [(3718., 3724., 3707., 3716., 160466., 1564216, 20230908211500)
 (3716., 3721., 3712., 3717.,  68383., 1571009, 20230908213000)
 (3717., 3723., 3709., 3712.,  50921., 1574602, 20230908214500)
 (3711., 3719., 3710., 3717.,  34003., 1578606, 20230908220000)
 (3717., 3722., 3715., 3717.,  33118., 1577427, 20230908221500)
 (3717., 3728., 3715., 3724.,  42574., 1577517, 20230908223000)
 (3725., 3729., 3721., 3725.,  42534., 1574261, 20230908224500)
 (3724., 3735., 3723., 3733.,  61054., 1558168, 20230908230000)
 (3735., 3746., 3733., 3742., 125213., 1550769, 20230911091500)
 (3742., 3747., 3738., 3744.,  66563., 1548544, 20230911093000)
 (3745., 3751., 3741., 3745.,  65284., 1542149, 20230911094500)
 (3744., 3753., 3744., 3750.,  57417., 1537799, 20230911100000)
 (3751., 3754., 3744., 3748.,  59368., 1532514, 20230911101500)
 (3748., 3752., 3745., 3747.,  30722., 1529697, 20230911104500)
 (3746., 3748., 3738., 3742.,  51493., 1530145, 20230911110000)
 (3742., 3750., 3740., 3750.,  25580., 1527886, 20230911111500)
 (3750., 3750., 3744., 3748.,  32509., 1528515, 20230911113000)
 (3753., 3771., 3753., 3768., 188030., 1529257, 20230911134500)
 (3768., 3770., 3756., 3760.,  91103., 1531511, 20230911140000)
 (3760., 3760., 3748., 3749.,  56448., 1533228, 20230911141500)
 (3749., 3755., 3746., 3746.,  49469., 1534338, 20230911143000)
 (3747., 3752., 3746., 3750.,  37587., 1536271, 20230911144500)
 (3751., 3761., 3751., 3759.,  73966., 1530613, 20230911150000)]
2023-09-12 15:30:00  INFO  [(3762., 3778., 3762., 3776., 142107., 1527937, 20230911211500)
 (3777., 3777., 3772., 3777.,  56680., 1528535, 20230911213000)
 (3777., 3782., 3773., 3775.,  65892., 1528674, 20230911214500)
 (3774., 3778., 3772., 3778.,  32210., 1528151, 20230911220000)
 (3779., 3781., 3776., 3779.,  33893., 1528666, 20230911221500)
 (3779., 3781., 3776., 3776.,  20243., 1527151, 20230911223000)
 (3776., 3779., 3775., 3777.,  16016., 1525644, 20230911224500)
 (3778., 3782., 3771., 3780.,  46025., 1519963, 20230911230000)
 (3781., 3785., 3776., 3778.,  89132., 1513405, 20230912091500)
 (3779., 3779., 3769., 3775.,  50468., 1515738, 20230912093000)
 (3776., 3778., 3769., 3772.,  41921., 1517178, 20230912094500)
 (3772., 3774., 3766., 3770.,  47672., 1517065, 20230912100000)
 (3770., 3780., 3767., 3778.,  49563., 1515592, 20230912101500)
 (3778., 3796., 3776., 3796., 136308., 1527026, 20230912104500)
 (3796., 3796., 3789., 3791.,  65002., 1534338, 20230912110000)
 (3791., 3794., 3787., 3790.,  38824., 1531505, 20230912111500)
 (3791., 3800., 3789., 3797.,  60293., 1540854, 20230912113000)
 (3797., 3797., 3780., 3785.,  89685., 1536342, 20230912134500)
 (3785., 3792., 3782., 3789.,  34983., 1537622, 20230912140000)
 (3790., 3799., 3788., 3797.,  59441., 1543556, 20230912141500)
 (3797., 3798., 3784., 3784.,  55312., 1546274, 20230912143000)
 (3784., 3796., 3784., 3793.,  37466., 1547477, 20230912144500)
 (3793., 3795., 3786., 3791.,  54885., 1539364, 20230912150000)]
2023-09-13 15:30:00  INFO  [(3793., 3804., 3791., 3792., 126772., 1554713, 20230912211500)
 (3793., 3793., 3782., 3786.,  66259., 1556253, 20230912213000)
 (3786., 3789., 3783., 3787.,  31969., 1559321, 20230912214500)
 (3787., 3790., 3774., 3776.,  80498., 1560424, 20230912220000)
 (3776., 3782., 3773., 3781.,  54691., 1555585, 20230912221500)
 (3781., 3784., 3778., 3780.,  29908., 1555426, 20230912223000)
 (3780., 3781., 3770., 3778.,  55644., 1552976, 20230912224500)
 (3778., 3790., 3777., 3786.,  64067., 1549050, 20230912230000)
 (3786., 3791., 3780., 3785.,  50404., 1549575, 20230913091500)
 (3786., 3791., 3785., 3786.,  34796., 1549353, 20230913093000)
 (3787., 3792., 3784., 3788.,  32915., 1551173, 20230913094500)
 (3788., 3793., 3787., 3788.,  28661., 1555842, 20230913100000)
 (3789., 3790., 3780., 3783.,  40285., 1554463, 20230913101500)
 (3781., 3782., 3773., 3774.,  65077., 1556007, 20230913104500)
 (3774., 3780., 3765., 3773.,  75938., 1555549, 20230913110000)
 (3774., 3777., 3761., 3763.,  65345., 1555278, 20230913111500)
 (3763., 3771., 3755., 3757., 100742., 1550864, 20230913113000)
 (3758., 3770., 3758., 3763.,  80985., 1552498, 20230913134500)
 (3762., 3763., 3745., 3752., 135515., 1555483, 20230913140000)
 (3753., 3757., 3748., 3756.,  51280., 1558485, 20230913141500)
 (3755., 3760., 3750., 3751.,  49879., 1557452, 20230913143000)
 (3751., 3766., 3749., 3764.,  59212., 1552509, 20230913144500)
 (3763., 3777., 3760., 3777., 112184., 1536524, 20230913150000)]
2023-09-14 15:30:00  INFO  [(3778., 3785., 3774., 3778.,  96133., 1540530, 20230913211500)
 (3777., 3786., 3777., 3784.,  69557., 1552427, 20230913213000)
 (3784., 3788., 3780., 3784.,  43295., 1554572, 20230913214500)
 (3784., 3785., 3780., 3785.,  22656., 1556983, 20230913220000)
 (3785., 3786., 3775., 3776.,  39131., 1558692, 20230913221500)
 (3777., 3777., 3769., 3773.,  52248., 1564139, 20230913223000)
 (3773., 3787., 3770., 3785.,  60065., 1566631, 20230913224500)
 (3785., 3786., 3781., 3783.,  33637., 1563561, 20230913230000)
 (3783., 3786., 3771., 3772.,  59300., 1560130, 20230914091500)
 (3772., 3778., 3770., 3776.,  36069., 1562099, 20230914093000)
 (3777., 3781., 3767., 3777.,  56858., 1563810, 20230914094500)
 (3778., 3779., 3770., 3772.,  30264., 1563663, 20230914100000)
 (3772., 3775., 3762., 3763.,  61396., 1568074, 20230914101500)
 (3763., 3771., 3760., 3768.,  60830., 1565893, 20230914104500)
 (3768., 3768., 3759., 3760.,  43597., 1569640, 20230914110000)
 (3761., 3778., 3759., 3771.,  67143., 1564521, 20230914111500)
 (3773., 3778., 3769., 3772.,  54954., 1562112, 20230914113000)
 (3776., 3792., 3774., 3786., 133587., 1571136, 20230914134500)
 (3786., 3787., 3763., 3764., 100928., 1570113, 20230914140000)
 (3764., 3770., 3760., 3766.,  99699., 1578650, 20230914141500)
 (3767., 3785., 3764., 3782., 106763., 1570370, 20230914143000)
 (3783., 3786., 3778., 3785.,  63180., 1575503, 20230914144500)
 (3785., 3795., 3777., 3794., 111285., 1585958, 20230914150000)]
2023-09-15 15:30:00  INFO  [(3809., 3822., 3805., 3809., 224457., 1595272, 20230914211500)
 (3809., 3813., 3806., 3808.,  52538., 1602794, 20230914213000)
 (3808., 3812., 3805., 3810.,  42113., 1606785, 20230914214500)
 (3810., 3812., 3802., 3806.,  45289., 1607289, 20230914220000)
 (3807., 3809., 3803., 3809.,  26906., 1606907, 20230914221500)
 (3809., 3817., 3808., 3817.,  66569., 1611832, 20230914223000)
 (3817., 3819., 3814., 3815.,  56194., 1619785, 20230914224500)
 (3815., 3818., 3811., 3817.,  44944., 1617413, 20230914230000)
 (3818., 3831., 3818., 3831., 153090., 1644048, 20230915091500)
 (3830., 3833., 3822., 3826.,  85067., 1651498, 20230915093000)
 (3825., 3826., 3815., 3816.,  67888., 1653766, 20230915094500)
 (3816., 3823., 3815., 3821.,  40347., 1653462, 20230915100000)
 (3821., 3827., 3818., 3821.,  51246., 1657002, 20230915101500)
 (3821., 3826., 3819., 3821.,  27244., 1663242, 20230915104500)
 (3821., 3823., 3816., 3821.,  22352., 1664373, 20230915110000)
 (3820., 3824., 3812., 3813.,  38301., 1663623, 20230915111500)
 (3813., 3825., 3813., 3823.,  53633., 1660990, 20230915113000)
 (3817., 3820., 3807., 3810.,  89305., 1653471, 20230915134500)
 (3810., 3814., 3800., 3812.,  80963., 1647686, 20230915140000)
 (3812., 3817., 3807., 3811.,  49211., 1646738, 20230915141500)
 (3810., 3818., 3810., 3814.,  39061., 1644447, 20230915143000)
 (3813., 3825., 3813., 3824.,  65237., 1651690, 20230915144500)
 (3824., 3830., 3822., 3824., 121491., 1669241, 20230915150000)]
2023-09-18 15:30:00  INFO  [(3820., 3824., 3807., 3816., 132649., 1673777, 20230915211500)
 (3815., 3816., 3805., 3808.,  64483., 1674344, 20230915213000)
 (3808., 3816., 3802., 3812.,  65962., 1674126, 20230915214500)
 (3812., 3812., 3807., 3808.,  32974., 1672115, 20230915220000)
 (3809., 3813., 3792., 3800., 118391., 1663982, 20230915221500)
 (3799., 3806., 3798., 3799.,  48560., 1667215, 20230915223000)
 (3798., 3801., 3793., 3798.,  56498., 1662829, 20230915224500)
 (3797., 3806., 3796., 3798.,  53766., 1654293, 20230915230000)
 (3798., 3814., 3798., 3809., 122787., 1653980, 20230918091500)
 (3809., 3816., 3807., 3810.,  47338., 1663461, 20230918093000)
 (3809., 3820., 3808., 3819.,  76202., 1674463, 20230918094500)
 (3818., 3824., 3816., 3818.,  67564., 1676566, 20230918100000)
 (3817., 3827., 3815., 3824.,  60418., 1679769, 20230918101500)
 (3824., 3846., 3820., 3837., 182830., 1715155, 20230918104500)
 (3838., 3843., 3827., 3831., 114743., 1718067, 20230918110000)
 (3832., 3833., 3823., 3829.,  58403., 1714648, 20230918111500)
 (3829., 3833., 3824., 3830.,  42321., 1720431, 20230918113000)
 (3830., 3839., 3828., 3835.,  53158., 1727609, 20230918134500)
 (3835., 3841., 3833., 3836.,  60520., 1740772, 20230918140000)
 (3836., 3840., 3833., 3839.,  43076., 1745011, 20230918141500)
 (3839., 3843., 3835., 3843.,  43322., 1755763, 20230918143000)
 (3842., 3845., 3835., 3836.,  62936., 1766424, 20230918144500)
 (3836., 3845., 3836., 3842.,  56646., 1766006, 20230918150000)]
2023-09-19 15:30:00  INFO  [(3846., 3860., 3845., 3860., 189429., 1794947, 20230918211500)
 (3860., 3868., 3860., 3862., 100659., 1810611, 20230918213000)
 (3863., 3865., 3858., 3861.,  61342., 1815762, 20230918214500)
 (3860., 3865., 3855., 3858.,  44071., 1815520, 20230918220000)
 (3857., 3865., 3857., 3863.,  31299., 1819079, 20230918221500)
 (3863., 3864., 3859., 3864.,  23285., 1821221, 20230918223000)
 (3863., 3865., 3861., 3862.,  22562., 1822534, 20230918224500)
 (3863., 3864., 3858., 3860.,  26989., 1816205, 20230918230000)
 (3861., 3870., 3861., 3868.,  90926., 1825217, 20230919091500)
 (3869., 3874., 3866., 3870.,  83251., 1827882, 20230919093000)
 (3869., 3873., 3863., 3866.,  56929., 1830027, 20230919094500)
 (3866., 3871., 3861., 3863.,  50632., 1834487, 20230919100000)
 (3863., 3866., 3850., 3853., 113437., 1816619, 20230919101500)
 (3852., 3857., 3851., 3856.,  59071., 1813517, 20230919104500)
 (3856., 3856., 3838., 3843., 111825., 1798749, 20230919110000)
 (3843., 3854., 3842., 3849.,  61020., 1800897, 20230919111500)
 (3850., 3855., 3845., 3847.,  37209., 1798590, 20230919113000)
 (3846., 3847., 3839., 3845.,  56162., 1796970, 20230919134500)
 (3844., 3848., 3840., 3847.,  42731., 1796204, 20230919140000)
 (3846., 3850., 3841., 3843.,  36047., 1792718, 20230919141500)
 (3843., 3846., 3840., 3840.,  28836., 1792614, 20230919143000)
 (3840., 3849., 3840., 3845.,  36434., 1790758, 20230919144500)
 (3846., 3849., 3830., 3831., 111614., 1775340, 20230919150000)]
2023-09-20 15:30:00  INFO  [(3834., 3838., 3827., 3835., 104371., 1777124, 20230919211500)
 (3836., 3841., 3829., 3840.,  62322., 1781221, 20230919213000)
 (3840., 3840., 3833., 3836.,  36012., 1784123, 20230919214500)
 (3837., 3840., 3834., 3839.,  25339., 1786245, 20230919220000)
 (3839., 3845., 3836., 3844.,  41813., 1789231, 20230919221500)
 (3844., 3847., 3842., 3846.,  31150., 1788550, 20230919223000)
 (3847., 3847., 3842., 3844.,  21228., 1787939, 20230919224500)
 (3844., 3852., 3843., 3850.,  47439., 1779965, 20230919230000)
 (3851., 3855., 3846., 3851.,  75903., 1788927, 20230920091500)
 (3852., 3853., 3843., 3846.,  37317., 1789761, 20230920093000)
 (3846., 3850., 3841., 3844.,  28920., 1790147, 20230920094500)
 (3843., 3849., 3835., 3849.,  53912., 1791233, 20230920100000)
 (3849., 3850., 3828., 3829.,  81484., 1782420, 20230920101500)
 (3829., 3833., 3821., 3831.,  91995., 1777261, 20230920104500)
 (3830., 3835., 3825., 3832.,  51232., 1781303, 20230920110000)
 (3832., 3839., 3830., 3835.,  43828., 1779522, 20230920111500)
 (3834., 3844., 3832., 3839.,  44979., 1778485, 20230920113000)
 (3841., 3847., 3838., 3846.,  62253., 1777756, 20230920134500)
 (3846., 3846., 3836., 3837.,  33564., 1777640, 20230920140000)
 (3837., 3844., 3834., 3836.,  33932., 1776001, 20230920141500)
 (3836., 3844., 3835., 3842.,  29303., 1777386, 20230920143000)
 (3842., 3846., 3835., 3845.,  44612., 1775303, 20230920144500)
 (3845., 3853., 3841., 3842.,  98066., 1773099, 20230920150000)]
2023-09-21 15:30:00  INFO  [(3847., 3850., 3809., 3812., 260303., 1748853, 20230920211500)
 (3812., 3823., 3811., 3821.,  99820., 1752702, 20230920213000)
 (3819., 3828., 3817., 3825.,  54168., 1755920, 20230920214500)
 (3824., 3825., 3819., 3823.,  24965., 1756210, 20230920220000)
 (3822., 3829., 3820., 3825.,  33257., 1754208, 20230920221500)
 (3825., 3827., 3820., 3821.,  26915., 1751582, 20230920223000)
 (3821., 3822., 3815., 3819.,  46842., 1753841, 20230920224500)
 (3819., 3822., 3816., 3819.,  37359., 1750337, 20230920230000)
 (3815., 3818., 3806., 3814., 115251., 1750503, 20230921091500)
 (3814., 3823., 3812., 3819.,  50403., 1749824, 20230921093000)
 (3819., 3826., 3818., 3821.,  41268., 1751826, 20230921094500)
 (3821., 3824., 3816., 3817.,  27552., 1752033, 20230921100000)
 (3817., 3823., 3811., 3815.,  41246., 1752860, 20230921101500)
 (3815., 3819., 3809., 3815.,  60791., 1751586, 20230921104500)
 (3815., 3817., 3803., 3808.,  76119., 1746871, 20230921110000)
 (3808., 3812., 3804., 3807.,  46066., 1743350, 20230921111500)
 (3807., 3808., 3784., 3793., 194394., 1732056, 20230921113000)
 (3793., 3795., 3785., 3785.,  98927., 1742763, 20230921134500)
 (3787., 3789., 3769., 3770., 165342., 1722468, 20230921140000)
 (3771., 3781., 3768., 3772., 119507., 1716356, 20230921141500)
 (3772., 3776., 3760., 3764., 132859., 1707469, 20230921143000)
 (3764., 3764., 3755., 3759., 125249., 1703676, 20230921144500)
 (3758., 3765., 3757., 3762., 111450., 1687100, 20230921150000)]
2023-09-22 15:30:00  INFO  [(3752., 3769., 3751., 3769., 138891., 1681797, 20230921211500)
 (3769., 3776., 3766., 3770.,  64200., 1682932, 20230921213000)
 (3770., 3773., 3767., 3768.,  32675., 1681219, 20230921214500)
 (3767., 3772., 3765., 3767.,  28567., 1678479, 20230921220000)
 (3767., 3768., 3760., 3768.,  46997., 1671928, 20230921221500)
 (3768., 3771., 3765., 3770.,  22928., 1672318, 20230921223000)
 (3770., 3772., 3766., 3769.,  22018., 1670519, 20230921224500)
 (3770., 3772., 3767., 3768.,  29972., 1665594, 20230921230000)
 (3767., 3768., 3761., 3765.,  51180., 1667452, 20230922091500)
 (3765., 3771., 3759., 3767.,  54034., 1666262, 20230922093000)
 (3767., 3767., 3759., 3762.,  37341., 1667544, 20230922094500)
 (3762., 3771., 3762., 3770.,  38622., 1667799, 20230922100000)
 (3768., 3775., 3765., 3774.,  47567., 1668808, 20230922101500)
 (3775., 3781., 3773., 3774.,  84492., 1661962, 20230922104500)
 (3774., 3778., 3771., 3772.,  35068., 1664795, 20230922110000)
 (3772., 3777., 3768., 3775.,  34036., 1665244, 20230922111500)
 (3776., 3783., 3770., 3783.,  56719., 1656846, 20230922113000)
 (3783., 3786., 3777., 3777.,  60191., 1654346, 20230922134500)
 (3777., 3782., 3774., 3781.,  39326., 1656187, 20230922140000)
 (3782., 3793., 3781., 3789.,  89465., 1653050, 20230922141500)
 (3789., 3791., 3785., 3788.,  43277., 1652488, 20230922143000)
 (3788., 3791., 3781., 3783.,  49132., 1652451, 20230922144500)
 (3782., 3786., 3778., 3779.,  53413., 1643925, 20230922150000)]
2023-09-25 15:30:00  INFO  [(3786., 3787., 3775., 3779., 108307., 1650642, 20230922211500)
 (3780., 3786., 3776., 3778.,  38447., 1655536, 20230922213000)
 (3778., 3780., 3770., 3775.,  42994., 1656505, 20230922214500)
 (3774., 3779., 3774., 3778.,  21716., 1656035, 20230922220000)
 (3777., 3781., 3773., 3773.,  25398., 1657413, 20230922221500)
 (3774., 3775., 3766., 3771.,  43842., 1657661, 20230922223000)
 (3769., 3776., 3768., 3772.,  28486., 1657268, 20230922224500)
 (3772., 3776., 3771., 3772.,  28516., 1650444, 20230922230000)
 (3778., 3785., 3761., 3768., 132316., 1649028, 20230925091500)
 (3768., 3769., 3755., 3756.,  80122., 1650191, 20230925093000)
 (3756., 3759., 3736., 3736., 204538., 1655147, 20230925094500)
 (3736., 3743., 3724., 3727., 146719., 1657266, 20230925100000)
 (3727., 3735., 3722., 3729.,  96066., 1662662, 20230925101500)
 (3729., 3730., 3721., 3724.,  72715., 1680197, 20230925104500)
 (3723., 3729., 3720., 3726.,  61209., 1687105, 20230925110000)
 (3726., 3733., 3725., 3729.,  42077., 1693154, 20230925111500)
 (3728., 3732., 3723., 3725.,  50363., 1692101, 20230925113000)
 (3727., 3731., 3721., 3724.,  45829., 1699511, 20230925134500)
 (3725., 3727., 3715., 3716.,  69883., 1709854, 20230925140000)
 (3716., 3719., 3712., 3715.,  62748., 1718019, 20230925141500)
 (3714., 3716., 3704., 3704., 114294., 1717247, 20230925143000)
 (3705., 3717., 3704., 3715.,  61513., 1718999, 20230925144500)
 (3715., 3720., 3714., 3716.,  77128., 1710023, 20230925150000)]
2023-09-26 15:30:00  INFO  [(3716., 3722., 3705., 3714., 104298., 1717561, 20230925211500)
 (3714., 3715., 3706., 3709.,  37272., 1719299, 20230925213000)
 (3708., 3710., 3701., 3707.,  68031., 1720201, 20230925214500)
 (3708., 3710., 3704., 3707.,  25990., 1720820, 20230925220000)
 (3707., 3715., 3704., 3713.,  53697., 1713332, 20230925221500)
 (3713., 3718., 3711., 3714.,  25245., 1710637, 20230925223000)
 (3713., 3719., 3712., 3713.,  36330., 1707842, 20230925224500)
 (3714., 3718., 3708., 3709.,  30194., 1699134, 20230925230000)
 (3708., 3718., 3708., 3716.,  46699., 1703360, 20230926091500)
 (3717., 3724., 3713., 3723.,  55095., 1703265, 20230926093000)
 (3723., 3725., 3719., 3722.,  51454., 1707085, 20230926094500)
 (3721., 3722., 3713., 3716.,  31361., 1708014, 20230926100000)
 (3716., 3716., 3710., 3713.,  33270., 1711181, 20230926101500)
 (3714., 3720., 3710., 3718.,  35349., 1713687, 20230926104500)
 (3718., 3720., 3708., 3712.,  31607., 1716462, 20230926110000)
 (3711., 3713., 3706., 3706.,  54419., 1724404, 20230926111500)
 (3706., 3712., 3693., 3699., 107678., 1723942, 20230926113000)
 (3697., 3699., 3683., 3684., 149982., 1746631, 20230926134500)
 (3684., 3688., 3678., 3680., 105260., 1766703, 20230926140000)
 (3679., 3679., 3668., 3671., 130010., 1780871, 20230926141500)
 (3672., 3676., 3665., 3672.,  87122., 1785572, 20230926143000)
 (3673., 3677., 3668., 3673.,  63506., 1781081, 20230926144500)
 (3673., 3678., 3670., 3675.,  87384., 1772900, 20230926150000)]
2023-09-27 15:30:00  INFO  [(3679., 3686., 3677., 3685., 105068., 1767046, 20230926211500)
 (3684., 3687., 3675., 3678.,  61499., 1770505, 20230926213000)
 (3678., 3681., 3673., 3679.,  39894., 1774593, 20230926214500)
 (3679., 3682., 3678., 3681.,  16197., 1775773, 20230926220000)
 (3681., 3686., 3678., 3679.,  25621., 1774677, 20230926221500)
 (3679., 3681., 3675., 3681.,  18310., 1772487, 20230926223000)
 (3681., 3685., 3680., 3684.,  21914., 1770460, 20230926224500)
 (3684., 3687., 3681., 3685.,  24741., 1764337, 20230926230000)
 (3684., 3686., 3679., 3681.,  39409., 1763783, 20230927091500)
 (3681., 3687., 3678., 3687.,  37089., 1765417, 20230927093000)
 (3686., 3689., 3683., 3687.,  42356., 1768800, 20230927094500)
 (3686., 3694., 3683., 3691.,  38870., 1771649, 20230927100000)
 (3691., 3694., 3685., 3689.,  35033., 1770250, 20230927101500)
 (3690., 3691., 3681., 3684.,  37960., 1775389, 20230927104500)
 (3683., 3687., 3680., 3686.,  24827., 1779326, 20230927110000)
 (3686., 3688., 3677., 3680.,  42594., 1778510, 20230927111500)
 (3680., 3692., 3679., 3688.,  39872., 1778866, 20230927113000)
 (3690., 3692., 3683., 3685.,  43659., 1778388, 20230927134500)
 (3685., 3688., 3681., 3682.,  26531., 1781008, 20230927140000)
 (3682., 3692., 3681., 3690.,  39825., 1782486, 20230927141500)
 (3691., 3697., 3689., 3693.,  57971., 1780895, 20230927143000)
 (3692., 3694., 3689., 3691.,  29589., 1777429, 20230927144500)
 (3690., 3691., 3681., 3682.,  48958., 1767758, 20230927150000)]
2023-09-28 15:30:00  INFO  [(3690., 3695., 3685., 3694., 83959., 1777185, 20230927211500)
 (3693., 3707., 3693., 3703., 84342., 1773762, 20230927213000)
 (3704., 3706., 3701., 3704., 29221., 1772754, 20230927214500)
 (3704., 3710., 3701., 3708., 32842., 1770814, 20230927220000)
 (3709., 3710., 3703., 3709., 30317., 1765324, 20230927221500)
 (3708., 3715., 3708., 3709., 51840., 1760036, 20230927223000)
 (3710., 3712., 3704., 3708., 40003., 1761104, 20230927224500)
 (3708., 3710., 3705., 3709., 28497., 1756794, 20230927230000)
 (3713., 3717., 3709., 3713., 67780., 1750968, 20230928091500)
 (3712., 3716., 3709., 3710., 31070., 1751072, 20230928093000)
 (3711., 3711., 3706., 3707., 28544., 1752960, 20230928094500)
 (3707., 3711., 3705., 3708., 23630., 1749689, 20230928100000)
 (3708., 3708., 3701., 3702., 28624., 1748599, 20230928101500)
 (3703., 3705., 3697., 3701., 44026., 1744638, 20230928104500)
 (3701., 3701., 3688., 3691., 51375., 1744539, 20230928110000)
 (3691., 3694., 3684., 3687., 46421., 1742544, 20230928111500)
 (3686., 3694., 3685., 3693., 39444., 1739694, 20230928113000)
 (3699., 3705., 3692., 3705., 68226., 1734132, 20230928134500)
 (3704., 3705., 3696., 3700., 30320., 1732177, 20230928140000)
 (3700., 3702., 3694., 3701., 32076., 1731129, 20230928141500)
 (3701., 3706., 3697., 3699., 39399., 1723663, 20230928143000)
 (3700., 3703., 3695., 3697., 33354., 1716132, 20230928144500)
 (3696., 3700., 3689., 3690., 76444., 1697143, 20230928150000)]
2023-10-09 15:30:00  INFO  [(3691., 3694., 3684., 3687.,  46421., 1742544, 20230928111500)
 (3686., 3694., 3685., 3693.,  39444., 1739694, 20230928113000)
 (3699., 3705., 3692., 3705.,  68226., 1734132, 20230928134500)
 (3704., 3705., 3696., 3700.,  30320., 1732177, 20230928140000)
 (3700., 3702., 3694., 3701.,  32076., 1731129, 20230928141500)
 (3701., 3706., 3697., 3699.,  39399., 1723663, 20230928143000)
 (3700., 3703., 3695., 3697.,  33354., 1716132, 20230928144500)
 (3696., 3700., 3689., 3690.,  76444., 1697143, 20230928150000)
 (3670., 3670., 3636., 3641., 269245., 1731270, 20231009091500)
 (3642., 3665., 3636., 3661., 106304., 1740374, 20231009093000)
 (3662., 3662., 3646., 3649.,  61325., 1748367, 20231009094500)
 (3650., 3659., 3646., 3650.,  50235., 1753508, 20231009100000)
 (3650., 3652., 3642., 3647.,  44698., 1759195, 20231009101500)
 (3647., 3648., 3638., 3644.,  55275., 1774104, 20231009104500)
 (3643., 3645., 3635., 3635.,  46201., 1786235, 20231009110000)
 (3635., 3638., 3630., 3633.,  58444., 1792781, 20231009111500)
 (3633., 3635., 3626., 3630.,  68273., 1798364, 20231009113000)
 (3630., 3635., 3627., 3631.,  44149., 1800906, 20231009134500)
 (3631., 3631., 3626., 3627.,  29040., 1806791, 20231009140000)
 (3626., 3632., 3622., 3631.,  53697., 1809922, 20231009141500)
 (3631., 3631., 3621., 3622.,  35952., 1817742, 20231009143000)
 (3621., 3627., 3620., 3624.,  38583., 1819397, 20231009144500)
 (3624., 3638., 3624., 3638.,  64135., 1810235, 20231009150000)]
2023-10-10 15:30:00  INFO  [(3638., 3649., 3638., 3644., 120489., 1819038, 20231009211500)
 (3644., 3647., 3641., 3644.,  42918., 1824367, 20231009213000)
 (3645., 3648., 3643., 3646.,  23110., 1826061, 20231009214500)
 (3646., 3648., 3640., 3641.,  39180., 1825086, 20231009220000)
 (3642., 3645., 3636., 3645.,  58882., 1824000, 20231009221500)
 (3644., 3653., 3644., 3650.,  65426., 1822057, 20231009223000)
 (3649., 3651., 3646., 3648.,  34424., 1813441, 20231009224500)
 (3649., 3650., 3644., 3649.,  37154., 1804170, 20231009230000)
 (3649., 3654., 3639., 3640.,  73810., 1804755, 20231010091500)
 (3640., 3642., 3632., 3634.,  55137., 1810194, 20231010093000)
 (3635., 3639., 3630., 3631.,  47522., 1814952, 20231010094500)
 (3632., 3633., 3620., 3623.,  68656., 1821399, 20231010100000)
 (3624., 3629., 3622., 3623.,  46070., 1828442, 20231010101500)
 (3623., 3624., 3613., 3614.,  80953., 1838580, 20231010104500)
 (3614., 3617., 3607., 3607.,  71500., 1850964, 20231010110000)
 (3608., 3615., 3605., 3614.,  58535., 1858775, 20231010111500)
 (3613., 3614., 3604., 3610.,  50722., 1862265, 20231010113000)
 (3610., 3614., 3605., 3611.,  56771., 1868240, 20231010134500)
 (3610., 3612., 3605., 3607.,  37554., 1875419, 20231010140000)
 (3606., 3609., 3601., 3602.,  51067., 1883275, 20231010141500)
 (3601., 3605., 3597., 3604.,  63771., 1886876, 20231010143000)
 (3605., 3611., 3596., 3599.,  63649., 1887390, 20231010144500)
 (3599., 3610., 3597., 3610.,  68897., 1877432, 20231010150000)]
2023-10-11 15:30:00  INFO  [(3616., 3622., 3614., 3616., 114291., 1864567, 20231010211500)
 (3616., 3621., 3615., 3620.,  32002., 1865488, 20231010213000)
 (3620., 3623., 3616., 3621.,  33740., 1863428, 20231010214500)
 (3621., 3621., 3616., 3617.,  19883., 1860578, 20231010220000)
 (3617., 3621., 3616., 3620.,  18797., 1860109, 20231010221500)
 (3619., 3624., 3618., 3622.,  20539., 1857512, 20231010223000)
 (3623., 3624., 3620., 3623.,  16022., 1856272, 20231010224500)
 (3623., 3630., 3622., 3626.,  52151., 1849628, 20231010230000)
 (3629., 3634., 3626., 3632.,  57314., 1852348, 20231011091500)
 (3632., 3634., 3623., 3626.,  44466., 1855290, 20231011093000)
 (3626., 3629., 3623., 3626.,  27043., 1856336, 20231011094500)
 (3627., 3631., 3623., 3625.,  28861., 1856970, 20231011100000)
 (3625., 3629., 3623., 3626.,  22898., 1860051, 20231011101500)
 (3628., 3631., 3625., 3630.,  30745., 1862384, 20231011104500)
 (3630., 3631., 3624., 3625.,  26207., 1864285, 20231011110000)
 (3625., 3626., 3619., 3622.,  47481., 1865104, 20231011111500)
 (3622., 3626., 3619., 3625.,  26363., 1862506, 20231011113000)
 (3623., 3627., 3615., 3617.,  47467., 1866638, 20231011134500)
 (3616., 3620., 3612., 3613.,  47393., 1871420, 20231011140000)
 (3613., 3614., 3606., 3609.,  61450., 1881463, 20231011141500)
 (3609., 3611., 3594., 3598.,  85538., 1890646, 20231011143000)
 (3598., 3599., 3590., 3599.,  87472., 1896185, 20231011144500)
 (3599., 3619., 3596., 3619., 113688., 1871876, 20231011150000)]
2023-10-12 15:30:00  INFO  [(3619., 3632., 3619., 3629., 112546., 1866493, 20231011211500)
 (3628., 3632., 3627., 3629.,  41620., 1867471, 20231011213000)
 (3628., 3630., 3625., 3626.,  31454., 1868160, 20231011214500)
 (3626., 3629., 3625., 3628.,  18316., 1867940, 20231011220000)
 (3628., 3628., 3622., 3625.,  19553., 1866187, 20231011221500)
 (3625., 3628., 3624., 3625.,  16381., 1866908, 20231011223000)
 (3625., 3626., 3621., 3623.,  20403., 1866914, 20231011224500)
 (3623., 3631., 3622., 3627.,  45825., 1868966, 20231011230000)
 (3627., 3628., 3609., 3613.,  90070., 1880225, 20231012091500)
 (3612., 3615., 3606., 3614.,  46807., 1887464, 20231012093000)
 (3614., 3619., 3609., 3618.,  31838., 1886488, 20231012094500)
 (3617., 3620., 3615., 3617.,  28909., 1885962, 20231012100000)
 (3618., 3618., 3606., 3609.,  43299., 1891813, 20231012101500)
 (3609., 3614., 3605., 3607.,  32418., 1893372, 20231012104500)
 (3607., 3612., 3606., 3611.,  19996., 1894242, 20231012110000)
 (3610., 3615., 3608., 3614.,  23943., 1893821, 20231012111500)
 (3614., 3627., 3612., 3620.,  96126., 1887739, 20231012113000)
 (3615., 3619., 3603., 3607.,  95618., 1897858, 20231012134500)
 (3608., 3608., 3599., 3602.,  73808., 1917636, 20231012140000)
 (3603., 3621., 3595., 3613., 124145., 1913876, 20231012141500)
 (3613., 3615., 3605., 3614.,  69075., 1918750, 20231012143000)
 (3615., 3624., 3612., 3623.,  74952., 1911635, 20231012144500)
 (3622., 3629., 3621., 3627.,  96853., 1900044, 20231012150000)]
2023-10-13 15:30:00  INFO  [(3630., 3652., 3629., 3633., 128649., 1894837, 20231012211500)
 (3633., 3633., 3627., 3627.,  43371., 1899627, 20231012213000)
 (3627., 3630., 3625., 3626.,  23408., 1899901, 20231012214500)
 (3627., 3630., 3624., 3629.,  27317., 1901562, 20231012220000)
 (3630., 3630., 3626., 3629.,  16011., 1902054, 20231012221500)
 (3630., 3630., 3625., 3627.,  21610., 1900410, 20231012223000)
 (3627., 3630., 3619., 3622.,  41905., 1904359, 20231012224500)
 (3622., 3623., 3605., 3608.,  91691., 1907622, 20231012230000)
 (3608., 3612., 3605., 3610.,  73613., 1919287, 20231013091500)
 (3609., 3615., 3608., 3612.,  33753., 1923271, 20231013093000)
 (3611., 3613., 3607., 3610.,  30373., 1922953, 20231013094500)
 (3610., 3617., 3608., 3614.,  31820., 1923196, 20231013100000)
 (3613., 3622., 3604., 3620.,  72339., 1918017, 20231013101500)
 (3620., 3623., 3613., 3620.,  41546., 1918423, 20231013104500)
 (3620., 3626., 3619., 3620.,  47078., 1915289, 20231013110000)
 (3620., 3622., 3602., 3604.,  76263., 1926883, 20231013111500)
 (3604., 3612., 3604., 3612.,  62268., 1934896, 20231013113000)
 (3612., 3621., 3612., 3618.,  56117., 1929577, 20231013134500)
 (3617., 3619., 3613., 3617.,  29612., 1929040, 20231013140000)
 (3618., 3624., 3616., 3621.,  48832., 1927504, 20231013141500)
 (3622., 3632., 3620., 3629.,  85854., 1922583, 20231013143000)
 (3629., 3630., 3620., 3622.,  42588., 1921485, 20231013144500)
 (3621., 3627., 3619., 3620.,  55349., 1910511, 20231013150000)]
2023-10-16 15:30:00  INFO  [(3624., 3633., 3614., 3620., 111926., 1911459, 20231013211500)
 (3619., 3620., 3610., 3614.,  57435., 1919193, 20231013213000)
 (3614., 3617., 3609., 3610.,  40214., 1925209, 20231013214500)
 (3611., 3614., 3607., 3613.,  52860., 1935470, 20231013220000)
 (3613., 3614., 3607., 3609.,  36329., 1941529, 20231013221500)
 (3610., 3613., 3608., 3613.,  21094., 1941418, 20231013223000)
 (3612., 3613., 3606., 3608.,  39593., 1944889, 20231013224500)
 (3609., 3609., 3592., 3606., 141589., 1954903, 20231013230000)
 (3611., 3621., 3605., 3619., 137584., 1941486, 20231016091500)
 (3619., 3622., 3611., 3617.,  77893., 1942033, 20231016093000)
 (3617., 3618., 3606., 3614.,  80316., 1948688, 20231016094500)
 (3614., 3618., 3614., 3617.,  33215., 1947218, 20231016100000)
 (3616., 3632., 3615., 3629., 128742., 1942562, 20231016101500)
 (3629., 3636., 3625., 3633., 106259., 1925415, 20231016104500)
 (3632., 3634., 3626., 3628.,  39168., 1925230, 20231016110000)
 (3629., 3630., 3625., 3629.,  26509., 1924404, 20231016111500)
 (3629., 3644., 3629., 3643.,  81931., 1921772, 20231016113000)
 (3645., 3648., 3640., 3646.,  95905., 1920051, 20231016134500)
 (3646., 3648., 3640., 3641.,  44571., 1916633, 20231016140000)
 (3642., 3647., 3641., 3647.,  35891., 1914597, 20231016141500)
 (3646., 3659., 3643., 3659.,  99170., 1903493, 20231016143000)
 (3657., 3659., 3654., 3656.,  61136., 1899714, 20231016144500)
 (3656., 3663., 3656., 3657.,  89881., 1888586, 20231016150000)]
2023-10-17 15:30:00  INFO  [(3658., 3660., 3647., 3651., 129989., 1904827, 20231016211500)
 (3651., 3652., 3643., 3644.,  57752., 1906899, 20231016213000)
 (3644., 3646., 3641., 3644.,  37995., 1904783, 20231016214500)
 (3644., 3647., 3643., 3647.,  26808., 1906926, 20231016220000)
 (3646., 3647., 3642., 3646.,  23043., 1905051, 20231016221500)
 (3646., 3647., 3644., 3645.,  14897., 1904560, 20231016223000)
 (3645., 3646., 3642., 3644.,  16594., 1902512, 20231016224500)
 (3645., 3648., 3640., 3642.,  44741., 1892421, 20231016230000)
 (3642., 3647., 3637., 3645.,  60110., 1893041, 20231017091500)
 (3645., 3654., 3644., 3653.,  46970., 1893604, 20231017093000)
 (3653., 3654., 3642., 3643.,  39104., 1894339, 20231017094500)
 (3643., 3647., 3640., 3645.,  34108., 1895419, 20231017100000)
 (3645., 3652., 3642., 3649.,  33884., 1893724, 20231017101500)
 (3650., 3655., 3647., 3648.,  38255., 1894316, 20231017104500)
 (3648., 3658., 3646., 3656.,  38688., 1892086, 20231017110000)
 (3657., 3672., 3655., 3671., 116190., 1891899, 20231017111500)
 (3671., 3671., 3663., 3665.,  52306., 1889148, 20231017113000)
 (3664., 3664., 3654., 3658.,  53824., 1890194, 20231017134500)
 (3658., 3664., 3655., 3662.,  30263., 1893544, 20231017140000)
 (3662., 3665., 3656., 3661.,  32555., 1892939, 20231017141500)
 (3661., 3663., 3654., 3659.,  27633., 1893289, 20231017143000)
 (3658., 3660., 3654., 3658.,  27148., 1889263, 20231017144500)
 (3658., 3659., 3644., 3647.,  85179., 1870289, 20231017150000)]
2023-10-18 15:30:00  INFO  [(3652., 3653., 3644., 3649., 110573., 1896203, 20231017211500)
 (3650., 3651., 3640., 3641.,  47585., 1902005, 20231017213000)
 (3642., 3646., 3638., 3643.,  36928., 1904064, 20231017214500)
 (3643., 3647., 3641., 3644.,  23644., 1903382, 20231017220000)
 (3644., 3649., 3642., 3648.,  18778., 1904171, 20231017221500)
 (3649., 3656., 3647., 3656.,  42693., 1899406, 20231017223000)
 (3655., 3659., 3650., 3651.,  39274., 1893436, 20231017224500)
 (3651., 3652., 3647., 3648.,  30693., 1891473, 20231017230000)
 (3651., 3659., 3650., 3654.,  59237., 1892048, 20231018091500)
 (3655., 3660., 3653., 3655.,  39763., 1895329, 20231018093000)
 (3655., 3656., 3645., 3649.,  44374., 1893981, 20231018094500)
 (3650., 3651., 3643., 3643.,  40602., 1897746, 20231018100000)
 (3644., 3653., 3643., 3649.,  40428., 1899814, 20231018101500)
 (3650., 3650., 3633., 3638., 101237., 1906264, 20231018104500)
 (3639., 3641., 3634., 3639.,  48978., 1914188, 20231018110000)
 (3638., 3648., 3635., 3635.,  45105., 1914672, 20231018111500)
 (3636., 3638., 3619., 3625., 151544., 1915642, 20231018113000)
 (3623., 3628., 3616., 3619., 101176., 1919815, 20231018134500)
 (3620., 3625., 3617., 3619.,  53097., 1930839, 20231018140000)
 (3620., 3625., 3610., 3611.,  66547., 1944342, 20231018141500)
 (3612., 3620., 3611., 3616.,  59647., 1951545, 20231018143000)
 (3617., 3619., 3605., 3606.,  79375., 1955730, 20231018144500)
 (3606., 3616., 3605., 3615.,  80657., 1951142, 20231018150000)]
2023-10-19 15:30:00  INFO  [(3615., 3615., 3605., 3610.,  83845., 1956885, 20231018211500)
 (3610., 3616., 3609., 3614.,  38574., 1958517, 20231018213000)
 (3615., 3617., 3612., 3615.,  23021., 1959033, 20231018214500)
 (3615., 3616., 3612., 3613.,  15904., 1957854, 20231018220000)
 (3613., 3618., 3612., 3614.,  29399., 1960853, 20231018221500)
 (3614., 3615., 3608., 3613.,  31844., 1960809, 20231018223000)
 (3612., 3617., 3608., 3608.,  31164., 1964396, 20231018224500)
 (3608., 3610., 3605., 3606.,  38529., 1963696, 20231018230000)
 (3606., 3610., 3595., 3607., 132222., 1980982, 20231019091500)
 (3607., 3615., 3606., 3614.,  48854., 1981652, 20231019093000)
 (3613., 3616., 3610., 3611.,  33204., 1980728, 20231019094500)
 (3611., 3613., 3607., 3610.,  23754., 1980816, 20231019100000)
 (3610., 3624., 3609., 3618.,  68218., 1973856, 20231019101500)
 (3618., 3623., 3616., 3620.,  42088., 1965424, 20231019104500)
 (3620., 3627., 3620., 3624.,  54979., 1954074, 20231019110000)
 (3624., 3627., 3618., 3622.,  38261., 1952015, 20231019111500)
 (3622., 3628., 3618., 3628.,  53311., 1946923, 20231019113000)
 (3629., 3648., 3629., 3639., 209116., 1927352, 20231019134500)
 (3639., 3640., 3630., 3637.,  70673., 1920759, 20231019140000)
 (3637., 3643., 3636., 3643.,  55247., 1921977, 20231019141500)
 (3643., 3650., 3642., 3649.,  70234., 1919924, 20231019143000)
 (3649., 3650., 3639., 3643.,  51799., 1914044, 20231019144500)
 (3644., 3646., 3639., 3644.,  69098., 1886883, 20231019150000)]
2023-10-20 15:30:00  INFO  [(3650., 3659., 3647., 3654., 172997., 1856805, 20231019211500)
 (3653., 3658., 3653., 3656.,  42099., 1855394, 20231019213000)
 (3656., 3657., 3646., 3646.,  48746., 1856803, 20231019214500)
 (3646., 3648., 3643., 3645.,  35090., 1859318, 20231019220000)
 (3644., 3647., 3638., 3640.,  43720., 1858116, 20231019221500)
 (3641., 3642., 3636., 3639.,  30951., 1859459, 20231019223000)
 (3639., 3643., 3636., 3639.,  29711., 1857672, 20231019224500)
 (3639., 3640., 3634., 3639.,  42052., 1851237, 20231019230000)
 (3641., 3649., 3637., 3646.,  88868., 1845850, 20231020091500)
 (3647., 3648., 3642., 3645.,  34517., 1846749, 20231020093000)
 (3646., 3647., 3638., 3640.,  32285., 1845360, 20231020094500)
 (3640., 3640., 3627., 3629.,  70073., 1846617, 20231020100000)
 (3629., 3629., 3620., 3624.,  93195., 1849574, 20231020101500)
 (3625., 3633., 3621., 3627.,  52125., 1845708, 20231020104500)
 (3627., 3631., 3621., 3621.,  33964., 1847463, 20231020110000)
 (3621., 3623., 3614., 3617.,  78510., 1857918, 20231020111500)
 (3618., 3620., 3611., 3617.,  65045., 1862431, 20231020113000)
 (3614., 3615., 3610., 3614.,  58196., 1872978, 20231020134500)
 (3614., 3624., 3613., 3623.,  57353., 1871824, 20231020140000)
 (3623., 3625., 3616., 3616.,  37031., 1872980, 20231020141500)
 (3616., 3617., 3607., 3608.,  85561., 1888666, 20231020143000)
 (3608., 3614., 3605., 3607.,  66816., 1889735, 20231020144500)
 (3607., 3615., 3601., 3610., 119682., 1880167, 20231020150000)]
2023-10-23 15:30:00  INFO  [(3600., 3614., 3597., 3604., 159177., 1897332, 20231020211500)
 (3604., 3611., 3603., 3609.,  45945., 1897592, 20231020213000)
 (3609., 3610., 3602., 3605.,  34893., 1899390, 20231020214500)
 (3604., 3614., 3599., 3608.,  58562., 1902439, 20231020220000)
 (3608., 3614., 3606., 3609.,  36118., 1899116, 20231020221500)
 (3610., 3616., 3608., 3612.,  35933., 1897928, 20231020223000)
 (3613., 3615., 3610., 3611.,  24729., 1894961, 20231020224500)
 (3610., 3616., 3608., 3614.,  31763., 1885879, 20231020230000)
 (3610., 3610., 3567., 3572., 353402., 1938535, 20231023091500)
 (3573., 3574., 3560., 3567., 126870., 1952622, 20231023093000)
 (3567., 3574., 3564., 3567.,  68104., 1954368, 20231023094500)
 (3566., 3570., 3563., 3567.,  41666., 1962007, 20231023100000)
 (3567., 3577., 3566., 3570.,  53323., 1958789, 20231023101500)
 (3569., 3569., 3558., 3563.,  92482., 1981027, 20231023104500)
 (3562., 3567., 3560., 3564.,  34751., 1986045, 20231023110000)
 (3564., 3569., 3560., 3567.,  34130., 1982491, 20231023111500)
 (3568., 3573., 3566., 3571.,  40479., 1977462, 20231023113000)
 (3571., 3576., 3570., 3574.,  60573., 1967070, 20231023134500)
 (3573., 3576., 3570., 3573.,  36378., 1963403, 20231023140000)
 (3573., 3578., 3571., 3576.,  40793., 1961143, 20231023141500)
 (3577., 3584., 3573., 3575.,  75382., 1960262, 20231023143000)
 (3575., 3577., 3571., 3573.,  38212., 1960893, 20231023144500)
 (3573., 3580., 3571., 3572.,  67878., 1953077, 20231023150000)]
2023-10-24 15:30:00  INFO  [(3576., 3581., 3574., 3578.,  94332., 1960355, 20231023211500)
 (3577., 3587., 3576., 3585.,  59761., 1962611, 20231023213000)
 (3585., 3585., 3580., 3582.,  35723., 1962367, 20231023214500)
 (3581., 3584., 3580., 3583.,  19317., 1959720, 20231023220000)
 (3584., 3586., 3583., 3583.,  25112., 1954628, 20231023221500)
 (3583., 3588., 3582., 3586.,  27840., 1954386, 20231023223000)
 (3586., 3587., 3582., 3584.,  14689., 1953399, 20231023224500)
 (3584., 3587., 3578., 3583.,  40369., 1951690, 20231023230000)
 (3583., 3584., 3574., 3580.,  52893., 1951079, 20231024091500)
 (3579., 3591., 3579., 3589.,  74470., 1940331, 20231024093000)
 (3589., 3592., 3584., 3588.,  48833., 1940692, 20231024094500)
 (3588., 3591., 3584., 3587.,  28296., 1938064, 20231024100000)
 (3586., 3590., 3582., 3587.,  22956., 1937159, 20231024101500)
 (3589., 3597., 3587., 3593.,  94151., 1934494, 20231024104500)
 (3593., 3595., 3588., 3590.,  39267., 1930887, 20231024110000)
 (3590., 3592., 3585., 3586.,  30661., 1929909, 20231024111500)
 (3586., 3589., 3585., 3587.,  21646., 1926332, 20231024113000)
 (3587., 3588., 3574., 3575.,  77025., 1932092, 20231024134500)
 (3574., 3580., 3572., 3578.,  55994., 1936992, 20231024140000)
 (3579., 3583., 3578., 3579.,  34032., 1938931, 20231024141500)
 (3579., 3584., 3576., 3583.,  31234., 1936789, 20231024143000)
 (3583., 3627., 3582., 3626., 239880., 1896674, 20231024144500)
 (3626., 3636., 3625., 3630., 274631., 1862178, 20231024150000)]
2023-10-25 15:30:00  INFO  [(3645., 3649., 3635., 3638., 171542., 1865417, 20231024211500)
 (3637., 3641., 3635., 3637.,  58153., 1868456, 20231024213000)
 (3637., 3640., 3634., 3640.,  35080., 1863216, 20231024214500)
 (3640., 3655., 3638., 3653., 119285., 1856587, 20231024220000)
 (3652., 3662., 3651., 3656., 111589., 1859369, 20231024221500)
 (3656., 3660., 3653., 3660.,  45057., 1859622, 20231024223000)
 (3660., 3662., 3654., 3658.,  52622., 1858144, 20231024224500)
 (3657., 3670., 3657., 3666., 122330., 1855163, 20231024230000)
 (3667., 3687., 3667., 3678., 206193., 1835992, 20231025091500)
 (3678., 3682., 3672., 3679.,  61322., 1831111, 20231025093000)
 (3678., 3681., 3674., 3681.,  55495., 1830812, 20231025094500)
 (3680., 3686., 3678., 3685.,  66786., 1834008, 20231025100000)
 (3685., 3686., 3675., 3676.,  57997., 1827663, 20231025101500)
 (3676., 3678., 3673., 3674.,  43251., 1819205, 20231025104500)
 (3675., 3681., 3673., 3678.,  37889., 1816930, 20231025110000)
 (3679., 3684., 3678., 3682.,  39042., 1813162, 20231025111500)
 (3682., 3685., 3677., 3678.,  33998., 1809941, 20231025113000)
 (3678., 3678., 3666., 3671.,  89046., 1804727, 20231025134500)
 (3671., 3672., 3664., 3669.,  58922., 1807179, 20231025140000)
 (3668., 3674., 3668., 3669.,  32363., 1803282, 20231025141500)
 (3670., 3676., 3663., 3664.,  55719., 1801116, 20231025143000)
 (3664., 3668., 3660., 3666.,  54299., 1795268, 20231025144500)
 (3666., 3676., 3665., 3673.,  80430., 1781580, 20231025150000)]
2023-10-26 15:30:00  INFO  [(3673., 3677., 3661., 3666.,  97051., 1773225, 20231025211500)
 (3666., 3670., 3663., 3667.,  40162., 1774150, 20231025213000)
 (3668., 3670., 3666., 3669.,  18382., 1776214, 20231025214500)
 (3669., 3669., 3664., 3664.,  20233., 1777670, 20231025220000)
 (3664., 3665., 3657., 3663.,  53037., 1777295, 20231025221500)
 (3663., 3666., 3661., 3664.,  21212., 1777060, 20231025223000)
 (3663., 3670., 3661., 3667.,  33481., 1773050, 20231025224500)
 (3667., 3668., 3660., 3665.,  41935., 1763105, 20231025230000)
 (3665., 3670., 3664., 3669.,  46723., 1764158, 20231026091500)
 (3669., 3675., 3667., 3673.,  45991., 1765044, 20231026093000)
 (3673., 3676., 3668., 3668.,  37014., 1763627, 20231026094500)
 (3668., 3673., 3667., 3668.,  36262., 1761882, 20231026100000)
 (3668., 3672., 3663., 3666.,  56801., 1759171, 20231026101500)
 (3666., 3674., 3664., 3672.,  53606., 1757154, 20231026104500)
 (3671., 3673., 3666., 3667.,  31609., 1757846, 20231026110000)
 (3667., 3670., 3661., 3663.,  34065., 1754998, 20231026111500)
 (3662., 3672., 3660., 3671.,  65626., 1749968, 20231026113000)
 (3673., 3675., 3664., 3673.,  61922., 1749190, 20231026134500)
 (3674., 3680., 3673., 3674.,  71727., 1747682, 20231026140000)
 (3674., 3676., 3668., 3670.,  41499., 1747489, 20231026141500)
 (3671., 3679., 3670., 3678.,  37347., 1749115, 20231026143000)
 (3677., 3688., 3677., 3683., 103111., 1760057, 20231026144500)
 (3682., 3688., 3681., 3685.,  84852., 1759038, 20231026150000)]
2023-10-27 15:30:00  INFO  [(3676., 3679., 3671., 3678., 116381., 1739567, 20231026211500)
 (3678., 3683., 3676., 3679.,  44752., 1743412, 20231026213000)
 (3679., 3680., 3673., 3676.,  30553., 1743059, 20231026214500)
 (3675., 3676., 3671., 3673.,  23842., 1743576, 20231026220000)
 (3674., 3675., 3672., 3674.,  16358., 1746067, 20231026221500)
 (3673., 3676., 3670., 3674.,  25021., 1741983, 20231026223000)
 (3673., 3680., 3673., 3677.,  36341., 1737002, 20231026224500)
 (3677., 3678., 3671., 3674.,  38341., 1726824, 20231026230000)
 (3671., 3677., 3667., 3672.,  44478., 1726823, 20231027091500)
 (3673., 3675., 3667., 3672.,  34551., 1727054, 20231027093000)
 (3672., 3674., 3666., 3671.,  37746., 1728296, 20231027094500)
 (3670., 3676., 3670., 3673.,  32228., 1727375, 20231027100000)
 (3674., 3677., 3671., 3673.,  25933., 1726233, 20231027101500)
 (3674., 3698., 3673., 3694., 149836., 1727386, 20231027104500)
 (3693., 3696., 3683., 3691.,  75502., 1726912, 20231027110000)
 (3692., 3695., 3687., 3690.,  44318., 1728144, 20231027111500)
 (3690., 3700., 3689., 3694.,  53135., 1734138, 20231027113000)
 (3696., 3711., 3696., 3704., 136841., 1732719, 20231027134500)
 (3703., 3719., 3703., 3718., 104307., 1740463, 20231027140000)
 (3717., 3720., 3713., 3717.,  93217., 1743961, 20231027141500)
 (3716., 3723., 3714., 3723.,  74596., 1747332, 20231027143000)
 (3723., 3724., 3717., 3721.,  66107., 1749294, 20231027144500)
 (3720., 3726., 3715., 3724., 122689., 1725232, 20231027150000)]
2023-10-30 15:30:00  INFO  [(3720., 3728., 3717., 3721., 112401., 1729531, 20231027211500)
 (3720., 3728., 3720., 3724.,  39718., 1728716, 20231027213000)
 (3725., 3726., 3721., 3722.,  22604., 1728618, 20231027214500)
 (3721., 3725., 3721., 3723.,  18659., 1727977, 20231027220000)
 (3722., 3725., 3720., 3723.,  22141., 1726533, 20231027221500)
 (3724., 3726., 3715., 3715.,  41721., 1723755, 20231027223000)
 (3716., 3718., 3713., 3717.,  34354., 1718718, 20231027224500)
 (3716., 3720., 3714., 3720.,  33111., 1709315, 20231027230000)
 (3715., 3720., 3708., 3716.,  96154., 1710621, 20231030091500)
 (3716., 3719., 3712., 3717.,  33127., 1710558, 20231030093000)
 (3717., 3726., 3717., 3726.,  52193., 1713245, 20231030094500)
 (3726., 3732., 3721., 3727.,  64782., 1712416, 20231030100000)
 (3728., 3731., 3723., 3727.,  42092., 1709958, 20231030101500)
 (3726., 3731., 3723., 3725.,  35524., 1709265, 20231030104500)
 (3725., 3727., 3718., 3721.,  30631., 1710754, 20231030110000)
 (3721., 3726., 3714., 3718.,  50818., 1710459, 20231030111500)
 (3719., 3726., 3717., 3725.,  30310., 1711766, 20231030113000)
 (3725., 3736., 3723., 3735.,  71090., 1713591, 20231030134500)
 (3735., 3736., 3729., 3734.,  47027., 1715523, 20231030140000)
 (3734., 3737., 3731., 3735.,  35220., 1718358, 20231030141500)
 (3735., 3743., 3734., 3740.,  60006., 1717987, 20231030143000)
 (3741., 3743., 3736., 3739.,  39255., 1716058, 20231030144500)
 (3738., 3741., 3735., 3740.,  53637., 1709019, 20231030150000)]
2023-10-31 15:30:00  INFO  [(3745., 3748., 3735., 3736., 110127., 1716306, 20231030211500)
 (3737., 3738., 3727., 3732.,  67296., 1711325, 20231030213000)
 (3731., 3735., 3730., 3731.,  29478., 1712802, 20231030214500)
 (3731., 3735., 3731., 3734.,  15651., 1712286, 20231030220000)
 (3733., 3735., 3728., 3728.,  24283., 1709840, 20231030221500)
 (3728., 3735., 3728., 3733.,  19821., 1709568, 20231030223000)
 (3734., 3734., 3726., 3727.,  38126., 1704411, 20231030224500)
 (3727., 3729., 3720., 3722.,  62999., 1686985, 20231030230000)
 (3722., 3727., 3716., 3727.,  59508., 1686583, 20231031091500)
 (3726., 3729., 3721., 3726.,  35471., 1687438, 20231031093000)
 (3727., 3727., 3718., 3719.,  44357., 1686418, 20231031094500)
 (3719., 3728., 3718., 3726.,  40109., 1690487, 20231031100000)
 (3725., 3731., 3725., 3728.,  35347., 1692181, 20231031101500)
 (3728., 3733., 3722., 3722.,  44419., 1690462, 20231031104500)
 (3723., 3726., 3721., 3722.,  28687., 1690046, 20231031110000)
 (3722., 3733., 3720., 3726.,  50415., 1690673, 20231031111500)
 (3726., 3729., 3712., 3728., 107988., 1690256, 20231031113000)
 (3728., 3733., 3725., 3730.,  49463., 1694364, 20231031134500)
 (3730., 3740., 3728., 3735.,  54527., 1694853, 20231031140000)
 (3735., 3737., 3732., 3732.,  27206., 1697193, 20231031141500)
 (3732., 3738., 3731., 3733.,  26623., 1698690, 20231031143000)
 (3733., 3738., 3731., 3736.,  25309., 1699347, 20231031144500)
 (3736., 3742., 3732., 3733.,  72556., 1692499, 20231031150000)]
2023-11-01 15:30:00  INFO  [(3733., 3736., 3724., 3725.,  97118., 1677910, 20231031211500)
 (3725., 3732., 3723., 3732.,  40691., 1680035, 20231031213000)
 (3732., 3737., 3731., 3735.,  38694., 1683717, 20231031214500)
 (3736., 3752., 3734., 3741.,  97039., 1690614, 20231031220000)
 (3741., 3752., 3741., 3746.,  66339., 1694195, 20231031221500)
 (3746., 3747., 3738., 3740.,  38171., 1688110, 20231031223000)
 (3741., 3746., 3740., 3743.,  20384., 1687627, 20231031224500)
 (3744., 3748., 3740., 3742.,  27360., 1683688, 20231031230000)
 (3742., 3751., 3742., 3747.,  61134., 1690175, 20231101091500)
 (3746., 3758., 3746., 3752.,  74928., 1694936, 20231101093000)
 (3751., 3761., 3747., 3756.,  61393., 1698563, 20231101094500)
 (3756., 3757., 3749., 3751.,  36561., 1700761, 20231101100000)
 (3751., 3751., 3731., 3736., 128247., 1681435, 20231101101500)
 (3736., 3745., 3734., 3743.,  59819., 1679156, 20231101104500)
 (3743., 3747., 3740., 3742.,  36197., 1675610, 20231101110000)
 (3741., 3751., 3741., 3742.,  36914., 1674931, 20231101111500)
 (3742., 3743., 3736., 3737.,  32003., 1674419, 20231101113000)
 (3739., 3744., 3737., 3738.,  34638., 1673619, 20231101134500)
 (3738., 3746., 3736., 3744.,  35803., 1674047, 20231101140000)
 (3744., 3753., 3744., 3749.,  48623., 1677452, 20231101141500)
 (3749., 3752., 3744., 3749.,  41506., 1674311, 20231101143000)
 (3748., 3753., 3746., 3750.,  31887., 1674106, 20231101144500)
 (3750., 3751., 3745., 3749.,  40018., 1665545, 20231101150000)]
2023-11-02 15:30:00  INFO  [(3756., 3758., 3744., 3747., 85833., 1669606, 20231101211500)
 (3747., 3747., 3741., 3744., 40898., 1669108, 20231101213000)
 (3744., 3746., 3741., 3746., 30181., 1665410, 20231101214500)
 (3746., 3750., 3743., 3750., 34917., 1660598, 20231101220000)
 (3750., 3751., 3739., 3746., 57653., 1658139, 20231101221500)
 (3746., 3748., 3743., 3744., 17714., 1657950, 20231101223000)
 (3744., 3747., 3742., 3744., 20594., 1655187, 20231101224500)
 (3744., 3744., 3737., 3741., 44220., 1645793, 20231101230000)
 (3740., 3751., 3739., 3748., 65204., 1646894, 20231102091500)
 (3748., 3753., 3746., 3752., 40124., 1651010, 20231102093000)
 (3752., 3759., 3751., 3751., 58975., 1659803, 20231102094500)
 (3752., 3753., 3748., 3749., 28095., 1658803, 20231102100000)
 (3750., 3751., 3745., 3746., 28935., 1657690, 20231102101500)
 (3746., 3756., 3745., 3755., 40662., 1654842, 20231102104500)
 (3755., 3758., 3751., 3756., 40928., 1660031, 20231102110000)
 (3756., 3764., 3754., 3761., 80188., 1667436, 20231102111500)
 (3762., 3767., 3758., 3759., 66058., 1668724, 20231102113000)
 (3758., 3761., 3754., 3758., 63519., 1668084, 20231102134500)
 (3758., 3764., 3757., 3761., 32175., 1670478, 20231102140000)
 (3762., 3762., 3754., 3754., 38196., 1665888, 20231102141500)
 (3754., 3759., 3751., 3758., 33608., 1660986, 20231102143000)
 (3758., 3759., 3755., 3757., 18569., 1662072, 20231102144500)
 (3756., 3759., 3755., 3756., 41976., 1658538, 20231102150000)]
2023-11-03 15:30:00  INFO  [(3746., 3766., 3737., 3764., 155447., 1649992, 20231102211500)
 (3765., 3770., 3764., 3768.,  82646., 1656337, 20231102213000)
 (3767., 3776., 3767., 3772.,  82658., 1665158, 20231102214500)
 (3772., 3774., 3770., 3772.,  39629., 1667731, 20231102220000)
 (3772., 3780., 3772., 3779.,  56176., 1673011, 20231102221500)
 (3778., 3782., 3775., 3776.,  75263., 1665211, 20231102223000)
 (3775., 3784., 3775., 3782.,  47343., 1660673, 20231102224500)
 (3781., 3783., 3775., 3777.,  37487., 1654434, 20231102230000)
 (3777., 3790., 3776., 3785.,  97356., 1657977, 20231103091500)
 (3786., 3792., 3784., 3789.,  47169., 1657840, 20231103093000)
 (3789., 3793., 3787., 3792.,  30667., 1660976, 20231103094500)
 (3792., 3794., 3790., 3791.,  26751., 1662746, 20231103100000)
 (3790., 3794., 3788., 3792.,  24695., 1665231, 20231103101500)
 (3792., 3800., 3791., 3799.,  73241., 1672128, 20231103104500)
 (3800., 3803., 3796., 3799.,  65505., 1675435, 20231103110000)
 (3799., 3800., 3782., 3787.,  98052., 1669136, 20231103111500)
 (3786., 3790., 3775., 3782.,  91676., 1664884, 20231103113000)
 (3782., 3791., 3778., 3789.,  60514., 1670352, 20231103134500)
 (3789., 3794., 3786., 3792.,  33203., 1670765, 20231103140000)
 (3792., 3793., 3786., 3790.,  37966., 1670559, 20231103141500)
 (3791., 3792., 3786., 3787.,  27806., 1667792, 20231103143000)
 (3787., 3795., 3785., 3792.,  44585., 1664227, 20231103144500)
 (3793., 3813., 3791., 3805., 150193., 1665308, 20231103150000)]
2023-11-06 15:30:00  INFO  [(3805., 3809., 3799., 3801.,  93182., 1675583, 20231103211500)
 (3802., 3819., 3801., 3812.,  90909., 1673380, 20231103213000)
 (3812., 3821., 3812., 3821.,  45750., 1673418, 20231103214500)
 (3821., 3829., 3819., 3826.,  73694., 1679558, 20231103220000)
 (3826., 3830., 3823., 3824.,  50061., 1685025, 20231103221500)
 (3824., 3829., 3822., 3826.,  32073., 1688037, 20231103223000)
 (3826., 3827., 3821., 3825.,  36828., 1686741, 20231103224500)
 (3825., 3829., 3821., 3828.,  48120., 1672870, 20231103230000)
 (3827., 3827., 3798., 3799., 212787., 1671942, 20231106091500)
 (3799., 3801., 3791., 3798., 115643., 1656834, 20231106093000)
 (3799., 3804., 3795., 3800.,  66127., 1663977, 20231106094500)
 (3799., 3807., 3799., 3803.,  49706., 1664764, 20231106100000)
 (3804., 3811., 3803., 3809.,  49544., 1665928, 20231106101500)
 (3810., 3812., 3805., 3809.,  30929., 1663501, 20231106104500)
 (3810., 3810., 3800., 3809.,  38937., 1662598, 20231106110000)
 (3809., 3818., 3807., 3814.,  58552., 1657210, 20231106111500)
 (3815., 3820., 3813., 3819.,  40322., 1654712, 20231106113000)
 (3818., 3821., 3815., 3815.,  34029., 1657207, 20231106134500)
 (3816., 3828., 3812., 3820.,  59359., 1660391, 20231106140000)
 (3821., 3825., 3818., 3823.,  32489., 1661852, 20231106141500)
 (3823., 3824., 3814., 3818.,  40963., 1660015, 20231106143000)
 (3819., 3821., 3812., 3814.,  34514., 1658045, 20231106144500)
 (3815., 3816., 3801., 3805.,  95392., 1639478, 20231106150000)]
2023-11-07 15:30:00  INFO  [(3800., 3808., 3795., 3806., 118739., 1647243, 20231106211500)
 (3805., 3814., 3805., 3809.,  47990., 1648212, 20231106213000)
 (3809., 3818., 3808., 3814.,  49636., 1655686, 20231106214500)
 (3815., 3815., 3807., 3811.,  29576., 1654067, 20231106220000)
 (3811., 3812., 3803., 3808.,  32443., 1652399, 20231106221500)
 (3807., 3809., 3802., 3806.,  16387., 1650963, 20231106223000)
 (3806., 3809., 3801., 3803.,  24865., 1649614, 20231106224500)
 (3804., 3806., 3802., 3805.,  24819., 1643487, 20231106230000)
 (3803., 3807., 3793., 3802.,  76186., 1638028, 20231107091500)
 (3801., 3803., 3789., 3800.,  75242., 1634258, 20231107093000)
 (3800., 3809., 3797., 3803.,  53090., 1631470, 20231107094500)
 (3803., 3804., 3795., 3799.,  32659., 1632345, 20231107100000)
 (3799., 3802., 3794., 3796.,  27259., 1633056, 20231107101500)
 (3796., 3798., 3790., 3790.,  43263., 1627036, 20231107104500)
 (3790., 3798., 3787., 3797.,  52562., 1620407, 20231107110000)
 (3796., 3805., 3796., 3800.,  55826., 1618710, 20231107111500)
 (3801., 3801., 3785., 3791.,  74915., 1619790, 20231107113000)
 (3791., 3805., 3790., 3802.,  75162., 1618524, 20231107134500)
 (3801., 3809., 3798., 3806.,  48988., 1618627, 20231107140000)
 (3807., 3814., 3805., 3809.,  52626., 1618492, 20231107141500)
 (3809., 3811., 3805., 3808.,  32634., 1619435, 20231107143000)
 (3808., 3808., 3780., 3792., 131757., 1604521, 20231107144500)
 (3791., 3796., 3781., 3791.,  90978., 1599081, 20231107150000)]
2023-11-08 15:30:00  INFO  [(3780., 3788., 3774., 3783., 121925., 1599878, 20231107211500)
 (3783., 3783., 3768., 3773.,  81280., 1591977, 20231107213000)
 (3772., 3782., 3770., 3780.,  51775., 1591502, 20231107214500)
 (3781., 3784., 3777., 3781.,  35243., 1594843, 20231107220000)
 (3782., 3785., 3777., 3785.,  31636., 1596763, 20231107221500)
 (3785., 3788., 3782., 3786.,  41665., 1597419, 20231107223000)
 (3787., 3788., 3780., 3781.,  25506., 1596672, 20231107224500)
 (3782., 3785., 3775., 3777.,  32213., 1589669, 20231107230000)
 (3775., 3782., 3771., 3780.,  60332., 1592516, 20231108091500)
 (3780., 3785., 3778., 3781.,  27610., 1594180, 20231108093000)
 (3780., 3781., 3771., 3777.,  38783., 1595173, 20231108094500)
 (3776., 3781., 3771., 3779.,  39952., 1594606, 20231108100000)
 (3778., 3785., 3775., 3783.,  32057., 1595272, 20231108101500)
 (3784., 3792., 3781., 3785.,  75129., 1596230, 20231108104500)
 (3785., 3785., 3779., 3784.,  20545., 1594688, 20231108110000)
 (3784., 3790., 3782., 3785.,  34863., 1594241, 20231108111500)
 (3785., 3800., 3784., 3793.,  54399., 1592290, 20231108113000)
 (3790., 3791., 3783., 3784.,  51530., 1592584, 20231108134500)
 (3784., 3789., 3782., 3788.,  29691., 1592758, 20231108140000)
 (3789., 3806., 3787., 3805.,  84772., 1597329, 20231108141500)
 (3806., 3827., 3804., 3824., 168121., 1619246, 20231108143000)
 (3825., 3851., 3821., 3843., 242412., 1634486, 20231108144500)
 (3843., 3848., 3836., 3848., 130468., 1645117, 20231108150000)]
2023-11-09 15:30:00  INFO  [(3847., 3856., 3842., 3849., 158501., 1645920, 20231108211500)
 (3849., 3856., 3846., 3854.,  52650., 1652799, 20231108213000)
 (3854., 3862., 3853., 3857.,  72546., 1664397, 20231108214500)
 (3857., 3866., 3852., 3863.,  66492., 1668935, 20231108220000)
 (3862., 3864., 3856., 3861.,  46705., 1670794, 20231108221500)
 (3861., 3863., 3855., 3856.,  31712., 1669478, 20231108223000)
 (3856., 3863., 3856., 3862.,  26443., 1668516, 20231108224500)
 (3862., 3863., 3846., 3853., 100698., 1662625, 20231108230000)
 (3851., 3854., 3846., 3850.,  66188., 1658320, 20231109091500)
 (3850., 3853., 3845., 3852.,  32796., 1655486, 20231109093000)
 (3853., 3859., 3850., 3856.,  43913., 1655263, 20231109094500)
 (3855., 3863., 3852., 3855.,  44518., 1657412, 20231109100000)
 (3854., 3855., 3850., 3852.,  29924., 1654449, 20231109101500)
 (3852., 3861., 3852., 3859.,  38774., 1655541, 20231109104500)
 (3859., 3863., 3847., 3851.,  67208., 1655972, 20231109110000)
 (3851., 3854., 3837., 3849.,  64455., 1649042, 20231109111500)
 (3849., 3859., 3843., 3844.,  72937., 1653114, 20231109113000)
 (3841., 3855., 3839., 3847.,  83734., 1648216, 20231109134500)
 (3847., 3850., 3840., 3847.,  42040., 1649132, 20231109140000)
 (3848., 3859., 3845., 3858.,  64568., 1647557, 20231109141500)
 (3858., 3879., 3856., 3867., 175243., 1658403, 20231109143000)
 (3867., 3869., 3852., 3860.,  85196., 1653761, 20231109144500)
 (3860., 3861., 3844., 3853.,  86198., 1639732, 20231109150000)]
2023-11-10 15:30:00  INFO  [(3853., 3871., 3849., 3863., 121307., 1638588, 20231109211500)
 (3862., 3873., 3862., 3869.,  55999., 1641675, 20231109213000)
 (3869., 3870., 3862., 3865.,  33791., 1641995, 20231109214500)
 (3866., 3871., 3862., 3863.,  49577., 1642123, 20231109220000)
 (3864., 3870., 3861., 3868.,  29754., 1641161, 20231109221500)
 (3868., 3879., 3868., 3875.,  92730., 1646265, 20231109223000)
 (3874., 3877., 3863., 3866.,  57476., 1636298, 20231109224500)
 (3866., 3875., 3864., 3869.,  43259., 1631420, 20231109230000)
 (3867., 3875., 3864., 3871.,  56706., 1632619, 20231110091500)
 (3872., 3877., 3868., 3871.,  50120., 1633154, 20231110093000)
 (3871., 3874., 3866., 3868.,  33064., 1636393, 20231110094500)
 (3868., 3876., 3867., 3875.,  35370., 1637638, 20231110100000)
 (3874., 3884., 3871., 3872.,  81756., 1635303, 20231110101500)
 (3871., 3871., 3857., 3862.,  94230., 1632330, 20231110104500)
 (3861., 3867., 3860., 3865.,  30283., 1632635, 20231110110000)
 (3865., 3875., 3865., 3871.,  43595., 1633369, 20231110111500)
 (3871., 3883., 3870., 3880.,  86398., 1638735, 20231110113000)
 (3875., 3879., 3871., 3877.,  40666., 1639543, 20231110134500)
 (3878., 3883., 3875., 3877.,  41288., 1642467, 20231110140000)
 (3876., 3878., 3866., 3870.,  57284., 1636599, 20231110141500)
 (3869., 3878., 3865., 3874.,  43929., 1634752, 20231110143000)
 (3874., 3878., 3868., 3874.,  40704., 1629253, 20231110144500)
 (3873., 3880., 3873., 3879.,  68478., 1624456, 20231110150000)]
2023-11-13 15:30:00  INFO  [(3873., 3888., 3871., 3882., 101229., 1628037, 20231110211500)
 (3881., 3893., 3877., 3889.,  92494., 1641664, 20231110213000)
 (3889., 3891., 3885., 3886.,  30937., 1640786, 20231110214500)
 (3887., 3891., 3885., 3891.,  20410., 1642274, 20231110220000)
 (3891., 3893., 3887., 3890.,  27180., 1643606, 20231110221500)
 (3891., 3891., 3885., 3887.,  26362., 1641367, 20231110223000)
 (3888., 3890., 3883., 3884.,  29151., 1637414, 20231110224500)
 (3884., 3908., 3884., 3904.,  86877., 1637335, 20231110230000)
 (3905., 3918., 3888., 3895., 179369., 1653982, 20231113091500)
 (3896., 3898., 3882., 3885.,  92084., 1652082, 20231113093000)
 (3885., 3889., 3874., 3881., 101937., 1652098, 20231113094500)
 (3881., 3883., 3868., 3874., 100433., 1642243, 20231113100000)
 (3873., 3875., 3853., 3854., 162273., 1621953, 20231113101500)
 (3855., 3866., 3854., 3864.,  78944., 1622523, 20231113104500)
 (3863., 3871., 3859., 3864.,  68090., 1622302, 20231113110000)
 (3864., 3870., 3861., 3865.,  37046., 1620082, 20231113111500)
 (3865., 3873., 3862., 3868.,  46837., 1608594, 20231113113000)
 (3870., 3878., 3870., 3876.,  54655., 1606910, 20231113134500)
 (3876., 3888., 3873., 3883.,  72906., 1605133, 20231113140000)
 (3884., 3888., 3871., 3873.,  63466., 1602032, 20231113141500)
 (3873., 3874., 3855., 3864.,  97922., 1597112, 20231113143000)
 (3863., 3875., 3863., 3873.,  49767., 1594837, 20231113144500)
 (3873., 3879., 3871., 3872.,  56370., 1590486, 20231113150000)]
2023-11-14 15:30:00  INFO  [(3874., 3881., 3870., 3871., 107179., 1604537, 20231113211500)
 (3870., 3876., 3864., 3868.,  71324., 1606827, 20231113213000)
 (3867., 3871., 3847., 3850.,  89990., 1600867, 20231113214500)
 (3850., 3858., 3844., 3856.,  95376., 1601309, 20231113220000)
 (3856., 3863., 3854., 3855.,  42903., 1601443, 20231113221500)
 (3854., 3856., 3849., 3851.,  35495., 1600418, 20231113223000)
 (3851., 3859., 3850., 3857.,  27649., 1598131, 20231113224500)
 (3857., 3861., 3855., 3859.,  30796., 1592029, 20231113230000)
 (3862., 3873., 3860., 3867.,  77697., 1590404, 20231114091500)
 (3867., 3874., 3867., 3868.,  34929., 1597303, 20231114093000)
 (3868., 3869., 3864., 3868.,  29894., 1597304, 20231114094500)
 (3868., 3868., 3856., 3860.,  45668., 1600360, 20231114100000)
 (3861., 3861., 3847., 3857.,  68483., 1596086, 20231114101500)
 (3856., 3864., 3853., 3862.,  37019., 1597169, 20231114104500)
 (3861., 3870., 3861., 3864.,  46131., 1595499, 20231114110000)
 (3866., 3866., 3853., 3854.,  44679., 1594742, 20231114111500)
 (3855., 3866., 3851., 3863.,  42420., 1591198, 20231114113000)
 (3863., 3863., 3851., 3855.,  33428., 1593592, 20231114134500)
 (3854., 3855., 3841., 3843.,  73487., 1602603, 20231114140000)
 (3844., 3853., 3838., 3845.,  74674., 1604711, 20231114141500)
 (3846., 3847., 3834., 3837.,  82578., 1604286, 20231114143000)
 (3837., 3850., 3836., 3847.,  57968., 1600726, 20231114144500)
 (3847., 3860., 3844., 3856.,  81984., 1582865, 20231114150000)]
2023-11-15 15:30:00  INFO  [(3868., 3907., 3868., 3905., 285572., 1594910, 20231114211500)
 (3904., 3915., 3904., 3910., 119164., 1618697, 20231114213000)
 (3909., 3924., 3909., 3922., 128245., 1628087, 20231114214500)
 (3922., 3935., 3918., 3931., 119903., 1636781, 20231114220000)
 (3932., 3947., 3929., 3943., 135201., 1650602, 20231114221500)
 (3943., 3945., 3935., 3943.,  92388., 1655396, 20231114223000)
 (3943., 3950., 3939., 3947.,  57495., 1661807, 20231114224500)
 (3948., 3962., 3947., 3955., 113808., 1661197, 20231114230000)
 (3955., 3955., 3943., 3948.,  98766., 1654750, 20231115091500)
 (3949., 3952., 3941., 3942.,  52992., 1655375, 20231115093000)
 (3942., 3942., 3929., 3931., 101907., 1638959, 20231115094500)
 (3932., 3941., 3925., 3933.,  86159., 1632892, 20231115100000)
 (3933., 3941., 3931., 3936.,  58028., 1636412, 20231115101500)
 (3935., 3942., 3931., 3937.,  47370., 1638062, 20231115104500)
 (3938., 3941., 3933., 3934.,  29899., 1639380, 20231115110000)
 (3934., 3939., 3932., 3935.,  31160., 1638204, 20231115111500)
 (3936., 3945., 3935., 3942.,  36287., 1637661, 20231115113000)
 (3943., 3945., 3937., 3939.,  39585., 1638327, 20231115134500)
 (3940., 3940., 3905., 3911., 191805., 1616595, 20231115140000)
 (3912., 3916., 3891., 3907., 223888., 1599402, 20231115141500)
 (3907., 3919., 3898., 3915.,  96436., 1597541, 20231115143000)
 (3916., 3929., 3916., 3924., 105119., 1598027, 20231115144500)
 (3923., 3930., 3918., 3920.,  92620., 1577302, 20231115150000)]
2023-11-16 15:30:00  INFO  [(3920., 3920., 3906., 3910., 121279., 1580982, 20231115211500)
 (3910., 3915., 3899., 3903., 122091., 1578441, 20231115213000)
 (3903., 3908., 3893., 3896.,  93618., 1579639, 20231115214500)
 (3897., 3903., 3894., 3903.,  54111., 1578471, 20231115220000)
 (3902., 3907., 3902., 3903.,  46026., 1576316, 20231115221500)
 (3903., 3905., 3898., 3901.,  29614., 1573599, 20231115223000)
 (3901., 3907., 3899., 3904.,  29363., 1570766, 20231115224500)
 (3903., 3906., 3902., 3904.,  27049., 1562872, 20231115230000)
 (3904., 3913., 3902., 3910.,  73210., 1565851, 20231116091500)
 (3910., 3916., 3909., 3914.,  48433., 1568713, 20231116093000)
 (3914., 3914., 3907., 3913.,  35246., 1568685, 20231116094500)
 (3913., 3935., 3912., 3930.,  96882., 1575034, 20231116100000)
 (3929., 3932., 3915., 3917.,  71765., 1571791, 20231116101500)
 (3917., 3930., 3916., 3930.,  48817., 1576712, 20231116104500)
 (3929., 3937., 3925., 3935.,  65004., 1588021, 20231116110000)
 (3934., 3945., 3933., 3940.,  84128., 1596543, 20231116111500)
 (3940., 3949., 3936., 3936.,  88986., 1595809, 20231116113000)
 (3940., 3948., 3932., 3936., 101897., 1600102, 20231116134500)
 (3936., 3956., 3936., 3948.,  94590., 1609492, 20231116140000)
 (3948., 3965., 3947., 3959., 124669., 1636659, 20231116141500)
 (3960., 3963., 3954., 3962.,  56491., 1645160, 20231116143000)
 (3962., 3965., 3956., 3960.,  41762., 1647542, 20231116144500)
 (3961., 3979., 3960., 3972., 144340., 1638080, 20231116150000)]
2023-11-17 15:30:00  INFO  [(3982., 3991., 3976., 3980., 155751., 1637025, 20231116211500)
 (3979., 3986., 3973., 3982.,  62630., 1637830, 20231116213000)
 (3982., 3988., 3981., 3987.,  41149., 1640818, 20231116214500)
 (3986., 3994., 3980., 3981.,  76288., 1634140, 20231116220000)
 (3981., 3982., 3974., 3977.,  59535., 1632858, 20231116221500)
 (3977., 3978., 3965., 3974.,  90302., 1628637, 20231116223000)
 (3974., 3976., 3964., 3973.,  55104., 1626158, 20231116224500)
 (3973., 3975., 3962., 3968.,  48468., 1618410, 20231116230000)
 (3967., 3967., 3951., 3955., 116598., 1611208, 20231117091500)
 (3955., 3962., 3946., 3950.,  73649., 1613465, 20231117093000)
 (3950., 3959., 3944., 3954.,  66221., 1611989, 20231117094500)
 (3954., 3959., 3942., 3946.,  56786., 1607286, 20231117100000)
 (3947., 3955., 3943., 3948.,  52993., 1608172, 20231117101500)
 (3949., 3955., 3947., 3948.,  29368., 1606889, 20231117104500)
 (3948., 3956., 3947., 3952.,  36355., 1611607, 20231117110000)
 (3952., 3958., 3948., 3950.,  34729., 1611009, 20231117111500)
 (3950., 3957., 3950., 3955.,  27870., 1610090, 20231117113000)
 (3953., 3961., 3953., 3954.,  61419., 1616774, 20231117134500)
 (3954., 3960., 3949., 3951.,  42233., 1613028, 20231117140000)
 (3951., 3951., 3924., 3926., 156395., 1602223, 20231117141500)
 (3926., 3932., 3920., 3928., 115414., 1594060, 20231117143000)
 (3929., 3938., 3926., 3937.,  62902., 1590696, 20231117144500)
 (3937., 3938., 3926., 3929.,  65957., 1578094, 20231117150000)]
2023-11-20 15:30:00  INFO  [(3928., 3930., 3911., 3926., 139660., 1574891, 20231117211500)
 (3926., 3933., 3922., 3932.,  55702., 1575857, 20231117213000)
 (3933., 3940., 3930., 3938.,  63838., 1582450, 20231117214500)
 (3938., 3944., 3934., 3937.,  50509., 1580160, 20231117220000)
 (3937., 3941., 3932., 3939.,  35484., 1580905, 20231117221500)
 (3939., 3940., 3933., 3933.,  25671., 1581337, 20231117223000)
 (3933., 3937., 3925., 3932.,  41503., 1577640, 20231117224500)
 (3933., 3942., 3926., 3930.,  65019., 1566923, 20231117230000)
 (3936., 3941., 3919., 3938.,  99323., 1566376, 20231120091500)
 (3937., 3948., 3932., 3947.,  64673., 1567916, 20231120093000)
 (3947., 3957., 3942., 3947.,  92727., 1575118, 20231120094500)
 (3947., 3950., 3940., 3946.,  62823., 1577793, 20231120100000)
 (3946., 3949., 3939., 3944.,  43102., 1576463, 20231120101500)
 (3945., 3955., 3940., 3945.,  57687., 1575959, 20231120104500)
 (3945., 3952., 3944., 3949.,  25134., 1578810, 20231120110000)
 (3949., 3962., 3946., 3958.,  54166., 1580270, 20231120111500)
 (3958., 3968., 3955., 3963.,  72555., 1581086, 20231120113000)
 (3963., 3980., 3962., 3975., 106272., 1599441, 20231120134500)
 (3976., 3979., 3951., 3958., 107497., 1596403, 20231120140000)
 (3958., 3968., 3955., 3967.,  60476., 1605298, 20231120141500)
 (3967., 3990., 3966., 3986., 139354., 1619936, 20231120143000)
 (3987., 3995., 3981., 3988., 104283., 1630241, 20231120144500)
 (3988., 3992., 3981., 3983.,  94133., 1622470, 20231120150000)]
2023-11-21 15:30:00  INFO  [(4000., 4026., 3995., 4022., 244277., 1648466, 20231120211500)
 (4023., 4026., 4017., 4018.,  84267., 1648586, 20231120213000)
 (4018., 4022., 4014., 4019.,  64806., 1650645, 20231120214500)
 (4019., 4025., 4018., 4021.,  53617., 1656119, 20231120220000)
 (4020., 4024., 4014., 4021.,  60542., 1659994, 20231120221500)
 (4022., 4027., 4018., 4021.,  47768., 1663671, 20231120223000)
 (4022., 4029., 4016., 4027.,  66301., 1667809, 20231120224500)
 (4027., 4036., 4026., 4031.,  89007., 1665566, 20231120230000)
 (4033., 4039., 4023., 4026.,  97929., 1668347, 20231121091500)
 (4025., 4035., 4022., 4032.,  60641., 1672589, 20231121093000)
 (4032., 4047., 4031., 4041.,  96104., 1686749, 20231121094500)
 (4041., 4050., 4040., 4049.,  74870., 1697331, 20231121100000)
 (4048., 4053., 4041., 4042.,  66222., 1695949, 20231121101500)
 (4042., 4042., 4028., 4036.,  90828., 1694420, 20231121104500)
 (4036., 4039., 4026., 4028.,  55366., 1690299, 20231121110000)
 (4029., 4031., 4023., 4028.,  54065., 1688490, 20231121111500)
 (4029., 4030., 4005., 4020., 143212., 1666370, 20231121113000)
 (4021., 4021., 4009., 4013.,  87042., 1665684, 20231121134500)
 (4014., 4016., 4000., 4004.,  93285., 1660377, 20231121140000)
 (4003., 4006., 3986., 3995., 151359., 1639588, 20231121141500)
 (3995., 4004., 3993., 3998.,  77430., 1639928, 20231121143000)
 (3998., 4008., 3997., 4004.,  56329., 1640201, 20231121144500)
 (4003., 4006., 3983., 3983., 114796., 1628589, 20231121150000)]
2023-11-22 15:30:00  INFO  [(3986., 3993., 3970., 3986., 202643., 1641364, 20231121211500)
 (3987., 4011., 3981., 4005., 150864., 1643903, 20231121213000)
 (4006., 4017., 4003., 4007., 120012., 1652795, 20231121214500)
 (4007., 4009., 3997., 4003.,  81865., 1653567, 20231121220000)
 (4003., 4007., 3999., 4004.,  30619., 1653538, 20231121221500)
 (4004., 4011., 4002., 4005.,  30317., 1653464, 20231121223000)
 (4006., 4007., 3990., 3992.,  44228., 1646207, 20231121224500)
 (3993., 4007., 3990., 4006.,  67116., 1637800, 20231121230000)
 (4008., 4013., 3994., 3997.,  83687., 1639876, 20231122091500)
 (3997., 4001., 3988., 4000.,  61959., 1642552, 20231122093000)
 (4000., 4004., 3992., 4002.,  48356., 1641767, 20231122094500)
 (4002., 4007., 3987., 3989.,  75171., 1636853, 20231122100000)
 (3989., 3995., 3982., 3990.,  67146., 1637381, 20231122101500)
 (3989., 3996., 3986., 3991.,  36156., 1637652, 20231122104500)
 (3990., 3993., 3973., 3981.,  80707., 1632736, 20231122110000)
 (3981., 3984., 3977., 3982.,  39549., 1633802, 20231122111500)
 (3982., 3996., 3964., 3980., 115874., 1625142, 20231122113000)
 (3973., 3977., 3961., 3976., 125636., 1626944, 20231122134500)
 (3976., 3985., 3971., 3974.,  75246., 1626577, 20231122140000)
 (3973., 3982., 3963., 3967.,  89406., 1625599, 20231122141500)
 (3967., 3968., 3955., 3966., 127826., 1620250, 20231122143000)
 (3966., 3979., 3962., 3977.,  89144., 1610573, 20231122144500)
 (3976., 4004., 3976., 4001., 177262., 1599519, 20231122150000)]
2023-11-23 15:30:00  INFO  [(4003., 4016., 3995., 4008., 187754., 1592719, 20231122211500)
 (4008., 4011., 3985., 3987., 128859., 1590457, 20231122213000)
 (3987., 4009., 3986., 4004.,  91865., 1588234, 20231122214500)
 (4004., 4005., 3991., 3994.,  54046., 1588004, 20231122220000)
 (3995., 3997., 3980., 3984.,  74908., 1586478, 20231122221500)
 (3984., 3989., 3980., 3984.,  61036., 1582757, 20231122223000)
 (3984., 3987., 3972., 3974.,  79335., 1575753, 20231122224500)
 (3975., 3977., 3930., 3931., 174745., 1545346, 20231122230000)
 (3933., 3949., 3931., 3941., 188065., 1534930, 20231123091500)
 (3941., 3944., 3931., 3937.,  74741., 1534674, 20231123093000)
 (3938., 3946., 3936., 3944.,  46894., 1534644, 20231123094500)
 (3945., 3947., 3934., 3938.,  54374., 1527575, 20231123100000)
 (3938., 3956., 3936., 3956.,  76641., 1520194, 20231123101500)
 (3956., 3961., 3952., 3959.,  77798., 1526700, 20231123104500)
 (3958., 3962., 3913., 3924., 245643., 1507101, 20231123110000)
 (3925., 3927., 3896., 3907., 204466., 1499673, 20231123111500)
 (3908., 3918., 3903., 3912.,  97836., 1493225, 20231123113000)
 (3908., 3925., 3905., 3923., 105057., 1489025, 20231123134500)
 (3922., 3927., 3917., 3923.,  76170., 1483772, 20231123140000)
 (3924., 3938., 3922., 3937., 101377., 1478802, 20231123141500)
 (3936., 3937., 3929., 3933.,  53359., 1481941, 20231123143000)
 (3932., 3936., 3924., 3926.,  63958., 1485819, 20231123144500)
 (3926., 3945., 3925., 3934., 101290., 1472805, 20231123150000)]
2023-11-24 15:30:00  INFO  [(3946., 3949., 3935., 3937., 123221., 1470324, 20231123211500)
 (3937., 3938., 3916., 3922., 115413., 1474329, 20231123213000)
 (3923., 3924., 3912., 3918.,  64764., 1470940, 20231123214500)
 (3918., 3921., 3914., 3917.,  45526., 1468050, 20231123220000)
 (3918., 3927., 3916., 3917.,  59045., 1462540, 20231123221500)
 (3917., 3919., 3907., 3915.,  61253., 1461162, 20231123223000)
 (3916., 3918., 3910., 3917.,  26902., 1460538, 20231123224500)
 (3916., 3926., 3916., 3925.,  45649., 1449344, 20231123230000)
 (3927., 3935., 3925., 3935.,  77391., 1448351, 20231124091500)
 (3934., 3939., 3929., 3931.,  52076., 1450906, 20231124093000)
 (3932., 3932., 3924., 3926.,  30992., 1448421, 20231124094500)
 (3926., 3940., 3921., 3938.,  54965., 1448724, 20231124100000)
 (3939., 3944., 3935., 3936.,  57547., 1451280, 20231124101500)
 (3935., 3938., 3930., 3933.,  45666., 1446646, 20231124104500)
 (3933., 3934., 3925., 3930.,  44988., 1442535, 20231124110000)
 (3929., 3932., 3920., 3926.,  49024., 1438113, 20231124111500)
 (3926., 3935., 3918., 3935.,  45441., 1435109, 20231124113000)
 (3934., 3936., 3925., 3927.,  51781., 1430282, 20231124134500)
 (3927., 3938., 3924., 3938.,  40134., 1432694, 20231124140000)
 (3937., 3946., 3933., 3942.,  66602., 1433532, 20231124141500)
 (3943., 3945., 3939., 3941.,  44771., 1433571, 20231124143000)
 (3941., 3971., 3935., 3967., 175282., 1428115, 20231124144500)
 (3966., 3981., 3965., 3976., 171386., 1424684, 20231124150000)]
2023-11-27 15:30:00  INFO  [(3979., 3982., 3941., 3947., 204959., 1409987, 20231124211500)
 (3947., 3947., 3929., 3942., 132449., 1404569, 20231124213000)
 (3942., 3944., 3933., 3934.,  69997., 1399732, 20231124214500)
 (3935., 3938., 3925., 3929.,  83676., 1392520, 20231124220000)
 (3930., 3936., 3927., 3933.,  46566., 1391774, 20231124221500)
 (3933., 3936., 3928., 3930.,  30913., 1390873, 20231124223000)
 (3930., 3943., 3928., 3935.,  63584., 1386989, 20231124224500)
 (3935., 3941., 3928., 3938.,  51740., 1372220, 20231124230000)
 (3938., 3957., 3915., 3952., 194553., 1363728, 20231127091500)
 (3952., 3957., 3936., 3943.,  89710., 1360194, 20231127093000)
 (3943., 3943., 3928., 3935.,  66628., 1357596, 20231127094500)
 (3934., 3936., 3922., 3924.,  64146., 1352594, 20231127100000)
 (3925., 3930., 3918., 3927.,  74587., 1356014, 20231127101500)
 (3927., 3939., 3925., 3929.,  50427., 1353133, 20231127104500)
 (3929., 3938., 3927., 3938.,  42946., 1352096, 20231127110000)
 (3938., 3946., 3936., 3946.,  57275., 1347875, 20231127111500)
 (3946., 3953., 3939., 3948.,  76637., 1342584, 20231127113000)
 (3950., 3963., 3948., 3961., 108533., 1339594, 20231127134500)
 (3962., 3970., 3954., 3958.,  82057., 1337181, 20231127140000)
 (3958., 3964., 3954., 3958.,  38209., 1337942, 20231127141500)
 (3958., 3963., 3947., 3963.,  45163., 1333472, 20231127143000)
 (3963., 3969., 3959., 3962.,  59318., 1333244, 20231127144500)
 (3961., 3969., 3952., 3959.,  59088., 1326302, 20231127150000)]
2023-11-28 15:30:00  INFO  [(3959., 3959., 3935., 3945., 154756., 1293655, 20231127211500)
 (3945., 3954., 3943., 3949.,  63662., 1295326, 20231127213000)
 (3949., 3950., 3941., 3942.,  42032., 1290966, 20231127214500)
 (3942., 3944., 3935., 3939.,  56976., 1284408, 20231127220000)
 (3938., 3945., 3935., 3941.,  30050., 1283955, 20231127221500)
 (3940., 3947., 3936., 3939.,  41303., 1281984, 20231127223000)
 (3939., 3939., 3930., 3932.,  67509., 1279261, 20231127224500)
 (3932., 3937., 3926., 3936.,  57779., 1273255, 20231127230000)
 (3938., 3943., 3931., 3933.,  97693., 1247850, 20231128091500)
 (3932., 3934., 3921., 3924.,  81835., 1248216, 20231128093000)
 (3923., 3937., 3922., 3932.,  60056., 1243360, 20231128094500)
 (3932., 3940., 3931., 3934.,  38602., 1245563, 20231128100000)
 (3934., 3937., 3911., 3913., 101842., 1250632, 20231128101500)
 (3912., 3918., 3906., 3911., 110677., 1250413, 20231128104500)
 (3911., 3917., 3893., 3903., 138804., 1243927, 20231128110000)
 (3902., 3909., 3894., 3903., 116627., 1225681, 20231128111500)
 (3903., 3911., 3900., 3907.,  64321., 1217597, 20231128113000)
 (3907., 3907., 3887., 3894., 121296., 1207770, 20231128134500)
 (3894., 3901., 3888., 3888.,  57655., 1206366, 20231128140000)
 (3888., 3896., 3883., 3889.,  94434., 1202610, 20231128141500)
 (3889., 3906., 3885., 3900.,  67743., 1188399, 20231128143000)
 (3900., 3912., 3899., 3906.,  65495., 1176514, 20231128144500)
 (3906., 3915., 3891., 3893.,  83292., 1160221, 20231128150000)]
2023-11-29 15:30:00  INFO  [(3895., 3912., 3893., 3901., 166531., 1117469, 20231128211500)
 (3900., 3904., 3895., 3902.,  41961., 1121591, 20231128213000)
 (3902., 3906., 3897., 3900.,  37032., 1118836, 20231128214500)
 (3901., 3906., 3898., 3900.,  27840., 1119355, 20231128220000)
 (3899., 3903., 3894., 3896.,  30611., 1119625, 20231128221500)
 (3896., 3899., 3889., 3897.,  53370., 1118711, 20231128223000)
 (3898., 3901., 3895., 3899.,  22774., 1117745, 20231128224500)
 (3898., 3909., 3898., 3905.,  48100., 1108289, 20231128230000)
 (3907., 3927., 3907., 3924., 130949., 1097600, 20231129091500)
 (3923., 3924., 3916., 3918.,  42954., 1094324, 20231129093000)
 (3919., 3925., 3913., 3923.,  41428., 1090879, 20231129094500)
 (3923., 3925., 3915., 3916.,  30975., 1088658, 20231129100000)
 (3916., 3920., 3907., 3911.,  47486., 1083708, 20231129101500)
 (3911., 3915., 3901., 3905.,  48903., 1081104, 20231129104500)
 (3904., 3913., 3900., 3907.,  48342., 1079044, 20231129110000)
 (3907., 3910., 3900., 3901.,  37254., 1077567, 20231129111500)
 (3901., 3912., 3900., 3910.,  40526., 1070998, 20231129113000)
 (3907., 3907., 3897., 3904.,  53406., 1067234, 20231129134500)
 (3903., 3907., 3898., 3899.,  35879., 1064795, 20231129140000)
 (3899., 3900., 3890., 3892.,  64753., 1059752, 20231129141500)
 (3892., 3898., 3885., 3895.,  54462., 1054466, 20231129143000)
 (3894., 3903., 3890., 3899.,  39901., 1049297, 20231129144500)
 (3898., 3906., 3895., 3896.,  56999., 1035330, 20231129150000)]
2023-11-30 15:30:00  INFO  [(3906., 3906., 3867., 3871., 241089., 1009516, 20231129211500)
 (3872., 3877., 3863., 3864., 100709., 1008238, 20231129213000)
 (3864., 3868., 3860., 3865.,  87946.,  998766, 20231129214500)
 (3866., 3871., 3864., 3867.,  44064.,  996289, 20231129220000)
 (3868., 3874., 3865., 3872.,  42104.,  991095, 20231129221500)
 (3872., 3876., 3870., 3871.,  33128.,  990037, 20231129223000)
 (3870., 3875., 3868., 3872.,  23430.,  986201, 20231129224500)
 (3872., 3875., 3868., 3873.,  32283.,  977884, 20231129230000)
 (3873., 3880., 3871., 3877.,  67130.,  967429, 20231130091500)
 (3877., 3881., 3875., 3878.,  35120.,  965333, 20231130093000)
 (3878., 3879., 3871., 3873.,  43073.,  962715, 20231130094500)
 (3872., 3874., 3865., 3869.,  44481.,  956275, 20231130100000)
 (3869., 3888., 3861., 3885., 112833.,  960492, 20231130101500)
 (3886., 3895., 3883., 3895.,  79103.,  958774, 20231130104500)
 (3894., 3916., 3891., 3908., 124386.,  944117, 20231130110000)
 (3909., 3912., 3901., 3905.,  63482.,  945558, 20231130111500)
 (3905., 3909., 3890., 3890.,  67892.,  942308, 20231130113000)
 (3885., 3899., 3881., 3895.,  77472.,  929368, 20231130134500)
 (3895., 3909., 3893., 3909.,  65459.,  925277, 20231130140000)
 (3909., 3917., 3905., 3917.,  69882.,  922604, 20231130141500)
 (3917., 3923., 3912., 3915.,  75909.,  917352, 20231130143000)
 (3915., 3916., 3908., 3909.,  43612.,  915284, 20231130144500)
 (3908., 3916., 3905., 3913.,  54666.,  900559, 20231130150000)]
2023-12-01 15:30:00  INFO  [(3911., 3938., 3907., 3920., 132712., 877318, 20231130211500)
 (3920., 3933., 3918., 3925.,  53389., 870081, 20231130213000)
 (3925., 3927., 3918., 3918.,  26638., 865306, 20231130214500)
 (3919., 3926., 3918., 3923.,  18246., 862911, 20231130220000)
 (3924., 3925., 3915., 3918.,  23112., 862244, 20231130221500)
 (3917., 3927., 3916., 3919.,  25307., 861023, 20231130223000)
 (3919., 3923., 3916., 3921.,  13685., 858384, 20231130224500)
 (3922., 3925., 3916., 3925.,  18826., 853511, 20231130230000)
 (3924., 3925., 3910., 3913.,  75935., 840379, 20231201091500)
 (3913., 3918., 3907., 3916.,  52334., 832299, 20231201093000)
 (3915., 3929., 3915., 3928.,  49179., 829517, 20231201094500)
 (3927., 3929., 3916., 3919.,  26999., 826540, 20231201100000)
 (3919., 3924., 3905., 3909.,  47186., 821192, 20231201101500)
 (3909., 3911., 3901., 3908.,  43955., 815637, 20231201104500)
 (3909., 3912., 3893., 3894.,  56786., 809108, 20231201110000)
 (3895., 3900., 3890., 3893.,  47675., 799842, 20231201111500)
 (3894., 3902., 3893., 3902.,  27755., 794907, 20231201113000)
 (3900., 3913., 3899., 3911.,  48466., 789413, 20231201134500)
 (3910., 3930., 3910., 3926.,  77526., 788379, 20231201140000)
 (3926., 3929., 3921., 3928.,  31573., 786586, 20231201141500)
 (3929., 3940., 3925., 3935.,  62080., 779271, 20231201143000)
 (3935., 3935., 3926., 3930.,  30891., 777028, 20231201144500)
 (3930., 3932., 3921., 3923.,  39912., 762768, 20231201150000)]
2023-12-04 15:30:00  INFO  [(3930., 3932., 3903., 3919., 96427., 751522, 20231201211500)
 (3919., 3920., 3907., 3912., 31936., 750932, 20231201213000)
 (3912., 3922., 3910., 3919., 22950., 749483, 20231201214500)
 (3918., 3923., 3911., 3915., 17627., 748163, 20231201220000)
 (3914., 3917., 3912., 3915., 11651., 747617, 20231201221500)
 (3916., 3920., 3914., 3915., 16239., 746595, 20231201223000)
 (3916., 3917., 3909., 3916., 19128., 744707, 20231201224500)
 (3916., 3917., 3909., 3912., 21549., 737753, 20231201230000)
 (3915., 3929., 3911., 3921., 59443., 736217, 20231204091500)
 (3921., 3929., 3920., 3924., 30183., 734969, 20231204093000)
 (3923., 3925., 3907., 3911., 48407., 728934, 20231204094500)
 (3911., 3914., 3891., 3893., 63739., 722647, 20231204100000)
 (3892., 3896., 3883., 3885., 66136., 717366, 20231204101500)
 (3885., 3892., 3877., 3891., 70038., 714332, 20231204104500)
 (3892., 3893., 3883., 3885., 19517., 712571, 20231204110000)
 (3885., 3886., 3874., 3879., 36664., 710983, 20231204111500)
 (3879., 3891., 3875., 3885., 30084., 709300, 20231204113000)
 (3885., 3890., 3879., 3880., 22140., 708101, 20231204134500)
 (3879., 3885., 3872., 3874., 31892., 707048, 20231204140000)
 (3874., 3882., 3871., 3878., 31706., 702892, 20231204141500)
 (3879., 3884., 3872., 3875., 25825., 700830, 20231204143000)
 (3875., 3880., 3870., 3871., 29252., 698563, 20231204144500)
 (3871., 3878., 3866., 3871., 55079., 684740, 20231204150000)]
2023-12-05 15:30:00  INFO  [(3862., 3878., 3862., 3868., 79248., 674997, 20231204211500)
 (3868., 3883., 3867., 3879., 30100., 671170, 20231204213000)
 (3879., 3884., 3873., 3876., 19932., 669976, 20231204214500)
 (3876., 3878., 3865., 3867., 33364., 669182, 20231204220000)
 (3867., 3876., 3865., 3874., 20733., 666857, 20231204221500)
 (3873., 3885., 3873., 3883., 30084., 661973, 20231204223000)
 (3883., 3891., 3883., 3887., 33675., 656255, 20231204224500)
 (3886., 3890., 3881., 3886., 19435., 653490, 20231204230000)
 (3885., 3887., 3876., 3878., 34009., 652167, 20231205091500)
 (3877., 3889., 3877., 3885., 22831., 649530, 20231205093000)
 (3884., 3885., 3874., 3882., 25093., 647698, 20231205094500)
 (3881., 3886., 3870., 3873., 28177., 645727, 20231205100000)
 (3872., 3878., 3869., 3872., 18525., 645979, 20231205101500)
 (3872., 3878., 3866., 3877., 25858., 644561, 20231205104500)
 (3876., 3877., 3855., 3865., 43728., 643024, 20231205110000)
 (3865., 3868., 3859., 3863., 25903., 640224, 20231205111500)
 (3863., 3876., 3861., 3868., 20486., 636318, 20231205113000)
 (3870., 3882., 3865., 3881., 28560., 633208, 20231205134500)
 (3881., 3885., 3875., 3880., 26009., 632996, 20231205140000)
 (3880., 3885., 3877., 3879., 15244., 632489, 20231205141500)
 (3879., 3881., 3867., 3870., 21633., 629767, 20231205143000)
 (3871., 3873., 3864., 3865., 21322., 627109, 20231205144500)
 (3865., 3873., 3864., 3870., 23052., 620615, 20231205150000)]
2023-12-06 15:30:00  INFO  [(3870., 3873., 3855., 3864., 72511., 619967, 20231205211500)
 (3864., 3866., 3858., 3861., 25239., 619520, 20231205213000)
 (3861., 3866., 3854., 3864., 35619., 618036, 20231205214500)
 (3865., 3866., 3855., 3856., 23608., 618662, 20231205220000)
 (3856., 3861., 3854., 3859., 20750., 616945, 20231205221500)
 (3859., 3861., 3855., 3860., 12128., 616627, 20231205223000)
 (3860., 3866., 3857., 3865., 21634., 615180, 20231205224500)
 (3865., 3884., 3864., 3879., 57826., 606641, 20231205230000)
 (3879., 3882., 3873., 3874., 27564., 605444, 20231206091500)
 (3875., 3881., 3869., 3877., 23142., 602751, 20231206093000)
 (3876., 3888., 3872., 3887., 38891., 602155, 20231206094500)
 (3887., 3896., 3882., 3892., 39123., 598919, 20231206100000)
 (3893., 3893., 3883., 3888., 20731., 595279, 20231206101500)
 (3889., 3889., 3883., 3888., 12641., 594547, 20231206104500)
 (3887., 3889., 3882., 3888., 12083., 594266, 20231206110000)
 (3888., 3892., 3885., 3885., 16224., 594362, 20231206111500)
 (3886., 3891., 3885., 3890., 10863., 594582, 20231206113000)
 (3896., 3923., 3896., 3908., 91894., 599826, 20231206134500)
 (3909., 3912., 3906., 3909., 19167., 598346, 20231206140000)
 (3911., 3915., 3908., 3914., 15987., 599247, 20231206141500)
 (3914., 3917., 3911., 3915., 20096., 599662, 20231206143000)
 (3914., 3916., 3910., 3913., 11696., 598476, 20231206144500)
 (3914., 3919., 3911., 3918., 25705., 592003, 20231206150000)]
2023-12-07 15:30:00  INFO  [(3911., 3929., 3905., 3925., 59167., 583925, 20231206211500)
 (3924., 3935., 3923., 3934., 41244., 581630, 20231206213000)
 (3933., 3951., 3933., 3947., 62400., 569668, 20231206214500)
 (3946., 3949., 3942., 3948., 24284., 568837, 20231206220000)
 (3948., 3949., 3942., 3948., 17485., 565827, 20231206221500)
 (3948., 3951., 3944., 3948., 23927., 560410, 20231206223000)
 (3947., 3950., 3942., 3943., 20723., 554598, 20231206224500)
 (3943., 3947., 3941., 3941., 12422., 551925, 20231206230000)
 (3940., 3942., 3930., 3936., 33810., 545587, 20231207091500)
 (3936., 3942., 3935., 3940., 15406., 541307, 20231207093000)
 (3940., 3951., 3938., 3946., 29662., 535592, 20231207094500)
 (3947., 3947., 3935., 3938., 17194., 531724, 20231207100000)
 (3938., 3944., 3935., 3942., 10886., 530296, 20231207101500)
 (3941., 3947., 3939., 3941., 10329., 529408, 20231207104500)
 (3942., 3959., 3941., 3957., 24131., 525982, 20231207110000)
 (3956., 3965., 3953., 3955., 26620., 520236, 20231207111500)
 (3955., 3964., 3954., 3958., 13321., 519254, 20231207113000)
 (3958., 3966., 3955., 3962., 17395., 516329, 20231207134500)
 (3963., 3965., 3956., 3959., 11400., 515096, 20231207140000)
 (3959., 3961., 3955., 3961.,  9636., 512294, 20231207141500)
 (3961., 3967., 3959., 3966., 10510., 510416, 20231207143000)
 (3966., 3971., 3960., 3970., 14398., 508452, 20231207144500)
 (3970., 3974., 3965., 3967., 17388., 504217, 20231207150000)]
2023-12-08 15:30:00  INFO  [(3966., 3968., 3960., 3960., 31031., 501646, 20231207211500)
 (3961., 3964., 3953., 3955., 18718., 498406, 20231207213000)
 (3955., 3963., 3950., 3962., 20418., 499105, 20231207214500)
 (3962., 3985., 3961., 3984., 36308., 495897, 20231207220000)
 (3984., 3989., 3979., 3984., 17256., 493661, 20231207221500)
 (3984., 4003., 3981., 3998., 23048., 489071, 20231207223000)
 (3999., 4013., 3995., 3997., 31725., 483706, 20231207224500)
 (3997., 4002., 3994., 3996., 11943., 480987, 20231207230000)
 (3995., 4004., 3992., 3995., 18989., 480262, 20231208091500)
 (3995., 4004., 3994., 3997.,  9856., 479547, 20231208093000)
 (3997., 4006., 3996., 4002.,  9922., 478065, 20231208094500)
 (4002., 4005., 3997., 4001.,  8098., 477179, 20231208100000)
 (4001., 4008., 3999., 4007.,  7534., 476703, 20231208101500)
 (4008., 4014., 4000., 4002., 14192., 474310, 20231208104500)
 (4002., 4005., 3987., 3992., 20305., 472461, 20231208110000)
 (3991., 3995., 3984., 3993., 16017., 471045, 20231208111500)
 (3993., 3996., 3988., 3991.,  6749., 470079, 20231208113000)
 (3993., 3993., 3980., 3980., 18973., 467948, 20231208134500)
 (3981., 3987., 3973., 3987., 15470., 467225, 20231208140000)
 (3987., 3993., 3983., 3989.,  9056., 466967, 20231208141500)
 (3990., 3995., 3985., 3991., 11532., 465569, 20231208143000)
 (3991., 3992., 3985., 3989.,  7230., 464372, 20231208144500)
 (3989., 3991., 3980., 3988., 17753., 460690, 20231208150000)]
2023-12-11 15:30:00  INFO  [(4001., 4001., 3980., 3986., 14268., 458958, 20231208211500)
 (3986., 3998., 3977., 3994., 12418., 457015, 20231208213000)
 (3995., 4009., 3989., 4004., 17520., 454752, 20231208214500)
 (4005., 4014., 4000., 4009., 15522., 453349, 20231208220000)
 (4009., 4011., 4002., 4008.,  7076., 452179, 20231208221500)
 (4009., 4022., 4006., 4017., 12076., 452242, 20231208223000)
 (4017., 4018., 4008., 4012.,  7702., 451622, 20231208224500)
 (4011., 4012., 3989., 3991., 15335., 448438, 20231208230000)
 (3990., 3993., 3984., 3987., 14124., 446721, 20231211091500)
 (3987., 3987., 3964., 3968., 21378., 442763, 20231211093000)
 (3968., 3977., 3962., 3972., 13757., 439551, 20231211094500)
 (3971., 3976., 3966., 3968., 10599., 437225, 20231211100000)
 (3969., 3981., 3968., 3975.,  7976., 435797, 20231211101500)
 (3974., 3975., 3966., 3969., 11695., 435130, 20231211104500)
 (3969., 3977., 3968., 3974.,  7610., 434137, 20231211110000)
 (3975., 3981., 3974., 3977.,  5300., 433779, 20231211111500)
 (3976., 3979., 3974., 3977.,  3136., 433207, 20231211113000)
 (3982., 3985., 3977., 3982.,  8036., 432345, 20231211134500)
 (3982., 3987., 3979., 3987.,  6576., 431381, 20231211140000)
 (3987., 3994., 3984., 3993.,  5422., 431010, 20231211141500)
 (3994., 3996., 3988., 3988.,  6494., 429925, 20231211143000)
 (3988., 3989., 3983., 3987.,  5735., 428473, 20231211144500)
 (3987., 3990., 3974., 3982.,  9413., 427117, 20231211150000)]
2023-12-12 15:30:00  INFO  [(3979., 3988., 3978., 3987.,  9418., 426193, 20231211211500)
 (3987., 3993., 3984., 3989.,  5261., 426078, 20231211213000)
 (3988., 3990., 3982., 3985.,  5106., 425844, 20231211214500)
 (3985., 3986., 3971., 3978.,  8973., 425109, 20231211220000)
 (3978., 3989., 3977., 3986.,  5246., 424029, 20231211221500)
 (3987., 3990., 3984., 3985.,  3721., 423803, 20231211223000)
 (3984., 3990., 3981., 3987.,  2196., 423569, 20231211224500)
 (3987., 3989., 3983., 3987.,  2488., 422660, 20231211230000)
 (3988., 3996., 3985., 3990.,  8420., 420908, 20231212091500)
 (3990., 3992., 3985., 3988.,  4725., 419590, 20231212093000)
 (3987., 3996., 3986., 3994.,  8888., 416804, 20231212094500)
 (3994., 4009., 3994., 4000., 16019., 415960, 20231212100000)
 (4000., 4002., 3982., 4000., 15266., 413847, 20231212101500)
 (3998., 4006., 3995., 3998., 11531., 410878, 20231212104500)
 (3999., 4004., 3995., 4000.,  6178., 409843, 20231212110000)
 (4000., 4003., 3996., 4003.,  3482., 409122, 20231212111500)
 (4002., 4012., 3999., 4010., 10446., 408662, 20231212113000)
 (4010., 4019., 4007., 4016., 11726., 407076, 20231212134500)
 (4015., 4019., 4011., 4012.,  8208., 405070, 20231212140000)
 (4013., 4018., 4011., 4015.,  4347., 403755, 20231212141500)
 (4016., 4021., 4015., 4017.,  6015., 402189, 20231212143000)
 (4018., 4021., 4013., 4019., 11520., 397964, 20231212144500)
 (4019., 4027., 4019., 4025., 19652., 392656, 20231212150000)]
2023-12-13 15:30:00  INFO  [(4019., 4023., 4008., 4008., 17531., 388129, 20231212211500)
 (4008., 4014., 4005., 4010.,  6608., 386609, 20231212213000)
 (4008., 4013., 3999., 4006., 13287., 383269, 20231212214500)
 (4006., 4010., 4001., 4002.,  5848., 382042, 20231212220000)
 (4002., 4006., 3996., 4002.,  9012., 380669, 20231212221500)
 (4002., 4005., 4001., 4003.,  2414., 380316, 20231212223000)
 (4002., 4002., 3992., 3995., 10231., 379968, 20231212224500)
 (3995., 3998., 3992., 3996.,  5775., 378297, 20231212230000)
 (3995., 3998., 3988., 3995.,  8840., 377158, 20231213091500)
 (3994., 3995., 3986., 3994.,  5229., 376477, 20231213093000)
 (3993., 4004., 3992., 3999.,  6082., 375715, 20231213094500)
 (4000., 4002., 3994., 3998.,  5728., 375381, 20231213100000)
 (3995., 3997., 3988., 3995.,  4812., 374738, 20231213101500)
 (3995., 3997., 3993., 3996.,  3026., 373770, 20231213104500)
 (3996., 3996., 3965., 3968., 24910., 366527, 20231213110000)
 (3968., 3975., 3960., 3967., 27728., 362674, 20231213111500)
 (3968., 3969., 3953., 3955., 18564., 356078, 20231213113000)
 (3953., 3956., 3931., 3942., 36356., 350553, 20231213134500)
 (3941., 3946., 3933., 3935., 17958., 350275, 20231213140000)
 (3935., 3954., 3933., 3949., 19702., 346553, 20231213141500)
 (3949., 3950., 3943., 3944.,  9065., 345102, 20231213143000)
 (3944., 3945., 3939., 3941.,  6934., 344507, 20231213144500)
 (3941., 3948., 3936., 3942.,  9943., 340891, 20231213150000)]
2023-12-14 15:30:00  INFO  [(3942., 3954., 3936., 3949., 16911., 339758, 20231213211500)
 (3949., 3957., 3943., 3947.,  8246., 339188, 20231213213000)
 (3946., 3955., 3945., 3951.,  4796., 338642, 20231213214500)
 (3951., 3960., 3948., 3959.,  6143., 338286, 20231213220000)
 (3960., 3962., 3951., 3953.,  6371., 337485, 20231213221500)
 (3954., 3959., 3952., 3957.,  4122., 337137, 20231213223000)
 (3956., 3964., 3955., 3962.,  4005., 337262, 20231213224500)
 (3964., 3966., 3959., 3964.,  6561., 336534, 20231213230000)
 (3967., 3980., 3964., 3967., 15894., 334048, 20231214091500)
 (3967., 3970., 3960., 3963.,  4177., 334012, 20231214093000)
 (3962., 3966., 3956., 3960.,  9766., 332840, 20231214094500)
 (3961., 3964., 3957., 3963.,  5395., 331030, 20231214100000)
 (3963., 3963., 3951., 3953.,  4961., 330304, 20231214101500)
 (3953., 3961., 3950., 3961.,  6964., 330012, 20231214104500)
 (3960., 3969., 3953., 3966.,  6377., 328781, 20231214110000)
 (3967., 3972., 3964., 3966.,  5355., 327472, 20231214111500)
 (3967., 3972., 3963., 3972.,  4584., 326754, 20231214113000)
 (3973., 3974., 3950., 3952., 14071., 326298, 20231214134500)
 (3952., 3955., 3945., 3948.,  9338., 323282, 20231214140000)
 (3947., 3953., 3945., 3952.,  4587., 322349, 20231214141500)
 (3952., 3957., 3948., 3951.,  3657., 321977, 20231214143000)
 (3952., 3958., 3950., 3957.,  4505., 321066, 20231214144500)
 (3956., 3960., 3941., 3945., 12218., 320028, 20231214150000)]
2023-12-15 15:30:00  INFO  [(3946., 3957., 3943., 3949.,  8998., 318453, 20231214211500)
 (3949., 3959., 3949., 3956.,  5694., 318053, 20231214213000)
 (3955., 3962., 3954., 3960.,  7948., 316122, 20231214214500)
 (3961., 3968., 3959., 3960.,  5013., 316133, 20231214220000)
 (3961., 3963., 3957., 3962.,  2931., 315286, 20231214221500)
 (3961., 3964., 3959., 3961.,  1922., 314959, 20231214223000)
 (3961., 3963., 3957., 3958.,  2098., 314530, 20231214224500)
 (3958., 3958., 3952., 3957.,  4098., 313483, 20231214230000)
 (3958., 3964., 3955., 3958.,  4142., 313586, 20231215091500)
 (3958., 3966., 3958., 3965.,  3112., 313293, 20231215093000)
 (3965., 3968., 3958., 3960.,  3112., 313137, 20231215094500)
 (3959., 3961., 3948., 3954.,  4992., 312310, 20231215100000)
 (3954., 3967., 3952., 3956.,  5576., 311967, 20231215101500)
 (3957., 3961., 3952., 3958.,  4616., 311468, 20231215104500)
 (3959., 3970., 3957., 3959.,  8235., 310643, 20231215110000)
 (3960., 3962., 3952., 3954.,  4723., 309215, 20231215111500)
 (3953., 3959., 3952., 3958.,  4323., 308350, 20231215113000)
 (3954., 3955., 3921., 3927., 30717., 302231, 20231215134500)
 (3927., 3931., 3920., 3923., 11188., 301128, 20231215140000)
 (3923., 3928., 3918., 3921., 10332., 299142, 20231215141500)
 (3921., 3933., 3921., 3923., 12825., 297341, 20231215143000)
 (3924., 3939., 3922., 3933., 12669., 295586, 20231215144500)
 (3933., 3945., 3933., 3944.,  7919., 293148, 20231215150000)]
2023-12-18 15:30:00  INFO  [(3944., 3948., 3936., 3943.,  7156., 291922, 20231215211500)
 (3942., 3942., 3932., 3936.,  3420., 291660, 20231215213000)
 (3936., 3938., 3928., 3933.,  4151., 291091, 20231215214500)
 (3932., 3938., 3931., 3934.,  2778., 290641, 20231215220000)
 (3934., 3939., 3931., 3937.,  2839., 289955, 20231215221500)
 (3936., 3936., 3925., 3928.,  7147., 288498, 20231215223000)
 (3928., 3934., 3926., 3933.,  3928., 287858, 20231215224500)
 (3933., 3939., 3933., 3937.,  4309., 287087, 20231215230000)
 (3930., 3938., 3927., 3935., 11634., 282277, 20231218091500)
 (3936., 3944., 3930., 3940.,  6202., 281642, 20231218093000)
 (3940., 3942., 3933., 3939.,  4690., 280213, 20231218094500)
 (3939., 3942., 3932., 3937.,  2734., 279791, 20231218100000)
 (3938., 3941., 3935., 3939.,  3696., 278875, 20231218101500)
 (3938., 3939., 3932., 3934.,  2807., 278211, 20231218104500)
 (3934., 3938., 3932., 3933.,  1170., 277996, 20231218110000)
 (3933., 3949., 3933., 3947.,  5793., 277061, 20231218111500)
 (3948., 3957., 3945., 3954.,  8049., 276260, 20231218113000)
 (3953., 3959., 3950., 3956., 14256., 274283, 20231218134500)
 (3956., 3963., 3950., 3959.,  5822., 273966, 20231218140000)
 (3959., 3961., 3955., 3956.,  4704., 272950, 20231218141500)
 (3957., 3962., 3952., 3961.,  4189., 272379, 20231218143000)
 (3961., 3966., 3960., 3962.,  4850., 271985, 20231218144500)
 (3964., 3969., 3959., 3962.,  5111., 270653, 20231218150000)]
2023-12-19 15:30:00  INFO  [(3963., 3973., 3952., 3955., 9722., 269596, 20231218211500)
 (3955., 3956., 3950., 3954., 5919., 267934, 20231218213000)
 (3954., 3954., 3950., 3954., 1267., 267500, 20231218214500)
 (3954., 3958., 3945., 3958., 2557., 267306, 20231218220000)
 (3958., 3960., 3954., 3955., 2078., 267439, 20231218221500)
 (3954., 3954., 3947., 3952., 2945., 267082, 20231218223000)
 (3951., 3953., 3945., 3950., 2419., 267096, 20231218224500)
 (3950., 3957., 3949., 3955., 1642., 266524, 20231218230000)
 (3952., 3958., 3948., 3954., 3050., 265915, 20231219091500)
 (3954., 3955., 3948., 3950., 1822., 265419, 20231219093000)
 (3950., 3954., 3944., 3951., 3679., 264387, 20231219094500)
 (3951., 3955., 3950., 3953., 1879., 264369, 20231219100000)
 (3952., 3960., 3952., 3960., 4286., 263821, 20231219101500)
 (3959., 3965., 3957., 3959., 4523., 263307, 20231219104500)
 (3959., 3961., 3957., 3958., 2391., 262900, 20231219110000)
 (3958., 3961., 3953., 3958., 3238., 261553, 20231219111500)
 (3958., 3960., 3940., 3941., 5872., 261502, 20231219113000)
 (3945., 3952., 3936., 3944., 6994., 260135, 20231219134500)
 (3944., 3948., 3941., 3944., 3110., 259741, 20231219140000)
 (3945., 3951., 3941., 3950., 3708., 258413, 20231219141500)
 (3949., 3951., 3946., 3951., 3376., 257333, 20231219143000)
 (3950., 3967., 3949., 3957., 9233., 254338, 20231219144500)
 (3957., 3959., 3952., 3952., 4653., 253618, 20231219150000)]
2023-12-20 15:30:00  INFO  [(3952., 3959., 3947., 3952., 6181., 253122, 20231219211500)
 (3952., 3953., 3946., 3952., 2217., 252778, 20231219213000)
 (3952., 3954., 3947., 3948., 1352., 252538, 20231219214500)
 (3948., 3951., 3947., 3948., 1408., 252446, 20231219220000)
 (3949., 3955., 3947., 3954., 1689., 251857, 20231219221500)
 (3954., 3957., 3952., 3954., 1488., 252107, 20231219223000)
 (3952., 3960., 3952., 3956., 1964., 251647, 20231219224500)
 (3956., 3957., 3950., 3952., 1641., 251402, 20231219230000)
 (3952., 3961., 3952., 3956., 3023., 250917, 20231220091500)
 (3956., 3966., 3954., 3966., 2384., 250363, 20231220093000)
 (3966., 3975., 3960., 3963., 6928., 249325, 20231220094500)
 (3964., 3969., 3962., 3966., 1730., 249117, 20231220100000)
 (3966., 3967., 3957., 3960., 4853., 247480, 20231220101500)
 (3961., 3964., 3958., 3962., 1415., 247223, 20231220104500)
 (3963., 3965., 3959., 3963., 1101., 246815, 20231220110000)
 (3964., 3968., 3962., 3965., 1626., 246610, 20231220111500)
 (3966., 3967., 3961., 3965., 2517., 245644, 20231220113000)
 (3962., 3974., 3962., 3971., 3111., 245207, 20231220134500)
 (3973., 3973., 3966., 3969., 1627., 244833, 20231220140000)
 (3969., 3978., 3965., 3974., 3635., 244293, 20231220141500)
 (3974., 3975., 3965., 3967., 2468., 243596, 20231220143000)
 (3967., 3971., 3964., 3969., 2642., 242832, 20231220144500)
 (3969., 3970., 3965., 3966., 4049., 242055, 20231220150000)]
2023-12-21 15:30:00  INFO  [(3965., 3965., 3950., 3956., 11118., 237876, 20231220211500)
 (3956., 3957., 3953., 3957.,  1829., 237522, 20231220213000)
 (3957., 3961., 3956., 3960.,  1620., 237200, 20231220214500)
 (3960., 3963., 3956., 3957.,  1279., 236960, 20231220220000)
 (3957., 3960., 3955., 3958.,  1026., 236661, 20231220221500)
 (3960., 3968., 3959., 3962.,  1420., 236594, 20231220223000)
 (3962., 3970., 3960., 3966.,  1726., 236245, 20231220224500)
 (3966., 3969., 3964., 3966.,   851., 236096, 20231220230000)
 (3963., 3969., 3959., 3964.,  3391., 235499, 20231221091500)
 (3963., 3970., 3963., 3966.,  1786., 235375, 20231221093000)
 (3966., 3967., 3962., 3962.,  1360., 235253, 20231221094500)
 (3963., 3965., 3960., 3965.,  1945., 234433, 20231221100000)
 (3965., 3965., 3960., 3963.,  1426., 234142, 20231221101500)
 (3964., 3972., 3964., 3970.,  6554., 231653, 20231221104500)
 (3970., 3975., 3969., 3972.,  1888., 231065, 20231221110000)
 (3972., 3985., 3971., 3981.,  7863., 228489, 20231221111500)
 (3980., 3985., 3976., 3982.,  4271., 227050, 20231221113000)
 (3982., 3995., 3981., 3991.,  9228., 224789, 20231221134500)
 (3992., 3994., 3987., 3991.,  5381., 222160, 20231221140000)
 (3991., 3994., 3988., 3992.,  3827., 221280, 20231221141500)
 (3993., 3995., 3990., 3993.,  3280., 220847, 20231221143000)
 (3993., 3999., 3992., 3997.,  7066., 218061, 20231221144500)
 (3997., 4005., 3997., 4002., 11034., 215243, 20231221150000)]
2023-12-22 15:30:00  INFO  [(4002., 4007., 3995., 4003., 12471., 209127, 20231221211500)
 (4003., 4004., 3992., 3997.,  4994., 207185, 20231221213000)
 (3998., 4004., 3996., 4002.,  2993., 206173, 20231221214500)
 (4003., 4009., 4000., 4009.,  2737., 205547, 20231221220000)
 (4008., 4008., 3997., 3999.,  3839., 203710, 20231221221500)
 (3999., 4003., 3998., 4001.,  1333., 203129, 20231221223000)
 (4000., 4002., 3997., 4000.,   793., 202954, 20231221224500)
 (4000., 4001., 3997., 3999.,  1446., 202181, 20231221230000)
 (4001., 4004., 3998., 4002.,  3195., 200923, 20231222091500)
 (4001., 4005., 3999., 4005.,  1883., 200371, 20231222093000)
 (4003., 4008., 4000., 4007.,  1903., 200413, 20231222094500)
 (4006., 4017., 4006., 4015., 11815., 195629, 20231222100000)
 (4015., 4017., 4008., 4015.,  5817., 193459, 20231222101500)
 (4014., 4030., 4014., 4026.,  8270., 192086, 20231222104500)
 (4025., 4030., 4023., 4027.,  4991., 190043, 20231222110000)
 (4028., 4028., 4021., 4024.,  7607., 187138, 20231222111500)
 (4023., 4026., 4015., 4018., 10181., 182700, 20231222113000)
 (4015., 4016., 4008., 4016.,  4472., 182125, 20231222134500)
 (4017., 4017., 4002., 4004.,  5132., 180947, 20231222140000)
 (4004., 4010., 4003., 4007.,  2098., 180466, 20231222141500)
 (4006., 4012., 4002., 4010.,  4233., 179790, 20231222143000)
 (4010., 4012., 4007., 4010.,  3680., 179015, 20231222144500)
 (4010., 4013., 4001., 4007.,  8918., 176189, 20231222150000)]
2023-12-25 15:30:00  INFO  [(4007., 4007., 3986., 3997., 8028., 174296, 20231222211500)
 (3997., 4000., 3995., 3997., 3671., 174409, 20231222213000)
 (3998., 4006., 3998., 4005., 1842., 173893, 20231222214500)
 (4005., 4006., 4001., 4005.,  957., 173516, 20231222220000)
 (4005., 4007., 4001., 4005., 1232., 173200, 20231222221500)
 (4005., 4007., 4001., 4002., 1059., 172875, 20231222223000)
 (4003., 4008., 4001., 4005.,  812., 172663, 20231222224500)
 (4005., 4006., 4000., 4002., 1839., 171546, 20231222230000)
 (4002., 4010., 3995., 4006., 9882., 172183, 20231225091500)
 (4006., 4018., 4005., 4017., 7400., 171954, 20231225093000)
 (4016., 4020., 4012., 4013., 1967., 171687, 20231225094500)
 (4013., 4016., 4011., 4016., 2593., 171647, 20231225100000)
 (4016., 4018., 4011., 4013., 1049., 171153, 20231225101500)
 (4014., 4014., 4008., 4010., 3543., 170897, 20231225104500)
 (4010., 4010., 3999., 4004., 4659., 169441, 20231225110000)
 (4005., 4006., 3999., 4002., 2916., 168584, 20231225111500)
 (4002., 4004., 3998., 4004., 3081., 167338, 20231225113000)
 (4005., 4012., 4003., 4012., 4625., 166876, 20231225134500)
 (4012., 4020., 4011., 4015., 4255., 166374, 20231225140000)
 (4015., 4016., 4007., 4014., 2438., 166029, 20231225141500)
 (4014., 4021., 4014., 4020., 5116., 165749, 20231225143000)
 (4019., 4023., 4018., 4021., 2254., 165267, 20231225144500)
 (4021., 4025., 4016., 4025., 4860., 165185, 20231225150000)]
2023-12-26 15:30:00  INFO  [(4031., 4041., 4022., 4039., 20020., 165334, 20231225211500)
 (4039., 4042., 4034., 4042.,  2653., 164980, 20231225213000)
 (4041., 4042., 4034., 4039.,  2602., 163868, 20231225214500)
 (4040., 4040., 4037., 4038.,   624., 163838, 20231225220000)
 (4038., 4038., 4034., 4036.,   790., 163413, 20231225221500)
 (4036., 4036., 4031., 4034.,   685., 163139, 20231225223000)
 (4032., 4042., 4030., 4041.,  1534., 163083, 20231225224500)
 (4040., 4041., 4035., 4035.,  1054., 162537, 20231225230000)
 (4035., 4048., 4035., 4045.,  4282., 160748, 20231226091500)
 (4045., 4055., 4042., 4045.,  5099., 159366, 20231226093000)
 (4045., 4045., 4037., 4042.,  2586., 157907, 20231226094500)
 (4041., 4043., 4037., 4041.,  2040., 157415, 20231226100000)
 (4042., 4050., 4039., 4049.,  2063., 157037, 20231226101500)
 (4047., 4050., 4036., 4041.,  2437., 156801, 20231226104500)
 (4040., 4044., 4038., 4042.,  1816., 156127, 20231226110000)
 (4043., 4048., 4040., 4044.,  1073., 155948, 20231226111500)
 (4044., 4047., 4041., 4047.,  2460., 155014, 20231226113000)
 (4042., 4047., 4036., 4042.,  3674., 153773, 20231226134500)
 (4042., 4060., 4041., 4047.,  4998., 152097, 20231226140000)
 (4047., 4060., 4043., 4049.,  1769., 151511, 20231226141500)
 (4051., 4061., 4049., 4057.,  5509., 148934, 20231226143000)
 (4056., 4058., 4048., 4050.,  3411., 147043, 20231226144500)
 (4051., 4058., 4048., 4056.,  4238., 145506, 20231226150000)]
2023-12-27 15:30:00  INFO  [(4042., 4055., 4039., 4042., 9364., 139423, 20231226211500)
 (4041., 4045., 4041., 4042., 1361., 138704, 20231226213000)
 (4042., 4044., 4041., 4043.,  865., 138670, 20231226214500)
 (4043., 4045., 4039., 4044., 1420., 138755, 20231226220000)
 (4043., 4050., 4041., 4050., 1188., 138319, 20231226221500)
 (4049., 4052., 4047., 4051.,  810., 138360, 20231226223000)
 (4049., 4049., 4030., 4034., 4070., 136897, 20231226224500)
 (4034., 4035., 4023., 4028., 5454., 134697, 20231226230000)
 (4028., 4043., 4026., 4043., 4945., 132365, 20231227091500)
 (4044., 4047., 4037., 4040., 3694., 131203, 20231227093000)
 (4040., 4044., 4036., 4039., 1608., 130282, 20231227094500)
 (4039., 4044., 4038., 4042., 1492., 129540, 20231227100000)
 (4042., 4045., 4039., 4043., 1848., 128305, 20231227101500)
 (4043., 4045., 4039., 4045.,  849., 128041, 20231227104500)
 (4044., 4048., 4042., 4046., 1574., 127604, 20231227110000)
 (4045., 4047., 4037., 4037.,  990., 127069, 20231227111500)
 (4037., 4050., 4036., 4047., 2369., 126038, 20231227113000)
 (4046., 4049., 4041., 4048., 1411., 125500, 20231227134500)
 (4048., 4049., 4045., 4049., 2140., 124471, 20231227140000)
 (4048., 4051., 4047., 4049., 2313., 123315, 20231227141500)
 (4048., 4055., 4046., 4055., 3012., 122503, 20231227143000)
 (4054., 4055., 4051., 4053., 1002., 121980, 20231227144500)
 (4053., 4056., 4049., 4054., 2443., 120577, 20231227150000)]
2023-12-28 15:30:00  INFO  [(4064., 4064., 4052., 4058., 7293., 115241, 20231227211500)
 (4057., 4059., 4046., 4053., 2595., 114401, 20231227213000)
 (4053., 4055., 4050., 4052., 1118., 113772, 20231227214500)
 (4052., 4052., 4049., 4051.,  978., 113415, 20231227220000)
 (4052., 4053., 4050., 4050., 2158., 112372, 20231227221500)
 (4050., 4050., 4044., 4047., 2224., 110942, 20231227223000)
 (4047., 4050., 4043., 4048., 1986., 110120, 20231227224500)
 (4048., 4050., 4045., 4046.,  806., 109675, 20231227230000)
 (4047., 4052., 4043., 4052., 1799., 108903, 20231228091500)
 (4052., 4058., 4051., 4054.,  785., 108558, 20231228093000)
 (4054., 4057., 4044., 4046., 2660., 107149, 20231228094500)
 (4045., 4051., 4044., 4049., 1185., 106529, 20231228100000)
 (4049., 4053., 4046., 4047., 1193., 105969, 20231228101500)
 (4048., 4050., 4045., 4047., 1560., 105355, 20231228104500)
 (4046., 4053., 4046., 4051.,  899., 104875, 20231228110000)
 (4050., 4051., 4045., 4046., 1066., 104559, 20231228111500)
 (4045., 4050., 4044., 4048., 4375., 102376, 20231228113000)
 (4045., 4052., 4043., 4052., 2774., 101433, 20231228134500)
 (4052., 4052., 4049., 4052., 1455., 100582, 20231228140000)
 (4051., 4053., 4049., 4049., 2126.,  99509, 20231228141500)
 (4050., 4052., 4043., 4045., 3504.,  97496, 20231228143000)
 (4044., 4046., 4033., 4035., 6375.,  94328, 20231228144500)
 (4034., 4051., 4034., 4051., 4364.,  91492, 20231228150000)]
2023-12-29 15:30:00  INFO  [(4045., 4050., 4044., 4046.,  2933., 89956, 20231228211500)
 (4045., 4050., 4041., 4049.,  1713., 88694, 20231228213000)
 (4050., 4055., 4048., 4051.,  1960., 88070, 20231228214500)
 (4053., 4054., 4051., 4053.,  1206., 87461, 20231228220000)
 (4052., 4055., 4051., 4055.,   925., 87086, 20231228221500)
 (4054., 4055., 4052., 4054.,   593., 86764, 20231228223000)
 (4054., 4055., 4053., 4054.,   845., 86378, 20231228224500)
 (4054., 4057., 4053., 4055.,  1110., 85873, 20231228230000)
 (4055., 4056., 4051., 4053.,  1847., 84676, 20231229091500)
 (4053., 4055., 4047., 4052.,  2400., 83425, 20231229093000)
 (4051., 4055., 4051., 4054.,  1351., 82518, 20231229094500)
 (4053., 4057., 4051., 4053.,  2386., 80858, 20231229100000)
 (4052., 4053., 4045., 4046.,  4070., 77980, 20231229101500)
 (4046., 4050., 4040., 4046.,  4786., 74892, 20231229104500)
 (4046., 4050., 4046., 4047.,  2661., 73295, 20231229110000)
 (4047., 4059., 4046., 4058.,  3791., 71074, 20231229111500)
 (4058., 4063., 4056., 4059.,  4630., 67007, 20231229113000)
 (4057., 4057., 4045., 4048.,  6623., 63850, 20231229134500)
 (4047., 4049., 4042., 4046.,  4405., 60747, 20231229140000)
 (4044., 4050., 4044., 4048.,  3902., 57508, 20231229141500)
 (4048., 4050., 4047., 4047.,  3549., 54631, 20231229143000)
 (4047., 4047., 3985., 3988., 11858., 46341, 20231229144500)
 (3988., 4026., 3980., 4009.,  6609., 42125, 20231229150000)]
2024-01-02 15:30:00  INFO  [(4047., 4059., 4046., 4058.,  3791., 71074, 20231229111500)
 (4058., 4063., 4056., 4059.,  4630., 67007, 20231229113000)
 (4057., 4057., 4045., 4048.,  6623., 63850, 20231229134500)
 (4047., 4049., 4042., 4046.,  4405., 60747, 20231229140000)
 (4044., 4050., 4044., 4048.,  3902., 57508, 20231229141500)
 (4048., 4050., 4047., 4047.,  3549., 54631, 20231229143000)
 (4047., 4047., 3985., 3988., 11858., 46341, 20231229144500)
 (3988., 4026., 3980., 4009.,  6609., 42125, 20231229150000)
 (4000., 4040., 3996., 4040.,  1560., 41255, 20240102091500)
 (4040., 4044., 4033., 4041.,   930., 40565, 20240102093000)
 (4040., 4040., 4035., 4037.,   450., 40415, 20240102094500)
 (4037., 4038., 4033., 4038.,   270., 40235, 20240102100000)
 (4036., 4040., 4036., 4040.,   330., 40115, 20240102101500)
 (4040., 4048., 4040., 4047.,   995., 39360, 20240102104500)
 (4047., 4047., 4040., 4040.,   210., 39270, 20240102110000)
 (4040., 4045., 4040., 4040.,   150., 39210, 20240102111500)
 (4040., 4044., 4040., 4040.,   390., 39030, 20240102113000)
 (4040., 4042., 4034., 4042.,   270., 38880, 20240102134500)
 (4043., 4043., 4037., 4037.,   210., 38700, 20240102140000)
 (4041., 4042., 4040., 4041.,   240., 38610, 20240102141500)
 (4041., 4041., 4035., 4039.,   360., 38370, 20240102143000)
 (4039., 4039., 4039., 4039.,    90., 38340, 20240102144500)
 (4039., 4041., 4037., 4041.,   570., 38070, 20240102150000)]
2024-01-03 15:30:00  INFO  [(4049., 4049., 4037., 4041., 780., 38160, 20240102211500)
 (4041., 4047., 4041., 4044., 240., 37950, 20240102213000)
 (4044., 4045., 4044., 4045.,  60., 37890, 20240102214500)
 (4045., 4045., 4043., 4043., 360., 37530, 20240102220000)
 (4044., 4046., 4044., 4046.,  60., 37500, 20240102221500)
 (4046., 4050., 4046., 4047., 540., 37020, 20240102223000)
 (4047., 4047., 4047., 4047., 180., 36900, 20240102224500)
 (4047., 4047., 4040., 4040., 270., 36780, 20240102230000)
 (4040., 4048., 4040., 4048., 180., 36630, 20240103091500)
 (4048., 4048., 4039., 4039.,  30., 36630, 20240103093000)
 (4039., 4048., 4039., 4048., 330., 36360, 20240103094500)
 (4048., 4050., 4045., 4046., 390., 36060, 20240103100000)
 (4046., 4049., 4046., 4047., 120., 35940, 20240103101500)
 (4047., 4049., 4046., 4046., 150., 35850, 20240103104500)
 (4046., 4046., 4041., 4041.,  60., 35880, 20240103110000)
 (4041., 4041., 4040., 4040., 150., 35820, 20240103111500)
 (4040., 4043., 4040., 4042., 240., 35580, 20240103113000)
 (4040., 4040., 4040., 4040., 630., 34950, 20240103134500)
 (4040., 4040., 4038., 4038.,  60., 34890, 20240103140000)
 (4038., 4039., 4038., 4039.,  30., 34920, 20240103141500)
 (4039., 4040., 4036., 4037., 720., 34260, 20240103143000)
 (4037., 4040., 4036., 4040., 660., 33630, 20240103144500)
 (4036., 4040., 4036., 4036., 990., 32760, 20240103150000)]
2024-01-04 15:30:00  INFO  [(4033., 4043., 4033., 4043., 300., 32550, 20240103211500)
 (4043., 4043., 4038., 4038.,  60., 32550, 20240103213000)
 (4038., 4040., 4038., 4040.,  30., 32550, 20240103214500)
 (4038., 4040., 4038., 4040., 300., 32370, 20240103220000)
 (4040., 4041., 4040., 4041.,  30., 32340, 20240103221500)
 (4041., 4041., 4039., 4039.,  30., 32340, 20240103223000)
 (4039., 4043., 4039., 4043.,  30., 32340, 20240103224500)
 (4043., 4043., 4043., 4043.,   0., 32340, 20240103230000)
 (4043., 4044., 4037., 4042., 330., 32070, 20240104091500)
 (4042., 4042., 4042., 4042.,   0., 32070, 20240104093000)
 (4042., 4046., 4042., 4042., 180., 31950, 20240104094500)
 (4042., 4042., 4042., 4042.,   0., 31950, 20240104100000)
 (4042., 4045., 4037., 4037., 300., 31830, 20240104101500)
 (4037., 4037., 4030., 4031., 540., 31290, 20240104104500)
 (4031., 4031., 4024., 4024., 360., 31110, 20240104110000)
 (4024., 4034., 4024., 4028., 390., 30870, 20240104111500)
 (4026., 4030., 4025., 4030., 240., 30660, 20240104113000)
 (4030., 4030., 4015., 4015., 900., 29850, 20240104134500)
 (4015., 4034., 4015., 4034., 420., 29700, 20240104140000)
 (4034., 4034., 4034., 4034.,  90., 29640, 20240104141500)
 (4034., 4035., 4033., 4034., 270., 29460, 20240104143000)
 (4034., 4034., 4034., 4034.,   0., 29460, 20240104144500)
 (4034., 4034., 4030., 4030.,  30., 29430, 20240104150000)]
2024-01-05 15:30:00  INFO  [(4030., 4032., 4023., 4032.,   90., 29370, 20240104211500)
 (4032., 4032., 4025., 4029.,  210., 29190, 20240104213000)
 (4030., 4030., 4025., 4025.,  270., 29010, 20240104214500)
 (4025., 4026., 4025., 4026.,   30., 29010, 20240104220000)
 (4026., 4026., 4010., 4018., 1260., 28410, 20240104221500)
 (4018., 4018., 4018., 4018.,    0., 28410, 20240104223000)
 (4018., 4018., 4016., 4016.,   30., 28380, 20240104224500)
 (4016., 4027., 4016., 4024.,  600., 28290, 20240104230000)
 (4024., 4025., 4019., 4019.,  240., 28110, 20240105091500)
 (4016., 4016., 4000., 4006.,  990., 27240, 20240105093000)
 (4006., 4006., 4004., 4004.,  240., 27000, 20240105094500)
 (4004., 4004., 3990., 3995.,  690., 26370, 20240105100000)
 (3995., 4003., 3988., 3988.,  450., 26040, 20240105101500)
 (3988., 3988., 3978., 3980., 1590., 25080, 20240105104500)
 (3980., 3989., 3980., 3989.,  120., 24990, 20240105110000)
 (3989., 3989., 3989., 3989.,    0., 24990, 20240105111500)
 (3989., 3989., 3979., 3980.,  270., 24810, 20240105113000)
 (3980., 3980., 3979., 3979.,   30., 24780, 20240105134500)
 (3979., 3979., 3972., 3972.,  270., 24600, 20240105140000)
 (3972., 3980., 3970., 3980.,  240., 24420, 20240105141500)
 (3980., 3980., 3979., 3979.,   90., 24420, 20240105143000)
 (3979., 3979., 3973., 3973.,   90., 24360, 20240105144500)
 (3973., 3979., 3967., 3973.,  750., 23910, 20240105150000)]
2024-01-08 15:30:00  INFO  [(3973., 3973., 3960., 3960.,  300., 23820, 20240105211500)
 (3960., 3963., 3957., 3963.,   60., 23820, 20240105213000)
 (3963., 3964., 3961., 3961.,  210., 23610, 20240105214500)
 (3961., 3965., 3961., 3965.,  150., 23460, 20240105220000)
 (3965., 3970., 3965., 3965.,  210., 23340, 20240105221500)
 (3965., 3975., 3965., 3969.,  750., 23040, 20240105223000)
 (3968., 3968., 3968., 3968.,  330., 22800, 20240105224500)
 (3970., 3983., 3970., 3983.,  450., 22440, 20240105230000)
 (3983., 3990., 3981., 3981., 1080., 21420, 20240108091500)
 (3982., 3982., 3964., 3970., 1380., 20100, 20240108093000)
 (3970., 3972., 3970., 3972.,  270., 19890, 20240108094500)
 (3971., 3975., 3968., 3968.,  150., 19770, 20240108100000)
 (3968., 3973., 3968., 3970.,   60., 19740, 20240108101500)
 (3970., 3972., 3969., 3969.,  420., 19560, 20240108104500)
 (3969., 3970., 3968., 3968.,  300., 19320, 20240108110000)
 (3968., 3968., 3959., 3961.,  420., 18930, 20240108111500)
 (3959., 3966., 3954., 3954.,  690., 18360, 20240108113000)
 (3954., 3954., 3937., 3949., 1260., 17220, 20240108134500)
 (3943., 3959., 3943., 3957.,  570., 16860, 20240108140000)
 (3957., 3967., 3956., 3961.,  330., 16620, 20240108141500)
 (3961., 3961., 3953., 3953.,  150., 16500, 20240108143000)
 (3953., 3959., 3951., 3958.,  540., 16050, 20240108144500)
 (3958., 3958., 3950., 3958.,  420., 15750, 20240108150000)]
2024-01-09 15:30:00  INFO  [(3958., 3958., 3940., 3950., 240., 15750, 20240108211500)
 (3950., 3950., 3950., 3950.,  30., 15750, 20240108213000)
 (3950., 3950., 3950., 3950.,   0., 15750, 20240108214500)
 (3950., 3950., 3950., 3950.,   0., 15750, 20240108220000)
 (3950., 3950., 3950., 3950.,   0., 15750, 20240108221500)
 (3950., 3950., 3950., 3950.,   0., 15750, 20240108223000)
 (3950., 3950., 3950., 3950.,   0., 15750, 20240108224500)
 (3950., 3950., 3950., 3950.,   0., 15750, 20240108230000)
 (3948., 3949., 3948., 3949.,  90., 15720, 20240109091500)
 (3949., 3949., 3940., 3940., 480., 15240, 20240109093000)
 (3940., 3950., 3940., 3945.,  90., 15240, 20240109094500)
 (3945., 3945., 3939., 3939.,  30., 15270, 20240109100000)
 (3939., 3941., 3938., 3938., 150., 15240, 20240109101500)
 (3938., 3939., 3938., 3938., 120., 15120, 20240109104500)
 (3938., 3938., 3938., 3938.,   0., 15120, 20240109110000)
 (3938., 3938., 3938., 3938.,   0., 15120, 20240109111500)
 (3938., 3938., 3938., 3938.,   0., 15120, 20240109113000)
 (3938., 3938., 3938., 3938., 180., 15120, 20240109134500)
 (3943., 3943., 3943., 3943.,  60., 15060, 20240109140000)
 (3943., 3943., 3943., 3943.,   0., 15060, 20240109141500)
 (3943., 3943., 3943., 3943.,   0., 15060, 20240109143000)
 (3943., 3943., 3943., 3943.,   0., 15060, 20240109144500)
 (3943., 3943., 3931., 3931., 510., 14550, 20240109150000)]
2024-01-10 15:30:00  INFO  [(3931., 3940., 3931., 3940., 120., 14430, 20240109211500)
 (3940., 3940., 3934., 3934.,  30., 14400, 20240109213000)
 (3933., 3933., 3932., 3932., 150., 14250, 20240109214500)
 (3932., 3949., 3932., 3940., 270., 14130, 20240109220000)
 (3940., 3950., 3940., 3950., 210., 14010, 20240109221500)
 (3950., 3950., 3950., 3950.,   0., 14010, 20240109223000)
 (3950., 3950., 3940., 3940.,  30., 13980, 20240109224500)
 (3940., 3940., 3934., 3934.,  90., 13920, 20240109230000)
 (3934., 3934., 3930., 3930., 150., 13770, 20240110091500)
 (3930., 3930., 3930., 3930.,   0., 13770, 20240110093000)
 (3930., 3930., 3923., 3923., 180., 13590, 20240110094500)
 (3923., 3930., 3923., 3930.,  90., 13500, 20240110100000)
 (3930., 3930., 3930., 3930.,   0., 13500, 20240110101500)
 (3938., 3938., 3923., 3929., 540., 13140, 20240110104500)
 (3929., 3929., 3905., 3905., 180., 12990, 20240110110000)
 (3905., 3905., 3905., 3905.,   0., 12990, 20240110111500)
 (3905., 3905., 3905., 3905.,   0., 12990, 20240110113000)
 (3905., 3911., 3905., 3911.,  30., 12990, 20240110134500)
 (3911., 3913., 3905., 3910., 150., 12870, 20240110140000)
 (3910., 3910., 3909., 3909.,  30., 12840, 20240110141500)
 (3909., 3912., 3900., 3912., 210., 12690, 20240110143000)
 (3912., 3912., 3900., 3900.,  60., 12630, 20240110144500)
 (3900., 3900., 3880., 3880., 300., 12420, 20240110150000)]
2024-01-11 15:30:00  INFO  [(3880., 3880., 3880., 3880., 150., 12270, 20240110211500)
 (3880., 3885., 3880., 3885., 120., 12150, 20240110213000)
 (3885., 3900., 3885., 3900.,  90., 12150, 20240110214500)
 (3901., 3914., 3901., 3914.,  60., 12120, 20240110220000)
 (3905., 3905., 3905., 3905.,  30., 12090, 20240110221500)
 (3905., 3905., 3905., 3905.,   0., 12090, 20240110223000)
 (3905., 3905., 3905., 3905.,   0., 12090, 20240110224500)
 (3905., 3905., 3905., 3905.,   0., 12090, 20240110230000)
 (3905., 3905., 3905., 3905.,   0., 12090, 20240111091500)
 (3905., 3906., 3905., 3906.,  60., 12030, 20240111093000)
 (3915., 3915., 3915., 3915.,  90., 11940, 20240111094500)
 (3906., 3906., 3906., 3906.,  60., 11880, 20240111100000)
 (3906., 3914., 3905., 3914., 210., 11760, 20240111101500)
 (3914., 3914., 3914., 3914.,  60., 11700, 20240111104500)
 (3914., 3915., 3914., 3915.,  90., 11610, 20240111110000)
 (3915., 3915., 3914., 3915., 180., 11490, 20240111111500)
 (3915., 3918., 3915., 3918., 180., 11310, 20240111113000)
 (3918., 3929., 3918., 3929., 240., 11070, 20240111134500)
 (3929., 3929., 3927., 3927.,  60., 11010, 20240111140000)
 (3927., 3929., 3927., 3929.,  90., 11010, 20240111141500)
 (3930., 3930., 3929., 3930., 240., 10950, 20240111143000)
 (3930., 3930., 3930., 3930.,   0., 10950, 20240111144500)
 (3930., 3931., 3930., 3931.,  30., 10950, 20240111150000)]
2024-01-12 15:30:00  INFO  [(3931., 3935., 3931., 3935.,  30., 10920, 20240111211500)
 (3935., 3938., 3935., 3938.,  90., 10920, 20240111213000)
 (3938., 3938., 3938., 3938.,   0., 10920, 20240111214500)
 (3938., 3938., 3938., 3938.,   0., 10920, 20240111220000)
 (3938., 3938., 3938., 3938.,   0., 10920, 20240111221500)
 (3938., 3938., 3938., 3938.,   0., 10920, 20240111223000)
 (3938., 3938., 3938., 3938.,   0., 10920, 20240111224500)
 (3938., 3938., 3927., 3927.,  30., 10890, 20240111230000)
 (3927., 3927., 3927., 3927.,   0., 10890, 20240112091500)
 (3927., 3938., 3925., 3925., 420., 10740, 20240112093000)
 (3925., 3925., 3901., 3901., 180., 10560, 20240112094500)
 (3901., 3901., 3900., 3900.,  30., 10560, 20240112100000)
 (3900., 3900., 3900., 3900.,   0., 10560, 20240112101500)
 (3900., 3938., 3900., 3938.,  60., 10500, 20240112104500)
 (3938., 3938., 3938., 3938.,   0., 10500, 20240112110000)
 (3938., 3938., 3938., 3938.,   0., 10500, 20240112111500)
 (3938., 3938., 3938., 3938.,   0., 10500, 20240112113000)
 (3938., 3938., 3938., 3938.,   0., 10500, 20240112134500)
 (3938., 3938., 3938., 3938.,   0., 10500, 20240112140000)
 (3938., 3938., 3938., 3938.,   0., 10500, 20240112141500)
 (3938., 3938., 3937., 3937.,  30., 10500, 20240112143000)
 (3937., 3937., 3937., 3937.,   0., 10500, 20240112144500)
 (3937., 3937., 3926., 3926.,  60., 10440, 20240112150000)]
2024-01-15 15:30:00  INFO  [(3926., 3926., 3910., 3925., 150., 10350, 20240112211500)
 (3915., 3915., 3871., 3871., 120., 10350, 20240112213000)
 (3871., 3942., 3871., 3942., 180., 10380, 20240112214500)
 (3942., 3942., 3942., 3942.,   0., 10380, 20240112220000)
 (3942., 3942., 3942., 3942.,   0., 10380, 20240112221500)
 (3942., 3942., 3942., 3942.,   0., 10380, 20240112223000)
 (3942., 3942., 3942., 3942.,   0., 10380, 20240112224500)
 (3942., 3942., 3942., 3942.,   0., 10380, 20240112230000)
 (3942., 3942., 3942., 3942.,   0., 10380, 20240115091500)
 (3942., 3942., 3942., 3942.,   0., 10380, 20240115093000)
 (3942., 3942., 3942., 3942.,   0., 10380, 20240115094500)
 (3942., 3942., 3942., 3942.,   0., 10380, 20240115100000)
 (3942., 3942., 3930., 3930.,  30., 10350, 20240115101500)
 (3930., 3930., 3870., 3870.,  90., 10350, 20240115104500)
 (3870., 3870., 3870., 3870.,   0., 10350, 20240115110000)
 (3870., 3929., 3870., 3929., 330., 10020, 20240115111500)
 (3929., 3929., 3920., 3920.,  30.,  9990, 20240115113000)
 (3920., 3920., 3920., 3920.,   0.,  9990, 20240115134500)
 (3920., 3920., 3920., 3920.,   0.,  9990, 20240115140000)
 (3920., 3937., 3920., 3937.,  30.,  9990, 20240115141500)
 (3937., 3937., 3937., 3937.,   0.,  9990, 20240115143000)
 (3937., 3937., 3937., 3937.,   0.,  9990, 20240115144500)
 (3937., 3946., 3937., 3946.,  30.,  9960, 20240115150000)]
