2024-10-16 15:30:00  INFO  [(3506., 3578., 3506., 3566., 122.,  79, 20241015211500)
 (3566., 3578., 3563., 3578.,  36., 109, 20241015213000)
 (3578., 3579., 3557., 3558.,  28., 130, 20241015214500)
 (3558., 3572., 3558., 3566., 147., 254, 20241015220000)
 (3566., 3570., 3566., 3570.,  21., 260, 20241015221500)
 (3570., 3573., 3569., 3573.,   3., 263, 20241015223000)
 (3570., 3573., 3565., 3573.,  27., 283, 20241015224500)
 (3573., 3573., 3566., 3569.,  34., 308, 20241015230000)
 (3572., 3578., 3565., 3575.,  95., 381, 20241016091500)
 (3577., 3579., 3558., 3562.,  88., 444, 20241016093000)
 (3564., 3580., 3558., 3578.,  26., 463, 20241016094500)
 (3580., 3580., 3573., 3579.,  41., 496, 20241016100000)
 (3577., 3577., 3566., 3566.,  37., 526, 20241016101500)
 (3566., 3571., 3565., 3565.,  21., 534, 20241016104500)
 (3565., 3574., 3564., 3572.,  29., 553, 20241016110000)
 (3572., 3593., 3572., 3589.,  51., 588, 20241016111500)
 (3589., 3589., 3570., 3570.,  38., 602, 20241016113000)
 (3570., 3576., 3570., 3576.,  12., 611, 20241016134500)
 (3576., 3579., 3567., 3568.,  10., 617, 20241016140000)
 (3568., 3572., 3559., 3564., 245., 814, 20241016141500)
 (3564., 3576., 3564., 3575.,  33., 841, 20241016143000)
 (3575., 3575., 3566., 3569.,  13., 852, 20241016144500)
 (3569., 3569., 3551., 3551.,  52., 879, 20241016150000)]
2024-10-17 15:30:00  INFO  [(3551., 3567., 3551., 3558., 123.,  946, 20241016211500)
 (3556., 3561., 3554., 3555.,  41.,  975, 20241016213000)
 (3555., 3556., 3551., 3555.,  23.,  980, 20241016214500)
 (3555., 3563., 3555., 3560.,  18.,  991, 20241016220000)
 (3562., 3568., 3562., 3566.,  25.,  998, 20241016221500)
 (3566., 3574., 3565., 3572.,  40., 1021, 20241016223000)
 (3573., 3573., 3564., 3564.,  88., 1063, 20241016224500)
 (3564., 3575., 3564., 3568.,  59., 1074, 20241016230000)
 (3570., 3574., 3567., 3567.,  16., 1077, 20241017091500)
 (3568., 3570., 3566., 3569.,   6., 1080, 20241017093000)
 (3570., 3571., 3565., 3571.,  19., 1083, 20241017094500)
 (3571., 3571., 3566., 3566.,   7., 1083, 20241017100000)
 (3563., 3593., 3563., 3570.,  96., 1103, 20241017101500)
 (3560., 3582., 3490., 3507., 458., 1303, 20241017104500)
 (3507., 3518., 3491., 3496., 210., 1378, 20241017110000)
 (3494., 3502., 3456., 3478., 243., 1378, 20241017111500)
 (3473., 3481., 3465., 3466.,  76., 1401, 20241017113000)
 (3475., 3485., 3450., 3460.,  52., 1426, 20241017134500)
 (3459., 3462., 3450., 3451., 157., 1485, 20241017140000)
 (3451., 3452., 3438., 3439.,  92., 1549, 20241017141500)
 (3438., 3438., 3430., 3436., 177., 1621, 20241017143000)
 (3436., 3444., 3425., 3427., 246., 1716, 20241017144500)
 (3433., 3433., 3400., 3401., 167., 1785, 20241017150000)]
2024-10-18 15:30:00  INFO  [(3400., 3423., 3400., 3422., 354., 2024, 20241017211500)
 (3420., 3427., 3419., 3427.,  41., 2040, 20241017213000)
 (3425., 3431., 3424., 3429., 132., 2078, 20241017214500)
 (3427., 3430., 3425., 3425., 148., 2200, 20241017220000)
 (3425., 3426., 3417., 3426.,  35., 2213, 20241017221500)
 (3426., 3426., 3415., 3415.,  16., 2216, 20241017223000)
 (3418., 3418., 3406., 3406.,  45., 2237, 20241017224500)
 (3409., 3413., 3400., 3400.,  79., 2233, 20241017230000)
 (3400., 3432., 3400., 3430., 166., 2276, 20241018091500)
 (3430., 3435., 3415., 3424., 117., 2267, 20241018093000)
 (3424., 3427., 3415., 3417.,  52., 2290, 20241018094500)
 (3422., 3422., 3408., 3410.,  40., 2290, 20241018100000)
 (3408., 3413., 3408., 3408.,  40., 2307, 20241018101500)
 (3414., 3432., 3412., 3425.,  51., 2321, 20241018104500)
 (3427., 3432., 3420., 3423.,  13., 2320, 20241018110000)
 (3423., 3423., 3411., 3414.,   4., 2320, 20241018111500)
 (3413., 3415., 3400., 3409.,  71., 2318, 20241018113000)
 (3412., 3444., 3412., 3442.,  60., 2324, 20241018134500)
 (3444., 3450., 3443., 3450.,  92., 2309, 20241018140000)
 (3450., 3454., 3443., 3449.,  59., 2328, 20241018141500)
 (3451., 3460., 3449., 3453., 160., 2453, 20241018143000)
 (3450., 3494., 3449., 3468., 420., 2630, 20241018144500)
 (3468., 3469., 3437., 3443.,  82., 2639, 20241018150000)]
2024-10-21 15:30:00  INFO  [(3443., 3459., 3442., 3459., 152., 2695, 20241018211500)
 (3460., 3476., 3456., 3469., 164., 2804, 20241018213000)
 (3469., 3475., 3463., 3466.,  62., 2836, 20241018214500)
 (3465., 3472., 3461., 3472.,  21., 2835, 20241018220000)
 (3472., 3472., 3455., 3455.,  31., 2839, 20241018221500)
 (3456., 3461., 3450., 3455.,  39., 2829, 20241018223000)
 (3458., 3459., 3454., 3454.,  18., 2824, 20241018224500)
 (3457., 3460., 3452., 3452.,  12., 2815, 20241018230000)
 (3462., 3483., 3458., 3476., 121., 2829, 20241021091500)
 (3477., 3477., 3462., 3472., 188., 2847, 20241021093000)
 (3472., 3474., 3460., 3464., 126., 2828, 20241021094500)
 (3464., 3464., 3454., 3464.,  56., 2838, 20241021100000)
 (3464., 3475., 3464., 3474.,  81., 2861, 20241021101500)
 (3470., 3480., 3470., 3471., 117., 2852, 20241021104500)
 (3471., 3479., 3471., 3475., 176., 2856, 20241021110000)
 (3472., 3478., 3472., 3478.,  15., 2856, 20241021111500)
 (3478., 3479., 3471., 3479.,  52., 2892, 20241021113000)
 (3471., 3474., 3465., 3472., 175., 2985, 20241021134500)
 (3470., 3473., 3466., 3468.,  69., 3033, 20241021140000)
 (3465., 3472., 3464., 3469.,  13., 3028, 20241021141500)
 (3471., 3471., 3462., 3467.,  35., 3055, 20241021143000)
 (3467., 3469., 3462., 3467.,  31., 3055, 20241021144500)
 (3466., 3477., 3463., 3463.,  45., 3046, 20241021150000)]
2024-10-22 15:30:00  INFO  [(3467., 3476., 3460., 3470.,  29., 3050, 20241021211500)
 (3470., 3477., 3466., 3477., 116., 3117, 20241021213000)
 (3474., 3478., 3468., 3469.,  17., 3116, 20241021214500)
 (3469., 3476., 3469., 3470.,  11., 3123, 20241021220000)
 (3470., 3470., 3452., 3462.,  41., 3119, 20241021221500)
 (3462., 3463., 3453., 3458.,  34., 3123, 20241021223000)
 (3456., 3456., 3440., 3448.,  59., 3131, 20241021224500)
 (3448., 3448., 3435., 3438.,  81., 3155, 20241021230000)
 (3445., 3445., 3435., 3438., 128., 3218, 20241022091500)
 (3437., 3440., 3435., 3436.,  54., 3243, 20241022093000)
 (3436., 3450., 3436., 3449., 162., 3243, 20241022094500)
 (3449., 3449., 3441., 3441.,  28., 3246, 20241022100000)
 (3444., 3447., 3440., 3442.,  33., 3248, 20241022101500)
 (3442., 3444., 3428., 3429., 184., 3335, 20241022104500)
 (3424., 3436., 3418., 3434., 419., 3031, 20241022110000)
 (3433., 3449., 3433., 3442., 320., 2886, 20241022111500)
 (3442., 3449., 3439., 3449.,  10., 2883, 20241022113000)
 (3438., 3444., 3435., 3435., 170., 2925, 20241022134500)
 (3438., 3443., 3430., 3441., 206., 2946, 20241022140000)
 (3441., 3454., 3441., 3448., 217., 2965, 20241022141500)
 (3447., 3452., 3442., 3448., 276., 2992, 20241022143000)
 (3444., 3445., 3428., 3430., 258., 3045, 20241022144500)
 (3428., 3443., 3425., 3441., 346., 3163, 20241022150000)]
2024-10-23 15:30:00  INFO  [(3442., 3454., 3441., 3446., 115., 3166, 20241022211500)
 (3444., 3455., 3444., 3452.,  23., 3168, 20241022213000)
 (3452., 3452., 3448., 3450.,   5., 3166, 20241022214500)
 (3450., 3451., 3444., 3449.,  10., 3165, 20241022220000)
 (3449., 3452., 3445., 3452.,  13., 3172, 20241022221500)
 (3452., 3452., 3447., 3447.,   3., 3172, 20241022223000)
 (3450., 3450., 3450., 3450.,   2., 3174, 20241022224500)
 (3454., 3455., 3451., 3451.,  27., 3170, 20241022230000)
 (3447., 3450., 3444., 3444.,  21., 3174, 20241023091500)
 (3444., 3448., 3442., 3448.,   6., 3175, 20241023093000)
 (3440., 3448., 3438., 3447.,  78., 3220, 20241023094500)
 (3447., 3447., 3438., 3440.,  51., 3200, 20241023100000)
 (3440., 3447., 3440., 3445.,   9., 3198, 20241023101500)
 (3445., 3445., 3432., 3435.,  81., 3187, 20241023104500)
 (3435., 3435., 3430., 3434.,  21., 3197, 20241023110000)
 (3432., 3443., 3432., 3442.,  17., 3201, 20241023111500)
 (3442., 3445., 3434., 3442.,  35., 3222, 20241023113000)
 (3446., 3466., 3443., 3453., 185., 3195, 20241023134500)
 (3452., 3459., 3452., 3456.,  34., 3185, 20241023140000)
 (3456., 3456., 3438., 3447.,  43., 3180, 20241023141500)
 (3447., 3450., 3435., 3436., 346., 3361, 20241023143000)
 (3436., 3436., 3425., 3426., 153., 3434, 20241023144500)
 (3426., 3436., 3422., 3434.,  73., 3459, 20241023150000)]
2024-10-24 15:30:00  INFO  [(3420., 3431., 3420., 3423.,  52., 3472, 20241023211500)
 (3423., 3429., 3423., 3425.,  21., 3462, 20241023213000)
 (3425., 3431., 3408., 3431.,  61., 3464, 20241023214500)
 (3433., 3434., 3430., 3433.,  14., 3465, 20241023220000)
 (3433., 3433., 3428., 3428.,  27., 3485, 20241023221500)
 (3432., 3436., 3432., 3436.,  19., 3499, 20241023223000)
 (3436., 3436., 3432., 3434.,  23., 3495, 20241023224500)
 (3437., 3439., 3433., 3439.,  35., 3486, 20241023230000)
 (3439., 3439., 3426., 3427.,  21., 3486, 20241024091500)
 (3428., 3428., 3423., 3424.,  24., 3495, 20241024093000)
 (3424., 3428., 3416., 3427., 173., 3569, 20241024094500)
 (3427., 3433., 3426., 3426.,  47., 3585, 20241024100000)
 (3426., 3432., 3421., 3426.,   9., 3585, 20241024101500)
 (3424., 3436., 3424., 3428.,  87., 3611, 20241024104500)
 (3426., 3426., 3413., 3416., 253., 3658, 20241024110000)
 (3417., 3422., 3417., 3422.,  30., 3659, 20241024111500)
 (3421., 3423., 3418., 3423.,  13., 3653, 20241024113000)
 (3419., 3422., 3407., 3416., 176., 3721, 20241024134500)
 (3415., 3421., 3413., 3413.,  27., 3729, 20241024140000)
 (3414., 3421., 3413., 3421.,  32., 3743, 20241024141500)
 (3421., 3429., 3421., 3424.,  32., 3734, 20241024143000)
 (3425., 3438., 3425., 3437.,  94., 3743, 20241024144500)
 (3438., 3445., 3436., 3441., 115., 3754, 20241024150000)]
2024-10-25 15:30:00  INFO  [(3444., 3450., 3439., 3450., 119., 3789, 20241024211500)
 (3450., 3468., 3446., 3464., 118., 3789, 20241024213000)
 (3464., 3470., 3464., 3470., 215., 3786, 20241024214500)
 (3470., 3474., 3460., 3474., 485., 3879, 20241024220000)
 (3475., 3491., 3475., 3481., 277., 3991, 20241024221500)
 (3481., 3483., 3477., 3481.,  63., 4010, 20241024223000)
 (3481., 3481., 3475., 3475.,  25., 4021, 20241024224500)
 (3482., 3483., 3465., 3473.,  94., 3992, 20241024230000)
 (3469., 3480., 3467., 3467.,  21., 3993, 20241025091500)
 (3469., 3471., 3465., 3471., 112., 4002, 20241025093000)
 (3471., 3477., 3470., 3475.,  48., 4024, 20241025094500)
 (3475., 3475., 3467., 3468., 104., 4066, 20241025100000)
 (3465., 3479., 3464., 3479.,  52., 4055, 20241025101500)
 (3475., 3476., 3469., 3472., 110., 4098, 20241025104500)
 (3474., 3481., 3473., 3478., 478., 4481, 20241025110000)
 (3478., 3478., 3473., 3476.,  43., 4505, 20241025111500)
 (3476., 3481., 3472., 3481.,  12., 4502, 20241025113000)
 (3481., 3484., 3470., 3474., 150., 4571, 20241025134500)
 (3476., 3477., 3472., 3477.,  19., 4576, 20241025140000)
 (3477., 3479., 3473., 3477., 109., 4631, 20241025141500)
 (3477., 3477., 3472., 3475.,   5., 4628, 20241025143000)
 (3475., 3479., 3473., 3477.,  13., 4626, 20241025144500)
 (3478., 3480., 3473., 3475.,  32., 4621, 20241025150000)]
2024-10-28 15:30:00  INFO  [(3482., 3506., 3479., 3500., 143., 4641, 20241025211500)
 (3502., 3511., 3499., 3510., 116., 4625, 20241025213000)
 (3511., 3518., 3511., 3517.,  81., 4618, 20241025214500)
 (3517., 3526., 3517., 3526., 189., 4617, 20241025220000)
 (3525., 3530., 3524., 3530.,  44., 4634, 20241025221500)
 (3527., 3533., 3526., 3526.,  18., 4630, 20241025223000)
 (3526., 3532., 3525., 3530.,  54., 4626, 20241025224500)
 (3532., 3549., 3527., 3535., 197., 4652, 20241025230000)
 (3546., 3553., 3535., 3539., 140., 4664, 20241028091500)
 (3539., 3545., 3536., 3542.,  73., 4673, 20241028093000)
 (3544., 3544., 3533., 3535.,  45., 4703, 20241028094500)
 (3535., 3538., 3535., 3537.,  25., 4716, 20241028100000)
 (3537., 3551., 3537., 3551.,  31., 4724, 20241028101500)
 (3551., 3562., 3546., 3560., 144., 4789, 20241028104500)
 (3557., 3565., 3557., 3565.,  72., 4822, 20241028110000)
 (3567., 3571., 3556., 3556., 128., 4870, 20241028111500)
 (3560., 3570., 3559., 3570.,  29., 4872, 20241028113000)
 (3567., 3577., 3567., 3569.,  45., 4881, 20241028134500)
 (3567., 3570., 3565., 3565.,  27., 4880, 20241028140000)
 (3565., 3570., 3562., 3566.,  34., 4879, 20241028141500)
 (3564., 3565., 3553., 3556.,  61., 4885, 20241028143000)
 (3557., 3558., 3554., 3555.,  76., 4928, 20241028144500)
 (3555., 3567., 3555., 3565.,  59., 4921, 20241028150000)]
2024-10-29 15:30:00  INFO  [(3563., 3571., 3555., 3566.,  56., 4913, 20241028211500)
 (3566., 3566., 3560., 3565., 125., 4992, 20241028213000)
 (3566., 3570., 3565., 3567.,  43., 5013, 20241028214500)
 (3567., 3567., 3563., 3565.,  19., 5015, 20241028220000)
 (3568., 3568., 3565., 3567.,   6., 5016, 20241028221500)
 (3567., 3567., 3558., 3559.,  32., 5018, 20241028223000)
 (3557., 3559., 3550., 3550.,  31., 5016, 20241028224500)
 (3551., 3561., 3543., 3559.,  84., 4981, 20241028230000)
 (3559., 3559., 3547., 3547., 100., 5036, 20241029091500)
 (3547., 3554., 3547., 3551.,  24., 5050, 20241029093000)
 (3551., 3551., 3539., 3539.,  59., 5073, 20241029094500)
 (3538., 3541., 3530., 3541.,  67., 5077, 20241029100000)
 (3546., 3546., 3535., 3546.,  70., 5077, 20241029101500)
 (3547., 3550., 3542., 3543.,  59., 5097, 20241029104500)
 (3543., 3543., 3539., 3539.,  17., 5101, 20241029110000)
 (3537., 3537., 3532., 3534.,  30., 5106, 20241029111500)
 (3534., 3538., 3530., 3530.,  67., 5083, 20241029113000)
 (3530., 3530., 3521., 3526.,  98., 5092, 20241029134500)
 (3526., 3526., 3522., 3526.,  25., 5101, 20241029140000)
 (3526., 3527., 3520., 3525.,  58., 5090, 20241029141500)
 (3525., 3537., 3525., 3537., 122., 5169, 20241029143000)
 (3537., 3538., 3527., 3527.,  30., 5173, 20241029144500)
 (3532., 3534., 3523., 3534.,  42., 5171, 20241029150000)]
2024-10-30 15:30:00  INFO  [(3550., 3569., 3548., 3566., 123., 5194, 20241029211500)
 (3566., 3572., 3551., 3558.,  95., 5214, 20241029213000)
 (3558., 3558., 3550., 3554.,  25., 5216, 20241029214500)
 (3552., 3555., 3541., 3546.,  29., 5217, 20241029220000)
 (3545., 3546., 3540., 3545.,  20., 5207, 20241029221500)
 (3545., 3552., 3542., 3552.,  12., 5210, 20241029223000)
 (3552., 3552., 3547., 3552.,   3., 5210, 20241029224500)
 (3554., 3555., 3544., 3547.,  81., 5233, 20241029230000)
 (3547., 3550., 3544., 3544., 128., 5286, 20241030091500)
 (3546., 3546., 3536., 3537.,  22., 5290, 20241030093000)
 (3537., 3547., 3537., 3545.,  46., 5291, 20241030094500)
 (3545., 3549., 3542., 3549.,  51., 5294, 20241030100000)
 (3549., 3549., 3542., 3543.,  24., 5302, 20241030101500)
 (3542., 3543., 3534., 3543.,  82., 5276, 20241030104500)
 (3543., 3546., 3543., 3544.,  17., 5289, 20241030110000)
 (3544., 3548., 3538., 3538.,  11., 5296, 20241030111500)
 (3541., 3541., 3530., 3534.,  72., 5290, 20241030113000)
 (3530., 3535., 3523., 3532., 172., 5333, 20241030134500)
 (3533., 3536., 3528., 3530.,  84., 5364, 20241030140000)
 (3530., 3535., 3530., 3535.,  59., 5346, 20241030141500)
 (3536., 3538., 3535., 3535.,  31., 5350, 20241030143000)
 (3535., 3549., 3535., 3548., 135., 5367, 20241030144500)
 (3547., 3549., 3536., 3548., 243., 5423, 20241030150000)]
2024-10-31 15:30:00  INFO  [(3541., 3550., 3539., 3539.,  60., 5426, 20241030211500)
 (3539., 3539., 3531., 3532., 124., 5456, 20241030213000)
 (3533., 3538., 3533., 3537.,  46., 5448, 20241030214500)
 (3539., 3544., 3536., 3542.,  46., 5452, 20241030220000)
 (3545., 3555., 3541., 3551.,  89., 5489, 20241030221500)
 (3552., 3554., 3546., 3550.,  29., 5492, 20241030223000)
 (3550., 3550., 3545., 3547.,   3., 5493, 20241030224500)
 (3550., 3550., 3544., 3550.,  35., 5492, 20241030230000)
 (3546., 3547., 3542., 3546.,  89., 5537, 20241031091500)
 (3545., 3555., 3545., 3550.,  62., 5565, 20241031093000)
 (3550., 3553., 3548., 3553.,  19., 5571, 20241031094500)
 (3553., 3554., 3546., 3551.,  15., 5577, 20241031100000)
 (3552., 3555., 3544., 3544.,  20., 5574, 20241031101500)
 (3546., 3561., 3546., 3553.,  61., 5598, 20241031104500)
 (3555., 3555., 3547., 3550.,  32., 5603, 20241031110000)
 (3549., 3555., 3549., 3555.,  11., 5600, 20241031111500)
 (3555., 3555., 3544., 3544.,  25., 5604, 20241031113000)
 (3544., 3547., 3540., 3546.,  40., 5590, 20241031134500)
 (3549., 3549., 3541., 3547.,  22., 5601, 20241031140000)
 (3547., 3551., 3547., 3549.,  37., 5612, 20241031141500)
 (3548., 3548., 3538., 3540.,  39., 5611, 20241031143000)
 (3540., 3545., 3535., 3538., 207., 5671, 20241031144500)
 (3540., 3546., 3538., 3546.,  39., 5675, 20241031150000)]
2024-11-01 15:30:00  INFO  [(3557., 3557., 3541., 3544.,  53., 5676, 20241031211500)
 (3544., 3544., 3541., 3541.,  12., 5676, 20241031213000)
 (3541., 3542., 3532., 3539., 113., 5669, 20241031214500)
 (3541., 3543., 3537., 3537., 165., 5823, 20241031220000)
 (3536., 3536., 3525., 3533., 150., 5827, 20241031221500)
 (3533., 3540., 3530., 3530.,  52., 5856, 20241031223000)
 (3530., 3531., 3525., 3525.,  73., 5813, 20241031224500)
 (3528., 3532., 3510., 3512., 188., 5770, 20241031230000)
 (3514., 3521., 3502., 3518., 429., 5907, 20241101091500)
 (3518., 3528., 3514., 3524., 227., 5946, 20241101093000)
 (3521., 3529., 3516., 3516., 129., 5985, 20241101094500)
 (3521., 3532., 3519., 3527.,  74., 5977, 20241101100000)
 (3527., 3527., 3511., 3511.,  77., 5970, 20241101101500)
 (3515., 3529., 3515., 3523.,  66., 5983, 20241101104500)
 (3525., 3526., 3519., 3523.,  15., 5974, 20241101110000)
 (3523., 3523., 3519., 3522.,   7., 5976, 20241101111500)
 (3522., 3538., 3522., 3538., 117., 6004, 20241101113000)
 (3535., 3535., 3527., 3534., 130., 6070, 20241101134500)
 (3535., 3538., 3529., 3535., 126., 6108, 20241101140000)
 (3535., 3538., 3524., 3527., 268., 6210, 20241101141500)
 (3524., 3528., 3519., 3520., 140., 6260, 20241101143000)
 (3525., 3531., 3524., 3530.,  26., 6261, 20241101144500)
 (3529., 3532., 3520., 3522.,  80., 6238, 20241101150000)]
2024-11-04 15:30:00  INFO  [(3524., 3566., 3524., 3545., 406., 6252, 20241101211500)
 (3546., 3550., 3543., 3545.,  38., 6249, 20241101213000)
 (3543., 3545., 3535., 3536.,  95., 6258, 20241101214500)
 (3536., 3539., 3533., 3534.,  25., 6250, 20241101220000)
 (3534., 3539., 3523., 3525.,  90., 6274, 20241101221500)
 (3525., 3529., 3490., 3495., 594., 6295, 20241101223000)
 (3495., 3522., 3492., 3510., 305., 6408, 20241101224500)
 (3508., 3519., 3497., 3505., 247., 6351, 20241101230000)
 (3501., 3526., 3501., 3517., 306., 6472, 20241104091500)
 (3520., 3523., 3515., 3516.,  82., 6474, 20241104093000)
 (3516., 3517., 3507., 3510., 241., 6472, 20241104094500)
 (3510., 3511., 3505., 3508., 175., 6471, 20241104100000)
 (3504., 3509., 3503., 3508.,  28., 6471, 20241104101500)
 (3506., 3510., 3502., 3503.,  46., 6464, 20241104104500)
 (3504., 3513., 3504., 3513.,  52., 6471, 20241104110000)
 (3513., 3516., 3510., 3515.,  36., 6493, 20241104111500)
 (3514., 3539., 3514., 3534., 336., 6570, 20241104113000)
 (3531., 3531., 3522., 3526., 218., 6502, 20241104134500)
 (3525., 3533., 3522., 3533., 155., 6585, 20241104140000)
 (3533., 3537., 3530., 3534.,  95., 6597, 20241104141500)
 (3534., 3540., 3529., 3534.,  65., 6597, 20241104143000)
 (3534., 3536., 3530., 3536.,  43., 6586, 20241104144500)
 (3536., 3554., 3530., 3552., 250., 6553, 20241104150000)]
2024-11-05 15:30:00  INFO  [(3560., 3560., 3533., 3533.,  95., 6542, 20241104211500)
 (3533., 3546., 3533., 3540., 118., 6557, 20241104213000)
 (3540., 3544., 3540., 3541.,   3., 6559, 20241104214500)
 (3541., 3547., 3541., 3547.,  45., 6571, 20241104220000)
 (3546., 3550., 3545., 3550., 207., 6745, 20241104221500)
 (3547., 3550., 3540., 3540.,  50., 6761, 20241104223000)
 (3540., 3548., 3540., 3548.,  11., 6759, 20241104224500)
 (3545., 3550., 3544., 3549., 102., 6752, 20241104230000)
 (3541., 3548., 3538., 3542.,  47., 6757, 20241105091500)
 (3541., 3543., 3536., 3543.,  64., 6750, 20241105093000)
 (3543., 3547., 3538., 3547.,  33., 6753, 20241105094500)
 (3546., 3550., 3545., 3550.,  52., 6751, 20241105100000)
 (3551., 3562., 3549., 3562., 191., 6772, 20241105101500)
 (3564., 3564., 3554., 3556., 109., 6744, 20241105104500)
 (3559., 3561., 3555., 3555.,  77., 6767, 20241105110000)
 (3555., 3562., 3554., 3561.,  57., 6758, 20241105111500)
 (3563., 3565., 3559., 3562.,  35., 6772, 20241105113000)
 (3565., 3569., 3562., 3566., 207., 6831, 20241105134500)
 (3565., 3569., 3562., 3565.,  87., 6860, 20241105140000)
 (3565., 3568., 3558., 3566., 193., 6943, 20241105141500)
 (3568., 3568., 3565., 3568.,  79., 6961, 20241105143000)
 (3567., 3570., 3566., 3566., 215., 7090, 20241105144500)
 (3566., 3567., 3551., 3555., 338., 7171, 20241105150000)]
2024-11-06 15:30:00  INFO  [(3562., 3566., 3556., 3563.,  93., 7175, 20241105211500)
 (3563., 3563., 3558., 3558.,  30., 7175, 20241105213000)
 (3560., 3560., 3553., 3553., 248., 7300, 20241105214500)
 (3553., 3557., 3551., 3551.,  30., 7296, 20241105220000)
 (3554., 3555., 3548., 3548., 195., 7388, 20241105221500)
 (3548., 3558., 3547., 3557.,  22., 7390, 20241105223000)
 (3558., 3561., 3553., 3553.,  56., 7390, 20241105224500)
 (3554., 3559., 3551., 3556., 164., 7328, 20241105230000)
 (3556., 3556., 3538., 3545., 193., 7397, 20241106091500)
 (3546., 3547., 3539., 3541., 205., 7444, 20241106093000)
 (3541., 3551., 3538., 3546., 330., 7590, 20241106094500)
 (3545., 3550., 3544., 3545., 135., 7656, 20241106100000)
 (3548., 3556., 3547., 3549., 116., 7665, 20241106101500)
 (3546., 3546., 3528., 3531., 591., 7660, 20241106104500)
 (3531., 3538., 3528., 3530., 131., 7623, 20241106110000)
 (3530., 3530., 3501., 3505., 758., 7429, 20241106111500)
 (3502., 3520., 3498., 3520., 245., 7414, 20241106113000)
 (3518., 3527., 3510., 3527., 129., 7419, 20241106134500)
 (3526., 3544., 3526., 3541., 388., 7424, 20241106140000)
 (3540., 3554., 3538., 3553., 280., 7393, 20241106141500)
 (3554., 3556., 3533., 3539., 429., 7342, 20241106143000)
 (3538., 3538., 3519., 3520., 293., 7381, 20241106144500)
 (3521., 3540., 3519., 3537., 286., 7410, 20241106150000)]
2024-11-07 15:30:00  INFO  [(3524., 3535., 3517., 3526., 126., 7404, 20241106211500)
 (3524., 3524., 3514., 3517.,  72., 7398, 20241106213000)
 (3519., 3520., 3512., 3517.,  62., 7407, 20241106214500)
 (3517., 3518., 3509., 3518., 227., 7546, 20241106220000)
 (3518., 3519., 3515., 3519.,  53., 7520, 20241106221500)
 (3521., 3524., 3519., 3522.,  49., 7513, 20241106223000)
 (3522., 3524., 3516., 3521.,  14., 7515, 20241106224500)
 (3523., 3530., 3520., 3523., 260., 7449, 20241106230000)
 (3527., 3544., 3527., 3541., 223., 7475, 20241107091500)
 (3540., 3540., 3530., 3531., 183., 7440, 20241107093000)
 (3530., 3539., 3530., 3539.,  82., 7431, 20241107094500)
 (3541., 3546., 3539., 3539., 178., 7462, 20241107100000)
 (3542., 3552., 3541., 3550., 224., 7491, 20241107101500)
 (3550., 3550., 3541., 3544., 106., 7482, 20241107104500)
 (3544., 3545., 3532., 3545., 111., 7473, 20241107110000)
 (3546., 3549., 3543., 3547., 463., 7680, 20241107111500)
 (3548., 3550., 3538., 3543., 443., 7516, 20241107113000)
 (3542., 3548., 3542., 3547.,  88., 7525, 20241107134500)
 (3550., 3551., 3547., 3549.,  74., 7537, 20241107140000)
 (3551., 3551., 3545., 3547.,  49., 7547, 20241107141500)
 (3549., 3551., 3547., 3549.,  51., 7555, 20241107143000)
 (3548., 3557., 3548., 3553., 162., 7638, 20241107144500)
 (3555., 3561., 3548., 3561., 280., 7614, 20241107150000)]
2024-11-08 15:30:00  INFO  [(3558., 3579., 3557., 3571., 382., 7780, 20241107211500)
 (3569., 3573., 3566., 3573., 163., 7807, 20241107213000)
 (3573., 3573., 3568., 3570., 258., 8010, 20241107214500)
 (3569., 3569., 3564., 3568., 177., 8024, 20241107220000)
 (3567., 3569., 3565., 3567.,  59., 8010, 20241107221500)
 (3567., 3567., 3558., 3561., 132., 8041, 20241107223000)
 (3560., 3568., 3555., 3568.,  72., 8040, 20241107224500)
 (3565., 3569., 3562., 3562., 201., 7991, 20241107230000)
 (3568., 3575., 3560., 3574., 259., 8028, 20241108091500)
 (3574., 3579., 3574., 3577.,  91., 8071, 20241108093000)
 (3577., 3577., 3562., 3564., 198., 8087, 20241108094500)
 (3564., 3567., 3561., 3561.,  83., 8101, 20241108100000)
 (3562., 3563., 3554., 3554., 137., 8117, 20241108101500)
 (3554., 3557., 3526., 3528., 877., 8114, 20241108104500)
 (3527., 3538., 3527., 3536., 361., 8135, 20241108110000)
 (3537., 3541., 3530., 3532.,  96., 8168, 20241108111500)
 (3530., 3533., 3516., 3519., 301., 8177, 20241108113000)
 (3521., 3534., 3521., 3524., 128., 8208, 20241108134500)
 (3523., 3527., 3519., 3521., 113., 8231, 20241108140000)
 (3520., 3522., 3513., 3513., 443., 8316, 20241108141500)
 (3512., 3515., 3503., 3512., 246., 8324, 20241108143000)
 (3510., 3517., 3505., 3509., 226., 8342, 20241108144500)
 (3509., 3520., 3508., 3511., 227., 8286, 20241108150000)]
2024-11-11 15:30:00  INFO  [(3504., 3519., 3482., 3516., 430., 8293, 20241108211500)
 (3519., 3524., 3515., 3522., 262., 8329, 20241108213000)
 (3521., 3524., 3508., 3514., 230., 8281, 20241108214500)
 (3514., 3516., 3511., 3511., 179., 8439, 20241108220000)
 (3513., 3515., 3508., 3509., 122., 8439, 20241108221500)
 (3509., 3510., 3499., 3501., 271., 8329, 20241108223000)
 (3501., 3505., 3491., 3492., 249., 8460, 20241108224500)
 (3493., 3504., 3488., 3490., 325., 8432, 20241108230000)
 (3490., 3494., 3478., 3484., 450., 8490, 20241111091500)
 (3486., 3487., 3474., 3478., 321., 8498, 20241111093000)
 (3478., 3487., 3478., 3481., 107., 8472, 20241111094500)
 (3480., 3482., 3469., 3470.,  97., 8504, 20241111100000)
 (3470., 3483., 3468., 3479., 141., 8501, 20241111101500)
 (3477., 3477., 3470., 3471.,  89., 8516, 20241111104500)
 (3475., 3479., 3470., 3477.,  96., 8546, 20241111110000)
 (3477., 3481., 3470., 3472., 161., 8584, 20241111111500)
 (3472., 3477., 3470., 3476.,  88., 8593, 20241111113000)
 (3478., 3484., 3464., 3467., 300., 8630, 20241111134500)
 (3467., 3471., 3455., 3456., 361., 8758, 20241111140000)
 (3456., 3460., 3450., 3457., 185., 8798, 20241111141500)
 (3455., 3461., 3455., 3461., 103., 8801, 20241111143000)
 (3462., 3470., 3459., 3468., 111., 8795, 20241111144500)
 (3467., 3470., 3460., 3463., 413., 8626, 20241111150000)]
2024-11-12 15:30:00  INFO  [(3463., 3469., 3459., 3461., 651., 8843, 20241111211500)
 (3461., 3464., 3459., 3462., 664., 9209, 20241111213000)
 (3463., 3474., 3463., 3470., 277., 9326, 20241111214500)
 (3469., 3472., 3462., 3470., 243., 9437, 20241111220000)
 (3472., 3474., 3469., 3470.,  85., 9420, 20241111221500)
 (3471., 3471., 3468., 3469.,  29., 9431, 20241111223000)
 (3469., 3471., 3467., 3467.,  32., 9431, 20241111224500)
 (3468., 3472., 3468., 3472.,  94., 9390, 20241111230000)
 (3468., 3474., 3467., 3471., 223., 9372, 20241112091500)
 (3471., 3472., 3466., 3467.,  67., 9366, 20241112093000)
 (3466., 3469., 3462., 3469.,  69., 9378, 20241112094500)
 (3472., 3480., 3466., 3467., 244., 9359, 20241112100000)
 (3466., 3466., 3451., 3452., 215., 9367, 20241112101500)
 (3453., 3456., 3446., 3450., 189., 9439, 20241112104500)
 (3450., 3454., 3447., 3454., 148., 9473, 20241112110000)
 (3456., 3462., 3450., 3454.,  34., 9471, 20241112111500)
 (3451., 3457., 3448., 3456.,  38., 9460, 20241112113000)
 (3455., 3455., 3438., 3444., 415., 9602, 20241112134500)
 (3445., 3447., 3442., 3444.,  85., 9571, 20241112140000)
 (3446., 3450., 3441., 3445., 132., 9547, 20241112141500)
 (3443., 3456., 3439., 3452., 212., 9495, 20241112143000)
 (3456., 3461., 3451., 3455., 216., 9503, 20241112144500)
 (3458., 3473., 3458., 3465., 323., 9475, 20241112150000)]
2024-11-13 15:30:00  INFO  [(3465., 3469., 3463., 3466.,  82., 9493, 20241112211500)
 (3466., 3470., 3463., 3463., 160., 9602, 20241112213000)
 (3463., 3465., 3460., 3461., 112., 9672, 20241112214500)
 (3461., 3462., 3456., 3458.,  58., 9686, 20241112220000)
 (3458., 3458., 3451., 3458.,  44., 9695, 20241112221500)
 (3458., 3460., 3455., 3458.,  28., 9703, 20241112223000)
 (3460., 3460., 3459., 3459.,   7., 9709, 20241112224500)
 (3457., 3462., 3456., 3460., 100., 9761, 20241112230000)
 (3460., 3462., 3450., 3453.,  78., 9762, 20241113091500)
 (3453., 3459., 3452., 3457., 154., 9828, 20241113093000)
 (3457., 3459., 3455., 3456.,  55., 9828, 20241113094500)
 (3456., 3463., 3456., 3461., 158., 9798, 20241113100000)
 (3463., 3466., 3459., 3464.,  95., 9827, 20241113101500)
 (3461., 3463., 3456., 3463., 144., 9750, 20241113104500)
 (3463., 3469., 3462., 3467., 134., 9757, 20241113110000)
 (3466., 3471., 3466., 3471.,  62., 9764, 20241113111500)
 (3471., 3473., 3470., 3471.,  54., 9785, 20241113113000)
 (3469., 3477., 3466., 3469., 211., 9816, 20241113134500)
 (3470., 3480., 3470., 3479., 136., 9865, 20241113140000)
 (3478., 3484., 3477., 3483., 288., 9905, 20241113141500)
 (3481., 3481., 3464., 3465., 163., 9925, 20241113143000)
 (3466., 3468., 3459., 3462., 331., 9880, 20241113144500)
 (3463., 3464., 3460., 3462., 118., 9865, 20241113150000)]
2024-11-14 15:30:00  INFO  [(3465., 3474., 3462., 3462., 117.,  9895, 20241113211500)
 (3462., 3466., 3462., 3463.,   6.,  9895, 20241113213000)
 (3467., 3469., 3463., 3464.,  29.,  9879, 20241113214500)
 (3464., 3464., 3462., 3464.,   6.,  9878, 20241113220000)
 (3465., 3468., 3463., 3466.,  27.,  9875, 20241113221500)
 (3466., 3469., 3465., 3466.,  39.,  9886, 20241113223000)
 (3466., 3468., 3464., 3466.,  16.,  9877, 20241113224500)
 (3466., 3467., 3463., 3463.,  53.,  9853, 20241113230000)
 (3462., 3464., 3458., 3464., 171.,  9861, 20241114091500)
 (3463., 3466., 3462., 3465.,  87.,  9890, 20241114093000)
 (3465., 3467., 3459., 3464., 127.,  9956, 20241114094500)
 (3464., 3468., 3456., 3456., 187., 10035, 20241114100000)
 (3459., 3460., 3447., 3447., 141., 10032, 20241114101500)
 (3446., 3447., 3441., 3445., 260., 10162, 20241114104500)
 (3444., 3450., 3440., 3450., 145., 10205, 20241114110000)
 (3449., 3454., 3447., 3453., 122., 10215, 20241114111500)
 (3452., 3453., 3439., 3440., 195., 10171, 20241114113000)
 (3438., 3446., 3435., 3445., 224., 10234, 20241114134500)
 (3445., 3448., 3437., 3439., 233., 10301, 20241114140000)
 (3438., 3438., 3433., 3435., 126., 10324, 20241114141500)
 (3433., 3438., 3432., 3438., 108., 10348, 20241114143000)
 (3437., 3438., 3433., 3436.,  95., 10377, 20241114144500)
 (3435., 3442., 3433., 3435., 168., 10359, 20241114150000)]
2024-11-15 15:30:00  INFO  [(3435., 3440., 3428., 3440., 105., 10357, 20241114211500)
 (3438., 3444., 3438., 3439.,  38., 10361, 20241114213000)
 (3440., 3440., 3431., 3433., 124., 10434, 20241114214500)
 (3432., 3437., 3432., 3435.,  32., 10432, 20241114220000)
 (3433., 3433., 3420., 3420., 107., 10454, 20241114221500)
 (3420., 3431., 3418., 3430., 209., 10486, 20241114223000)
 (3428., 3433., 3420., 3421.,  82., 10517, 20241114224500)
 (3422., 3427., 3415., 3418., 267., 10477, 20241114230000)
 (3417., 3422., 3413., 3413., 243., 10503, 20241115091500)
 (3415., 3415., 3401., 3403., 272., 10545, 20241115093000)
 (3404., 3411., 3395., 3398., 366., 10702, 20241115094500)
 (3398., 3400., 3391., 3395., 316., 10853, 20241115100000)
 (3395., 3407., 3395., 3401., 537., 11052, 20241115101500)
 (3402., 3402., 3391., 3398., 332., 10973, 20241115104500)
 (3398., 3404., 3393., 3404.,  79., 10985, 20241115110000)
 (3402., 3410., 3402., 3405., 356., 10898, 20241115111500)
 (3405., 3407., 3401., 3405.,  90., 10907, 20241115113000)
 (3405., 3411., 3405., 3409., 126., 10901, 20241115134500)
 (3407., 3409., 3400., 3401.,  59., 10914, 20241115140000)
 (3400., 3400., 3391., 3393., 163., 10974, 20241115141500)
 (3394., 3396., 3390., 3393., 180., 11034, 20241115143000)
 (3391., 3393., 3384., 3384., 900., 11128, 20241115144500)
 (3385., 3385., 3367., 3368., 686., 11284, 20241115150000)]
2024-11-18 15:30:00  INFO  [(3371., 3387., 3371., 3384.,  305., 11304, 20241115211500)
 (3385., 3385., 3375., 3378.,   91., 11315, 20241115213000)
 (3378., 3387., 3377., 3378.,  165., 11384, 20241115214500)
 (3378., 3382., 3378., 3379.,   50., 11380, 20241115220000)
 (3380., 3384., 3376., 3380.,   58., 11395, 20241115221500)
 (3376., 3380., 3376., 3377.,   55., 11401, 20241115223000)
 (3375., 3376., 3368., 3372.,  106., 11416, 20241115224500)
 (3372., 3384., 3371., 3379.,  328., 11425, 20241115230000)
 (3375., 3387., 3375., 3385.,  332., 11444, 20241118091500)
 (3384., 3394., 3384., 3392.,  958., 11665, 20241118093000)
 (3392., 3395., 3388., 3391.,  350., 11696, 20241118094500)
 (3390., 3393., 3386., 3390.,  395., 11518, 20241118100000)
 (3389., 3401., 3387., 3401.,  760., 11766, 20241118101500)
 (3400., 3406., 3394., 3399.,  303., 11743, 20241118104500)
 (3399., 3404., 3397., 3404.,  101., 11771, 20241118110000)
 (3405., 3412., 3405., 3410.,  264., 11772, 20241118111500)
 (3411., 3411., 3406., 3409.,  231., 11929, 20241118113000)
 (3406., 3409., 3399., 3406., 1174., 11761, 20241118134500)
 (3405., 3407., 3400., 3400.,  129., 11805, 20241118140000)
 (3400., 3401., 3395., 3399.,  216., 11747, 20241118141500)
 (3397., 3405., 3397., 3398.,   89., 11762, 20241118143000)
 (3398., 3400., 3396., 3400.,   61., 11755, 20241118144500)
 (3400., 3412., 3398., 3407.,  209., 11709, 20241118150000)]
2024-11-19 15:30:00  INFO  [(3410., 3414., 3406., 3410.,  264., 11706, 20241118211500)
 (3410., 3413., 3407., 3413.,   77., 11715, 20241118213000)
 (3414., 3414., 3408., 3412.,   36., 11710, 20241118214500)
 (3412., 3413., 3408., 3409.,   27., 11707, 20241118220000)
 (3410., 3411., 3410., 3411.,   15., 11704, 20241118221500)
 (3411., 3414., 3411., 3413.,   22., 11717, 20241118223000)
 (3413., 3420., 3412., 3416.,  125., 11749, 20241118224500)
 (3415., 3416., 3409., 3409.,  152., 11766, 20241118230000)
 (3409., 3412., 3402., 3402.,  130., 11754, 20241119091500)
 (3405., 3409., 3402., 3408.,  173., 11807, 20241119093000)
 (3407., 3409., 3403., 3407.,   51., 11804, 20241119094500)
 (3407., 3410., 3406., 3409.,   39., 11777, 20241119100000)
 (3409., 3409., 3400., 3400.,   82., 11790, 20241119101500)
 (3399., 3399., 3392., 3395.,  108., 11791, 20241119104500)
 (3392., 3406., 3392., 3406.,   74., 11805, 20241119110000)
 (3406., 3418., 3406., 3412.,  195., 11831, 20241119111500)
 (3414., 3422., 3414., 3416.,  203., 11848, 20241119113000)
 (3415., 3416., 3408., 3412.,  132., 11819, 20241119134500)
 (3412., 3419., 3410., 3419.,   24., 11807, 20241119140000)
 (3418., 3445., 3417., 3439.,  833., 11703, 20241119141500)
 (3438., 3455., 3435., 3453., 1115., 11883, 20241119143000)
 (3453., 3456., 3442., 3446.,  629., 12066, 20241119144500)
 (3446., 3456., 3444., 3456.,  536., 12026, 20241119150000)]
2024-11-20 15:30:00  INFO  [(3456., 3456., 3444., 3444., 392., 12108, 20241119211500)
 (3444., 3449., 3443., 3447.,  62., 12103, 20241119213000)
 (3450., 3451., 3446., 3448., 134., 12096, 20241119214500)
 (3448., 3451., 3446., 3449., 105., 12057, 20241119220000)
 (3449., 3452., 3447., 3452., 138., 12023, 20241119221500)
 (3448., 3448., 3444., 3446.,  18., 12013, 20241119223000)
 (3446., 3446., 3443., 3443.,  23., 12025, 20241119224500)
 (3443., 3447., 3440., 3447., 186., 12005, 20241119230000)
 (3447., 3451., 3438., 3439., 175., 12042, 20241120091500)
 (3439., 3442., 3438., 3442.,  86., 12084, 20241120093000)
 (3442., 3449., 3442., 3448.,  61., 12105, 20241120094500)
 (3447., 3452., 3438., 3439., 157., 12073, 20241120100000)
 (3439., 3446., 3439., 3446.,  29., 12063, 20241120101500)
 (3447., 3448., 3443., 3446.,  59., 12075, 20241120104500)
 (3445., 3450., 3445., 3450.,  31., 12089, 20241120110000)
 (3450., 3454., 3447., 3451.,  73., 12084, 20241120111500)
 (3451., 3453., 3443., 3444.,  43., 12094, 20241120113000)
 (3449., 3452., 3440., 3440., 217., 12104, 20241120134500)
 (3440., 3441., 3428., 3437., 195., 12069, 20241120140000)
 (3438., 3444., 3437., 3438.,  51., 12078, 20241120141500)
 (3439., 3441., 3436., 3441., 158., 12034, 20241120143000)
 (3441., 3443., 3441., 3442.,  32., 12038, 20241120144500)
 (3444., 3450., 3442., 3447., 179., 12026, 20241120150000)]
2024-11-21 15:30:00  INFO  [(3446., 3450., 3440., 3450., 118., 12045, 20241120211500)
 (3450., 3464., 3446., 3461., 227., 12047, 20241120213000)
 (3459., 3463., 3447., 3447., 281., 12009, 20241120214500)
 (3449., 3451., 3447., 3450.,  98., 11980, 20241120220000)
 (3450., 3455., 3448., 3449.,  23., 11979, 20241120221500)
 (3449., 3449., 3446., 3446.,  13., 11978, 20241120223000)
 (3446., 3448., 3445., 3448.,  24., 11974, 20241120224500)
 (3447., 3449., 3440., 3440.,  63., 11990, 20241120230000)
 (3440., 3445., 3436., 3440.,  70., 11967, 20241121091500)
 (3440., 3441., 3438., 3439.,  26., 11974, 20241121093000)
 (3441., 3444., 3441., 3444.,  22., 11968, 20241121094500)
 (3444., 3444., 3442., 3442.,  33., 11959, 20241121100000)
 (3443., 3448., 3443., 3447.,  54., 11963, 20241121101500)
 (3444., 3454., 3444., 3450.,  76., 11963, 20241121104500)
 (3449., 3455., 3449., 3453.,  35., 11962, 20241121110000)
 (3453., 3454., 3450., 3452.,   8., 11961, 20241121111500)
 (3452., 3463., 3448., 3450., 125., 11949, 20241121113000)
 (3455., 3458., 3450., 3455.,  97., 11935, 20241121134500)
 (3454., 3455., 3450., 3451., 566., 11607, 20241121140000)
 (3451., 3451., 3436., 3438., 131., 11567, 20241121141500)
 (3438., 3454., 3438., 3454., 179., 11613, 20241121143000)
 (3455., 3458., 3455., 3457., 601., 12089, 20241121144500)
 (3457., 3459., 3448., 3449., 100., 12107, 20241121150000)]
2024-11-22 15:30:00  INFO  [(3449., 3456., 3449., 3454.,   50., 12105, 20241121211500)
 (3456., 3457., 3453., 3453.,   47., 12089, 20241121213000)
 (3453., 3453., 3449., 3451.,   34., 12087, 20241121214500)
 (3452., 3456., 3452., 3454.,   45., 12084, 20241121220000)
 (3454., 3458., 3454., 3455.,   40., 12095, 20241121221500)
 (3455., 3455., 3451., 3451.,   12., 12096, 20241121223000)
 (3451., 3452., 3446., 3448.,   88., 12116, 20241121224500)
 (3448., 3458., 3446., 3455.,  134., 12151, 20241121230000)
 (3451., 3453., 3444., 3447.,   71., 12160, 20241122091500)
 (3445., 3450., 3445., 3447.,   64., 12186, 20241122093000)
 (3447., 3451., 3445., 3445.,   59., 12190, 20241122094500)
 (3444., 3449., 3442., 3443.,   38., 12207, 20241122100000)
 (3441., 3444., 3439., 3441.,   64., 12206, 20241122101500)
 (3441., 3441., 3433., 3439.,  138., 12238, 20241122104500)
 (3438., 3438., 3418., 3423.,  623., 12296, 20241122110000)
 (3425., 3431., 3419., 3429.,  289., 12301, 20241122111500)
 (3428., 3436., 3417., 3418.,  334., 12431, 20241122113000)
 (3417., 3419., 3404., 3409., 1224., 11888, 20241122134500)
 (3409., 3418., 3408., 3414.,  391., 11783, 20241122140000)
 (3414., 3416., 3406., 3410.,  325., 11757, 20241122141500)
 (3408., 3418., 3407., 3418.,  318., 11812, 20241122143000)
 (3416., 3417., 3408., 3409.,  413., 11876, 20241122144500)
 (3407., 3410., 3404., 3407.,  740., 11738, 20241122150000)]
2024-11-25 15:30:00  INFO  [(3407., 3415., 3405., 3415.,  137., 11698, 20241122211500)
 (3415., 3418., 3413., 3416.,  223., 11709, 20241122213000)
 (3416., 3420., 3414., 3414.,  118., 11719, 20241122214500)
 (3414., 3421., 3414., 3419.,   93., 11723, 20241122220000)
 (3418., 3455., 3418., 3441., 1396., 11605, 20241122221500)
 (3441., 3445., 3437., 3437.,  485., 11507, 20241122223000)
 (3439., 3443., 3436., 3442.,  137., 11500, 20241122224500)
 (3440., 3446., 3437., 3445.,  106., 11477, 20241122230000)
 (3445., 3445., 3429., 3430.,  224., 11543, 20241125091500)
 (3432., 3434., 3428., 3432.,   93., 11544, 20241125093000)
 (3432., 3435., 3430., 3435.,   26., 11553, 20241125094500)
 (3432., 3432., 3426., 3430.,   77., 11520, 20241125100000)
 (3432., 3439., 3429., 3439.,   69., 11548, 20241125101500)
 (3439., 3439., 3432., 3435.,   92., 11585, 20241125104500)
 (3435., 3435., 3430., 3432.,   77., 11620, 20241125110000)
 (3433., 3433., 3418., 3424.,  693., 11699, 20241125111500)
 (3426., 3431., 3415., 3416.,  239., 11769, 20241125113000)
 (3416., 3424., 3416., 3417.,  583., 11771, 20241125134500)
 (3417., 3420., 3415., 3418.,  255., 11890, 20241125140000)
 (3419., 3422., 3412., 3418.,  332., 12011, 20241125141500)
 (3420., 3424., 3416., 3418.,  173., 12110, 20241125143000)
 (3417., 3428., 3417., 3425.,  155., 12095, 20241125144500)
 (3424., 3424., 3420., 3422.,   76., 12047, 20241125150000)]
2024-11-26 15:30:00  INFO  [(3422., 3429., 3422., 3426., 139., 12070, 20241125211500)
 (3426., 3430., 3426., 3429., 307., 12267, 20241125213000)
 (3431., 3431., 3425., 3427., 131., 12294, 20241125214500)
 (3427., 3430., 3426., 3429.,  17., 12293, 20241125220000)
 (3429., 3429., 3425., 3426.,  70., 12291, 20241125221500)
 (3426., 3436., 3424., 3430., 110., 12284, 20241125223000)
 (3430., 3439., 3430., 3434., 215., 12338, 20241125224500)
 (3435., 3439., 3431., 3431., 194., 12315, 20241125230000)
 (3434., 3440., 3427., 3440., 211., 12304, 20241126091500)
 (3437., 3437., 3435., 3437.,  56., 12319, 20241126093000)
 (3437., 3445., 3437., 3443., 180., 12319, 20241126094500)
 (3442., 3445., 3440., 3440., 112., 12309, 20241126100000)
 (3441., 3447., 3441., 3447.,  63., 12304, 20241126101500)
 (3444., 3444., 3438., 3440., 268., 12137, 20241126104500)
 (3438., 3442., 3435., 3435., 266., 11952, 20241126110000)
 (3435., 3441., 3435., 3441.,  11., 11955, 20241126111500)
 (3442., 3442., 3436., 3436.,  27., 11959, 20241126113000)
 (3435., 3435., 3430., 3431.,  50., 11945, 20241126134500)
 (3430., 3431., 3422., 3427., 219., 11925, 20241126140000)
 (3427., 3432., 3422., 3432., 725., 11952, 20241126141500)
 (3431., 3433., 3426., 3429.,  73., 11967, 20241126143000)
 (3429., 3429., 3425., 3425.,  53., 11972, 20241126144500)
 (3425., 3432., 3422., 3423.,  97., 11956, 20241126150000)]
2024-11-27 15:30:00  INFO  [(3414., 3437., 3414., 3428., 138., 11930, 20241126211500)
 (3428., 3429., 3424., 3428., 127., 11959, 20241126213000)
 (3427., 3427., 3421., 3423.,  74., 11969, 20241126214500)
 (3423., 3427., 3422., 3426.,  66., 11973, 20241126220000)
 (3427., 3427., 3423., 3425.,  23., 11970, 20241126221500)
 (3424., 3425., 3422., 3422.,  67., 11972, 20241126223000)
 (3423., 3428., 3419., 3425., 185., 11995, 20241126224500)
 (3421., 3425., 3419., 3422.,  91., 12018, 20241126230000)
 (3421., 3423., 3419., 3423., 644., 12565, 20241127091500)
 (3423., 3423., 3408., 3408., 135., 12565, 20241127093000)
 (3408., 3420., 3408., 3420., 120., 12599, 20241127094500)
 (3415., 3422., 3415., 3420.,  50., 12580, 20241127100000)
 (3415., 3423., 3415., 3423.,  83., 12592, 20241127101500)
 (3423., 3430., 3423., 3428., 337., 12624, 20241127104500)
 (3426., 3434., 3425., 3433., 171., 12625, 20241127110000)
 (3432., 3434., 3424., 3424.,  90., 12582, 20241127111500)
 (3423., 3429., 3422., 3429.,  73., 12544, 20241127113000)
 (3427., 3430., 3424., 3426., 282., 12710, 20241127134500)
 (3427., 3434., 3426., 3432.,  49., 12711, 20241127140000)
 (3431., 3435., 3429., 3430.,  27., 12712, 20241127141500)
 (3431., 3434., 3430., 3431.,  59., 12721, 20241127143000)
 (3433., 3437., 3431., 3434., 204., 12751, 20241127144500)
 (3434., 3434., 3430., 3430., 123., 12754, 20241127150000)]
2024-11-28 15:30:00  INFO  [(3429., 3437., 3428., 3432., 1562., 14255, 20241127211500)
 (3432., 3432., 3425., 3430.,   33., 14244, 20241127213000)
 (3429., 3432., 3427., 3428.,   38., 14236, 20241127214500)
 (3428., 3430., 3427., 3428.,   14., 14229, 20241127220000)
 (3428., 3428., 3426., 3426.,    4., 14226, 20241127221500)
 (3426., 3429., 3426., 3426.,   30., 14231, 20241127223000)
 (3426., 3431., 3426., 3431.,   20., 14227, 20241127224500)
 (3432., 3434., 3428., 3428.,  119., 14192, 20241127230000)
 (3428., 3433., 3426., 3426.,   15., 14195, 20241128091500)
 (3426., 3429., 3421., 3427.,   36., 14188, 20241128093000)
 (3427., 3427., 3420., 3421.,  136., 14182, 20241128094500)
 (3421., 3422., 3415., 3415.,  479., 14249, 20241128100000)
 (3415., 3421., 3415., 3418.,  196., 14268, 20241128101500)
 (3420., 3425., 3420., 3425.,   45., 14280, 20241128104500)
 (3422., 3423., 3417., 3418.,   63., 14264, 20241128110000)
 (3419., 3419., 3414., 3415.,  113., 14276, 20241128111500)
 (3415., 3419., 3415., 3416.,   24., 14272, 20241128113000)
 (3417., 3430., 3417., 3429.,  448., 14328, 20241128134500)
 (3429., 3434., 3423., 3424.,  322., 14343, 20241128140000)
 (3425., 3427., 3423., 3425.,   66., 14349, 20241128141500)
 (3425., 3429., 3425., 3427.,   21., 14351, 20241128143000)
 (3429., 3429., 3423., 3423.,  289., 14560, 20241128144500)
 (3424., 3427., 3423., 3425.,   49., 14543, 20241128150000)]
2024-11-29 15:30:00  INFO  [(3427., 3434., 3426., 3429., 320., 14599, 20241128211500)
 (3427., 3433., 3427., 3431.,  34., 14612, 20241128213000)
 (3430., 3431., 3426., 3426.,  22., 14616, 20241128214500)
 (3426., 3429., 3426., 3429.,  10., 14617, 20241128220000)
 (3429., 3430., 3428., 3430.,  19., 14612, 20241128221500)
 (3430., 3430., 3423., 3424.,  16., 14617, 20241128223000)
 (3423., 3429., 3419., 3429.,  46., 14615, 20241128224500)
 (3429., 3431., 3426., 3430.,  95., 14578, 20241128230000)
 (3429., 3430., 3426., 3427.,  49., 14579, 20241129091500)
 (3427., 3434., 3427., 3434.,  46., 14589, 20241129093000)
 (3434., 3438., 3431., 3433., 127., 14642, 20241129094500)
 (3434., 3435., 3428., 3430.,  68., 14670, 20241129100000)
 (3431., 3440., 3430., 3440., 211., 14769, 20241129101500)
 (3441., 3449., 3440., 3443., 309., 14691, 20241129104500)
 (3444., 3447., 3440., 3446., 151., 14712, 20241129110000)
 (3449., 3458., 3449., 3452., 296., 14663, 20241129111500)
 (3454., 3460., 3450., 3452., 300., 14704, 20241129113000)
 (3446., 3454., 3446., 3453.,  84., 14701, 20241129134500)
 (3453., 3453., 3449., 3450.,  30., 14687, 20241129140000)
 (3450., 3454., 3447., 3448.,  34., 14682, 20241129141500)
 (3446., 3448., 3445., 3446.,  82., 14660, 20241129143000)
 (3447., 3448., 3438., 3439., 475., 14497, 20241129144500)
 (3438., 3438., 3432., 3434., 183., 14433, 20241129150000)]
2024-12-02 15:30:00  INFO  [(3437., 3443., 3433., 3440.,  108., 14405, 20241129211500)
 (3440., 3440., 3435., 3437.,  513., 14700, 20241129213000)
 (3437., 3437., 3429., 3435.,  142., 14682, 20241129214500)
 (3435., 3435., 3432., 3433.,    9., 14686, 20241129220000)
 (3433., 3437., 3432., 3436.,   40., 14685, 20241129221500)
 (3434., 3438., 3432., 3434.,   43., 14690, 20241129223000)
 (3434., 3437., 3434., 3436.,   13., 14688, 20241129224500)
 (3436., 3439., 3432., 3437.,  191., 14693, 20241129230000)
 (3435., 3457., 3435., 3451., 1096., 15052, 20241202091500)
 (3453., 3453., 3446., 3450.,  182., 15072, 20241202093000)
 (3449., 3452., 3447., 3452.,   99., 15081, 20241202094500)
 (3453., 3453., 3450., 3451.,  117., 15071, 20241202100000)
 (3452., 3453., 3446., 3448.,  202., 15112, 20241202101500)
 (3450., 3453., 3450., 3451.,  103., 15169, 20241202104500)
 (3452., 3454., 3451., 3453.,  138., 15237, 20241202110000)
 (3452., 3452., 3450., 3450.,  125., 15248, 20241202111500)
 (3451., 3454., 3450., 3453.,  141., 15200, 20241202113000)
 (3453., 3467., 3453., 3465.,  612., 15238, 20241202134500)
 (3466., 3468., 3464., 3464.,   70., 15237, 20241202140000)
 (3464., 3466., 3461., 3464.,  234., 15163, 20241202141500)
 (3463., 3464., 3456., 3459.,  718., 14996, 20241202143000)
 (3458., 3464., 3457., 3464.,  322., 14913, 20241202144500)
 (3463., 3468., 3462., 3468.,  264., 14857, 20241202150000)]
2024-12-03 15:30:00  INFO  [(3468., 3478., 3467., 3471., 209., 14860, 20241202211500)
 (3471., 3474., 3467., 3469.,  79., 14842, 20241202213000)
 (3469., 3470., 3466., 3470.,  60., 14827, 20241202214500)
 (3470., 3471., 3468., 3470.,  43., 14835, 20241202220000)
 (3471., 3472., 3466., 3470., 139., 14772, 20241202221500)
 (3470., 3472., 3467., 3471.,  60., 14747, 20241202223000)
 (3472., 3472., 3471., 3471.,  20., 14746, 20241202224500)
 (3470., 3472., 3467., 3470., 203., 14746, 20241202230000)
 (3471., 3479., 3471., 3473., 344., 14731, 20241203091500)
 (3473., 3474., 3471., 3474., 149., 14697, 20241203093000)
 (3472., 3472., 3467., 3468.,  89., 14692, 20241203094500)
 (3468., 3471., 3463., 3463., 105., 14703, 20241203100000)
 (3463., 3466., 3461., 3465., 205., 14643, 20241203101500)
 (3465., 3467., 3463., 3464.,  38., 14625, 20241203104500)
 (3464., 3468., 3464., 3467.,  35., 14623, 20241203110000)
 (3464., 3465., 3462., 3465.,  46., 14633, 20241203111500)
 (3465., 3471., 3464., 3471.,  85., 14684, 20241203113000)
 (3469., 3471., 3466., 3468.,  57., 14685, 20241203134500)
 (3468., 3472., 3468., 3472., 178., 14790, 20241203140000)
 (3471., 3477., 3471., 3474., 134., 14810, 20241203141500)
 (3475., 3479., 3471., 3476., 185., 14872, 20241203143000)
 (3478., 3479., 3475., 3475., 256., 14815, 20241203144500)
 (3475., 3484., 3475., 3484., 404., 14704, 20241203150000)]
2024-12-04 15:30:00  INFO  [(3485., 3490., 3471., 3476., 599., 14924, 20241203211500)
 (3475., 3476., 3470., 3475., 134., 14963, 20241203213000)
 (3476., 3479., 3475., 3478., 100., 15009, 20241203214500)
 (3478., 3478., 3475., 3475.,  34., 15028, 20241203220000)
 (3474., 3474., 3472., 3472.,  72., 15055, 20241203221500)
 (3475., 3476., 3472., 3476.,  71., 15088, 20241203223000)
 (3476., 3479., 3476., 3477., 259., 15102, 20241203224500)
 (3478., 3480., 3477., 3477., 201., 15118, 20241203230000)
 (3477., 3480., 3474., 3474., 861., 15842, 20241204091500)
 (3474., 3476., 3473., 3474.,  84., 15873, 20241204093000)
 (3473., 3474., 3472., 3474.,  49., 15867, 20241204094500)
 (3474., 3477., 3471., 3475., 116., 15875, 20241204100000)
 (3475., 3475., 3444., 3450., 922., 15922, 20241204101500)
 (3449., 3466., 3448., 3456., 466., 15948, 20241204104500)
 (3457., 3458., 3452., 3455., 252., 15983, 20241204110000)
 (3453., 3459., 3452., 3458., 475., 15937, 20241204111500)
 (3455., 3460., 3452., 3452., 418., 15926, 20241204113000)
 (3451., 3458., 3451., 3458., 160., 15980, 20241204134500)
 (3458., 3463., 3455., 3463., 112., 15970, 20241204140000)
 (3464., 3465., 3458., 3458., 210., 15956, 20241204141500)
 (3459., 3462., 3456., 3458.,  98., 15936, 20241204143000)
 (3458., 3466., 3458., 3465., 415., 15914, 20241204144500)
 (3465., 3473., 3465., 3466., 557., 15888, 20241204150000)]
2024-12-05 15:30:00  INFO  [(3459., 3473., 3459., 3471.,  493., 15815, 20241204211500)
 (3471., 3475., 3468., 3468.,  558., 15782, 20241204213000)
 (3468., 3475., 3468., 3470.,  280., 15861, 20241204214500)
 (3470., 3471., 3467., 3469.,   47., 15871, 20241204220000)
 (3469., 3471., 3469., 3471.,   32., 15858, 20241204221500)
 (3472., 3474., 3470., 3474.,   50., 15856, 20241204223000)
 (3475., 3477., 3472., 3474.,   83., 15864, 20241204224500)
 (3472., 3472., 3462., 3466.,  234., 15784, 20241204230000)
 (3464., 3466., 3458., 3461.,  159., 15777, 20241205091500)
 (3459., 3460., 3457., 3459.,   69., 15809, 20241205093000)
 (3460., 3464., 3455., 3456.,  219., 15895, 20241205094500)
 (3457., 3460., 3446., 3448., 1486., 16793, 20241205100000)
 (3447., 3449., 3439., 3439.,  424., 16797, 20241205101500)
 (3438., 3445., 3435., 3439.,  683., 16823, 20241205104500)
 (3439., 3439., 3422., 3422.,  908., 16999, 20241205110000)
 (3422., 3427., 3411., 3411.,  784., 16972, 20241205111500)
 (3412., 3422., 3408., 3422.,  672., 17071, 20241205113000)
 (3421., 3424., 3418., 3421.,  228., 17049, 20241205134500)
 (3421., 3427., 3416., 3416.,  332., 17075, 20241205140000)
 (3415., 3419., 3410., 3417.,  372., 17115, 20241205141500)
 (3418., 3419., 3405., 3406.,  408., 17227, 20241205143000)
 (3405., 3413., 3400., 3409.,  516., 17307, 20241205144500)
 (3409., 3413., 3402., 3405.,  799., 17415, 20241205150000)]
2024-12-06 15:30:00  INFO  [(3394., 3408., 3390., 3393., 1352., 17598, 20241205211500)
 (3391., 3392., 3388., 3391.,  336., 17617, 20241205213000)
 (3392., 3392., 3381., 3384.,  303., 17714, 20241205214500)
 (3385., 3396., 3385., 3392.,  461., 17742, 20241205220000)
 (3392., 3393., 3389., 3391.,   96., 17755, 20241205221500)
 (3390., 3392., 3387., 3392.,   56., 17746, 20241205223000)
 (3391., 3393., 3388., 3391.,  353., 17972, 20241205224500)
 (3391., 3393., 3385., 3393.,  368., 18017, 20241205230000)
 (3395., 3396., 3389., 3392.,  898., 18357, 20241206091500)
 (3392., 3395., 3388., 3388.,  294., 18416, 20241206093000)
 (3388., 3391., 3383., 3385.,  254., 18482, 20241206094500)
 (3386., 3390., 3376., 3382.,  695., 18741, 20241206100000)
 (3381., 3392., 3377., 3391.,  287., 18679, 20241206101500)
 (3392., 3404., 3387., 3401.,  722., 18652, 20241206104500)
 (3401., 3406., 3393., 3398.,  381., 18648, 20241206110000)
 (3400., 3409., 3400., 3408.,  322., 18657, 20241206111500)
 (3408., 3411., 3402., 3402.,  300., 18675, 20241206113000)
 (3401., 3401., 3395., 3396.,  263., 18596, 20241206134500)
 (3397., 3397., 3391., 3396.,  199., 18584, 20241206140000)
 (3396., 3397., 3391., 3395.,  411., 18812, 20241206141500)
 (3394., 3399., 3391., 3391.,  115., 18786, 20241206143000)
 (3391., 3393., 3382., 3383.,  187., 18825, 20241206144500)
 (3382., 3383., 3371., 3373., 1122., 18954, 20241206150000)]
2024-12-09 15:30:00  INFO  [(3355., 3377., 3355., 3369., 1289., 19316, 20241206211500)
 (3370., 3374., 3367., 3373.,  386., 19534, 20241206213000)
 (3372., 3376., 3371., 3372.,  133., 19537, 20241206214500)
 (3372., 3372., 3368., 3369.,   93., 19578, 20241206220000)
 (3369., 3369., 3351., 3356.,  643., 19650, 20241206221500)
 (3354., 3358., 3351., 3352.,  231., 19714, 20241206223000)
 (3354., 3356., 3351., 3356.,  309., 19704, 20241206224500)
 (3356., 3359., 3350., 3357.,  498., 19796, 20241206230000)
 (3358., 3387., 3358., 3385., 2069., 20288, 20241209091500)
 (3385., 3397., 3380., 3395.,  662., 20256, 20241209093000)
 (3393., 3409., 3392., 3403., 1270., 20148, 20241209094500)
 (3403., 3405., 3396., 3399.,  435., 20144, 20241209100000)
 (3399., 3401., 3398., 3399.,  364., 20264, 20241209101500)
 (3401., 3401., 3386., 3389.,  409., 20453, 20241209104500)
 (3390., 3397., 3390., 3393.,  248., 20543, 20241209110000)
 (3395., 3396., 3386., 3388.,  162., 20605, 20241209111500)
 (3388., 3389., 3376., 3377.,  188., 20598, 20241209113000)
 (3379., 3379., 3371., 3374.,  965., 20687, 20241209134500)
 (3374., 3379., 3368., 3379.,  423., 20786, 20241209140000)
 (3377., 3383., 3376., 3378.,  393., 21012, 20241209141500)
 (3378., 3388., 3378., 3386.,  578., 21295, 20241209143000)
 (3386., 3394., 3386., 3387.,  419., 21316, 20241209144500)
 (3387., 3392., 3387., 3390.,  442., 21263, 20241209150000)]
2024-12-10 15:30:00  INFO  [(3443., 3488., 3443., 3468., 4846., 21247, 20241209211500)
 (3470., 3475., 3451., 3451., 1889., 21034, 20241209213000)
 (3453., 3465., 3453., 3462.,  692., 21243, 20241209214500)
 (3464., 3472., 3463., 3471.,  457., 21450, 20241209220000)
 (3472., 3474., 3469., 3473.,  647., 21722, 20241209221500)
 (3474., 3475., 3471., 3472.,  283., 21728, 20241209223000)
 (3473., 3479., 3468., 3476.,  739., 21889, 20241209224500)
 (3476., 3486., 3476., 3485.,  834., 21924, 20241209230000)
 (3488., 3508., 3480., 3506., 3838., 23357, 20241210091500)
 (3506., 3515., 3500., 3506., 1774., 23279, 20241210093000)
 (3506., 3507., 3489., 3492., 1974., 23650, 20241210094500)
 (3490., 3492., 3480., 3482.,  750., 23847, 20241210100000)
 (3483., 3490., 3479., 3487.,  324., 23826, 20241210101500)
 (3487., 3490., 3481., 3484.,  592., 23788, 20241210104500)
 (3484., 3484., 3473., 3473.,  890., 24021, 20241210110000)
 (3474., 3477., 3460., 3469., 1217., 24162, 20241210111500)
 (3469., 3472., 3464., 3468.,  303., 24141, 20241210113000)
 (3466., 3471., 3460., 3468.,  559., 24324, 20241210134500)
 (3468., 3469., 3462., 3466.,  298., 24438, 20241210140000)
 (3467., 3468., 3461., 3466.,  214., 24540, 20241210141500)
 (3465., 3465., 3456., 3465.,  438., 24686, 20241210143000)
 (3466., 3466., 3452., 3453., 1277., 25176, 20241210144500)
 (3455., 3458., 3448., 3456., 1813., 25623, 20241210150000)]
2024-12-11 15:30:00  INFO  [(3449., 3466., 3449., 3462.,  999., 26103, 20241210211500)
 (3463., 3464., 3453., 3460.,  186., 26138, 20241210213000)
 (3460., 3461., 3459., 3459.,   94., 26174, 20241210214500)
 (3460., 3464., 3460., 3463.,  174., 26183, 20241210220000)
 (3463., 3463., 3458., 3458.,   45., 26183, 20241210221500)
 (3458., 3461., 3458., 3461.,   59., 26188, 20241210223000)
 (3461., 3466., 3460., 3463.,  235., 26261, 20241210224500)
 (3464., 3465., 3459., 3462.,  438., 26271, 20241210230000)
 (3457., 3469., 3457., 3468.,  564., 26375, 20241211091500)
 (3467., 3474., 3467., 3470.,  872., 26664, 20241211093000)
 (3470., 3474., 3467., 3472.,  716., 26835, 20241211094500)
 (3472., 3476., 3471., 3472.,  152., 26882, 20241211100000)
 (3472., 3478., 3472., 3474.,  403., 27010, 20241211101500)
 (3476., 3477., 3467., 3469.,  286., 27106, 20241211104500)
 (3468., 3469., 3462., 3468.,  588., 27154, 20241211110000)
 (3465., 3468., 3457., 3464.,  424., 27275, 20241211111500)
 (3464., 3468., 3461., 3465.,  401., 27206, 20241211113000)
 (3463., 3465., 3452., 3454.,  580., 27434, 20241211134500)
 (3454., 3462., 3454., 3460.,   82., 27422, 20241211140000)
 (3459., 3461., 3455., 3457.,  286., 27561, 20241211141500)
 (3456., 3457., 3454., 3455.,  116., 27541, 20241211143000)
 (3454., 3458., 3450., 3458.,  504., 27832, 20241211144500)
 (3456., 3470., 3456., 3470., 1419., 27674, 20241211150000)]
2024-12-12 15:30:00  INFO  [(3470., 3476., 3465., 3468., 1451., 27962, 20241211211500)
 (3468., 3469., 3466., 3468.,   85., 27949, 20241211213000)
 (3470., 3470., 3464., 3466.,  117., 27970, 20241211214500)
 (3466., 3467., 3465., 3465.,   44., 27964, 20241211220000)
 (3465., 3470., 3464., 3470.,  235., 27903, 20241211221500)
 (3470., 3472., 3467., 3468.,  106., 27928, 20241211223000)
 (3467., 3472., 3465., 3469.,  240., 27836, 20241211224500)
 (3470., 3470., 3465., 3470.,  296., 27809, 20241211230000)
 (3468., 3468., 3457., 3459.,  694., 27834, 20241212091500)
 (3460., 3465., 3458., 3463.,  378., 28000, 20241212093000)
 (3462., 3464., 3459., 3463.,  165., 27944, 20241212094500)
 (3462., 3475., 3461., 3468.,  705., 28138, 20241212100000)
 (3469., 3474., 3461., 3471.,  453., 27949, 20241212101500)
 (3469., 3469., 3462., 3464.,  123., 27915, 20241212104500)
 (3465., 3465., 3456., 3461.,  304., 27962, 20241212110000)
 (3462., 3467., 3462., 3467.,  204., 27868, 20241212111500)
 (3467., 3485., 3466., 3482., 1157., 28115, 20241212113000)
 (3484., 3485., 3474., 3479.,  635., 28280, 20241212134500)
 (3479., 3485., 3477., 3479.,  340., 28436, 20241212140000)
 (3481., 3487., 3481., 3484.,  409., 28599, 20241212141500)
 (3485., 3487., 3478., 3480.,  409., 28738, 20241212143000)
 (3481., 3485., 3480., 3481.,  225., 28777, 20241212144500)
 (3482., 3483., 3478., 3482.,  336., 28798, 20241212150000)]
2024-12-13 15:30:00  INFO  [(3477., 3477., 3428., 3438., 2609., 28733, 20241212211500)
 (3437., 3448., 3437., 3444.,  457., 28914, 20241212213000)
 (3444., 3446., 3440., 3445.,  200., 28999, 20241212214500)
 (3446., 3453., 3444., 3451.,  127., 28981, 20241212220000)
 (3451., 3451., 3443., 3443.,  128., 28976, 20241212221500)
 (3443., 3443., 3437., 3437.,  342., 28992, 20241212223000)
 (3437., 3442., 3433., 3442.,  267., 29075, 20241212224500)
 (3442., 3443., 3437., 3443.,  246., 29006, 20241212230000)
 (3443., 3446., 3435., 3436.,  482., 29149, 20241213091500)
 (3436., 3440., 3431., 3434.,  642., 29435, 20241213093000)
 (3432., 3438., 3432., 3434.,  382., 29497, 20241213094500)
 (3435., 3435., 3414., 3414., 1229., 29754, 20241213100000)
 (3414., 3417., 3404., 3409., 1454., 30007, 20241213101500)
 (3411., 3421., 3409., 3418., 1638., 30601, 20241213104500)
 (3416., 3419., 3409., 3411.,  730., 30689, 20241213110000)
 (3409., 3412., 3406., 3407.,  413., 30701, 20241213111500)
 (3407., 3414., 3405., 3414.,  548., 30776, 20241213113000)
 (3414., 3414., 3407., 3410.,  358., 30870, 20241213134500)
 (3410., 3415., 3409., 3412.,  624., 31193, 20241213140000)
 (3412., 3415., 3408., 3410.,  428., 31323, 20241213141500)
 (3409., 3410., 3400., 3402., 1060., 31859, 20241213143000)
 (3402., 3405., 3397., 3401.,  781., 32072, 20241213144500)
 (3402., 3411., 3402., 3407., 1797., 31877, 20241213150000)]
2024-12-16 15:30:00  INFO  [(3403., 3410., 3400., 3403., 2204., 32689, 20241213211500)
 (3404., 3407., 3401., 3404.,  347., 32854, 20241213213000)
 (3405., 3408., 3405., 3408.,  186., 32926, 20241213214500)
 (3408., 3408., 3400., 3401.,  108., 32915, 20241213220000)
 (3400., 3404., 3400., 3403.,   94., 32945, 20241213221500)
 (3403., 3406., 3401., 3403.,   95., 32958, 20241213223000)
 (3403., 3407., 3400., 3403.,  128., 32988, 20241213224500)
 (3403., 3405., 3400., 3405.,  396., 33018, 20241213230000)
 (3405., 3422., 3402., 3402., 2133., 32575, 20241216091500)
 (3402., 3402., 3392., 3400., 1418., 32897, 20241216093000)
 (3399., 3400., 3390., 3392.,  928., 32993, 20241216094500)
 (3392., 3394., 3386., 3390., 1341., 33457, 20241216100000)
 (3390., 3390., 3381., 3381., 1417., 33942, 20241216101500)
 (3383., 3388., 3381., 3384.,  920., 34421, 20241216104500)
 (3385., 3389., 3383., 3383.,  442., 34648, 20241216110000)
 (3383., 3390., 3382., 3390.,  512., 34907, 20241216111500)
 (3390., 3394., 3386., 3394.,  626., 35199, 20241216113000)
 (3391., 3392., 3387., 3388., 1740., 35568, 20241216134500)
 (3388., 3392., 3387., 3390.,  412., 35810, 20241216140000)
 (3390., 3392., 3385., 3388.,  307., 35978, 20241216141500)
 (3387., 3399., 3386., 3397.,  638., 36133, 20241216143000)
 (3398., 3408., 3396., 3406., 1184., 36319, 20241216144500)
 (3408., 3408., 3401., 3401.,  336., 36293, 20241216150000)]
2024-12-17 15:30:00  INFO  [(3401., 3410., 3401., 3406., 814., 36480, 20241216211500)
 (3407., 3412., 3407., 3409., 177., 36425, 20241216213000)
 (3409., 3410., 3405., 3407., 207., 36412, 20241216214500)
 (3407., 3409., 3406., 3406., 172., 36437, 20241216220000)
 (3406., 3407., 3405., 3405.,  81., 36468, 20241216221500)
 (3406., 3409., 3404., 3404., 139., 36520, 20241216223000)
 (3404., 3408., 3402., 3405., 178., 36600, 20241216224500)
 (3405., 3408., 3403., 3403., 287., 36442, 20241216230000)
 (3403., 3403., 3395., 3401., 487., 36297, 20241217091500)
 (3401., 3403., 3397., 3397., 130., 36276, 20241217093000)
 (3398., 3401., 3395., 3397., 414., 36284, 20241217094500)
 (3397., 3410., 3397., 3409., 568., 36546, 20241217100000)
 (3409., 3414., 3403., 3403., 656., 36757, 20241217101500)
 (3402., 3404., 3400., 3403., 752., 36989, 20241217104500)
 (3403., 3405., 3402., 3402., 127., 37010, 20241217110000)
 (3405., 3408., 3402., 3404., 188., 37034, 20241217111500)
 (3404., 3409., 3400., 3404., 951., 37345, 20241217113000)
 (3405., 3415., 3404., 3410., 537., 37455, 20241217134500)
 (3410., 3411., 3405., 3405., 548., 37808, 20241217140000)
 (3405., 3406., 3400., 3402., 414., 37958, 20241217141500)
 (3402., 3404., 3397., 3397., 391., 38063, 20241217143000)
 (3397., 3399., 3393., 3397., 283., 38175, 20241217144500)
 (3398., 3402., 3396., 3402., 470., 38208, 20241217150000)]
2024-12-18 15:30:00  INFO  [(3390., 3400., 3382., 3394.,  720., 38278, 20241217211500)
 (3394., 3395., 3387., 3390.,  551., 38589, 20241217213000)
 (3390., 3390., 3383., 3386.,  719., 38678, 20241217214500)
 (3386., 3386., 3382., 3385.,  396., 38855, 20241217220000)
 (3383., 3392., 3383., 3389.,  236., 38828, 20241217221500)
 (3390., 3390., 3387., 3388.,   29., 38826, 20241217223000)
 (3389., 3389., 3384., 3385.,  133., 38803, 20241217224500)
 (3384., 3391., 3384., 3387.,  243., 38724, 20241217230000)
 (3391., 3395., 3387., 3388.,  564., 38566, 20241218091500)
 (3387., 3388., 3375., 3379.,  872., 38696, 20241218093000)
 (3379., 3389., 3377., 3389.,  463., 38863, 20241218094500)
 (3388., 3389., 3383., 3386.,  546., 39254, 20241218100000)
 (3386., 3392., 3381., 3390.,  557., 39436, 20241218101500)
 (3389., 3389., 3384., 3387.,  769., 39893, 20241218104500)
 (3387., 3387., 3373., 3378., 1914., 41207, 20241218110000)
 (3377., 3380., 3368., 3374., 1219., 41636, 20241218111500)
 (3372., 3385., 3372., 3384.,  363., 41779, 20241218113000)
 (3386., 3391., 3380., 3381.,  901., 41953, 20241218134500)
 (3380., 3384., 3378., 3379.,  305., 42053, 20241218140000)
 (3378., 3379., 3377., 3379.,  233., 42078, 20241218141500)
 (3379., 3379., 3367., 3368.,  661., 42237, 20241218143000)
 (3368., 3368., 3351., 3352., 1684., 43139, 20241218144500)
 (3352., 3359., 3350., 3359., 1184., 43483, 20241218150000)]
2024-12-19 15:30:00  INFO  [(3348., 3366., 3341., 3350., 2199., 44085, 20241218211500)
 (3349., 3356., 3349., 3355., 1007., 44671, 20241218213000)
 (3355., 3355., 3351., 3352.,  330., 44740, 20241218214500)
 (3352., 3353., 3351., 3351.,   29., 44749, 20241218220000)
 (3351., 3354., 3348., 3353.,  675., 44803, 20241218221500)
 (3353., 3353., 3350., 3351.,    8., 44806, 20241218223000)
 (3352., 3363., 3352., 3358.,  596., 44808, 20241218224500)
 (3359., 3364., 3355., 3358.,  540., 44932, 20241218230000)
 (3348., 3354., 3343., 3350., 1054., 45245, 20241219091500)
 (3349., 3349., 3330., 3331., 1304., 45630, 20241219093000)
 (3330., 3332., 3325., 3329., 1163., 46033, 20241219094500)
 (3328., 3328., 3313., 3314., 1131., 46569, 20241219100000)
 (3314., 3314., 3302., 3306., 1194., 46953, 20241219101500)
 (3306., 3316., 3304., 3314., 1236., 46780, 20241219104500)
 (3315., 3320., 3313., 3318.,  732., 46704, 20241219110000)
 (3319., 3323., 3314., 3315.,  386., 46748, 20241219111500)
 (3315., 3329., 3314., 3323.,  654., 46702, 20241219113000)
 (3329., 3333., 3323., 3323., 1103., 46773, 20241219134500)
 (3324., 3324., 3314., 3315., 1760., 46902, 20241219140000)
 (3316., 3321., 3311., 3320., 1032., 47268, 20241219141500)
 (3321., 3341., 3320., 3328., 1383., 47250, 20241219143000)
 (3328., 3331., 3317., 3327.,  546., 47369, 20241219144500)
 (3327., 3329., 3324., 3325.,  658., 47500, 20241219150000)]
2024-12-20 15:30:00  INFO  [(3322., 3328., 3316., 3323.,  924., 47496, 20241219211500)
 (3323., 3328., 3322., 3328.,  228., 47553, 20241219213000)
 (3326., 3327., 3324., 3325.,  235., 47543, 20241219214500)
 (3325., 3327., 3322., 3327.,  331., 47739, 20241219220000)
 (3327., 3331., 3324., 3329.,  637., 48025, 20241219221500)
 (3328., 3328., 3324., 3325.,  233., 48131, 20241219223000)
 (3325., 3325., 3320., 3323.,  548., 48363, 20241219224500)
 (3322., 3323., 3315., 3315., 1086., 48970, 20241219230000)
 (3318., 3319., 3312., 3316.,  683., 48978, 20241220091500)
 (3316., 3328., 3315., 3324.,  551., 49057, 20241220093000)
 (3325., 3327., 3317., 3320.,  275., 49107, 20241220094500)
 (3320., 3327., 3319., 3323.,  318., 49142, 20241220100000)
 (3323., 3323., 3318., 3321.,  240., 49208, 20241220101500)
 (3321., 3321., 3314., 3316.,  831., 49697, 20241220104500)
 (3316., 3321., 3316., 3320.,  241., 49734, 20241220110000)
 (3320., 3322., 3315., 3319.,  319., 49771, 20241220111500)
 (3319., 3330., 3318., 3329.,  428., 49873, 20241220113000)
 (3328., 3330., 3325., 3326., 1008., 50279, 20241220134500)
 (3326., 3326., 3323., 3323.,  328., 50377, 20241220140000)
 (3322., 3323., 3319., 3321.,  600., 50500, 20241220141500)
 (3319., 3324., 3317., 3319.,  406., 50549, 20241220143000)
 (3319., 3323., 3319., 3319.,  214., 50633, 20241220144500)
 (3319., 3324., 3318., 3319.,  432., 50525, 20241220150000)]
2024-12-23 15:30:00  INFO  [(3325., 3326., 3307., 3314., 1555., 50540, 20241220211500)
 (3313., 3315., 3306., 3307.,  503., 50612, 20241220213000)
 (3307., 3309., 3301., 3302.,  730., 50748, 20241220214500)
 (3301., 3304., 3295., 3296., 1437., 51439, 20241220220000)
 (3296., 3305., 3296., 3301.,  247., 51510, 20241220221500)
 (3300., 3304., 3299., 3303.,  182., 51533, 20241220223000)
 (3302., 3315., 3302., 3313., 1054., 51383, 20241220224500)
 (3313., 3329., 3313., 3320., 1562., 51306, 20241220230000)
 (3325., 3335., 3325., 3330., 1001., 51033, 20241223091500)
 (3331., 3334., 3328., 3334.,  561., 51140, 20241223093000)
 (3334., 3336., 3331., 3333.,  461., 51060, 20241223094500)
 (3334., 3341., 3331., 3333.,  707., 51099, 20241223100000)
 (3332., 3335., 3330., 3332.,  482., 51234, 20241223101500)
 (3333., 3334., 3327., 3333.,  355., 51314, 20241223104500)
 (3333., 3339., 3331., 3337.,  412., 51448, 20241223110000)
 (3338., 3346., 3336., 3344., 1020., 51602, 20241223111500)
 (3344., 3346., 3334., 3338.,  714., 51595, 20241223113000)
 (3339., 3340., 3333., 3334.,  623., 51618, 20241223134500)
 (3333., 3333., 3328., 3329., 1010., 52094, 20241223140000)
 (3329., 3329., 3323., 3326., 1188., 52231, 20241223141500)
 (3325., 3330., 3325., 3328.,  319., 52302, 20241223143000)
 (3328., 3333., 3327., 3332.,  147., 52245, 20241223144500)
 (3333., 3333., 3328., 3331.,  323., 52184, 20241223150000)]
2024-12-24 15:30:00  INFO  [(3338., 3338., 3321., 3325., 1004., 52077, 20241223211500)
 (3324., 3326., 3323., 3323.,  221., 52040, 20241223213000)
 (3323., 3324., 3321., 3324.,  301., 52132, 20241223214500)
 (3323., 3324., 3321., 3323.,   84., 52159, 20241223220000)
 (3324., 3326., 3323., 3325.,  278., 52337, 20241223221500)
 (3325., 3326., 3320., 3320.,   64., 52332, 20241223223000)
 (3321., 3322., 3316., 3319.,  678., 52505, 20241223224500)
 (3319., 3322., 3318., 3320.,  285., 52573, 20241223230000)
 (3318., 3328., 3313., 3318.,  579., 52761, 20241224091500)
 (3318., 3318., 3311., 3315.,  606., 53103, 20241224093000)
 (3316., 3324., 3315., 3320.,  339., 53215, 20241224094500)
 (3318., 3325., 3318., 3324.,  279., 53324, 20241224100000)
 (3325., 3339., 3324., 3331., 1381., 53554, 20241224101500)
 (3331., 3337., 3327., 3329.,  914., 53616, 20241224104500)
 (3328., 3334., 3328., 3331.,  814., 54093, 20241224110000)
 (3331., 3333., 3329., 3332.,  171., 54113, 20241224111500)
 (3333., 3333., 3324., 3325.,  367., 54164, 20241224113000)
 (3326., 3331., 3323., 3329.,  363., 54311, 20241224134500)
 (3330., 3335., 3330., 3335.,  735., 54796, 20241224140000)
 (3335., 3336., 3331., 3336.,  309., 54956, 20241224141500)
 (3334., 3336., 3331., 3334.,  182., 55032, 20241224143000)
 (3334., 3344., 3333., 3343., 3926., 56340, 20241224144500)
 (3344., 3354., 3343., 3350., 2177., 56721, 20241224150000)]
2024-12-25 15:30:00  INFO  [(3343., 3352., 3341., 3345., 1300., 57406, 20241224211500)
 (3347., 3348., 3345., 3346.,  543., 57728, 20241224213000)
 (3345., 3346., 3343., 3345.,  201., 57846, 20241224214500)
 (3346., 3346., 3343., 3343.,  430., 58175, 20241224220000)
 (3343., 3345., 3340., 3345.,  300., 58270, 20241224221500)
 (3345., 3353., 3345., 3350.,  553., 58330, 20241224223000)
 (3350., 3353., 3349., 3350.,  282., 58415, 20241224224500)
 (3350., 3352., 3347., 3347.,  495., 58355, 20241224230000)
 (3349., 3351., 3343., 3345.,  533., 58361, 20241225091500)
 (3344., 3346., 3341., 3343.,  200., 58337, 20241225093000)
 (3342., 3344., 3338., 3344.,  408., 58455, 20241225094500)
 (3346., 3348., 3344., 3345.,   54., 58445, 20241225100000)
 (3345., 3347., 3342., 3345.,  110., 58441, 20241225101500)
 (3348., 3349., 3338., 3339., 1258., 58897, 20241225104500)
 (3340., 3342., 3337., 3338.,  260., 58923, 20241225110000)
 (3338., 3342., 3335., 3336.,  408., 58922, 20241225111500)
 (3336., 3347., 3335., 3347.,  201., 58862, 20241225113000)
 (3347., 3349., 3344., 3347.,  454., 58974, 20241225134500)
 (3346., 3348., 3342., 3344.,  200., 59005, 20241225140000)
 (3343., 3343., 3338., 3339.,  308., 58814, 20241225141500)
 (3338., 3341., 3336., 3341.,  120., 58802, 20241225143000)
 (3340., 3341., 3332., 3341.,  442., 58788, 20241225144500)
 (3341., 3345., 3335., 3339.,  499., 58707, 20241225150000)]
2024-12-26 15:30:00  INFO  [(3334., 3340., 3334., 3337.,  676., 58734, 20241225211500)
 (3338., 3338., 3335., 3336.,  281., 58874, 20241225213000)
 (3336., 3341., 3335., 3339.,  344., 58927, 20241225214500)
 (3337., 3341., 3337., 3338.,  988., 59662, 20241225220000)
 (3338., 3339., 3336., 3339.,  133., 59725, 20241225221500)
 (3339., 3339., 3336., 3336.,   62., 59747, 20241225223000)
 (3336., 3339., 3335., 3337.,   88., 59734, 20241225224500)
 (3338., 3340., 3332., 3336.,  338., 59823, 20241225230000)
 (3336., 3346., 3334., 3342., 1175., 59628, 20241226091500)
 (3342., 3353., 3341., 3350., 3020., 60307, 20241226093000)
 (3351., 3364., 3348., 3358., 1602., 60915, 20241226094500)
 (3360., 3363., 3356., 3358.,  734., 60945, 20241226100000)
 (3358., 3368., 3358., 3362.,  794., 60955, 20241226101500)
 (3363., 3364., 3359., 3362.,  257., 60973, 20241226104500)
 (3363., 3367., 3361., 3361.,  660., 61085, 20241226110000)
 (3364., 3365., 3363., 3364.,  646., 61427, 20241226111500)
 (3363., 3364., 3357., 3357.,  805., 61745, 20241226113000)
 (3356., 3356., 3349., 3349., 1032., 61767, 20241226134500)
 (3348., 3350., 3341., 3346.,  813., 61940, 20241226140000)
 (3345., 3348., 3345., 3345.,  236., 61970, 20241226141500)
 (3344., 3348., 3343., 3347.,  320., 62120, 20241226143000)
 (3347., 3350., 3344., 3347.,  248., 62120, 20241226144500)
 (3345., 3346., 3342., 3344.,  478., 62184, 20241226150000)]
2024-12-27 15:30:00  INFO  [(3344., 3348., 3336., 3348., 4466., 65510, 20241226211500)
 (3348., 3349., 3345., 3346., 1874., 67057, 20241226213000)
 (3346., 3346., 3344., 3345.,  347., 67189, 20241226214500)
 (3344., 3344., 3341., 3342.,  273., 67338, 20241226220000)
 (3341., 3344., 3338., 3342.,  645., 67322, 20241226221500)
 (3342., 3345., 3341., 3343.,  214., 67492, 20241226223000)
 (3342., 3347., 3342., 3343.,  745., 67965, 20241226224500)
 (3344., 3346., 3342., 3342.,  801., 68125, 20241226230000)
 (3341., 3345., 3325., 3329., 3163., 69037, 20241227091500)
 (3328., 3332., 3324., 3331., 4223., 69897, 20241227093000)
 (3331., 3335., 3328., 3328., 5460., 70420, 20241227094500)
 (3329., 3333., 3325., 3325., 1020., 70699, 20241227100000)
 (3325., 3325., 3317., 3320., 1048., 70829, 20241227101500)
 (3321., 3326., 3318., 3324.,  730., 70996, 20241227104500)
 (3323., 3328., 3317., 3317.,  955., 70919, 20241227110000)
 (3317., 3324., 3312., 3324., 1559., 70389, 20241227111500)
 (3325., 3325., 3313., 3316., 1621., 70805, 20241227113000)
 (3316., 3317., 3305., 3309., 1516., 70837, 20241227134500)
 (3310., 3310., 3305., 3307.,  913., 71326, 20241227140000)
 (3307., 3313., 3304., 3306., 1226., 72064, 20241227141500)
 (3306., 3307., 3300., 3303.,  558., 72371, 20241227143000)
 (3302., 3311., 3302., 3308.,  408., 72422, 20241227144500)
 (3308., 3308., 3299., 3305., 2495., 72749, 20241227150000)]
2024-12-30 15:30:00  INFO  [(3297., 3316., 3297., 3306., 8649., 75749, 20241227211500)
 (3307., 3308., 3301., 3304., 4968., 75846, 20241227213000)
 (3304., 3311., 3299., 3310.,  858., 75867, 20241227214500)
 (3310., 3318., 3309., 3318.,  750., 75861, 20241227220000)
 (3318., 3321., 3316., 3318.,  584., 75757, 20241227221500)
 (3317., 3318., 3315., 3316.,  232., 75728, 20241227223000)
 (3316., 3316., 3312., 3313.,  187., 75774, 20241227224500)
 (3313., 3320., 3313., 3319.,  549., 75462, 20241227230000)
 (3317., 3335., 3316., 3334., 1864., 75877, 20241230091500)
 (3334., 3335., 3328., 3330., 1061., 76000, 20241230093000)
 (3330., 3333., 3328., 3331., 1190., 75644, 20241230094500)
 (3331., 3337., 3331., 3334., 1025., 75932, 20241230100000)
 (3334., 3335., 3329., 3329.,  813., 76188, 20241230101500)
 (3330., 3335., 3330., 3333.,  973., 76606, 20241230104500)
 (3333., 3342., 3332., 3334., 2097., 77359, 20241230110000)
 (3334., 3336., 3330., 3332., 1742., 77952, 20241230111500)
 (3333., 3339., 3330., 3331., 1070., 78150, 20241230113000)
 (3331., 3339., 3331., 3338.,  563., 78347, 20241230134500)
 (3337., 3340., 3336., 3340.,  559., 78569, 20241230140000)
 (3340., 3342., 3338., 3341.,  738., 78749, 20241230141500)
 (3342., 3344., 3338., 3343.,  759., 78901, 20241230143000)
 (3342., 3344., 3336., 3337., 1424., 79330, 20241230144500)
 (3338., 3342., 3337., 3342.,  900., 79480, 20241230150000)]
2024-12-31 15:30:00  INFO  [(3340., 3349., 3340., 3341., 1235., 79567, 20241230211500)
 (3340., 3343., 3340., 3343.,  510., 79488, 20241230213000)
 (3344., 3344., 3339., 3341.,  129., 79533, 20241230214500)
 (3341., 3343., 3341., 3343.,  116., 79536, 20241230220000)
 (3344., 3351., 3343., 3344.,  771., 79707, 20241230221500)
 (3343., 3349., 3342., 3348.,  514., 79653, 20241230223000)
 (3348., 3349., 3345., 3346.,  337., 79772, 20241230224500)
 (3347., 3347., 3342., 3342.,  485., 79687, 20241230230000)
 (3342., 3347., 3339., 3341., 1908., 79821, 20241231091500)
 (3341., 3343., 3338., 3341., 1612., 80251, 20241231093000)
 (3342., 3344., 3338., 3338., 1354., 80548, 20241231094500)
 (3339., 3341., 3337., 3337.,  545., 80489, 20241231100000)
 (3337., 3339., 3329., 3330., 1228., 80312, 20241231101500)
 (3331., 3337., 3330., 3335., 1752., 81165, 20241231104500)
 (3334., 3337., 3330., 3332.,  958., 81329, 20241231110000)
 (3331., 3335., 3327., 3329.,  726., 81356, 20241231111500)
 (3330., 3336., 3329., 3331.,  846., 81884, 20241231113000)
 (3330., 3332., 3327., 3330., 2204., 81661, 20241231134500)
 (3330., 3333., 3330., 3332.,  845., 82115, 20241231140000)
 (3332., 3335., 3326., 3326.,  836., 82460, 20241231141500)
 (3327., 3338., 3326., 3332.,  932., 82707, 20241231143000)
 (3333., 3343., 3333., 3340., 1114., 82872, 20241231144500)
 (3340., 3343., 3331., 3336., 1177., 83097, 20241231150000)]
2025-01-02 15:30:00  INFO  [(3331., 3335., 3327., 3329.,  726., 81356, 20241231111500)
 (3330., 3336., 3329., 3331.,  846., 81884, 20241231113000)
 (3330., 3332., 3327., 3330., 2204., 81661, 20241231134500)
 (3330., 3333., 3330., 3332.,  845., 82115, 20241231140000)
 (3332., 3335., 3326., 3326.,  836., 82460, 20241231141500)
 (3327., 3338., 3326., 3332.,  932., 82707, 20241231143000)
 (3333., 3343., 3333., 3340., 1114., 82872, 20241231144500)
 (3340., 3343., 3331., 3336., 1177., 83097, 20241231150000)
 (3330., 3333., 3306., 3328., 5320., 83386, 20250102091500)
 (3328., 3340., 3327., 3338., 1256., 83989, 20250102093000)
 (3339., 3345., 3336., 3343., 1140., 84288, 20250102094500)
 (3343., 3344., 3338., 3341., 1448., 84589, 20250102100000)
 (3341., 3358., 3340., 3349., 2956., 84473, 20250102101500)
 (3349., 3352., 3345., 3349.,  715., 84638, 20250102104500)
 (3350., 3355., 3349., 3353.,  839., 84683, 20250102110000)
 (3355., 3357., 3349., 3351., 1240., 84887, 20250102111500)
 (3352., 3353., 3346., 3347., 1198., 84741, 20250102113000)
 (3343., 3344., 3333., 3333., 2896., 84477, 20250102134500)
 (3334., 3338., 3332., 3337., 1841., 84842, 20250102140000)
 (3336., 3337., 3327., 3329., 1233., 85146, 20250102141500)
 (3329., 3333., 3325., 3332.,  885., 85265, 20250102143000)
 (3330., 3333., 3327., 3330., 1715., 86129, 20250102144500)
 (3330., 3334., 3326., 3330.,  973., 86003, 20250102150000)]
2025-01-03 15:30:00  INFO  [(3335., 3335., 3329., 3329., 1067., 85836, 20250102211500)
 (3328., 3329., 3315., 3320., 1486., 85965, 20250102213000)
 (3320., 3320., 3313., 3317., 4135., 87430, 20250102214500)
 (3317., 3318., 3314., 3315.,  546., 87574, 20250102220000)
 (3314., 3316., 3311., 3315.,  726., 87781, 20250102221500)
 (3314., 3317., 3310., 3311.,  631., 87856, 20250102223000)
 (3311., 3317., 3311., 3315.,  217., 87914, 20250102224500)
 (3315., 3318., 3314., 3315.,  631., 87923, 20250102230000)
 (3320., 3322., 3307., 3307., 1394., 88055, 20250103091500)
 (3307., 3308., 3300., 3305., 4053., 89984, 20250103093000)
 (3304., 3315., 3303., 3315., 1888., 90510, 20250103094500)
 (3314., 3314., 3305., 3308.,  631., 90670, 20250103100000)
 (3309., 3315., 3306., 3314., 1354., 91234, 20250103101500)
 (3316., 3322., 3308., 3309., 1864., 91918, 20250103104500)
 (3309., 3309., 3293., 3295., 1777., 92202, 20250103110000)
 (3295., 3303., 3293., 3301.,  893., 92306, 20250103111500)
 (3300., 3303., 3294., 3297., 1210., 92633, 20250103113000)
 (3297., 3300., 3288., 3292., 1850., 93110, 20250103134500)
 (3292., 3295., 3290., 3292., 1003., 93314, 20250103140000)
 (3291., 3293., 3290., 3292., 1026., 93772, 20250103141500)
 (3292., 3308., 3292., 3302., 1032., 93821, 20250103143000)
 (3300., 3301., 3294., 3298.,  701., 93848, 20250103144500)
 (3297., 3303., 3292., 3297.,  762., 93888, 20250103150000)]
2025-01-06 15:30:00  INFO  [(3297., 3298., 3286., 3297., 1908.,  94299, 20250103211500)
 (3298., 3298., 3292., 3295., 1065.,  94372, 20250103213000)
 (3294., 3294., 3280., 3285., 1572.,  94724, 20250103214500)
 (3284., 3298., 3284., 3295., 1099.,  94597, 20250103220000)
 (3296., 3303., 3296., 3297.,  907.,  94379, 20250103221500)
 (3298., 3303., 3296., 3303., 2523.,  95525, 20250103223000)
 (3303., 3310., 3300., 3310.,  830.,  95475, 20250103224500)
 (3309., 3315., 3303., 3306., 2799.,  95138, 20250103230000)
 (3305., 3308., 3296., 3308., 1977.,  95264, 20250106091500)
 (3307., 3310., 3298., 3299., 1916.,  95147, 20250106093000)
 (3299., 3300., 3291., 3292., 1180.,  95152, 20250106094500)
 (3292., 3294., 3287., 3287.,  657.,  95244, 20250106100000)
 (3287., 3297., 3284., 3293., 3928.,  97071, 20250106101500)
 (3294., 3297., 3285., 3285., 1172.,  97110, 20250106104500)
 (3285., 3287., 3283., 3286.,  868.,  97361, 20250106110000)
 (3287., 3289., 3283., 3284.,  699.,  97461, 20250106111500)
 (3284., 3288., 3278., 3280., 1976.,  98222, 20250106113000)
 (3280., 3280., 3272., 3273., 2108.,  99321, 20250106134500)
 (3273., 3280., 3272., 3279., 1185.,  99906, 20250106140000)
 (3279., 3281., 3273., 3274.,  771., 100276, 20250106141500)
 (3273., 3276., 3272., 3276., 1080., 100593, 20250106143000)
 (3276., 3279., 3272., 3278., 2396., 101764, 20250106144500)
 (3277., 3278., 3272., 3273., 1689., 102506, 20250106150000)]
2025-01-07 15:30:00  INFO  [(3320., 3320., 3284., 3285., 4951., 103240, 20250106211500)
 (3286., 3286., 3282., 3285.,  369., 103388, 20250106213000)
 (3285., 3286., 3283., 3284., 1478., 104260, 20250106214500)
 (3285., 3287., 3284., 3284.,  612., 104660, 20250106220000)
 (3283., 3285., 3282., 3282.,  321., 104790, 20250106221500)
 (3283., 3283., 3272., 3274., 1290., 105352, 20250106223000)
 (3274., 3276., 3273., 3274.,  298., 105527, 20250106224500)
 (3275., 3280., 3274., 3280.,  919., 105323, 20250106230000)
 (3278., 3280., 3261., 3266., 1780., 105617, 20250107091500)
 (3266., 3269., 3264., 3265., 1051., 105900, 20250107093000)
 (3265., 3273., 3264., 3270.,  675., 105957, 20250107094500)
 (3270., 3270., 3262., 3262.,  845., 106264, 20250107100000)
 (3262., 3267., 3256., 3260., 1464., 106641, 20250107101500)
 (3259., 3262., 3251., 3254., 1319., 107010, 20250107104500)
 (3253., 3258., 3252., 3253.,  481., 107060, 20250107110000)
 (3252., 3256., 3251., 3256.,  892., 106863, 20250107111500)
 (3255., 3258., 3252., 3258.,  851., 106856, 20250107113000)
 (3256., 3271., 3256., 3269., 1530., 106841, 20250107134500)
 (3269., 3273., 3259., 3261., 1495., 107350, 20250107140000)
 (3260., 3261., 3255., 3256.,  736., 107589, 20250107141500)
 (3256., 3262., 3252., 3259., 1309., 108133, 20250107143000)
 (3259., 3263., 3258., 3261., 1529., 108776, 20250107144500)
 (3261., 3261., 3254., 3258., 1556., 109184, 20250107150000)]
2025-01-08 15:30:00  INFO  [(3252., 3264., 3252., 3262., 1406., 108959, 20250107211500)
 (3262., 3263., 3260., 3263.,  323., 109082, 20250107213000)
 (3263., 3264., 3259., 3263.,  658., 109119, 20250107214500)
 (3263., 3268., 3261., 3266.,  516., 109050, 20250107220000)
 (3266., 3269., 3262., 3262.,  597., 108781, 20250107221500)
 (3263., 3265., 3261., 3264.,  290., 108902, 20250107223000)
 (3265., 3267., 3262., 3262.,  655., 108899, 20250107224500)
 (3262., 3267., 3262., 3263.,  540., 108808, 20250107230000)
 (3264., 3264., 3256., 3257.,  780., 109029, 20250108091500)
 (3257., 3260., 3254., 3254.,  301., 109099, 20250108093000)
 (3254., 3261., 3253., 3258.,  694., 109477, 20250108094500)
 (3258., 3258., 3247., 3248., 1254., 109850, 20250108100000)
 (3248., 3251., 3245., 3251.,  866., 109857, 20250108101500)
 (3249., 3249., 3243., 3246., 1296., 110333, 20250108104500)
 (3244., 3246., 3242., 3242.,  434., 110479, 20250108110000)
 (3242., 3243., 3233., 3236., 1408., 110949, 20250108111500)
 (3236., 3243., 3231., 3231.,  878., 111152, 20250108113000)
 (3234., 3239., 3232., 3236., 2062., 112064, 20250108134500)
 (3235., 3246., 3232., 3240., 2872., 113193, 20250108140000)
 (3241., 3246., 3239., 3243., 1936., 113643, 20250108141500)
 (3244., 3244., 3233., 3234., 1672., 114546, 20250108143000)
 (3233., 3235., 3222., 3227., 2207., 115325, 20250108144500)
 (3227., 3231., 3224., 3231., 1573., 115270, 20250108150000)]
2025-01-09 15:30:00  INFO  [(3236., 3236., 3224., 3225., 2465., 114879, 20250108211500)
 (3226., 3229., 3223., 3227.,  556., 115080, 20250108213000)
 (3227., 3229., 3215., 3221., 1137., 115616, 20250108214500)
 (3223., 3224., 3218., 3222.,  730., 115896, 20250108220000)
 (3222., 3228., 3222., 3226., 1057., 116112, 20250108221500)
 (3226., 3230., 3225., 3225.,  779., 116543, 20250108223000)
 (3226., 3228., 3223., 3224., 1014., 116557, 20250108224500)
 (3226., 3226., 3220., 3222.,  738., 116711, 20250108230000)
 (3222., 3227., 3218., 3225., 2143., 116908, 20250109091500)
 (3225., 3226., 3222., 3222.,  246., 116970, 20250109093000)
 (3221., 3221., 3210., 3213., 1537., 117454, 20250109094500)
 (3213., 3216., 3206., 3208., 3046., 118509, 20250109100000)
 (3207., 3213., 3205., 3208., 1263., 118627, 20250109101500)
 (3208., 3220., 3207., 3218., 1239., 118518, 20250109104500)
 (3218., 3220., 3211., 3215.,  863., 118703, 20250109110000)
 (3215., 3226., 3215., 3224., 1438., 118825, 20250109111500)
 (3224., 3225., 3219., 3219.,  934., 119287, 20250109113000)
 (3220., 3221., 3216., 3219., 1204., 119754, 20250109134500)
 (3219., 3220., 3215., 3217., 1093., 120264, 20250109140000)
 (3217., 3226., 3212., 3226., 1981., 120916, 20250109141500)
 (3226., 3230., 3222., 3223., 1248., 120941, 20250109143000)
 (3224., 3236., 3224., 3232., 2273., 121789, 20250109144500)
 (3233., 3233., 3221., 3224., 1624., 122033, 20250109150000)]
2025-01-10 15:30:00  INFO  [(3224., 3224., 3216., 3224., 4016., 122202, 20250109211500)
 (3223., 3223., 3217., 3217.,  678., 122442, 20250109213000)
 (3217., 3218., 3212., 3214., 1064., 122571, 20250109214500)
 (3214., 3216., 3212., 3213.,  727., 122914, 20250109220000)
 (3212., 3216., 3212., 3215., 1834., 123882, 20250109221500)
 (3215., 3215., 3212., 3214.,  555., 124040, 20250109223000)
 (3213., 3218., 3213., 3218.,  962., 124059, 20250109224500)
 (3217., 3219., 3214., 3215.,  631., 124138, 20250109230000)
 (3216., 3229., 3216., 3226., 2995., 123838, 20250110091500)
 (3225., 3237., 3224., 3236., 2674., 124886, 20250110093000)
 (3236., 3239., 3230., 3233., 1923., 125225, 20250110094500)
 (3233., 3237., 3231., 3232.,  635., 125356, 20250110100000)
 (3232., 3232., 3225., 3229.,  839., 125395, 20250110101500)
 (3226., 3232., 3226., 3230., 1094., 125427, 20250110104500)
 (3230., 3232., 3226., 3228.,  750., 125562, 20250110110000)
 (3227., 3228., 3225., 3227.,  375., 125629, 20250110111500)
 (3228., 3232., 3226., 3227.,  550., 125692, 20250110113000)
 (3227., 3234., 3222., 3232., 4329., 127916, 20250110134500)
 (3233., 3234., 3231., 3231.,  738., 128145, 20250110140000)
 (3231., 3235., 3230., 3234.,  809., 128436, 20250110141500)
 (3233., 3235., 3227., 3229.,  648., 128486, 20250110143000)
 (3229., 3230., 3225., 3227.,  792., 128595, 20250110144500)
 (3228., 3232., 3227., 3228.,  538., 128537, 20250110150000)]
2025-01-13 15:30:00  INFO  [(3240., 3247., 3231., 3236., 4277., 129535, 20250110211500)
 (3237., 3238., 3235., 3235.,  454., 129533, 20250110213000)
 (3235., 3236., 3231., 3235.,  501., 129629, 20250110214500)
 (3234., 3241., 3234., 3240.,  759., 129765, 20250110220000)
 (3241., 3253., 3240., 3250., 1917., 129829, 20250110221500)
 (3250., 3263., 3250., 3262., 3049., 129253, 20250110223000)
 (3262., 3269., 3258., 3259., 3057., 128527, 20250110224500)
 (3260., 3268., 3258., 3268., 2241., 127920, 20250110230000)
 (3258., 3272., 3254., 3262., 3391., 128445, 20250113091500)
 (3262., 3266., 3257., 3262., 1562., 128729, 20250113093000)
 (3262., 3274., 3261., 3273., 1540., 128918, 20250113094500)
 (3274., 3278., 3273., 3277., 1301., 128874, 20250113100000)
 (3278., 3280., 3269., 3269., 2260., 128577, 20250113101500)
 (3270., 3276., 3269., 3276., 1551., 128787, 20250113104500)
 (3277., 3278., 3274., 3274.,  703., 128755, 20250113110000)
 (3275., 3278., 3272., 3275.,  584., 128821, 20250113111500)
 (3274., 3275., 3265., 3266., 1778., 128480, 20250113113000)
 (3266., 3270., 3263., 3265.,  767., 128616, 20250113134500)
 (3265., 3273., 3264., 3272., 2032., 129265, 20250113140000)
 (3273., 3273., 3269., 3271.,  377., 129383, 20250113141500)
 (3271., 3271., 3264., 3266., 1128., 129760, 20250113143000)
 (3267., 3271., 3263., 3268., 1018., 129548, 20250113144500)
 (3268., 3274., 3268., 3274., 1046., 129386, 20250113150000)]
2025-01-14 15:30:00  INFO  [(3272., 3275., 3266., 3269., 1642., 129502, 20250113211500)
 (3269., 3271., 3266., 3266.,  588., 129361, 20250113213000)
 (3266., 3269., 3265., 3268.,  606., 129519, 20250113214500)
 (3267., 3271., 3267., 3269.,  256., 129579, 20250113220000)
 (3269., 3271., 3267., 3271.,  108., 129585, 20250113221500)
 (3271., 3271., 3267., 3268., 1548., 129745, 20250113223000)
 (3268., 3272., 3268., 3270.,  341., 129938, 20250113224500)
 (3270., 3271., 3266., 3268.,  241., 129864, 20250113230000)
 (3268., 3282., 3266., 3281., 2097., 129613, 20250114091500)
 (3281., 3282., 3278., 3279.,  922., 129889, 20250114093000)
 (3280., 3285., 3276., 3284., 1394., 130480, 20250114094500)
 (3284., 3296., 3283., 3292., 2883., 131843, 20250114100000)
 (3292., 3293., 3287., 3289.,  923., 131820, 20250114101500)
 (3291., 3293., 3287., 3289.,  978., 131977, 20250114104500)
 (3290., 3293., 3288., 3292., 2213., 133310, 20250114110000)
 (3291., 3300., 3290., 3297., 4030., 134629, 20250114111500)
 (3296., 3296., 3291., 3292., 1028., 134841, 20250114113000)
 (3294., 3303., 3293., 3303., 1444., 135254, 20250114134500)
 (3303., 3312., 3302., 3310., 2840., 136486, 20250114140000)
 (3311., 3315., 3307., 3309., 2171., 137159, 20250114141500)
 (3309., 3314., 3306., 3306., 1429., 137580, 20250114143000)
 (3306., 3309., 3301., 3303., 2697., 137357, 20250114144500)
 (3306., 3309., 3303., 3306., 1312., 137260, 20250114150000)]
2025-01-15 15:30:00  INFO  [(3301., 3310., 3300., 3301., 1212., 136928, 20250114211500)
 (3301., 3303., 3300., 3303.,  423., 136845, 20250114213000)
 (3303., 3305., 3302., 3302.,  505., 136650, 20250114214500)
 (3302., 3308., 3302., 3307.,  252., 136576, 20250114220000)
 (3306., 3306., 3302., 3303.,  257., 136664, 20250114221500)
 (3303., 3306., 3303., 3306.,  141., 136696, 20250114223000)
 (3304., 3306., 3303., 3304.,  125., 136642, 20250114224500)
 (3304., 3306., 3301., 3302.,  469., 136578, 20250114230000)
 (3303., 3304., 3295., 3297., 1841., 136233, 20250115091500)
 (3296., 3309., 3296., 3307., 1300., 136478, 20250115093000)
 (3308., 3310., 3304., 3306.,  558., 136705, 20250115094500)
 (3307., 3310., 3306., 3308.,  766., 136922, 20250115100000)
 (3307., 3313., 3307., 3313.,  705., 136968, 20250115101500)
 (3312., 3317., 3312., 3316., 1846., 137388, 20250115104500)
 (3316., 3321., 3313., 3320., 1573., 137973, 20250115110000)
 (3322., 3323., 3319., 3320.,  908., 138339, 20250115111500)
 (3320., 3324., 3315., 3315.,  985., 138406, 20250115113000)
 (3314., 3319., 3310., 3316., 1856., 138240, 20250115134500)
 (3317., 3319., 3315., 3318.,  629., 138395, 20250115140000)
 (3318., 3320., 3317., 3318.,  452., 138432, 20250115141500)
 (3317., 3321., 3311., 3312., 1950., 138537, 20250115143000)
 (3311., 3317., 3310., 3315.,  651., 138678, 20250115144500)
 (3315., 3319., 3313., 3317., 1033., 138671, 20250115150000)]
2025-01-16 15:30:00  INFO  [(3316., 3323., 3311., 3322., 1876., 139074, 20250115211500)
 (3324., 3326., 3321., 3322.,  945., 139296, 20250115213000)
 (3323., 3329., 3323., 3328.,  847., 139535, 20250115214500)
 (3328., 3334., 3328., 3333., 1828., 140187, 20250115220000)
 (3333., 3339., 3332., 3333., 1010., 140253, 20250115221500)
 (3335., 3336., 3333., 3334.,  146., 140234, 20250115223000)
 (3335., 3335., 3327., 3331.,  706., 140266, 20250115224500)
 (3332., 3332., 3329., 3332.,  213., 140196, 20250115230000)
 (3334., 3337., 3329., 3330., 1136., 140367, 20250116091500)
 (3330., 3339., 3330., 3336., 1226., 140758, 20250116093000)
 (3337., 3339., 3332., 3334., 1076., 140513, 20250116094500)
 (3335., 3336., 3328., 3329.,  898., 140736, 20250116100000)
 (3329., 3329., 3320., 3325., 1129., 140404, 20250116101500)
 (3323., 3329., 3320., 3325.,  680., 140478, 20250116104500)
 (3325., 3328., 3322., 3326.,  733., 140236, 20250116110000)
 (3325., 3331., 3325., 3327.,  226., 140232, 20250116111500)
 (3327., 3334., 3325., 3326., 1014., 140553, 20250116113000)
 (3324., 3330., 3322., 3329., 1276., 140691, 20250116134500)
 (3330., 3334., 3328., 3332., 1687., 141139, 20250116140000)
 (3333., 3342., 3331., 3340., 2716., 141399, 20250116141500)
 (3341., 3342., 3337., 3340., 1239., 141116, 20250116143000)
 (3342., 3353., 3340., 3350., 4065., 140083, 20250116144500)
 (3350., 3353., 3345., 3349., 2707., 140774, 20250116150000)]
2025-01-17 15:30:00  INFO  [(3330., 3354., 3330., 3351., 3382., 141384, 20250116211500)
 (3353., 3355., 3345., 3346., 1288., 141572, 20250116213000)
 (3347., 3351., 3347., 3350.,  208., 141546, 20250116214500)
 (3351., 3351., 3347., 3349.,  389., 141780, 20250116220000)
 (3349., 3350., 3346., 3346.,  357., 141868, 20250116221500)
 (3348., 3350., 3346., 3348.,  249., 141929, 20250116223000)
 (3348., 3352., 3348., 3351.,  292., 141976, 20250116224500)
 (3353., 3353., 3346., 3347.,  332., 141981, 20250116230000)
 (3349., 3349., 3340., 3347.,  949., 141782, 20250117091500)
 (3348., 3357., 3348., 3354., 1445., 142155, 20250117093000)
 (3355., 3360., 3351., 3354., 1786., 142385, 20250117094500)
 (3355., 3357., 3352., 3354.,  748., 142458, 20250117100000)
 (3355., 3360., 3352., 3357., 1181., 142560, 20250117101500)
 (3358., 3358., 3353., 3356.,  465., 142730, 20250117104500)
 (3357., 3362., 3354., 3360., 1072., 142882, 20250117110000)
 (3361., 3375., 3361., 3372., 4559., 143478, 20250117111500)
 (3373., 3380., 3371., 3380., 1274., 143618, 20250117113000)
 (3380., 3390., 3377., 3385., 5989., 145017, 20250117134500)
 (3386., 3390., 3382., 3385., 3136., 145642, 20250117140000)
 (3386., 3392., 3385., 3392., 4307., 146100, 20250117141500)
 (3392., 3394., 3390., 3393., 3490., 146191, 20250117143000)
 (3393., 3400., 3392., 3397., 2435., 146854, 20250117144500)
 (3397., 3402., 3395., 3400., 5499., 148364, 20250117150000)]
2025-01-20 15:30:00  INFO  [(3398., 3403., 3395., 3397., 4121., 148848, 20250117211500)
 (3398., 3398., 3394., 3395., 1335., 148895, 20250117213000)
 (3395., 3400., 3394., 3399., 1186., 149179, 20250117214500)
 (3399., 3404., 3396., 3399., 1764., 149149, 20250117220000)
 (3399., 3403., 3397., 3401., 1471., 148546, 20250117221500)
 (3401., 3405., 3396., 3398., 1836., 148317, 20250117223000)
 (3398., 3408., 3397., 3405., 2209., 148969, 20250117224500)
 (3406., 3422., 3405., 3420., 3395., 149215, 20250117230000)
 (3418., 3421., 3398., 3400., 5196., 148547, 20250120091500)
 (3401., 3407., 3397., 3404., 1386., 148891, 20250120093000)
 (3404., 3407., 3391., 3393., 2647., 148587, 20250120094500)
 (3394., 3397., 3392., 3395., 1871., 148055, 20250120100000)
 (3395., 3397., 3382., 3383., 2178., 147258, 20250120101500)
 (3383., 3388., 3382., 3385., 2107., 147211, 20250120104500)
 (3384., 3388., 3383., 3385., 1318., 147187, 20250120110000)
 (3385., 3385., 3375., 3378., 1837., 146700, 20250120111500)
 (3378., 3391., 3378., 3391., 2096., 146876, 20250120113000)
 (3392., 3393., 3386., 3390., 1557., 146887, 20250120134500)
 (3390., 3396., 3389., 3396., 2483., 147228, 20250120140000)
 (3395., 3397., 3387., 3391., 2484., 146629, 20250120141500)
 (3392., 3399., 3391., 3395., 4620., 145482, 20250120143000)
 (3395., 3401., 3392., 3397., 2540., 145142, 20250120144500)
 (3398., 3401., 3393., 3401., 2134., 145293, 20250120150000)]
2025-01-21 15:30:00  INFO  [(3397., 3406., 3395., 3404., 3336., 145148, 20250120211500)
 (3403., 3414., 3403., 3414., 1903., 145020, 20250120213000)
 (3414., 3424., 3410., 3413., 2524., 145200, 20250120214500)
 (3412., 3415., 3410., 3413.,  560., 145101, 20250120220000)
 (3413., 3413., 3401., 3406., 1046., 145221, 20250120221500)
 (3406., 3410., 3406., 3407.,  592., 145220, 20250120223000)
 (3408., 3410., 3406., 3410.,  119., 145217, 20250120224500)
 (3410., 3413., 3405., 3407.,  328., 145228, 20250120230000)
 (3407., 3418., 3402., 3413., 2160., 145127, 20250121091500)
 (3413., 3413., 3406., 3406.,  892., 145056, 20250121093000)
 (3406., 3409., 3406., 3407.,  269., 145068, 20250121094500)
 (3408., 3409., 3403., 3406., 1754., 144680, 20250121100000)
 (3407., 3414., 3406., 3409., 1926., 144564, 20250121101500)
 (3407., 3409., 3388., 3390., 3553., 144487, 20250121104500)
 (3391., 3399., 3391., 3398., 1126., 144316, 20250121110000)
 (3397., 3404., 3395., 3400.,  738., 144387, 20250121111500)
 (3401., 3405., 3400., 3401., 1626., 144795, 20250121113000)
 (3401., 3406., 3394., 3405., 1436., 144615, 20250121134500)
 (3404., 3406., 3397., 3401., 1034., 144460, 20250121140000)
 (3401., 3406., 3400., 3404., 1756., 144376, 20250121141500)
 (3404., 3404., 3395., 3396., 1934., 144095, 20250121143000)
 (3396., 3399., 3392., 3395., 2249., 143733, 20250121144500)
 (3396., 3396., 3390., 3394.,  862., 143689, 20250121150000)]
2025-01-22 15:30:00  INFO  [(3391., 3395., 3374., 3376., 2661., 144249, 20250121211500)
 (3375., 3383., 3367., 3368., 2066., 144179, 20250121213000)
 (3367., 3373., 3366., 3372.,  733., 144035, 20250121214500)
 (3371., 3375., 3370., 3374., 1400., 144068, 20250121220000)
 (3372., 3375., 3369., 3372., 1416., 144066, 20250121221500)
 (3372., 3374., 3370., 3371.,  481., 144100, 20250121223000)
 (3369., 3370., 3359., 3363., 2942., 144685, 20250121224500)
 (3363., 3367., 3361., 3362.,  565., 144633, 20250121230000)
 (3362., 3370., 3362., 3365., 1050., 144684, 20250122091500)
 (3365., 3367., 3362., 3363.,  506., 144634, 20250122093000)
 (3362., 3366., 3360., 3363., 1236., 145031, 20250122094500)
 (3362., 3366., 3361., 3365., 1195., 145177, 20250122100000)
 (3365., 3370., 3363., 3370., 1632., 145346, 20250122101500)
 (3368., 3369., 3365., 3367.,  658., 145273, 20250122104500)
 (3367., 3374., 3366., 3369.,  831., 145315, 20250122110000)
 (3370., 3377., 3369., 3375., 1266., 145194, 20250122111500)
 (3375., 3377., 3369., 3369., 1098., 145243, 20250122113000)
 (3368., 3377., 3366., 3376.,  894., 145275, 20250122134500)
 (3377., 3379., 3372., 3377., 1018., 145246, 20250122140000)
 (3377., 3379., 3371., 3372.,  937., 145145, 20250122141500)
 (3372., 3379., 3371., 3376.,  746., 145175, 20250122143000)
 (3377., 3390., 3376., 3387., 2078., 146029, 20250122144500)
 (3387., 3388., 3378., 3379., 1443., 146283, 20250122150000)]
2025-01-23 15:30:00  INFO  [(3380., 3407., 3380., 3400., 5223., 145771, 20250122211500)
 (3401., 3410., 3401., 3403., 3060., 146185, 20250122213000)
 (3404., 3404., 3395., 3398., 1146., 146331, 20250122214500)
 (3398., 3406., 3397., 3405.,  590., 146322, 20250122220000)
 (3406., 3411., 3404., 3406., 1113., 146574, 20250122221500)
 (3406., 3407., 3403., 3406.,  667., 146664, 20250122223000)
 (3406., 3408., 3400., 3401.,  726., 146715, 20250122224500)
 (3402., 3403., 3399., 3401., 1219., 146879, 20250122230000)
 (3401., 3406., 3399., 3402.,  898., 146964, 20250123091500)
 (3402., 3407., 3401., 3406.,  894., 147316, 20250123093000)
 (3406., 3413., 3402., 3407., 1999., 147291, 20250123094500)
 (3408., 3409., 3393., 3396., 1627., 147362, 20250123100000)
 (3393., 3394., 3378., 3392., 2277., 147234, 20250123101500)
 (3394., 3396., 3387., 3389.,  629., 147111, 20250123104500)
 (3389., 3392., 3380., 3384., 1019., 147187, 20250123110000)
 (3383., 3388., 3382., 3386.,  611., 147143, 20250123111500)
 (3386., 3390., 3381., 3388., 3647., 148750, 20250123113000)
 (3389., 3389., 3383., 3384., 1518., 149060, 20250123134500)
 (3384., 3388., 3384., 3385.,  732., 149227, 20250123140000)
 (3385., 3390., 3381., 3383., 1717., 149687, 20250123141500)
 (3382., 3384., 3378., 3383.,  709., 149565, 20250123143000)
 (3383., 3390., 3383., 3388.,  997., 149485, 20250123144500)
 (3388., 3390., 3384., 3390., 1252., 149453, 20250123150000)]
2025-01-24 15:30:00  INFO  [(3385., 3392., 3378., 3385., 2316., 149157, 20250123211500)
 (3385., 3385., 3379., 3382.,  963., 149411, 20250123213000)
 (3381., 3388., 3380., 3386.,  509., 149288, 20250123214500)
 (3387., 3388., 3384., 3385.,   96., 149275, 20250123220000)
 (3385., 3386., 3380., 3380.,  164., 149262, 20250123221500)
 (3381., 3382., 3372., 3375.,  980., 149485, 20250123223000)
 (3374., 3381., 3372., 3379.,  854., 149742, 20250123224500)
 (3379., 3380., 3375., 3377.,  871., 149554, 20250123230000)
 (3377., 3381., 3371., 3374.,  980., 149525, 20250124091500)
 (3375., 3377., 3370., 3372.,  672., 149548, 20250124093000)
 (3371., 3380., 3371., 3378., 1144., 149640, 20250124094500)
 (3378., 3380., 3376., 3378.,  334., 149537, 20250124100000)
 (3379., 3384., 3377., 3384.,  578., 149352, 20250124101500)
 (3384., 3385., 3381., 3382.,  428., 149359, 20250124104500)
 (3383., 3384., 3375., 3376.,  576., 149164, 20250124110000)
 (3376., 3376., 3367., 3371., 1103., 149198, 20250124111500)
 (3369., 3376., 3366., 3368., 1144., 149310, 20250124113000)
 (3371., 3381., 3371., 3380., 1014., 149142, 20250124134500)
 (3381., 3383., 3377., 3380., 1283., 148917, 20250124140000)
 (3380., 3397., 3379., 3396., 2244., 149167, 20250124141500)
 (3396., 3418., 3395., 3418., 5990., 150394, 20250124143000)
 (3416., 3418., 3404., 3409., 1814., 150419, 20250124144500)
 (3409., 3412., 3405., 3411., 2417., 150542, 20250124150000)]
2025-01-27 15:30:00  INFO  [(3412., 3412., 3391., 3402., 2625., 149905, 20250124211500)
 (3402., 3403., 3398., 3401.,  392., 149814, 20250124213000)
 (3401., 3402., 3395., 3399., 1799., 149334, 20250124214500)
 (3397., 3401., 3396., 3401.,  163., 149293, 20250124220000)
 (3401., 3405., 3400., 3400.,  319., 149318, 20250124221500)
 (3401., 3405., 3400., 3403.,  357., 149266, 20250124223000)
 (3404., 3408., 3401., 3402.,  622., 149490, 20250124224500)
 (3402., 3405., 3401., 3401.,  651., 149337, 20250124230000)
 (3401., 3423., 3401., 3418., 3264., 149829, 20250127091500)
 (3418., 3424., 3417., 3421., 1003., 149756, 20250127093000)
 (3420., 3421., 3410., 3414.,  695., 149864, 20250127094500)
 (3415., 3419., 3414., 3415., 1052., 149548, 20250127100000)
 (3416., 3421., 3412., 3413., 1013., 149674, 20250127101500)
 (3412., 3418., 3410., 3418.,  636., 149763, 20250127104500)
 (3417., 3418., 3410., 3411.,  479., 149872, 20250127110000)
 (3410., 3416., 3409., 3415.,  692., 150064, 20250127111500)
 (3414., 3418., 3410., 3414.,  489., 149983, 20250127113000)
 (3412., 3413., 3401., 3405.,  788., 149995, 20250127134500)
 (3406., 3407., 3403., 3406.,  400., 149900, 20250127140000)
 (3406., 3414., 3404., 3412.,  476., 149880, 20250127141500)
 (3414., 3418., 3410., 3418.,  619., 149932, 20250127143000)
 (3418., 3418., 3413., 3416.,  637., 149713, 20250127144500)
 (3415., 3422., 3413., 3421., 1418., 149762, 20250127150000)]
2025-02-05 15:30:00  INFO  [(3410., 3416., 3409., 3415.,  692., 150064, 20250127111500)
 (3414., 3418., 3410., 3414.,  489., 149983, 20250127113000)
 (3412., 3413., 3401., 3405.,  788., 149995, 20250127134500)
 (3406., 3407., 3403., 3406.,  400., 149900, 20250127140000)
 (3406., 3414., 3404., 3412.,  476., 149880, 20250127141500)
 (3414., 3418., 3410., 3418.,  619., 149932, 20250127143000)
 (3418., 3418., 3413., 3416.,  637., 149713, 20250127144500)
 (3415., 3422., 3413., 3421., 1418., 149762, 20250127150000)
 (3432., 3436., 3394., 3410., 4251., 149850, 20250205091500)
 (3412., 3413., 3393., 3396., 2662., 150140, 20250205093000)
 (3396., 3396., 3383., 3386., 2272., 150417, 20250205094500)
 (3385., 3386., 3367., 3368., 2749., 151069, 20250205100000)
 (3367., 3369., 3361., 3368., 2322., 151242, 20250205101500)
 (3366., 3371., 3353., 3359., 2073., 151203, 20250205104500)
 (3360., 3362., 3357., 3360., 1089., 151224, 20250205110000)
 (3360., 3370., 3358., 3368.,  841., 151320, 20250205111500)
 (3367., 3372., 3363., 3368.,  885., 151512, 20250205113000)
 (3370., 3370., 3359., 3360.,  658., 151762, 20250205134500)
 (3360., 3360., 3355., 3356.,  937., 151796, 20250205140000)
 (3356., 3356., 3353., 3354.,  461., 151857, 20250205141500)
 (3354., 3357., 3352., 3353.,  521., 152017, 20250205143000)
 (3352., 3357., 3349., 3356.,  966., 152107, 20250205144500)
 (3355., 3364., 3353., 3360.,  969., 151988, 20250205150000)]
2025-02-06 15:30:00  INFO  [(3360., 3380., 3360., 3373., 2753., 152040, 20250205211500)
 (3373., 3373., 3367., 3369., 1078., 152011, 20250205213000)
 (3370., 3370., 3366., 3366.,  305., 152063, 20250205214500)
 (3366., 3369., 3366., 3367.,  359., 152031, 20250205220000)
 (3367., 3368., 3365., 3366.,  231., 151930, 20250205221500)
 (3366., 3375., 3365., 3373.,  508., 152059, 20250205223000)
 (3374., 3376., 3371., 3374.,  450., 152054, 20250205224500)
 (3373., 3375., 3370., 3370.,  475., 151886, 20250205230000)
 (3371., 3371., 3357., 3360., 2220., 152576, 20250206091500)
 (3360., 3366., 3358., 3363.,  875., 152939, 20250206093000)
 (3364., 3373., 3363., 3372.,  498., 153014, 20250206094500)
 (3370., 3372., 3367., 3368.,  422., 152939, 20250206100000)
 (3369., 3374., 3364., 3372., 1054., 153202, 20250206101500)
 (3372., 3390., 3372., 3386., 3024., 153860, 20250206104500)
 (3387., 3389., 3382., 3388.,  774., 154264, 20250206110000)
 (3389., 3390., 3384., 3388.,  774., 154333, 20250206111500)
 (3389., 3390., 3380., 3381., 1040., 154409, 20250206113000)
 (3381., 3383., 3379., 3383., 1634., 155123, 20250206134500)
 (3383., 3387., 3381., 3386.,  608., 155208, 20250206140000)
 (3385., 3399., 3385., 3395., 2498., 155813, 20250206141500)
 (3397., 3398., 3391., 3395., 1848., 156457, 20250206143000)
 (3395., 3399., 3392., 3393., 2107., 156420, 20250206144500)
 (3394., 3400., 3392., 3395., 2976., 156629, 20250206150000)]
2025-02-07 15:30:00  INFO  [(3382., 3402., 3382., 3397., 4460., 159496, 20250206211500)
 (3397., 3404., 3394., 3403., 1004., 159887, 20250206213000)
 (3403., 3406., 3401., 3405.,  822., 160110, 20250206214500)
 (3404., 3409., 3404., 3407., 1106., 159893, 20250206220000)
 (3409., 3409., 3403., 3405.,  735., 160037, 20250206221500)
 (3405., 3407., 3402., 3402., 1139., 160526, 20250206223000)
 (3401., 3404., 3400., 3403.,  499., 160588, 20250206224500)
 (3402., 3403., 3388., 3398., 1298., 160153, 20250206230000)
 (3396., 3397., 3385., 3393., 1556., 160270, 20250207091500)
 (3394., 3395., 3388., 3389.,  977., 160610, 20250207093000)
 (3388., 3395., 3388., 3392.,  531., 160666, 20250207094500)
 (3392., 3395., 3391., 3393.,  873., 160777, 20250207100000)
 (3393., 3403., 3392., 3401., 2203., 161240, 20250207101500)
 (3400., 3407., 3390., 3405., 1701., 161740, 20250207104500)
 (3404., 3412., 3403., 3406., 1986., 162037, 20250207110000)
 (3407., 3412., 3406., 3410.,  711., 161933, 20250207111500)
 (3411., 3415., 3407., 3407., 2463., 161815, 20250207113000)
 (3395., 3416., 3395., 3412., 2933., 162946, 20250207134500)
 (3414., 3414., 3397., 3398., 1752., 163199, 20250207140000)
 (3398., 3400., 3396., 3397.,  845., 163267, 20250207141500)
 (3396., 3399., 3388., 3391., 1237., 163272, 20250207143000)
 (3392., 3396., 3391., 3396.,  861., 163334, 20250207144500)
 (3395., 3396., 3392., 3392.,  580., 163171, 20250207150000)]
2025-02-10 15:30:00  INFO  [(3393., 3409., 3392., 3409., 2499., 163769, 20250207211500)
 (3408., 3409., 3405., 3408., 1568., 164293, 20250207213000)
 (3409., 3416., 3407., 3414., 2772., 165295, 20250207214500)
 (3415., 3418., 3413., 3414., 1634., 165448, 20250207220000)
 (3414., 3417., 3411., 3416., 1890., 165909, 20250207221500)
 (3416., 3417., 3414., 3414.,  389., 165867, 20250207223000)
 (3415., 3415., 3413., 3414.,  299., 165879, 20250207224500)
 (3414., 3415., 3411., 3414.,  387., 165882, 20250207230000)
 (3406., 3414., 3396., 3401., 6859., 167604, 20250210091500)
 (3400., 3412., 3400., 3405., 2904., 168591, 20250210093000)
 (3405., 3406., 3394., 3394., 4944., 169973, 20250210094500)
 (3394., 3399., 3388., 3396., 4457., 171117, 20250210100000)
 (3396., 3400., 3384., 3384., 5392., 173313, 20250210101500)
 (3384., 3386., 3374., 3376., 5274., 173976, 20250210104500)
 (3375., 3376., 3364., 3373., 4597., 174280, 20250210110000)
 (3371., 3375., 3368., 3368., 2573., 174318, 20250210111500)
 (3368., 3378., 3368., 3373., 2148., 174516, 20250210113000)
 (3374., 3374., 3368., 3369., 1980., 174129, 20250210134500)
 (3371., 3372., 3367., 3369.,  766., 174238, 20250210140000)
 (3369., 3372., 3366., 3370., 2364., 173706, 20250210141500)
 (3371., 3381., 3369., 3379., 2017., 173932, 20250210143000)
 (3379., 3382., 3374., 3379., 3460., 173586, 20250210144500)
 (3379., 3386., 3378., 3381., 2602., 173732, 20250210150000)]
2025-02-11 15:30:00  INFO  [(3389., 3389., 3382., 3385., 4738., 173736, 20250210211500)
 (3385., 3386., 3375., 3377., 2665., 173638, 20250210213000)
 (3376., 3384., 3373., 3380., 2261., 174317, 20250210214500)
 (3380., 3381., 3377., 3379.,  544., 174601, 20250210220000)
 (3380., 3381., 3377., 3380.,  447., 174715, 20250210221500)
 (3379., 3381., 3376., 3376., 1629., 174727, 20250210223000)
 (3377., 3381., 3375., 3380.,  773., 174622, 20250210224500)
 (3380., 3382., 3379., 3382.,  488., 174627, 20250210230000)
 (3380., 3381., 3364., 3368., 3907., 175119, 20250211091500)
 (3368., 3369., 3361., 3363., 1085., 175311, 20250211093000)
 (3362., 3371., 3362., 3370., 1178., 175684, 20250211094500)
 (3371., 3377., 3366., 3377., 1246., 175961, 20250211100000)
 (3376., 3381., 3370., 3371., 1106., 175780, 20250211101500)
 (3370., 3372., 3351., 3355., 6517., 175761, 20250211104500)
 (3355., 3358., 3341., 3342., 5565., 177326, 20250211110000)
 (3343., 3346., 3338., 3341., 3459., 177633, 20250211111500)
 (3340., 3351., 3339., 3350., 2985., 177992, 20250211113000)
 (3349., 3351., 3341., 3342., 3828., 177267, 20250211134500)
 (3342., 3343., 3337., 3341., 1814., 177280, 20250211140000)
 (3340., 3340., 3333., 3338., 1397., 177403, 20250211141500)
 (3337., 3342., 3335., 3336., 1467., 177723, 20250211143000)
 (3336., 3336., 3330., 3332., 3451., 177966, 20250211144500)
 (3332., 3335., 3328., 3332., 3175., 178031, 20250211150000)]
2025-02-12 15:30:00  INFO  [(3331., 3336., 3328., 3332., 2083., 178565, 20250211211500)
 (3332., 3335., 3328., 3333., 1358., 178484, 20250211213000)
 (3332., 3335., 3325., 3329., 1555., 178611, 20250211214500)
 (3328., 3332., 3327., 3331.,  775., 178882, 20250211220000)
 (3330., 3333., 3329., 3332.,  910., 179250, 20250211221500)
 (3332., 3336., 3331., 3334.,  708., 179456, 20250211223000)
 (3334., 3336., 3331., 3332.,  402., 179450, 20250211224500)
 (3333., 3337., 3332., 3334., 1070., 179013, 20250211230000)
 (3331., 3340., 3325., 3329., 3591., 179566, 20250212091500)
 (3329., 3331., 3322., 3322., 1264., 179956, 20250212093000)
 (3322., 3332., 3321., 3330., 1228., 179955, 20250212094500)
 (3329., 3347., 3329., 3347., 2692., 179738, 20250212100000)
 (3348., 3356., 3344., 3345., 6201., 180653, 20250212101500)
 (3345., 3351., 3343., 3346., 1569., 180137, 20250212104500)
 (3347., 3353., 3346., 3348.,  736., 180101, 20250212110000)
 (3348., 3353., 3346., 3348.,  761., 180200, 20250212111500)
 (3347., 3347., 3341., 3342., 1785., 181031, 20250212113000)
 (3343., 3346., 3341., 3346., 2054., 181731, 20250212134500)
 (3346., 3348., 3343., 3348., 1129., 181784, 20250212140000)
 (3347., 3350., 3345., 3346., 3096., 181543, 20250212141500)
 (3347., 3348., 3343., 3343., 1986., 181674, 20250212143000)
 (3342., 3351., 3340., 3349., 2647., 181550, 20250212144500)
 (3350., 3352., 3346., 3348., 2744., 181197, 20250212150000)]
2025-02-13 15:30:00  INFO  [(3352., 3356., 3345., 3351., 3824., 183450, 20250212211500)
 (3352., 3353., 3348., 3349.,  753., 183672, 20250212213000)
 (3349., 3349., 3345., 3345., 1012., 183744, 20250212214500)
 (3345., 3347., 3344., 3344.,  484., 183779, 20250212220000)
 (3343., 3345., 3341., 3344.,  472., 183827, 20250212221500)
 (3346., 3348., 3344., 3344.,  598., 184004, 20250212223000)
 (3344., 3348., 3343., 3346.,  504., 184114, 20250212224500)
 (3346., 3349., 3343., 3343.,  320., 184126, 20250212230000)
 (3347., 3351., 3344., 3345., 1863., 184577, 20250213091500)
 (3345., 3348., 3342., 3342.,  975., 184614, 20250213093000)
 (3343., 3345., 3333., 3335., 1947., 184835, 20250213094500)
 (3335., 3338., 3330., 3333., 1499., 184946, 20250213100000)
 (3333., 3339., 3326., 3326., 1550., 185166, 20250213101500)
 (3326., 3331., 3322., 3329., 2353., 185500, 20250213104500)
 (3328., 3338., 3326., 3337., 1148., 185600, 20250213110000)
 (3336., 3336., 3329., 3334., 1122., 185730, 20250213111500)
 (3334., 3341., 3329., 3329., 1443., 185659, 20250213113000)
 (3330., 3337., 3329., 3331., 1617., 185555, 20250213134500)
 (3331., 3331., 3323., 3324., 2464., 185465, 20250213140000)
 (3325., 3329., 3322., 3328., 1387., 185627, 20250213141500)
 (3328., 3330., 3324., 3325., 1153., 185933, 20250213143000)
 (3325., 3325., 3310., 3313., 4734., 185004, 20250213144500)
 (3312., 3320., 3311., 3320., 4134., 186077, 20250213150000)]
2025-02-14 15:30:00  INFO  [(3314., 3322., 3314., 3320., 2840., 186484, 20250213211500)
 (3319., 3321., 3316., 3317., 4430., 184670, 20250213213000)
 (3317., 3318., 3311., 3313.,  774., 184638, 20250213214500)
 (3314., 3317., 3312., 3312., 1239., 185024, 20250213220000)
 (3312., 3312., 3308., 3311., 1965., 185825, 20250213221500)
 (3311., 3316., 3311., 3313., 1516., 185880, 20250213223000)
 (3313., 3317., 3313., 3315.,  452., 185920, 20250213224500)
 (3316., 3317., 3313., 3316.,  406., 185892, 20250213230000)
 (3316., 3330., 3316., 3328., 3336., 186033, 20250214091500)
 (3328., 3330., 3323., 3326., 1365., 186111, 20250214093000)
 (3326., 3335., 3324., 3335., 2555., 185698, 20250214094500)
 (3335., 3340., 3330., 3338., 6205., 187886, 20250214100000)
 (3339., 3341., 3333., 3338., 1789., 188355, 20250214101500)
 (3338., 3338., 3333., 3334.,  825., 188388, 20250214104500)
 (3335., 3339., 3333., 3334.,  806., 188297, 20250214110000)
 (3334., 3342., 3334., 3342., 1168., 188595, 20250214111500)
 (3342., 3344., 3333., 3334., 1153., 188506, 20250214113000)
 (3333., 3336., 3326., 3329., 1407., 188679, 20250214134500)
 (3329., 3334., 3327., 3331., 1087., 188823, 20250214140000)
 (3331., 3334., 3326., 3333., 1041., 189144, 20250214141500)
 (3333., 3334., 3312., 3315., 3801., 190131, 20250214143000)
 (3315., 3321., 3314., 3320., 2510., 190586, 20250214144500)
 (3320., 3323., 3315., 3320., 1134., 190449, 20250214150000)]
2025-02-17 15:30:00  INFO  [(3310., 3320., 3305., 3309., 5250., 192493, 20250214211500)
 (3308., 3313., 3305., 3310., 2056., 193003, 20250214213000)
 (3310., 3316., 3309., 3312.,  775., 193312, 20250214214500)
 (3311., 3316., 3311., 3312.,  807., 193358, 20250214220000)
 (3312., 3313., 3310., 3311.,  553., 193470, 20250214221500)
 (3311., 3323., 3311., 3319.,  862., 193278, 20250214223000)
 (3320., 3321., 3314., 3316., 1097., 193186, 20250214224500)
 (3316., 3319., 3315., 3316.,  896., 193221, 20250214230000)
 (3316., 3331., 3314., 3329., 9072., 194456, 20250217091500)
 (3331., 3333., 3323., 3323., 1930., 194122, 20250217093000)
 (3324., 3327., 3318., 3320., 1058., 194180, 20250217094500)
 (3321., 3330., 3321., 3327., 2470., 194573, 20250217100000)
 (3328., 3331., 3321., 3326., 1871., 194945, 20250217101500)
 (3325., 3330., 3324., 3327.,  830., 195108, 20250217104500)
 (3326., 3330., 3326., 3329., 1567., 195174, 20250217110000)
 (3328., 3335., 3324., 3325., 2768., 195097, 20250217111500)
 (3325., 3330., 3320., 3330., 1660., 195304, 20250217113000)
 (3330., 3330., 3321., 3321., 2467., 196158, 20250217134500)
 (3320., 3331., 3320., 3329., 1940., 197092, 20250217140000)
 (3330., 3340., 3329., 3335., 3189., 197679, 20250217141500)
 (3336., 3340., 3333., 3339., 2477., 197649, 20250217143000)
 (3339., 3344., 3336., 3336., 6107., 196065, 20250217144500)
 (3337., 3352., 3336., 3342., 4933., 196565, 20250217150000)]
2025-02-18 15:30:00  INFO  [(3342., 3345., 3336., 3340., 4331., 194721, 20250217211500)
 (3341., 3350., 3340., 3349., 2483., 194155, 20250217213000)
 (3349., 3351., 3343., 3346., 3138., 195238, 20250217214500)
 (3346., 3348., 3344., 3348.,  608., 195259, 20250217220000)
 (3347., 3348., 3346., 3346.,   72., 195245, 20250217221500)
 (3346., 3349., 3344., 3345.,  682., 195435, 20250217223000)
 (3345., 3350., 3341., 3345.,  828., 195828, 20250217224500)
 (3345., 3345., 3339., 3341.,  579., 195762, 20250217230000)
 (3340., 3342., 3333., 3335., 1911., 196211, 20250218091500)
 (3335., 3337., 3329., 3331., 1704., 196747, 20250218093000)
 (3331., 3340., 3331., 3338., 1659., 196390, 20250218094500)
 (3338., 3339., 3333., 3335., 1630., 197079, 20250218100000)
 (3333., 3339., 3333., 3335.,  811., 197399, 20250218101500)
 (3338., 3345., 3336., 3341., 1556., 198115, 20250218104500)
 (3341., 3343., 3339., 3342.,  770., 198442, 20250218110000)
 (3343., 3348., 3342., 3348., 1155., 198647, 20250218111500)
 (3349., 3357., 3345., 3356., 4825., 200084, 20250218113000)
 (3357., 3370., 3352., 3370., 9262., 204377, 20250218134500)
 (3370., 3371., 3365., 3366., 4051., 205571, 20250218140000)
 (3366., 3369., 3362., 3363., 2776., 206646, 20250218141500)
 (3364., 3368., 3359., 3366., 1108., 206830, 20250218143000)
 (3367., 3369., 3363., 3367., 3986., 208660, 20250218144500)
 (3367., 3370., 3364., 3368., 2794., 209079, 20250218150000)]
2025-02-19 15:30:00  INFO  [(3368., 3375., 3363., 3370., 6357., 211976, 20250218211500)
 (3369., 3371., 3368., 3369., 1155., 212413, 20250218213000)
 (3369., 3371., 3367., 3369., 2606., 214181, 20250218214500)
 (3369., 3370., 3367., 3368.,  959., 214642, 20250218220000)
 (3368., 3372., 3367., 3370.,  845., 214898, 20250218221500)
 (3370., 3371., 3368., 3369.,  680., 215218, 20250218223000)
 (3369., 3373., 3367., 3373.,  692., 215548, 20250218224500)
 (3373., 3373., 3368., 3372.,  782., 215740, 20250218230000)
 (3373., 3374., 3367., 3370.,  794., 215808, 20250219091500)
 (3370., 3378., 3370., 3377., 2730., 215793, 20250219093000)
 (3377., 3382., 3372., 3379., 6095., 217564, 20250219094500)
 (3380., 3381., 3375., 3379., 2801., 218072, 20250219100000)
 (3379., 3380., 3374., 3377., 1106., 218066, 20250219101500)
 (3375., 3375., 3369., 3374., 1886., 218465, 20250219104500)
 (3375., 3376., 3371., 3375., 1019., 218512, 20250219110000)
 (3375., 3380., 3373., 3377., 1102., 218678, 20250219111500)
 (3378., 3379., 3375., 3376., 1507., 218113, 20250219113000)
 (3375., 3376., 3366., 3367., 2700., 218581, 20250219134500)
 (3367., 3370., 3365., 3368., 1100., 218711, 20250219140000)
 (3369., 3372., 3367., 3369.,  780., 218629, 20250219141500)
 (3371., 3374., 3368., 3374.,  673., 218588, 20250219143000)
 (3375., 3379., 3372., 3376., 1541., 218758, 20250219144500)
 (3377., 3377., 3368., 3369., 1974., 218866, 20250219150000)]
2025-02-20 15:30:00  INFO  [(3376., 3377., 3365., 3376., 2628., 219282, 20250219211500)
 (3376., 3377., 3373., 3375.,  865., 219745, 20250219213000)
 (3376., 3379., 3373., 3378., 1909., 220867, 20250219214500)
 (3378., 3381., 3377., 3380., 1564., 221026, 20250219220000)
 (3380., 3381., 3377., 3379., 1070., 221355, 20250219221500)
 (3380., 3380., 3375., 3377., 1010., 221801, 20250219223000)
 (3377., 3381., 3377., 3378.,  803., 222094, 20250219224500)
 (3379., 3381., 3378., 3381.,  628., 222140, 20250219230000)
 (3381., 3381., 3370., 3372., 4850., 221622, 20250220091500)
 (3372., 3373., 3367., 3369., 1470., 221553, 20250220093000)
 (3368., 3376., 3368., 3370., 1877., 221452, 20250220094500)
 (3371., 3373., 3369., 3372.,  993., 221914, 20250220100000)
 (3372., 3373., 3358., 3365., 3451., 222448, 20250220101500)
 (3365., 3370., 3364., 3366., 1116., 222122, 20250220104500)
 (3366., 3368., 3361., 3365.,  749., 221924, 20250220110000)
 (3364., 3367., 3361., 3363., 2564., 221513, 20250220111500)
 (3364., 3374., 3362., 3370., 1939., 222072, 20250220113000)
 (3372., 3387., 3372., 3386., 7818., 223134, 20250220134500)
 (3385., 3394., 3383., 3394., 7803., 225655, 20250220140000)
 (3394., 3397., 3391., 3395., 5386., 227616, 20250220141500)
 (3395., 3396., 3391., 3395., 3788., 228945, 20250220143000)
 (3395., 3402., 3394., 3402., 8771., 232148, 20250220144500)
 (3402., 3409., 3401., 3404., 7998., 234823, 20250220150000)]
2025-02-21 15:30:00  INFO  [(3404., 3415., 3404., 3408., 5566., 235958, 20250220211500)
 (3408., 3412., 3407., 3410., 2042., 236599, 20250220213000)
 (3410., 3417., 3410., 3415., 2059., 237409, 20250220214500)
 (3415., 3418., 3414., 3417., 1756., 237659, 20250220220000)
 (3416., 3420., 3414., 3418., 2192., 237789, 20250220221500)
 (3417., 3422., 3416., 3420., 4856., 239009, 20250220223000)
 (3420., 3422., 3417., 3420., 2640., 238866, 20250220224500)
 (3419., 3419., 3414., 3414., 2252., 239075, 20250220230000)
 (3415., 3421., 3412., 3421., 4829., 239763, 20250221091500)
 (3421., 3421., 3416., 3416., 2162., 240295, 20250221093000)
 (3416., 3419., 3411., 3414., 2241., 240114, 20250221094500)
 (3414., 3418., 3412., 3414.,  934., 240226, 20250221100000)
 (3413., 3415., 3409., 3414., 1718., 240394, 20250221101500)
 (3414., 3418., 3412., 3414., 2172., 241257, 20250221104500)
 (3415., 3417., 3414., 3416.,  574., 241451, 20250221110000)
 (3416., 3417., 3410., 3411., 1990., 241385, 20250221111500)
 (3411., 3418., 3408., 3414., 2806., 241661, 20250221113000)
 (3412., 3414., 3408., 3411., 2917., 241547, 20250221134500)
 (3411., 3413., 3404., 3408., 2508., 241627, 20250221140000)
 (3407., 3410., 3402., 3406., 2113., 241667, 20250221141500)
 (3405., 3411., 3403., 3410., 1785., 241734, 20250221143000)
 (3410., 3412., 3404., 3406.,  617., 241757, 20250221144500)
 (3407., 3410., 3402., 3407., 1602., 241351, 20250221150000)]
2025-02-24 15:30:00  INFO  [(3397., 3401., 3388., 3392., 11170., 242665, 20250221211500)
 (3392., 3396., 3386., 3392.,  9655., 243093, 20250221213000)
 (3393., 3395., 3389., 3394.,  2292., 244170, 20250221214500)
 (3394., 3397., 3392., 3392.,   635., 244345, 20250221220000)
 (3392., 3394., 3390., 3390.,  1646., 244714, 20250221221500)
 (3391., 3391., 3386., 3387.,  1369., 245215, 20250221223000)
 (3386., 3388., 3380., 3381.,  5829., 244169, 20250221224500)
 (3380., 3384., 3378., 3381.,  4542., 243256, 20250221230000)
 (3376., 3379., 3362., 3376., 10175., 244346, 20250224091500)
 (3375., 3379., 3371., 3378.,  1617., 244630, 20250224093000)
 (3378., 3383., 3376., 3382.,  2593., 246194, 20250224094500)
 (3382., 3388., 3379., 3381.,  3603., 247029, 20250224100000)
 (3381., 3387., 3374., 3384.,  2693., 247389, 20250224101500)
 (3384., 3384., 3378., 3380.,  2245., 247651, 20250224104500)
 (3381., 3383., 3377., 3379.,  1701., 248161, 20250224110000)
 (3378., 3379., 3374., 3378.,  1381., 248389, 20250224111500)
 (3378., 3381., 3372., 3379.,  2868., 248628, 20250224113000)
 (3378., 3381., 3375., 3379.,  2753., 247788, 20250224134500)
 (3379., 3380., 3372., 3378.,  1652., 247485, 20250224140000)
 (3377., 3382., 3373., 3381.,  1198., 247564, 20250224141500)
 (3382., 3383., 3377., 3383.,   741., 247800, 20250224143000)
 (3383., 3386., 3379., 3381.,  1779., 248365, 20250224144500)
 (3380., 3388., 3379., 3388.,  4422., 249377, 20250224150000)]
2025-02-25 15:30:00  INFO  [(3385., 3388., 3377., 3379., 3072., 250123, 20250224211500)
 (3378., 3378., 3373., 3373., 1793., 250523, 20250224213000)
 (3372., 3377., 3369., 3373., 2792., 250622, 20250224214500)
 (3372., 3374., 3368., 3369., 2111., 250934, 20250224220000)
 (3369., 3371., 3366., 3366., 1925., 251131, 20250224221500)
 (3366., 3371., 3364., 3370., 1627., 251304, 20250224223000)
 (3370., 3372., 3366., 3371., 1473., 251721, 20250224224500)
 (3371., 3372., 3361., 3362., 1614., 251738, 20250224230000)
 (3360., 3363., 3351., 3356., 8652., 254039, 20250225091500)
 (3355., 3358., 3342., 3344., 7237., 254690, 20250225093000)
 (3343., 3347., 3340., 3341., 4645., 255381, 20250225094500)
 (3340., 3346., 3339., 3342., 2098., 255793, 20250225100000)
 (3343., 3344., 3338., 3341., 1986., 255674, 20250225101500)
 (3340., 3353., 3339., 3344., 3011., 255772, 20250225104500)
 (3344., 3349., 3342., 3348., 2007., 256113, 20250225110000)
 (3347., 3348., 3344., 3347., 1028., 256404, 20250225111500)
 (3347., 3352., 3344., 3345., 1491., 256549, 20250225113000)
 (3345., 3347., 3334., 3336., 4828., 257210, 20250225134500)
 (3335., 3339., 3334., 3337., 1735., 257550, 20250225140000)
 (3337., 3339., 3331., 3333., 4526., 258982, 20250225141500)
 (3333., 3334., 3325., 3327., 6258., 258395, 20250225143000)
 (3326., 3330., 3322., 3324., 6550., 257499, 20250225144500)
 (3323., 3327., 3320., 3325., 6523., 257771, 20250225150000)]
2025-02-26 15:30:00  INFO  [(3325., 3333., 3323., 3329.,  5445., 257383, 20250225211500)
 (3330., 3333., 3328., 3330.,  1183., 257315, 20250225213000)
 (3329., 3331., 3327., 3327.,  1011., 257320, 20250225214500)
 (3327., 3332., 3326., 3331.,   857., 257482, 20250225220000)
 (3331., 3336., 3331., 3333.,  2446., 257438, 20250225221500)
 (3332., 3337., 3332., 3334.,   751., 257377, 20250225223000)
 (3332., 3334., 3327., 3328.,   841., 257546, 20250225224500)
 (3328., 3333., 3328., 3332.,   784., 257204, 20250225230000)
 (3332., 3339., 3325., 3329.,  2594., 257673, 20250226091500)
 (3329., 3334., 3327., 3330.,   951., 257714, 20250226093000)
 (3329., 3339., 3328., 3336.,  2012., 257899, 20250226094500)
 (3335., 3344., 3332., 3332.,  1793., 258200, 20250226100000)
 (3332., 3334., 3322., 3328.,  2994., 258267, 20250226101500)
 (3328., 3354., 3327., 3344., 12650., 259090, 20250226104500)
 (3344., 3370., 3342., 3369., 12591., 263566, 20250226110000)
 (3369., 3395., 3367., 3383., 35403., 267573, 20250226111500)
 (3383., 3385., 3368., 3377., 14481., 270473, 20250226113000)
 (3377., 3391., 3373., 3389., 23086., 278540, 20250226134500)
 (3391., 3393., 3384., 3388., 10812., 282219, 20250226140000)
 (3387., 3389., 3381., 3385.,  4399., 282890, 20250226141500)
 (3385., 3387., 3380., 3385.,  4991., 284884, 20250226143000)
 (3385., 3390., 3382., 3388.,  5913., 285748, 20250226144500)
 (3389., 3389., 3381., 3384.,  6489., 286577, 20250226150000)]
2025-02-27 15:30:00  INFO  [(3394., 3399., 3385., 3397., 20626., 292509, 20250226211500)
 (3398., 3398., 3391., 3391.,  9949., 292284, 20250226213000)
 (3392., 3395., 3386., 3390.,  8354., 293212, 20250226214500)
 (3390., 3391., 3385., 3388.,  2247., 293635, 20250226220000)
 (3389., 3390., 3384., 3390.,  2465., 294221, 20250226221500)
 (3390., 3391., 3388., 3390.,  1017., 294333, 20250226223000)
 (3391., 3391., 3386., 3389.,  1375., 293846, 20250226224500)
 (3389., 3397., 3388., 3395.,  5298., 295243, 20250226230000)
 (3395., 3399., 3391., 3396.,  6658., 294591, 20250227091500)
 (3397., 3398., 3392., 3392.,  4434., 295214, 20250227093000)
 (3392., 3398., 3392., 3393.,  3440., 296472, 20250227094500)
 (3394., 3395., 3380., 3385.,  5141., 296560, 20250227100000)
 (3385., 3388., 3377., 3378.,  3640., 297095, 20250227101500)
 (3378., 3382., 3366., 3370., 10754., 298834, 20250227104500)
 (3370., 3374., 3365., 3371.,  5011., 297960, 20250227110000)
 (3371., 3371., 3353., 3363., 12917., 298514, 20250227111500)
 (3364., 3369., 3348., 3366.,  9768., 299235, 20250227113000)
 (3366., 3366., 3353., 3363.,  5668., 300454, 20250227134500)
 (3363., 3380., 3362., 3380.,  5883., 301996, 20250227140000)
 (3381., 3393., 3372., 3391., 10367., 305822, 20250227141500)
 (3392., 3397., 3388., 3396., 16120., 313807, 20250227143000)
 (3395., 3400., 3384., 3393., 14755., 318324, 20250227144500)
 (3392., 3395., 3389., 3390.,  4872., 319700, 20250227150000)]
2025-02-28 15:30:00  INFO  [(3385., 3401., 3385., 3398., 23960., 327157, 20250227211500)
 (3398., 3399., 3389., 3389.,  5114., 327307, 20250227213000)
 (3390., 3394., 3388., 3394.,  7497., 327197, 20250227214500)
 (3394., 3395., 3388., 3389.,  6058., 328205, 20250227220000)
 (3390., 3392., 3389., 3389.,  1523., 328658, 20250227221500)
 (3389., 3391., 3380., 3386.,  5340., 329045, 20250227223000)
 (3385., 3387., 3383., 3385.,  1884., 328971, 20250227224500)
 (3386., 3389., 3384., 3385.,  3113., 329033, 20250227230000)
 (3385., 3385., 3374., 3374.,  9466., 327673, 20250228091500)
 (3375., 3378., 3371., 3374.,  6156., 326803, 20250228093000)
 (3374., 3380., 3371., 3375.,  3727., 326246, 20250228094500)
 (3374., 3380., 3371., 3372.,  2989., 326210, 20250228100000)
 (3371., 3378., 3369., 3373.,  5192., 326601, 20250228101500)
 (3371., 3375., 3371., 3373.,  2699., 326887, 20250228104500)
 (3372., 3376., 3369., 3370.,  2668., 328046, 20250228110000)
 (3369., 3377., 3367., 3375.,  3170., 328291, 20250228111500)
 (3374., 3378., 3370., 3372.,  3031., 328610, 20250228113000)
 (3370., 3389., 3364., 3388., 14414., 331150, 20250228134500)
 (3389., 3392., 3381., 3389., 10984., 334437, 20250228140000)
 (3387., 3388., 3375., 3377.,  5469., 336074, 20250228141500)
 (3376., 3379., 3371., 3375.,  5101., 336677, 20250228143000)
 (3375., 3380., 3371., 3378.,  5176., 337306, 20250228144500)
 (3378., 3391., 3376., 3390., 10967., 341277, 20250228150000)]
2025-03-03 15:30:00  INFO  [(3400., 3400., 3385., 3397., 19348., 346684, 20250228211500)
 (3397., 3397., 3390., 3392.,  4593., 347576, 20250228213000)
 (3392., 3393., 3390., 3390.,  5216., 349209, 20250228214500)
 (3390., 3392., 3384., 3384., 14576., 347679, 20250228220000)
 (3385., 3392., 3385., 3388.,  3810., 346837, 20250228221500)
 (3388., 3389., 3384., 3386.,  2270., 346639, 20250228223000)
 (3385., 3387., 3378., 3379.,  4592., 345600, 20250228224500)
 (3379., 3387., 3377., 3385.,  2415., 344974, 20250228230000)
 (3375., 3399., 3375., 3395., 14122., 348411, 20250303091500)
 (3396., 3402., 3393., 3397.,  5995., 350558, 20250303093000)
 (3398., 3399., 3391., 3396.,  5349., 351583, 20250303094500)
 (3396., 3401., 3395., 3397.,  5667., 353426, 20250303100000)
 (3397., 3404., 3396., 3398.,  5635., 354244, 20250303101500)
 (3398., 3401., 3390., 3392.,  3706., 354299, 20250303104500)
 (3392., 3395., 3388., 3390.,  5570., 354904, 20250303110000)
 (3391., 3391., 3379., 3381.,  7044., 354929, 20250303111500)
 (3381., 3388., 3381., 3387.,  2720., 355075, 20250303113000)
 (3389., 3399., 3382., 3383., 10544., 354491, 20250303134500)
 (3384., 3384., 3372., 3378., 10105., 353932, 20250303140000)
 (3378., 3380., 3374., 3376.,  4653., 353501, 20250303141500)
 (3376., 3378., 3371., 3372.,  7228., 354362, 20250303143000)
 (3373., 3374., 3370., 3371.,  8519., 352342, 20250303144500)
 (3371., 3371., 3360., 3362., 13204., 349758, 20250303150000)]
2025-03-04 15:30:00  INFO  [(3362., 3370., 3360., 3369., 16408., 351533, 20250303211500)
 (3369., 3369., 3365., 3368.,  5375., 352309, 20250303213000)
 (3368., 3371., 3366., 3370.,  2791., 352117, 20250303214500)
 (3371., 3376., 3369., 3376.,  3582., 353097, 20250303220000)
 (3375., 3376., 3371., 3372.,  2033., 352890, 20250303221500)
 (3372., 3374., 3368., 3369.,   931., 352767, 20250303223000)
 (3369., 3373., 3368., 3368.,  1306., 352464, 20250303224500)
 (3369., 3371., 3364., 3365.,  2575., 352151, 20250303230000)
 (3360., 3364., 3341., 3349., 19779., 353097, 20250304091500)
 (3350., 3356., 3346., 3346.,  8734., 353295, 20250304093000)
 (3346., 3347., 3331., 3331., 20773., 353884, 20250304094500)
 (3331., 3341., 3330., 3339.,  8549., 354363, 20250304100000)
 (3339., 3340., 3332., 3339.,  4597., 354409, 20250304101500)
 (3340., 3340., 3332., 3335.,  4774., 354955, 20250304104500)
 (3336., 3350., 3334., 3343., 10097., 355495, 20250304110000)
 (3342., 3350., 3341., 3344.,  4330., 355922, 20250304111500)
 (3342., 3353., 3339., 3340.,  7697., 356597, 20250304113000)
 (3340., 3352., 3340., 3349., 10681., 358947, 20250304134500)
 (3348., 3349., 3343., 3349.,  2444., 359610, 20250304140000)
 (3348., 3361., 3346., 3354.,  7897., 360374, 20250304141500)
 (3354., 3359., 3351., 3355.,  8111., 361367, 20250304143000)
 (3355., 3356., 3349., 3350.,  2583., 361638, 20250304144500)
 (3350., 3353., 3344., 3351.,  5929., 360762, 20250304150000)]
2025-03-05 15:30:00  INFO  [(3341., 3354., 3341., 3343., 16705., 360827, 20250304211500)
 (3343., 3344., 3339., 3344.,  7786., 359161, 20250304213000)
 (3343., 3348., 3342., 3345.,  9259., 358826, 20250304214500)
 (3343., 3345., 3341., 3344.,  3612., 358785, 20250304220000)
 (3343., 3348., 3342., 3345.,  3886., 359184, 20250304221500)
 (3344., 3348., 3343., 3345.,  2813., 358463, 20250304223000)
 (3344., 3345., 3337., 3338.,  3585., 358386, 20250304224500)
 (3338., 3339., 3322., 3329., 11415., 356531, 20250304230000)
 (3329., 3337., 3325., 3335., 12145., 357619, 20250305091500)
 (3335., 3335., 3316., 3318., 15527., 358378, 20250305093000)
 (3318., 3327., 3316., 3326., 11173., 360981, 20250305094500)
 (3326., 3326., 3317., 3318.,  6104., 362244, 20250305100000)
 (3318., 3330., 3317., 3328.,  6515., 361235, 20250305101500)
 (3328., 3345., 3327., 3333., 19666., 361095, 20250305104500)
 (3333., 3342., 3325., 3325., 13738., 362184, 20250305110000)
 (3325., 3334., 3322., 3333., 10990., 361673, 20250305111500)
 (3332., 3342., 3328., 3338., 11133., 363849, 20250305113000)
 (3337., 3339., 3329., 3333.,  8889., 365523, 20250305134500)
 (3334., 3336., 3330., 3335.,  3743., 365044, 20250305140000)
 (3336., 3340., 3334., 3339.,  7008., 367185, 20250305141500)
 (3339., 3340., 3329., 3330.,  5649., 368098, 20250305143000)
 (3330., 3332., 3325., 3329.,  5572., 367135, 20250305144500)
 (3329., 3331., 3325., 3326.,  4779., 367160, 20250305150000)]
2025-03-06 15:30:00  INFO  [(3327., 3333., 3326., 3329.,  9640., 367990, 20250305211500)
 (3330., 3333., 3323., 3325.,  5319., 369095, 20250305213000)
 (3325., 3331., 3324., 3330.,  6040., 368079, 20250305214500)
 (3330., 3334., 3328., 3328.,  4135., 369118, 20250305220000)
 (3328., 3331., 3327., 3328.,   772., 369227, 20250305221500)
 (3329., 3332., 3326., 3329.,  2983., 369183, 20250305223000)
 (3329., 3331., 3328., 3328.,   803., 369063, 20250305224500)
 (3328., 3331., 3326., 3330.,  1833., 368617, 20250305230000)
 (3331., 3344., 3331., 3342., 11843., 372576, 20250306091500)
 (3342., 3347., 3340., 3344.,  7857., 372390, 20250306093000)
 (3345., 3348., 3339., 3341.,  9476., 376004, 20250306094500)
 (3341., 3357., 3340., 3356., 16799., 383139, 20250306100000)
 (3357., 3358., 3350., 3352., 15585., 387251, 20250306101500)
 (3351., 3351., 3344., 3349., 11953., 389988, 20250306104500)
 (3350., 3350., 3340., 3345.,  4663., 390326, 20250306110000)
 (3347., 3355., 3344., 3346.,  5479., 390898, 20250306111500)
 (3346., 3355., 3344., 3352.,  7684., 391833, 20250306113000)
 (3356., 3365., 3334., 3340., 45195., 403937, 20250306134500)
 (3340., 3347., 3324., 3330., 28069., 406325, 20250306140000)
 (3330., 3336., 3328., 3332.,  8866., 407521, 20250306141500)
 (3332., 3345., 3331., 3339.,  7095., 408458, 20250306143000)
 (3340., 3346., 3340., 3344.,  4587., 408457, 20250306144500)
 (3344., 3351., 3342., 3346.,  7801., 407196, 20250306150000)]
2025-03-07 15:30:00  INFO  [(3355., 3355., 3332., 3334., 16535., 404123, 20250306211500)
 (3334., 3340., 3333., 3338.,  6735., 403807, 20250306213000)
 (3337., 3339., 3331., 3335.,  4339., 404886, 20250306214500)
 (3335., 3336., 3332., 3334.,  2647., 404516, 20250306220000)
 (3334., 3338., 3333., 3337.,  3634., 404708, 20250306221500)
 (3337., 3339., 3335., 3337.,  2497., 405422, 20250306223000)
 (3336., 3344., 3333., 3342.,  3531., 406336, 20250306224500)
 (3342., 3346., 3333., 3336.,  9506., 404552, 20250306230000)
 (3331., 3335., 3314., 3315., 29702., 404662, 20250307091500)
 (3315., 3322., 3313., 3320.,  6129., 404701, 20250307093000)
 (3318., 3321., 3310., 3317., 15847., 403584, 20250307094500)
 (3318., 3321., 3315., 3320.,  3935., 403710, 20250307100000)
 (3320., 3329., 3319., 3327.,  7381., 404487, 20250307101500)
 (3327., 3336., 3323., 3334.,  9517., 406012, 20250307104500)
 (3334., 3340., 3330., 3333.,  9339., 405746, 20250307110000)
 (3334., 3338., 3331., 3335.,  4692., 406870, 20250307111500)
 (3335., 3338., 3331., 3331.,  3422., 406790, 20250307113000)
 (3331., 3334., 3328., 3329.,  3948., 407332, 20250307134500)
 (3328., 3333., 3325., 3329.,  6792., 405405, 20250307140000)
 (3329., 3330., 3316., 3318., 13201., 404387, 20250307141500)
 (3317., 3328., 3317., 3323.,  6634., 403681, 20250307143000)
 (3323., 3325., 3313., 3314.,  4403., 403581, 20250307144500)
 (3314., 3317., 3311., 3312., 13776., 405686, 20250307150000)]
2025-03-10 15:30:00  INFO  [(3307., 3311., 3292., 3295., 35901., 403525, 20250307211500)
 (3295., 3298., 3289., 3292., 10434., 405951, 20250307213000)
 (3291., 3299., 3291., 3297.,  9609., 406061, 20250307214500)
 (3297., 3302., 3296., 3297.,  4232., 406819, 20250307220000)
 (3298., 3306., 3297., 3300.,  4781., 407319, 20250307221500)
 (3300., 3304., 3299., 3303.,  3233., 407421, 20250307223000)
 (3303., 3303., 3299., 3301.,  2857., 407297, 20250307224500)
 (3301., 3308., 3300., 3307.,  5557., 405467, 20250307230000)
 (3310., 3331., 3306., 3331., 33298., 408486, 20250310091500)
 (3330., 3331., 3316., 3320., 14211., 410620, 20250310093000)
 (3321., 3321., 3313., 3313.,  6233., 411096, 20250310094500)
 (3313., 3315., 3310., 3312.,  5071., 411404, 20250310100000)
 (3311., 3313., 3302., 3306.,  8448., 411709, 20250310101500)
 (3306., 3312., 3305., 3307.,  5299., 413154, 20250310104500)
 (3306., 3307., 3293., 3296., 13033., 412294, 20250310110000)
 (3295., 3298., 3290., 3295.,  8542., 413037, 20250310111500)
 (3296., 3300., 3292., 3293.,  6160., 412013, 20250310113000)
 (3296., 3297., 3290., 3296.,  7643., 412681, 20250310134500)
 (3296., 3296., 3285., 3289., 11451., 412964, 20250310140000)
 (3288., 3293., 3286., 3293.,  4063., 413359, 20250310141500)
 (3292., 3295., 3284., 3289.,  6542., 413927, 20250310143000)
 (3288., 3292., 3286., 3288.,  5736., 413380, 20250310144500)
 (3288., 3293., 3285., 3289.,  4175., 413502, 20250310150000)]
2025-03-11 15:30:00  INFO  [(3288., 3294., 3286., 3288., 11506., 412078, 20250310211500)
 (3288., 3291., 3287., 3288.,  3477., 411129, 20250310213000)
 (3288., 3290., 3285., 3289.,  2088., 411139, 20250310214500)
 (3288., 3288., 3279., 3282.,  5775., 412934, 20250310220000)
 (3282., 3283., 3279., 3283.,  2889., 413547, 20250310221500)
 (3282., 3287., 3278., 3284., 12422., 415461, 20250310223000)
 (3284., 3285., 3278., 3279.,  6222., 413567, 20250310224500)
 (3279., 3280., 3271., 3276., 11627., 413890, 20250310230000)
 (3276., 3276., 3260., 3263., 21940., 416846, 20250311091500)
 (3263., 3273., 3262., 3263., 11024., 416440, 20250311093000)
 (3263., 3272., 3263., 3270.,  4318., 416765, 20250311094500)
 (3270., 3279., 3268., 3279.,  5403., 416652, 20250311100000)
 (3279., 3286., 3273., 3278., 12584., 418024, 20250311101500)
 (3280., 3284., 3271., 3280., 12926., 418965, 20250311104500)
 (3280., 3284., 3276., 3280.,  5817., 420652, 20250311110000)
 (3279., 3283., 3276., 3283.,  4342., 419742, 20250311111500)
 (3283., 3286., 3275., 3275.,  6951., 420862, 20250311113000)
 (3275., 3286., 3275., 3279.,  7845., 421552, 20250311134500)
 (3279., 3281., 3276., 3281.,  8697., 423644, 20250311140000)
 (3280., 3286., 3278., 3284.,  5410., 424639, 20250311141500)
 (3285., 3286., 3279., 3281.,  3912., 426135, 20250311143000)
 (3281., 3287., 3279., 3280.,  5981., 426229, 20250311144500)
 (3282., 3282., 3277., 3280.,  3925., 425758, 20250311150000)]
2025-03-12 15:30:00  INFO  [(3280., 3296., 3280., 3296., 17336., 427896, 20250311211500)
 (3296., 3298., 3291., 3295.,  8357., 428674, 20250311213000)
 (3296., 3299., 3294., 3297.,  5047., 427987, 20250311214500)
 (3297., 3298., 3289., 3292.,  8036., 429249, 20250311220000)
 (3292., 3293., 3287., 3288.,  6260., 430426, 20250311221500)
 (3288., 3290., 3285., 3287.,  5280., 431944, 20250311223000)
 (3287., 3288., 3283., 3285.,  2775., 432157, 20250311224500)
 (3285., 3288., 3283., 3287.,  2553., 431506, 20250311230000)
 (3285., 3288., 3275., 3282.,  6916., 432502, 20250312091500)
 (3281., 3284., 3276., 3284.,  3369., 432777, 20250312093000)
 (3284., 3285., 3277., 3281.,  3284., 432694, 20250312094500)
 (3280., 3284., 3277., 3278.,  4346., 433531, 20250312100000)
 (3278., 3280., 3273., 3277.,  8357., 433401, 20250312101500)
 (3277., 3279., 3272., 3275.,  5656., 434399, 20250312104500)
 (3275., 3283., 3272., 3281.,  5840., 435273, 20250312110000)
 (3282., 3285., 3277., 3281.,  4125., 435757, 20250312111500)
 (3281., 3289., 3275., 3287.,  8553., 437523, 20250312113000)
 (3289., 3296., 3286., 3290., 12549., 439741, 20250312134500)
 (3289., 3293., 3286., 3292.,  4046., 439790, 20250312140000)
 (3292., 3296., 3290., 3294.,  4216., 440759, 20250312141500)
 (3294., 3295., 3280., 3282.,  7831., 440344, 20250312143000)
 (3281., 3298., 3281., 3295.,  9252., 441791, 20250312144500)
 (3295., 3296., 3282., 3294., 10176., 442820, 20250312150000)]
2025-03-13 15:30:00  INFO  [(3299., 3310., 3298., 3306., 16022., 446084, 20250312211500)
 (3307., 3309., 3304., 3308.,  7002., 446063, 20250312213000)
 (3308., 3311., 3306., 3307.,  5291., 446492, 20250312214500)
 (3307., 3307., 3304., 3305.,  2152., 446106, 20250312220000)
 (3306., 3306., 3300., 3301.,  6981., 449492, 20250312221500)
 (3301., 3304., 3298., 3298.,  3236., 450110, 20250312223000)
 (3298., 3302., 3296., 3300.,  4181., 450930, 20250312224500)
 (3300., 3303., 3299., 3302.,  2114., 450959, 20250312230000)
 (3304., 3308., 3301., 3302.,  8643., 449124, 20250313091500)
 (3301., 3304., 3300., 3301.,  3205., 448952, 20250313093000)
 (3301., 3304., 3296., 3299.,  3934., 448994, 20250313094500)
 (3298., 3311., 3298., 3308.,  6870., 448781, 20250313100000)
 (3309., 3323., 3306., 3322., 17183., 454012, 20250313101500)
 (3323., 3324., 3314., 3323., 10173., 455984, 20250313104500)
 (3323., 3324., 3315., 3321.,  9251., 457129, 20250313110000)
 (3321., 3324., 3318., 3322.,  6979., 458150, 20250313111500)
 (3322., 3323., 3305., 3308., 12218., 457296, 20250313113000)
 (3306., 3310., 3300., 3307., 15013., 459552, 20250313134500)
 (3307., 3313., 3304., 3311.,  4123., 461071, 20250313140000)
 (3310., 3312., 3307., 3310.,  3995., 461699, 20250313141500)
 (3309., 3317., 3307., 3315.,  8714., 464527, 20250313143000)
 (3315., 3332., 3314., 3332., 37159., 476870, 20250313144500)
 (3332., 3333., 3322., 3328., 12268., 477194, 20250313150000)]
2025-03-14 15:30:00  INFO  [(3333., 3333., 3320., 3321., 16717., 477671, 20250313211500)
 (3320., 3328., 3320., 3325.,  5552., 476475, 20250313213000)
 (3326., 3327., 3322., 3322.,  3114., 476304, 20250313214500)
 (3322., 3323., 3321., 3322.,  3393., 475657, 20250313220000)
 (3322., 3322., 3318., 3321.,  2857., 475639, 20250313221500)
 (3321., 3321., 3314., 3316.,  3809., 474921, 20250313223000)
 (3315., 3322., 3314., 3320.,  4427., 475388, 20250313224500)
 (3321., 3323., 3316., 3319.,  6925., 474177, 20250313230000)
 (3318., 3328., 3316., 3326., 10364., 475580, 20250314091500)
 (3328., 3331., 3323., 3331., 12022., 479350, 20250314093000)
 (3330., 3335., 3327., 3334., 10504., 481756, 20250314094500)
 (3333., 3338., 3328., 3335.,  8291., 482911, 20250314100000)
 (3335., 3336., 3329., 3335.,  4303., 483980, 20250314101500)
 (3333., 3336., 3328., 3329.,  5391., 484774, 20250314104500)
 (3329., 3336., 3328., 3335.,  4431., 485120, 20250314110000)
 (3335., 3338., 3334., 3338.,  6026., 486642, 20250314111500)
 (3338., 3340., 3331., 3335.,  8869., 487385, 20250314113000)
 (3333., 3339., 3332., 3338., 11833., 488825, 20250314134500)
 (3338., 3342., 3337., 3341., 10166., 491111, 20250314140000)
 (3341., 3342., 3333., 3337.,  6608., 492654, 20250314141500)
 (3337., 3342., 3336., 3342.,  4386., 493749, 20250314143000)
 (3342., 3348., 3341., 3348., 13088., 496224, 20250314144500)
 (3348., 3348., 3341., 3343., 14133., 498447, 20250314150000)]
2025-03-17 15:30:00  INFO  [(3333., 3344., 3327., 3332., 21961., 497306, 20250314211500)
 (3332., 3333., 3325., 3330.,  9611., 498412, 20250314213000)
 (3329., 3332., 3324., 3325.,  8253., 499405, 20250314214500)
 (3325., 3328., 3323., 3324.,  5302., 498884, 20250314220000)
 (3324., 3325., 3320., 3324.,  6209., 500681, 20250314221500)
 (3323., 3328., 3323., 3324.,  3757., 501540, 20250314223000)
 (3324., 3328., 3324., 3327.,  1735., 501645, 20250314224500)
 (3327., 3327., 3320., 3323.,  7840., 501061, 20250314230000)
 (3320., 3326., 3309., 3316., 28723., 501221, 20250317091500)
 (3316., 3319., 3310., 3314., 13502., 501743, 20250317093000)
 (3315., 3316., 3303., 3314., 15327., 501258, 20250317094500)
 (3313., 3314., 3303., 3303., 14258., 501940, 20250317100000)
 (3303., 3306., 3294., 3301., 18182., 504080, 20250317101500)
 (3301., 3305., 3299., 3303.,  6886., 504948, 20250317104500)
 (3303., 3304., 3295., 3302.,  6937., 506476, 20250317110000)
 (3302., 3304., 3298., 3300.,  5167., 508099, 20250317111500)
 (3301., 3304., 3298., 3298.,  4190., 509108, 20250317113000)
 (3300., 3300., 3291., 3295.,  9457., 509538, 20250317134500)
 (3295., 3296., 3291., 3291.,  7232., 511079, 20250317140000)
 (3290., 3295., 3289., 3291.,  9928., 512979, 20250317141500)
 (3291., 3293., 3286., 3289.,  8434., 514482, 20250317143000)
 (3289., 3291., 3287., 3291.,  4587., 514739, 20250317144500)
 (3291., 3297., 3287., 3296.,  8576., 514510, 20250317150000)]
2025-03-18 15:30:00  INFO  [(3302., 3302., 3281., 3287., 16453., 516831, 20250317211500)
 (3286., 3288., 3283., 3285.,  4594., 517261, 20250317213000)
 (3285., 3288., 3282., 3284.,  4228., 518227, 20250317214500)
 (3284., 3288., 3283., 3286.,  2638., 518562, 20250317220000)
 (3286., 3288., 3285., 3286.,  1925., 519003, 20250317221500)
 (3286., 3287., 3280., 3282.,  3196., 519344, 20250317223000)
 (3282., 3283., 3277., 3280.,  7039., 520604, 20250317224500)
 (3281., 3286., 3280., 3285.,  4740., 520085, 20250317230000)
 (3284., 3293., 3281., 3282., 14100., 523816, 20250318091500)
 (3283., 3283., 3273., 3275., 16986., 527013, 20250318093000)
 (3274., 3280., 3272., 3279., 14087., 530213, 20250318094500)
 (3280., 3285., 3276., 3277., 10234., 532991, 20250318100000)
 (3277., 3290., 3276., 3289., 10030., 536231, 20250318101500)
 (3288., 3290., 3280., 3281.,  9283., 538658, 20250318104500)
 (3281., 3286., 3281., 3282.,  5959., 540608, 20250318110000)
 (3282., 3284., 3277., 3282.,  6308., 542043, 20250318111500)
 (3282., 3284., 3273., 3276.,  9457., 544721, 20250318113000)
 (3276., 3278., 3273., 3278.,  9773., 546556, 20250318134500)
 (3277., 3278., 3272., 3275.,  7412., 547565, 20250318140000)
 (3275., 3275., 3270., 3273.,  9582., 550131, 20250318141500)
 (3273., 3275., 3270., 3275.,  5346., 551694, 20250318143000)
 (3275., 3275., 3266., 3273., 12639., 555735, 20250318144500)
 (3274., 3282., 3270., 3270., 15392., 558824, 20250318150000)]
2025-03-19 15:30:00  INFO  [(3272., 3274., 3253., 3259., 39341., 559212, 20250318211500)
 (3259., 3262., 3256., 3259., 13905., 562479, 20250318213000)
 (3259., 3261., 3255., 3256.,  5144., 562518, 20250318214500)
 (3257., 3258., 3253., 3254.,  6187., 563880, 20250318220000)
 (3254., 3258., 3253., 3255.,  2920., 564628, 20250318221500)
 (3256., 3257., 3254., 3254.,  3179., 564239, 20250318223000)
 (3255., 3257., 3254., 3256.,  3337., 565256, 20250318224500)
 (3255., 3257., 3253., 3256.,  5119., 566088, 20250318230000)
 (3256., 3257., 3243., 3249., 21078., 570038, 20250319091500)
 (3249., 3255., 3247., 3250., 12322., 573521, 20250319093000)
 (3249., 3256., 3248., 3254.,  5630., 573642, 20250319094500)
 (3254., 3255., 3249., 3249.,  4932., 574309, 20250319100000)
 (3249., 3257., 3249., 3251.,  9252., 573070, 20250319101500)
 (3249., 3257., 3248., 3255.,  8231., 573888, 20250319104500)
 (3255., 3261., 3255., 3258., 11436., 574938, 20250319110000)
 (3259., 3262., 3257., 3261.,  8773., 575354, 20250319111500)
 (3261., 3262., 3254., 3256., 12471., 578637, 20250319113000)
 (3258., 3260., 3251., 3253.,  9295., 580596, 20250319134500)
 (3252., 3263., 3251., 3262.,  6642., 582354, 20250319140000)
 (3262., 3263., 3257., 3258.,  6719., 583402, 20250319141500)
 (3257., 3258., 3249., 3253., 10836., 586929, 20250319143000)
 (3254., 3254., 3246., 3252., 11845., 591046, 20250319144500)
 (3252., 3254., 3248., 3250., 17923., 590150, 20250319150000)]
2025-03-20 15:30:00  INFO  [(3255., 3256., 3245., 3253., 12683., 590755, 20250319211500)
 (3252., 3255., 3251., 3255.,  3562., 590237, 20250319213000)
 (3254., 3255., 3248., 3249.,  4895., 590399, 20250319214500)
 (3249., 3251., 3246., 3248.,  5706., 589537, 20250319220000)
 (3249., 3249., 3244., 3245.,  5559., 591012, 20250319221500)
 (3247., 3248., 3241., 3242.,  5129., 591097, 20250319223000)
 (3242., 3246., 3242., 3245.,  4230., 593044, 20250319224500)
 (3245., 3246., 3242., 3244.,  3457., 592662, 20250319230000)
 (3245., 3251., 3239., 3241., 14041., 597112, 20250320091500)
 (3240., 3249., 3239., 3240., 10004., 598948, 20250320093000)
 (3240., 3240., 3232., 3233., 12656., 603225, 20250320094500)
 (3233., 3234., 3227., 3228., 15754., 607481, 20250320100000)
 (3228., 3245., 3228., 3242., 16073., 609482, 20250320101500)
 (3241., 3244., 3238., 3241.,  8194., 609825, 20250320104500)
 (3241., 3243., 3236., 3242.,  3897., 610881, 20250320110000)
 (3242., 3256., 3242., 3256., 24908., 616147, 20250320111500)
 (3256., 3262., 3249., 3253., 15712., 618577, 20250320113000)
 (3259., 3260., 3245., 3258., 15297., 619720, 20250320134500)
 (3258., 3262., 3254., 3254., 11393., 621026, 20250320140000)
 (3255., 3257., 3250., 3252., 10466., 623876, 20250320141500)
 (3253., 3255., 3249., 3251.,  8338., 625709, 20250320143000)
 (3251., 3259., 3250., 3254.,  6971., 627384, 20250320144500)
 (3256., 3261., 3254., 3260., 10753., 629919, 20250320150000)]
2025-03-21 15:30:00  INFO  [(3254., 3261., 3246., 3254., 28172., 634396, 20250320211500)
 (3253., 3255., 3248., 3250.,  9460., 633162, 20250320213000)
 (3249., 3250., 3245., 3248.,  4881., 633113, 20250320214500)
 (3248., 3252., 3247., 3249.,  4010., 632486, 20250320220000)
 (3249., 3253., 3249., 3250.,  2532., 633103, 20250320221500)
 (3249., 3250., 3241., 3244.,  6689., 634365, 20250320223000)
 (3243., 3247., 3241., 3246.,  7530., 635456, 20250320224500)
 (3244., 3250., 3244., 3248.,  4523., 635511, 20250320230000)
 (3248., 3256., 3248., 3249., 13577., 638230, 20250321091500)
 (3249., 3251., 3245., 3246.,  7438., 639599, 20250321093000)
 (3247., 3254., 3244., 3252.,  6436., 641011, 20250321094500)
 (3253., 3253., 3245., 3247.,  7621., 642535, 20250321100000)
 (3246., 3257., 3245., 3253.,  8339., 644987, 20250321101500)
 (3252., 3253., 3249., 3252.,  6885., 645238, 20250321104500)
 (3252., 3254., 3247., 3249.,  5282., 646084, 20250321110000)
 (3248., 3248., 3238., 3240., 15770., 648446, 20250321111500)
 (3240., 3248., 3237., 3248., 14386., 650177, 20250321113000)
 (3246., 3250., 3240., 3248.,  9681., 651869, 20250321134500)
 (3247., 3251., 3244., 3248.,  6574., 653090, 20250321140000)
 (3248., 3253., 3242., 3249.,  7557., 655580, 20250321141500)
 (3249., 3252., 3245., 3246.,  5404., 656739, 20250321143000)
 (3246., 3248., 3242., 3245.,  4840., 658044, 20250321144500)
 (3245., 3246., 3240., 3242., 10648., 661085, 20250321150000)]
2025-03-24 15:30:00  INFO  [(3246., 3248., 3239., 3240., 14630., 661349, 20250321211500)
 (3240., 3248., 3240., 3248.,  9770., 660248, 20250321213000)
 (3247., 3248., 3242., 3242.,  3305., 660586, 20250321214500)
 (3243., 3243., 3235., 3237.,  8495., 661845, 20250321220000)
 (3237., 3238., 3227., 3229., 15622., 661453, 20250321221500)
 (3230., 3241., 3229., 3241., 10564., 660076, 20250321223000)
 (3240., 3252., 3240., 3247., 16929., 662828, 20250321224500)
 (3246., 3263., 3246., 3261., 19611., 663707, 20250321230000)
 (3265., 3276., 3260., 3269., 47240., 666618, 20250324091500)
 (3269., 3271., 3265., 3270., 13870., 668476, 20250324093000)
 (3270., 3275., 3269., 3272., 12664., 670214, 20250324094500)
 (3273., 3273., 3265., 3268., 10901., 671018, 20250324100000)
 (3268., 3277., 3266., 3272., 14515., 674845, 20250324101500)
 (3273., 3280., 3272., 3279., 26196., 685556, 20250324104500)
 (3278., 3283., 3274., 3281., 24421., 693377, 20250324110000)
 (3282., 3288., 3281., 3286., 23699., 698793, 20250324111500)
 (3286., 3288., 3275., 3279., 16459., 700770, 20250324113000)
 (3279., 3282., 3275., 3280., 21247., 704549, 20250324134500)
 (3280., 3281., 3276., 3279., 11460., 706207, 20250324140000)
 (3279., 3281., 3275., 3276., 11151., 708201, 20250324141500)
 (3275., 3281., 3274., 3280., 13088., 713421, 20250324143000)
 (3281., 3282., 3279., 3282.,  6660., 715487, 20250324144500)
 (3282., 3287., 3280., 3284., 14742., 718478, 20250324150000)]
2025-03-25 15:30:00  INFO  [(3285., 3288., 3281., 3285., 20108., 723407, 20250324211500)
 (3286., 3287., 3280., 3282.,  7015., 722960, 20250324213000)
 (3281., 3283., 3280., 3281.,  4040., 723614, 20250324214500)
 (3281., 3284., 3281., 3283.,  3823., 724584, 20250324220000)
 (3283., 3284., 3281., 3281.,  4720., 726455, 20250324221500)
 (3281., 3283., 3275., 3277., 11337., 730229, 20250324223000)
 (3277., 3278., 3274., 3277.,  5919., 731316, 20250324224500)
 (3276., 3281., 3275., 3278.,  7475., 732260, 20250324230000)
 (3279., 3281., 3273., 3277., 14886., 733439, 20250325091500)
 (3275., 3281., 3275., 3278., 12328., 736744, 20250325093000)
 (3278., 3281., 3277., 3280.,  7788., 738961, 20250325094500)
 (3280., 3281., 3274., 3275.,  8123., 740125, 20250325100000)
 (3275., 3275., 3265., 3266., 21748., 748959, 20250325101500)
 (3267., 3267., 3260., 3262., 19015., 754505, 20250325104500)
 (3262., 3264., 3259., 3260., 20121., 755217, 20250325110000)
 (3260., 3277., 3259., 3277., 23974., 756499, 20250325111500)
 (3277., 3286., 3275., 3283., 35438., 763821, 20250325113000)
 (3286., 3295., 3285., 3291., 56248., 779202, 20250325134500)
 (3292., 3297., 3291., 3292., 26944., 786275, 20250325140000)
 (3292., 3294., 3290., 3292., 15167., 792000, 20250325141500)
 (3291., 3295., 3291., 3293., 13099., 796806, 20250325143000)
 (3292., 3294., 3288., 3290., 13177., 798153, 20250325144500)
 (3290., 3293., 3289., 3290., 14395., 798410, 20250325150000)]
2025-03-26 15:30:00  INFO  [(3290., 3290., 3283., 3285., 20922., 800732, 20250325211500)
 (3285., 3286., 3283., 3284.,  6054., 802032, 20250325213000)
 (3284., 3287., 3284., 3284.,  3555., 802741, 20250325214500)
 (3285., 3287., 3284., 3286.,  6362., 803651, 20250325220000)
 (3286., 3288., 3284., 3286., 13973., 809064, 20250325221500)
 (3285., 3287., 3284., 3285.,  7141., 811622, 20250325223000)
 (3285., 3289., 3284., 3289.,  3635., 812304, 20250325224500)
 (3289., 3290., 3287., 3289.,  6833., 811467, 20250325230000)
 (3286., 3295., 3286., 3288., 20295., 814682, 20250326091500)
 (3287., 3289., 3283., 3284., 10394., 817169, 20250326093000)
 (3284., 3287., 3283., 3284., 10233., 819010, 20250326094500)
 (3283., 3286., 3280., 3284., 13361., 821065, 20250326100000)
 (3284., 3285., 3276., 3277., 15015., 825046, 20250326101500)
 (3278., 3282., 3276., 3280., 19274., 827743, 20250326104500)
 (3279., 3284., 3274., 3284., 23803., 835428, 20250326110000)
 (3284., 3284., 3280., 3282., 13628., 841561, 20250326111500)
 (3280., 3282., 3275., 3277., 12724., 847313, 20250326113000)
 (3275., 3277., 3270., 3276., 26543., 853943, 20250326134500)
 (3277., 3281., 3275., 3280., 14085., 860283, 20250326140000)
 (3280., 3284., 3279., 3283., 19282., 864097, 20250326141500)
 (3283., 3284., 3278., 3279., 10037., 866893, 20250326143000)
 (3279., 3283., 3275., 3279., 11538., 870017, 20250326144500)
 (3279., 3280., 3271., 3274., 16340., 871713, 20250326150000)]
2025-03-27 15:30:00  INFO  [(3274., 3278., 3271., 3277., 22742., 876165, 20250326211500)
 (3277., 3277., 3273., 3274.,  7608., 877036, 20250326213000)
 (3274., 3278., 3273., 3277.,  8028., 877858, 20250326214500)
 (3277., 3278., 3276., 3277., 10858., 882905, 20250326220000)
 (3279., 3282., 3277., 3282., 12687., 885667, 20250326221500)
 (3282., 3285., 3281., 3283., 12285., 888655, 20250326223000)
 (3283., 3288., 3281., 3284., 14093., 891897, 20250326224500)
 (3285., 3285., 3281., 3282., 12190., 894232, 20250326230000)
 (3281., 3281., 3273., 3274., 32289., 899189, 20250327091500)
 (3274., 3278., 3274., 3277., 12450., 903841, 20250327093000)
 (3277., 3283., 3276., 3279., 27732., 914418, 20250327094500)
 (3279., 3285., 3276., 3281., 18824., 919561, 20250327100000)
 (3281., 3285., 3278., 3279., 11960., 923451, 20250327101500)
 (3278., 3282., 3277., 3280., 12338., 927347, 20250327104500)
 (3280., 3282., 3277., 3278., 13033., 931128, 20250327110000)
 (3278., 3281., 3275., 3276., 11604., 932728, 20250327111500)
 (3276., 3278., 3262., 3263., 44225., 937371, 20250327113000)
 (3262., 3263., 3249., 3259., 78229., 944001, 20250327134500)
 (3259., 3262., 3253., 3255., 26766., 950690, 20250327140000)
 (3254., 3265., 3253., 3263., 26401., 957346, 20250327141500)
 (3262., 3264., 3258., 3260., 18573., 966352, 20250327143000)
 (3260., 3273., 3258., 3272., 29398., 974714, 20250327144500)
 (3273., 3279., 3270., 3274., 35804., 976172, 20250327150000)]
2025-03-28 15:30:00  INFO  [(3268., 3273., 3255., 3256., 40855.,  981269, 20250327211500)
 (3256., 3258., 3254., 3257., 22211.,  980866, 20250327213000)
 (3256., 3257., 3251., 3255., 17476.,  982472, 20250327214500)
 (3256., 3257., 3253., 3255., 10097.,  986736, 20250327220000)
 (3254., 3255., 3250., 3254., 18799.,  993014, 20250327221500)
 (3254., 3255., 3250., 3255.,  7836.,  994474, 20250327223000)
 (3254., 3255., 3250., 3252., 11969.,  999929, 20250327224500)
 (3251., 3255., 3250., 3253., 13553., 1001398, 20250327230000)
 (3250., 3261., 3250., 3259., 26371., 1007693, 20250328091500)
 (3260., 3262., 3256., 3257., 15399., 1014499, 20250328093000)
 (3257., 3258., 3252., 3253., 14421., 1020761, 20250328094500)
 (3253., 3257., 3248., 3251., 19328., 1026072, 20250328100000)
 (3251., 3257., 3248., 3253., 21721., 1030855, 20250328101500)
 (3253., 3254., 3248., 3252., 18000., 1035942, 20250328104500)
 (3252., 3254., 3244., 3247., 27515., 1044057, 20250328110000)
 (3246., 3250., 3244., 3247., 15329., 1045696, 20250328111500)
 (3247., 3251., 3245., 3249., 18471., 1046291, 20250328113000)
 (3250., 3257., 3245., 3254., 23875., 1049368, 20250328134500)
 (3254., 3258., 3251., 3256., 23135., 1054583, 20250328140000)
 (3257., 3259., 3252., 3257., 25261., 1061306, 20250328141500)
 (3257., 3260., 3256., 3258., 17517., 1065589, 20250328143000)
 (3258., 3266., 3258., 3259., 32946., 1070171, 20250328144500)
 (3260., 3261., 3256., 3257., 14470., 1070278, 20250328150000)]
2025-03-31 15:30:00  INFO  [(3257., 3261., 3250., 3254., 36218., 1081523, 20250328211500)
 (3255., 3258., 3253., 3257., 13402., 1085643, 20250328213000)
 (3257., 3257., 3254., 3256.,  7575., 1087430, 20250328214500)
 (3256., 3258., 3254., 3257., 14606., 1093968, 20250328220000)
 (3257., 3257., 3248., 3249., 21004., 1097145, 20250328221500)
 (3249., 3253., 3248., 3250., 21315., 1100064, 20250328223000)
 (3250., 3253., 3248., 3253.,  9321., 1100996, 20250328224500)
 (3252., 3254., 3250., 3252.,  9820., 1100982, 20250328230000)
 (3250., 3252., 3242., 3249., 61037., 1105610, 20250331091500)
 (3250., 3257., 3249., 3251., 31263., 1112378, 20250331093000)
 (3251., 3253., 3245., 3247., 18223., 1114481, 20250331094500)
 (3247., 3249., 3242., 3244., 20226., 1119026, 20250331100000)
 (3244., 3247., 3242., 3243., 15740., 1123206, 20250331101500)
 (3243., 3243., 3240., 3242., 22251., 1128528, 20250331104500)
 (3241., 3244., 3236., 3238., 19948., 1133661, 20250331110000)
 (3237., 3238., 3234., 3237., 21395., 1134862, 20250331111500)
 (3237., 3239., 3234., 3235., 14734., 1135899, 20250331113000)
 (3235., 3240., 3234., 3237., 21811., 1141164, 20250331134500)
 (3238., 3241., 3237., 3239.,  9728., 1143988, 20250331140000)
 (3239., 3247., 3238., 3244., 28606., 1153195, 20250331141500)
 (3244., 3246., 3240., 3242., 24837., 1159192, 20250331143000)
 (3242., 3246., 3240., 3241., 21656., 1162428, 20250331144500)
 (3241., 3247., 3237., 3247., 44762., 1169048, 20250331150000)]
2025-04-01 15:30:00  INFO  [(3245., 3248., 3227., 3229., 75258., 1174836, 20250331211500)
 (3229., 3230., 3222., 3223., 35278., 1178834, 20250331213000)
 (3222., 3225., 3220., 3223., 23274., 1181417, 20250331214500)
 (3222., 3230., 3222., 3230., 21125., 1181233, 20250331220000)
 (3229., 3232., 3227., 3227., 16242., 1180677, 20250331221500)
 (3227., 3230., 3227., 3229.,  4588., 1180573, 20250331223000)
 (3229., 3237., 3228., 3232., 21183., 1180404, 20250331224500)
 (3232., 3233., 3229., 3231.,  9992., 1178372, 20250331230000)
 (3230., 3231., 3220., 3222., 38760., 1183734, 20250401091500)
 (3222., 3227., 3221., 3227., 18400., 1187112, 20250401093000)
 (3227., 3229., 3224., 3228., 15289., 1189084, 20250401094500)
 (3228., 3231., 3225., 3228., 17052., 1191699, 20250401100000)
 (3229., 3244., 3227., 3243., 38640., 1195543, 20250401101500)
 (3243., 3248., 3236., 3247., 46562., 1198024, 20250401104500)
 (3247., 3255., 3245., 3249., 61373., 1203150, 20250401110000)
 (3249., 3254., 3246., 3248., 29514., 1205304, 20250401111500)
 (3249., 3250., 3245., 3245., 20156., 1205591, 20250401113000)
 (3246., 3248., 3242., 3247., 22093., 1209984, 20250401134500)
 (3247., 3251., 3246., 3250., 16879., 1212281, 20250401140000)
 (3250., 3253., 3248., 3251., 16865., 1212318, 20250401141500)
 (3251., 3260., 3250., 3259., 34099., 1214787, 20250401143000)
 (3259., 3269., 3258., 3259., 69052., 1213206, 20250401144500)
 (3259., 3260., 3251., 3255., 41336., 1214644, 20250401150000)]
2025-04-02 15:30:00  INFO  [(3255., 3257., 3249., 3251., 44534., 1222329, 20250401211500)
 (3251., 3253., 3250., 3253., 11278., 1225156, 20250401213000)
 (3253., 3253., 3249., 3250., 11186., 1226615, 20250401214500)
 (3250., 3255., 3250., 3253., 11384., 1227709, 20250401220000)
 (3252., 3254., 3251., 3252.,  5717., 1225937, 20250401221500)
 (3253., 3256., 3252., 3255., 17235., 1221591, 20250401223000)
 (3255., 3259., 3253., 3258., 13448., 1217746, 20250401224500)
 (3258., 3260., 3256., 3259.,  9084., 1216218, 20250401230000)
 (3260., 3261., 3252., 3256., 26369., 1216817, 20250402091500)
 (3256., 3259., 3251., 3257., 14519., 1219175, 20250402093000)
 (3256., 3259., 3253., 3253., 19225., 1218050, 20250402094500)
 (3253., 3256., 3251., 3251., 18469., 1220116, 20250402100000)
 (3251., 3257., 3250., 3257., 19233., 1221290, 20250402101500)
 (3257., 3260., 3255., 3258., 23478., 1223927, 20250402104500)
 (3258., 3260., 3256., 3259., 16311., 1225866, 20250402110000)
 (3258., 3260., 3256., 3256., 10107., 1224814, 20250402111500)
 (3257., 3260., 3256., 3257., 10385., 1226082, 20250402113000)
 (3257., 3261., 3255., 3260., 16965., 1229358, 20250402134500)
 (3261., 3262., 3256., 3257., 20106., 1230316, 20250402140000)
 (3256., 3257., 3251., 3253., 23206., 1226717, 20250402141500)
 (3253., 3254., 3243., 3244., 39171., 1230902, 20250402143000)
 (3243., 3245., 3236., 3244., 56142., 1239399, 20250402144500)
 (3245., 3250., 3244., 3247., 36475., 1238185, 20250402150000)]
2025-04-03 15:30:00  INFO  [(3243., 3251., 3240., 3242.,  67976., 1251295, 20250402211500)
 (3242., 3244., 3239., 3240.,  21617., 1255862, 20250402213000)
 (3241., 3245., 3239., 3244.,  15651., 1260083, 20250402214500)
 (3243., 3246., 3242., 3245.,  11748., 1263523, 20250402220000)
 (3244., 3246., 3241., 3242.,  10349., 1265748, 20250402221500)
 (3242., 3244., 3241., 3241.,  12287., 1269243, 20250402223000)
 (3242., 3243., 3237., 3238.,  19878., 1275408, 20250402224500)
 (3238., 3241., 3233., 3235.,  25531., 1274866, 20250402230000)
 (3229., 3229., 3214., 3225., 137764., 1301945, 20250403091500)
 (3224., 3231., 3223., 3230.,  44203., 1313408, 20250403093000)
 (3229., 3254., 3229., 3253.,  94303., 1319544, 20250403094500)
 (3254., 3264., 3245., 3245.,  89713., 1314368, 20250403100000)
 (3245., 3249., 3231., 3232.,  61019., 1314608, 20250403101500)
 (3234., 3242., 3232., 3235.,  38287., 1318043, 20250403104500)
 (3235., 3237., 3228., 3229.,  30252., 1322983, 20250403110000)
 (3229., 3229., 3224., 3224.,  35225., 1328455, 20250403111500)
 (3224., 3229., 3223., 3227.,  29692., 1327719, 20250403113000)
 (3225., 3231., 3225., 3226.,  26501., 1329433, 20250403134500)
 (3227., 3230., 3225., 3228.,  16979., 1331654, 20250403140000)
 (3229., 3232., 3228., 3230.,  24219., 1335655, 20250403141500)
 (3229., 3230., 3225., 3229.,  20596., 1335562, 20250403143000)
 (3228., 3230., 3226., 3227.,  16537., 1336187, 20250403144500)
 (3226., 3233., 3226., 3231.,  39830., 1325145, 20250403150000)]
2025-04-07 15:30:00  INFO  [(3229., 3229., 3224., 3224.,  35225., 1328455, 20250403111500)
 (3224., 3229., 3223., 3227.,  29692., 1327719, 20250403113000)
 (3225., 3231., 3225., 3226.,  26501., 1329433, 20250403134500)
 (3227., 3230., 3225., 3228.,  16979., 1331654, 20250403140000)
 (3229., 3232., 3228., 3230.,  24219., 1335655, 20250403141500)
 (3229., 3230., 3225., 3229.,  20596., 1335562, 20250403143000)
 (3228., 3230., 3226., 3227.,  16537., 1336187, 20250403144500)
 (3226., 3233., 3226., 3231.,  39830., 1325145, 20250403150000)
 (3155., 3157., 3113., 3132., 432930., 1361195, 20250407091500)
 (3131., 3148., 3127., 3134., 159080., 1376265, 20250407093000)
 (3133., 3145., 3130., 3132.,  98922., 1391219, 20250407094500)
 (3132., 3140., 3126., 3137.,  63763., 1403850, 20250407100000)
 (3137., 3147., 3135., 3146.,  68480., 1403838, 20250407101500)
 (3148., 3166., 3144., 3165.,  96587., 1415744, 20250407104500)
 (3166., 3170., 3156., 3159.,  72682., 1415236, 20250407110000)
 (3158., 3159., 3150., 3156.,  36769., 1416960, 20250407111500)
 (3155., 3160., 3153., 3157.,  30122., 1418482, 20250407113000)
 (3157., 3157., 3141., 3144.,  63553., 1427380, 20250407134500)
 (3144., 3150., 3142., 3142.,  37672., 1425288, 20250407140000)
 (3143., 3143., 3132., 3133.,  62561., 1432707, 20250407141500)
 (3133., 3139., 3130., 3136.,  55206., 1434146, 20250407143000)
 (3135., 3156., 3133., 3146.,  88123., 1428910, 20250407144500)
 (3146., 3149., 3141., 3146.,  53694., 1425776, 20250407150000)]
2025-04-08 15:30:00  INFO  [(3158., 3163., 3147., 3157., 154077., 1446218, 20250407211500)
 (3156., 3160., 3154., 3156.,  42090., 1453979, 20250407213000)
 (3156., 3157., 3150., 3152.,  35178., 1457814, 20250407214500)
 (3151., 3159., 3151., 3158.,  28180., 1462155, 20250407220000)
 (3158., 3166., 3157., 3165.,  57254., 1467060, 20250407221500)
 (3165., 3171., 3159., 3160.,  72344., 1463217, 20250407223000)
 (3161., 3165., 3158., 3161.,  19319., 1462639, 20250407224500)
 (3161., 3165., 3160., 3165.,  28595., 1458404, 20250407230000)
 (3162., 3164., 3138., 3139., 171644., 1483335, 20250408091500)
 (3139., 3141., 3132., 3138., 109340., 1515103, 20250408093000)
 (3137., 3145., 3135., 3135.,  70359., 1522966, 20250408094500)
 (3135., 3140., 3132., 3138.,  57703., 1535404, 20250408100000)
 (3138., 3139., 3133., 3136.,  33878., 1539495, 20250408101500)
 (3135., 3136., 3126., 3128.,  81453., 1557317, 20250408104500)
 (3128., 3132., 3122., 3123.,  68777., 1576563, 20250408110000)
 (3123., 3127., 3117., 3123.,  79012., 1592876, 20250408111500)
 (3123., 3131., 3122., 3123.,  69391., 1593014, 20250408113000)
 (3120., 3125., 3116., 3118.,  96121., 1608702, 20250408134500)
 (3117., 3119., 3110., 3116.,  87296., 1622163, 20250408140000)
 (3116., 3118., 3106., 3109.,  78526., 1624382, 20250408141500)
 (3109., 3109., 3093., 3100., 169250., 1645788, 20250408143000)
 (3099., 3113., 3093., 3105., 107449., 1645120, 20250408144500)
 (3105., 3106., 3099., 3101.,  73687., 1640009, 20250408150000)]
2025-04-09 15:30:00  INFO  [(3102., 3115., 3093., 3109., 166218., 1660482, 20250408211500)
 (3109., 3111., 3097., 3103.,  62891., 1670065, 20250408213000)
 (3102., 3105., 3100., 3103.,  33928., 1671446, 20250408214500)
 (3103., 3106., 3100., 3103.,  28420., 1673508, 20250408220000)
 (3104., 3108., 3102., 3104.,  29330., 1674554, 20250408221500)
 (3105., 3108., 3101., 3106.,  26590., 1674646, 20250408223000)
 (3105., 3107., 3102., 3102.,  16316., 1673021, 20250408224500)
 (3103., 3104., 3095., 3096.,  57684., 1668464, 20250408230000)
 (3088., 3088., 3051., 3056., 345026., 1677389, 20250409091500)
 (3056., 3063., 3033., 3057., 264707., 1677073, 20250409093000)
 (3056., 3065., 3047., 3051., 131981., 1679143, 20250409094500)
 (3051., 3064., 3044., 3062.,  80551., 1687494, 20250409100000)
 (3062., 3075., 3060., 3065., 119973., 1684396, 20250409101500)
 (3065., 3066., 3054., 3060.,  65270., 1682128, 20250409104500)
 (3059., 3082., 3058., 3080.,  93789., 1684040, 20250409110000)
 (3080., 3088., 3072., 3076., 126617., 1679472, 20250409111500)
 (3075., 3091., 3072., 3089.,  75232., 1684442, 20250409113000)
 (3087., 3093., 3081., 3089., 103596., 1685674, 20250409134500)
 (3089., 3094., 3087., 3091.,  53144., 1691936, 20250409140000)
 (3091., 3098., 3085., 3098.,  64977., 1700350, 20250409141500)
 (3098., 3107., 3091., 3094., 117521., 1699196, 20250409143000)
 (3094., 3106., 3094., 3094.,  77920., 1698219, 20250409144500)
 (3094., 3095., 3085., 3088.,  93113., 1687170, 20250409150000)]
2025-04-10 15:30:00  INFO  [(3075., 3086., 3066., 3083., 158113., 1690695, 20250409211500)
 (3084., 3095., 3079., 3094.,  75367., 1696076, 20250409213000)
 (3093., 3101., 3092., 3098.,  85639., 1706334, 20250409214500)
 (3099., 3100., 3092., 3093.,  47832., 1712644, 20250409220000)
 (3093., 3103., 3093., 3096.,  54307., 1714543, 20250409221500)
 (3097., 3104., 3096., 3099.,  40410., 1716765, 20250409223000)
 (3099., 3106., 3098., 3100.,  35397., 1716263, 20250409224500)
 (3100., 3101., 3090., 3094.,  69100., 1709757, 20250409230000)
 (3125., 3148., 3116., 3120., 310185., 1718337, 20250410091500)
 (3119., 3137., 3118., 3137.,  94353., 1718812, 20250410093000)
 (3137., 3143., 3130., 3136., 113198., 1710023, 20250410094500)
 (3136., 3140., 3131., 3140.,  46536., 1709534, 20250410100000)
 (3139., 3155., 3139., 3148., 171923., 1713298, 20250410101500)
 (3147., 3149., 3135., 3140.,  88144., 1708482, 20250410104500)
 (3141., 3142., 3136., 3140.,  38032., 1707025, 20250410110000)
 (3140., 3148., 3133., 3141.,  68739., 1706431, 20250410111500)
 (3141., 3141., 3130., 3133.,  74626., 1700669, 20250410113000)
 (3140., 3141., 3131., 3138.,  87538., 1704099, 20250410134500)
 (3138., 3144., 3136., 3140.,  59406., 1705312, 20250410140000)
 (3139., 3150., 3138., 3148.,  71718., 1705125, 20250410141500)
 (3149., 3149., 3139., 3141.,  43890., 1700846, 20250410143000)
 (3140., 3145., 3140., 3143.,  29636., 1699792, 20250410144500)
 (3143., 3143., 3137., 3139.,  65467., 1686421, 20250410150000)]
2025-04-11 15:30:00  INFO  [(3145., 3146., 3127., 3129., 125641., 1685975, 20250410211500)
 (3129., 3133., 3126., 3127.,  49569., 1687182, 20250410213000)
 (3127., 3129., 3125., 3128.,  35502., 1686081, 20250410214500)
 (3128., 3132., 3126., 3130.,  33696., 1689396, 20250410220000)
 (3130., 3136., 3129., 3135.,  35142., 1687909, 20250410221500)
 (3135., 3139., 3133., 3136.,  32678., 1687514, 20250410223000)
 (3136., 3141., 3134., 3136.,  41099., 1683224, 20250410224500)
 (3135., 3136., 3132., 3136.,  31204., 1676266, 20250410230000)
 (3133., 3133., 3121., 3126., 109169., 1679927, 20250411091500)
 (3127., 3130., 3121., 3128.,  45297., 1682056, 20250411093000)
 (3128., 3130., 3122., 3123.,  40927., 1682816, 20250411094500)
 (3123., 3125., 3118., 3123.,  64880., 1688620, 20250411100000)
 (3124., 3124., 3108., 3109., 121011., 1693889, 20250411101500)
 (3109., 3116., 3107., 3108.,  67213., 1695510, 20250411104500)
 (3108., 3115., 3104., 3114.,  63206., 1693349, 20250411110000)
 (3114., 3120., 3110., 3118.,  60936., 1689011, 20250411111500)
 (3118., 3119., 3107., 3117.,  54009., 1688074, 20250411113000)
 (3123., 3139., 3119., 3138., 197365., 1678074, 20250411134500)
 (3138., 3140., 3129., 3134.,  83433., 1676205, 20250411140000)
 (3134., 3138., 3131., 3132.,  49660., 1677404, 20250411141500)
 (3133., 3134., 3128., 3132.,  54139., 1676614, 20250411143000)
 (3132., 3135., 3126., 3129.,  40158., 1675185, 20250411144500)
 (3129., 3136., 3127., 3131.,  69557., 1665377, 20250411150000)]
2025-04-14 15:30:00  INFO  [(3130., 3133., 3120., 3130.,  82605., 1670955, 20250411211500)
 (3129., 3131., 3125., 3128.,  35889., 1671588, 20250411213000)
 (3128., 3128., 3122., 3126.,  33560., 1671958, 20250411214500)
 (3127., 3128., 3124., 3126.,  19677., 1672820, 20250411220000)
 (3127., 3133., 3124., 3132.,  38241., 1673904, 20250411221500)
 (3132., 3137., 3128., 3129.,  40233., 1672106, 20250411223000)
 (3128., 3131., 3125., 3128.,  28964., 1669715, 20250411224500)
 (3128., 3129., 3125., 3126.,  34890., 1658354, 20250411230000)
 (3135., 3145., 3134., 3134., 154371., 1663333, 20250414091500)
 (3134., 3142., 3134., 3139.,  44431., 1670147, 20250414093000)
 (3139., 3142., 3135., 3137.,  42955., 1672480, 20250414094500)
 (3138., 3139., 3134., 3137.,  30241., 1673999, 20250414100000)
 (3136., 3138., 3131., 3134.,  34973., 1678816, 20250414101500)
 (3132., 3133., 3124., 3125.,  68589., 1688626, 20250414104500)
 (3125., 3129., 3118., 3128.,  75485., 1701319, 20250414110000)
 (3128., 3131., 3124., 3128.,  44972., 1706199, 20250414111500)
 (3128., 3131., 3125., 3127.,  29316., 1707027, 20250414113000)
 (3126., 3135., 3125., 3130.,  59128., 1713461, 20250414134500)
 (3129., 3134., 3128., 3132.,  32350., 1717335, 20250414140000)
 (3132., 3137., 3130., 3132.,  45937., 1714702, 20250414141500)
 (3131., 3132., 3126., 3126.,  34337., 1713016, 20250414143000)
 (3127., 3129., 3125., 3129.,  19405., 1713835, 20250414144500)
 (3128., 3129., 3125., 3126.,  36284., 1705840, 20250414150000)]
2025-04-15 15:30:00  INFO  [(3127., 3134., 3125., 3127.,  68708., 1708673, 20250414211500)
 (3128., 3130., 3126., 3130.,  28469., 1708696, 20250414213000)
 (3130., 3130., 3126., 3128.,  17863., 1710628, 20250414214500)
 (3128., 3133., 3127., 3133.,  24353., 1712654, 20250414220000)
 (3133., 3136., 3132., 3134.,  54957., 1709118, 20250414221500)
 (3135., 3136., 3133., 3133.,  17023., 1706363, 20250414223000)
 (3134., 3136., 3132., 3136.,  16761., 1704206, 20250414224500)
 (3136., 3139., 3135., 3138.,  48371., 1696855, 20250414230000)
 (3135., 3140., 3127., 3128.,  82663., 1695747, 20250415091500)
 (3128., 3130., 3125., 3126.,  45194., 1701658, 20250415093000)
 (3126., 3129., 3124., 3127.,  41609., 1704502, 20250415094500)
 (3126., 3128., 3119., 3121.,  61178., 1712679, 20250415100000)
 (3121., 3124., 3116., 3124.,  59886., 1716684, 20250415101500)
 (3124., 3127., 3122., 3126.,  41942., 1718248, 20250415104500)
 (3126., 3127., 3117., 3119.,  43697., 1720962, 20250415110000)
 (3118., 3124., 3118., 3122.,  19524., 1722628, 20250415111500)
 (3122., 3126., 3120., 3125.,  36577., 1724756, 20250415113000)
 (3125., 3125., 3112., 3118.,  83950., 1733778, 20250415134500)
 (3118., 3133., 3114., 3133.,  82489., 1729920, 20250415140000)
 (3133., 3134., 3126., 3132., 116627., 1719062, 20250415141500)
 (3133., 3134., 3123., 3126.,  60820., 1718172, 20250415143000)
 (3127., 3127., 3122., 3124.,  37197., 1715058, 20250415144500)
 (3124., 3128., 3124., 3125.,  39134., 1708811, 20250415150000)]
2025-04-16 15:30:00  INFO  [(3122., 3133., 3118., 3129., 110408., 1709622, 20250415211500)
 (3129., 3129., 3125., 3126.,  30328., 1712134, 20250415213000)
 (3127., 3128., 3125., 3126.,  19557., 1714218, 20250415214500)
 (3127., 3129., 3125., 3127.,  14491., 1715596, 20250415220000)
 (3126., 3129., 3126., 3128.,  13101., 1714389, 20250415221500)
 (3129., 3130., 3123., 3126.,  35743., 1716190, 20250415223000)
 (3127., 3127., 3123., 3124.,  16543., 1717541, 20250415224500)
 (3124., 3125., 3122., 3123.,  24121., 1714839, 20250415230000)
 (3121., 3124., 3118., 3122.,  60080., 1720203, 20250416091500)
 (3121., 3124., 3115., 3115.,  50423., 1729617, 20250416093000)
 (3115., 3121., 3114., 3118.,  52099., 1739305, 20250416094500)
 (3119., 3119., 3106., 3108.,  86975., 1756156, 20250416100000)
 (3108., 3110., 3101., 3101., 104564., 1780941, 20250416101500)
 (3101., 3101., 3092., 3094., 143686., 1804981, 20250416104500)
 (3094., 3099., 3094., 3097.,  47647., 1815177, 20250416110000)
 (3097., 3099., 3093., 3096.,  38598., 1820932, 20250416111500)
 (3095., 3097., 3088., 3090.,  64756., 1828763, 20250416113000)
 (3091., 3099., 3090., 3092.,  73489., 1834158, 20250416134500)
 (3092., 3094., 3090., 3092.,  42614., 1837122, 20250416140000)
 (3093., 3094., 3088., 3093.,  32859., 1842542, 20250416141500)
 (3092., 3093., 3088., 3091.,  26490., 1846797, 20250416143000)
 (3092., 3096., 3089., 3091.,  39606., 1847037, 20250416144500)
 (3091., 3096., 3088., 3093.,  74816., 1838220, 20250416150000)]
2025-04-17 15:30:00  INFO  [(3096., 3102., 3088., 3088., 112805., 1847903, 20250416211500)
 (3088., 3092., 3086., 3089.,  52135., 1854716, 20250416213000)
 (3090., 3099., 3089., 3097.,  64722., 1856172, 20250416214500)
 (3098., 3106., 3097., 3099.,  85234., 1848408, 20250416220000)
 (3100., 3103., 3099., 3100.,  26962., 1848400, 20250416221500)
 (3100., 3108., 3100., 3103.,  50631., 1844263, 20250416223000)
 (3104., 3104., 3099., 3101.,  26827., 1839452, 20250416224500)
 (3100., 3101., 3095., 3096.,  36627., 1835247, 20250416230000)
 (3096., 3096., 3091., 3094.,  53519., 1836829, 20250417091500)
 (3094., 3098., 3093., 3095.,  28781., 1838453, 20250417093000)
 (3095., 3105., 3095., 3105.,  57679., 1843627, 20250417094500)
 (3105., 3106., 3102., 3105.,  48451., 1849379, 20250417100000)
 (3104., 3105., 3096., 3097.,  41950., 1852169, 20250417101500)
 (3098., 3101., 3095., 3101.,  32728., 1857350, 20250417104500)
 (3101., 3112., 3099., 3107., 116654., 1865246, 20250417110000)
 (3107., 3109., 3104., 3104.,  38749., 1865427, 20250417111500)
 (3105., 3115., 3103., 3114.,  83170., 1865013, 20250417113000)
 (3114., 3118., 3109., 3116., 110763., 1870841, 20250417134500)
 (3117., 3117., 3110., 3110.,  44901., 1865788, 20250417140000)
 (3110., 3111., 3105., 3108.,  52497., 1862752, 20250417141500)
 (3108., 3111., 3104., 3106.,  44860., 1864851, 20250417143000)
 (3106., 3106., 3092., 3092., 118167., 1857004, 20250417144500)
 (3092., 3099., 3091., 3092.,  85658., 1859673, 20250417150000)]
2025-04-18 15:30:00  INFO  [(3091., 3099., 3090., 3094.,  92171., 1860933, 20250417211500)
 (3095., 3100., 3093., 3098.,  45281., 1870130, 20250417213000)
 (3098., 3100., 3095., 3098.,  27227., 1870403, 20250417214500)
 (3098., 3100., 3093., 3094.,  43771., 1875975, 20250417220000)
 (3094., 3097., 3091., 3096.,  39598., 1872203, 20250417221500)
 (3096., 3097., 3089., 3090.,  42627., 1880020, 20250417223000)
 (3089., 3092., 3089., 3090.,  24398., 1880495, 20250417224500)
 (3091., 3092., 3088., 3089.,  37143., 1875643, 20250417230000)
 (3089., 3096., 3083., 3085., 114783., 1894524, 20250418091500)
 (3084., 3087., 3082., 3084.,  50735., 1905338, 20250418093000)
 (3085., 3090., 3082., 3090.,  39379., 1907013, 20250418094500)
 (3090., 3099., 3086., 3095.,  94010., 1896205, 20250418100000)
 (3095., 3098., 3092., 3093.,  41831., 1893364, 20250418101500)
 (3093., 3093., 3085., 3093.,  62183., 1894540, 20250418104500)
 (3093., 3097., 3089., 3090.,  38622., 1894496, 20250418110000)
 (3090., 3092., 3087., 3089.,  23430., 1891682, 20250418111500)
 (3088., 3092., 3082., 3083.,  55066., 1893066, 20250418113000)
 (3083., 3088., 3081., 3081.,  69484., 1902658, 20250418134500)
 (3081., 3089., 3078., 3086.,  83416., 1910415, 20250418140000)
 (3086., 3089., 3083., 3088.,  35574., 1913729, 20250418141500)
 (3088., 3095., 3086., 3093.,  65582., 1912041, 20250418143000)
 (3093., 3094., 3079., 3079.,  69691., 1915952, 20250418144500)
 (3079., 3081., 3073., 3076., 136520., 1926742, 20250418150000)]
2025-04-21 15:30:00  INFO  [(3080., 3081., 3070., 3074.,  81852., 1937898, 20250418211500)
 (3074., 3078., 3073., 3077.,  39622., 1941024, 20250418213000)
 (3076., 3080., 3075., 3078.,  37355., 1940932, 20250418214500)
 (3079., 3082., 3078., 3082.,  46856., 1936206, 20250418220000)
 (3081., 3085., 3079., 3080.,  39637., 1932952, 20250418221500)
 (3081., 3089., 3080., 3089.,  49430., 1929213, 20250418223000)
 (3089., 3090., 3084., 3086.,  39711., 1925764, 20250418224500)
 (3085., 3088., 3084., 3087.,  38347., 1917818, 20250418230000)
 (3090., 3109., 3090., 3109., 228052., 1922989, 20250421091500)
 (3108., 3110., 3098., 3102.,  96722., 1927975, 20250421093000)
 (3101., 3105., 3097., 3104.,  50567., 1933650, 20250421094500)
 (3104., 3108., 3102., 3107.,  46691., 1935916, 20250421100000)
 (3107., 3109., 3105., 3107.,  54116., 1939381, 20250421101500)
 (3106., 3106., 3101., 3103.,  36653., 1939283, 20250421104500)
 (3104., 3108., 3104., 3106.,  23292., 1940771, 20250421110000)
 (3105., 3108., 3103., 3106.,  19347., 1940439, 20250421111500)
 (3105., 3112., 3103., 3111.,  55557., 1943632, 20250421113000)
 (3111., 3115., 3110., 3114.,  71669., 1947452, 20250421134500)
 (3114., 3117., 3111., 3117.,  42861., 1953267, 20250421140000)
 (3117., 3119., 3113., 3116.,  51231., 1956648, 20250421141500)
 (3116., 3117., 3113., 3116.,  31507., 1959096, 20250421143000)
 (3116., 3116., 3109., 3110.,  44951., 1957389, 20250421144500)
 (3110., 3114., 3109., 3113.,  51596., 1953540, 20250421150000)]
2025-04-22 15:30:00  INFO  [(3118., 3123., 3108., 3109., 110482., 1948750, 20250421211500)
 (3109., 3111., 3108., 3109.,  30499., 1952479, 20250421213000)
 (3110., 3110., 3107., 3108.,  23388., 1954464, 20250421214500)
 (3108., 3111., 3108., 3109.,  17821., 1955161, 20250421220000)
 (3108., 3110., 3106., 3107.,  21319., 1953620, 20250421221500)
 (3108., 3110., 3107., 3108.,  15181., 1952661, 20250421223000)
 (3108., 3109., 3106., 3106.,  12553., 1951040, 20250421224500)
 (3106., 3107., 3103., 3105.,  41066., 1943065, 20250421230000)
 (3104., 3106., 3097., 3106.,  84584., 1941606, 20250422091500)
 (3106., 3109., 3103., 3105.,  49082., 1943473, 20250422093000)
 (3105., 3107., 3103., 3103.,  22575., 1944837, 20250422094500)
 (3104., 3104., 3094., 3097.,  92327., 1952626, 20250422100000)
 (3097., 3100., 3092., 3099.,  59302., 1954290, 20250422101500)
 (3099., 3100., 3093., 3094.,  48128., 1956710, 20250422104500)
 (3093., 3097., 3092., 3095.,  38891., 1962604, 20250422110000)
 (3096., 3098., 3093., 3097.,  30388., 1964824, 20250422111500)
 (3096., 3096., 3090., 3094.,  47121., 1964032, 20250422113000)
 (3095., 3100., 3094., 3098.,  56618., 1963067, 20250422134500)
 (3098., 3099., 3093., 3094.,  34378., 1968247, 20250422140000)
 (3093., 3094., 3090., 3090.,  56361., 1972776, 20250422141500)
 (3090., 3091., 3075., 3077., 196129., 2000472, 20250422143000)
 (3077., 3077., 3065., 3072., 183529., 2015852, 20250422144500)
 (3071., 3076., 3070., 3075.,  72971., 2012421, 20250422150000)]
2025-04-23 15:30:00  INFO  [(3080., 3081., 3073., 3078., 109457., 2010994, 20250422211500)
 (3079., 3084., 3076., 3083.,  50456., 2011032, 20250422213000)
 (3084., 3085., 3082., 3083.,  37157., 2011307, 20250422214500)
 (3083., 3086., 3083., 3085.,  36586., 2008705, 20250422220000)
 (3086., 3088., 3085., 3087.,  29598., 2007276, 20250422221500)
 (3086., 3093., 3086., 3088.,  61872., 1998872, 20250422223000)
 (3087., 3089., 3084., 3086.,  35934., 1998712, 20250422224500)
 (3086., 3087., 3079., 3082.,  57255., 1997000, 20250422230000)
 (3092., 3113., 3092., 3108., 299601., 1971694, 20250423091500)
 (3109., 3109., 3099., 3101.,  89675., 1972867, 20250423093000)
 (3100., 3104., 3097., 3102.,  54415., 1977959, 20250423094500)
 (3103., 3104., 3099., 3100.,  28271., 1977256, 20250423100000)
 (3099., 3101., 3096., 3098.,  39598., 1977544, 20250423101500)
 (3098., 3100., 3095., 3099.,  33589., 1978500, 20250423104500)
 (3099., 3104., 3096., 3104.,  42875., 1984771, 20250423110000)
 (3104., 3109., 3102., 3106.,  68898., 1988006, 20250423111500)
 (3106., 3116., 3103., 3109., 139940., 1983863, 20250423113000)
 (3110., 3123., 3110., 3122., 133062., 1979505, 20250423134500)
 (3121., 3127., 3121., 3127., 134234., 1977459, 20250423140000)
 (3126., 3130., 3123., 3130., 107949., 1980638, 20250423141500)
 (3129., 3138., 3129., 3137., 136931., 1983907, 20250423143000)
 (3137., 3146., 3137., 3144., 130768., 1985388, 20250423144500)
 (3143., 3145., 3135., 3137., 107253., 1968021, 20250423150000)]
2025-04-24 15:30:00  INFO  [(3138., 3139., 3129., 3132.,  99892., 1965423, 20250423211500)
 (3133., 3133., 3129., 3130.,  43358., 1966271, 20250423213000)
 (3129., 3134., 3128., 3133.,  38769., 1965146, 20250423214500)
 (3133., 3135., 3130., 3130.,  35334., 1964589, 20250423220000)
 (3130., 3131., 3127., 3127.,  35093., 1965996, 20250423221500)
 (3127., 3129., 3124., 3125.,  49428., 1966107, 20250423223000)
 (3125., 3130., 3123., 3129.,  34643., 1962150, 20250423224500)
 (3129., 3132., 3128., 3130.,  31966., 1957512, 20250423230000)
 (3129., 3129., 3118., 3122., 107584., 1965052, 20250424091500)
 (3121., 3124., 3119., 3122.,  43964., 1967702, 20250424093000)
 (3122., 3125., 3120., 3120.,  36058., 1967690, 20250424094500)
 (3120., 3125., 3120., 3124.,  28494., 1969211, 20250424100000)
 (3125., 3126., 3121., 3123.,  37241., 1968325, 20250424101500)
 (3123., 3127., 3122., 3124.,  25420., 1966944, 20250424104500)
 (3125., 3126., 3120., 3121.,  28762., 1968345, 20250424110000)
 (3120., 3128., 3115., 3118.,  89548., 1969353, 20250424111500)
 (3117., 3120., 3112., 3114.,  92474., 1975264, 20250424113000)
 (3112., 3114., 3105., 3107., 140478., 1979030, 20250424134500)
 (3107., 3113., 3105., 3109.,  72583., 1975585, 20250424140000)
 (3109., 3110., 3097., 3097.,  97874., 1975778, 20250424141500)
 (3097., 3102., 3095., 3096., 116653., 1991852, 20250424143000)
 (3096., 3104., 3096., 3100.,  85025., 1992287, 20250424144500)
 (3100., 3106., 3098., 3106.,  86242., 1980197, 20250424150000)]
2025-04-25 15:30:00  INFO  [(3114., 3114., 3105., 3106., 100310., 1991790, 20250424211500)
 (3106., 3109., 3105., 3107.,  33957., 1997897, 20250424213000)
 (3107., 3108., 3096., 3100.,  72192., 2002796, 20250424214500)
 (3100., 3108., 3098., 3107.,  60741., 2002035, 20250424220000)
 (3107., 3107., 3098., 3103.,  39276., 2001101, 20250424221500)
 (3102., 3106., 3102., 3105.,  22071., 2001907, 20250424223000)
 (3104., 3108., 3103., 3107.,  29778., 1999729, 20250424224500)
 (3107., 3110., 3105., 3108.,  38758., 1990121, 20250424230000)
 (3110., 3116., 3110., 3115.,  95189., 1995314, 20250425091500)
 (3115., 3115., 3110., 3111.,  37954., 1999393, 20250425093000)
 (3112., 3119., 3111., 3117.,  50420., 2003108, 20250425094500)
 (3117., 3123., 3116., 3118.,  84222., 2006066, 20250425100000)
 (3119., 3123., 3115., 3116.,  64500., 2005557, 20250425101500)
 (3115., 3126., 3112., 3124.,  72497., 2017985, 20250425104500)
 (3125., 3126., 3120., 3122.,  37274., 2018168, 20250425110000)
 (3122., 3128., 3121., 3128.,  59446., 2019149, 20250425111500)
 (3127., 3130., 3122., 3125.,  90741., 2020423, 20250425113000)
 (3123., 3127., 3119., 3122.,  89854., 2020585, 20250425134500)
 (3121., 3124., 3105., 3105., 151394., 2009732, 20250425140000)
 (3105., 3108., 3097., 3098., 157368., 2004962, 20250425141500)
 (3097., 3104., 3096., 3102.,  92516., 2007934, 20250425143000)
 (3101., 3103., 3096., 3102.,  75788., 2011682, 20250425144500)
 (3103., 3110., 3098., 3101., 123467., 1986742, 20250425150000)]
2025-04-28 15:30:00  INFO  [(3106., 3146., 3102., 3143., 528489., 2034064, 20250425211500)
 (3143., 3155., 3138., 3146., 414539., 2054254, 20250425213000)
 (3144., 3151., 3142., 3144., 157453., 2073290, 20250425214500)
 (3144., 3144., 3138., 3144., 121802., 2083214, 20250425220000)
 (3144., 3149., 3142., 3146.,  88566., 2106296, 20250425221500)
 (3145., 3153., 3144., 3145., 114971., 2119411, 20250425223000)
 (3146., 3157., 3145., 3156., 125782., 2135789, 20250425224500)
 (3157., 3163., 3154., 3162., 167920., 2116114, 20250425230000)
 (3161., 3164., 3133., 3141., 424359., 2065913, 20250428091500)
 (3140., 3146., 3135., 3137.,  96516., 2053717, 20250428093000)
 (3137., 3144., 3134., 3137.,  82373., 2048947, 20250428094500)
 (3138., 3141., 3135., 3135.,  49218., 2053405, 20250428100000)
 (3135., 3139., 3131., 3132.,  65692., 2051466, 20250428101500)
 (3131., 3134., 3122., 3126., 165231., 2053447, 20250428104500)
 (3126., 3126., 3118., 3120., 120754., 2062144, 20250428110000)
 (3120., 3130., 3119., 3127.,  94327., 2061094, 20250428111500)
 (3127., 3137., 3126., 3136.,  86710., 2055749, 20250428113000)
 (3136., 3140., 3133., 3136., 101618., 2059650, 20250428134500)
 (3136., 3139., 3134., 3135.,  39184., 2059924, 20250428140000)
 (3135., 3137., 3128., 3132.,  55512., 2056579, 20250428141500)
 (3131., 3132., 3122., 3126.,  85909., 2050317, 20250428143000)
 (3125., 3129., 3122., 3125.,  50192., 2048025, 20250428144500)
 (3126., 3131., 3124., 3129.,  72438., 2032936, 20250428150000)]
2025-04-29 15:30:00  INFO  [(3129., 3129., 3120., 3123., 117224., 2037837, 20250428211500)
 (3123., 3124., 3118., 3122.,  73095., 2040723, 20250428213000)
 (3122., 3126., 3121., 3126.,  47209., 2038463, 20250428214500)
 (3125., 3126., 3123., 3124.,  19867., 2036583, 20250428220000)
 (3124., 3130., 3123., 3127.,  44709., 2034319, 20250428221500)
 (3126., 3130., 3124., 3127.,  34996., 2032168, 20250428223000)
 (3128., 3131., 3125., 3125.,  46206., 2028515, 20250428224500)
 (3125., 3128., 3125., 3127.,  22766., 2020002, 20250428230000)
 (3127., 3129., 3110., 3111., 151092., 2019216, 20250429091500)
 (3111., 3113., 3101., 3102., 141903., 2009864, 20250429093000)
 (3102., 3106., 3098., 3105., 131852., 2005491, 20250429094500)
 (3105., 3109., 3104., 3108.,  59503., 2011199, 20250429100000)
 (3108., 3110., 3102., 3109.,  65817., 2013814, 20250429101500)
 (3109., 3109., 3102., 3104.,  45039., 2021962, 20250429104500)
 (3104., 3107., 3102., 3104.,  29948., 2020681, 20250429110000)
 (3104., 3108., 3102., 3103.,  34201., 2018706, 20250429111500)
 (3102., 3107., 3096., 3099., 114892., 2028443, 20250429113000)
 (3099., 3105., 3098., 3103.,  63536., 2027422, 20250429134500)
 (3103., 3107., 3102., 3106.,  43625., 2028450, 20250429140000)
 (3106., 3110., 3092., 3093., 141275., 2033697, 20250429141500)
 (3092., 3098., 3092., 3097.,  71783., 2037374, 20250429143000)
 (3097., 3101., 3096., 3099.,  47263., 2032756, 20250429144500)
 (3099., 3100., 3093., 3100.,  79729., 2017637, 20250429150000)]
2025-04-30 15:30:00  INFO  [(3100., 3104., 3093., 3100., 101871., 2014841, 20250429211500)
 (3100., 3104., 3100., 3101.,  34668., 2015488, 20250429213000)
 (3102., 3102., 3098., 3101.,  26279., 2013027, 20250429214500)
 (3102., 3102., 3098., 3100.,  21699., 2009910, 20250429220000)
 (3099., 3100., 3097., 3098.,  22000., 2010546, 20250429221500)
 (3099., 3100., 3095., 3098.,  23683., 2009605, 20250429223000)
 (3098., 3099., 3095., 3096.,  22732., 2007390, 20250429224500)
 (3095., 3097., 3092., 3096.,  48755., 1998686, 20250429230000)
 (3096., 3098., 3085., 3093., 103930., 1995017, 20250430091500)
 (3094., 3100., 3093., 3099.,  53540., 1985252, 20250430093000)
 (3099., 3102., 3097., 3101.,  50877., 1983593, 20250430094500)
 (3100., 3101., 3093., 3093.,  32122., 1981007, 20250430100000)
 (3094., 3098., 3091., 3092.,  37243., 1977597, 20250430101500)
 (3093., 3093., 3088., 3091.,  44279., 1975889, 20250430104500)
 (3092., 3095., 3089., 3094.,  24853., 1976132, 20250430110000)
 (3095., 3096., 3089., 3090.,  29482., 1974587, 20250430111500)
 (3089., 3095., 3089., 3090.,  29198., 1973608, 20250430113000)
 (3091., 3101., 3090., 3095.,  77281., 1969704, 20250430134500)
 (3095., 3099., 3094., 3097.,  37219., 1967448, 20250430140000)
 (3097., 3100., 3095., 3098.,  36694., 1962145, 20250430141500)
 (3098., 3098., 3094., 3098.,  33911., 1955538, 20250430143000)
 (3098., 3102., 3096., 3099.,  60151., 1943478, 20250430144500)
 (3099., 3100., 3095., 3096.,  82187., 1911940, 20250430150000)]
2025-05-06 15:30:00  INFO  [(3095., 3096., 3089., 3090.,  29482., 1974587, 20250430111500)
 (3089., 3095., 3089., 3090.,  29198., 1973608, 20250430113000)
 (3091., 3101., 3090., 3095.,  77281., 1969704, 20250430134500)
 (3095., 3099., 3094., 3097.,  37219., 1967448, 20250430140000)
 (3097., 3100., 3095., 3098.,  36694., 1962145, 20250430141500)
 (3098., 3098., 3094., 3098.,  33911., 1955538, 20250430143000)
 (3098., 3102., 3096., 3099.,  60151., 1943478, 20250430144500)
 (3099., 3100., 3095., 3096.,  82187., 1911940, 20250430150000)
 (3120., 3130., 3110., 3118., 246048., 1904787, 20250506091500)
 (3118., 3120., 3109., 3110.,  71779., 1907774, 20250506093000)
 (3110., 3110., 3090., 3090., 156254., 1920915, 20250506094500)
 (3091., 3091., 3075., 3089., 238466., 1949593, 20250506100000)
 (3089., 3090., 3071., 3073., 129952., 1981020, 20250506101500)
 (3074., 3092., 3073., 3085., 105880., 1983659, 20250506104500)
 (3085., 3092., 3083., 3087.,  50470., 1981397, 20250506110000)
 (3088., 3089., 3080., 3081.,  27267., 1981387, 20250506111500)
 (3080., 3089., 3079., 3086.,  36153., 1981089, 20250506113000)
 (3087., 3089., 3078., 3078.,  52938., 1989850, 20250506134500)
 (3078., 3079., 3073., 3076.,  53154., 2002588, 20250506140000)
 (3075., 3083., 3072., 3080.,  48838., 2010076, 20250506141500)
 (3080., 3081., 3077., 3077.,  20000., 2011347, 20250506143000)
 (3077., 3080., 3074., 3079.,  31786., 2013004, 20250506144500)
 (3080., 3081., 3076., 3077.,  56239., 2004472, 20250506150000)]
2025-05-07 15:30:00  INFO  [(3090., 3116., 3086., 3109., 358286., 1997688, 20250506211500)
 (3109., 3112., 3107., 3111.,  84011., 2004551, 20250506213000)
 (3111., 3114., 3109., 3112.,  62070., 2006647, 20250506214500)
 (3112., 3113., 3109., 3109.,  36542., 2004471, 20250506220000)
 (3110., 3112., 3108., 3108.,  28820., 2002232, 20250506221500)
 (3108., 3110., 3108., 3109.,  18509., 2001243, 20250506223000)
 (3110., 3110., 3104., 3104.,  34125., 1995751, 20250506224500)
 (3105., 3109., 3104., 3108.,  48431., 1985914, 20250506230000)
 (3115., 3136., 3115., 3129., 384168., 1991338, 20250507091500)
 (3130., 3131., 3113., 3117., 170691., 1984656, 20250507093000)
 (3117., 3117., 3102., 3105., 163318., 1980842, 20250507094500)
 (3105., 3107., 3102., 3107.,  66534., 1982079, 20250507100000)
 (3107., 3109., 3105., 3106.,  40822., 1980831, 20250507101500)
 (3106., 3107., 3087., 3094., 204098., 1977918, 20250507104500)
 (3095., 3099., 3093., 3096.,  47850., 1974904, 20250507110000)
 (3096., 3096., 3083., 3083.,  78536., 1987285, 20250507111500)
 (3083., 3090., 3080., 3088., 107734., 1998974, 20250507113000)
 (3088., 3090., 3085., 3086.,  58167., 2007390, 20250507134500)
 (3087., 3091., 3086., 3091.,  46761., 2008854, 20250507140000)
 (3090., 3100., 3089., 3094.,  72062., 2005331, 20250507141500)
 (3093., 3100., 3093., 3100.,  45454., 2002683, 20250507143000)
 (3100., 3103., 3097., 3103.,  52923., 1993677, 20250507144500)
 (3103., 3103., 3098., 3098.,  69717., 1974322, 20250507150000)]
2025-05-08 15:30:00  INFO  [(3101., 3102., 3089., 3090., 105003., 1983234, 20250507211500)
 (3091., 3093., 3086., 3089.,  65031., 1991820, 20250507213000)
 (3089., 3090., 3086., 3088.,  49139., 2004326, 20250507214500)
 (3088., 3092., 3086., 3090.,  36375., 2012309, 20250507220000)
 (3090., 3090., 3088., 3089.,  16182., 2015525, 20250507221500)
 (3089., 3091., 3088., 3090.,  20821., 2017333, 20250507223000)
 (3091., 3092., 3088., 3090.,  18959., 2017324, 20250507224500)
 (3090., 3094., 3089., 3094.,  33286., 2008022, 20250507230000)
 (3092., 3094., 3084., 3086.,  70171., 2017227, 20250508091500)
 (3085., 3087., 3083., 3086.,  45005., 2023096, 20250508093000)
 (3086., 3097., 3085., 3093.,  66223., 2017706, 20250508094500)
 (3094., 3100., 3091., 3098.,  40649., 2015573, 20250508100000)
 (3098., 3102., 3088., 3090.,  92355., 2012839, 20250508101500)
 (3090., 3092., 3069., 3073., 242376., 2061775, 20250508104500)
 (3074., 3084., 3072., 3083.,  91680., 2081113, 20250508110000)
 (3083., 3085., 3075., 3081.,  57586., 2082149, 20250508111500)
 (3081., 3083., 3073., 3075.,  67774., 2094118, 20250508113000)
 (3074., 3074., 3055., 3057., 234460., 2154699, 20250508134500)
 (3056., 3060., 3047., 3057., 269887., 2205949, 20250508140000)
 (3057., 3067., 3055., 3059., 146572., 2197688, 20250508141500)
 (3059., 3061., 3050., 3051.,  95123., 2213791, 20250508143000)
 (3050., 3055., 3050., 3053.,  76807., 2229198, 20250508144500)
 (3053., 3055., 3048., 3052., 112400., 2234779, 20250508150000)]
2025-05-09 15:30:00  INFO  [(3052., 3053., 3036., 3041., 233468., 2260990, 20250508211500)
 (3040., 3044., 3038., 3041.,  61113., 2268419, 20250508213000)
 (3041., 3045., 3040., 3042.,  46900., 2274012, 20250508214500)
 (3043., 3045., 3038., 3039.,  63849., 2275585, 20250508220000)
 (3039., 3040., 3035., 3039.,  57919., 2285870, 20250508221500)
 (3039., 3040., 3033., 3039.,  53844., 2291395, 20250508223000)
 (3038., 3040., 3033., 3035.,  42822., 2296819, 20250508224500)
 (3034., 3036., 3030., 3032.,  74843., 2297223, 20250508230000)
 (3034., 3041., 3034., 3034.,  98529., 2298860, 20250509091500)
 (3034., 3041., 3033., 3038.,  47501., 2301176, 20250509093000)
 (3038., 3050., 3036., 3050.,  98636., 2296856, 20250509094500)
 (3050., 3050., 3043., 3044.,  81063., 2298650, 20250509100000)
 (3044., 3046., 3038., 3040.,  45746., 2296563, 20250509101500)
 (3040., 3045., 3039., 3041.,  32188., 2295337, 20250509104500)
 (3040., 3042., 3037., 3038.,  34053., 2296305, 20250509110000)
 (3037., 3040., 3036., 3038.,  32492., 2296307, 20250509111500)
 (3037., 3038., 3034., 3037.,  49072., 2298202, 20250509113000)
 (3038., 3045., 3034., 3036.,  74782., 2306953, 20250509134500)
 (3035., 3036., 3032., 3034.,  52419., 2316435, 20250509140000)
 (3035., 3036., 3032., 3033.,  31472., 2321802, 20250509141500)
 (3032., 3033., 3022., 3026., 124355., 2334596, 20250509143000)
 (3026., 3026., 3018., 3019.,  82179., 2345029, 20250509144500)
 (3018., 3026., 3016., 3022., 136717., 2344321, 20250509150000)]
2025-05-12 15:30:00  INFO  [(3023., 3028., 3014., 3019., 134833., 2364291, 20250509211500)
 (3018., 3029., 3016., 3024., 103107., 2369829, 20250509213000)
 (3024., 3028., 3023., 3024.,  46720., 2370049, 20250509214500)
 (3025., 3028., 3024., 3026.,  32913., 2365790, 20250509220000)
 (3027., 3028., 3025., 3025.,  19949., 2361682, 20250509221500)
 (3025., 3026., 3020., 3020.,  31707., 2358836, 20250509223000)
 (3020., 3023., 3019., 3020.,  31056., 2352933, 20250509224500)
 (3021., 3028., 3019., 3026.,  44498., 2340532, 20250509230000)
 (3050., 3070., 3037., 3046., 412870., 2303090, 20250512091500)
 (3046., 3050., 3043., 3046.,  91854., 2293232, 20250512093000)
 (3047., 3047., 3036., 3037.,  74744., 2292948, 20250512094500)
 (3037., 3039., 3030., 3037.,  80659., 2304080, 20250512100000)
 (3037., 3045., 3037., 3044.,  83334., 2306231, 20250512101500)
 (3044., 3060., 3044., 3057., 219713., 2265810, 20250512104500)
 (3057., 3059., 3052., 3059.,  79201., 2259128, 20250512110000)
 (3059., 3069., 3058., 3061., 169377., 2237273, 20250512111500)
 (3062., 3068., 3061., 3063.,  74706., 2233810, 20250512113000)
 (3063., 3076., 3062., 3076., 151096., 2229534, 20250512134500)
 (3075., 3079., 3071., 3074.,  90248., 2221750, 20250512140000)
 (3075., 3086., 3075., 3082., 168307., 2205776, 20250512141500)
 (3082., 3083., 3078., 3081.,  63767., 2204361, 20250512143000)
 (3082., 3085., 3077., 3078.,  75698., 2196257, 20250512144500)
 (3078., 3085., 3077., 3082.,  92891., 2180461, 20250512150000)]
2025-05-13 15:30:00  INFO  [(3105., 3115., 3092., 3112., 401947., 2166634, 20250512211500)
 (3113., 3114., 3101., 3102., 110885., 2159203, 20250512213000)
 (3103., 3105., 3097., 3099.,  96193., 2160560, 20250512214500)
 (3099., 3099., 3089., 3090.,  96339., 2159445, 20250512220000)
 (3090., 3092., 3087., 3091.,  61464., 2159811, 20250512221500)
 (3091., 3092., 3085., 3086.,  56220., 2159855, 20250512223000)
 (3086., 3089., 3085., 3088.,  53076., 2162557, 20250512224500)
 (3087., 3092., 3086., 3091.,  58515., 2154625, 20250512230000)
 (3091., 3092., 3075., 3083., 155487., 2158251, 20250513091500)
 (3083., 3088., 3082., 3085.,  40475., 2160488, 20250513093000)
 (3086., 3086., 3076., 3084.,  76233., 2161287, 20250513094500)
 (3084., 3088., 3081., 3084.,  42111., 2163632, 20250513100000)
 (3084., 3088., 3082., 3087.,  49313., 2164577, 20250513101500)
 (3087., 3088., 3083., 3085.,  40066., 2164540, 20250513104500)
 (3085., 3087., 3081., 3086.,  34008., 2163852, 20250513110000)
 (3085., 3090., 3080., 3085.,  61954., 2167354, 20250513111500)
 (3084., 3087., 3081., 3084.,  32022., 2164630, 20250513113000)
 (3083., 3085., 3071., 3075., 116600., 2159779, 20250513134500)
 (3076., 3078., 3066., 3075., 122301., 2162901, 20250513140000)
 (3075., 3080., 3072., 3076.,  46072., 2162963, 20250513141500)
 (3076., 3081., 3073., 3078.,  59385., 2163464, 20250513143000)
 (3078., 3081., 3075., 3080.,  50793., 2162578, 20250513144500)
 (3080., 3083., 3078., 3079.,  68610., 2151176, 20250513150000)]
2025-05-14 15:30:00  INFO  [(3084., 3085., 3073., 3076., 115764., 2160053, 20250513211500)
 (3077., 3077., 3067., 3071.,  83810., 2172902, 20250513213000)
 (3071., 3079., 3070., 3079.,  63386., 2175265, 20250513214500)
 (3079., 3079., 3074., 3075.,  31897., 2177486, 20250513220000)
 (3075., 3088., 3074., 3088.,  81889., 2174388, 20250513221500)
 (3088., 3095., 3086., 3092., 134384., 2170998, 20250513223000)
 (3091., 3100., 3091., 3099., 112276., 2161359, 20250513224500)
 (3100., 3107., 3096., 3102., 175330., 2144907, 20250513230000)
 (3105., 3111., 3100., 3103., 150301., 2144777, 20250514091500)
 (3103., 3109., 3103., 3108.,  52220., 2143913, 20250514093000)
 (3107., 3123., 3105., 3119., 200785., 2145246, 20250514094500)
 (3119., 3123., 3109., 3112., 121244., 2138526, 20250514100000)
 (3112., 3118., 3109., 3109.,  71734., 2131451, 20250514101500)
 (3109., 3111., 3105., 3110.,  69686., 2130114, 20250514104500)
 (3109., 3119., 3107., 3116.,  58908., 2128210, 20250514110000)
 (3115., 3120., 3115., 3118.,  57102., 2132098, 20250514111500)
 (3118., 3120., 3112., 3115.,  52240., 2125055, 20250514113000)
 (3121., 3133., 3117., 3130., 206544., 2142198, 20250514134500)
 (3130., 3132., 3124., 3124.,  73799., 2144490, 20250514140000)
 (3124., 3126., 3120., 3124.,  62213., 2136066, 20250514141500)
 (3123., 3128., 3122., 3125.,  46186., 2131527, 20250514143000)
 (3126., 3130., 3125., 3128.,  47595., 2127508, 20250514144500)
 (3128., 3129., 3125., 3127.,  65649., 2111525, 20250514150000)]
2025-05-15 15:30:00  INFO  [(3126., 3127., 3119., 3121., 120409., 2109709, 20250514211500)
 (3122., 3124., 3118., 3119.,  52295., 2108753, 20250514213000)
 (3119., 3122., 3116., 3119.,  43751., 2109161, 20250514214500)
 (3118., 3120., 3116., 3117.,  30885., 2112955, 20250514220000)
 (3117., 3120., 3117., 3117.,  23219., 2109338, 20250514221500)
 (3118., 3119., 3116., 3117.,  21043., 2107530, 20250514223000)
 (3117., 3120., 3117., 3119.,  22378., 2105145, 20250514224500)
 (3118., 3120., 3117., 3119.,  24809., 2095487, 20250514230000)
 (3117., 3118., 3111., 3117.,  91765., 2098277, 20250515091500)
 (3117., 3130., 3116., 3125., 115655., 2088446, 20250515093000)
 (3125., 3127., 3120., 3123.,  43055., 2088985, 20250515094500)
 (3122., 3124., 3117., 3119.,  38089., 2090627, 20250515100000)
 (3118., 3124., 3115., 3122.,  54284., 2088153, 20250515101500)
 (3121., 3121., 3116., 3117.,  30714., 2085934, 20250515104500)
 (3117., 3118., 3113., 3115.,  36885., 2087507, 20250515110000)
 (3115., 3117., 3111., 3115.,  46751., 2089639, 20250515111500)
 (3114., 3122., 3112., 3121.,  59640., 2090819, 20250515113000)
 (3121., 3121., 3111., 3114.,  67685., 2089521, 20250515134500)
 (3114., 3123., 3113., 3119.,  53120., 2093591, 20250515140000)
 (3119., 3121., 3115., 3116.,  39552., 2095031, 20250515141500)
 (3115., 3122., 3115., 3116.,  39939., 2096487, 20250515143000)
 (3116., 3119., 3113., 3117.,  41207., 2096123, 20250515144500)
 (3116., 3120., 3114., 3118.,  53950., 2088127, 20250515150000)]
2025-05-16 15:30:00  INFO  [(3119., 3119., 3107., 3111., 134847., 2097281, 20250515211500)
 (3111., 3114., 3107., 3109.,  47427., 2101008, 20250515213000)
 (3108., 3109., 3103., 3107.,  75053., 2103802, 20250515214500)
 (3106., 3109., 3105., 3107.,  21058., 2104689, 20250515220000)
 (3108., 3109., 3105., 3107.,  27509., 2106642, 20250515221500)
 (3108., 3109., 3106., 3107.,  20431., 2105508, 20250515223000)
 (3106., 3110., 3106., 3110.,  29534., 2099218, 20250515224500)
 (3109., 3113., 3107., 3109.,  48377., 2093521, 20250515230000)
 (3109., 3117., 3104., 3109.,  73942., 2092852, 20250516091500)
 (3109., 3113., 3108., 3111.,  34251., 2094021, 20250516093000)
 (3111., 3115., 3109., 3110.,  41968., 2091835, 20250516094500)
 (3110., 3110., 3098., 3103., 128555., 2091212, 20250516100000)
 (3102., 3103., 3094., 3102.,  85107., 2086671, 20250516101500)
 (3102., 3113., 3101., 3108.,  99166., 2086523, 20250516104500)
 (3109., 3109., 3102., 3102.,  39680., 2088142, 20250516110000)
 (3102., 3104., 3098., 3102.,  42871., 2084918, 20250516111500)
 (3102., 3105., 3092., 3094.,  69337., 2081235, 20250516113000)
 (3094., 3096., 3091., 3093.,  75491., 2085164, 20250516134500)
 (3092., 3094., 3084., 3087., 111960., 2089285, 20250516140000)
 (3086., 3090., 3083., 3090.,  69083., 2090509, 20250516141500)
 (3089., 3095., 3085., 3088.,  68865., 2085819, 20250516143000)
 (3088., 3089., 3085., 3087.,  30159., 2084493, 20250516144500)
 (3087., 3087., 3080., 3082., 111214., 2073027, 20250516150000)]
2025-05-19 15:30:00  INFO  [(3078., 3088., 3073., 3086., 127547., 2078680, 20250516211500)
 (3087., 3095., 3087., 3087.,  88092., 2075575, 20250516213000)
 (3087., 3090., 3086., 3088.,  36134., 2073186, 20250516214500)
 (3088., 3091., 3083., 3091.,  45337., 2073046, 20250516220000)
 (3091., 3092., 3082., 3083.,  40573., 2072117, 20250516221500)
 (3084., 3084., 3077., 3081.,  62485., 2076301, 20250516223000)
 (3082., 3086., 3080., 3085.,  31577., 2075893, 20250516224500)
 (3086., 3087., 3082., 3086.,  39805., 2063933, 20250516230000)
 (3086., 3092., 3076., 3078., 123827., 2068402, 20250519091500)
 (3078., 3080., 3072., 3079.,  84287., 2071232, 20250519093000)
 (3079., 3082., 3075., 3077.,  38065., 2070746, 20250519094500)
 (3077., 3079., 3074., 3074.,  32071., 2073587, 20250519100000)
 (3075., 3080., 3073., 3074.,  45241., 2074113, 20250519101500)
 (3074., 3075., 3068., 3070.,  82623., 2088102, 20250519104500)
 (3069., 3071., 3066., 3069.,  51253., 2096472, 20250519110000)
 (3068., 3071., 3062., 3065.,  59565., 2101869, 20250519111500)
 (3066., 3069., 3063., 3064.,  35607., 2105121, 20250519113000)
 (3065., 3071., 3063., 3070.,  38978., 2108794, 20250519134500)
 (3070., 3070., 3062., 3062.,  42906., 2118916, 20250519140000)
 (3062., 3069., 3061., 3066.,  65496., 2122015, 20250519141500)
 (3065., 3067., 3061., 3062.,  31134., 2125310, 20250519143000)
 (3063., 3066., 3062., 3064.,  27402., 2125465, 20250519144500)
 (3063., 3070., 3063., 3069.,  61091., 2113045, 20250519150000)]
2025-05-20 15:30:00  INFO  [(3065., 3070., 3061., 3065., 106702., 2123421, 20250519211500)
 (3065., 3069., 3062., 3063.,  59554., 2131118, 20250519213000)
 (3063., 3064., 3058., 3060.,  61686., 2141339, 20250519214500)
 (3061., 3064., 3060., 3062.,  30770., 2142886, 20250519220000)
 (3061., 3063., 3059., 3060.,  19431., 2146582, 20250519221500)
 (3060., 3063., 3059., 3062.,  18876., 2145325, 20250519223000)
 (3062., 3063., 3058., 3060.,  32500., 2150358, 20250519224500)
 (3060., 3063., 3057., 3057.,  46145., 2145338, 20250519230000)
 (3060., 3074., 3058., 3073., 125253., 2144426, 20250520091500)
 (3072., 3076., 3068., 3073.,  81318., 2148015, 20250520093000)
 (3073., 3075., 3070., 3072.,  42988., 2145046, 20250520094500)
 (3071., 3075., 3069., 3073.,  34307., 2144670, 20250520100000)
 (3073., 3080., 3069., 3070.,  84254., 2142638, 20250520101500)
 (3070., 3070., 3063., 3066.,  65246., 2146506, 20250520104500)
 (3065., 3067., 3062., 3067.,  35216., 2151758, 20250520110000)
 (3067., 3069., 3063., 3068.,  29159., 2153846, 20250520111500)
 (3067., 3069., 3064., 3065.,  27865., 2153160, 20250520113000)
 (3066., 3070., 3065., 3065.,  44388., 2156875, 20250520134500)
 (3065., 3066., 3060., 3060.,  55070., 2164500, 20250520140000)
 (3060., 3063., 3059., 3060.,  41213., 2168729, 20250520141500)
 (3059., 3060., 3050., 3056., 121377., 2182015, 20250520143000)
 (3055., 3060., 3054., 3056.,  64825., 2173151, 20250520144500)
 (3056., 3060., 3054., 3058.,  57202., 2160329, 20250520150000)]
2025-05-21 15:30:00  INFO  [(3062., 3063., 3056., 3058., 68037., 2163257, 20250520211500)
 (3059., 3060., 3054., 3056., 32765., 2164108, 20250520213000)
 (3056., 3060., 3055., 3059., 23819., 2164036, 20250520214500)
 (3059., 3061., 3058., 3059., 28146., 2166199, 20250520220000)
 (3060., 3068., 3059., 3067., 75654., 2159768, 20250520221500)
 (3067., 3067., 3064., 3065., 25860., 2159032, 20250520223000)
 (3066., 3067., 3062., 3063., 26744., 2162738, 20250520224500)
 (3064., 3064., 3060., 3061., 26665., 2159692, 20250520230000)
 (3063., 3065., 3053., 3059., 75021., 2165793, 20250521091500)
 (3059., 3060., 3057., 3057., 16215., 2166834, 20250521093000)
 (3057., 3062., 3057., 3062., 32894., 2170479, 20250521094500)
 (3062., 3067., 3060., 3061., 62505., 2167841, 20250521100000)
 (3062., 3070., 3059., 3068., 53417., 2170802, 20250521101500)
 (3069., 3074., 3067., 3069., 85540., 2172121, 20250521104500)
 (3070., 3071., 3064., 3066., 34460., 2169280, 20250521110000)
 (3065., 3067., 3060., 3063., 45808., 2168736, 20250521111500)
 (3062., 3064., 3055., 3056., 57803., 2171579, 20250521113000)
 (3056., 3060., 3055., 3059., 57652., 2175595, 20250521134500)
 (3058., 3062., 3057., 3060., 26673., 2177420, 20250521140000)
 (3060., 3062., 3058., 3061., 25476., 2179441, 20250521141500)
 (3062., 3063., 3057., 3058., 27055., 2179573, 20250521143000)
 (3059., 3066., 3058., 3065., 63526., 2175698, 20250521144500)
 (3065., 3065., 3060., 3061., 51542., 2169396, 20250521150000)]
2025-05-22 15:30:00  INFO  [(3062., 3067., 3058., 3063.,  67774., 2174577, 20250521211500)
 (3063., 3066., 3062., 3064.,  32169., 2176367, 20250521213000)
 (3063., 3067., 3062., 3067.,  28611., 2180077, 20250521214500)
 (3067., 3069., 3065., 3069.,  35714., 2179663, 20250521220000)
 (3069., 3073., 3067., 3067.,  67272., 2179723, 20250521221500)
 (3067., 3070., 3067., 3069.,  21925., 2178821, 20250521223000)
 (3070., 3070., 3067., 3070.,  16321., 2175933, 20250521224500)
 (3070., 3070., 3065., 3067.,  34417., 2168023, 20250521230000)
 (3065., 3066., 3057., 3059.,  96802., 2178347, 20250522091500)
 (3058., 3061., 3057., 3058.,  28717., 2181171, 20250522093000)
 (3059., 3060., 3057., 3060.,  31983., 2183529, 20250522094500)
 (3059., 3064., 3059., 3062.,  29409., 2182168, 20250522100000)
 (3062., 3064., 3062., 3062.,  22185., 2182644, 20250522101500)
 (3063., 3076., 3062., 3071., 151856., 2181134, 20250522104500)
 (3071., 3072., 3067., 3069.,  37372., 2179692, 20250522110000)
 (3068., 3071., 3067., 3068.,  26271., 2178101, 20250522111500)
 (3068., 3071., 3059., 3060.,  81569., 2164859, 20250522113000)
 (3059., 3062., 3045., 3048., 217262., 2203664, 20250522134500)
 (3048., 3051., 3044., 3046., 116680., 2227631, 20250522140000)
 (3046., 3050., 3043., 3049.,  63468., 2232818, 20250522141500)
 (3049., 3053., 3048., 3051.,  57209., 2227032, 20250522143000)
 (3051., 3055., 3051., 3052.,  56477., 2213734, 20250522144500)
 (3051., 3063., 3051., 3061., 140163., 2174638, 20250522150000)]
2025-05-23 15:30:00  INFO  [(3060., 3066., 3056., 3064., 116206., 2175609, 20250522211500)
 (3063., 3065., 3059., 3059.,  37185., 2177405, 20250522213000)
 (3059., 3061., 3056., 3057.,  43341., 2177147, 20250522214500)
 (3058., 3059., 3055., 3055.,  27860., 2178821, 20250522220000)
 (3055., 3058., 3054., 3058.,  27137., 2181764, 20250522221500)
 (3058., 3061., 3057., 3061.,  24076., 2182231, 20250522223000)
 (3061., 3061., 3058., 3060.,  17645., 2178701, 20250522224500)
 (3060., 3062., 3059., 3059.,  34399., 2165978, 20250522230000)
 (3061., 3061., 3054., 3057.,  52338., 2168014, 20250523091500)
 (3058., 3061., 3054., 3061.,  36377., 2168615, 20250523093000)
 (3061., 3061., 3055., 3056.,  26440., 2170627, 20250523094500)
 (3057., 3058., 3052., 3054.,  35734., 2173486, 20250523100000)
 (3054., 3069., 3054., 3061., 135939., 2168502, 20250523101500)
 (3061., 3063., 3058., 3058.,  50986., 2168185, 20250523104500)
 (3058., 3060., 3054., 3056.,  47893., 2165758, 20250523110000)
 (3056., 3058., 3054., 3056.,  37931., 2165966, 20250523111500)
 (3055., 3057., 3046., 3048., 111107., 2179534, 20250523113000)
 (3048., 3052., 3045., 3050.,  58112., 2184057, 20250523134500)
 (3050., 3055., 3049., 3054.,  35082., 2181080, 20250523140000)
 (3054., 3054., 3045., 3046.,  77410., 2173304, 20250523141500)
 (3046., 3050., 3044., 3046.,  56622., 2175536, 20250523143000)
 (3046., 3052., 3045., 3048.,  38904., 2173516, 20250523144500)
 (3047., 3048., 3044., 3046.,  79903., 2158221, 20250523150000)]
2025-05-26 15:30:00  INFO  [(3040., 3043., 3035., 3038., 144888., 2178114, 20250523211500)
 (3038., 3044., 3037., 3042.,  54535., 2180060, 20250523213000)
 (3042., 3045., 3040., 3041.,  28758., 2181322, 20250523214500)
 (3040., 3041., 3035., 3039.,  56406., 2195635, 20250523220000)
 (3039., 3041., 3037., 3039.,  31742., 2197284, 20250523221500)
 (3039., 3040., 3037., 3039.,  11127., 2198160, 20250523223000)
 (3039., 3043., 3038., 3040.,  33678., 2196295, 20250523224500)
 (3040., 3041., 3035., 3035.,  53344., 2194234, 20250523230000)
 (3035., 3036., 3019., 3021., 241327., 2241197, 20250526091500)
 (3020., 3024., 3015., 3017., 106314., 2262760, 20250526093000)
 (3016., 3022., 3016., 3022.,  62590., 2274283, 20250526094500)
 (3022., 3023., 3015., 3016.,  69477., 2286969, 20250526100000)
 (3016., 3016., 3008., 3010., 153997., 2309889, 20250526101500)
 (3010., 3010., 3004., 3005.,  93338., 2327390, 20250526104500)
 (3004., 3004., 2996., 3001., 187977., 2362486, 20250526110000)
 (3001., 3010., 3000., 3010., 101449., 2366231, 20250526111500)
 (3011., 3014., 3002., 3007., 122269., 2366552, 20250526113000)
 (3008., 3009., 3003., 3004.,  49181., 2367354, 20250526134500)
 (3005., 3008., 3003., 3006.,  33007., 2367128, 20250526140000)
 (3006., 3010., 3005., 3007.,  47496., 2362611, 20250526141500)
 (3007., 3007., 3004., 3006.,  27349., 2359131, 20250526143000)
 (3006., 3010., 3005., 3005.,  39066., 2353857, 20250526144500)
 (3005., 3006., 3001., 3004.,  80414., 2349145, 20250526150000)]
2025-05-27 15:30:00  INFO  [(3010., 3018., 3006., 3011., 195448., 2327918, 20250526211500)
 (3011., 3013., 3008., 3009.,  45878., 2331976, 20250526213000)
 (3009., 3010., 3006., 3007.,  39263., 2329850, 20250526214500)
 (3007., 3011., 3006., 3010.,  45003., 2327742, 20250526220000)
 (3009., 3010., 3007., 3008.,  20543., 2326856, 20250526221500)
 (3007., 3010., 3007., 3009.,  11091., 2324540, 20250526223000)
 (3009., 3009., 3006., 3007.,  20846., 2323712, 20250526224500)
 (3007., 3010., 3006., 3009.,  32589., 2318493, 20250526230000)
 (3008., 3008., 2989., 2991., 212062., 2345499, 20250527091500)
 (2992., 2992., 2985., 2986., 114488., 2357562, 20250527093000)
 (2986., 2992., 2986., 2988.,  63141., 2362259, 20250527094500)
 (2988., 2990., 2985., 2988.,  40478., 2368820, 20250527100000)
 (2988., 2988., 2970., 2978., 190476., 2384989, 20250527101500)
 (2978., 2987., 2973., 2976., 123274., 2398965, 20250527104500)
 (2977., 2983., 2974., 2980.,  48478., 2404618, 20250527110000)
 (2980., 2980., 2975., 2978.,  42067., 2407592, 20250527111500)
 (2978., 2979., 2969., 2976.,  94535., 2414200, 20250527113000)
 (2977., 2977., 2966., 2966., 100958., 2422552, 20250527134500)
 (2966., 2978., 2964., 2975., 125834., 2426758, 20250527140000)
 (2975., 2985., 2972., 2984., 100875., 2417504, 20250527141500)
 (2984., 2987., 2981., 2981., 101667., 2413793, 20250527143000)
 (2981., 2982., 2972., 2973.,  72187., 2416664, 20250527144500)
 (2973., 2981., 2970., 2980.,  94574., 2399979, 20250527150000)]
2025-05-28 15:30:00  INFO  [(2981., 2982., 2974., 2976., 126574., 2414185, 20250527211500)
 (2977., 2977., 2972., 2973.,  35054., 2420004, 20250527213000)
 (2973., 2977., 2971., 2974.,  35769., 2424795, 20250527214500)
 (2974., 2977., 2972., 2974.,  26591., 2428032, 20250527220000)
 (2973., 2976., 2973., 2975.,  13229., 2431150, 20250527221500)
 (2976., 2977., 2974., 2976.,  12713., 2432125, 20250527223000)
 (2975., 2977., 2971., 2973.,  30903., 2432285, 20250527224500)
 (2973., 2973., 2968., 2970.,  53621., 2432529, 20250527230000)
 (2972., 2974., 2961., 2970., 122377., 2434410, 20250528091500)
 (2970., 2976., 2969., 2976.,  59153., 2433908, 20250528093000)
 (2976., 2976., 2965., 2966.,  62264., 2442249, 20250528094500)
 (2965., 2969., 2964., 2968.,  42090., 2443255, 20250528100000)
 (2968., 2968., 2957., 2959.,  93039., 2449106, 20250528101500)
 (2958., 2961., 2955., 2959.,  75544., 2459814, 20250528104500)
 (2960., 2963., 2958., 2959.,  32974., 2463034, 20250528110000)
 (2958., 2965., 2957., 2964.,  45177., 2461635, 20250528111500)
 (2964., 2966., 2953., 2954.,  68244., 2458565, 20250528113000)
 (2956., 2958., 2950., 2954., 100327., 2465748, 20250528134500)
 (2954., 2956., 2951., 2956.,  41552., 2466302, 20250528140000)
 (2955., 2957., 2951., 2954.,  47623., 2467922, 20250528141500)
 (2954., 2960., 2952., 2959.,  60569., 2464062, 20250528143000)
 (2958., 2965., 2957., 2959.,  81229., 2457540, 20250528144500)
 (2958., 2964., 2958., 2964.,  67335., 2441388, 20250528150000)]
2025-05-29 15:30:00  INFO  [(2960., 2965., 2959., 2963.,  92448., 2443420, 20250528211500)
 (2962., 2971., 2962., 2965.,  94034., 2450033, 20250528213000)
 (2964., 2965., 2961., 2962.,  39838., 2448617, 20250528214500)
 (2962., 2963., 2958., 2958.,  44801., 2444635, 20250528220000)
 (2959., 2962., 2957., 2961.,  40930., 2442927, 20250528221500)
 (2961., 2962., 2957., 2959.,  32205., 2441081, 20250528223000)
 (2959., 2960., 2955., 2955.,  32067., 2440738, 20250528224500)
 (2955., 2960., 2954., 2957.,  57028., 2429561, 20250528230000)
 (2969., 2976., 2965., 2967., 211628., 2431332, 20250529091500)
 (2967., 2970., 2958., 2959.,  79704., 2435458, 20250529093000)
 (2960., 2968., 2957., 2968.,  73399., 2433686, 20250529094500)
 (2968., 2974., 2966., 2974.,  92237., 2437262, 20250529100000)
 (2974., 2979., 2967., 2972., 119478., 2423431, 20250529101500)
 (2973., 2978., 2968., 2978.,  56830., 2423494, 20250529104500)
 (2978., 2978., 2974., 2974.,  51066., 2425180, 20250529110000)
 (2975., 2975., 2969., 2972.,  48670., 2421184, 20250529111500)
 (2972., 2974., 2962., 2963., 110016., 2400030, 20250529113000)
 (2962., 2983., 2962., 2976., 179350., 2401203, 20250529134500)
 (2977., 2990., 2974., 2989., 154300., 2393702, 20250529140000)
 (2988., 2989., 2979., 2986.,  83228., 2387755, 20250529141500)
 (2985., 2990., 2983., 2988., 104247., 2389701, 20250529143000)
 (2988., 2989., 2981., 2981.,  58890., 2387275, 20250529144500)
 (2981., 2982., 2977., 2978.,  88662., 2377320, 20250529150000)]
2025-05-30 15:30:00  INFO  [(2978., 2978., 2970., 2973., 127426., 2377838, 20250529211500)
 (2973., 2977., 2971., 2972.,  45604., 2379557, 20250529213000)
 (2972., 2972., 2968., 2971.,  66119., 2377366, 20250529214500)
 (2970., 2973., 2966., 2968.,  50853., 2376379, 20250529220000)
 (2967., 2971., 2967., 2970.,  37172., 2376672, 20250529221500)
 (2970., 2972., 2968., 2971.,  17959., 2376634, 20250529223000)
 (2971., 2972., 2968., 2971.,  22224., 2374573, 20250529224500)
 (2971., 2974., 2970., 2973.,  37689., 2368029, 20250529230000)
 (2972., 2972., 2960., 2962., 148285., 2378599, 20250530091500)
 (2963., 2965., 2954., 2956., 105155., 2385113, 20250530093000)
 (2956., 2959., 2951., 2954.,  74781., 2389818, 20250530094500)
 (2954., 2959., 2952., 2955.,  53356., 2387184, 20250530100000)
 (2955., 2959., 2952., 2956.,  40343., 2387374, 20250530101500)
 (2956., 2957., 2946., 2955., 102344., 2390885, 20250530104500)
 (2955., 2967., 2955., 2961., 123114., 2385146, 20250530110000)
 (2961., 2973., 2961., 2969., 104628., 2375547, 20250530111500)
 (2968., 2970., 2958., 2964.,  84979., 2362369, 20250530113000)
 (2964., 2971., 2960., 2970.,  58818., 2358017, 20250530134500)
 (2971., 2971., 2964., 2964.,  47954., 2347124, 20250530140000)
 (2965., 2970., 2963., 2968.,  31215., 2343112, 20250530141500)
 (2967., 2968., 2961., 2963.,  41604., 2339727, 20250530143000)
 (2963., 2967., 2962., 2964.,  33637., 2332852, 20250530144500)
 (2964., 2966., 2960., 2961.,  94163., 2296076, 20250530150000)]
2025-06-03 15:30:00  INFO  [(2961., 2973., 2961., 2969., 104628., 2375547, 20250530111500)
 (2968., 2970., 2958., 2964.,  84979., 2362369, 20250530113000)
 (2964., 2971., 2960., 2970.,  58818., 2358017, 20250530134500)
 (2971., 2971., 2964., 2964.,  47954., 2347124, 20250530140000)
 (2965., 2970., 2963., 2968.,  31215., 2343112, 20250530141500)
 (2967., 2968., 2961., 2963.,  41604., 2339727, 20250530143000)
 (2963., 2967., 2962., 2964.,  33637., 2332852, 20250530144500)
 (2964., 2966., 2960., 2961.,  94163., 2296076, 20250530150000)
 (2948., 2948., 2918., 2920., 372466., 2334030, 20250603091500)
 (2921., 2925., 2918., 2924., 128913., 2352090, 20250603093000)
 (2923., 2935., 2922., 2926., 159450., 2334356, 20250603094500)
 (2926., 2931., 2925., 2930.,  59979., 2337041, 20250603100000)
 (2929., 2935., 2923., 2925.,  67961., 2336025, 20250603101500)
 (2925., 2925., 2912., 2923., 147638., 2357370, 20250603104500)
 (2923., 2930., 2919., 2930.,  91903., 2348134, 20250603110000)
 (2929., 2940., 2928., 2933., 138433., 2337304, 20250603111500)
 (2933., 2940., 2932., 2937.,  79210., 2329942, 20250603113000)
 (2933., 2935., 2930., 2932.,  75245., 2325937, 20250603134500)
 (2931., 2935., 2928., 2931.,  42395., 2326391, 20250603140000)
 (2930., 2933., 2926., 2927.,  36302., 2324683, 20250603141500)
 (2928., 2928., 2924., 2926.,  46399., 2316196, 20250603143000)
 (2925., 2931., 2925., 2930.,  42782., 2313334, 20250603144500)
 (2931., 2932., 2927., 2928.,  64587., 2297854, 20250603150000)]
2025-06-04 15:30:00  INFO  [(2930., 2934., 2927., 2927.,  93841., 2306088, 20250603211500)
 (2927., 2942., 2925., 2940., 117911., 2318237, 20250603213000)
 (2939., 2941., 2937., 2939.,  56461., 2322916, 20250603214500)
 (2938., 2947., 2937., 2947.,  80397., 2324614, 20250603220000)
 (2947., 2950., 2942., 2945.,  68338., 2323789, 20250603221500)
 (2944., 2949., 2943., 2945.,  36863., 2328013, 20250603223000)
 (2945., 2948., 2943., 2947.,  27038., 2329566, 20250603224500)
 (2948., 2949., 2945., 2946.,  38378., 2326233, 20250603230000)
 (2948., 2949., 2937., 2943., 119364., 2324863, 20250604091500)
 (2943., 2945., 2938., 2938.,  46140., 2320792, 20250604093000)
 (2938., 2944., 2938., 2943.,  41274., 2323923, 20250604094500)
 (2944., 2946., 2942., 2945.,  43415., 2327982, 20250604100000)
 (2946., 2954., 2944., 2951.,  91594., 2334105, 20250604101500)
 (2952., 2952., 2941., 2944.,  64615., 2330897, 20250604104500)
 (2943., 2944., 2938., 2943.,  70705., 2334440, 20250604110000)
 (2943., 2943., 2940., 2943.,  24872., 2334856, 20250604111500)
 (2943., 2950., 2941., 2946.,  71074., 2342223, 20250604113000)
 (2946., 2950., 2941., 2948.,  66762., 2343690, 20250604134500)
 (2948., 2953., 2947., 2952.,  45235., 2348338, 20250604140000)
 (2952., 2972., 2952., 2971., 285237., 2320108, 20250604141500)
 (2971., 2988., 2970., 2979., 353000., 2296926, 20250604143000)
 (2978., 2983., 2976., 2982., 108451., 2294294, 20250604144500)
 (2982., 2984., 2970., 2974., 115139., 2280391, 20250604150000)]
2025-06-05 15:30:00  INFO  [(2974., 2979., 2971., 2973., 161398., 2285973, 20250604211500)
 (2973., 2974., 2968., 2970.,  71060., 2290712, 20250604213000)
 (2969., 2973., 2969., 2971.,  45665., 2288322, 20250604214500)
 (2972., 2973., 2970., 2972.,  25015., 2288714, 20250604220000)
 (2971., 2973., 2969., 2973.,  31529., 2287064, 20250604221500)
 (2972., 2976., 2972., 2973.,  30599., 2287294, 20250604223000)
 (2974., 2975., 2966., 2966.,  37509., 2287499, 20250604224500)
 (2967., 2969., 2966., 2967.,  35422., 2282941, 20250604230000)
 (2966., 2968., 2961., 2968.,  96416., 2278468, 20250605091500)
 (2968., 2968., 2963., 2966.,  37693., 2281978, 20250605093000)
 (2966., 2968., 2960., 2966.,  54986., 2283425, 20250605094500)
 (2966., 2967., 2960., 2961.,  30694., 2280959, 20250605100000)
 (2961., 2963., 2957., 2961.,  50859., 2280379, 20250605101500)
 (2961., 2961., 2953., 2953.,  63220., 2279041, 20250605104500)
 (2953., 2957., 2953., 2953.,  44109., 2276194, 20250605110000)
 (2953., 2958., 2951., 2954.,  51377., 2279673, 20250605111500)
 (2953., 2955., 2940., 2941., 135181., 2280262, 20250605113000)
 (2941., 2947., 2935., 2947., 135948., 2279983, 20250605134500)
 (2947., 2947., 2942., 2944.,  48012., 2278367, 20250605140000)
 (2944., 2948., 2942., 2945.,  45980., 2280376, 20250605141500)
 (2946., 2952., 2942., 2951.,  54699., 2278351, 20250605143000)
 (2951., 2957., 2949., 2953.,  88812., 2272658, 20250605144500)
 (2954., 2961., 2952., 2959., 110785., 2257013, 20250605150000)]
2025-06-06 15:30:00  INFO  [(2969., 2975., 2963., 2972., 175060., 2255172, 20250605211500)
 (2972., 2984., 2971., 2980., 151960., 2255087, 20250605213000)
 (2981., 2983., 2976., 2976., 110689., 2252037, 20250605214500)
 (2976., 2978., 2972., 2973.,  62920., 2251921, 20250605220000)
 (2973., 2978., 2972., 2974.,  35203., 2253293, 20250605221500)
 (2974., 2977., 2974., 2977.,  15722., 2253543, 20250605223000)
 (2977., 2979., 2975., 2976.,  34380., 2255315, 20250605224500)
 (2975., 2998., 2975., 2992., 224326., 2240406, 20250605230000)
 (2990., 3002., 2988., 2991., 194156., 2250721, 20250606091500)
 (2991., 2996., 2990., 2991.,  74439., 2251548, 20250606093000)
 (2991., 2995., 2989., 2995.,  72750., 2246892, 20250606094500)
 (2995., 2995., 2981., 2982.,  91314., 2244986, 20250606100000)
 (2982., 2986., 2977., 2985.,  80364., 2244380, 20250606101500)
 (2985., 2990., 2982., 2989.,  58059., 2245976, 20250606104500)
 (2989., 2995., 2987., 2990.,  60813., 2244323, 20250606110000)
 (2990., 2994., 2984., 2984.,  44812., 2240969, 20250606111500)
 (2985., 2989., 2979., 2981.,  58827., 2240640, 20250606113000)
 (2980., 2983., 2974., 2979.,  78455., 2234192, 20250606134500)
 (2979., 2985., 2977., 2984.,  44641., 2232482, 20250606140000)
 (2985., 2985., 2978., 2979.,  43293., 2231512, 20250606141500)
 (2979., 2981., 2974., 2975.,  40115., 2230702, 20250606143000)
 (2976., 2978., 2975., 2977.,  27795., 2228695, 20250606144500)
 (2977., 2979., 2974., 2975.,  65255., 2216449, 20250606150000)]
2025-06-09 15:30:00  INFO  [(2975., 2978., 2966., 2975., 121092., 2218570, 20250606211500)
 (2976., 2983., 2972., 2982.,  64913., 2217946, 20250606213000)
 (2982., 2985., 2981., 2981.,  61936., 2216852, 20250606214500)
 (2982., 2983., 2978., 2981.,  31456., 2220155, 20250606220000)
 (2982., 2982., 2974., 2975.,  45434., 2221472, 20250606221500)
 (2974., 2975., 2966., 2967.,  95559., 2213829, 20250606223000)
 (2967., 2969., 2962., 2967.,  68058., 2217869, 20250606224500)
 (2967., 2968., 2962., 2965.,  55184., 2207480, 20250606230000)
 (2970., 2978., 2965., 2971., 131386., 2215192, 20250609091500)
 (2971., 2974., 2967., 2971.,  40747., 2214595, 20250609093000)
 (2971., 2975., 2968., 2973.,  41557., 2214536, 20250609094500)
 (2972., 2974., 2970., 2972.,  25433., 2216995, 20250609100000)
 (2973., 2987., 2972., 2984., 126390., 2224487, 20250609101500)
 (2984., 2988., 2980., 2981.,  63527., 2222803, 20250609104500)
 (2982., 2986., 2977., 2984.,  49418., 2223563, 20250609110000)
 (2985., 2988., 2982., 2985.,  42469., 2222829, 20250609111500)
 (2985., 2986., 2979., 2982.,  45641., 2218763, 20250609113000)
 (2981., 2984., 2978., 2984.,  40884., 2216652, 20250609134500)
 (2984., 2990., 2983., 2988.,  66444., 2221561, 20250609140000)
 (2989., 2990., 2983., 2984.,  37040., 2218125, 20250609141500)
 (2984., 2984., 2975., 2979.,  78078., 2214445, 20250609143000)
 (2979., 2980., 2974., 2979.,  46865., 2206642, 20250609144500)
 (2979., 2984., 2978., 2981.,  53851., 2196722, 20250609150000)]
2025-06-10 15:30:00  INFO  [(2983., 2988., 2968., 2969., 134234., 2201899, 20250609211500)
 (2969., 2973., 2968., 2968.,  48868., 2202801, 20250609213000)
 (2969., 2969., 2964., 2966.,  72587., 2201957, 20250609214500)
 (2966., 2968., 2965., 2966.,  28350., 2201230, 20250609220000)
 (2966., 2970., 2965., 2969.,  34367., 2197764, 20250609221500)
 (2970., 2971., 2967., 2969.,  24773., 2198081, 20250609223000)
 (2969., 2969., 2961., 2966.,  49917., 2197170, 20250609224500)
 (2966., 2969., 2964., 2967.,  28119., 2191315, 20250609230000)
 (2966., 2969., 2957., 2966., 122552., 2189762, 20250610091500)
 (2965., 2969., 2963., 2966.,  45865., 2192662, 20250610093000)
 (2966., 2971., 2965., 2970.,  36396., 2192578, 20250610094500)
 (2969., 2978., 2967., 2975.,  74379., 2187296, 20250610100000)
 (2975., 2981., 2973., 2979.,  77072., 2180749, 20250610101500)
 (2979., 2981., 2976., 2977.,  44296., 2181523, 20250610104500)
 (2978., 2985., 2974., 2982.,  72185., 2183553, 20250610110000)
 (2982., 2984., 2980., 2982.,  45092., 2187086, 20250610111500)
 (2981., 2982., 2978., 2980.,  35229., 2187261, 20250610113000)
 (2972., 2980., 2959., 2979., 227866., 2166317, 20250610134500)
 (2980., 2982., 2971., 2974.,  87719., 2169809, 20250610140000)
 (2975., 2981., 2974., 2977.,  48989., 2175821, 20250610141500)
 (2977., 2979., 2973., 2977.,  31141., 2175924, 20250610143000)
 (2978., 2979., 2971., 2972.,  41898., 2174716, 20250610144500)
 (2972., 2977., 2972., 2974.,  44469., 2165234, 20250610150000)]
2025-06-11 15:30:00  INFO  [(2974., 2986., 2974., 2980., 138999., 2169611, 20250610211500)
 (2981., 2981., 2977., 2978.,  43787., 2172033, 20250610213000)
 (2978., 2979., 2976., 2978.,  23384., 2173835, 20250610214500)
 (2979., 2983., 2977., 2981.,  36978., 2172908, 20250610220000)
 (2981., 2984., 2979., 2983.,  25669., 2172651, 20250610221500)
 (2984., 2984., 2978., 2981.,  25525., 2168691, 20250610223000)
 (2981., 2986., 2980., 2985.,  46110., 2170313, 20250610224500)
 (2985., 2986., 2982., 2985.,  40529., 2163865, 20250610230000)
 (2983., 2995., 2977., 2989., 165170., 2180152, 20250611091500)
 (2989., 2990., 2983., 2985.,  60472., 2184419, 20250611093000)
 (2985., 2991., 2983., 2989.,  43772., 2184741, 20250611094500)
 (2989., 2996., 2988., 2995.,  79399., 2191665, 20250611100000)
 (2995., 2996., 2989., 2989.,  54820., 2187425, 20250611101500)
 (2990., 2991., 2983., 2987.,  69373., 2182686, 20250611104500)
 (2986., 2987., 2981., 2984.,  40910., 2179769, 20250611110000)
 (2984., 2985., 2980., 2985.,  43761., 2178188, 20250611111500)
 (2985., 2992., 2982., 2992.,  55967., 2172723, 20250611113000)
 (2991., 2994., 2989., 2992.,  70336., 2170601, 20250611134500)
 (2992., 2995., 2990., 2992.,  49723., 2177389, 20250611140000)
 (2992., 3008., 2992., 3006., 187219., 2190830, 20250611141500)
 (3006., 3007., 2996., 2997.,  85523., 2187680, 20250611143000)
 (2996., 2998., 2993., 2994.,  53631., 2181122, 20250611144500)
 (2993., 2997., 2990., 2991.,  73798., 2164232, 20250611150000)]
2025-06-12 15:30:00  INFO  [(2994., 2994., 2985., 2988., 126660., 2151133, 20250611211500)
 (2988., 2988., 2981., 2981.,  90566., 2157894, 20250611213000)
 (2982., 2982., 2978., 2980.,  74447., 2166632, 20250611214500)
 (2981., 2983., 2979., 2979.,  38055., 2174182, 20250611220000)
 (2979., 2980., 2976., 2978.,  50787., 2176827, 20250611221500)
 (2978., 2978., 2975., 2975.,  33734., 2178461, 20250611223000)
 (2975., 2976., 2971., 2975.,  60027., 2179112, 20250611224500)
 (2975., 2977., 2974., 2975.,  38419., 2171995, 20250611230000)
 (2976., 2981., 2976., 2977.,  62044., 2175165, 20250612091500)
 (2978., 2980., 2975., 2979.,  25974., 2178674, 20250612093000)
 (2980., 2981., 2977., 2979.,  24010., 2179651, 20250612094500)
 (2979., 2982., 2974., 2975.,  47138., 2182311, 20250612100000)
 (2975., 2984., 2974., 2979.,  56045., 2180534, 20250612101500)
 (2979., 2982., 2976., 2977.,  36120., 2185730, 20250612104500)
 (2977., 2977., 2974., 2976.,  43272., 2186265, 20250612110000)
 (2976., 2977., 2967., 2969., 103491., 2199000, 20250612111500)
 (2970., 2971., 2965., 2965.,  80843., 2211086, 20250612113000)
 (2966., 2973., 2963., 2967.,  89488., 2223953, 20250612134500)
 (2968., 2977., 2967., 2973.,  53390., 2222863, 20250612140000)
 (2973., 2974., 2968., 2969.,  31353., 2226017, 20250612141500)
 (2969., 2972., 2966., 2966.,  33011., 2224725, 20250612143000)
 (2966., 2968., 2964., 2965.,  46788., 2228753, 20250612144500)
 (2964., 2970., 2963., 2968.,  66991., 2220025, 20250612150000)]
2025-06-13 15:30:00  INFO  [(2970., 2970., 2955., 2959., 171116., 2237304, 20250612211500)
 (2959., 2960., 2953., 2954.,  90955., 2245651, 20250612213000)
 (2954., 2956., 2949., 2952.,  94813., 2253086, 20250612214500)
 (2952., 2953., 2946., 2950.,  71815., 2256350, 20250612220000)
 (2949., 2950., 2942., 2943.,  73268., 2255983, 20250612221500)
 (2944., 2952., 2942., 2948.,  65479., 2256166, 20250612223000)
 (2948., 2949., 2946., 2947.,  33940., 2258096, 20250612224500)
 (2947., 2952., 2946., 2951.,  55844., 2247988, 20250612230000)
 (2950., 2957., 2944., 2955., 154606., 2243419, 20250613091500)
 (2954., 2955., 2943., 2944.,  92627., 2252691, 20250613093000)
 (2943., 2948., 2940., 2947.,  65592., 2252829, 20250613094500)
 (2947., 2952., 2944., 2949.,  46933., 2250289, 20250613100000)
 (2949., 2956., 2945., 2955.,  71547., 2244389, 20250613101500)
 (2954., 2974., 2954., 2973., 237394., 2205823, 20250613104500)
 (2972., 2980., 2968., 2980., 154511., 2190347, 20250613110000)
 (2979., 2985., 2970., 2972., 189563., 2176103, 20250613111500)
 (2972., 2977., 2966., 2973., 101360., 2167221, 20250613113000)
 (2972., 2973., 2966., 2968.,  74845., 2153732, 20250613134500)
 (2968., 2972., 2966., 2972.,  37142., 2152051, 20250613140000)
 (2972., 2982., 2972., 2976., 112094., 2158533, 20250613141500)
 (2977., 2978., 2974., 2978.,  38705., 2158919, 20250613143000)
 (2977., 2978., 2970., 2971.,  50349., 2152487, 20250613144500)
 (2971., 2971., 2966., 2969.,  84046., 2135661, 20250613150000)]
2025-06-16 15:30:00  INFO  [(2961., 2967., 2952., 2953., 155158., 2139594, 20250613211500)
 (2953., 2961., 2951., 2960.,  86792., 2135433, 20250613213000)
 (2961., 2962., 2957., 2958.,  49146., 2137727, 20250613214500)
 (2957., 2963., 2957., 2962.,  35697., 2137106, 20250613220000)
 (2961., 2969., 2960., 2966.,  56089., 2131032, 20250613221500)
 (2967., 2976., 2964., 2975.,  81467., 2122278, 20250613223000)
 (2974., 2981., 2974., 2975., 110423., 2120341, 20250613224500)
 (2975., 2981., 2973., 2980.,  90173., 2106980, 20250613230000)
 (2980., 2981., 2971., 2978., 124269., 2115173, 20250616091500)
 (2979., 2979., 2974., 2975.,  38921., 2120365, 20250616093000)
 (2975., 2985., 2975., 2982.,  78836., 2125323, 20250616094500)
 (2983., 2985., 2979., 2985.,  43676., 2126443, 20250616100000)
 (2985., 2990., 2980., 2983., 114095., 2130486, 20250616101500)
 (2984., 2988., 2982., 2984.,  41527., 2132046, 20250616104500)
 (2985., 2988., 2983., 2985.,  33419., 2137316, 20250616110000)
 (2986., 2989., 2982., 2986.,  42429., 2140867, 20250616111500)
 (2986., 2990., 2986., 2988.,  49222., 2143878, 20250616113000)
 (2987., 2989., 2984., 2987.,  51742., 2146371, 20250616134500)
 (2987., 2993., 2986., 2991.,  60356., 2151751, 20250616140000)
 (2991., 2994., 2986., 2989.,  54203., 2157620, 20250616141500)
 (2989., 2991., 2988., 2990.,  25878., 2159724, 20250616143000)
 (2989., 2993., 2989., 2991.,  44108., 2163776, 20250616144500)
 (2991., 2994., 2989., 2990.,  69796., 2164732, 20250616150000)]
2025-06-17 15:30:00  INFO  [(2986., 2994., 2984., 2992., 110795., 2167028, 20250616211500)
 (2991., 2992., 2987., 2990.,  27151., 2170958, 20250616213000)
 (2990., 2993., 2988., 2992.,  32994., 2172243, 20250616214500)
 (2992., 2993., 2983., 2983.,  65624., 2170562, 20250616220000)
 (2984., 2986., 2982., 2985.,  48427., 2169789, 20250616221500)
 (2985., 2986., 2980., 2981.,  43473., 2170142, 20250616223000)
 (2981., 2982., 2978., 2980.,  63530., 2174827, 20250616224500)
 (2980., 2984., 2979., 2981.,  46379., 2170617, 20250616230000)
 (2983., 2987., 2980., 2980.,  56253., 2172860, 20250617091500)
 (2981., 2985., 2979., 2984.,  44263., 2170355, 20250617093000)
 (2985., 2985., 2980., 2982.,  30863., 2171966, 20250617094500)
 (2983., 2986., 2980., 2982.,  39548., 2170060, 20250617100000)
 (2982., 2985., 2979., 2985.,  38742., 2168728, 20250617101500)
 (2983., 2985., 2981., 2982.,  22673., 2168168, 20250617104500)
 (2981., 2983., 2974., 2976.,  82332., 2163038, 20250617110000)
 (2976., 2981., 2974., 2978.,  46248., 2163018, 20250617111500)
 (2978., 2979., 2976., 2977.,  27991., 2162647, 20250617113000)
 (2977., 2978., 2975., 2975.,  30979., 2161332, 20250617134500)
 (2975., 2978., 2972., 2977.,  44359., 2159801, 20250617140000)
 (2976., 2978., 2975., 2977.,  18191., 2157480, 20250617141500)
 (2977., 2983., 2975., 2981.,  46222., 2154827, 20250617143000)
 (2981., 2982., 2975., 2975.,  38269., 2149758, 20250617144500)
 (2975., 2981., 2975., 2981.,  40971., 2140997, 20250617150000)]
2025-06-18 15:30:00  INFO  [(2979., 2982., 2973., 2979.,  86669., 2148460, 20250617211500)
 (2979., 2985., 2977., 2984.,  49363., 2149316, 20250617213000)
 (2984., 2984., 2980., 2981.,  31020., 2150426, 20250617214500)
 (2981., 2985., 2980., 2985.,  27700., 2147670, 20250617220000)
 (2985., 2986., 2982., 2984.,  28208., 2146627, 20250617221500)
 (2983., 2985., 2980., 2982.,  19291., 2144439, 20250617223000)
 (2982., 2985., 2978., 2985.,  38694., 2146368, 20250617224500)
 (2985., 2986., 2981., 2983.,  31018., 2141797, 20250617230000)
 (2984., 2995., 2981., 2991., 112434., 2146488, 20250618091500)
 (2991., 2996., 2990., 2991.,  72804., 2151505, 20250618093000)
 (2991., 2993., 2988., 2988.,  33489., 2154985, 20250618094500)
 (2989., 2990., 2975., 2979.,  97078., 2154746, 20250618100000)
 (2979., 2981., 2970., 2971., 115315., 2162628, 20250618101500)
 (2971., 2976., 2969., 2973.,  88156., 2168204, 20250618104500)
 (2973., 2979., 2972., 2977.,  56522., 2167195, 20250618110000)
 (2978., 2979., 2975., 2978.,  38155., 2164722, 20250618111500)
 (2977., 2987., 2977., 2986.,  84242., 2149980, 20250618113000)
 (2987., 2991., 2983., 2988., 127752., 2145168, 20250618134500)
 (2988., 2990., 2984., 2988.,  40944., 2146626, 20250618140000)
 (2987., 2989., 2986., 2987.,  26697., 2144971, 20250618141500)
 (2987., 2990., 2987., 2988.,  32501., 2147819, 20250618143000)
 (2987., 2988., 2981., 2985.,  45917., 2142169, 20250618144500)
 (2986., 2988., 2985., 2986.,  43004., 2133943, 20250618150000)]
2025-06-19 15:30:00  INFO  [(2986., 3000., 2983., 3000., 147051., 2145367, 20250618211500)
 (2999., 3002., 2992., 2995., 108628., 2155647, 20250618213000)
 (2995., 2996., 2991., 2993.,  39665., 2157793, 20250618214500)
 (2992., 2993., 2988., 2992.,  38139., 2160502, 20250618220000)
 (2992., 2993., 2985., 2986.,  47829., 2153450, 20250618221500)
 (2986., 2988., 2984., 2986.,  42648., 2149278, 20250618223000)
 (2986., 2988., 2983., 2987.,  34392., 2146825, 20250618224500)
 (2986., 2988., 2985., 2986.,  25057., 2141790, 20250618230000)
 (2988., 2988., 2981., 2985.,  58902., 2145907, 20250619091500)
 (2984., 2988., 2983., 2985.,  34994., 2150578, 20250619093000)
 (2985., 2988., 2979., 2983.,  65669., 2154205, 20250619094500)
 (2984., 2986., 2981., 2981.,  24845., 2154445, 20250619100000)
 (2981., 2985., 2980., 2982.,  28458., 2153916, 20250619101500)
 (2982., 2984., 2975., 2981.,  93815., 2152745, 20250619104500)
 (2981., 2983., 2976., 2976.,  31281., 2155220, 20250619110000)
 (2976., 2981., 2975., 2980.,  43618., 2157355, 20250619111500)
 (2980., 2981., 2975., 2976.,  33180., 2160279, 20250619113000)
 (2978., 2981., 2975., 2979.,  39680., 2159409, 20250619134500)
 (2979., 2983., 2975., 2982.,  55027., 2159227, 20250619140000)
 (2981., 2982., 2977., 2979.,  25793., 2157542, 20250619141500)
 (2980., 2985., 2979., 2983.,  51839., 2150235, 20250619143000)
 (2984., 2988., 2983., 2986.,  67285., 2145537, 20250619144500)
 (2987., 2987., 2984., 2986.,  42571., 2132733, 20250619150000)]
2025-06-20 15:30:00  INFO  [(2990., 2992., 2986., 2990., 112839., 2132528, 20250619211500)
 (2990., 2991., 2987., 2988.,  36864., 2136479, 20250619213000)
 (2988., 2991., 2987., 2987.,  31567., 2136330, 20250619214500)
 (2987., 2990., 2986., 2988.,  17645., 2136727, 20250619220000)
 (2988., 2992., 2984., 2990.,  44629., 2143788, 20250619221500)
 (2991., 2992., 2987., 2987.,  27319., 2143481, 20250619223000)
 (2987., 2990., 2986., 2988.,  23207., 2142785, 20250619224500)
 (2989., 2991., 2988., 2990.,  31518., 2139513, 20250619230000)
 (2987., 2995., 2982., 2994., 105279., 2142129, 20250620091500)
 (2994., 2996., 2991., 2994.,  71402., 2154975, 20250620093000)
 (2994., 3001., 2993., 2999.,  95051., 2172529, 20250620094500)
 (2999., 3004., 2995., 3002., 113087., 2186142, 20250620100000)
 (3003., 3010., 3002., 3004., 160311., 2192785, 20250620101500)
 (3005., 3008., 2998., 3002.,  70352., 2199647, 20250620104500)
 (3003., 3003., 2998., 3002.,  40015., 2204438, 20250620110000)
 (3002., 3002., 2995., 2998.,  45640., 2200239, 20250620111500)
 (2998., 2998., 2986., 2991., 124741., 2173829, 20250620113000)
 (2992., 2997., 2990., 2994.,  61420., 2169061, 20250620134500)
 (2994., 2995., 2991., 2991.,  26452., 2170068, 20250620140000)
 (2991., 2994., 2988., 2989.,  49143., 2173110, 20250620141500)
 (2989., 2991., 2987., 2988.,  46261., 2174182, 20250620143000)
 (2988., 2993., 2988., 2992.,  30961., 2171112, 20250620144500)
 (2991., 2993., 2990., 2992.,  48578., 2164155, 20250620150000)]
2025-06-23 15:30:00  INFO  [(2991., 2993., 2983., 2986., 106347., 2166673, 20250620211500)
 (2986., 2991., 2985., 2989.,  39279., 2165638, 20250620213000)
 (2989., 2992., 2988., 2990.,  21011., 2167489, 20250620214500)
 (2991., 2993., 2987., 2990.,  30459., 2169073, 20250620220000)
 (2990., 2992., 2989., 2991.,  17326., 2168119, 20250620221500)
 (2991., 2992., 2988., 2989.,  15626., 2167678, 20250620223000)
 (2990., 2992., 2989., 2992.,  16134., 2169195, 20250620224500)
 (2991., 2998., 2991., 2997.,  54817., 2158846, 20250620230000)
 (2998., 3006., 2995., 2997., 170729., 2173794, 20250623091500)
 (2997., 2998., 2990., 2993.,  75413., 2174340, 20250623093000)
 (2994., 2996., 2991., 2991.,  32565., 2176413, 20250623094500)
 (2991., 2992., 2987., 2989.,  59559., 2179436, 20250623100000)
 (2989., 2992., 2988., 2992.,  36602., 2175930, 20250623101500)
 (2992., 2993., 2989., 2992.,  21282., 2172970, 20250623104500)
 (2993., 2994., 2990., 2994.,  23487., 2172996, 20250623110000)
 (2993., 2995., 2991., 2992.,  19749., 2170436, 20250623111500)
 (2993., 2995., 2989., 2990.,  33418., 2169292, 20250623113000)
 (2989., 2996., 2988., 2996.,  41118., 2168721, 20250623134500)
 (2996., 2998., 2993., 2997.,  44429., 2167102, 20250623140000)
 (2998., 3000., 2994., 2996.,  42990., 2166387, 20250623141500)
 (2995., 2997., 2993., 2995.,  20576., 2165837, 20250623143000)
 (2995., 2997., 2993., 2996.,  18162., 2165219, 20250623144500)
 (2995., 2996., 2993., 2995.,  35541., 2157949, 20250623150000)]
2025-06-24 15:30:00  INFO  [(2992., 2995., 2990., 2994.,  60237., 2165159, 20250623211500)
 (2993., 2998., 2992., 2997.,  31295., 2169817, 20250623213000)
 (2997., 2998., 2995., 2995.,  17124., 2168791, 20250623214500)
 (2996., 2998., 2995., 2998.,  23250., 2167722, 20250623220000)
 (2997., 2999., 2994., 2997.,  28646., 2168931, 20250623221500)
 (2996., 2998., 2995., 2997.,  15843., 2168807, 20250623223000)
 (2997., 2998., 2996., 2997.,  12751., 2168045, 20250623224500)
 (2997., 3005., 2997., 3003.,  89301., 2161247, 20250623230000)
 (2996., 2997., 2986., 2991., 182863., 2150083, 20250624091500)
 (2991., 2992., 2988., 2991.,  60633., 2155345, 20250624093000)
 (2991., 2992., 2977., 2978., 152714., 2165796, 20250624094500)
 (2978., 2983., 2975., 2980., 106037., 2170572, 20250624100000)
 (2980., 2982., 2975., 2982.,  79809., 2179369, 20250624101500)
 (2982., 2989., 2980., 2988.,  88937., 2167783, 20250624104500)
 (2989., 2992., 2987., 2989.,  88568., 2160498, 20250624110000)
 (2988., 2991., 2988., 2989.,  41174., 2166632, 20250624111500)
 (2989., 2990., 2980., 2981.,  66339., 2163915, 20250624113000)
 (2981., 2992., 2979., 2988., 102654., 2164796, 20250624134500)
 (2988., 2990., 2984., 2986.,  36554., 2165254, 20250624140000)
 (2985., 2987., 2983., 2983.,  23957., 2165717, 20250624141500)
 (2983., 2985., 2979., 2980.,  47810., 2166872, 20250624143000)
 (2979., 2982., 2975., 2977., 106909., 2173379, 20250624144500)
 (2976., 2981., 2976., 2977.,  66892., 2168877, 20250624150000)]
2025-06-25 15:30:00  INFO  [(2976., 2980., 2967., 2969., 159867., 2180184, 20250624211500)
 (2969., 2971., 2965., 2967., 104745., 2189760, 20250624213000)
 (2967., 2969., 2965., 2965.,  60512., 2199276, 20250624214500)
 (2966., 2970., 2965., 2967.,  55741., 2207513, 20250624220000)
 (2967., 2969., 2965., 2969.,  28484., 2207653, 20250624221500)
 (2968., 2971., 2968., 2970.,  42346., 2204646, 20250624223000)
 (2970., 2971., 2966., 2967.,  27351., 2203837, 20250624224500)
 (2968., 2969., 2965., 2968.,  44875., 2201043, 20250624230000)
 (2968., 2970., 2966., 2970.,  38951., 2206771, 20250625091500)
 (2970., 2971., 2966., 2966.,  29947., 2209026, 20250625093000)
 (2966., 2971., 2966., 2966.,  35756., 2209505, 20250625094500)
 (2967., 2969., 2965., 2966.,  28935., 2212773, 20250625100000)
 (2966., 2972., 2965., 2970.,  57611., 2210154, 20250625101500)
 (2970., 2974., 2970., 2972.,  49550., 2206762, 20250625104500)
 (2972., 2975., 2971., 2972.,  27869., 2208669, 20250625110000)
 (2972., 2975., 2969., 2971.,  42572., 2211652, 20250625111500)
 (2971., 2974., 2969., 2972.,  23006., 2208252, 20250625113000)
 (2973., 2973., 2967., 2968.,  34988., 2208409, 20250625134500)
 (2967., 2969., 2960., 2968., 137617., 2209477, 20250625140000)
 (2967., 2971., 2964., 2969.,  74091., 2210996, 20250625141500)
 (2970., 2980., 2969., 2979., 131330., 2195971, 20250625143000)
 (2978., 2979., 2974., 2976.,  72676., 2184462, 20250625144500)
 (2975., 2977., 2974., 2976.,  52444., 2172600, 20250625150000)]
2025-06-26 15:30:00  INFO  [(2976., 2977., 2971., 2974.,  78945., 2180367, 20250625211500)
 (2975., 2975., 2971., 2971.,  29908., 2181228, 20250625213000)
 (2971., 2972., 2968., 2968.,  42993., 2184348, 20250625214500)
 (2969., 2969., 2965., 2966.,  56174., 2191536, 20250625220000)
 (2966., 2966., 2962., 2963.,  74696., 2209557, 20250625221500)
 (2963., 2969., 2962., 2966.,  65356., 2211842, 20250625223000)
 (2966., 2968., 2963., 2964.,  34332., 2217855, 20250625224500)
 (2964., 2967., 2963., 2966.,  29292., 2214942, 20250625230000)
 (2966., 2969., 2964., 2968.,  37433., 2215802, 20250626091500)
 (2969., 2969., 2964., 2967.,  34572., 2220669, 20250626093000)
 (2966., 2971., 2966., 2968.,  44556., 2220445, 20250626094500)
 (2969., 2972., 2967., 2968.,  39356., 2217399, 20250626100000)
 (2967., 2969., 2963., 2965.,  54227., 2221074, 20250626101500)
 (2965., 2967., 2964., 2966.,  22746., 2225223, 20250626104500)
 (2965., 2967., 2964., 2966.,  14409., 2226606, 20250626110000)
 (2965., 2966., 2957., 2959., 104611., 2240031, 20250626111500)
 (2959., 2961., 2952., 2956., 107613., 2264767, 20250626113000)
 (2955., 2970., 2954., 2965., 174021., 2234585, 20250626134500)
 (2966., 2969., 2964., 2964.,  45347., 2233911, 20250626140000)
 (2965., 2969., 2962., 2968.,  62324., 2232521, 20250626141500)
 (2968., 2972., 2966., 2971.,  58716., 2227118, 20250626143000)
 (2971., 2972., 2968., 2970.,  55597., 2216972, 20250626144500)
 (2970., 2975., 2969., 2973., 110668., 2191778, 20250626150000)]
2025-06-27 15:30:00  INFO  [(2975., 2980., 2971., 2975., 148383., 2189959, 20250626211500)
 (2976., 2979., 2974., 2976.,  52622., 2186317, 20250626213000)
 (2977., 2983., 2976., 2982.,  74601., 2180697, 20250626214500)
 (2982., 2984., 2981., 2983.,  69586., 2174523, 20250626220000)
 (2984., 2991., 2983., 2991., 128172., 2170205, 20250626221500)
 (2991., 2995., 2989., 2993., 103480., 2156182, 20250626223000)
 (2994., 2995., 2989., 2991.,  64858., 2153141, 20250626224500)
 (2991., 2991., 2987., 2989.,  62523., 2141223, 20250626230000)
 (2991., 3004., 2988., 3003., 177000., 2143828, 20250627091500)
 (3003., 3005., 2998., 3000., 105291., 2158460, 20250627093000)
 (2999., 3002., 2996., 2999.,  65036., 2164162, 20250627094500)
 (2999., 3000., 2994., 2996.,  46530., 2164281, 20250627100000)
 (2996., 2998., 2995., 2997.,  31573., 2165904, 20250627101500)
 (2997., 2999., 2993., 2993.,  41536., 2166118, 20250627104500)
 (2993., 2996., 2993., 2994.,  23944., 2165074, 20250627110000)
 (2993., 2997., 2991., 2992.,  31321., 2164069, 20250627111500)
 (2992., 2993., 2988., 2989.,  55132., 2160527, 20250627113000)
 (2989., 2993., 2987., 2993.,  41155., 2158263, 20250627134500)
 (2992., 2995., 2991., 2993.,  26068., 2158080, 20250627140000)
 (2993., 2996., 2992., 2995.,  28486., 2155211, 20250627141500)
 (2995., 2996., 2992., 2993.,  30017., 2152466, 20250627143000)
 (2994., 2996., 2993., 2996.,  32124., 2151955, 20250627144500)
 (2997., 2998., 2993., 2995.,  61388., 2142813, 20250627150000)]
2025-06-30 15:30:00  INFO  [(2998., 3016., 2994., 3011., 271507., 2161420, 20250627211500)
 (3011., 3019., 3010., 3018., 138505., 2173947, 20250627213000)
 (3017., 3020., 3015., 3017.,  62331., 2178071, 20250627214500)
 (3017., 3020., 3015., 3020.,  58384., 2178839, 20250627220000)
 (3020., 3027., 3019., 3020., 143110., 2186525, 20250627221500)
 (3020., 3026., 3020., 3022.,  44767., 2189864, 20250627223000)
 (3023., 3023., 3016., 3018.,  78433., 2181918, 20250627224500)
 (3018., 3022., 3017., 3021.,  51964., 2169929, 20250627230000)
 (3018., 3020., 3013., 3014., 110052., 2170404, 20250630091500)
 (3013., 3016., 3007., 3008.,  83888., 2169788, 20250630093000)
 (3009., 3011., 3007., 3008.,  51096., 2170737, 20250630094500)
 (3009., 3009., 2996., 2997., 114889., 2165039, 20250630100000)
 (2996., 3001., 2995., 3000.,  98900., 2169724, 20250630101500)
 (3000., 3001., 2996., 3000.,  43066., 2168360, 20250630104500)
 (2999., 3002., 2996., 2998.,  42583., 2166183, 20250630110000)
 (2998., 3000., 2995., 3000.,  29668., 2162436, 20250630111500)
 (3000., 3004., 2999., 3003.,  37655., 2157056, 20250630113000)
 (3004., 3008., 3002., 3006.,  58844., 2152938, 20250630134500)
 (3006., 3006., 3002., 3006.,  26668., 2154037, 20250630140000)
 (3006., 3011., 3005., 3010.,  43922., 2150688, 20250630141500)
 (3009., 3010., 3005., 3005.,  37314., 2146775, 20250630143000)
 (3005., 3006., 3001., 3002.,  47230., 2141003, 20250630144500)
 (3003., 3005., 2995., 2997.,  93436., 2124170, 20250630150000)]
2025-07-01 15:30:00  INFO  [(2993., 2995., 2985., 2988., 183319., 2129716, 20250630211500)
 (2988., 2990., 2986., 2986.,  59989., 2131792, 20250630213000)
 (2987., 2988., 2985., 2987.,  28051., 2131376, 20250630214500)
 (2987., 2989., 2986., 2987.,  39970., 2130397, 20250630220000)
 (2989., 2989., 2985., 2987.,  25496., 2132970, 20250630221500)
 (2987., 2989., 2985., 2988.,  20695., 2133493, 20250630223000)
 (2987., 2989., 2985., 2985.,  14540., 2133911, 20250630224500)
 (2985., 2988., 2984., 2987.,  38651., 2127226, 20250630230000)
 (2987., 2989., 2980., 2983., 100784., 2123658, 20250701091500)
 (2983., 2983., 2977., 2980.,  81825., 2126819, 20250701093000)
 (2980., 2983., 2977., 2981.,  60869., 2132202, 20250701094500)
 (2982., 2986., 2981., 2984.,  60627., 2130886, 20250701100000)
 (2983., 2985., 2980., 2980.,  39576., 2128611, 20250701101500)
 (2980., 2984., 2978., 2983.,  49048., 2129665, 20250701104500)
 (2983., 2985., 2981., 2982.,  26905., 2127205, 20250701110000)
 (2982., 2984., 2980., 2981.,  21750., 2125833, 20250701111500)
 (2981., 2990., 2978., 2987.,  90007., 2111611, 20250701113000)
 (2988., 2992., 2986., 2988.,  87021., 2101159, 20250701134500)
 (2988., 2991., 2987., 2990.,  41293., 2096388, 20250701140000)
 (2990., 2993., 2988., 2993.,  46090., 2092198, 20250701141500)
 (2992., 2996., 2989., 2995.,  81254., 2093976, 20250701143000)
 (2995., 3000., 2994., 2996.,  84066., 2087298, 20250701144500)
 (2997., 3004., 2995., 3003.,  90558., 2076067, 20250701150000)]
2025-07-02 15:30:00  INFO  [(3003., 3018., 3003., 3013., 264224., 2087581, 20250701211500)
 (3013., 3023., 3013., 3019., 154957., 2113441, 20250701213000)
 (3019., 3022., 3018., 3021.,  69919., 2121263, 20250701214500)
 (3021., 3025., 3020., 3020.,  70528., 2126161, 20250701220000)
 (3020., 3021., 3015., 3017.,  64331., 2121580, 20250701221500)
 (3017., 3019., 3014., 3015.,  44131., 2121546, 20250701223000)
 (3015., 3018., 3013., 3014.,  48777., 2120901, 20250701224500)
 (3014., 3016., 3011., 3014.,  56937., 2108909, 20250701230000)
 (3015., 3020., 3011., 3019.,  77675., 2107467, 20250702091500)
 (3018., 3021., 3017., 3021.,  48381., 2108905, 20250702093000)
 (3020., 3021., 3017., 3017.,  38047., 2109970, 20250702094500)
 (3017., 3020., 3017., 3018.,  18244., 2111324, 20250702100000)
 (3018., 3020., 3014., 3018.,  36158., 2111963, 20250702101500)
 (3018., 3030., 3018., 3027., 149117., 2126702, 20250702104500)
 (3028., 3035., 3026., 3035., 141214., 2151927, 20250702110000)
 (3034., 3036., 3026., 3028., 109274., 2162156, 20250702111500)
 (3028., 3032., 3024., 3030.,  62984., 2163400, 20250702113000)
 (3040., 3054., 3039., 3047., 344579., 2191839, 20250702134500)
 (3047., 3052., 3045., 3048.,  89625., 2200955, 20250702140000)
 (3048., 3053., 3047., 3051.,  67292., 2215766, 20250702141500)
 (3051., 3055., 3046., 3053.,  88616., 2228156, 20250702143000)
 (3053., 3061., 3053., 3060., 129723., 2237922, 20250702144500)
 (3060., 3071., 3059., 3065., 196551., 2226379, 20250702150000)]
2025-07-03 15:30:00  INFO  [(3075., 3078., 3063., 3069., 210392., 2237891, 20250702211500)
 (3069., 3071., 3063., 3063.,  66274., 2243772, 20250702213000)
 (3064., 3064., 3058., 3060.,  61864., 2247338, 20250702214500)
 (3060., 3063., 3059., 3062.,  34071., 2245639, 20250702220000)
 (3062., 3064., 3060., 3061.,  25758., 2244604, 20250702221500)
 (3061., 3066., 3061., 3066.,  41370., 2239009, 20250702223000)
 (3066., 3071., 3063., 3069.,  64832., 2234321, 20250702224500)
 (3069., 3070., 3061., 3063.,  48546., 2225186, 20250702230000)
 (3063., 3067., 3057., 3062., 104700., 2231481, 20250703091500)
 (3061., 3063., 3055., 3057.,  93367., 2234714, 20250703093000)
 (3058., 3058., 3052., 3053.,  77780., 2235162, 20250703094500)
 (3053., 3056., 3050., 3055.,  54170., 2240537, 20250703100000)
 (3055., 3058., 3051., 3052.,  55055., 2237785, 20250703101500)
 (3052., 3055., 3050., 3051.,  35023., 2237407, 20250703104500)
 (3052., 3055., 3050., 3051.,  40693., 2240573, 20250703110000)
 (3051., 3057., 3051., 3055.,  54603., 2241145, 20250703111500)
 (3055., 3060., 3053., 3059.,  65031., 2240647, 20250703113000)
 (3061., 3069., 3058., 3068., 118498., 2248344, 20250703134500)
 (3068., 3069., 3063., 3068.,  54738., 2251718, 20250703140000)
 (3068., 3077., 3065., 3074., 129742., 2259376, 20250703141500)
 (3074., 3086., 3072., 3082., 166672., 2251683, 20250703143000)
 (3083., 3083., 3075., 3081.,  90721., 2247258, 20250703144500)
 (3081., 3082., 3075., 3076.,  82250., 2237249, 20250703150000)]
2025-07-04 15:30:00  INFO  [(3073., 3086., 3070., 3082., 180941., 2257301, 20250703211500)
 (3082., 3088., 3080., 3085.,  85370., 2271372, 20250703213000)
 (3085., 3087., 3083., 3085.,  49014., 2275003, 20250703214500)
 (3085., 3087., 3082., 3084.,  30906., 2277544, 20250703220000)
 (3085., 3090., 3083., 3085.,  54122., 2281268, 20250703221500)
 (3084., 3086., 3082., 3084.,  42242., 2277782, 20250703223000)
 (3083., 3086., 3079., 3084.,  62986., 2268003, 20250703224500)
 (3084., 3088., 3082., 3085.,  42870., 2260181, 20250703230000)
 (3086., 3095., 3083., 3092., 117217., 2277954, 20250704091500)
 (3093., 3095., 3084., 3088.,  69010., 2281438, 20250704093000)
 (3087., 3089., 3083., 3084.,  38636., 2280974, 20250704094500)
 (3084., 3087., 3082., 3086.,  45574., 2277707, 20250704100000)
 (3086., 3094., 3085., 3089.,  77698., 2276806, 20250704101500)
 (3089., 3094., 3086., 3090.,  40134., 2277643, 20250704104500)
 (3091., 3091., 3084., 3085.,  45910., 2275660, 20250704110000)
 (3085., 3085., 3076., 3079., 126593., 2253933, 20250704111500)
 (3079., 3086., 3077., 3084.,  68882., 2249535, 20250704113000)
 (3088., 3093., 3083., 3085., 115127., 2259855, 20250704134500)
 (3084., 3085., 3078., 3079.,  55520., 2258244, 20250704140000)
 (3080., 3080., 3073., 3074., 102625., 2253792, 20250704141500)
 (3074., 3078., 3072., 3076.,  60640., 2250524, 20250704143000)
 (3076., 3078., 3072., 3076.,  46860., 2248856, 20250704144500)
 (3075., 3076., 3071., 3072.,  85323., 2238587, 20250704150000)]
2025-07-07 15:30:00  INFO  [(3070., 3076., 3065., 3074.,  97778., 2245776, 20250704211500)
 (3074., 3074., 3069., 3070.,  45556., 2247519, 20250704213000)
 (3070., 3076., 3070., 3075.,  33265., 2245425, 20250704214500)
 (3075., 3076., 3073., 3075.,  19304., 2243230, 20250704220000)
 (3075., 3081., 3073., 3078.,  53385., 2239917, 20250704221500)
 (3079., 3084., 3078., 3084.,  37513., 2239042, 20250704223000)
 (3084., 3084., 3078., 3082.,  43011., 2242174, 20250704224500)
 (3082., 3085., 3081., 3081.,  44869., 2236350, 20250704230000)
 (3079., 3079., 3068., 3075., 118555., 2229026, 20250707091500)
 (3075., 3078., 3068., 3068.,  58010., 2230320, 20250707093000)
 (3069., 3071., 3062., 3064., 105748., 2222988, 20250707094500)
 (3065., 3071., 3063., 3066.,  51652., 2218834, 20250707100000)
 (3065., 3069., 3064., 3068.,  25748., 2216898, 20250707101500)
 (3068., 3069., 3064., 3066.,  32943., 2213736, 20250707104500)
 (3065., 3068., 3062., 3062.,  32600., 2217919, 20250707110000)
 (3062., 3067., 3062., 3066.,  30884., 2219274, 20250707111500)
 (3066., 3066., 3060., 3063.,  46199., 2217463, 20250707113000)
 (3062., 3065., 3056., 3057.,  84516., 2221159, 20250707134500)
 (3057., 3060., 3055., 3055.,  46615., 2219824, 20250707140000)
 (3055., 3058., 3053., 3055.,  54501., 2215938, 20250707141500)
 (3056., 3057., 3053., 3057.,  42479., 2212357, 20250707143000)
 (3057., 3061., 3056., 3061.,  52404., 2210048, 20250707144500)
 (3061., 3064., 3059., 3061.,  68767., 2197330, 20250707150000)]
2025-07-08 15:30:00  INFO  [(3059., 3060., 3050., 3054., 110093., 2203021, 20250707211500)
 (3055., 3060., 3054., 3058.,  43882., 2199479, 20250707213000)
 (3058., 3060., 3056., 3057.,  16592., 2200683, 20250707214500)
 (3058., 3064., 3057., 3061.,  40566., 2204202, 20250707220000)
 (3060., 3061., 3057., 3059.,  31752., 2205487, 20250707221500)
 (3060., 3064., 3058., 3059.,  28606., 2201671, 20250707223000)
 (3059., 3060., 3056., 3058.,  24856., 2200732, 20250707224500)
 (3057., 3058., 3056., 3056.,  24170., 2196318, 20250707230000)
 (3056., 3058., 3053., 3055.,  40966., 2198993, 20250708091500)
 (3056., 3059., 3055., 3058.,  26525., 2197861, 20250708093000)
 (3058., 3061., 3057., 3059.,  24177., 2197245, 20250708094500)
 (3059., 3065., 3058., 3064.,  44148., 2196456, 20250708100000)
 (3063., 3064., 3058., 3061.,  29326., 2195705, 20250708101500)
 (3061., 3064., 3060., 3063.,  28062., 2191720, 20250708104500)
 (3063., 3064., 3061., 3061.,  18530., 2189382, 20250708110000)
 (3061., 3067., 3061., 3064.,  41946., 2190895, 20250708111500)
 (3065., 3068., 3062., 3067.,  30231., 2186687, 20250708113000)
 (3068., 3074., 3068., 3070.,  95314., 2184486, 20250708134500)
 (3070., 3071., 3064., 3064.,  45858., 2185169, 20250708140000)
 (3064., 3064., 3058., 3062.,  67516., 2179890, 20250708141500)
 (3062., 3070., 3062., 3068.,  47230., 2174746, 20250708143000)
 (3069., 3072., 3066., 3066.,  45120., 2174483, 20250708144500)
 (3066., 3067., 3062., 3063.,  49106., 2168547, 20250708150000)]
2025-07-09 15:30:00  INFO  [(3061., 3077., 3061., 3073., 140755., 2175849, 20250708211500)
 (3073., 3076., 3071., 3075.,  39180., 2178992, 20250708213000)
 (3075., 3075., 3070., 3071.,  28300., 2183798, 20250708214500)
 (3071., 3076., 3071., 3074.,  21454., 2181808, 20250708220000)
 (3075., 3075., 3068., 3069.,  35953., 2185893, 20250708221500)
 (3069., 3071., 3067., 3069.,  28959., 2189783, 20250708223000)
 (3068., 3070., 3067., 3069.,  19295., 2189151, 20250708224500)
 (3069., 3070., 3064., 3067.,  38348., 2189747, 20250708230000)
 (3068., 3069., 3062., 3064.,  58771., 2194098, 20250709091500)
 (3064., 3067., 3062., 3065.,  24115., 2195111, 20250709093000)
 (3066., 3067., 3057., 3059.,  50934., 2200654, 20250709094500)
 (3059., 3062., 3056., 3061.,  60140., 2201841, 20250709100000)
 (3061., 3065., 3060., 3064.,  31874., 2199038, 20250709101500)
 (3064., 3066., 3063., 3065.,  25047., 2198287, 20250709104500)
 (3064., 3065., 3056., 3057.,  39880., 2198135, 20250709110000)
 (3058., 3059., 3054., 3058.,  60821., 2199228, 20250709111500)
 (3058., 3061., 3057., 3059.,  24854., 2197591, 20250709113000)
 (3059., 3064., 3058., 3064.,  42649., 2192467, 20250709134500)
 (3064., 3070., 3061., 3068.,  68440., 2187069, 20250709140000)
 (3069., 3070., 3064., 3065.,  43954., 2184338, 20250709141500)
 (3064., 3070., 3064., 3068.,  38824., 2185736, 20250709143000)
 (3067., 3069., 3064., 3065.,  37188., 2182841, 20250709144500)
 (3064., 3069., 3061., 3063.,  66713., 2174941, 20250709150000)]
2025-07-10 15:30:00  INFO  [(3060., 3084., 3060., 3082., 213228., 2177303, 20250709211500)
 (3082., 3092., 3082., 3088., 202811., 2200567, 20250709213000)
 (3088., 3094., 3086., 3092.,  97406., 2209040, 20250709214500)
 (3092., 3094., 3088., 3090.,  82307., 2211885, 20250709220000)
 (3089., 3093., 3087., 3091.,  52855., 2215248, 20250709221500)
 (3091., 3093., 3086., 3087.,  40874., 2215602, 20250709223000)
 (3088., 3090., 3086., 3089.,  22977., 2214538, 20250709224500)
 (3089., 3089., 3086., 3088.,  31837., 2205705, 20250709230000)
 (3088., 3096., 3088., 3090., 107255., 2214855, 20250710091500)
 (3090., 3090., 3084., 3086.,  62823., 2210218, 20250710093000)
 (3087., 3090., 3085., 3089.,  28948., 2209178, 20250710094500)
 (3090., 3093., 3089., 3091.,  32491., 2213478, 20250710100000)
 (3091., 3099., 3091., 3098.,  67751., 2210409, 20250710101500)
 (3098., 3105., 3097., 3097., 154896., 2218061, 20250710104500)
 (3098., 3101., 3093., 3100.,  83242., 2219053, 20250710110000)
 (3101., 3101., 3094., 3095.,  46646., 2218968, 20250710111500)
 (3095., 3105., 3095., 3100.,  66257., 2210524, 20250710113000)
 (3104., 3115., 3104., 3111., 174953., 2229102, 20250710134500)
 (3111., 3115., 3110., 3114.,  74512., 2232557, 20250710140000)
 (3114., 3123., 3112., 3122., 143946., 2247373, 20250710141500)
 (3122., 3130., 3118., 3127., 156528., 2247906, 20250710143000)
 (3127., 3130., 3122., 3125.,  93734., 2250929, 20250710144500)
 (3124., 3126., 3120., 3123., 115150., 2230035, 20250710150000)]
2025-07-11 15:30:00  INFO  [(3116., 3132., 3116., 3129., 196749., 2256273, 20250710211500)
 (3130., 3130., 3124., 3125.,  57198., 2257384, 20250710213000)
 (3126., 3129., 3122., 3123.,  34289., 2254108, 20250710214500)
 (3123., 3126., 3118., 3124.,  60359., 2250618, 20250710220000)
 (3124., 3129., 3124., 3127.,  40146., 2253560, 20250710221500)
 (3127., 3132., 3125., 3125.,  58327., 2254598, 20250710223000)
 (3125., 3135., 3125., 3134.,  49274., 2252027, 20250710224500)
 (3133., 3142., 3133., 3141., 116209., 2236334, 20250710230000)
 (3140., 3142., 3130., 3139., 113017., 2239523, 20250711091500)
 (3139., 3143., 3132., 3135.,  69896., 2237793, 20250711093000)
 (3135., 3136., 3129., 3134.,  68026., 2239790, 20250711094500)
 (3133., 3141., 3133., 3141.,  65522., 2246946, 20250711100000)
 (3141., 3145., 3136., 3137.,  76974., 2249742, 20250711101500)
 (3138., 3149., 3137., 3148.,  77458., 2253366, 20250711104500)
 (3148., 3149., 3137., 3138.,  60833., 2250529, 20250711110000)
 (3138., 3143., 3136., 3138.,  42545., 2250090, 20250711111500)
 (3138., 3143., 3136., 3139.,  46218., 2249985, 20250711113000)
 (3136., 3142., 3136., 3138.,  52142., 2246534, 20250711134500)
 (3139., 3141., 3136., 3138.,  32347., 2245974, 20250711140000)
 (3138., 3140., 3131., 3134.,  85932., 2234950, 20250711141500)
 (3134., 3140., 3134., 3135.,  60110., 2225984, 20250711143000)
 (3136., 3136., 3130., 3133.,  69212., 2215832, 20250711144500)
 (3132., 3135., 3127., 3133., 121762., 2200525, 20250711150000)]
2025-07-14 15:30:00  INFO  [(3133., 3139., 3130., 3138., 105513., 2192879, 20250711211500)
 (3137., 3140., 3134., 3139.,  44331., 2193339, 20250711213000)
 (3139., 3139., 3134., 3134.,  28199., 2189769, 20250711214500)
 (3134., 3135., 3123., 3125., 111949., 2186763, 20250711220000)
 (3125., 3128., 3122., 3128.,  46121., 2180914, 20250711221500)
 (3128., 3131., 3125., 3129.,  30388., 2181500, 20250711223000)
 (3129., 3132., 3126., 3132.,  32821., 2179553, 20250711224500)
 (3131., 3132., 3129., 3130.,  35276., 2171236, 20250711230000)
 (3130., 3134., 3123., 3129.,  97102., 2165431, 20250714091500)
 (3130., 3137., 3127., 3133.,  78174., 2156239, 20250714093000)
 (3134., 3134., 3126., 3127.,  47417., 2154887, 20250714094500)
 (3127., 3131., 3125., 3127.,  29868., 2154821, 20250714100000)
 (3127., 3129., 3122., 3125.,  55283., 2148689, 20250714101500)
 (3127., 3128., 3123., 3124.,  37309., 2142262, 20250714104500)
 (3125., 3130., 3124., 3128.,  26944., 2138600, 20250714110000)
 (3129., 3131., 3127., 3128.,  25699., 2138005, 20250714111500)
 (3128., 3132., 3125., 3126.,  34694., 2133219, 20250714113000)
 (3126., 3134., 3126., 3129.,  38318., 2133605, 20250714134500)
 (3130., 3134., 3129., 3131.,  24868., 2132677, 20250714140000)
 (3132., 3137., 3131., 3136.,  44088., 2134015, 20250714141500)
 (3136., 3138., 3133., 3137.,  44808., 2133016, 20250714143000)
 (3138., 3143., 3134., 3142.,  80444., 2129819, 20250714144500)
 (3142., 3143., 3136., 3138.,  64995., 2122341, 20250714150000)]
2025-07-15 15:30:00  INFO  [(3131., 3137., 3131., 3135., 104021., 2130412, 20250714211500)
 (3134., 3136., 3127., 3128.,  68680., 2134318, 20250714213000)
 (3128., 3132., 3126., 3130.,  49843., 2139890, 20250714214500)
 (3129., 3132., 3129., 3130.,  19439., 2139868, 20250714220000)
 (3130., 3130., 3127., 3129.,  22620., 2142273, 20250714221500)
 (3128., 3130., 3126., 3128.,  26265., 2141240, 20250714223000)
 (3128., 3130., 3127., 3129.,  11667., 2140460, 20250714224500)
 (3129., 3131., 3127., 3129.,  22094., 2137259, 20250714230000)
 (3129., 3130., 3127., 3130.,  42375., 2134384, 20250715091500)
 (3129., 3135., 3129., 3135.,  46760., 2133500, 20250715093000)
 (3135., 3138., 3133., 3137.,  41231., 2131208, 20250715094500)
 (3137., 3138., 3132., 3134.,  40888., 2133385, 20250715100000)
 (3135., 3136., 3129., 3130.,  62458., 2130124, 20250715101500)
 (3130., 3131., 3125., 3126.,  84478., 2138465, 20250715104500)
 (3126., 3126., 3120., 3123., 109399., 2155750, 20250715110000)
 (3123., 3125., 3113., 3115., 139293., 2165565, 20250715111500)
 (3114., 3116., 3108., 3112., 111760., 2159131, 20250715113000)
 (3109., 3110., 3102., 3107., 157328., 2167879, 20250715134500)
 (3106., 3114., 3102., 3112.,  82576., 2167530, 20250715140000)
 (3112., 3116., 3110., 3113.,  61345., 2168136, 20250715141500)
 (3113., 3117., 3111., 3114.,  46310., 2164606, 20250715143000)
 (3115., 3117., 3113., 3115.,  39305., 2164695, 20250715144500)
 (3115., 3117., 3113., 3114.,  49358., 2153852, 20250715150000)]
2025-07-16 15:30:00  INFO  [(3115., 3116., 3107., 3110., 107657., 2152110, 20250715211500)
 (3109., 3110., 3104., 3108.,  50704., 2155226, 20250715213000)
 (3107., 3109., 3105., 3107.,  19911., 2155667, 20250715214500)
 (3106., 3107., 3102., 3103.,  38631., 2156902, 20250715220000)
 (3104., 3107., 3103., 3107.,  23972., 2155647, 20250715221500)
 (3107., 3109., 3106., 3107.,  17108., 2154631, 20250715223000)
 (3107., 3110., 3106., 3107.,  19361., 2155067, 20250715224500)
 (3107., 3107., 3104., 3107.,  28593., 2149499, 20250715230000)
 (3106., 3112., 3105., 3112.,  55801., 2151333, 20250716091500)
 (3112., 3117., 3110., 3113.,  64866., 2153158, 20250716093000)
 (3113., 3117., 3111., 3115.,  31734., 2150052, 20250716094500)
 (3115., 3120., 3112., 3118.,  51449., 2150471, 20250716100000)
 (3119., 3119., 3112., 3113.,  36749., 2149482, 20250716101500)
 (3114., 3114., 3106., 3111.,  51916., 2148718, 20250716104500)
 (3110., 3112., 3108., 3109.,  18295., 2146567, 20250716110000)
 (3109., 3114., 3108., 3113.,  27376., 2144775, 20250716111500)
 (3114., 3118., 3110., 3116.,  40628., 2144704, 20250716113000)
 (3115., 3122., 3111., 3111.,  76638., 2144069, 20250716134500)
 (3111., 3112., 3105., 3108.,  65824., 2139848, 20250716140000)
 (3108., 3110., 3106., 3106.,  32882., 2139701, 20250716141500)
 (3107., 3110., 3104., 3105.,  42751., 2145452, 20250716143000)
 (3106., 3107., 3094., 3097., 132123., 2144749, 20250716144500)
 (3097., 3106., 3096., 3106.,  95822., 2137057, 20250716150000)]
2025-07-17 15:30:00  INFO  [(3105., 3120., 3105., 3117., 179282., 2154540, 20250716211500)
 (3117., 3125., 3116., 3122.,  96803., 2156428, 20250716213000)
 (3123., 3126., 3120., 3123.,  71403., 2157776, 20250716214500)
 (3124., 3135., 3123., 3130., 199566., 2150380, 20250716220000)
 (3130., 3131., 3125., 3127.,  68778., 2145288, 20250716221500)
 (3127., 3129., 3123., 3125.,  44679., 2139637, 20250716223000)
 (3125., 3130., 3125., 3128.,  32722., 2139263, 20250716224500)
 (3129., 3129., 3127., 3129.,  27883., 2131989, 20250716230000)
 (3130., 3133., 3124., 3128.,  82581., 2131531, 20250717091500)
 (3128., 3132., 3123., 3123.,  47295., 2128165, 20250717093000)
 (3123., 3128., 3120., 3122.,  50701., 2125639, 20250717094500)
 (3123., 3125., 3120., 3124.,  36226., 2122367, 20250717100000)
 (3123., 3127., 3120., 3127.,  40106., 2119740, 20250717101500)
 (3127., 3129., 3124., 3128.,  28093., 2122933, 20250717104500)
 (3127., 3128., 3123., 3126.,  25491., 2125872, 20250717110000)
 (3127., 3128., 3121., 3124.,  29086., 2128464, 20250717111500)
 (3124., 3127., 3114., 3116., 104475., 2128640, 20250717113000)
 (3116., 3127., 3113., 3127.,  91156., 2128908, 20250717134500)
 (3127., 3128., 3124., 3125.,  34881., 2131211, 20250717140000)
 (3126., 3126., 3119., 3123.,  34687., 2130129, 20250717141500)
 (3123., 3129., 3122., 3129.,  49348., 2129972, 20250717143000)
 (3129., 3131., 3126., 3131.,  48022., 2131913, 20250717144500)
 (3131., 3134., 3127., 3133.,  78457., 2126876, 20250717150000)]
2025-07-18 15:30:00  INFO  [(3135., 3158., 3135., 3157., 291745., 2141587, 20250717211500)
 (3156., 3157., 3149., 3152.,  96276., 2152441, 20250717213000)
 (3152., 3155., 3150., 3154.,  41219., 2156202, 20250717214500)
 (3155., 3162., 3154., 3160.,  98411., 2158676, 20250717220000)
 (3161., 3166., 3158., 3162.,  98434., 2161870, 20250717221500)
 (3163., 3165., 3159., 3161.,  45396., 2158178, 20250717223000)
 (3161., 3168., 3159., 3166.,  41375., 2154235, 20250717224500)
 (3166., 3170., 3165., 3166.,  81619., 2144500, 20250717230000)
 (3167., 3169., 3161., 3168.,  96145., 2144712, 20250718091500)
 (3167., 3170., 3165., 3169.,  62156., 2138314, 20250718093000)
 (3169., 3177., 3168., 3171.,  94367., 2137187, 20250718094500)
 (3171., 3175., 3164., 3164.,  80002., 2131558, 20250718100000)
 (3164., 3168., 3161., 3165.,  67321., 2127062, 20250718101500)
 (3165., 3165., 3156., 3160.,  77615., 2125209, 20250718104500)
 (3159., 3162., 3155., 3162.,  62412., 2120134, 20250718110000)
 (3162., 3164., 3144., 3149., 131954., 2097321, 20250718111500)
 (3149., 3152., 3144., 3146., 109901., 2081793, 20250718113000)
 (3146., 3150., 3144., 3148.,  65714., 2083484, 20250718134500)
 (3148., 3148., 3143., 3144.,  45626., 2082677, 20250718140000)
 (3144., 3148., 3144., 3147.,  31767., 2078996, 20250718141500)
 (3147., 3148., 3143., 3145.,  37977., 2079484, 20250718143000)
 (3146., 3148., 3141., 3147.,  50085., 2078422, 20250718144500)
 (3147., 3150., 3145., 3147.,  67333., 2075790, 20250718150000)]
2025-07-21 15:30:00  INFO  [(3159., 3181., 3156., 3178., 286084., 2091598, 20250718211500)
 (3179., 3180., 3171., 3178., 116269., 2096212, 20250718213000)
 (3178., 3186., 3176., 3185., 111411., 2106748, 20250718214500)
 (3185., 3190., 3183., 3188.,  93655., 2117418, 20250718220000)
 (3187., 3190., 3184., 3187.,  68810., 2120292, 20250718221500)
 (3186., 3190., 3186., 3188.,  46686., 2118039, 20250718223000)
 (3189., 3194., 3186., 3192.,  63135., 2118030, 20250718224500)
 (3193., 3198., 3189., 3197., 106361., 2105110, 20250718230000)
 (3205., 3224., 3197., 3223., 392154., 2136507, 20250721091500)
 (3223., 3233., 3216., 3219., 220439., 2148198, 20250721093000)
 (3220., 3225., 3215., 3224.,  79158., 2147599, 20250721094500)
 (3224., 3229., 3220., 3224.,  83303., 2146311, 20250721100000)
 (3225., 3225., 3215., 3221.,  84034., 2138291, 20250721101500)
 (3222., 3222., 3214., 3220.,  67204., 2132714, 20250721104500)
 (3219., 3223., 3217., 3217.,  42940., 2136387, 20250721110000)
 (3217., 3224., 3217., 3223.,  44396., 2137031, 20250721111500)
 (3223., 3228., 3220., 3225.,  70492., 2122189, 20250721113000)
 (3226., 3240., 3226., 3235., 192037., 2125176, 20250721134500)
 (3235., 3236., 3218., 3218., 161478., 2120843, 20250721140000)
 (3218., 3223., 3211., 3215., 142931., 2116442, 20250721141500)
 (3214., 3220., 3212., 3218.,  61818., 2117362, 20250721143000)
 (3217., 3228., 3216., 3226.,  85862., 2111985, 20250721144500)
 (3226., 3227., 3220., 3224.,  75632., 2095912, 20250721150000)]
2025-07-22 15:30:00  INFO  [(3224., 3229., 3216., 3227.,  133231., 2104774, 20250721211500)
 (3227., 3227., 3217., 3218.,   73402., 2104915, 20250721213000)
 (3217., 3222., 3217., 3218.,   35072., 2104845, 20250721214500)
 (3218., 3220., 3215., 3216.,   38994., 2103646, 20250721220000)
 (3216., 3222., 3216., 3220.,   38859., 2097284, 20250721221500)
 (3220., 3224., 3219., 3224.,   34760., 2093114, 20250721223000)
 (3224., 3228., 3223., 3225.,   59702., 2091704, 20250721224500)
 (3224., 3226., 3222., 3222.,   38622., 2081425, 20250721230000)
 (3225., 3228., 3217., 3219.,  125549., 2082260, 20250722091500)
 (3219., 3223., 3216., 3221.,   63793., 2078252, 20250722093000)
 (3221., 3223., 3218., 3219.,   28543., 2074348, 20250722094500)
 (3219., 3225., 3219., 3222.,   36490., 2072664, 20250722100000)
 (3222., 3224., 3218., 3222.,   52343., 2066772, 20250722101500)
 (3221., 3228., 3220., 3227.,   56534., 2063816, 20250722104500)
 (3227., 3235., 3225., 3228.,   91654., 2059102, 20250722110000)
 (3229., 3233., 3226., 3231.,   51785., 2060105, 20250722111500)
 (3232., 3233., 3221., 3222.,   70265., 2057547, 20250722113000)
 (3235., 3335., 3234., 3278., 1047350., 2080199, 20250722134500)
 (3278., 3278., 3244., 3273.,  405885., 2053571, 20250722140000)
 (3272., 3277., 3261., 3275.,  129664., 2047147, 20250722141500)
 (3275., 3290., 3273., 3285.,  149036., 2048337, 20250722143000)
 (3286., 3309., 3285., 3304.,  254287., 2047431, 20250722144500)
 (3304., 3316., 3299., 3307.,  250917., 2024507, 20250722150000)]
2025-07-23 15:30:00  INFO  [(3320., 3330., 3300., 3302., 419711., 2032234, 20250722211500)
 (3302., 3311., 3287., 3308., 236771., 2030829, 20250722213000)
 (3308., 3310., 3284., 3287., 181691., 2027612, 20250722214500)
 (3287., 3293., 3283., 3293., 115338., 2025322, 20250722220000)
 (3292., 3297., 3287., 3290.,  75530., 2026600, 20250722221500)
 (3289., 3301., 3288., 3296.,  65525., 2027038, 20250722223000)
 (3296., 3305., 3295., 3301.,  68567., 2022771, 20250722224500)
 (3301., 3309., 3298., 3302.,  94312., 2006886, 20250722230000)
 (3305., 3309., 3277., 3278., 246046., 2002701, 20250723091500)
 (3279., 3288., 3278., 3280.,  94307., 2010681, 20250723093000)
 (3280., 3280., 3268., 3274., 135449., 1996215, 20250723094500)
 (3273., 3286., 3268., 3280., 104493., 1990328, 20250723100000)
 (3280., 3281., 3274., 3277.,  44282., 1991173, 20250723101500)
 (3278., 3280., 3265., 3266.,  82943., 1993452, 20250723104500)
 (3267., 3269., 3250., 3251., 220363., 1954569, 20250723110000)
 (3251., 3258., 3245., 3252., 146427., 1948072, 20250723111500)
 (3253., 3266., 3252., 3264.,  80654., 1941410, 20250723113000)
 (3266., 3267., 3257., 3260.,  64906., 1939524, 20250723134500)
 (3259., 3260., 3248., 3249.,  70418., 1941051, 20250723140000)
 (3248., 3255., 3247., 3252.,  48640., 1938851, 20250723141500)
 (3252., 3254., 3246., 3251.,  52497., 1936028, 20250723143000)
 (3252., 3256., 3251., 3255.,  44637., 1933220, 20250723144500)
 (3255., 3277., 3254., 3274., 153953., 1922698, 20250723150000)]
2025-07-24 15:30:00  INFO  [(3277., 3278., 3249., 3253., 282756., 1933110, 20250723211500)
 (3254., 3263., 3250., 3260.,  83157., 1931674, 20250723213000)
 (3261., 3272., 3260., 3271.,  75889., 1929531, 20250723214500)
 (3271., 3275., 3260., 3266.,  89768., 1924131, 20250723220000)
 (3265., 3267., 3260., 3262.,  34921., 1924764, 20250723221500)
 (3263., 3267., 3261., 3266.,  38718., 1924386, 20250723223000)
 (3265., 3280., 3253., 3256., 159516., 1914556, 20250723224500)
 (3256., 3264., 3255., 3256.,  77183., 1905310, 20250723230000)
 (3255., 3259., 3250., 3257.,  86871., 1910393, 20250724091500)
 (3257., 3260., 3254., 3258.,  35925., 1913221, 20250724093000)
 (3258., 3262., 3256., 3262.,  36229., 1911332, 20250724094500)
 (3262., 3265., 3259., 3260.,  35896., 1907326, 20250724100000)
 (3261., 3265., 3255., 3263.,  47436., 1903807, 20250724101500)
 (3263., 3275., 3262., 3272.,  86636., 1904906, 20250724104500)
 (3272., 3275., 3266., 3274.,  54927., 1899226, 20250724110000)
 (3273., 3275., 3268., 3274.,  46303., 1897495, 20250724111500)
 (3273., 3276., 3268., 3275.,  58608., 1896773, 20250724113000)
 (3278., 3295., 3276., 3279., 247003., 1908691, 20250724134500)
 (3279., 3293., 3273., 3292., 106281., 1911559, 20250724140000)
 (3292., 3305., 3290., 3297., 168888., 1923584, 20250724141500)
 (3297., 3315., 3297., 3308., 167922., 1931954, 20250724143000)
 (3308., 3330., 3307., 3325., 189048., 1944876, 20250724144500)
 (3324., 3326., 3285., 3294., 323372., 1906352, 20250724150000)]
2025-07-25 15:30:00  INFO  [(3318., 3325., 3294., 3300., 306302., 1912820, 20250724211500)
 (3301., 3309., 3291., 3300., 130565., 1918662, 20250724213000)
 (3301., 3313., 3297., 3313., 108674., 1924426, 20250724214500)
 (3313., 3316., 3305., 3310.,  97300., 1933469, 20250724220000)
 (3310., 3311., 3289., 3296., 167651., 1950643, 20250724221500)
 (3296., 3313., 3295., 3311., 105825., 1936478, 20250724223000)
 (3311., 3314., 3306., 3310.,  75902., 1931621, 20250724224500)
 (3310., 3313., 3306., 3309.,  52267., 1920035, 20250724230000)
 (3309., 3310., 3288., 3291., 137190., 1922810, 20250725091500)
 (3292., 3300., 3290., 3298.,  53777., 1923865, 20250725093000)
 (3298., 3305., 3296., 3301.,  49036., 1918904, 20250725094500)
 (3301., 3308., 3301., 3306.,  43211., 1919095, 20250725100000)
 (3307., 3312., 3304., 3310.,  62506., 1918376, 20250725101500)
 (3310., 3326., 3310., 3323., 127099., 1933137, 20250725104500)
 (3323., 3329., 3312., 3314., 142629., 1934491, 20250725110000)
 (3314., 3319., 3299., 3305., 122348., 1925191, 20250725111500)
 (3305., 3326., 3302., 3324., 106099., 1930917, 20250725113000)
 (3320., 3325., 3308., 3310., 146716., 1931673, 20250725134500)
 (3310., 3324., 3305., 3321., 111225., 1942636, 20250725140000)
 (3321., 3334., 3319., 3325., 154220., 1964066, 20250725141500)
 (3325., 3342., 3324., 3337., 212100., 1979172, 20250725143000)
 (3337., 3346., 3335., 3341., 133428., 1995064, 20250725144500)
 (3340., 3358., 3340., 3356., 232067., 1998652, 20250725150000)]
2025-07-28 15:30:00  INFO  [(3352., 3352., 3300., 3320., 582500., 1983019, 20250725211500)
 (3320., 3333., 3317., 3318., 156079., 1990965, 20250725213000)
 (3318., 3336., 3318., 3329., 138244., 1996297, 20250725214500)
 (3328., 3329., 3318., 3323.,  92554., 2003138, 20250725220000)
 (3323., 3324., 3296., 3302., 208244., 2004351, 20250725221500)
 (3302., 3304., 3283., 3302., 227170., 1986742, 20250725223000)
 (3303., 3306., 3278., 3279., 156772., 1974982, 20250725224500)
 (3280., 3284., 3255., 3268., 292189., 1926388, 20250725230000)
 (3250., 3271., 3230., 3266., 302192., 1915807, 20250728091500)
 (3267., 3270., 3261., 3267.,  68343., 1916338, 20250728093000)
 (3266., 3266., 3254., 3261.,  71220., 1913840, 20250728094500)
 (3261., 3268., 3258., 3263.,  54211., 1922189, 20250728100000)
 (3263., 3284., 3262., 3278., 117150., 1929898, 20250728101500)
 (3277., 3283., 3275., 3278.,  53394., 1932747, 20250728104500)
 (3279., 3279., 3270., 3276.,  38474., 1931917, 20250728110000)
 (3276., 3276., 3268., 3271.,  34645., 1933738, 20250728111500)
 (3271., 3274., 3247., 3253., 150995., 1921313, 20250728113000)
 (3252., 3261., 3238., 3241., 192318., 1941359, 20250728134500)
 (3242., 3248., 3236., 3244., 124223., 1945757, 20250728140000)
 (3244., 3244., 3234., 3238.,  83687., 1948074, 20250728141500)
 (3237., 3241., 3233., 3239.,  91711., 1942132, 20250728143000)
 (3239., 3251., 3237., 3249.,  95635., 1944193, 20250728144500)
 (3248., 3250., 3241., 3248.,  82763., 1935881, 20250728150000)]
2025-07-29 15:30:00  INFO  [(3259., 3264., 3250., 3258., 194065., 1947524, 20250728211500)
 (3257., 3261., 3250., 3253.,  74637., 1951096, 20250728213000)
 (3252., 3260., 3248., 3258.,  79239., 1957842, 20250728214500)
 (3258., 3263., 3256., 3257.,  52981., 1961851, 20250728220000)
 (3258., 3267., 3256., 3265.,  60640., 1961707, 20250728221500)
 (3265., 3266., 3259., 3265.,  39146., 1962294, 20250728223000)
 (3265., 3269., 3262., 3268.,  42760., 1960003, 20250728224500)
 (3267., 3269., 3262., 3263.,  36266., 1949899, 20250728230000)
 (3266., 3268., 3256., 3266.,  74723., 1947122, 20250729091500)
 (3267., 3267., 3262., 3265.,  34339., 1946144, 20250729093000)
 (3265., 3269., 3262., 3266.,  32931., 1945515, 20250729094500)
 (3267., 3274., 3263., 3265.,  69687., 1948627, 20250729100000)
 (3265., 3266., 3258., 3260.,  66683., 1950870, 20250729101500)
 (3260., 3280., 3254., 3278., 141399., 1947955, 20250729104500)
 (3279., 3309., 3277., 3303., 295774., 1996058, 20250729110000)
 (3304., 3320., 3304., 3319., 250319., 2036292, 20250729111500)
 (3319., 3328., 3315., 3322., 209042., 2056863, 20250729113000)
 (3322., 3343., 3321., 3332., 350569., 2119305, 20250729134500)
 (3333., 3344., 3332., 3338., 152060., 2146719, 20250729140000)
 (3338., 3345., 3333., 3337., 127379., 2160051, 20250729141500)
 (3336., 3349., 3336., 3346., 122710., 2179936, 20250729143000)
 (3346., 3347., 3334., 3337.,  89966., 2185797, 20250729144500)
 (3336., 3347., 3335., 3347., 114297., 2175237, 20250729150000)]
2025-07-30 15:30:00  INFO  [(3350., 3374., 3350., 3367., 433893., 2191380, 20250729211500)
 (3367., 3370., 3358., 3369., 155411., 2201912, 20250729213000)
 (3369., 3376., 3366., 3373., 170519., 2214826, 20250729214500)
 (3374., 3374., 3363., 3368.,  99385., 2203455, 20250729220000)
 (3368., 3374., 3367., 3374.,  52774., 2205575, 20250729221500)
 (3373., 3378., 3368., 3369.,  84323., 2211409, 20250729223000)
 (3370., 3384., 3369., 3379., 100439., 2211020, 20250729224500)
 (3380., 3384., 3377., 3380., 112547., 2207136, 20250729230000)
 (3377., 3380., 3355., 3358., 258071., 2180926, 20250730091500)
 (3358., 3359., 3339., 3340., 238009., 2160130, 20250730093000)
 (3340., 3345., 3335., 3339., 168612., 2146387, 20250730094500)
 (3340., 3349., 3336., 3342., 119825., 2141759, 20250730100000)
 (3343., 3352., 3336., 3347., 105327., 2138356, 20250730101500)
 (3346., 3352., 3342., 3348.,  61816., 2137707, 20250730104500)
 (3349., 3356., 3347., 3351.,  73078., 2133204, 20250730110000)
 (3351., 3352., 3339., 3340.,  83707., 2128614, 20250730111500)
 (3340., 3345., 3338., 3344.,  48692., 2118311, 20250730113000)
 (3343., 3352., 3343., 3345.,  82080., 2112074, 20250730134500)
 (3345., 3346., 3320., 3332., 248622., 2081762, 20250730140000)
 (3332., 3332., 3291., 3295., 363675., 2057399, 20250730141500)
 (3295., 3316., 3291., 3311., 192336., 2049379, 20250730143000)
 (3312., 3323., 3310., 3311., 118785., 2043810, 20250730144500)
 (3310., 3315., 3299., 3315., 138940., 2029133, 20250730150000)]
2025-07-31 15:30:00  INFO  [(3301., 3301., 3274., 3278., 335494., 2028674, 20250730211500)
 (3279., 3287., 3274., 3281., 131142., 2026992, 20250730213000)
 (3281., 3284., 3276., 3277.,  65133., 2027368, 20250730214500)
 (3278., 3281., 3276., 3281.,  39963., 2025568, 20250730220000)
 (3280., 3283., 3277., 3280.,  34238., 2024386, 20250730221500)
 (3280., 3280., 3270., 3272.,  68695., 2020750, 20250730223000)
 (3273., 3275., 3264., 3274.,  75790., 2017465, 20250730224500)
 (3274., 3275., 3270., 3272.,  48754., 2004987, 20250730230000)
 (3270., 3270., 3258., 3265., 147509., 1994056, 20250731091500)
 (3265., 3266., 3256., 3262.,  59344., 1992306, 20250731093000)
 (3261., 3267., 3257., 3257.,  55811., 1993094, 20250731094500)
 (3258., 3261., 3253., 3257.,  74289., 1985876, 20250731100000)
 (3257., 3265., 3255., 3259.,  57001., 1980502, 20250731101500)
 (3257., 3257., 3239., 3240., 137532., 1961883, 20250731104500)
 (3240., 3254., 3237., 3251., 119575., 1947509, 20250731110000)
 (3251., 3256., 3245., 3248.,  64731., 1935708, 20250731111500)
 (3248., 3250., 3241., 3245.,  58527., 1934183, 20250731113000)
 (3242., 3242., 3226., 3228., 235795., 1906296, 20250731134500)
 (3228., 3236., 3224., 3227., 116953., 1887729, 20250731140000)
 (3227., 3227., 3209., 3210., 181038., 1877049, 20250731141500)
 (3210., 3212., 3203., 3204., 152521., 1872813, 20250731143000)
 (3204., 3205., 3186., 3191., 252048., 1855297, 20250731144500)
 (3190., 3207., 3186., 3205., 219083., 1816026, 20250731150000)]
2025-08-01 15:30:00  INFO  [(3210., 3220., 3203., 3218., 251248., 1799438, 20250731211500)
 (3218., 3222., 3209., 3211., 102723., 1799460, 20250731213000)
 (3211., 3216., 3204., 3215., 105098., 1792926, 20250731214500)
 (3217., 3222., 3212., 3219.,  73024., 1793842, 20250731220000)
 (3220., 3221., 3217., 3218.,  42217., 1798131, 20250731221500)
 (3219., 3224., 3215., 3218.,  56249., 1799191, 20250731223000)
 (3217., 3221., 3216., 3217.,  24622., 1799284, 20250731224500)
 (3218., 3225., 3216., 3224.,  47304., 1788441, 20250731230000)
 (3225., 3226., 3217., 3222.,  82734., 1789051, 20250801091500)
 (3222., 3228., 3219., 3220.,  59481., 1795514, 20250801093000)
 (3220., 3227., 3219., 3220.,  33610., 1796370, 20250801094500)
 (3221., 3231., 3216., 3230.,  72570., 1793164, 20250801100000)
 (3230., 3235., 3225., 3226.,  86798., 1799790, 20250801101500)
 (3226., 3227., 3208., 3215., 130334., 1793438, 20250801104500)
 (3214., 3225., 3210., 3220.,  62669., 1792113, 20250801110000)
 (3221., 3222., 3213., 3216.,  38848., 1789849, 20250801111500)
 (3216., 3216., 3204., 3208.,  77252., 1789033, 20250801113000)
 (3205., 3206., 3197., 3200., 139634., 1786742, 20250801134500)
 (3200., 3215., 3200., 3213.,  98071., 1784695, 20250801140000)
 (3212., 3217., 3204., 3206.,  74103., 1782863, 20250801141500)
 (3206., 3207., 3198., 3203.,  61862., 1779859, 20250801143000)
 (3202., 3209., 3192., 3201., 134201., 1770626, 20250801144500)
 (3201., 3207., 3197., 3203.,  74496., 1760703, 20250801150000)]
2025-08-04 15:30:00  INFO  [(3206., 3216., 3202., 3208., 123342., 1771531, 20250801211500)
 (3207., 3212., 3204., 3208.,  68183., 1779346, 20250801213000)
 (3209., 3212., 3202., 3206.,  48495., 1785824, 20250801214500)
 (3205., 3206., 3187., 3191., 126429., 1795409, 20250801220000)
 (3192., 3196., 3187., 3195.,  61838., 1804442, 20250801221500)
 (3195., 3196., 3181., 3186.,  83542., 1807030, 20250801223000)
 (3185., 3191., 3180., 3181.,  70612., 1808026, 20250801224500)
 (3180., 3188., 3173., 3175.,  83602., 1798138, 20250801230000)
 (3174., 3178., 3164., 3169., 174753., 1795851, 20250804091500)
 (3169., 3178., 3166., 3172.,  73184., 1789254, 20250804093000)
 (3172., 3183., 3171., 3178.,  77614., 1783391, 20250804094500)
 (3179., 3182., 3174., 3181.,  36369., 1781767, 20250804100000)
 (3180., 3186., 3174., 3176.,  51578., 1778740, 20250804101500)
 (3176., 3188., 3176., 3186.,  58595., 1775340, 20250804104500)
 (3187., 3188., 3181., 3184.,  38240., 1774844, 20250804110000)
 (3184., 3188., 3181., 3181.,  35490., 1771894, 20250804111500)
 (3181., 3187., 3178., 3180.,  35039., 1768705, 20250804113000)
 (3182., 3196., 3180., 3195.,  88045., 1762511, 20250804134500)
 (3194., 3198., 3190., 3194.,  65443., 1760051, 20250804140000)
 (3194., 3205., 3192., 3204.,  80007., 1756806, 20250804141500)
 (3203., 3205., 3197., 3202.,  56662., 1755153, 20250804143000)
 (3202., 3206., 3197., 3198.,  49827., 1752582, 20250804144500)
 (3197., 3204., 3195., 3204.,  47638., 1742635, 20250804150000)]
2025-08-05 15:30:00  INFO  [(3209., 3218., 3200., 3214., 176466., 1754903, 20250804211500)
 (3214., 3219., 3204., 3206.,  86517., 1759972, 20250804213000)
 (3206., 3213., 3205., 3211.,  35426., 1761158, 20250804214500)
 (3211., 3213., 3209., 3213.,  24432., 1762017, 20250804220000)
 (3212., 3213., 3206., 3213.,  42117., 1758199, 20250804221500)
 (3212., 3215., 3211., 3213.,  25609., 1756849, 20250804223000)
 (3213., 3213., 3201., 3205.,  65638., 1751993, 20250804224500)
 (3206., 3207., 3195., 3197.,  51046., 1747309, 20250804230000)
 (3198., 3201., 3189., 3191., 113631., 1759172, 20250805091500)
 (3190., 3195., 3188., 3193.,  56970., 1763243, 20250805093000)
 (3193., 3199., 3190., 3197.,  42251., 1762637, 20250805094500)
 (3198., 3199., 3192., 3194.,  30432., 1760815, 20250805100000)
 (3193., 3205., 3192., 3205.,  46956., 1758941, 20250805101500)
 (3205., 3205., 3194., 3194.,  44744., 1760270, 20250805104500)
 (3194., 3198., 3188., 3197.,  61659., 1762096, 20250805110000)
 (3197., 3200., 3194., 3194.,  29622., 1759944, 20250805111500)
 (3195., 3202., 3194., 3198.,  37827., 1760166, 20250805113000)
 (3198., 3216., 3198., 3210., 108832., 1763119, 20250805134500)
 (3210., 3212., 3202., 3209.,  46231., 1764166, 20250805140000)
 (3209., 3215., 3207., 3214.,  48740., 1759813, 20250805141500)
 (3215., 3219., 3212., 3219.,  64720., 1758411, 20250805143000)
 (3218., 3228., 3216., 3226., 102505., 1746662, 20250805144500)
 (3227., 3247., 3222., 3233., 238282., 1708832, 20250805150000)]
2025-08-06 15:30:00  INFO  [(3233., 3236., 3219., 3221., 169468., 1705403, 20250805211500)
 (3222., 3223., 3216., 3218.,  76702., 1701352, 20250805213000)
 (3217., 3224., 3214., 3224.,  59318., 1701611, 20250805214500)
 (3224., 3225., 3220., 3223.,  33820., 1702563, 20250805220000)
 (3223., 3224., 3219., 3222.,  19196., 1701748, 20250805221500)
 (3222., 3225., 3217., 3221.,  32954., 1699525, 20250805223000)
 (3220., 3222., 3216., 3217.,  22428., 1697326, 20250805224500)
 (3217., 3219., 3212., 3218.,  58174., 1689575, 20250805230000)
 (3219., 3226., 3212., 3223.,  59478., 1690554, 20250806091500)
 (3222., 3227., 3220., 3225.,  37848., 1691761, 20250806093000)
 (3225., 3229., 3224., 3227.,  33712., 1690571, 20250806094500)
 (3228., 3231., 3225., 3231.,  28723., 1689273, 20250806100000)
 (3231., 3238., 3228., 3237.,  57190., 1683081, 20250806101500)
 (3238., 3245., 3235., 3239.,  81758., 1673990, 20250806104500)
 (3239., 3243., 3235., 3242.,  39355., 1669707, 20250806110000)
 (3242., 3246., 3240., 3244.,  54049., 1668961, 20250806111500)
 (3244., 3245., 3238., 3244.,  36212., 1665543, 20250806113000)
 (3243., 3244., 3233., 3239.,  63879., 1663141, 20250806134500)
 (3240., 3246., 3237., 3240.,  48163., 1663103, 20250806140000)
 (3241., 3242., 3233., 3238.,  42692., 1658965, 20250806141500)
 (3238., 3243., 3234., 3240.,  37088., 1662813, 20250806143000)
 (3240., 3245., 3236., 3239.,  44632., 1660892, 20250806144500)
 (3238., 3240., 3233., 3234.,  65927., 1652569, 20250806150000)]
2025-08-07 15:30:00  INFO  [(3234., 3254., 3234., 3245., 159366., 1661412, 20250806211500)
 (3245., 3251., 3229., 3232., 121439., 1664620, 20250806213000)
 (3231., 3236., 3227., 3234.,  80415., 1666727, 20250806214500)
 (3234., 3239., 3232., 3232.,  37272., 1666827, 20250806220000)
 (3232., 3240., 3232., 3237.,  39490., 1665251, 20250806221500)
 (3238., 3239., 3234., 3234.,  15777., 1666109, 20250806223000)
 (3234., 3238., 3229., 3232.,  39371., 1664944, 20250806224500)
 (3232., 3235., 3229., 3235.,  32838., 1657609, 20250806230000)
 (3233., 3238., 3228., 3230.,  48874., 1660877, 20250807091500)
 (3230., 3234., 3227., 3233.,  29708., 1663319, 20250807093000)
 (3233., 3237., 3228., 3230.,  33684., 1663502, 20250807094500)
 (3230., 3231., 3218., 3220.,  69021., 1664043, 20250807100000)
 (3221., 3229., 3215., 3216.,  72593., 1665299, 20250807101500)
 (3216., 3229., 3214., 3226.,  67217., 1666652, 20250807104500)
 (3226., 3232., 3222., 3229.,  49000., 1663602, 20250807110000)
 (3229., 3240., 3222., 3237.,  60664., 1655898, 20250807111500)
 (3237., 3256., 3237., 3255., 178738., 1652760, 20250807113000)
 (3255., 3262., 3243., 3245., 157101., 1651756, 20250807134500)
 (3245., 3245., 3223., 3234., 169524., 1645685, 20250807140000)
 (3235., 3237., 3225., 3228.,  72246., 1643262, 20250807141500)
 (3227., 3234., 3225., 3229.,  39999., 1642066, 20250807143000)
 (3229., 3234., 3227., 3234.,  31466., 1638037, 20250807144500)
 (3234., 3234., 3228., 3231.,  42847., 1628167, 20250807150000)]
2025-08-08 15:30:00  INFO  [(3235., 3235., 3217., 3219., 124170., 1639659, 20250807211500)
 (3219., 3224., 3215., 3215.,  56370., 1642078, 20250807213000)
 (3217., 3218., 3214., 3215.,  44873., 1644020, 20250807214500)
 (3215., 3217., 3210., 3211.,  57335., 1645128, 20250807220000)
 (3211., 3217., 3207., 3215.,  54982., 1642591, 20250807221500)
 (3216., 3218., 3212., 3213.,  22886., 1641415, 20250807223000)
 (3213., 3215., 3210., 3212.,  25805., 1640099, 20250807224500)
 (3212., 3219., 3211., 3215.,  31913., 1633483, 20250807230000)
 (3217., 3217., 3210., 3211.,  40786., 1639200, 20250808091500)
 (3211., 3215., 3205., 3214.,  60050., 1644335, 20250808093000)
 (3214., 3215., 3206., 3208.,  29147., 1644024, 20250808094500)
 (3208., 3209., 3204., 3208.,  33306., 1644033, 20250808100000)
 (3209., 3222., 3208., 3219.,  51155., 1636920, 20250808101500)
 (3219., 3221., 3214., 3215.,  36098., 1636469, 20250808104500)
 (3216., 3222., 3213., 3217.,  34622., 1637157, 20250808110000)
 (3218., 3218., 3205., 3207.,  47423., 1635999, 20250808111500)
 (3207., 3215., 3205., 3213.,  37828., 1635280, 20250808113000)
 (3211., 3214., 3208., 3211.,  24639., 1635701, 20250808134500)
 (3211., 3215., 3210., 3213.,  17865., 1635577, 20250808140000)
 (3213., 3225., 3212., 3216.,  82288., 1625302, 20250808141500)
 (3216., 3221., 3210., 3211.,  41835., 1625549, 20250808143000)
 (3212., 3216., 3208., 3215.,  37374., 1624122, 20250808144500)
 (3214., 3219., 3212., 3213.,  48123., 1612110, 20250808150000)]
2025-08-11 15:30:00  INFO  [(3210., 3210., 3191., 3201., 150024., 1620219, 20250808211500)
 (3201., 3208., 3200., 3207.,  49359., 1619585, 20250808213000)
 (3207., 3220., 3207., 3218.,  70720., 1622852, 20250808214500)
 (3219., 3220., 3215., 3216.,  33569., 1622917, 20250808220000)
 (3215., 3217., 3205., 3205.,  45811., 1624732, 20250808221500)
 (3206., 3207., 3200., 3204.,  50807., 1628786, 20250808223000)
 (3205., 3207., 3202., 3203.,  27230., 1628634, 20250808224500)
 (3204., 3208., 3203., 3207.,  33669., 1618717, 20250808230000)
 (3212., 3240., 3212., 3232., 212004., 1623312, 20250811091500)
 (3232., 3235., 3224., 3235.,  49793., 1624643, 20250811093000)
 (3235., 3237., 3226., 3228.,  47918., 1622670, 20250811094500)
 (3229., 3237., 3223., 3236.,  51729., 1625283, 20250811100000)
 (3236., 3246., 3233., 3241.,  96094., 1624060, 20250811101500)
 (3241., 3247., 3236., 3247.,  48529., 1622709, 20250811104500)
 (3247., 3249., 3241., 3242.,  44126., 1630000, 20250811110000)
 (3243., 3246., 3239., 3241.,  28402., 1629608, 20250811111500)
 (3240., 3245., 3232., 3233.,  59473., 1624198, 20250811113000)
 (3234., 3244., 3234., 3239.,  40495., 1622956, 20250811134500)
 (3239., 3245., 3237., 3244.,  23807., 1621785, 20250811140000)
 (3244., 3255., 3244., 3249.,  87114., 1618450, 20250811141500)
 (3249., 3252., 3244., 3252.,  52467., 1616695, 20250811143000)
 (3252., 3253., 3244., 3246.,  49545., 1618457, 20250811144500)
 (3247., 3252., 3245., 3250.,  58554., 1612625, 20250811150000)]
2025-08-12 15:30:00  INFO  [(3250., 3251., 3241., 3242., 105994., 1620207, 20250811211500)
 (3242., 3243., 3235., 3235.,  70719., 1631302, 20250811213000)
 (3237., 3239., 3235., 3239.,  26104., 1636391, 20250811214500)
 (3238., 3240., 3235., 3238.,  19128., 1637588, 20250811220000)
 (3239., 3243., 3238., 3243.,  22943., 1639506, 20250811221500)
 (3243., 3244., 3240., 3244.,  24519., 1640320, 20250811223000)
 (3244., 3247., 3242., 3243.,  31306., 1638765, 20250811224500)
 (3243., 3247., 3242., 3247.,  30991., 1630243, 20250811230000)
 (3248., 3257., 3243., 3250.,  94503., 1634382, 20250812091500)
 (3249., 3251., 3240., 3240.,  50925., 1634622, 20250812093000)
 (3240., 3249., 3240., 3249.,  33642., 1633118, 20250812094500)
 (3249., 3254., 3247., 3252.,  43716., 1632006, 20250812100000)
 (3252., 3255., 3248., 3255.,  39931., 1629027, 20250812101500)
 (3255., 3263., 3255., 3262.,  91855., 1623262, 20250812104500)
 (3261., 3262., 3252., 3254.,  45312., 1620614, 20250812110000)
 (3255., 3264., 3253., 3263.,  40545., 1616479, 20250812111500)
 (3264., 3265., 3254., 3259.,  53467., 1617277, 20250812113000)
 (3262., 3268., 3259., 3267.,  71133., 1620716, 20250812134500)
 (3267., 3269., 3261., 3263.,  60836., 1620797, 20250812140000)
 (3262., 3265., 3258., 3260.,  36006., 1621589, 20250812141500)
 (3261., 3266., 3260., 3264.,  29504., 1620497, 20250812143000)
 (3264., 3267., 3258., 3261.,  49836., 1618547, 20250812144500)
 (3262., 3262., 3254., 3258.,  68685., 1605388, 20250812150000)]
2025-08-13 15:30:00  INFO  [(3260., 3273., 3254., 3265., 111663., 1619082, 20250812211500)
 (3266., 3274., 3265., 3271.,  58929., 1623483, 20250812213000)
 (3271., 3272., 3265., 3266.,  38346., 1627765, 20250812214500)
 (3267., 3267., 3252., 3257.,  97473., 1647372, 20250812220000)
 (3257., 3259., 3245., 3247.,  95754., 1645952, 20250812221500)
 (3247., 3253., 3246., 3251.,  43134., 1645198, 20250812223000)
 (3251., 3254., 3247., 3253.,  35397., 1644496, 20250812224500)
 (3253., 3254., 3251., 3253.,  25808., 1640544, 20250812230000)
 (3253., 3258., 3251., 3255.,  40139., 1642635, 20250813091500)
 (3255., 3256., 3246., 3253.,  49133., 1639251, 20250813093000)
 (3253., 3254., 3247., 3249.,  26173., 1638734, 20250813094500)
 (3249., 3253., 3248., 3250.,  20895., 1640825, 20250813100000)
 (3250., 3254., 3247., 3250.,  30472., 1642314, 20250813101500)
 (3249., 3252., 3247., 3248.,  19089., 1642037, 20250813104500)
 (3249., 3249., 3238., 3243.,  65824., 1641010, 20250813110000)
 (3243., 3251., 3241., 3251.,  38844., 1640611, 20250813111500)
 (3251., 3254., 3247., 3252.,  44554., 1637091, 20250813113000)
 (3247., 3249., 3237., 3239.,  70990., 1650630, 20250813134500)
 (3239., 3243., 3235., 3239.,  50321., 1651028, 20250813140000)
 (3238., 3243., 3227., 3229.,  78039., 1653842, 20250813141500)
 (3229., 3234., 3226., 3234.,  70575., 1656221, 20250813143000)
 (3234., 3237., 3228., 3235.,  41135., 1659280, 20250813144500)
 (3235., 3237., 3221., 3222.,  83741., 1652593, 20250813150000)]
2025-08-14 15:30:00  INFO  [(3206., 3219., 3201., 3210., 170898., 1652209, 20250813211500)
 (3210., 3215., 3207., 3212.,  59177., 1651780, 20250813213000)
 (3212., 3216., 3211., 3214.,  27065., 1651470, 20250813214500)
 (3215., 3218., 3214., 3217.,  22644., 1650460, 20250813220000)
 (3216., 3217., 3214., 3214.,  12862., 1649259, 20250813221500)
 (3214., 3215., 3212., 3215.,  15320., 1648419, 20250813223000)
 (3215., 3217., 3212., 3213.,  18567., 1648134, 20250813224500)
 (3213., 3218., 3212., 3216.,  19350., 1643344, 20250813230000)
 (3216., 3225., 3215., 3221.,  54588., 1642062, 20250814091500)
 (3222., 3223., 3216., 3217.,  24877., 1641132, 20250814093000)
 (3217., 3219., 3214., 3214.,  24349., 1642825, 20250814094500)
 (3215., 3215., 3210., 3211.,  36849., 1642271, 20250814100000)
 (3211., 3221., 3210., 3220.,  33495., 1642461, 20250814101500)
 (3219., 3221., 3205., 3206.,  60941., 1646011, 20250814104500)
 (3206., 3211., 3201., 3206.,  59570., 1648521, 20250814110000)
 (3206., 3210., 3197., 3201.,  60666., 1655861, 20250814111500)
 (3200., 3202., 3182., 3184., 173696., 1656982, 20250814113000)
 (3178., 3196., 3174., 3189., 160292., 1659615, 20250814134500)
 (3189., 3192., 3185., 3189.,  45511., 1656792, 20250814140000)
 (3189., 3193., 3187., 3187.,  44183., 1657047, 20250814141500)
 (3188., 3198., 3186., 3197.,  61628., 1648387, 20250814143000)
 (3197., 3198., 3187., 3187.,  46848., 1642596, 20250814144500)
 (3187., 3192., 3184., 3189.,  50337., 1636544, 20250814150000)]
2025-08-15 15:30:00  INFO  [(3189., 3197., 3187., 3195.,  99919., 1637904, 20250814211500)
 (3195., 3200., 3194., 3197.,  51223., 1642585, 20250814213000)
 (3197., 3199., 3194., 3196.,  29906., 1642480, 20250814214500)
 (3196., 3197., 3190., 3191.,  33045., 1645774, 20250814220000)
 (3190., 3194., 3188., 3190.,  26635., 1647061, 20250814221500)
 (3190., 3192., 3187., 3188.,  16475., 1645473, 20250814223000)
 (3189., 3190., 3186., 3189.,  15558., 1645025, 20250814224500)
 (3189., 3193., 3186., 3188.,  36368., 1638969, 20250814230000)
 (3188., 3188., 3175., 3178., 104328., 1640405, 20250815091500)
 (3177., 3182., 3177., 3179.,  26183., 1639178, 20250815093000)
 (3179., 3185., 3176., 3178.,  30501., 1636237, 20250815094500)
 (3177., 3187., 3177., 3186.,  31618., 1632875, 20250815100000)
 (3186., 3187., 3172., 3182.,  85405., 1633072, 20250815101500)
 (3181., 3184., 3177., 3177.,  30622., 1634741, 20250815104500)
 (3177., 3181., 3174., 3175.,  25359., 1636171, 20250815110000)
 (3174., 3176., 3167., 3174.,  70437., 1646949, 20250815111500)
 (3173., 3176., 3169., 3172.,  41470., 1643592, 20250815113000)
 (3175., 3188., 3175., 3187.,  87001., 1635851, 20250815134500)
 (3187., 3192., 3182., 3184.,  71418., 1632391, 20250815140000)
 (3183., 3184., 3172., 3176.,  69042., 1631744, 20250815141500)
 (3176., 3177., 3170., 3175.,  42421., 1634273, 20250815143000)
 (3176., 3181., 3174., 3180.,  34388., 1631117, 20250815144500)
 (3180., 3189., 3179., 3188.,  59683., 1617947, 20250815150000)]
2025-08-18 15:30:00  INFO  [(3190., 3203., 3185., 3198., 127654., 1612446, 20250815211500)
 (3198., 3202., 3196., 3198.,  51570., 1614293, 20250815213000)
 (3198., 3202., 3196., 3199.,  29760., 1615576, 20250815214500)
 (3198., 3199., 3193., 3194.,  27066., 1616170, 20250815220000)
 (3194., 3198., 3192., 3196.,  26630., 1617585, 20250815221500)
 (3197., 3197., 3194., 3197.,  11551., 1618560, 20250815223000)
 (3197., 3199., 3195., 3197.,  20250., 1616112, 20250815224500)
 (3197., 3199., 3193., 3197.,  34306., 1608734, 20250815230000)
 (3195., 3195., 3175., 3186., 139268., 1613353, 20250818091500)
 (3185., 3188., 3180., 3185.,  45868., 1608754, 20250818093000)
 (3185., 3187., 3180., 3183.,  27512., 1609713, 20250818094500)
 (3182., 3190., 3180., 3181.,  41022., 1608262, 20250818100000)
 (3182., 3183., 3176., 3177.,  42161., 1610959, 20250818101500)
 (3177., 3177., 3172., 3176.,  60614., 1621279, 20250818104500)
 (3175., 3177., 3164., 3167.,  83860., 1627642, 20250818110000)
 (3167., 3171., 3162., 3165.,  69219., 1629103, 20250818111500)
 (3165., 3167., 3157., 3158.,  86969., 1629606, 20250818113000)
 (3158., 3163., 3156., 3156.,  53423., 1632667, 20250818134500)
 (3157., 3158., 3150., 3153.,  79664., 1631384, 20250818140000)
 (3153., 3153., 3142., 3145.,  85992., 1631947, 20250818141500)
 (3145., 3153., 3142., 3150.,  64132., 1626609, 20250818143000)
 (3151., 3155., 3150., 3153.,  50413., 1623462, 20250818144500)
 (3153., 3158., 3151., 3155.,  57573., 1609893, 20250818150000)]
2025-08-19 15:30:00  INFO  [(3161., 3170., 3158., 3165., 132403., 1593609, 20250818211500)
 (3166., 3169., 3161., 3168.,  55311., 1592474, 20250818213000)
 (3168., 3169., 3162., 3163.,  30466., 1595339, 20250818214500)
 (3163., 3164., 3160., 3162.,  21722., 1595859, 20250818220000)
 (3162., 3165., 3159., 3162.,  18564., 1596299, 20250818221500)
 (3163., 3163., 3160., 3160.,   8520., 1596384, 20250818223000)
 (3161., 3163., 3156., 3159.,  25752., 1600280, 20250818224500)
 (3159., 3159., 3155., 3156.,  22505., 1598402, 20250818230000)
 (3156., 3160., 3145., 3148.,  69029., 1604631, 20250819091500)
 (3149., 3159., 3145., 3154.,  64581., 1602827, 20250819093000)
 (3155., 3156., 3145., 3147.,  48833., 1606961, 20250819094500)
 (3147., 3151., 3142., 3148.,  58041., 1608791, 20250819100000)
 (3148., 3148., 3139., 3140.,  54038., 1611523, 20250819101500)
 (3141., 3143., 3134., 3135.,  69384., 1614888, 20250819104500)
 (3135., 3136., 3127., 3127.,  78610., 1620535, 20250819110000)
 (3128., 3134., 3125., 3130.,  58779., 1625299, 20250819111500)
 (3131., 3137., 3127., 3136.,  42334., 1619068, 20250819113000)
 (3136., 3138., 3125., 3131.,  61958., 1624995, 20250819134500)
 (3131., 3131., 3122., 3126.,  53324., 1628577, 20250819140000)
 (3125., 3131., 3125., 3128.,  33216., 1626179, 20250819141500)
 (3127., 3129., 3124., 3126.,  29417., 1623084, 20250819143000)
 (3126., 3130., 3124., 3130.,  31429., 1622661, 20250819144500)
 (3130., 3132., 3126., 3126.,  53575., 1608694, 20250819150000)]
2025-08-20 15:30:00  INFO  [(3130., 3132., 3122., 3125.,  89301., 1616747, 20250819211500)
 (3126., 3126., 3118., 3119.,  78782., 1628199, 20250819213000)
 (3118., 3121., 3113., 3117.,  61088., 1631941, 20250819214500)
 (3117., 3125., 3116., 3122.,  80903., 1620474, 20250819220000)
 (3122., 3123., 3115., 3117.,  42579., 1617932, 20250819221500)
 (3117., 3120., 3110., 3114.,  44013., 1621269, 20250819223000)
 (3113., 3115., 3109., 3110.,  46048., 1615202, 20250819224500)
 (3110., 3117., 3106., 3114.,  68518., 1599320, 20250819230000)
 (3112., 3116., 3108., 3114.,  62408., 1596129, 20250820091500)
 (3113., 3119., 3112., 3117.,  30328., 1597163, 20250820093000)
 (3117., 3123., 3114., 3120.,  39924., 1590052, 20250820094500)
 (3120., 3120., 3113., 3114.,  23970., 1589156, 20250820100000)
 (3113., 3119., 3104., 3113.,  92634., 1578126, 20250820101500)
 (3114., 3120., 3112., 3113.,  43984., 1576904, 20250820104500)
 (3113., 3119., 3112., 3116.,  27295., 1573165, 20250820110000)
 (3116., 3122., 3114., 3118.,  32652., 1573816, 20250820111500)
 (3119., 3135., 3118., 3131., 113965., 1562069, 20250820113000)
 (3131., 3141., 3129., 3138., 108711., 1549625, 20250820134500)
 (3139., 3140., 3132., 3138.,  57551., 1545084, 20250820140000)
 (3137., 3139., 3130., 3134.,  51542., 1538698, 20250820141500)
 (3135., 3137., 3128., 3129.,  40137., 1533500, 20250820143000)
 (3128., 3133., 3126., 3132.,  40372., 1529532, 20250820144500)
 (3132., 3135., 3127., 3132.,  40669., 1523392, 20250820150000)]
2025-08-21 15:30:00  INFO  [(3139., 3145., 3129., 3135.,  90354., 1526160, 20250820211500)
 (3136., 3143., 3135., 3137.,  58196., 1528629, 20250820213000)
 (3137., 3139., 3133., 3135.,  37219., 1532492, 20250820214500)
 (3135., 3137., 3133., 3135.,  18868., 1532112, 20250820220000)
 (3135., 3136., 3131., 3132.,  18315., 1531242, 20250820221500)
 (3132., 3142., 3130., 3141.,  46133., 1536187, 20250820223000)
 (3141., 3143., 3138., 3143.,  38079., 1534930, 20250820224500)
 (3143., 3145., 3137., 3137.,  45886., 1523569, 20250820230000)
 (3139., 3142., 3119., 3121., 139623., 1521240, 20250821091500)
 (3121., 3129., 3119., 3126.,  46231., 1516093, 20250821093000)
 (3125., 3127., 3121., 3123.,  29350., 1518239, 20250821094500)
 (3122., 3127., 3120., 3122.,  30202., 1516025, 20250821100000)
 (3122., 3128., 3119., 3120.,  47850., 1512060, 20250821101500)
 (3120., 3127., 3115., 3122.,  63418., 1503511, 20250821104500)
 (3122., 3128., 3120., 3124.,  35366., 1497790, 20250821110000)
 (3125., 3139., 3125., 3137.,  82379., 1478204, 20250821111500)
 (3136., 3143., 3134., 3138.,  58435., 1473373, 20250821113000)
 (3138., 3139., 3130., 3135.,  42099., 1471668, 20250821134500)
 (3135., 3136., 3131., 3133.,  19983., 1471688, 20250821140000)
 (3133., 3136., 3128., 3134.,  26319., 1472499, 20250821141500)
 (3134., 3137., 3128., 3134.,  30708., 1470947, 20250821143000)
 (3134., 3134., 3118., 3119.,  51521., 1468294, 20250821144500)
 (3120., 3127., 3118., 3121.,  68645., 1458111, 20250821150000)]
2025-08-22 15:30:00  INFO  [(3108., 3124., 3108., 3118., 105303., 1458942, 20250821211500)
 (3119., 3121., 3115., 3118.,  25221., 1460160, 20250821213000)
 (3118., 3119., 3112., 3114.,  28173., 1460234, 20250821214500)
 (3113., 3118., 3113., 3115.,  25011., 1461776, 20250821220000)
 (3115., 3124., 3115., 3120.,  38361., 1461512, 20250821221500)
 (3119., 3127., 3119., 3126.,  26298., 1457350, 20250821223000)
 (3126., 3127., 3120., 3121.,  19055., 1454744, 20250821224500)
 (3121., 3124., 3120., 3122.,  20693., 1450015, 20250821230000)
 (3122., 3125., 3113., 3118.,  45516., 1446832, 20250822091500)
 (3117., 3121., 3115., 3119.,  23121., 1446909, 20250822093000)
 (3119., 3122., 3116., 3121.,  21363., 1445247, 20250822094500)
 (3122., 3125., 3117., 3119.,  23667., 1442142, 20250822100000)
 (3119., 3124., 3116., 3120.,  26582., 1440827, 20250822101500)
 (3120., 3123., 3115., 3116.,  24721., 1437005, 20250822104500)
 (3116., 3124., 3115., 3121.,  30506., 1437578, 20250822110000)
 (3121., 3121., 3113., 3115.,  37587., 1432882, 20250822111500)
 (3115., 3122., 3110., 3115.,  48103., 1431037, 20250822113000)
 (3115., 3120., 3114., 3115.,  30364., 1427655, 20250822134500)
 (3115., 3123., 3114., 3115.,  38224., 1424233, 20250822140000)
 (3115., 3117., 3113., 3113.,  23607., 1420401, 20250822141500)
 (3113., 3114., 3106., 3108.,  57526., 1424297, 20250822143000)
 (3109., 3115., 3107., 3110.,  34087., 1422042, 20250822144500)
 (3110., 3119., 3109., 3119.,  48197., 1411603, 20250822150000)]
2025-08-25 15:30:00  INFO  [(3121., 3142., 3121., 3141., 154887., 1411601, 20250822211500)
 (3140., 3147., 3138., 3143.,  73180., 1412585, 20250822213000)
 (3143., 3143., 3138., 3138.,  34296., 1407852, 20250822214500)
 (3138., 3142., 3137., 3140.,  24068., 1406680, 20250822220000)
 (3140., 3151., 3140., 3148.,  59908., 1402254, 20250822221500)
 (3148., 3150., 3144., 3147.,  31429., 1399760, 20250822223000)
 (3147., 3148., 3143., 3144.,  23902., 1399025, 20250822224500)
 (3145., 3155., 3144., 3154.,  51430., 1388349, 20250822230000)
 (3155., 3155., 3140., 3141., 101527., 1383879, 20250825091500)
 (3140., 3143., 3137., 3142.,  47493., 1380613, 20250825093000)
 (3141., 3142., 3132., 3133.,  47059., 1380170, 20250825094500)
 (3133., 3136., 3129., 3133.,  33906., 1381132, 20250825100000)
 (3132., 3140., 3132., 3140.,  27733., 1380277, 20250825101500)
 (3141., 3157., 3141., 3153.,  99459., 1366404, 20250825104500)
 (3153., 3165., 3151., 3158.,  82099., 1356785, 20250825110000)
 (3158., 3160., 3150., 3154.,  42526., 1357747, 20250825111500)
 (3154., 3154., 3143., 3148.,  52694., 1353968, 20250825113000)
 (3146., 3149., 3139., 3142.,  49060., 1356672, 20250825134500)
 (3142., 3147., 3141., 3143.,  28275., 1358858, 20250825140000)
 (3143., 3144., 3140., 3141.,  19919., 1359524, 20250825141500)
 (3142., 3147., 3141., 3146.,  24047., 1358925, 20250825143000)
 (3146., 3147., 3141., 3146.,  24833., 1360512, 20250825144500)
 (3147., 3148., 3137., 3138.,  66583., 1347830, 20250825150000)]
2025-08-26 15:30:00  INFO  [(3142., 3143., 3133., 3134., 88720., 1348874, 20250825211500)
 (3135., 3137., 3133., 3134., 27766., 1349621, 20250825213000)
 (3134., 3137., 3133., 3134., 15582., 1351180, 20250825214500)
 (3135., 3135., 3131., 3131., 29805., 1353087, 20250825220000)
 (3131., 3133., 3128., 3132., 28087., 1352338, 20250825221500)
 (3132., 3132., 3129., 3129., 11526., 1354677, 20250825223000)
 (3129., 3133., 3127., 3129., 21439., 1354914, 20250825224500)
 (3128., 3132., 3127., 3130., 22224., 1349768, 20250825230000)
 (3130., 3130., 3117., 3129., 79177., 1344677, 20250826091500)
 (3129., 3133., 3125., 3130., 30209., 1342476, 20250826093000)
 (3130., 3130., 3126., 3129., 12590., 1340641, 20250826094500)
 (3128., 3133., 3126., 3132., 21165., 1339736, 20250826100000)
 (3132., 3135., 3129., 3133., 25828., 1333810, 20250826101500)
 (3133., 3134., 3128., 3129., 22936., 1332085, 20250826104500)
 (3128., 3132., 3122., 3126., 30416., 1332396, 20250826110000)
 (3127., 3129., 3122., 3127., 30015., 1330115, 20250826111500)
 (3128., 3132., 3123., 3124., 32807., 1326001, 20250826113000)
 (3123., 3124., 3114., 3116., 57769., 1329000, 20250826134500)
 (3116., 3121., 3112., 3120., 44229., 1325887, 20250826140000)
 (3121., 3122., 3116., 3117., 26386., 1322941, 20250826141500)
 (3118., 3120., 3114., 3116., 26119., 1319357, 20250826143000)
 (3115., 3118., 3112., 3113., 33415., 1315274, 20250826144500)
 (3114., 3117., 3111., 3113., 51884., 1308206, 20250826150000)]
2025-08-27 15:30:00  INFO  [(3110., 3117., 3108., 3113., 98230., 1304579, 20250826211500)
 (3113., 3114., 3110., 3113., 36541., 1305636, 20250826213000)
 (3113., 3113., 3108., 3111., 24716., 1306297, 20250826214500)
 (3110., 3113., 3107., 3112., 24812., 1307489, 20250826220000)
 (3111., 3119., 3111., 3118., 33997., 1303477, 20250826221500)
 (3119., 3121., 3116., 3117., 28997., 1299962, 20250826223000)
 (3117., 3119., 3111., 3113., 20903., 1297581, 20250826224500)
 (3112., 3117., 3111., 3114., 20339., 1295371, 20250826230000)
 (3116., 3119., 3112., 3114., 23006., 1293211, 20250827091500)
 (3115., 3118., 3112., 3114., 14751., 1292795, 20250827093000)
 (3113., 3114., 3110., 3113., 20162., 1291944, 20250827094500)
 (3112., 3113., 3097., 3100., 77687., 1289167, 20250827100000)
 (3100., 3110., 3098., 3104., 52109., 1290779, 20250827101500)
 (3104., 3106., 3100., 3104., 37251., 1285146, 20250827104500)
 (3104., 3109., 3099., 3108., 39541., 1283864, 20250827110000)
 (3108., 3128., 3107., 3127., 89980., 1265480, 20250827111500)
 (3127., 3128., 3117., 3120., 83791., 1258335, 20250827113000)
 (3118., 3118., 3110., 3112., 53113., 1254277, 20250827134500)
 (3112., 3118., 3110., 3113., 35956., 1252302, 20250827140000)
 (3113., 3121., 3112., 3118., 49640., 1248434, 20250827141500)
 (3118., 3120., 3111., 3112., 36894., 1244187, 20250827143000)
 (3113., 3123., 3111., 3112., 56442., 1239795, 20250827144500)
 (3112., 3113., 3108., 3111., 47876., 1234764, 20250827150000)]
2025-08-28 15:30:00  INFO  [(3100., 3110., 3100., 3103., 79318., 1240570, 20250827211500)
 (3103., 3107., 3102., 3102., 24481., 1241664, 20250827213000)
 (3102., 3106., 3102., 3105., 21819., 1242860, 20250827214500)
 (3105., 3108., 3104., 3106., 16629., 1240554, 20250827220000)
 (3107., 3112., 3105., 3109., 21333., 1240842, 20250827221500)
 (3109., 3109., 3101., 3102., 20871., 1239458, 20250827223000)
 (3101., 3103., 3100., 3101., 22932., 1240542, 20250827224500)
 (3101., 3105., 3100., 3101., 21252., 1235328, 20250827230000)
 (3102., 3109., 3098., 3106., 62856., 1235631, 20250828091500)
 (3106., 3110., 3104., 3106., 24003., 1235396, 20250828093000)
 (3107., 3110., 3104., 3109., 28834., 1233655, 20250828094500)
 (3108., 3112., 3105., 3107., 36848., 1229098, 20250828100000)
 (3107., 3121., 3106., 3118., 67237., 1218854, 20250828101500)
 (3118., 3121., 3115., 3120., 39604., 1216778, 20250828104500)
 (3121., 3125., 3117., 3119., 53559., 1210315, 20250828110000)
 (3119., 3121., 3116., 3118., 28042., 1208813, 20250828111500)
 (3119., 3119., 3113., 3116., 28496., 1204563, 20250828113000)
 (3112., 3127., 3109., 3125., 78642., 1195457, 20250828134500)
 (3125., 3130., 3123., 3125., 56972., 1188621, 20250828140000)
 (3126., 3135., 3126., 3134., 85453., 1175078, 20250828141500)
 (3134., 3136., 3129., 3134., 47277., 1166798, 20250828143000)
 (3133., 3135., 3130., 3133., 31737., 1158144, 20250828144500)
 (3133., 3135., 3128., 3129., 49207., 1148167, 20250828150000)]
2025-08-29 15:30:00  INFO  [(3132., 3134., 3127., 3127.,  82194., 1133214, 20250828211500)
 (3128., 3130., 3124., 3127.,  32771., 1128062, 20250828213000)
 (3126., 3129., 3125., 3128.,  14926., 1127345, 20250828214500)
 (3128., 3128., 3123., 3124.,  17521., 1126070, 20250828220000)
 (3123., 3126., 3120., 3121.,  28225., 1118845, 20250828221500)
 (3121., 3121., 3115., 3118.,  29970., 1115104, 20250828223000)
 (3118., 3120., 3106., 3106.,  42780., 1112257, 20250828224500)
 (3107., 3112., 3105., 3110.,  36538., 1109077, 20250828230000)
 (3108., 3113., 3106., 3106.,  41304., 1104680, 20250829091500)
 (3106., 3109., 3103., 3106.,  27030., 1104433, 20250829093000)
 (3107., 3108., 3104., 3107.,  20277., 1099938, 20250829094500)
 (3107., 3110., 3105., 3107.,  18924., 1098201, 20250829100000)
 (3106., 3111., 3103., 3104.,  22362., 1097972, 20250829101500)
 (3105., 3111., 3104., 3108.,  21990., 1096106, 20250829104500)
 (3110., 3110., 3103., 3105.,  20054., 1097717, 20250829110000)
 (3105., 3109., 3103., 3106.,  13995., 1095434, 20250829111500)
 (3106., 3108., 3104., 3107.,  16682., 1091459, 20250829113000)
 (3106., 3111., 3103., 3107.,  38150., 1089192, 20250829134500)
 (3108., 3110., 3105., 3109.,  17063., 1086336, 20250829140000)
 (3110., 3111., 3099., 3101.,  47930., 1088370, 20250829141500)
 (3101., 3101., 3083., 3086., 109720., 1082256, 20250829143000)
 (3086., 3092., 3086., 3089.,  45315., 1077606, 20250829144500)
 (3089., 3092., 3087., 3090.,  62951., 1055710, 20250829150000)]
2025-09-01 15:30:00  INFO  [(3095., 3098., 3088., 3093., 95960., 1018317, 20250829211500)
 (3093., 3094., 3082., 3083., 41257., 1006488, 20250829213000)
 (3084., 3084., 3073., 3077., 45993.,  996752, 20250829214500)
 (3077., 3079., 3073., 3074., 22372.,  991444, 20250829220000)
 (3073., 3076., 3067., 3068., 32454.,  982689, 20250829221500)
 (3068., 3075., 3068., 3075., 20162.,  977144, 20250829223000)
 (3075., 3076., 3071., 3072., 17144.,  970931, 20250829224500)
 (3071., 3072., 3065., 3067., 22394.,  963254, 20250829230000)
 (3065., 3066., 3049., 3052., 89181.,  943388, 20250901091500)
 (3052., 3060., 3050., 3058., 31822.,  930702, 20250901093000)
 (3059., 3061., 3051., 3051., 20538.,  924637, 20250901094500)
 (3052., 3052., 3047., 3052., 23694.,  917049, 20250901100000)
 (3051., 3056., 3051., 3053., 18321.,  912914, 20250901101500)
 (3054., 3055., 3042., 3046., 23211.,  910052, 20250901104500)
 (3045., 3046., 3041., 3044., 13758.,  907465, 20250901110000)
 (3043., 3045., 3041., 3043., 11436.,  903915, 20250901111500)
 (3044., 3046., 3036., 3038., 14651.,  899686, 20250901113000)
 (3038., 3042., 3029., 3033., 35416.,  889774, 20250901134500)
 (3033., 3040., 3029., 3040., 18535.,  883369, 20250901140000)
 (3040., 3043., 3038., 3042., 18473.,  877628, 20250901141500)
 (3043., 3045., 3037., 3042., 16836.,  874063, 20250901143000)
 (3042., 3045., 3037., 3040., 14972.,  867607, 20250901144500)
 (3040., 3041., 3034., 3039., 26660.,  859408, 20250901150000)]
2025-09-02 15:30:00  INFO  [(3048., 3048., 3038., 3042., 36296., 852634, 20250901211500)
 (3043., 3047., 3041., 3045., 10857., 851104, 20250901213000)
 (3045., 3047., 3043., 3044.,  8838., 850728, 20250901214500)
 (3044., 3046., 3044., 3044.,  4201., 849875, 20250901220000)
 (3044., 3045., 3040., 3041.,  7331., 848259, 20250901221500)
 (3040., 3041., 3038., 3039.,  3985., 848049, 20250901223000)
 (3039., 3041., 3038., 3039.,  4433., 847363, 20250901224500)
 (3039., 3040., 3036., 3037.,  6457., 844733, 20250901230000)
 (3038., 3038., 3032., 3035., 12956., 842066, 20250902091500)
 (3035., 3039., 3033., 3037.,  5489., 841513, 20250902093000)
 (3037., 3039., 3034., 3038.,  5079., 841037, 20250902094500)
 (3038., 3041., 3036., 3040.,  6966., 838972, 20250902100000)
 (3040., 3042., 3037., 3039.,  6549., 837242, 20250902101500)
 (3040., 3045., 3037., 3038., 10933., 834547, 20250902104500)
 (3038., 3049., 3037., 3049., 14056., 831699, 20250902110000)
 (3049., 3057., 3046., 3048., 25317., 827051, 20250902111500)
 (3048., 3058., 3046., 3051., 15214., 822952, 20250902113000)
 (3051., 3057., 3050., 3054., 12456., 820226, 20250902134500)
 (3053., 3056., 3042., 3043., 11558., 818634, 20250902140000)
 (3043., 3049., 3042., 3047.,  9346., 816432, 20250902141500)
 (3047., 3048., 3043., 3044.,  6349., 813919, 20250902143000)
 (3044., 3050., 3043., 3046.,  7933., 811744, 20250902144500)
 (3046., 3048., 3044., 3047., 12300., 807407, 20250902150000)]
2025-09-03 15:30:00  INFO  [(3048., 3060., 3048., 3060., 33549., 803492, 20250902211500)
 (3060., 3068., 3059., 3065., 22877., 798802, 20250902213000)
 (3064., 3065., 3061., 3063.,  7135., 796233, 20250902214500)
 (3062., 3067., 3062., 3067.,  8525., 793036, 20250902220000)
 (3067., 3070., 3059., 3060., 13196., 792845, 20250902221500)
 (3059., 3062., 3058., 3058.,  5824., 791345, 20250902223000)
 (3058., 3060., 3056., 3057.,  8732., 788376, 20250902224500)
 (3057., 3061., 3056., 3060.,  5493., 786476, 20250902230000)
 (3060., 3064., 3045., 3047., 17290., 785333, 20250903091500)
 (3046., 3052., 3045., 3052.,  9024., 783481, 20250903093000)
 (3052., 3054., 3042., 3043., 10553., 784730, 20250903094500)
 (3043., 3043., 3036., 3039., 10292., 784584, 20250903100000)
 (3039., 3041., 3035., 3038.,  8789., 783365, 20250903101500)
 (3038., 3041., 3035., 3040., 10267., 780795, 20250903104500)
 (3041., 3041., 3033., 3036.,  8673., 781321, 20250903110000)
 (3035., 3039., 3035., 3037.,  4681., 780912, 20250903111500)
 (3036., 3039., 3031., 3032.,  6746., 780478, 20250903113000)
 (3033., 3037., 3026., 3035., 18659., 776931, 20250903134500)
 (3035., 3036., 3031., 3035., 10769., 772207, 20250903140000)
 (3034., 3036., 3030., 3035.,  8076., 770219, 20250903141500)
 (3034., 3036., 3032., 3035.,  5208., 768716, 20250903143000)
 (3034., 3040., 3034., 3038.,  8721., 767401, 20250903144500)
 (3037., 3038., 3032., 3034., 10735., 764189, 20250903150000)]
2025-09-04 15:30:00  INFO  [(3030., 3035., 3022., 3026., 26959., 761681, 20250903211500)
 (3026., 3030., 3021., 3027., 14236., 761781, 20250903213000)
 (3028., 3029., 3022., 3022., 10063., 760308, 20250903214500)
 (3022., 3025., 3021., 3023.,  3348., 759849, 20250903220000)
 (3023., 3024., 3018., 3020.,  7301., 759745, 20250903221500)
 (3020., 3022., 3015., 3016.,  7296., 758714, 20250903223000)
 (3016., 3019., 3015., 3015.,  4849., 757751, 20250903224500)
 (3015., 3019., 3012., 3014., 12137., 754951, 20250903230000)
 (3013., 3022., 3013., 3021., 10041., 753693, 20250904091500)
 (3021., 3025., 3018., 3022.,  6568., 752840, 20250904093000)
 (3021., 3028., 3021., 3025., 18229., 751277, 20250904094500)
 (3026., 3034., 3023., 3033., 15352., 746396, 20250904100000)
 (3033., 3034., 3029., 3030.,  5881., 745306, 20250904101500)
 (3030., 3031., 3024., 3028.,  6474., 744018, 20250904104500)
 (3028., 3044., 3027., 3043., 17143., 742354, 20250904110000)
 (3043., 3044., 3036., 3037., 11724., 739942, 20250904111500)
 (3037., 3047., 3035., 3047., 12303., 736391, 20250904113000)
 (3048., 3049., 3033., 3037., 24521., 733549, 20250904134500)
 (3036., 3043., 3035., 3041.,  8074., 732873, 20250904140000)
 (3042., 3042., 3035., 3040.,  5725., 731070, 20250904141500)
 (3040., 3041., 3035., 3038.,  3756., 730545, 20250904143000)
 (3038., 3046., 3035., 3045.,  6972., 727835, 20250904144500)
 (3045., 3048., 3035., 3035., 12162., 724635, 20250904150000)]
2025-09-05 15:30:00  INFO  [(3037., 3050., 3032., 3036., 12038., 722828, 20250904211500)
 (3036., 3042., 3035., 3039.,  4267., 722526, 20250904213000)
 (3039., 3043., 3037., 3041.,  5426., 721688, 20250904214500)
 (3042., 3042., 3039., 3039.,  2261., 721457, 20250904220000)
 (3040., 3040., 3034., 3038.,  3328., 721650, 20250904221500)
 (3037., 3038., 3034., 3035.,  1535., 721615, 20250904223000)
 (3034., 3036., 3030., 3033.,  5225., 721215, 20250904224500)
 (3033., 3034., 3029., 3034.,  7774., 721181, 20250904230000)
 (3033., 3036., 3029., 3030.,  7292., 720082, 20250905091500)
 (3030., 3033., 3027., 3031.,  5174., 719289, 20250905093000)
 (3031., 3032., 3026., 3027.,  4312., 718777, 20250905094500)
 (3027., 3030., 3023., 3024.,  5819., 718493, 20250905100000)
 (3023., 3025., 3018., 3023., 14704., 713712, 20250905101500)
 (3025., 3028., 3019., 3021.,  9512., 712227, 20250905104500)
 (3020., 3027., 3019., 3024.,  4406., 711183, 20250905110000)
 (3025., 3027., 3022., 3027.,  6275., 709790, 20250905111500)
 (3026., 3040., 3022., 3039., 14170., 707149, 20250905113000)
 (3040., 3053., 3040., 3050., 30689., 698644, 20250905134500)
 (3050., 3059., 3050., 3054., 22055., 693531, 20250905140000)
 (3055., 3063., 3053., 3056., 21631., 690206, 20250905141500)
 (3057., 3061., 3055., 3059., 10736., 687331, 20250905143000)
 (3059., 3063., 3055., 3058., 12438., 681945, 20250905144500)
 (3058., 3058., 3049., 3054., 19725., 673564, 20250905150000)]
