2024-05-16 15:30:00  INFO  [(3620., 3662., 3620., 3662., 161., 128, 20240515211500)
 (3660., 3661., 3653., 3654.,  14., 139, 20240515213000)
 (3655., 3660., 3654., 3655.,  41., 174, 20240515214500)
 (3654., 3655., 3652., 3655.,  29., 200, 20240515220000)
 (3655., 3662., 3655., 3659.,  41., 237, 20240515221500)
 (3660., 3661., 3657., 3657.,   6., 237, 20240515223000)
 (3657., 3661., 3657., 3660.,  12., 247, 20240515224500)
 (3660., 3665., 3660., 3664.,  27., 270, 20240515230000)
 (3663., 3670., 3663., 3668.,  24., 283, 20240516091500)
 (3668., 3692., 3668., 3690.,  37., 300, 20240516093000)
 (3688., 3696., 3686., 3686.,  12., 303, 20240516094500)
 (3683., 3693., 3681., 3682.,  28., 320, 20240516100000)
 (3682., 3689., 3674., 3684.,  73., 366, 20240516101500)
 (3684., 3689., 3681., 3689.,  47., 407, 20240516104500)
 (3686., 3688., 3686., 3688.,  16., 418, 20240516110000)
 (3689., 3689., 3687., 3689.,  46., 459, 20240516111500)
 (3688., 3730., 3688., 3729., 120., 522, 20240516113000)
 (3729., 3745., 3729., 3741., 165., 651, 20240516134500)
 (3740., 3745., 3732., 3737., 182., 773, 20240516140000)
 (3737., 3740., 3735., 3740.,  60., 808, 20240516141500)
 (3740., 3740., 3721., 3721.,  25., 821, 20240516143000)
 (3721., 3738., 3721., 3738.,  67., 865, 20240516144500)
 (3738., 3742., 3738., 3740.,  25., 884, 20240516150000)]
2024-05-17 15:30:00  INFO  [(3750., 3750., 3735., 3739.,  45.,  910, 20240516211500)
 (3739., 3745., 3735., 3736., 126., 1017, 20240516213000)
 (3740., 3741., 3732., 3738.,  66., 1062, 20240516214500)
 (3738., 3739., 3734., 3734.,  24., 1083, 20240516220000)
 (3734., 3738., 3729., 3735.,  33., 1110, 20240516221500)
 (3736., 3736., 3733., 3735.,   8., 1113, 20240516223000)
 (3735., 3746., 3735., 3743.,  57., 1128, 20240516224500)
 (3745., 3749., 3744., 3746.,  35., 1144, 20240516230000)
 (3747., 3754., 3746., 3750., 126., 1221, 20240517091500)
 (3750., 3750., 3744., 3744.,  68., 1251, 20240517093000)
 (3745., 3751., 3742., 3751., 135., 1352, 20240517094500)
 (3750., 3751., 3742., 3745.,  19., 1361, 20240517100000)
 (3745., 3749., 3742., 3742.,  16., 1370, 20240517101500)
 (3742., 3748., 3742., 3747.,  34., 1396, 20240517104500)
 (3747., 3750., 3742., 3745., 122., 1475, 20240517110000)
 (3745., 3749., 3740., 3749., 192., 1619, 20240517111500)
 (3749., 3749., 3740., 3747.,  36., 1612, 20240517113000)
 (3749., 3761., 3749., 3751., 142., 1698, 20240517134500)
 (3749., 3755., 3747., 3755., 260., 1890, 20240517140000)
 (3755., 3755., 3753., 3753.,  10., 1892, 20240517141500)
 (3753., 3754., 3750., 3754.,  32., 1920, 20240517143000)
 (3753., 3755., 3751., 3751.,  26., 1936, 20240517144500)
 (3752., 3754., 3749., 3751.,  30., 1956, 20240517150000)]
2024-05-20 15:30:00  INFO  [(3755., 3755., 3736., 3739.,  97., 2023, 20240517211500)
 (3739., 3744., 3736., 3738.,  54., 2047, 20240517213000)
 (3738., 3748., 3737., 3748.,  57., 2077, 20240517214500)
 (3748., 3751., 3746., 3746.,  27., 2078, 20240517220000)
 (3746., 3748., 3745., 3748.,  21., 2098, 20240517221500)
 (3748., 3750., 3747., 3748.,  15., 2101, 20240517223000)
 (3750., 3752., 3749., 3749.,   8., 2106, 20240517224500)
 (3752., 3760., 3751., 3755.,  33., 2126, 20240517230000)
 (3761., 3788., 3761., 3781., 247., 2118, 20240520091500)
 (3782., 3783., 3772., 3776.,  59., 2137, 20240520093000)
 (3776., 3782., 3776., 3778.,  18., 2149, 20240520094500)
 (3778., 3780., 3778., 3780.,  22., 2166, 20240520100000)
 (3778., 3778., 3778., 3778.,  56., 2197, 20240520101500)
 (3779., 3780., 3777., 3777.,  15., 2208, 20240520104500)
 (3777., 3777., 3764., 3770.,  68., 2230, 20240520110000)
 (3770., 3775., 3769., 3770.,  20., 2235, 20240520111500)
 (3773., 3781., 3773., 3781.,  43., 2257, 20240520113000)
 (3781., 3781., 3777., 3780.,   7., 2253, 20240520134500)
 (3780., 3784., 3780., 3781.,  43., 2277, 20240520140000)
 (3781., 3781., 3779., 3779.,  38., 2281, 20240520141500)
 (3778., 3779., 3772., 3774.,  16., 2287, 20240520143000)
 (3774., 3775., 3765., 3769., 120., 2354, 20240520144500)
 (3768., 3771., 3763., 3766., 131., 2460, 20240520150000)]
2024-05-21 15:30:00  INFO  [(3769., 3774., 3763., 3774.,  34., 2451, 20240520211500)
 (3770., 3775., 3770., 3774., 133., 2542, 20240520213000)
 (3774., 3780., 3774., 3780.,  19., 2550, 20240520214500)
 (3780., 3783., 3777., 3781.,  24., 2564, 20240520220000)
 (3781., 3783., 3780., 3782.,  82., 2566, 20240520221500)
 (3782., 3785., 3779., 3781.,  43., 2600, 20240520223000)
 (3781., 3787., 3781., 3785.,  44., 2601, 20240520224500)
 (3787., 3787., 3780., 3780.,  22., 2605, 20240520230000)
 (3781., 3789., 3780., 3782., 140., 2647, 20240521091500)
 (3782., 3787., 3782., 3782.,  10., 2648, 20240521093000)
 (3780., 3780., 3778., 3778.,  22., 2659, 20240521094500)
 (3778., 3778., 3769., 3771.,  76., 2624, 20240521100000)
 (3774., 3776., 3769., 3775.,  27., 2634, 20240521101500)
 (3769., 3773., 3767., 3770., 111., 2681, 20240521104500)
 (3771., 3773., 3768., 3772.,  34., 2693, 20240521110000)
 (3772., 3775., 3772., 3775.,  41., 2701, 20240521111500)
 (3776., 3776., 3770., 3770.,  65., 2732, 20240521113000)
 (3772., 3772., 3767., 3767.,  24., 2735, 20240521134500)
 (3767., 3774., 3767., 3770.,  11., 2734, 20240521140000)
 (3770., 3783., 3770., 3779.,  60., 2762, 20240521141500)
 (3779., 3779., 3778., 3778.,   1., 2763, 20240521143000)
 (3778., 3780., 3777., 3780.,  29., 2761, 20240521144500)
 (3780., 3786., 3780., 3782.,  26., 2763, 20240521150000)]
2024-05-22 15:30:00  INFO  [(3782., 3798., 3782., 3797.,  75., 2805, 20240521211500)
 (3794., 3797., 3790., 3797.,  37., 2823, 20240521213000)
 (3798., 3798., 3791., 3796.,  42., 2838, 20240521214500)
 (3796., 3798., 3792., 3795.,   7., 2842, 20240521220000)
 (3797., 3807., 3795., 3803.,  46., 2867, 20240521221500)
 (3808., 3830., 3800., 3826., 253., 3015, 20240521223000)
 (3824., 3825., 3820., 3823.,  38., 3028, 20240521224500)
 (3823., 3823., 3817., 3820.,  28., 3031, 20240521230000)
 (3817., 3820., 3813., 3815.,  59., 3047, 20240522091500)
 (3815., 3819., 3815., 3817.,   8., 3049, 20240522093000)
 (3817., 3818., 3816., 3816.,  26., 3062, 20240522094500)
 (3819., 3822., 3817., 3820.,  42., 3073, 20240522100000)
 (3820., 3823., 3818., 3818.,  15., 3074, 20240522101500)
 (3814., 3819., 3814., 3815.,   8., 3074, 20240522104500)
 (3815., 3821., 3815., 3821.,   8., 3076, 20240522110000)
 (3821., 3826., 3821., 3825.,  60., 3096, 20240522111500)
 (3825., 3827., 3822., 3825.,  27., 3098, 20240522113000)
 (3825., 3825., 3820., 3823.,  27., 3115, 20240522134500)
 (3825., 3837., 3823., 3833., 239., 3300, 20240522140000)
 (3833., 3837., 3833., 3836.,  77., 3366, 20240522141500)
 (3836., 3839., 3833., 3839.,  58., 3402, 20240522143000)
 (3840., 3847., 3840., 3843., 176., 3477, 20240522144500)
 (3843., 3854., 3842., 3842., 327., 3691, 20240522150000)]
2024-05-23 15:30:00  INFO  [(3840., 3848., 3834., 3848.,  76., 3717, 20240522211500)
 (3846., 3846., 3842., 3842.,  64., 3723, 20240522213000)
 (3842., 3843., 3840., 3840.,  43., 3711, 20240522214500)
 (3840., 3842., 3839., 3839.,  15., 3712, 20240522220000)
 (3841., 3842., 3835., 3835., 119., 3689, 20240522221500)
 (3835., 3835., 3825., 3833.,  48., 3687, 20240522223000)
 (3834., 3841., 3832., 3835.,  26., 3673, 20240522224500)
 (3834., 3837., 3829., 3829.,  12., 3674, 20240522230000)
 (3827., 3831., 3816., 3822., 216., 3589, 20240523091500)
 (3822., 3822., 3819., 3820.,  21., 3593, 20240523093000)
 (3818., 3818., 3817., 3817.,   3., 3593, 20240523094500)
 (3817., 3828., 3816., 3825.,  46., 3577, 20240523100000)
 (3825., 3828., 3819., 3819.,  21., 3585, 20240523101500)
 (3819., 3820., 3818., 3820.,  13., 3588, 20240523104500)
 (3819., 3820., 3818., 3820.,  12., 3596, 20240523110000)
 (3820., 3821., 3820., 3821.,  12., 3602, 20240523111500)
 (3821., 3822., 3807., 3808., 129., 3612, 20240523113000)
 (3808., 3808., 3802., 3804., 130., 3637, 20240523134500)
 (3804., 3806., 3801., 3804., 117., 3573, 20240523140000)
 (3804., 3810., 3804., 3809.,  19., 3577, 20240523141500)
 (3809., 3815., 3809., 3813.,  27., 3572, 20240523143000)
 (3813., 3815., 3811., 3812.,  18., 3574, 20240523144500)
 (3812., 3815., 3812., 3815.,  17., 3574, 20240523150000)]
2024-05-24 15:30:00  INFO  [(3820., 3826., 3820., 3824.,  91., 3620, 20240523211500)
 (3824., 3827., 3821., 3823.,  11., 3622, 20240523213000)
 (3823., 3828., 3823., 3826.,   9., 3622, 20240523214500)
 (3826., 3826., 3818., 3818.,  10., 3631, 20240523220000)
 (3818., 3823., 3818., 3822.,   7., 3633, 20240523221500)
 (3822., 3823., 3821., 3821.,   9., 3636, 20240523223000)
 (3820., 3821., 3818., 3818.,  23., 3647, 20240523224500)
 (3818., 3821., 3818., 3821.,  36., 3633, 20240523230000)
 (3821., 3821., 3813., 3817.,  26., 3633, 20240524091500)
 (3816., 3822., 3816., 3820.,  13., 3641, 20240524093000)
 (3822., 3823., 3817., 3823.,  24., 3645, 20240524094500)
 (3823., 3825., 3821., 3825.,  23., 3648, 20240524100000)
 (3825., 3833., 3825., 3832.,  20., 3646, 20240524101500)
 (3832., 3832., 3826., 3826.,  30., 3659, 20240524104500)
 (3826., 3832., 3826., 3831.,  21., 3667, 20240524110000)
 (3830., 3830., 3830., 3830.,   1., 3668, 20240524111500)
 (3830., 3830., 3825., 3829.,   3., 3668, 20240524113000)
 (3826., 3832., 3826., 3828.,  52., 3670, 20240524134500)
 (3827., 3832., 3827., 3829.,  43., 3688, 20240524140000)
 (3829., 3829., 3828., 3828.,   3., 3690, 20240524141500)
 (3828., 3832., 3828., 3829.,  71., 3726, 20240524143000)
 (3829., 3829., 3822., 3823.,  19., 3725, 20240524144500)
 (3824., 3826., 3819., 3826., 109., 3734, 20240524150000)]
2024-05-27 15:30:00  INFO  [(3826., 3828., 3822., 3826.,  37., 3743, 20240524211500)
 (3826., 3829., 3826., 3826.,   7., 3743, 20240524213000)
 (3826., 3828., 3826., 3828.,   2., 3742, 20240524214500)
 (3828., 3828., 3823., 3823.,  13., 3754, 20240524220000)
 (3822., 3826., 3822., 3825.,  37., 3788, 20240524221500)
 (3825., 3826., 3825., 3826.,   6., 3782, 20240524223000)
 (3826., 3826., 3825., 3825.,  26., 3791, 20240524224500)
 (3824., 3828., 3821., 3826.,  28., 3778, 20240524230000)
 (3823., 3823., 3810., 3816.,  81., 3819, 20240527091500)
 (3816., 3817., 3815., 3815.,   3., 3820, 20240527093000)
 (3815., 3815., 3813., 3813.,  72., 3885, 20240527094500)
 (3813., 3819., 3813., 3816.,  56., 3923, 20240527100000)
 (3816., 3817., 3816., 3817.,  33., 3951, 20240527101500)
 (3817., 3817., 3810., 3811., 228., 4144, 20240527104500)
 (3811., 3811., 3805., 3811., 118., 4210, 20240527110000)
 (3811., 3811., 3803., 3807., 149., 4312, 20240527111500)
 (3807., 3812., 3807., 3809.,  89., 4378, 20240527113000)
 (3809., 3809., 3797., 3799., 217., 4492, 20240527134500)
 (3799., 3804., 3793., 3796., 150., 4499, 20240527140000)
 (3796., 3802., 3790., 3797., 171., 4582, 20240527141500)
 (3797., 3798., 3792., 3797.,  62., 4631, 20240527143000)
 (3797., 3802., 3796., 3802.,  63., 4674, 20240527144500)
 (3802., 3807., 3802., 3807.,  35., 4691, 20240527150000)]
2024-05-28 15:30:00  INFO  [(3806., 3815., 3806., 3813.,  78., 4730, 20240527211500)
 (3812., 3813., 3810., 3810.,  25., 4750, 20240527213000)
 (3810., 3814., 3810., 3810.,  28., 4750, 20240527214500)
 (3810., 3814., 3810., 3810.,   5., 4749, 20240527220000)
 (3810., 3810., 3810., 3810.,   1., 4749, 20240527221500)
 (3810., 3810., 3809., 3809.,   8., 4745, 20240527223000)
 (3809., 3817., 3809., 3817.,   7., 4749, 20240527224500)
 (3817., 3819., 3813., 3817.,  38., 4758, 20240527230000)
 (3820., 3829., 3820., 3826., 122., 4775, 20240528091500)
 (3825., 3825., 3821., 3822.,  16., 4786, 20240528093000)
 (3822., 3824., 3822., 3823.,   3., 4786, 20240528094500)
 (3823., 3825., 3822., 3822.,  27., 4806, 20240528100000)
 (3822., 3828., 3821., 3824.,  26., 4805, 20240528101500)
 (3824., 3828., 3824., 3825.,   2., 4806, 20240528104500)
 (3825., 3828., 3824., 3825.,  13., 4806, 20240528110000)
 (3825., 3826., 3818., 3818.,  46., 4835, 20240528111500)
 (3819., 3819., 3813., 3817., 141., 4890, 20240528113000)
 (3820., 3820., 3812., 3813.,  25., 4902, 20240528134500)
 (3813., 3815., 3807., 3807.,  43., 4916, 20240528140000)
 (3807., 3809., 3798., 3800., 201., 4902, 20240528141500)
 (3800., 3807., 3792., 3799.,  76., 4889, 20240528143000)
 (3799., 3805., 3797., 3797.,  20., 4880, 20240528144500)
 (3797., 3800., 3792., 3794.,  71., 4899, 20240528150000)]
2024-05-29 15:30:00  INFO  [(3800., 3803., 3796., 3796.,  23., 4906, 20240528211500)
 (3795., 3799., 3793., 3793.,  17., 4910, 20240528213000)
 (3793., 3797., 3792., 3792.,  18., 4903, 20240528214500)
 (3792., 3796., 3791., 3794.,  21., 4902, 20240528220000)
 (3793., 3797., 3789., 3797.,  38., 4910, 20240528221500)
 (3797., 3799., 3797., 3798.,  25., 4931, 20240528223000)
 (3798., 3804., 3798., 3804.,  28., 4934, 20240528224500)
 (3804., 3804., 3795., 3795.,  30., 4958, 20240528230000)
 (3795., 3799., 3792., 3796., 167., 5107, 20240529091500)
 (3796., 3807., 3796., 3804.,  99., 5142, 20240529093000)
 (3804., 3807., 3800., 3803.,  76., 5176, 20240529094500)
 (3802., 3803., 3801., 3802.,  29., 5200, 20240529100000)
 (3802., 3807., 3802., 3807.,  37., 5203, 20240529101500)
 (3807., 3808., 3806., 3808.,  10., 5206, 20240529104500)
 (3808., 3808., 3797., 3798.,  17., 5206, 20240529110000)
 (3801., 3801., 3798., 3798.,  30., 5221, 20240529111500)
 (3798., 3800., 3796., 3798.,  18., 5221, 20240529113000)
 (3798., 3802., 3791., 3796.,  92., 5214, 20240529134500)
 (3796., 3800., 3796., 3797., 106., 5267, 20240529140000)
 (3797., 3806., 3796., 3800.,  93., 5310, 20240529141500)
 (3800., 3809., 3800., 3806.,  93., 5322, 20240529143000)
 (3807., 3815., 3805., 3809.,  88., 5361, 20240529144500)
 (3809., 3815., 3807., 3807.,  27., 5372, 20240529150000)]
2024-05-30 15:30:00  INFO  [(3802., 3828., 3802., 3822., 179., 5408, 20240529211500)
 (3825., 3863., 3824., 3850., 219., 5459, 20240529213000)
 (3848., 3856., 3841., 3844., 114., 5464, 20240529214500)
 (3846., 3850., 3841., 3850.,  47., 5466, 20240529220000)
 (3850., 3852., 3849., 3852.,  12., 5468, 20240529221500)
 (3852., 3852., 3847., 3847.,  16., 5469, 20240529223000)
 (3847., 3852., 3847., 3852.,   6., 5469, 20240529224500)
 (3852., 3853., 3848., 3848.,  27., 5489, 20240529230000)
 (3850., 3855., 3847., 3854.,  87., 5525, 20240530091500)
 (3847., 3850., 3845., 3846.,  13., 5528, 20240530093000)
 (3846., 3846., 3841., 3845., 182., 5580, 20240530094500)
 (3845., 3850., 3845., 3848.,  47., 5588, 20240530100000)
 (3848., 3855., 3848., 3855.,  34., 5613, 20240530101500)
 (3855., 3855., 3840., 3842., 145., 5729, 20240530104500)
 (3844., 3847., 3830., 3841., 220., 5767, 20240530110000)
 (3840., 3841., 3832., 3834.,  49., 5788, 20240530111500)
 (3835., 3836., 3816., 3816., 215., 5910, 20240530113000)
 (3815., 3819., 3803., 3809., 208., 5971, 20240530134500)
 (3809., 3813., 3806., 3806., 107., 6032, 20240530140000)
 (3806., 3810., 3803., 3805., 116., 5977, 20240530141500)
 (3805., 3810., 3804., 3810.,  31., 5974, 20240530143000)
 (3810., 3813., 3805., 3807.,  87., 6003, 20240530144500)
 (3807., 3810., 3807., 3810.,  25., 6012, 20240530150000)]
2024-05-31 15:30:00  INFO  [(3802., 3807., 3782., 3795., 283., 6150, 20240530211500)
 (3795., 3799., 3793., 3798.,  66., 6168, 20240530213000)
 (3801., 3809., 3801., 3804.,  24., 6174, 20240530214500)
 (3804., 3806., 3800., 3801.,  49., 6201, 20240530220000)
 (3802., 3802., 3795., 3799.,  89., 6238, 20240530221500)
 (3793., 3799., 3792., 3792., 174., 6370, 20240530223000)
 (3795., 3796., 3786., 3789., 208., 6526, 20240530224500)
 (3790., 3793., 3782., 3788., 190., 6585, 20240530230000)
 (3792., 3796., 3786., 3790.,  97., 6619, 20240531091500)
 (3790., 3798., 3790., 3798.,  42., 6634, 20240531093000)
 (3798., 3805., 3796., 3803., 195., 6750, 20240531094500)
 (3803., 3803., 3794., 3797., 240., 6948, 20240531100000)
 (3794., 3796., 3793., 3793., 237., 7152, 20240531101500)
 (3792., 3796., 3789., 3789., 145., 7154, 20240531104500)
 (3790., 3790., 3784., 3789., 277., 7057, 20240531110000)
 (3788., 3790., 3781., 3783., 346., 7037, 20240531111500)
 (3782., 3786., 3780., 3786.,  93., 7076, 20240531113000)
 (3792., 3796., 3790., 3792.,  61., 7080, 20240531134500)
 (3792., 3798., 3792., 3797., 102., 7114, 20240531140000)
 (3797., 3797., 3787., 3790.,  15., 7114, 20240531141500)
 (3790., 3794., 3782., 3789.,  83., 7111, 20240531143000)
 (3789., 3792., 3789., 3790.,  14., 7115, 20240531144500)
 (3788., 3790., 3784., 3785., 106., 7105, 20240531150000)]
2024-06-03 15:30:00  INFO  [(3786., 3792., 3785., 3789.,  48., 7118, 20240531211500)
 (3789., 3789., 3774., 3777., 238., 7154, 20240531213000)
 (3777., 3779., 3774., 3778., 113., 7172, 20240531214500)
 (3778., 3778., 3772., 3773., 133., 7237, 20240531220000)
 (3773., 3775., 3769., 3770., 106., 7216, 20240531221500)
 (3770., 3778., 3765., 3767., 101., 7218, 20240531223000)
 (3767., 3767., 3759., 3763.,  61., 7212, 20240531224500)
 (3763., 3766., 3758., 3765., 156., 7176, 20240531230000)
 (3759., 3767., 3759., 3765.,  79., 7187, 20240603091500)
 (3766., 3775., 3765., 3772.,  91., 7212, 20240603093000)
 (3774., 3778., 3767., 3768., 167., 7187, 20240603094500)
 (3770., 3772., 3765., 3769.,  67., 7209, 20240603100000)
 (3766., 3766., 3758., 3758.,  49., 7211, 20240603101500)
 (3760., 3763., 3750., 3755., 257., 7282, 20240603104500)
 (3754., 3754., 3749., 3752.,  50., 7293, 20240603110000)
 (3752., 3752., 3740., 3741., 255., 7281, 20240603111500)
 (3744., 3744., 3734., 3737., 290., 7372, 20240603113000)
 (3737., 3744., 3732., 3741., 254., 7382, 20240603134500)
 (3743., 3745., 3734., 3742., 116., 7404, 20240603140000)
 (3745., 3747., 3742., 3742.,  21., 7399, 20240603141500)
 (3740., 3741., 3735., 3739.,  61., 7412, 20240603143000)
 (3737., 3740., 3734., 3737., 214., 7497, 20240603144500)
 (3737., 3740., 3733., 3737., 151., 7619, 20240603150000)]
2024-06-04 15:30:00  INFO  [(3737., 3743., 3726., 3743.,  31., 7625, 20240603211500)
 (3745., 3747., 3740., 3743.,  36., 7623, 20240603213000)
 (3743., 3743., 3735., 3736.,   5., 7623, 20240603214500)
 (3736., 3737., 3732., 3734.,  14., 7632, 20240603220000)
 (3734., 3737., 3733., 3736.,  16., 7639, 20240603221500)
 (3736., 3737., 3734., 3737.,  45., 7642, 20240603223000)
 (3737., 3737., 3733., 3733.,  22., 7642, 20240603224500)
 (3733., 3736., 3732., 3732.,  21., 7634, 20240603230000)
 (3732., 3742., 3732., 3738.,  50., 7632, 20240604091500)
 (3738., 3738., 3733., 3733.,  20., 7631, 20240604093000)
 (3733., 3735., 3727., 3728.,  43., 7633, 20240604094500)
 (3728., 3729., 3723., 3726., 118., 7620, 20240604100000)
 (3726., 3742., 3726., 3737., 117., 7664, 20240604101500)
 (3737., 3737., 3730., 3730.,  56., 7675, 20240604104500)
 (3731., 3733., 3728., 3731.,  18., 7669, 20240604110000)
 (3731., 3731., 3726., 3727.,  37., 7659, 20240604111500)
 (3727., 3731., 3727., 3729.,  32., 7677, 20240604113000)
 (3728., 3728., 3721., 3721.,  75., 7647, 20240604134500)
 (3720., 3723., 3718., 3718.,  59., 7631, 20240604140000)
 (3718., 3723., 3717., 3720., 102., 7647, 20240604141500)
 (3720., 3726., 3720., 3725., 351., 7843, 20240604143000)
 (3725., 3727., 3722., 3727., 293., 8001, 20240604144500)
 (3726., 3734., 3720., 3722., 120., 8004, 20240604150000)]
2024-06-05 15:30:00  INFO  [(3712., 3719., 3710., 3713., 124., 8014, 20240604211500)
 (3714., 3721., 3714., 3721.,  79., 8038, 20240604213000)
 (3721., 3722., 3720., 3721.,   8., 8039, 20240604214500)
 (3720., 3721., 3718., 3718.,  47., 8067, 20240604220000)
 (3718., 3726., 3718., 3726.,  14., 8068, 20240604221500)
 (3727., 3730., 3725., 3730.,  42., 8085, 20240604223000)
 (3730., 3732., 3725., 3728.,  79., 8087, 20240604224500)
 (3728., 3728., 3724., 3728., 221., 8253, 20240604230000)
 (3730., 3730., 3723., 3728.,  63., 8237, 20240605091500)
 (3727., 3728., 3727., 3727.,  36., 8248, 20240605093000)
 (3727., 3727., 3723., 3723.,  51., 8246, 20240605094500)
 (3723., 3725., 3719., 3721.,  89., 8277, 20240605100000)
 (3721., 3724., 3717., 3717.,  59., 8305, 20240605101500)
 (3717., 3719., 3713., 3713.,  73., 8309, 20240605104500)
 (3713., 3716., 3711., 3716.,  76., 8296, 20240605110000)
 (3716., 3716., 3711., 3714.,  27., 8290, 20240605111500)
 (3714., 3716., 3711., 3711.,  10., 8295, 20240605113000)
 (3712., 3715., 3706., 3708.,  76., 8291, 20240605134500)
 (3707., 3711., 3707., 3711.,  31., 8290, 20240605140000)
 (3711., 3722., 3711., 3712.,  50., 8296, 20240605141500)
 (3710., 3712., 3709., 3712.,  34., 8294, 20240605143000)
 (3710., 3711., 3707., 3707., 322., 8259, 20240605144500)
 (3706., 3709., 3702., 3709.,  64., 8275, 20240605150000)]
2024-06-06 15:30:00  INFO  [(3708., 3720., 3708., 3720.,  62., 8274, 20240605211500)
 (3720., 3724., 3719., 3723.,  94., 8261, 20240605213000)
 (3721., 3722., 3720., 3720.,  85., 8298, 20240605214500)
 (3720., 3721., 3713., 3713.,  64., 8320, 20240605220000)
 (3713., 3713., 3708., 3708., 122., 8317, 20240605221500)
 (3708., 3716., 3708., 3715.,  79., 8321, 20240605223000)
 (3714., 3716., 3713., 3713.,  17., 8317, 20240605224500)
 (3714., 3717., 3713., 3715., 133., 8297, 20240605230000)
 (3717., 3727., 3717., 3721., 152., 8353, 20240606091500)
 (3722., 3723., 3718., 3719.,  61., 8332, 20240606093000)
 (3719., 3721., 3716., 3717.,  29., 8339, 20240606094500)
 (3717., 3719., 3716., 3717.,  62., 8333, 20240606100000)
 (3717., 3719., 3716., 3717.,  21., 8331, 20240606101500)
 (3718., 3721., 3718., 3721.,  20., 8332, 20240606104500)
 (3722., 3723., 3718., 3719.,  29., 8327, 20240606110000)
 (3718., 3724., 3718., 3723.,  62., 8339, 20240606111500)
 (3722., 3722., 3716., 3720.,  63., 8336, 20240606113000)
 (3717., 3729., 3717., 3722., 210., 8362, 20240606134500)
 (3723., 3728., 3722., 3728.,  63., 8351, 20240606140000)
 (3731., 3738., 3727., 3734., 132., 8370, 20240606141500)
 (3734., 3743., 3734., 3734., 162., 8366, 20240606143000)
 (3732., 3738., 3730., 3738.,  30., 8350, 20240606144500)
 (3740., 3740., 3731., 3739., 285., 8433, 20240606150000)]
2024-06-07 15:30:00  INFO  [(3742., 3751., 3740., 3746., 354., 8619, 20240606211500)
 (3747., 3762., 3744., 3755., 685., 9015, 20240606213000)
 (3754., 3756., 3751., 3755.,  74., 9031, 20240606214500)
 (3756., 3763., 3754., 3759., 126., 9078, 20240606220000)
 (3759., 3761., 3756., 3759.,  27., 9074, 20240606221500)
 (3759., 3763., 3758., 3758.,  38., 9071, 20240606223000)
 (3758., 3765., 3758., 3764.,  41., 9062, 20240606224500)
 (3765., 3771., 3763., 3768.,  93., 9065, 20240606230000)
 (3768., 3777., 3763., 3763., 143., 9121, 20240607091500)
 (3762., 3762., 3755., 3755.,  68., 9147, 20240607093000)
 (3758., 3758., 3752., 3753.,  63., 9109, 20240607094500)
 (3753., 3753., 3745., 3750.,  69., 9099, 20240607100000)
 (3751., 3751., 3745., 3747.,  59., 9104, 20240607101500)
 (3744., 3747., 3743., 3744., 108., 9099, 20240607104500)
 (3744., 3747., 3741., 3744.,  45., 9091, 20240607110000)
 (3745., 3746., 3742., 3742., 138., 9074, 20240607111500)
 (3745., 3748., 3743., 3748.,  42., 9073, 20240607113000)
 (3751., 3751., 3737., 3737., 144., 9114, 20240607134500)
 (3737., 3740., 3733., 3739.,  84., 9082, 20240607140000)
 (3739., 3742., 3737., 3739.,  22., 9090, 20240607141500)
 (3739., 3741., 3732., 3741.,  27., 9100, 20240607143000)
 (3741., 3741., 3736., 3741.,  50., 9106, 20240607144500)
 (3737., 3744., 3733., 3743., 123., 9112, 20240607150000)]
2024-06-11 15:30:00  INFO  [(3745., 3746., 3742., 3742., 138., 9074, 20240607111500)
 (3745., 3748., 3743., 3748.,  42., 9073, 20240607113000)
 (3751., 3751., 3737., 3737., 144., 9114, 20240607134500)
 (3737., 3740., 3733., 3739.,  84., 9082, 20240607140000)
 (3739., 3742., 3737., 3739.,  22., 9090, 20240607141500)
 (3739., 3741., 3732., 3741.,  27., 9100, 20240607143000)
 (3741., 3741., 3736., 3741.,  50., 9106, 20240607144500)
 (3737., 3744., 3733., 3743., 123., 9112, 20240607150000)
 (3729., 3734., 3718., 3718., 180., 9124, 20240611091500)
 (3720., 3730., 3720., 3722., 287., 9088, 20240611093000)
 (3722., 3723., 3713., 3714., 203., 9047, 20240611094500)
 (3714., 3714., 3706., 3709., 137., 9087, 20240611100000)
 (3709., 3709., 3698., 3698., 222., 9056, 20240611101500)
 (3698., 3706., 3695., 3695., 204., 9051, 20240611104500)
 (3696., 3699., 3695., 3696.,  61., 9069, 20240611110000)
 (3696., 3705., 3695., 3699.,  52., 9073, 20240611111500)
 (3699., 3703., 3698., 3698.,  38., 9081, 20240611113000)
 (3699., 3700., 3689., 3692.,  88., 9083, 20240611134500)
 (3692., 3693., 3691., 3691.,  31., 9094, 20240611140000)
 (3691., 3693., 3688., 3693.,  47., 9116, 20240611141500)
 (3695., 3700., 3695., 3698.,  54., 9110, 20240611143000)
 (3696., 3699., 3693., 3693.,  17., 9116, 20240611144500)
 (3693., 3693., 3687., 3687.,  68., 9115, 20240611150000)]
2024-06-12 15:30:00  INFO  [(3682., 3697., 3682., 3685., 110., 9148, 20240611211500)
 (3685., 3690., 3683., 3690.,  36., 9152, 20240611213000)
 (3691., 3691., 3683., 3685.,  81., 9162, 20240611214500)
 (3685., 3687., 3685., 3687.,   6., 9165, 20240611220000)
 (3687., 3690., 3684., 3684.,  27., 9172, 20240611221500)
 (3686., 3686., 3683., 3684.,  38., 9192, 20240611223000)
 (3684., 3688., 3683., 3688.,  39., 9201, 20240611224500)
 (3685., 3686., 3680., 3681.,  57., 9203, 20240611230000)
 (3685., 3693., 3684., 3691., 153., 9146, 20240612091500)
 (3691., 3702., 3688., 3699., 125., 9165, 20240612093000)
 (3701., 3706., 3701., 3706.,  53., 9135, 20240612094500)
 (3706., 3706., 3696., 3700.,  40., 9154, 20240612100000)
 (3695., 3697., 3691., 3691.,  37., 9151, 20240612101500)
 (3691., 3691., 3684., 3686., 101., 9104, 20240612104500)
 (3686., 3690., 3684., 3686., 158., 9113, 20240612110000)
 (3686., 3690., 3685., 3686., 280., 9298, 20240612111500)
 (3686., 3696., 3684., 3692., 195., 9341, 20240612113000)
 (3695., 3702., 3695., 3700., 138., 9311, 20240612134500)
 (3700., 3700., 3695., 3697.,  47., 9322, 20240612140000)
 (3697., 3701., 3696., 3701.,  47., 9335, 20240612141500)
 (3702., 3702., 3696., 3697.,  13., 9337, 20240612143000)
 (3697., 3699., 3696., 3696.,  19., 9340, 20240612144500)
 (3696., 3700., 3694., 3695.,  21., 9334, 20240612150000)]
2024-06-13 15:30:00  INFO  [(3706., 3714., 3701., 3703., 179., 9336, 20240612211500)
 (3703., 3706., 3699., 3703.,  77., 9349, 20240612213000)
 (3705., 3706., 3701., 3703.,  60., 9393, 20240612214500)
 (3700., 3704., 3700., 3704.,  31., 9408, 20240612220000)
 (3704., 3704., 3702., 3702.,  15., 9413, 20240612221500)
 (3704., 3705., 3702., 3703.,  16., 9418, 20240612223000)
 (3703., 3704., 3701., 3701.,  13., 9417, 20240612224500)
 (3700., 3701., 3697., 3701.,  43., 9439, 20240612230000)
 (3700., 3701., 3686., 3687., 280., 9526, 20240613091500)
 (3687., 3693., 3680., 3689., 233., 9522, 20240613093000)
 (3690., 3700., 3686., 3700., 176., 9613, 20240613094500)
 (3697., 3697., 3691., 3691.,  43., 9640, 20240613100000)
 (3691., 3707., 3691., 3701., 228., 9672, 20240613101500)
 (3690., 3701., 3690., 3697.,  95., 9650, 20240613104500)
 (3697., 3699., 3696., 3696.,  60., 9663, 20240613110000)
 (3696., 3696., 3689., 3689.,  39., 9683, 20240613111500)
 (3689., 3696., 3689., 3696.,  19., 9680, 20240613113000)
 (3699., 3705., 3699., 3702.,  33., 9684, 20240613134500)
 (3702., 3702., 3697., 3697.,  23., 9694, 20240613140000)
 (3697., 3702., 3697., 3700.,  62., 9720, 20240613141500)
 (3700., 3700., 3698., 3698.,   8., 9719, 20240613143000)
 (3698., 3702., 3698., 3700.,  27., 9729, 20240613144500)
 (3702., 3703., 3698., 3698., 110., 9734, 20240613150000)]
2024-06-14 15:30:00  INFO  [(3708., 3717., 3703., 3713., 265.,  9863, 20240613211500)
 (3716., 3716., 3708., 3711., 125.,  9937, 20240613213000)
 (3712., 3712., 3708., 3708., 344., 10205, 20240613214500)
 (3710., 3713., 3707., 3707.,  66., 10230, 20240613220000)
 (3702., 3708., 3702., 3703.,  50., 10226, 20240613221500)
 (3703., 3704., 3700., 3703.,  92., 10237, 20240613223000)
 (3703., 3705., 3703., 3705.,   4., 10238, 20240613224500)
 (3706., 3710., 3702., 3702.,  72., 10238, 20240613230000)
 (3702., 3708., 3702., 3707.,  43., 10242, 20240614091500)
 (3707., 3707., 3702., 3703.,  12., 10243, 20240614093000)
 (3703., 3705., 3701., 3705.,  14., 10245, 20240614094500)
 (3705., 3707., 3704., 3707.,  60., 10260, 20240614100000)
 (3708., 3709., 3705., 3708.,  87., 10267, 20240614101500)
 (3708., 3712., 3704., 3711.,  70., 10296, 20240614104500)
 (3711., 3718., 3709., 3718., 102., 10282, 20240614110000)
 (3718., 3718., 3707., 3712.,  60., 10296, 20240614111500)
 (3712., 3718., 3710., 3718., 152., 10281, 20240614113000)
 (3718., 3722., 3716., 3719., 561., 10315, 20240614134500)
 (3720., 3723., 3714., 3717., 408., 10330, 20240614140000)
 (3717., 3719., 3716., 3718.,  25., 10325, 20240614141500)
 (3718., 3719., 3714., 3719.,  20., 10318, 20240614143000)
 (3719., 3721., 3713., 3713., 268., 10473, 20240614144500)
 (3712., 3714., 3697., 3700., 348., 10567, 20240614150000)]
2024-06-17 15:30:00  INFO  [(3703., 3710., 3702., 3707., 127., 10597, 20240614211500)
 (3708., 3709., 3703., 3705., 190., 10707, 20240614213000)
 (3704., 3711., 3695., 3709., 509., 10927, 20240614214500)
 (3708., 3712., 3706., 3709., 558., 11278, 20240614220000)
 (3708., 3710., 3701., 3707., 733., 11715, 20240614221500)
 (3709., 3714., 3704., 3712., 368., 11875, 20240614223000)
 (3712., 3718., 3701., 3703., 437., 12056, 20240614224500)
 (3703., 3709., 3700., 3705., 462., 12338, 20240614230000)
 (3707., 3707., 3693., 3695., 186., 12363, 20240617091500)
 (3695., 3698., 3692., 3692.,  26., 12359, 20240617093000)
 (3693., 3695., 3690., 3690., 117., 12392, 20240617094500)
 (3690., 3693., 3690., 3693.,  17., 12397, 20240617100000)
 (3691., 3698., 3691., 3697., 118., 12467, 20240617101500)
 (3697., 3697., 3692., 3696., 299., 12660, 20240617104500)
 (3696., 3697., 3687., 3688., 117., 12703, 20240617110000)
 (3688., 3688., 3681., 3682., 332., 12734, 20240617111500)
 (3682., 3693., 3682., 3690., 163., 12788, 20240617113000)
 (3690., 3692., 3687., 3688., 192., 12842, 20240617134500)
 (3688., 3693., 3686., 3691.,  48., 12849, 20240617140000)
 (3689., 3689., 3685., 3685., 127., 12903, 20240617141500)
 (3686., 3690., 3681., 3689., 146., 12966, 20240617143000)
 (3689., 3693., 3687., 3687., 250., 13072, 20240617144500)
 (3688., 3691., 3682., 3683., 122., 13074, 20240617150000)]
2024-06-18 15:30:00  INFO  [(3694., 3694., 3687., 3694.,  100., 13084, 20240617211500)
 (3695., 3704., 3692., 3701.,  103., 13122, 20240617213000)
 (3701., 3704., 3695., 3702.,  474., 13374, 20240617214500)
 (3703., 3704., 3699., 3702.,  162., 13430, 20240617220000)
 (3702., 3710., 3699., 3703.,  433., 13599, 20240617221500)
 (3703., 3709., 3702., 3707., 1051., 14344, 20240617223000)
 (3707., 3708., 3704., 3704.,  223., 14459, 20240617224500)
 (3703., 3705., 3699., 3702.,  400., 14680, 20240617230000)
 (3707., 3712., 3702., 3702.,  643., 15051, 20240618091500)
 (3703., 3709., 3700., 3707.,  156., 15113, 20240618093000)
 (3708., 3708., 3702., 3705.,   54., 15132, 20240618094500)
 (3705., 3705., 3702., 3703.,   29., 15137, 20240618100000)
 (3702., 3703., 3698., 3702.,   32., 15139, 20240618101500)
 (3701., 3712., 3701., 3707.,   61., 15157, 20240618104500)
 (3707., 3709., 3705., 3705.,   50., 15176, 20240618110000)
 (3705., 3706., 3702., 3702.,   13., 15178, 20240618111500)
 (3705., 3708., 3705., 3708.,   21., 15169, 20240618113000)
 (3709., 3720., 3709., 3715.,  363., 15390, 20240618134500)
 (3714., 3714., 3706., 3710.,  562., 15742, 20240618140000)
 (3710., 3717., 3710., 3717.,  214., 15903, 20240618141500)
 (3716., 3718., 3712., 3712.,  247., 16013, 20240618143000)
 (3712., 3715., 3702., 3706.,   74., 16029, 20240618144500)
 (3708., 3708., 3687., 3690.,  321., 16009, 20240618150000)]
2024-06-19 15:30:00  INFO  [(3690., 3702., 3685., 3700., 266., 15896, 20240618211500)
 (3702., 3704., 3695., 3695., 175., 15936, 20240618213000)
 (3695., 3705., 3695., 3702., 268., 16126, 20240618214500)
 (3702., 3708., 3702., 3708.,  79., 16161, 20240618220000)
 (3708., 3709., 3703., 3706., 283., 16389, 20240618221500)
 (3706., 3714., 3706., 3714., 113., 16451, 20240618223000)
 (3714., 3716., 3711., 3716.,  77., 16498, 20240618224500)
 (3714., 3716., 3710., 3710.,  92., 16509, 20240618230000)
 (3716., 3716., 3709., 3711.,  28., 16508, 20240619091500)
 (3711., 3716., 3709., 3710.,  47., 16536, 20240619093000)
 (3709., 3709., 3706., 3709.,  67., 16589, 20240619094500)
 (3709., 3715., 3709., 3712.,  13., 16586, 20240619100000)
 (3712., 3716., 3702., 3705.,  55., 16589, 20240619101500)
 (3707., 3714., 3704., 3711., 208., 16637, 20240619104500)
 (3711., 3718., 3710., 3715., 147., 16681, 20240619110000)
 (3713., 3717., 3713., 3717.,  18., 16681, 20240619111500)
 (3717., 3717., 3712., 3712.,   8., 16681, 20240619113000)
 (3712., 3716., 3705., 3706.,  79., 16698, 20240619134500)
 (3706., 3706., 3698., 3703., 149., 16700, 20240619140000)
 (3703., 3705., 3699., 3699.,  47., 16702, 20240619141500)
 (3698., 3701., 3691., 3694., 125., 16665, 20240619143000)
 (3691., 3699., 3691., 3696., 108., 16644, 20240619144500)
 (3697., 3702., 3695., 3697., 105., 16624, 20240619150000)]
2024-06-20 15:30:00  INFO  [(3701., 3706., 3695., 3695.,  73., 16638, 20240619211500)
 (3695., 3703., 3694., 3702., 101., 16665, 20240619213000)
 (3703., 3703., 3694., 3701., 104., 16695, 20240619214500)
 (3701., 3701., 3692., 3692.,  77., 16708, 20240619220000)
 (3692., 3695., 3687., 3688., 256., 16623, 20240619221500)
 (3689., 3690., 3684., 3685., 270., 16793, 20240619223000)
 (3685., 3685., 3670., 3677., 266., 16810, 20240619224500)
 (3677., 3708., 3677., 3696., 315., 16877, 20240619230000)
 (3695., 3707., 3694., 3705., 241., 16951, 20240620091500)
 (3705., 3705., 3700., 3705.,  45., 16981, 20240620093000)
 (3706., 3710., 3705., 3705., 113., 17010, 20240620094500)
 (3702., 3705., 3702., 3702.,  49., 17019, 20240620100000)
 (3702., 3706., 3700., 3704.,  38., 17034, 20240620101500)
 (3705., 3717., 3705., 3713., 405., 17265, 20240620104500)
 (3714., 3717., 3712., 3717., 323., 17410, 20240620110000)
 (3718., 3718., 3711., 3711., 124., 17503, 20240620111500)
 (3711., 3714., 3707., 3714., 122., 17474, 20240620113000)
 (3712., 3713., 3698., 3701., 352., 17315, 20240620134500)
 (3699., 3699., 3689., 3689., 313., 17218, 20240620140000)
 (3689., 3691., 3681., 3683., 270., 17172, 20240620141500)
 (3682., 3688., 3682., 3685., 389., 17328, 20240620143000)
 (3684., 3689., 3683., 3689., 113., 17358, 20240620144500)
 (3690., 3702., 3689., 3691., 362., 17263, 20240620150000)]
2024-06-21 15:30:00  INFO  [(3695., 3696., 3687., 3687.,  70., 17274, 20240620211500)
 (3686., 3691., 3686., 3689.,  99., 17286, 20240620213000)
 (3690., 3690., 3683., 3687., 160., 17379, 20240620214500)
 (3688., 3690., 3688., 3690.,  13., 17389, 20240620220000)
 (3690., 3690., 3686., 3686.,  17., 17393, 20240620221500)
 (3686., 3697., 3686., 3693.,  34., 17399, 20240620223000)
 (3693., 3697., 3693., 3695.,  27., 17406, 20240620224500)
 (3693., 3699., 3693., 3698.,  29., 17399, 20240620230000)
 (3700., 3703., 3693., 3693., 120., 17429, 20240621091500)
 (3693., 3701., 3693., 3699., 145., 17506, 20240621093000)
 (3698., 3699., 3691., 3691.,  99., 17566, 20240621094500)
 (3693., 3695., 3691., 3693.,  81., 17536, 20240621100000)
 (3694., 3696., 3688., 3690.,  67., 17554, 20240621101500)
 (3689., 3691., 3683., 3686., 164., 17561, 20240621104500)
 (3686., 3688., 3684., 3685., 100., 17576, 20240621110000)
 (3685., 3686., 3680., 3680., 132., 17577, 20240621111500)
 (3680., 3685., 3672., 3680., 292., 17588, 20240621113000)
 (3683., 3685., 3678., 3680.,  19., 17598, 20240621134500)
 (3679., 3680., 3677., 3677.,  15., 17596, 20240621140000)
 (3677., 3679., 3675., 3678.,  30., 17593, 20240621141500)
 (3678., 3679., 3675., 3675.,  56., 17612, 20240621143000)
 (3675., 3678., 3667., 3669., 146., 17588, 20240621144500)
 (3668., 3675., 3667., 3667., 269., 17456, 20240621150000)]
2024-06-24 15:30:00  INFO  [(3662., 3665., 3657., 3664., 314., 17596, 20240621211500)
 (3664., 3667., 3660., 3666.,  77., 17598, 20240621213000)
 (3667., 3668., 3662., 3664.,  48., 17611, 20240621214500)
 (3664., 3665., 3659., 3660., 132., 17643, 20240621220000)
 (3660., 3663., 3660., 3663.,  10., 17646, 20240621221500)
 (3663., 3663., 3660., 3662.,  11., 17648, 20240621223000)
 (3662., 3667., 3662., 3665., 168., 17737, 20240621224500)
 (3664., 3667., 3658., 3658., 118., 17743, 20240621230000)
 (3652., 3669., 3640., 3641., 455., 17899, 20240624091500)
 (3642., 3648., 3641., 3643.,  66., 17874, 20240624093000)
 (3643., 3650., 3643., 3644.,  95., 17833, 20240624094500)
 (3644., 3645., 3643., 3643.,  15., 17838, 20240624100000)
 (3642., 3644., 3635., 3637., 204., 17946, 20240624101500)
 (3637., 3638., 3632., 3638.,  80., 17979, 20240624104500)
 (3638., 3638., 3633., 3637.,  43., 17977, 20240624110000)
 (3639., 3641., 3638., 3640.,  39., 17999, 20240624111500)
 (3640., 3642., 3637., 3641.,  90., 18011, 20240624113000)
 (3641., 3643., 3639., 3639.,  69., 18008, 20240624134500)
 (3640., 3640., 3637., 3640.,  44., 18010, 20240624140000)
 (3640., 3640., 3633., 3635.,  80., 18014, 20240624141500)
 (3635., 3635., 3632., 3633.,  82., 17973, 20240624143000)
 (3634., 3641., 3631., 3633., 168., 18025, 20240624144500)
 (3633., 3641., 3631., 3635., 105., 18058, 20240624150000)]
2024-06-25 15:30:00  INFO  [(3635., 3660., 3635., 3649., 2375., 18859, 20240624211500)
 (3649., 3650., 3641., 3648.,  314., 18776, 20240624213000)
 (3650., 3651., 3647., 3649.,  115., 18764, 20240624214500)
 (3649., 3652., 3647., 3648.,  119., 18828, 20240624220000)
 (3648., 3656., 3646., 3655.,  135., 18852, 20240624221500)
 (3654., 3654., 3650., 3651.,   21., 18866, 20240624223000)
 (3651., 3655., 3649., 3651.,  176., 18975, 20240624224500)
 (3651., 3654., 3648., 3654.,  284., 19109, 20240624230000)
 (3651., 3651., 3648., 3648.,  134., 19149, 20240625091500)
 (3648., 3653., 3648., 3650.,  175., 19109, 20240625093000)
 (3649., 3650., 3645., 3646.,  124., 19078, 20240625094500)
 (3646., 3653., 3642., 3650.,  135., 19138, 20240625100000)
 (3650., 3652., 3645., 3649.,   93., 19155, 20240625101500)
 (3645., 3646., 3644., 3644.,   25., 19145, 20240625104500)
 (3644., 3647., 3643., 3645.,   18., 19154, 20240625110000)
 (3647., 3649., 3646., 3646.,   31., 19151, 20240625111500)
 (3645., 3650., 3642., 3642.,  274., 19131, 20240625113000)
 (3646., 3654., 3644., 3646.,  540., 19036, 20240625134500)
 (3646., 3647., 3643., 3647.,  217., 18978, 20240625140000)
 (3647., 3647., 3638., 3640.,   68., 18985, 20240625141500)
 (3640., 3643., 3636., 3642.,   60., 18999, 20240625143000)
 (3644., 3650., 3643., 3650.,   29., 18991, 20240625144500)
 (3649., 3649., 3633., 3643.,  103., 18952, 20240625150000)]
2024-06-26 15:30:00  INFO  [(3644., 3644., 3638., 3638.,  83., 18994, 20240625211500)
 (3638., 3645., 3638., 3640.,  50., 19017, 20240625213000)
 (3639., 3639., 3635., 3637.,  22., 19017, 20240625214500)
 (3636., 3640., 3634., 3640., 130., 19057, 20240625220000)
 (3642., 3644., 3639., 3641.,  56., 19058, 20240625221500)
 (3641., 3644., 3641., 3644.,   5., 19057, 20240625223000)
 (3644., 3646., 3642., 3643.,  34., 19060, 20240625224500)
 (3643., 3644., 3639., 3639.,  63., 19023, 20240625230000)
 (3639., 3647., 3639., 3644., 120., 18982, 20240626091500)
 (3647., 3648., 3640., 3642.,  79., 19033, 20240626093000)
 (3642., 3647., 3640., 3646., 192., 19182, 20240626094500)
 (3647., 3647., 3641., 3641.,  22., 19190, 20240626100000)
 (3643., 3660., 3641., 3650., 379., 19274, 20240626101500)
 (3651., 3652., 3644., 3644.,  88., 19296, 20240626104500)
 (3644., 3646., 3642., 3646., 116., 19327, 20240626110000)
 (3646., 3651., 3645., 3650.,  39., 19337, 20240626111500)
 (3651., 3660., 3650., 3659., 114., 19365, 20240626113000)
 (3660., 3664., 3654., 3654., 182., 19400, 20240626134500)
 (3656., 3658., 3654., 3657.,  80., 19374, 20240626140000)
 (3658., 3660., 3658., 3660.,  21., 19372, 20240626141500)
 (3660., 3663., 3658., 3662.,  52., 19384, 20240626143000)
 (3662., 3668., 3662., 3663.,  93., 19389, 20240626144500)
 (3664., 3676., 3663., 3674., 406., 19398, 20240626150000)]
2024-06-27 15:30:00  INFO  [(3675., 3677., 3669., 3670.,  95., 19428, 20240626211500)
 (3670., 3674., 3664., 3667., 227., 19579, 20240626213000)
 (3667., 3669., 3664., 3665.,  82., 19609, 20240626214500)
 (3667., 3670., 3667., 3670.,  18., 19616, 20240626220000)
 (3671., 3671., 3667., 3667.,  94., 19654, 20240626221500)
 (3667., 3669., 3667., 3669.,  22., 19673, 20240626223000)
 (3669., 3670., 3668., 3668.,  32., 19692, 20240626224500)
 (3669., 3673., 3667., 3671., 116., 19761, 20240626230000)
 (3667., 3671., 3667., 3667., 115., 19786, 20240627091500)
 (3667., 3672., 3667., 3668.,  32., 19797, 20240627093000)
 (3671., 3675., 3671., 3675., 153., 19893, 20240627094500)
 (3677., 3679., 3675., 3676., 168., 19888, 20240627100000)
 (3676., 3676., 3672., 3672.,  45., 19911, 20240627101500)
 (3674., 3674., 3668., 3671.,  98., 19890, 20240627104500)
 (3671., 3673., 3668., 3668., 154., 19823, 20240627110000)
 (3668., 3668., 3663., 3664., 139., 19835, 20240627111500)
 (3664., 3671., 3663., 3669.,  55., 19819, 20240627113000)
 (3669., 3669., 3656., 3659., 353., 19894, 20240627134500)
 (3656., 3657., 3650., 3652., 213., 19956, 20240627140000)
 (3654., 3658., 3652., 3653.,  53., 19921, 20240627141500)
 (3653., 3656., 3652., 3653.,  82., 19915, 20240627143000)
 (3653., 3653., 3645., 3650., 223., 19846, 20240627144500)
 (3651., 3656., 3647., 3649., 245., 19799, 20240627150000)]
2024-06-28 15:30:00  INFO  [(3649., 3655., 3648., 3652., 108., 19814, 20240627211500)
 (3652., 3652., 3651., 3652.,  16., 19823, 20240627213000)
 (3652., 3655., 3650., 3651.,  89., 19814, 20240627214500)
 (3650., 3651., 3647., 3649.,  83., 19838, 20240627220000)
 (3648., 3651., 3647., 3651.,  23., 19839, 20240627221500)
 (3651., 3651., 3646., 3647.,  48., 19832, 20240627223000)
 (3646., 3650., 3646., 3650.,  58., 19823, 20240627224500)
 (3650., 3651., 3647., 3647.,  16., 19815, 20240627230000)
 (3650., 3650., 3645., 3650.,  46., 19829, 20240628091500)
 (3651., 3651., 3646., 3646., 158., 19930, 20240628093000)
 (3646., 3649., 3646., 3648.,  23., 19928, 20240628094500)
 (3648., 3657., 3646., 3655., 112., 19978, 20240628100000)
 (3653., 3658., 3652., 3655., 141., 19999, 20240628101500)
 (3655., 3662., 3654., 3658., 186., 20051, 20240628104500)
 (3658., 3662., 3658., 3661.,  93., 20052, 20240628110000)
 (3661., 3663., 3659., 3663.,  28., 20054, 20240628111500)
 (3663., 3664., 3659., 3660.,  64., 20065, 20240628113000)
 (3662., 3666., 3662., 3664.,  84., 20084, 20240628134500)
 (3664., 3664., 3658., 3658.,  61., 20079, 20240628140000)
 (3657., 3660., 3653., 3655.,  90., 20057, 20240628141500)
 (3652., 3653., 3649., 3652., 176., 20037, 20240628143000)
 (3653., 3659., 3653., 3657.,  49., 20037, 20240628144500)
 (3658., 3660., 3653., 3656., 131., 20028, 20240628150000)]
2024-07-01 15:30:00  INFO  [(3664., 3671., 3660., 3671., 203., 20055, 20240628211500)
 (3671., 3671., 3663., 3664.,  42., 20045, 20240628213000)
 (3664., 3666., 3660., 3660.,  92., 20070, 20240628214500)
 (3660., 3662., 3660., 3662.,  32., 20085, 20240628220000)
 (3662., 3664., 3661., 3662., 213., 20079, 20240628221500)
 (3662., 3664., 3658., 3658., 104., 20107, 20240628223000)
 (3658., 3660., 3658., 3660.,  12., 20106, 20240628224500)
 (3660., 3662., 3657., 3657.,  73., 20102, 20240628230000)
 (3665., 3665., 3660., 3663., 458., 20328, 20240701091500)
 (3663., 3668., 3663., 3668., 235., 20451, 20240701093000)
 (3668., 3671., 3667., 3670., 151., 20521, 20240701094500)
 (3670., 3675., 3668., 3673., 220., 20636, 20240701100000)
 (3674., 3676., 3672., 3675., 228., 20756, 20240701101500)
 (3675., 3677., 3668., 3671., 356., 20911, 20240701104500)
 (3673., 3674., 3670., 3672.,  34., 20925, 20240701110000)
 (3672., 3679., 3672., 3677., 146., 20988, 20240701111500)
 (3677., 3679., 3676., 3676.,  78., 21037, 20240701113000)
 (3678., 3685., 3673., 3684., 305., 21166, 20240701134500)
 (3684., 3684., 3680., 3681., 119., 21236, 20240701140000)
 (3682., 3694., 3680., 3691., 820., 21789, 20240701141500)
 (3691., 3694., 3688., 3693., 777., 22210, 20240701143000)
 (3693., 3694., 3692., 3693., 244., 22422, 20240701144500)
 (3692., 3700., 3692., 3700., 373., 22510, 20240701150000)]
2024-07-02 15:30:00  INFO  [(3706., 3712., 3700., 3704.,  323., 22532, 20240701211500)
 (3705., 3706., 3701., 3701.,   99., 22573, 20240701213000)
 (3704., 3704., 3701., 3704.,   46., 22584, 20240701214500)
 (3704., 3705., 3702., 3703.,   35., 22582, 20240701220000)
 (3705., 3706., 3702., 3705.,   63., 22616, 20240701221500)
 (3705., 3707., 3701., 3701.,  100., 22693, 20240701223000)
 (3702., 3705., 3700., 3705.,  401., 22961, 20240701224500)
 (3705., 3707., 3703., 3705.,  447., 23306, 20240701230000)
 (3707., 3709., 3702., 3703., 1012., 23742, 20240702091500)
 (3707., 3707., 3703., 3706.,  151., 23818, 20240702093000)
 (3710., 3710., 3705., 3705.,  233., 24005, 20240702094500)
 (3705., 3710., 3705., 3706.,   49., 24015, 20240702100000)
 (3710., 3710., 3705., 3706.,  156., 24110, 20240702101500)
 (3708., 3712., 3708., 3709.,  312., 24193, 20240702104500)
 (3709., 3710., 3703., 3704.,  310., 24234, 20240702110000)
 (3708., 3709., 3704., 3706.,  120., 24321, 20240702111500)
 (3708., 3709., 3704., 3709.,   51., 24324, 20240702113000)
 (3713., 3714., 3705., 3706.,  141., 24441, 20240702134500)
 (3706., 3714., 3705., 3706.,  163., 24491, 20240702140000)
 (3706., 3707., 3696., 3697.,  660., 24876, 20240702141500)
 (3697., 3702., 3697., 3701.,  156., 24887, 20240702143000)
 (3702., 3704., 3700., 3703.,  192., 24955, 20240702144500)
 (3703., 3705., 3701., 3704.,  128., 24989, 20240702150000)]
2024-07-03 15:30:00  INFO  [(3707., 3711., 3696., 3706.,  166., 25083, 20240702211500)
 (3710., 3711., 3705., 3705.,  155., 25118, 20240702213000)
 (3705., 3710., 3703., 3705.,  169., 25198, 20240702214500)
 (3709., 3709., 3706., 3706.,   74., 25241, 20240702220000)
 (3707., 3707., 3691., 3695.,  559., 25373, 20240702221500)
 (3695., 3701., 3695., 3697.,   78., 25363, 20240702223000)
 (3700., 3702., 3699., 3699.,   46., 25370, 20240702224500)
 (3700., 3706., 3700., 3706.,   26., 25364, 20240702230000)
 (3706., 3707., 3701., 3703.,  402., 25332, 20240703091500)
 (3707., 3710., 3705., 3707.,  430., 25467, 20240703093000)
 (3708., 3710., 3708., 3708.,  252., 25545, 20240703094500)
 (3707., 3712., 3707., 3708.,  179., 25636, 20240703100000)
 (3708., 3716., 3708., 3713.,  204., 25678, 20240703101500)
 (3714., 3717., 3708., 3708.,  280., 25727, 20240703104500)
 (3708., 3712., 3705., 3708.,  154., 25772, 20240703110000)
 (3710., 3712., 3707., 3712.,  130., 25785, 20240703111500)
 (3712., 3728., 3712., 3724., 1323., 26430, 20240703113000)
 (3726., 3732., 3721., 3728.,  728., 26900, 20240703134500)
 (3728., 3732., 3726., 3730.,  581., 27332, 20240703140000)
 (3729., 3736., 3729., 3736.,  395., 27347, 20240703141500)
 (3740., 3746., 3735., 3744.,  440., 27417, 20240703143000)
 (3748., 3748., 3743., 3748.,  718., 27484, 20240703144500)
 (3751., 3756., 3748., 3754.,  865., 27732, 20240703150000)]
2024-07-04 15:30:00  INFO  [(3760., 3764., 3748., 3750., 314., 27807, 20240703211500)
 (3754., 3754., 3753., 3753., 111., 27832, 20240703213000)
 (3754., 3755., 3752., 3754., 134., 27901, 20240703214500)
 (3754., 3754., 3751., 3752., 255., 27990, 20240703220000)
 (3753., 3756., 3750., 3750., 242., 27906, 20240703221500)
 (3751., 3754., 3749., 3754., 376., 27687, 20240703223000)
 (3756., 3757., 3752., 3753., 189., 27807, 20240703224500)
 (3756., 3756., 3750., 3750., 126., 27873, 20240703230000)
 (3754., 3754., 3751., 3753., 116., 27946, 20240704091500)
 (3753., 3755., 3750., 3751., 212., 27960, 20240704093000)
 (3752., 3753., 3751., 3753., 136., 28004, 20240704094500)
 (3753., 3756., 3753., 3756., 153., 28081, 20240704100000)
 (3756., 3756., 3750., 3751.,  71., 28098, 20240704101500)
 (3754., 3755., 3749., 3751., 204., 28080, 20240704104500)
 (3754., 3754., 3750., 3752.,  50., 28085, 20240704110000)
 (3754., 3754., 3750., 3752.,  73., 28097, 20240704111500)
 (3755., 3755., 3745., 3747., 257., 28148, 20240704113000)
 (3746., 3748., 3738., 3740., 264., 28144, 20240704134500)
 (3744., 3746., 3743., 3743.,  66., 28169, 20240704140000)
 (3743., 3743., 3736., 3740.,  36., 28162, 20240704141500)
 (3739., 3745., 3732., 3745., 169., 28176, 20240704143000)
 (3745., 3755., 3744., 3752., 250., 28245, 20240704144500)
 (3751., 3754., 3746., 3752., 147., 28249, 20240704150000)]
2024-07-05 15:30:00  INFO  [(3752., 3752., 3738., 3745., 601., 28474, 20240704211500)
 (3744., 3748., 3742., 3745.,  60., 28483, 20240704213000)
 (3745., 3746., 3744., 3745.,  30., 28485, 20240704214500)
 (3745., 3748., 3745., 3747.,  72., 28470, 20240704220000)
 (3747., 3748., 3744., 3746.,  63., 28456, 20240704221500)
 (3746., 3747., 3746., 3747.,   2., 28456, 20240704223000)
 (3745., 3748., 3744., 3748.,   7., 28458, 20240704224500)
 (3748., 3748., 3743., 3743., 186., 28460, 20240704230000)
 (3743., 3746., 3740., 3744., 210., 28512, 20240705091500)
 (3745., 3747., 3739., 3739., 156., 28488, 20240705093000)
 (3741., 3742., 3738., 3739., 144., 28487, 20240705094500)
 (3738., 3742., 3735., 3739., 128., 28469, 20240705100000)
 (3739., 3742., 3737., 3739.,  62., 28464, 20240705101500)
 (3738., 3738., 3735., 3737.,  94., 28506, 20240705104500)
 (3736., 3737., 3725., 3725., 189., 28478, 20240705110000)
 (3726., 3729., 3724., 3727., 260., 28407, 20240705111500)
 (3724., 3725., 3714., 3717., 609., 28369, 20240705113000)
 (3718., 3720., 3714., 3718., 489., 28486, 20240705134500)
 (3719., 3725., 3715., 3723., 243., 28463, 20240705140000)
 (3724., 3725., 3723., 3725., 126., 28491, 20240705141500)
 (3722., 3722., 3714., 3716., 432., 28353, 20240705143000)
 (3717., 3720., 3713., 3715., 571., 28611, 20240705144500)
 (3713., 3722., 3711., 3718., 434., 28454, 20240705150000)]
2024-07-08 15:30:00  INFO  [(3703., 3718., 3703., 3718., 208., 28472, 20240705211500)
 (3719., 3719., 3714., 3715.,  44., 28474, 20240705213000)
 (3715., 3718., 3714., 3718.,  37., 28476, 20240705214500)
 (3718., 3718., 3712., 3715.,  67., 28504, 20240705220000)
 (3713., 3713., 3703., 3711., 377., 28597, 20240705221500)
 (3711., 3714., 3706., 3714., 150., 28598, 20240705223000)
 (3714., 3718., 3714., 3717.,  13., 28597, 20240705224500)
 (3716., 3718., 3715., 3715.,  84., 28592, 20240705230000)
 (3715., 3725., 3715., 3720., 496., 28809, 20240708091500)
 (3722., 3723., 3713., 3717., 638., 29219, 20240708093000)
 (3717., 3720., 3714., 3717.,  49., 29254, 20240708094500)
 (3717., 3717., 3705., 3706., 437., 29496, 20240708100000)
 (3706., 3709., 3705., 3708., 345., 29525, 20240708101500)
 (3708., 3708., 3694., 3695., 278., 29495, 20240708104500)
 (3699., 3699., 3689., 3692., 448., 29557, 20240708110000)
 (3691., 3694., 3689., 3693., 135., 29571, 20240708111500)
 (3693., 3695., 3688., 3689., 236., 29683, 20240708113000)
 (3690., 3690., 3676., 3678., 594., 29703, 20240708134500)
 (3678., 3680., 3675., 3678., 317., 29775, 20240708140000)
 (3678., 3680., 3670., 3673., 286., 29771, 20240708141500)
 (3672., 3675., 3671., 3672.,  98., 29769, 20240708143000)
 (3671., 3674., 3669., 3671., 194., 29723, 20240708144500)
 (3671., 3675., 3667., 3668., 406., 29592, 20240708150000)]
2024-07-09 15:30:00  INFO  [(3667., 3674., 3667., 3673.,  642., 29636, 20240708211500)
 (3673., 3675., 3673., 3673.,  190., 29710, 20240708213000)
 (3673., 3678., 3673., 3674.,   94., 29735, 20240708214500)
 (3674., 3676., 3673., 3673.,   41., 29713, 20240708220000)
 (3673., 3678., 3673., 3676.,   64., 29692, 20240708221500)
 (3676., 3677., 3676., 3677.,   92., 29766, 20240708223000)
 (3677., 3679., 3676., 3677.,  136., 29837, 20240708224500)
 (3676., 3678., 3675., 3675.,   50., 29867, 20240708230000)
 (3674., 3680., 3671., 3673.,  223., 29996, 20240709091500)
 (3673., 3675., 3669., 3671.,  217., 30098, 20240709093000)
 (3671., 3676., 3670., 3676.,  179., 30202, 20240709094500)
 (3675., 3677., 3671., 3675.,  287., 30327, 20240709100000)
 (3674., 3675., 3669., 3670.,   77., 30335, 20240709101500)
 (3669., 3670., 3660., 3660.,  618., 30405, 20240709104500)
 (3656., 3661., 3652., 3655.,  458., 30389, 20240709110000)
 (3652., 3671., 3652., 3668.,  512., 30493, 20240709111500)
 (3665., 3673., 3663., 3672.,  407., 30577, 20240709113000)
 (3672., 3675., 3665., 3668.,  479., 30633, 20240709134500)
 (3666., 3676., 3666., 3674.,  525., 30766, 20240709140000)
 (3673., 3680., 3671., 3672.,  662., 30897, 20240709141500)
 (3670., 3673., 3668., 3671.,  662., 31020, 20240709143000)
 (3670., 3676., 3666., 3668.,  672., 30901, 20240709144500)
 (3665., 3671., 3655., 3664., 1590., 30702, 20240709150000)]
2024-07-10 15:30:00  INFO  [(3670., 3670., 3653., 3664.,  991., 30535, 20240709211500)
 (3666., 3666., 3663., 3663.,  228., 30590, 20240709213000)
 (3661., 3665., 3661., 3665.,   80., 30605, 20240709214500)
 (3663., 3663., 3660., 3662.,   66., 30602, 20240709220000)
 (3661., 3661., 3656., 3658.,  100., 30625, 20240709221500)
 (3657., 3658., 3656., 3656.,   55., 30631, 20240709223000)
 (3656., 3661., 3655., 3659.,  147., 30633, 20240709224500)
 (3659., 3660., 3654., 3658.,  147., 30576, 20240709230000)
 (3656., 3659., 3650., 3655.,  733., 30497, 20240710091500)
 (3658., 3659., 3651., 3652.,  197., 30415, 20240710093000)
 (3652., 3659., 3652., 3658.,  180., 30412, 20240710094500)
 (3658., 3658., 3650., 3652.,  231., 30384, 20240710100000)
 (3651., 3651., 3643., 3647.,  490., 30258, 20240710101500)
 (3646., 3650., 3643., 3647.,  389., 30253, 20240710104500)
 (3647., 3655., 3647., 3648.,  283., 30440, 20240710110000)
 (3649., 3649., 3641., 3643.,  145., 30419, 20240710111500)
 (3643., 3644., 3627., 3641.,  481., 30243, 20240710113000)
 (3638., 3639., 3629., 3635.,  343., 30241, 20240710134500)
 (3632., 3632., 3625., 3631.,  793., 30551, 20240710140000)
 (3630., 3632., 3628., 3630.,  848., 30986, 20240710141500)
 (3630., 3630., 3619., 3620., 1665., 31806, 20240710143000)
 (3620., 3624., 3617., 3623.,  961., 32453, 20240710144500)
 (3622., 3626., 3614., 3617.,  590., 32470, 20240710150000)]
2024-07-11 15:30:00  INFO  [(3627., 3634., 3610., 3630., 760., 33007, 20240710211500)
 (3632., 3635., 3631., 3634., 255., 33130, 20240710213000)
 (3635., 3635., 3630., 3633., 126., 33172, 20240710214500)
 (3633., 3639., 3632., 3638., 261., 33312, 20240710220000)
 (3637., 3640., 3636., 3637., 127., 33340, 20240710221500)
 (3637., 3640., 3637., 3640.,  93., 33345, 20240710223000)
 (3640., 3643., 3638., 3639., 113., 33392, 20240710224500)
 (3639., 3640., 3638., 3638., 173., 33494, 20240710230000)
 (3640., 3643., 3639., 3642., 107., 33587, 20240711091500)
 (3643., 3643., 3635., 3635., 353., 33843, 20240711093000)
 (3635., 3635., 3628., 3629., 143., 33900, 20240711094500)
 (3632., 3632., 3629., 3631., 103., 33900, 20240711100000)
 (3632., 3646., 3632., 3645., 332., 34062, 20240711101500)
 (3645., 3652., 3645., 3650., 366., 34213, 20240711104500)
 (3651., 3654., 3645., 3653., 326., 34365, 20240711110000)
 (3652., 3659., 3650., 3659., 672., 34796, 20240711111500)
 (3660., 3670., 3658., 3670., 768., 35259, 20240711113000)
 (3670., 3675., 3668., 3671., 247., 35354, 20240711134500)
 (3668., 3670., 3665., 3668., 214., 35440, 20240711140000)
 (3668., 3668., 3665., 3665., 107., 35463, 20240711141500)
 (3665., 3665., 3653., 3655., 240., 35578, 20240711143000)
 (3655., 3660., 3651., 3658., 388., 35526, 20240711144500)
 (3656., 3662., 3654., 3654., 253., 35571, 20240711150000)]
2024-07-12 15:30:00  INFO  [(3651., 3665., 3651., 3660., 217., 35556, 20240711211500)
 (3660., 3660., 3653., 3653.,  98., 35616, 20240711213000)
 (3653., 3655., 3650., 3655., 238., 35714, 20240711214500)
 (3655., 3659., 3655., 3659.,  40., 35731, 20240711220000)
 (3658., 3662., 3658., 3661.,  44., 35759, 20240711221500)
 (3660., 3662., 3657., 3657.,  31., 35759, 20240711223000)
 (3657., 3662., 3656., 3660., 103., 35806, 20240711224500)
 (3658., 3662., 3655., 3655., 119., 35772, 20240711230000)
 (3658., 3663., 3655., 3658., 176., 35836, 20240712091500)
 (3658., 3664., 3655., 3656., 429., 35822, 20240712093000)
 (3656., 3660., 3655., 3660.,  39., 35829, 20240712094500)
 (3661., 3663., 3660., 3663., 229., 35953, 20240712100000)
 (3663., 3668., 3662., 3666., 207., 36082, 20240712101500)
 (3666., 3669., 3662., 3669., 108., 36136, 20240712104500)
 (3669., 3669., 3665., 3665.,  47., 36148, 20240712110000)
 (3665., 3668., 3665., 3667.,  32., 36141, 20240712111500)
 (3667., 3670., 3663., 3663., 105., 36132, 20240712113000)
 (3662., 3662., 3659., 3662.,  48., 36132, 20240712134500)
 (3662., 3668., 3661., 3663., 193., 36220, 20240712140000)
 (3662., 3665., 3658., 3665.,  86., 36244, 20240712141500)
 (3665., 3668., 3664., 3665.,  64., 36269, 20240712143000)
 (3666., 3667., 3662., 3667.,  45., 36284, 20240712144500)
 (3666., 3668., 3661., 3663., 100., 36281, 20240712150000)]
2024-07-15 15:30:00  INFO  [(3665., 3669., 3657., 3658.,  84., 36285, 20240712211500)
 (3658., 3660., 3654., 3655., 169., 36263, 20240712213000)
 (3656., 3656., 3653., 3655.,  81., 36241, 20240712214500)
 (3655., 3655., 3649., 3649., 195., 36307, 20240712220000)
 (3652., 3655., 3650., 3654., 130., 36247, 20240712221500)
 (3653., 3654., 3642., 3643., 107., 36222, 20240712223000)
 (3642., 3654., 3636., 3651., 880., 36300, 20240712224500)
 (3651., 3676., 3651., 3675., 863., 36260, 20240712230000)
 (3677., 3677., 3663., 3665., 477., 36329, 20240715091500)
 (3665., 3668., 3664., 3668., 150., 36372, 20240715093000)
 (3668., 3686., 3665., 3685., 706., 36606, 20240715094500)
 (3686., 3690., 3682., 3690., 748., 36657, 20240715100000)
 (3690., 3693., 3686., 3692., 320., 36719, 20240715101500)
 (3692., 3693., 3688., 3691., 190., 36682, 20240715104500)
 (3691., 3693., 3687., 3690., 204., 36745, 20240715110000)
 (3689., 3689., 3682., 3684., 217., 36723, 20240715111500)
 (3685., 3687., 3683., 3685.,  82., 36757, 20240715113000)
 (3685., 3685., 3672., 3674., 379., 36721, 20240715134500)
 (3672., 3679., 3672., 3676.,  65., 36752, 20240715140000)
 (3676., 3678., 3674., 3677.,  66., 36767, 20240715141500)
 (3677., 3679., 3674., 3678.,  89., 36813, 20240715143000)
 (3678., 3679., 3674., 3679.,  58., 36832, 20240715144500)
 (3678., 3678., 3673., 3674., 114., 36847, 20240715150000)]
2024-07-16 15:30:00  INFO  [(3673., 3677., 3671., 3674.,  279., 36847, 20240715211500)
 (3673., 3677., 3673., 3676.,  135., 36883, 20240715213000)
 (3676., 3676., 3669., 3672.,   84., 36878, 20240715214500)
 (3672., 3672., 3667., 3668.,  151., 36946, 20240715220000)
 (3667., 3667., 3664., 3664.,  372., 37091, 20240715221500)
 (3665., 3669., 3664., 3667.,  180., 37108, 20240715223000)
 (3667., 3669., 3665., 3669.,  470., 37157, 20240715224500)
 (3669., 3673., 3668., 3669.,  418., 37338, 20240715230000)
 (3668., 3672., 3662., 3664.,  382., 37528, 20240716091500)
 (3664., 3669., 3658., 3660.,  421., 37608, 20240716093000)
 (3660., 3664., 3647., 3650., 1642., 36804, 20240716094500)
 (3650., 3653., 3648., 3649., 1332., 36321, 20240716100000)
 (3650., 3653., 3648., 3649.,  747., 36214, 20240716101500)
 (3649., 3654., 3649., 3654.,  920., 36131, 20240716104500)
 (3654., 3657., 3646., 3648.,  711., 36387, 20240716110000)
 (3647., 3651., 3647., 3647.,  198., 36419, 20240716111500)
 (3649., 3655., 3646., 3654.,   71., 36397, 20240716113000)
 (3654., 3662., 3652., 3658.,  359., 36442, 20240716134500)
 (3658., 3659., 3654., 3659.,  120., 36485, 20240716140000)
 (3660., 3662., 3656., 3662.,  187., 36588, 20240716141500)
 (3663., 3664., 3655., 3655.,  215., 36690, 20240716143000)
 (3656., 3657., 3650., 3651.,  166., 36644, 20240716144500)
 (3652., 3656., 3647., 3654.,  258., 36584, 20240716150000)]
2024-07-17 15:30:00  INFO  [(3650., 3659., 3648., 3656.,  247., 36699, 20240716211500)
 (3657., 3659., 3655., 3656.,   79., 36737, 20240716213000)
 (3656., 3661., 3656., 3660.,   71., 36756, 20240716214500)
 (3660., 3671., 3660., 3668.,  330., 36855, 20240716220000)
 (3669., 3670., 3665., 3666.,   54., 36865, 20240716221500)
 (3666., 3670., 3666., 3667.,   64., 36901, 20240716223000)
 (3667., 3671., 3667., 3670.,  112., 36958, 20240716224500)
 (3670., 3673., 3669., 3673.,  162., 37026, 20240716230000)
 (3672., 3675., 3669., 3670.,  242., 37162, 20240717091500)
 (3670., 3672., 3668., 3668.,  357., 37421, 20240717093000)
 (3669., 3670., 3667., 3667.,  117., 37504, 20240717094500)
 (3667., 3667., 3663., 3663.,   88., 37521, 20240717100000)
 (3665., 3669., 3665., 3669.,   55., 37536, 20240717101500)
 (3669., 3673., 3666., 3668.,  176., 37552, 20240717104500)
 (3667., 3669., 3664., 3665.,   51., 37575, 20240717110000)
 (3663., 3665., 3661., 3663.,  124., 37606, 20240717111500)
 (3661., 3664., 3660., 3661.,   92., 37589, 20240717113000)
 (3666., 3666., 3641., 3644.,  995., 37706, 20240717134500)
 (3645., 3649., 3629., 3631., 1990., 38148, 20240717140000)
 (3630., 3634., 3620., 3626.,  577., 38188, 20240717141500)
 (3625., 3626., 3611., 3615.,  685., 38207, 20240717143000)
 (3615., 3629., 3612., 3621.,  956., 38167, 20240717144500)
 (3621., 3624., 3613., 3615.,  505., 38210, 20240717150000)]
2024-07-18 15:30:00  INFO  [(3608., 3613., 3603., 3613., 537., 38270, 20240717211500)
 (3612., 3623., 3611., 3620., 523., 38423, 20240717213000)
 (3620., 3621., 3612., 3614., 396., 38573, 20240717214500)
 (3612., 3615., 3608., 3610., 185., 38628, 20240717220000)
 (3610., 3614., 3604., 3608., 193., 38584, 20240717221500)
 (3606., 3612., 3603., 3612., 214., 38549, 20240717223000)
 (3610., 3613., 3608., 3613.,  78., 38570, 20240717224500)
 (3613., 3613., 3604., 3604.,  39., 38565, 20240717230000)
 (3609., 3609., 3600., 3607., 710., 38796, 20240718091500)
 (3608., 3608., 3598., 3602., 208., 38880, 20240718093000)
 (3602., 3602., 3597., 3600., 346., 39121, 20240718094500)
 (3599., 3607., 3592., 3602., 499., 39223, 20240718100000)
 (3603., 3604., 3601., 3601., 202., 39291, 20240718101500)
 (3601., 3603., 3594., 3596., 342., 39440, 20240718104500)
 (3597., 3598., 3589., 3597., 778., 39796, 20240718110000)
 (3596., 3600., 3596., 3597., 207., 39861, 20240718111500)
 (3597., 3602., 3591., 3598., 266., 39867, 20240718113000)
 (3600., 3614., 3600., 3611., 500., 39922, 20240718134500)
 (3611., 3611., 3606., 3609., 287., 39875, 20240718140000)
 (3609., 3612., 3602., 3612., 186., 39878, 20240718141500)
 (3611., 3615., 3609., 3614., 153., 39917, 20240718143000)
 (3614., 3620., 3613., 3616., 309., 39939, 20240718144500)
 (3616., 3623., 3613., 3615., 236., 39886, 20240718150000)]
2024-07-19 15:30:00  INFO  [(3612., 3615., 3605., 3610.,  595., 39955, 20240718211500)
 (3611., 3618., 3611., 3616.,  260., 40154, 20240718213000)
 (3616., 3617., 3614., 3614.,  158., 40231, 20240718214500)
 (3614., 3619., 3614., 3618.,   88., 40243, 20240718220000)
 (3617., 3618., 3616., 3617.,   27., 40247, 20240718221500)
 (3617., 3622., 3617., 3617.,  133., 40301, 20240718223000)
 (3617., 3621., 3615., 3615.,  377., 40547, 20240718224500)
 (3615., 3621., 3615., 3617.,  431., 40806, 20240718230000)
 (3617., 3618., 3610., 3617.,  737., 41070, 20240719091500)
 (3617., 3619., 3601., 3604., 1313., 40764, 20240719093000)
 (3603., 3604., 3596., 3599.,  955., 41128, 20240719094500)
 (3599., 3600., 3585., 3589., 1031., 41294, 20240719100000)
 (3590., 3603., 3589., 3602.,  675., 41180, 20240719101500)
 (3600., 3600., 3595., 3600.,  137., 41188, 20240719104500)
 (3600., 3602., 3597., 3600.,  108., 41205, 20240719110000)
 (3598., 3600., 3591., 3599.,  426., 41394, 20240719111500)
 (3599., 3602., 3599., 3600.,   92., 41407, 20240719113000)
 (3600., 3600., 3588., 3592.,  343., 41473, 20240719134500)
 (3590., 3590., 3581., 3583.,  420., 41547, 20240719140000)
 (3582., 3585., 3578., 3580.,  685., 41778, 20240719141500)
 (3581., 3597., 3581., 3592.,  753., 41878, 20240719143000)
 (3593., 3593., 3585., 3588.,  368., 41868, 20240719144500)
 (3589., 3600., 3586., 3598.,  781., 41937, 20240719150000)]
2024-07-22 15:30:00  INFO  [(3605., 3605., 3591., 3591.,  373., 41931, 20240719211500)
 (3591., 3594., 3590., 3590.,   55., 41961, 20240719213000)
 (3590., 3596., 3590., 3593.,   90., 42000, 20240719214500)
 (3593., 3596., 3590., 3595.,   37., 42005, 20240719220000)
 (3595., 3597., 3592., 3594.,   67., 42034, 20240719221500)
 (3595., 3597., 3593., 3597.,   60., 42038, 20240719223000)
 (3597., 3600., 3593., 3598.,  777., 42002, 20240719224500)
 (3598., 3599., 3592., 3592.,  163., 41965, 20240719230000)
 (3596., 3600., 3580., 3582.,  619., 42018, 20240722091500)
 (3581., 3584., 3577., 3582.,  744., 42208, 20240722093000)
 (3582., 3583., 3575., 3578.,  256., 42240, 20240722094500)
 (3576., 3577., 3572., 3575.,  255., 42309, 20240722100000)
 (3576., 3580., 3572., 3572.,  123., 42301, 20240722101500)
 (3572., 3581., 3572., 3576.,  266., 42358, 20240722104500)
 (3577., 3600., 3577., 3592.,  522., 42500, 20240722110000)
 (3594., 3599., 3588., 3596.,  218., 42493, 20240722111500)
 (3596., 3600., 3587., 3588.,  453., 42316, 20240722113000)
 (3587., 3588., 3582., 3583.,  282., 42203, 20240722134500)
 (3582., 3583., 3579., 3580.,  477., 42256, 20240722140000)
 (3581., 3583., 3578., 3580.,  116., 42290, 20240722141500)
 (3581., 3584., 3576., 3580.,  205., 42255, 20240722143000)
 (3580., 3585., 3580., 3582.,  131., 42255, 20240722144500)
 (3583., 3583., 3574., 3575., 1028., 42315, 20240722150000)]
2024-07-23 15:30:00  INFO  [(3572., 3580., 3570., 3577., 286., 42399, 20240722211500)
 (3575., 3579., 3572., 3574.,  95., 42434, 20240722213000)
 (3575., 3577., 3575., 3576.,  95., 42406, 20240722214500)
 (3576., 3576., 3570., 3573., 160., 42476, 20240722220000)
 (3573., 3577., 3571., 3574.,  56., 42473, 20240722221500)
 (3574., 3578., 3574., 3575.,  13., 42474, 20240722223000)
 (3575., 3576., 3574., 3574.,  16., 42475, 20240722224500)
 (3574., 3578., 3572., 3572.,  59., 42443, 20240722230000)
 (3574., 3580., 3573., 3580., 273., 42623, 20240723091500)
 (3580., 3587., 3579., 3585., 554., 42728, 20240723093000)
 (3585., 3586., 3580., 3580., 180., 42813, 20240723094500)
 (3583., 3583., 3580., 3582., 135., 42888, 20240723100000)
 (3580., 3582., 3570., 3570., 407., 43070, 20240723101500)
 (3570., 3570., 3560., 3562., 684., 43325, 20240723104500)
 (3563., 3564., 3551., 3552., 761., 43574, 20240723110000)
 (3553., 3555., 3548., 3552., 848., 43697, 20240723111500)
 (3552., 3561., 3551., 3555., 673., 43700, 20240723113000)
 (3555., 3556., 3546., 3550., 720., 44077, 20240723134500)
 (3550., 3554., 3548., 3552., 522., 44291, 20240723140000)
 (3552., 3553., 3546., 3548., 349., 44375, 20240723141500)
 (3548., 3548., 3540., 3544., 718., 44859, 20240723143000)
 (3544., 3544., 3535., 3540., 573., 45045, 20240723144500)
 (3540., 3540., 3530., 3531., 614., 45132, 20240723150000)]
2024-07-24 15:30:00  INFO  [(3530., 3541., 3530., 3536., 1011., 45364, 20240723211500)
 (3535., 3537., 3532., 3533.,  245., 45514, 20240723213000)
 (3534., 3537., 3530., 3537.,  235., 45621, 20240723214500)
 (3537., 3538., 3535., 3535.,  131., 45656, 20240723220000)
 (3537., 3539., 3537., 3538.,  192., 45678, 20240723221500)
 (3537., 3539., 3535., 3538.,  137., 45741, 20240723223000)
 (3538., 3542., 3538., 3540.,  402., 45878, 20240723224500)
 (3540., 3544., 3539., 3540.,   49., 45877, 20240723230000)
 (3540., 3544., 3534., 3536.,  302., 45840, 20240724091500)
 (3535., 3535., 3531., 3533.,  421., 45761, 20240724093000)
 (3533., 3540., 3532., 3534.,  165., 45762, 20240724094500)
 (3533., 3534., 3530., 3532.,   45., 45776, 20240724100000)
 (3531., 3532., 3522., 3531.,  199., 45755, 20240724101500)
 (3530., 3531., 3526., 3526.,  127., 45744, 20240724104500)
 (3527., 3527., 3520., 3524.,  230., 45756, 20240724110000)
 (3525., 3536., 3524., 3526.,  573., 46061, 20240724111500)
 (3528., 3534., 3523., 3533.,  356., 46082, 20240724113000)
 (3530., 3530., 3520., 3522.,  395., 46066, 20240724134500)
 (3521., 3527., 3520., 3526.,  143., 46109, 20240724140000)
 (3527., 3532., 3527., 3531.,  312., 46174, 20240724141500)
 (3530., 3537., 3528., 3530.,  539., 46215, 20240724143000)
 (3530., 3533., 3527., 3531.,  148., 46245, 20240724144500)
 (3530., 3533., 3526., 3527.,  270., 46287, 20240724150000)]
2024-07-25 15:30:00  INFO  [(3522., 3530., 3522., 3523.,  414., 46413, 20240724211500)
 (3524., 3525., 3520., 3523.,  186., 46481, 20240724213000)
 (3523., 3525., 3520., 3522.,   88., 46479, 20240724214500)
 (3523., 3523., 3517., 3519.,  196., 46472, 20240724220000)
 (3520., 3522., 3519., 3519.,  247., 46491, 20240724221500)
 (3519., 3519., 3511., 3512.,  314., 46470, 20240724223000)
 (3513., 3514., 3505., 3505.,  428., 46486, 20240724224500)
 (3504., 3510., 3502., 3503.,  564., 46390, 20240724230000)
 (3501., 3502., 3481., 3487.,  993., 46585, 20240725091500)
 (3487., 3488., 3480., 3487.,  425., 46719, 20240725093000)
 (3486., 3495., 3486., 3494.,  584., 46850, 20240725094500)
 (3492., 3495., 3488., 3491.,  149., 46852, 20240725100000)
 (3492., 3493., 3485., 3490.,  298., 46975, 20240725101500)
 (3490., 3490., 3483., 3488.,  215., 46964, 20240725104500)
 (3488., 3490., 3484., 3487.,  181., 47015, 20240725110000)
 (3489., 3489., 3483., 3484.,  736., 46892, 20240725111500)
 (3486., 3494., 3486., 3490.,  135., 46911, 20240725113000)
 (3487., 3491., 3481., 3490.,  265., 46979, 20240725134500)
 (3488., 3488., 3482., 3483.,  378., 47253, 20240725140000)
 (3483., 3488., 3482., 3484.,  231., 47281, 20240725141500)
 (3483., 3484., 3481., 3481.,  142., 47326, 20240725143000)
 (3482., 3482., 3468., 3470., 1173., 47621, 20240725144500)
 (3472., 3475., 3459., 3475., 1383., 47631, 20240725150000)]
2024-07-26 15:30:00  INFO  [(3477., 3517., 3465., 3515., 2258., 47587, 20240725211500)
 (3516., 3518., 3510., 3516.,  933., 47378, 20240725213000)
 (3515., 3520., 3515., 3520.,  372., 47408, 20240725214500)
 (3519., 3525., 3516., 3520.,  311., 47395, 20240725220000)
 (3520., 3527., 3519., 3524.,  868., 47245, 20240725221500)
 (3524., 3530., 3524., 3529.,  764., 47291, 20240725223000)
 (3530., 3538., 3528., 3537.,  605., 47323, 20240725224500)
 (3537., 3552., 3535., 3544., 1785., 47085, 20240725230000)
 (3543., 3545., 3533., 3537., 1331., 46941, 20240726091500)
 (3536., 3538., 3534., 3538., 1020., 47408, 20240726093000)
 (3537., 3541., 3533., 3538.,  271., 47523, 20240726094500)
 (3539., 3542., 3538., 3542.,  274., 47572, 20240726100000)
 (3542., 3543., 3531., 3531.,  149., 47589, 20240726101500)
 (3530., 3532., 3525., 3532.,  786., 47583, 20240726104500)
 (3531., 3533., 3524., 3527.,  260., 47564, 20240726110000)
 (3527., 3532., 3527., 3530.,   50., 47569, 20240726111500)
 (3530., 3534., 3528., 3528.,  210., 47626, 20240726113000)
 (3529., 3532., 3525., 3530.,  182., 47690, 20240726134500)
 (3531., 3534., 3530., 3532.,  242., 47826, 20240726140000)
 (3532., 3536., 3530., 3531.,  200., 47903, 20240726141500)
 (3531., 3531., 3526., 3529.,  205., 47983, 20240726143000)
 (3529., 3529., 3517., 3517.,  719., 48009, 20240726144500)
 (3517., 3532., 3514., 3528., 2820., 47721, 20240726150000)]
2024-07-29 15:30:00  INFO  [(3523., 3526., 3516., 3520.,  372., 47769, 20240726211500)
 (3519., 3526., 3518., 3523.,  230., 47858, 20240726213000)
 (3524., 3524., 3521., 3523.,   83., 47867, 20240726214500)
 (3523., 3524., 3520., 3520.,  130., 47863, 20240726220000)
 (3520., 3521., 3517., 3520.,  167., 47876, 20240726221500)
 (3520., 3521., 3518., 3520.,   89., 47876, 20240726223000)
 (3519., 3520., 3514., 3519.,  400., 47880, 20240726224500)
 (3520., 3525., 3517., 3524.,  252., 47942, 20240726230000)
 (3518., 3524., 3507., 3520.,  911., 47985, 20240729091500)
 (3521., 3523., 3508., 3509.,  308., 48001, 20240729093000)
 (3506., 3509., 3501., 3502.,  680., 48316, 20240729094500)
 (3503., 3507., 3497., 3507.,  633., 48094, 20240729100000)
 (3506., 3513., 3504., 3513.,  271., 48056, 20240729101500)
 (3513., 3515., 3509., 3510.,  222., 48159, 20240729104500)
 (3509., 3512., 3507., 3512.,  131., 48126, 20240729110000)
 (3510., 3511., 3506., 3506.,  132., 48134, 20240729111500)
 (3505., 3514., 3501., 3513.,  205., 48136, 20240729113000)
 (3513., 3519., 3508., 3512., 1109., 48425, 20240729134500)
 (3513., 3523., 3509., 3515., 2173., 49200, 20240729140000)
 (3515., 3519., 3510., 3519.,  213., 49201, 20240729141500)
 (3519., 3520., 3511., 3512.,  452., 49174, 20240729143000)
 (3512., 3515., 3509., 3509.,   58., 49174, 20240729144500)
 (3509., 3510., 3497., 3501., 1099., 49353, 20240729150000)]
2024-07-30 15:30:00  INFO  [(3510., 3548., 3508., 3522., 3090., 50207, 20240729211500)
 (3519., 3522., 3511., 3511.,  891., 50511, 20240729213000)
 (3510., 3511., 3500., 3503.,  452., 50659, 20240729214500)
 (3503., 3504., 3494., 3500.,  967., 51098, 20240729220000)
 (3498., 3500., 3494., 3499.,  482., 51289, 20240729221500)
 (3497., 3511., 3494., 3502.,  754., 51625, 20240729223000)
 (3503., 3506., 3500., 3500.,   53., 51630, 20240729224500)
 (3503., 3505., 3495., 3496.,  454., 51664, 20240729230000)
 (3494., 3507., 3494., 3501., 1914., 52345, 20240730091500)
 (3501., 3503., 3494., 3495.,  623., 52576, 20240730093000)
 (3495., 3497., 3483., 3483.,  667., 52766, 20240730094500)
 (3485., 3490., 3481., 3487.,  401., 52919, 20240730100000)
 (3486., 3495., 3475., 3481.,  600., 53018, 20240730101500)
 (3481., 3488., 3480., 3486.,  278., 53031, 20240730104500)
 (3487., 3493., 3473., 3476.,  815., 53367, 20240730110000)
 (3477., 3477., 3469., 3472.,  662., 53701, 20240730111500)
 (3473., 3474., 3465., 3470.,  428., 53807, 20240730113000)
 (3468., 3473., 3456., 3468., 1309., 54150, 20240730134500)
 (3469., 3469., 3460., 3466.,  558., 54121, 20240730140000)
 (3467., 3474., 3465., 3465.,  419., 54126, 20240730141500)
 (3463., 3466., 3455., 3460.,  890., 54169, 20240730143000)
 (3460., 3462., 3452., 3453.,  729., 54123, 20240730144500)
 (3453., 3454., 3444., 3449., 1797., 54802, 20240730150000)]
2024-07-31 15:30:00  INFO  [(3440., 3450., 3440., 3442., 1746., 55306, 20240730211500)
 (3442., 3443., 3430., 3433.,  703., 55338, 20240730213000)
 (3433., 3438., 3432., 3434.,  513., 55349, 20240730214500)
 (3434., 3434., 3426., 3429., 1050., 55659, 20240730220000)
 (3429., 3432., 3421., 3431.,  670., 55690, 20240730221500)
 (3431., 3458., 3430., 3458., 1551., 55879, 20240730223000)
 (3459., 3473., 3457., 3460., 1968., 56077, 20240730224500)
 (3460., 3465., 3446., 3462., 1046., 55783, 20240730230000)
 (3461., 3467., 3457., 3464.,  827., 55614, 20240731091500)
 (3463., 3474., 3460., 3469., 1375., 55021, 20240731093000)
 (3470., 3478., 3460., 3475.,  479., 55026, 20240731094500)
 (3475., 3487., 3472., 3486.,  716., 54938, 20240731100000)
 (3486., 3486., 3473., 3477.,  688., 55045, 20240731101500)
 (3479., 3495., 3479., 3490.,  651., 55216, 20240731104500)
 (3491., 3494., 3487., 3489., 1262., 54933, 20240731110000)
 (3490., 3493., 3482., 3489.,  648., 54965, 20240731111500)
 (3489., 3494., 3484., 3485., 1064., 54738, 20240731113000)
 (3487., 3492., 3470., 3472.,  539., 54758, 20240731134500)
 (3472., 3476., 3471., 3474.,  357., 54710, 20240731140000)
 (3475., 3475., 3467., 3467.,  359., 54827, 20240731141500)
 (3467., 3470., 3460., 3465.,  594., 54905, 20240731143000)
 (3466., 3472., 3465., 3469.,  227., 54901, 20240731144500)
 (3470., 3472., 3466., 3467.,  417., 54766, 20240731150000)]
2024-08-01 15:30:00  INFO  [(3478., 3481., 3473., 3476.,  754., 54870, 20240731211500)
 (3476., 3485., 3474., 3483.,  494., 54799, 20240731213000)
 (3482., 3503., 3482., 3497., 1195., 54591, 20240731214500)
 (3497., 3514., 3497., 3505., 1013., 54562, 20240731220000)
 (3505., 3507., 3503., 3506.,  188., 54561, 20240731221500)
 (3506., 3509., 3501., 3507.,  128., 54538, 20240731223000)
 (3508., 3514., 3508., 3511.,  321., 54576, 20240731224500)
 (3512., 3513., 3509., 3509.,  169., 54530, 20240731230000)
 (3514., 3529., 3514., 3515., 1230., 54457, 20240801091500)
 (3516., 3518., 3507., 3508.,  511., 54481, 20240801093000)
 (3510., 3512., 3503., 3503.,  386., 54478, 20240801094500)
 (3503., 3505., 3497., 3501.,  510., 54401, 20240801100000)
 (3500., 3501., 3493., 3495.,  415., 54353, 20240801101500)
 (3497., 3497., 3490., 3492.,  498., 54470, 20240801104500)
 (3491., 3492., 3485., 3487.,  241., 54424, 20240801110000)
 (3487., 3488., 3482., 3488.,  320., 54463, 20240801111500)
 (3487., 3488., 3473., 3486.,  788., 54393, 20240801113000)
 (3487., 3501., 3487., 3500., 1095., 54308, 20240801134500)
 (3501., 3502., 3497., 3501., 1471., 54231, 20240801140000)
 (3501., 3503., 3493., 3494.,  995., 53997, 20240801141500)
 (3493., 3503., 3492., 3496.,  606., 53911, 20240801143000)
 (3497., 3500., 3491., 3495.,  338., 53954, 20240801144500)
 (3495., 3512., 3495., 3508.,  513., 54087, 20240801150000)]
2024-08-02 15:30:00  INFO  [(3497., 3506., 3484., 3495., 1469., 54369, 20240801211500)
 (3495., 3509., 3493., 3504.,  653., 54352, 20240801213000)
 (3504., 3509., 3502., 3502.,  150., 54363, 20240801214500)
 (3502., 3513., 3501., 3508.,  452., 54436, 20240801220000)
 (3509., 3509., 3501., 3506.,  177., 54419, 20240801221500)
 (3505., 3505., 3496., 3500.,  325., 54385, 20240801223000)
 (3500., 3500., 3495., 3497.,  157., 54408, 20240801224500)
 (3497., 3499., 3490., 3491.,  248., 54361, 20240801230000)
 (3490., 3490., 3480., 3488.,  911., 54420, 20240802091500)
 (3487., 3492., 3482., 3484.,  499., 54515, 20240802093000)
 (3484., 3494., 3483., 3493.,  224., 54541, 20240802094500)
 (3494., 3499., 3492., 3497.,  281., 54627, 20240802100000)
 (3499., 3504., 3497., 3498.,  520., 54675, 20240802101500)
 (3498., 3499., 3492., 3495.,  248., 54679, 20240802104500)
 (3494., 3502., 3491., 3498.,  133., 54713, 20240802110000)
 (3498., 3505., 3498., 3504.,  423., 54874, 20240802111500)
 (3504., 3512., 3501., 3512.,  500., 55073, 20240802113000)
 (3510., 3521., 3510., 3516., 1806., 55003, 20240802134500)
 (3515., 3526., 3515., 3516.,  680., 55105, 20240802140000)
 (3518., 3529., 3518., 3526.,  728., 55441, 20240802141500)
 (3528., 3531., 3522., 3522.,  376., 55519, 20240802143000)
 (3526., 3536., 3526., 3528., 1055., 56051, 20240802144500)
 (3529., 3538., 3527., 3537.,  744., 56116, 20240802150000)]
2024-08-05 15:30:00  INFO  [(3537., 3544., 3525., 3531.,  542., 56132, 20240802211500)
 (3531., 3540., 3526., 3534.,  381., 56117, 20240802213000)
 (3534., 3535., 3531., 3532.,  175., 56136, 20240802214500)
 (3531., 3533., 3530., 3530.,   67., 56127, 20240802220000)
 (3530., 3532., 3526., 3529.,  179., 56114, 20240802221500)
 (3529., 3530., 3525., 3527.,   95., 56127, 20240802223000)
 (3527., 3527., 3519., 3521.,  261., 56166, 20240802224500)
 (3520., 3521., 3508., 3510.,  595., 56028, 20240802230000)
 (3508., 3520., 3500., 3514., 1214., 56078, 20240805091500)
 (3514., 3523., 3513., 3522.,  614., 56218, 20240805093000)
 (3522., 3528., 3520., 3520.,  532., 56337, 20240805094500)
 (3520., 3528., 3520., 3521.,  185., 56325, 20240805100000)
 (3519., 3520., 3514., 3518.,  396., 56145, 20240805101500)
 (3519., 3526., 3516., 3525.,  406., 56133, 20240805104500)
 (3526., 3531., 3524., 3530.,  588., 56144, 20240805110000)
 (3530., 3532., 3526., 3529.,  273., 56259, 20240805111500)
 (3530., 3547., 3528., 3544., 1008., 56683, 20240805113000)
 (3542., 3542., 3522., 3530.,  859., 56662, 20240805134500)
 (3530., 3534., 3526., 3532., 2408., 57046, 20240805140000)
 (3532., 3544., 3530., 3542., 1913., 57137, 20240805141500)
 (3542., 3550., 3541., 3545., 2214., 56780, 20240805143000)
 (3544., 3550., 3541., 3543., 2374., 56450, 20240805144500)
 (3543., 3552., 3539., 3552., 2731., 55440, 20240805150000)]
2024-08-06 15:30:00  INFO  [(3540., 3544., 3521., 3531., 1763., 55456, 20240805211500)
 (3531., 3538., 3526., 3529.,  369., 55507, 20240805213000)
 (3529., 3537., 3528., 3536.,  180., 55535, 20240805214500)
 (3537., 3544., 3536., 3541.,  430., 55599, 20240805220000)
 (3541., 3544., 3537., 3538.,  536., 55782, 20240805221500)
 (3538., 3540., 3536., 3537.,  170., 55828, 20240805223000)
 (3537., 3540., 3535., 3539.,   93., 55834, 20240805224500)
 (3537., 3541., 3535., 3535.,  689., 55730, 20240805230000)
 (3535., 3549., 3535., 3538.,  633., 55763, 20240806091500)
 (3538., 3540., 3530., 3540.,  320., 55767, 20240806093000)
 (3537., 3538., 3530., 3530.,  407., 55800, 20240806094500)
 (3530., 3539., 3528., 3536.,  254., 55787, 20240806100000)
 (3535., 3538., 3526., 3526.,  140., 55756, 20240806101500)
 (3526., 3528., 3522., 3524.,  456., 55774, 20240806104500)
 (3524., 3527., 3521., 3522.,  343., 55708, 20240806110000)
 (3522., 3524., 3510., 3510., 1023., 55583, 20240806111500)
 (3510., 3514., 3504., 3507., 2011., 55458, 20240806113000)
 (3505., 3508., 3499., 3504.,  954., 55495, 20240806134500)
 (3504., 3506., 3491., 3500.,  651., 55506, 20240806140000)
 (3498., 3500., 3495., 3496.,  789., 55748, 20240806141500)
 (3497., 3505., 3493., 3502., 1580., 55632, 20240806143000)
 (3501., 3510., 3497., 3499.,  431., 55618, 20240806144500)
 (3498., 3498., 3493., 3497.,  663., 55334, 20240806150000)]
2024-08-07 15:30:00  INFO  [(3492., 3503., 3489., 3500.,  743., 55496, 20240806211500)
 (3500., 3503., 3497., 3499.,  342., 55633, 20240806213000)
 (3500., 3503., 3499., 3502.,  242., 55726, 20240806214500)
 (3501., 3504., 3501., 3502.,   68., 55758, 20240806220000)
 (3504., 3516., 3502., 3513.,  583., 55930, 20240806221500)
 (3511., 3511., 3505., 3508.,  145., 55961, 20240806223000)
 (3508., 3514., 3504., 3511.,  280., 56040, 20240806224500)
 (3510., 3516., 3509., 3516.,  455., 56309, 20240806230000)
 (3515., 3515., 3508., 3510.,  351., 56336, 20240807091500)
 (3510., 3512., 3507., 3511.,  350., 56465, 20240807093000)
 (3510., 3516., 3504., 3509.,  742., 56515, 20240807094500)
 (3509., 3530., 3509., 3526., 1421., 57081, 20240807100000)
 (3526., 3526., 3519., 3520.,  397., 57076, 20240807101500)
 (3521., 3525., 3518., 3522.,  394., 57045, 20240807104500)
 (3522., 3526., 3516., 3520.,  394., 56963, 20240807110000)
 (3520., 3521., 3515., 3517.,  195., 56912, 20240807111500)
 (3516., 3517., 3507., 3507.,  590., 56665, 20240807113000)
 (3511., 3515., 3498., 3500.,  869., 56612, 20240807134500)
 (3499., 3504., 3497., 3499.,  578., 56508, 20240807140000)
 (3500., 3504., 3498., 3501.,  289., 56535, 20240807141500)
 (3503., 3507., 3500., 3502.,  189., 56548, 20240807143000)
 (3501., 3501., 3493., 3493.,  351., 56595, 20240807144500)
 (3495., 3499., 3491., 3495., 1552., 56655, 20240807150000)]
2024-08-08 15:30:00  INFO  [(3507., 3507., 3495., 3498.,  868., 57119, 20240807211500)
 (3496., 3500., 3496., 3497.,  493., 57277, 20240807213000)
 (3497., 3504., 3495., 3502.,  296., 57345, 20240807214500)
 (3504., 3507., 3500., 3500.,  418., 57528, 20240807220000)
 (3500., 3501., 3497., 3497.,   67., 57525, 20240807221500)
 (3496., 3503., 3496., 3502.,   65., 57520, 20240807223000)
 (3502., 3504., 3499., 3501.,   86., 57525, 20240807224500)
 (3502., 3505., 3500., 3505.,  341., 57484, 20240807230000)
 (3503., 3507., 3493., 3495.,  716., 57657, 20240808091500)
 (3495., 3501., 3493., 3499.,  257., 57798, 20240808093000)
 (3496., 3498., 3485., 3486.,  991., 57955, 20240808094500)
 (3485., 3488., 3480., 3484., 1742., 57692, 20240808100000)
 (3482., 3484., 3474., 3480.,  740., 57789, 20240808101500)
 (3481., 3483., 3476., 3479.,  548., 57870, 20240808104500)
 (3479., 3486., 3475., 3482.,  305., 57859, 20240808110000)
 (3484., 3491., 3483., 3489.,  248., 57879, 20240808111500)
 (3488., 3492., 3475., 3476.,  334., 57870, 20240808113000)
 (3475., 3475., 3457., 3458., 1403., 58195, 20240808134500)
 (3457., 3468., 3457., 3465., 1582., 58315, 20240808140000)
 (3465., 3465., 3456., 3460., 1753., 59014, 20240808141500)
 (3460., 3463., 3454., 3455., 1918., 59115, 20240808143000)
 (3456., 3459., 3451., 3454., 1009., 59245, 20240808144500)
 (3455., 3458., 3451., 3451.,  767., 59484, 20240808150000)]
2024-08-09 15:30:00  INFO  [(3453., 3465., 3451., 3462.,  936., 59633, 20240808211500)
 (3462., 3469., 3459., 3467.,  507., 59815, 20240808213000)
 (3467., 3471., 3466., 3468.,  325., 59878, 20240808214500)
 (3467., 3471., 3466., 3470.,  207., 59913, 20240808220000)
 (3470., 3474., 3468., 3469.,  244., 59922, 20240808221500)
 (3469., 3470., 3466., 3469.,   92., 59938, 20240808223000)
 (3470., 3474., 3466., 3466.,  110., 59935, 20240808224500)
 (3467., 3467., 3453., 3456.,  527., 59978, 20240808230000)
 (3456., 3465., 3453., 3463.,  726., 60058, 20240809091500)
 (3462., 3471., 3462., 3468.,  394., 60106, 20240809093000)
 (3469., 3484., 3466., 3484.,  994., 60379, 20240809094500)
 (3482., 3485., 3478., 3480.,  701., 60497, 20240809100000)
 (3478., 3479., 3472., 3478.,  652., 60495, 20240809101500)
 (3478., 3487., 3477., 3486.,  995., 60878, 20240809104500)
 (3486., 3502., 3485., 3497., 1311., 61005, 20240809110000)
 (3498., 3511., 3497., 3506., 2427., 61311, 20240809111500)
 (3507., 3509., 3491., 3492., 1219., 61223, 20240809113000)
 (3493., 3493., 3482., 3484., 1031., 61081, 20240809134500)
 (3485., 3485., 3477., 3482.,  914., 61141, 20240809140000)
 (3480., 3483., 3473., 3474.,  534., 61200, 20240809141500)
 (3476., 3476., 3463., 3464.,  882., 61302, 20240809143000)
 (3465., 3469., 3463., 3467.,  488., 61262, 20240809144500)
 (3468., 3470., 3460., 3461.,  578., 61140, 20240809150000)]
2024-08-12 15:30:00  INFO  [(3464., 3472., 3460., 3462., 1054., 61224, 20240809211500)
 (3463., 3466., 3457., 3463.,  664., 61484, 20240809213000)
 (3464., 3466., 3459., 3460.,  338., 61510, 20240809214500)
 (3461., 3461., 3451., 3456.,  441., 61595, 20240809220000)
 (3456., 3458., 3452., 3455.,  218., 61644, 20240809221500)
 (3455., 3461., 3455., 3456.,  270., 61657, 20240809223000)
 (3456., 3458., 3443., 3444.,  645., 61663, 20240809224500)
 (3444., 3444., 3425., 3426., 2220., 61864, 20240809230000)
 (3400., 3426., 3400., 3418., 4394., 63905, 20240812091500)
 (3419., 3431., 3419., 3429., 1236., 64278, 20240812093000)
 (3429., 3430., 3402., 3413., 2367., 64590, 20240812094500)
 (3412., 3412., 3399., 3401., 1091., 64765, 20240812100000)
 (3400., 3404., 3396., 3400., 1038., 64799, 20240812101500)
 (3401., 3405., 3398., 3404., 1642., 65352, 20240812104500)
 (3403., 3407., 3403., 3404., 1104., 65599, 20240812110000)
 (3402., 3402., 3398., 3399.,  370., 65768, 20240812111500)
 (3399., 3409., 3396., 3407., 2118., 66935, 20240812113000)
 (3405., 3415., 3405., 3412., 1597., 67727, 20240812134500)
 (3411., 3411., 3400., 3403., 1367., 68163, 20240812140000)
 (3403., 3406., 3400., 3400.,  332., 68230, 20240812141500)
 (3400., 3402., 3397., 3397.,  482., 68227, 20240812143000)
 (3398., 3402., 3391., 3395.,  340., 68261, 20240812144500)
 (3396., 3406., 3396., 3402.,  792., 68414, 20240812150000)]
2024-08-13 15:30:00  INFO  [(3408., 3408., 3388., 3388., 1349., 68452, 20240812211500)
 (3389., 3395., 3388., 3392.,  352., 68505, 20240812213000)
 (3392., 3409., 3390., 3405., 3582., 70001, 20240812214500)
 (3407., 3409., 3403., 3409., 1213., 70123, 20240812220000)
 (3409., 3411., 3401., 3403.,  724., 70442, 20240812221500)
 (3403., 3403., 3391., 3392., 1299., 71013, 20240812223000)
 (3392., 3397., 3391., 3391.,  592., 71236, 20240812224500)
 (3392., 3400., 3390., 3391., 1697., 71745, 20240812230000)
 (3393., 3409., 3393., 3401., 1398., 71653, 20240813091500)
 (3401., 3413., 3398., 3405., 1612., 71234, 20240813093000)
 (3406., 3409., 3398., 3400.,  309., 71188, 20240813094500)
 (3399., 3400., 3392., 3395.,  674., 71094, 20240813100000)
 (3395., 3396., 3387., 3389.,  701., 71233, 20240813101500)
 (3389., 3392., 3386., 3387.,  592., 71422, 20240813104500)
 (3387., 3389., 3376., 3377., 2027., 71760, 20240813110000)
 (3377., 3378., 3359., 3362., 2189., 71864, 20240813111500)
 (3362., 3365., 3358., 3360.,  812., 71927, 20240813113000)
 (3360., 3361., 3353., 3353., 1120., 72186, 20240813134500)
 (3353., 3358., 3347., 3347.,  798., 72309, 20240813140000)
 (3348., 3357., 3347., 3351., 1007., 72375, 20240813141500)
 (3349., 3359., 3349., 3355.,  998., 72178, 20240813143000)
 (3356., 3357., 3346., 3357.,  891., 72125, 20240813144500)
 (3358., 3362., 3348., 3360., 1959., 72207, 20240813150000)]
2024-08-14 15:30:00  INFO  [(3355., 3359., 3334., 3340., 4049., 71852, 20240813211500)
 (3340., 3345., 3335., 3337., 1507., 71957, 20240813213000)
 (3337., 3342., 3333., 3337., 2910., 72065, 20240813214500)
 (3339., 3343., 3337., 3338.,  933., 72009, 20240813220000)
 (3339., 3341., 3336., 3338.,  226., 71971, 20240813221500)
 (3338., 3352., 3336., 3346.,  631., 71847, 20240813223000)
 (3344., 3344., 3337., 3344.,  288., 71855, 20240813224500)
 (3344., 3344., 3331., 3331.,  413., 71788, 20240813230000)
 (3334., 3334., 3311., 3315., 3507., 71553, 20240814091500)
 (3314., 3335., 3314., 3332., 2591., 72010, 20240814093000)
 (3332., 3336., 3328., 3335., 1249., 72278, 20240814094500)
 (3334., 3341., 3313., 3318., 1410., 72370, 20240814100000)
 (3318., 3320., 3311., 3312.,  894., 72667, 20240814101500)
 (3311., 3312., 3301., 3308., 1757., 73394, 20240814104500)
 (3308., 3310., 3298., 3302., 1183., 73554, 20240814110000)
 (3301., 3306., 3294., 3294.,  585., 73590, 20240814111500)
 (3295., 3295., 3282., 3284., 1758., 74003, 20240814113000)
 (3286., 3286., 3249., 3249., 2716., 74248, 20240814134500)
 (3249., 3255., 3235., 3253., 5144., 74611, 20240814140000)
 (3254., 3261., 3245., 3252., 3621., 75468, 20240814141500)
 (3251., 3256., 3241., 3242., 2225., 75965, 20240814143000)
 (3243., 3244., 3221., 3224., 2940., 76348, 20240814144500)
 (3224., 3264., 3221., 3252., 7290., 77112, 20240814150000)]
2024-08-15 15:30:00  INFO  [(3280., 3280., 3252., 3272., 4153., 77595, 20240814211500)
 (3273., 3278., 3249., 3252., 1205., 77560, 20240814213000)
 (3251., 3251., 3239., 3249., 1333., 77745, 20240814214500)
 (3248., 3257., 3247., 3250., 1214., 78025, 20240814220000)
 (3248., 3251., 3246., 3250.,  140., 78065, 20240814221500)
 (3249., 3254., 3242., 3245.,  305., 78175, 20240814223000)
 (3246., 3249., 3243., 3248.,  172., 78201, 20240814224500)
 (3245., 3250., 3244., 3244.,  752., 78152, 20240814230000)
 (3236., 3236., 3217., 3217., 3782., 78444, 20240815091500)
 (3217., 3228., 3205., 3206., 2292., 78733, 20240815093000)
 (3206., 3210., 3201., 3210., 3390., 78078, 20240815094500)
 (3209., 3225., 3206., 3222., 2798., 77389, 20240815100000)
 (3223., 3230., 3210., 3223., 3723., 77547, 20240815101500)
 (3224., 3249., 3224., 3238., 5603., 77154, 20240815104500)
 (3238., 3238., 3227., 3231., 2023., 76854, 20240815110000)
 (3231., 3242., 3222., 3225., 1274., 76660, 20240815111500)
 (3225., 3226., 3208., 3215., 1759., 76482, 20240815113000)
 (3214., 3214., 3197., 3201., 2486., 76791, 20240815134500)
 (3200., 3212., 3196., 3207., 1703., 76979, 20240815140000)
 (3207., 3228., 3202., 3219., 1459., 77021, 20240815141500)
 (3220., 3235., 3219., 3230., 1927., 76972, 20240815143000)
 (3230., 3233., 3212., 3222., 1534., 77407, 20240815144500)
 (3222., 3235., 3218., 3234., 1818., 77257, 20240815150000)]
2024-08-16 15:30:00  INFO  [(3240., 3252., 3232., 3242., 3644., 78082, 20240815211500)
 (3243., 3271., 3243., 3268., 2526., 78411, 20240815213000)
 (3268., 3269., 3246., 3249., 2442., 79032, 20240815214500)
 (3249., 3251., 3241., 3245., 1413., 79488, 20240815220000)
 (3245., 3246., 3233., 3234., 2042., 80420, 20240815221500)
 (3235., 3247., 3233., 3244., 1081., 80709, 20240815223000)
 (3243., 3251., 3243., 3248., 1490., 81063, 20240815224500)
 (3249., 3256., 3242., 3246., 1377., 80939, 20240815230000)
 (3248., 3252., 3243., 3249.,  736., 80936, 20240816091500)
 (3248., 3253., 3243., 3253.,  647., 81062, 20240816093000)
 (3254., 3258., 3246., 3256.,  744., 81129, 20240816094500)
 (3256., 3265., 3252., 3264., 1139., 80972, 20240816100000)
 (3263., 3264., 3255., 3256.,  653., 80952, 20240816101500)
 (3257., 3257., 3232., 3238., 2148., 81240, 20240816104500)
 (3238., 3241., 3234., 3237.,  641., 81359, 20240816110000)
 (3236., 3236., 3223., 3224., 1412., 81425, 20240816111500)
 (3224., 3232., 3221., 3221.,  673., 81318, 20240816113000)
 (3220., 3224., 3213., 3218., 1814., 81518, 20240816134500)
 (3219., 3223., 3210., 3213., 1710., 81368, 20240816140000)
 (3213., 3220., 3202., 3206., 1930., 80952, 20240816141500)
 (3204., 3211., 3202., 3203., 1696., 81186, 20240816143000)
 (3204., 3214., 3204., 3208., 1170., 81256, 20240816144500)
 (3209., 3214., 3202., 3202.,  631., 81172, 20240816150000)]
2024-08-19 15:30:00  INFO  [(3197., 3198., 3158., 3170., 3654., 82004, 20240816211500)
 (3169., 3187., 3169., 3184., 2103., 82513, 20240816213000)
 (3185., 3188., 3177., 3181., 1435., 82914, 20240816214500)
 (3182., 3195., 3180., 3191., 1447., 83189, 20240816220000)
 (3191., 3216., 3190., 3212., 1971., 83426, 20240816221500)
 (3210., 3220., 3205., 3217., 2043., 83314, 20240816223000)
 (3217., 3218., 3200., 3206., 2426., 83034, 20240816224500)
 (3205., 3218., 3205., 3214., 2104., 82117, 20240816230000)
 (3214., 3228., 3198., 3210., 4091., 82678, 20240819091500)
 (3210., 3218., 3207., 3212.,  664., 82669, 20240819093000)
 (3214., 3228., 3213., 3224., 1372., 82734, 20240819094500)
 (3225., 3227., 3214., 3216.,  746., 82913, 20240819100000)
 (3217., 3218., 3208., 3209., 1064., 83008, 20240819101500)
 (3209., 3209., 3198., 3200., 1876., 82807, 20240819104500)
 (3202., 3202., 3191., 3197., 1296., 82881, 20240819110000)
 (3196., 3209., 3195., 3200., 4305., 82648, 20240819111500)
 (3201., 3204., 3197., 3197.,  406., 82535, 20240819113000)
 (3199., 3201., 3192., 3193., 1560., 82903, 20240819134500)
 (3193., 3210., 3192., 3206., 1084., 82818, 20240819140000)
 (3205., 3223., 3205., 3219., 1795., 83365, 20240819141500)
 (3220., 3229., 3210., 3223., 2033., 83344, 20240819143000)
 (3223., 3235., 3220., 3231., 1691., 83305, 20240819144500)
 (3231., 3240., 3230., 3236., 1757., 83034, 20240819150000)]
2024-08-20 15:30:00  INFO  [(3238., 3272., 3236., 3262., 6075., 81245, 20240819211500)
 (3263., 3263., 3250., 3253., 1489., 81226, 20240819213000)
 (3252., 3259., 3250., 3259., 1827., 81516, 20240819214500)
 (3259., 3264., 3256., 3257., 1177., 81375, 20240819220000)
 (3257., 3261., 3254., 3255.,  395., 81423, 20240819221500)
 (3255., 3257., 3251., 3255.,  301., 81348, 20240819223000)
 (3254., 3256., 3240., 3243.,  992., 81510, 20240819224500)
 (3245., 3253., 3243., 3250.,  520., 81495, 20240819230000)
 (3250., 3251., 3220., 3228., 8601., 83150, 20240820091500)
 (3228., 3230., 3222., 3224., 1649., 83469, 20240820093000)
 (3224., 3224., 3212., 3216., 1704., 83636, 20240820094500)
 (3216., 3220., 3212., 3218., 1042., 83764, 20240820100000)
 (3219., 3228., 3215., 3226., 1130., 83709, 20240820101500)
 (3225., 3227., 3217., 3225.,  568., 83795, 20240820104500)
 (3225., 3230., 3222., 3230.,  583., 83843, 20240820110000)
 (3230., 3235., 3224., 3229.,  687., 83836, 20240820111500)
 (3229., 3230., 3221., 3230., 1090., 84410, 20240820113000)
 (3230., 3240., 3226., 3226., 1383., 84231, 20240820134500)
 (3225., 3244., 3223., 3242., 2379., 84096, 20240820140000)
 (3243., 3246., 3238., 3241.,  724., 84063, 20240820141500)
 (3241., 3243., 3231., 3240.,  939., 83990, 20240820143000)
 (3240., 3252., 3239., 3248., 1169., 83775, 20240820144500)
 (3248., 3262., 3248., 3256., 1840., 83399, 20240820150000)]
2024-08-21 15:30:00  INFO  [(3265., 3284., 3263., 3276., 4279., 82541, 20240820211500)
 (3276., 3277., 3269., 3275., 1221., 82386, 20240820213000)
 (3275., 3275., 3267., 3269., 1260., 82330, 20240820214500)
 (3270., 3276., 3269., 3276.,  483., 82412, 20240820220000)
 (3275., 3282., 3274., 3282., 1230., 82342, 20240820221500)
 (3282., 3286., 3277., 3283.,  988., 82289, 20240820223000)
 (3283., 3283., 3278., 3278.,  262., 82255, 20240820224500)
 (3278., 3285., 3277., 3285.,  502., 82103, 20240820230000)
 (3284., 3284., 3271., 3278., 2736., 81870, 20240821091500)
 (3278., 3285., 3278., 3284., 3012., 80974, 20240821093000)
 (3283., 3291., 3283., 3290., 1873., 80822, 20240821094500)
 (3290., 3296., 3286., 3292., 1944., 80495, 20240821100000)
 (3291., 3297., 3289., 3293.,  985., 80296, 20240821101500)
 (3293., 3298., 3291., 3293.,  609., 80279, 20240821104500)
 (3292., 3293., 3288., 3292.,  540., 80214, 20240821110000)
 (3293., 3304., 3293., 3303., 1815., 80232, 20240821111500)
 (3303., 3305., 3296., 3304.,  938., 80111, 20240821113000)
 (3305., 3316., 3305., 3310., 2358., 80203, 20240821134500)
 (3311., 3314., 3308., 3311., 1428., 80060, 20240821140000)
 (3313., 3317., 3308., 3311., 1271., 80047, 20240821141500)
 (3311., 3319., 3308., 3316.,  645., 80206, 20240821143000)
 (3316., 3322., 3314., 3318.,  874., 80328, 20240821144500)
 (3318., 3337., 3318., 3333., 2527., 80713, 20240821150000)]
2024-08-22 15:30:00  INFO  [(3333., 3334., 3319., 3323., 1690., 80926, 20240821211500)
 (3324., 3332., 3322., 3326., 1033., 81072, 20240821213000)
 (3327., 3329., 3323., 3323.,  829., 81175, 20240821214500)
 (3325., 3327., 3320., 3325.,  690., 81413, 20240821220000)
 (3324., 3324., 3314., 3322.,  824., 81399, 20240821221500)
 (3323., 3325., 3322., 3322.,  273., 81365, 20240821223000)
 (3322., 3325., 3320., 3321.,  249., 81310, 20240821224500)
 (3320., 3322., 3311., 3317., 1019., 81313, 20240821230000)
 (3315., 3324., 3307., 3310., 1878., 81845, 20240822091500)
 (3311., 3314., 3305., 3314.,  892., 81943, 20240822093000)
 (3313., 3318., 3305., 3307.,  955., 82006, 20240822094500)
 (3307., 3314., 3304., 3309.,  565., 82072, 20240822100000)
 (3309., 3315., 3308., 3314.,  431., 82122, 20240822101500)
 (3313., 3325., 3313., 3322., 1055., 82362, 20240822104500)
 (3321., 3324., 3318., 3321.,  357., 82322, 20240822110000)
 (3321., 3332., 3319., 3332.,  977., 82319, 20240822111500)
 (3332., 3334., 3319., 3319., 1299., 82209, 20240822113000)
 (3321., 3323., 3301., 3301., 3867., 83225, 20240822134500)
 (3301., 3303., 3293., 3294., 3059., 83439, 20240822140000)
 (3294., 3298., 3280., 3280., 2091., 83133, 20240822141500)
 (3281., 3286., 3275., 3280., 1845., 83360, 20240822143000)
 (3281., 3286., 3274., 3275.,  743., 83339, 20240822144500)
 (3275., 3289., 3272., 3283., 1395., 83202, 20240822150000)]
2024-08-23 15:30:00  INFO  [(3290., 3298., 3271., 3296., 2656., 83200, 20240822211500)
 (3295., 3295., 3277., 3280., 1409., 83366, 20240822213000)
 (3280., 3288., 3272., 3284., 1353., 83712, 20240822214500)
 (3284., 3287., 3280., 3280.,  488., 83683, 20240822220000)
 (3280., 3280., 3270., 3275.,  564., 83805, 20240822221500)
 (3274., 3277., 3268., 3273.,  676., 83882, 20240822223000)
 (3274., 3275., 3262., 3266., 1030., 84041, 20240822224500)
 (3266., 3281., 3264., 3278.,  988., 84016, 20240822230000)
 (3278., 3295., 3274., 3282., 3981., 83461, 20240823091500)
 (3281., 3289., 3279., 3284.,  567., 83424, 20240823093000)
 (3286., 3290., 3281., 3286.,  468., 83449, 20240823094500)
 (3286., 3286., 3271., 3273.,  691., 83387, 20240823100000)
 (3272., 3277., 3268., 3277., 1449., 83311, 20240823101500)
 (3278., 3285., 3271., 3277., 1452., 83191, 20240823104500)
 (3275., 3282., 3271., 3277.,  559., 83199, 20240823110000)
 (3277., 3286., 3274., 3283.,  581., 83192, 20240823111500)
 (3283., 3289., 3281., 3285.,  563., 83170, 20240823113000)
 (3284., 3292., 3280., 3283., 1046., 83249, 20240823134500)
 (3285., 3288., 3281., 3281.,  309., 83189, 20240823140000)
 (3281., 3287., 3274., 3277.,  543., 83215, 20240823141500)
 (3277., 3281., 3274., 3278.,  532., 83321, 20240823143000)
 (3278., 3287., 3278., 3287.,  482., 83472, 20240823144500)
 (3286., 3288., 3258., 3258., 2094., 83496, 20240823150000)]
2024-08-26 15:30:00  INFO  [(3260., 3262., 3237., 3251., 2699., 83689, 20240823211500)
 (3251., 3255., 3249., 3251.,  650., 83734, 20240823213000)
 (3250., 3257., 3249., 3253.,  521., 83814, 20240823214500)
 (3251., 3254., 3248., 3250.,  258., 83928, 20240823220000)
 (3250., 3282., 3250., 3279., 2496., 83896, 20240823221500)
 (3279., 3283., 3267., 3279., 1399., 84058, 20240823223000)
 (3279., 3316., 3277., 3316., 4581., 84941, 20240823224500)
 (3314., 3320., 3281., 3294., 4568., 85233, 20240823230000)
 (3296., 3325., 3296., 3312., 3502., 84831, 20240826091500)
 (3313., 3317., 3300., 3304., 1544., 85424, 20240826093000)
 (3304., 3305., 3297., 3304., 1411., 85403, 20240826094500)
 (3303., 3316., 3303., 3316., 1821., 86024, 20240826100000)
 (3315., 3326., 3311., 3316., 1784., 86015, 20240826101500)
 (3316., 3318., 3308., 3316.,  738., 86292, 20240826104500)
 (3316., 3320., 3311., 3314.,  833., 86597, 20240826110000)
 (3314., 3318., 3308., 3309.,  864., 86752, 20240826111500)
 (3311., 3324., 3311., 3323.,  820., 86570, 20240826113000)
 (3324., 3342., 3324., 3340., 3403., 86467, 20240826134500)
 (3341., 3349., 3335., 3346., 2563., 87089, 20240826140000)
 (3345., 3347., 3337., 3340., 1070., 87141, 20240826141500)
 (3341., 3344., 3336., 3341.,  756., 87412, 20240826143000)
 (3342., 3346., 3338., 3343.,  433., 87384, 20240826144500)
 (3341., 3350., 3341., 3346., 1366., 87753, 20240826150000)]
2024-08-27 15:30:00  INFO  [(3351., 3352., 3336., 3344., 2260., 87627, 20240826211500)
 (3344., 3346., 3341., 3342.,  717., 87513, 20240826213000)
 (3342., 3348., 3342., 3346.,  665., 87258, 20240826214500)
 (3346., 3349., 3337., 3345., 1764., 86915, 20240826220000)
 (3345., 3348., 3343., 3346., 1061., 86780, 20240826221500)
 (3347., 3349., 3341., 3348., 1114., 86823, 20240826223000)
 (3348., 3349., 3344., 3345., 1052., 86470, 20240826224500)
 (3345., 3349., 3343., 3348.,  284., 86346, 20240826230000)
 (3347., 3351., 3339., 3341., 1031., 86394, 20240827091500)
 (3343., 3343., 3332., 3334., 2222., 87104, 20240827093000)
 (3335., 3341., 3332., 3338.,  714., 87188, 20240827094500)
 (3339., 3350., 3338., 3345., 1411., 87557, 20240827100000)
 (3345., 3346., 3337., 3338.,  484., 87678, 20240827101500)
 (3338., 3343., 3332., 3337.,  440., 87703, 20240827104500)
 (3339., 3345., 3338., 3339.,  466., 87743, 20240827110000)
 (3339., 3344., 3338., 3339.,  345., 87767, 20240827111500)
 (3340., 3350., 3337., 3350.,  805., 87954, 20240827113000)
 (3348., 3373., 3348., 3372., 3801., 88326, 20240827134500)
 (3373., 3381., 3368., 3377., 3046., 88112, 20240827140000)
 (3379., 3380., 3365., 3367., 1857., 87835, 20240827141500)
 (3366., 3373., 3352., 3354., 1413., 87721, 20240827143000)
 (3355., 3355., 3339., 3347., 2372., 87910, 20240827144500)
 (3346., 3362., 3345., 3354., 1056., 87815, 20240827150000)]
2024-08-28 15:30:00  INFO  [(3343., 3361., 3342., 3351., 2873., 88550, 20240827211500)
 (3352., 3353., 3343., 3351.,  908., 88460, 20240827213000)
 (3351., 3356., 3344., 3345., 1312., 88998, 20240827214500)
 (3345., 3350., 3345., 3348.,  196., 88947, 20240827220000)
 (3347., 3358., 3345., 3356.,  606., 88825, 20240827221500)
 (3356., 3358., 3353., 3356.,  269., 88807, 20240827223000)
 (3355., 3365., 3355., 3361.,  679., 88864, 20240827224500)
 (3360., 3363., 3358., 3362.,  556., 88639, 20240827230000)
 (3361., 3382., 3361., 3373., 5330., 88022, 20240828091500)
 (3374., 3374., 3363., 3363., 1395., 88125, 20240828093000)
 (3364., 3367., 3356., 3357., 1449., 88329, 20240828094500)
 (3358., 3363., 3352., 3361.,  806., 88477, 20240828100000)
 (3365., 3365., 3345., 3347.,  816., 88376, 20240828101500)
 (3349., 3354., 3343., 3353., 1754., 88047, 20240828104500)
 (3354., 3359., 3348., 3350.,  445., 88107, 20240828110000)
 (3350., 3351., 3343., 3347.,  913., 88264, 20240828111500)
 (3347., 3365., 3345., 3364., 1234., 88609, 20240828113000)
 (3362., 3367., 3353., 3359., 1277., 88865, 20240828134500)
 (3359., 3360., 3352., 3356.,  861., 88803, 20240828140000)
 (3355., 3358., 3352., 3355.,  524., 88764, 20240828141500)
 (3355., 3363., 3354., 3362., 1984., 89627, 20240828143000)
 (3363., 3365., 3348., 3349., 3510., 89226, 20240828144500)
 (3348., 3359., 3348., 3358., 1569., 89077, 20240828150000)]
2024-08-29 15:30:00  INFO  [(3351., 3354., 3340., 3350., 1664., 88965, 20240828211500)
 (3351., 3354., 3348., 3353.,  451., 88912, 20240828213000)
 (3354., 3356., 3350., 3356.,  270., 88905, 20240828214500)
 (3355., 3360., 3353., 3356.,  469., 88908, 20240828220000)
 (3355., 3360., 3352., 3358.,  340., 88958, 20240828221500)
 (3358., 3361., 3355., 3358.,  236., 88989, 20240828223000)
 (3356., 3359., 3352., 3352.,  238., 89038, 20240828224500)
 (3352., 3356., 3350., 3350.,  497., 89130, 20240828230000)
 (3352., 3357., 3347., 3349.,  854., 89356, 20240829091500)
 (3348., 3350., 3313., 3318., 4597., 89515, 20240829093000)
 (3318., 3338., 3315., 3326., 3638., 89380, 20240829094500)
 (3327., 3343., 3327., 3338., 1722., 89974, 20240829100000)
 (3338., 3340., 3333., 3337.,  470., 90090, 20240829101500)
 (3338., 3344., 3338., 3340.,  998., 90201, 20240829104500)
 (3339., 3349., 3336., 3347.,  859., 90215, 20240829110000)
 (3347., 3356., 3345., 3349., 1297., 90132, 20240829111500)
 (3350., 3365., 3348., 3361., 1442., 89889, 20240829113000)
 (3364., 3369., 3349., 3349., 1881., 90019, 20240829134500)
 (3350., 3355., 3339., 3352., 2784., 89997, 20240829140000)
 (3352., 3356., 3349., 3354.,  858., 89673, 20240829141500)
 (3354., 3355., 3348., 3351.,  865., 89366, 20240829143000)
 (3350., 3353., 3346., 3348., 1071., 89357, 20240829144500)
 (3348., 3350., 3340., 3346., 2243., 88864, 20240829150000)]
2024-08-30 15:30:00  INFO  [(3347., 3349., 3337., 3343., 1671., 88714, 20240829211500)
 (3342., 3345., 3337., 3341.,  631., 88619, 20240829213000)
 (3343., 3351., 3341., 3343.,  678., 88545, 20240829214500)
 (3343., 3349., 3342., 3345.,  230., 88565, 20240829220000)
 (3346., 3347., 3341., 3343.,  196., 88534, 20240829221500)
 (3342., 3344., 3340., 3342.,  227., 88593, 20240829223000)
 (3340., 3347., 3336., 3343.,  434., 88593, 20240829224500)
 (3344., 3349., 3341., 3344.,  475., 88507, 20240829230000)
 (3344., 3353., 3341., 3349.,  950., 88480, 20240830091500)
 (3350., 3352., 3341., 3344.,  849., 88599, 20240830093000)
 (3345., 3354., 3343., 3352., 1450., 88665, 20240830094500)
 (3351., 3353., 3339., 3342., 1266., 88696, 20240830100000)
 (3343., 3354., 3342., 3347., 1609., 89074, 20240830101500)
 (3347., 3351., 3345., 3349.,  567., 89070, 20240830104500)
 (3350., 3352., 3348., 3352.,  352., 89153, 20240830110000)
 (3350., 3353., 3347., 3349.,  375., 89125, 20240830111500)
 (3350., 3367., 3348., 3360., 1781., 89191, 20240830113000)
 (3361., 3380., 3361., 3366., 3001., 89019, 20240830134500)
 (3366., 3371., 3362., 3365.,  758., 89027, 20240830140000)
 (3367., 3370., 3345., 3349., 1787., 89154, 20240830141500)
 (3349., 3351., 3341., 3345., 2132., 89522, 20240830143000)
 (3345., 3347., 3329., 3336., 2237., 89801, 20240830144500)
 (3335., 3344., 3334., 3341., 1089., 89772, 20240830150000)]
2024-09-02 15:30:00  INFO  [(3331., 3347., 3331., 3344., 1184., 89943, 20240830211500)
 (3342., 3348., 3342., 3348.,  508., 89982, 20240830213000)
 (3348., 3349., 3345., 3348.,  294., 89971, 20240830214500)
 (3347., 3350., 3344., 3349.,  442., 89895, 20240830220000)
 (3349., 3351., 3338., 3341.,  649., 89816, 20240830221500)
 (3342., 3355., 3341., 3345., 1111., 89701, 20240830223000)
 (3346., 3350., 3338., 3341.,  440., 89699, 20240830224500)
 (3341., 3347., 3338., 3338., 1051., 89742, 20240830230000)
 (3350., 3350., 3302., 3314., 7117., 90446, 20240902091500)
 (3313., 3316., 3301., 3309., 2285., 91030, 20240902093000)
 (3306., 3319., 3301., 3302., 1210., 91268, 20240902094500)
 (3302., 3309., 3300., 3304.,  974., 91358, 20240902100000)
 (3303., 3305., 3290., 3300., 1236., 91405, 20240902101500)
 (3296., 3297., 3281., 3287., 1858., 91480, 20240902104500)
 (3285., 3291., 3280., 3283., 1652., 91335, 20240902110000)
 (3283., 3289., 3281., 3283.,  810., 91344, 20240902111500)
 (3283., 3295., 3282., 3294.,  621., 91436, 20240902113000)
 (3294., 3296., 3287., 3293., 1247., 91557, 20240902134500)
 (3293., 3293., 3285., 3287., 1209., 92308, 20240902140000)
 (3285., 3289., 3283., 3283.,  384., 92407, 20240902141500)
 (3283., 3292., 3281., 3286.,  656., 92431, 20240902143000)
 (3285., 3287., 3269., 3271., 1882., 92454, 20240902144500)
 (3267., 3283., 3267., 3279., 1737., 92230, 20240902150000)]
2024-09-03 15:30:00  INFO  [(3279., 3288., 3273., 3287., 1637., 92253, 20240902211500)
 (3285., 3292., 3285., 3286.,  725., 92199, 20240902213000)
 (3286., 3291., 3283., 3283.,  621., 92384, 20240902214500)
 (3283., 3287., 3283., 3285.,  194., 92422, 20240902220000)
 (3285., 3287., 3280., 3283.,  193., 92465, 20240902221500)
 (3283., 3291., 3282., 3287.,  610., 92702, 20240902223000)
 (3287., 3288., 3286., 3287.,  288., 92748, 20240902224500)
 (3287., 3287., 3283., 3286.,  190., 92672, 20240902230000)
 (3290., 3290., 3259., 3262., 2473., 92992, 20240903091500)
 (3262., 3274., 3259., 3265., 2856., 93941, 20240903093000)
 (3265., 3272., 3264., 3267.,  909., 94055, 20240903094500)
 (3267., 3278., 3264., 3275., 1705., 94493, 20240903100000)
 (3274., 3285., 3273., 3278., 1866., 95017, 20240903101500)
 (3277., 3277., 3263., 3263.,  648., 95071, 20240903104500)
 (3265., 3268., 3260., 3260.,  672., 95041, 20240903110000)
 (3261., 3262., 3238., 3240., 3719., 95043, 20240903111500)
 (3240., 3242., 3229., 3237., 3135., 95266, 20240903113000)
 (3238., 3243., 3227., 3237., 3319., 94790, 20240903134500)
 (3237., 3240., 3228., 3229., 2220., 95276, 20240903140000)
 (3229., 3231., 3210., 3214., 2732., 95151, 20240903141500)
 (3214., 3222., 3210., 3214.,  939., 95103, 20240903143000)
 (3214., 3221., 3213., 3215., 1042., 95249, 20240903144500)
 (3216., 3217., 3200., 3203., 2664., 95589, 20240903150000)]
2024-09-04 15:30:00  INFO  [(3200., 3212., 3190., 3207., 2795.,  95943, 20240903211500)
 (3207., 3210., 3203., 3205.,  736.,  96054, 20240903213000)
 (3205., 3208., 3188., 3194., 1649.,  96028, 20240903214500)
 (3193., 3194., 3178., 3180., 1758.,  96145, 20240903220000)
 (3180., 3185., 3172., 3178., 1693.,  96651, 20240903221500)
 (3178., 3178., 3152., 3153., 5816.,  98601, 20240903223000)
 (3153., 3196., 3140., 3188., 7530.,  99042, 20240903224500)
 (3188., 3207., 3180., 3186., 6941., 100135, 20240903230000)
 (3185., 3191., 3179., 3182., 2089., 100756, 20240904091500)
 (3182., 3183., 3163., 3169., 2019., 100567, 20240904093000)
 (3170., 3187., 3168., 3184., 1316., 100451, 20240904094500)
 (3184., 3198., 3183., 3193., 1801., 100449, 20240904100000)
 (3192., 3193., 3184., 3184.,  660., 100497, 20240904101500)
 (3185., 3194., 3181., 3189., 2822., 101387, 20240904104500)
 (3188., 3196., 3186., 3192., 1594., 102172, 20240904110000)
 (3195., 3204., 3194., 3200., 4511., 104302, 20240904111500)
 (3201., 3205., 3182., 3182., 3611., 105801, 20240904113000)
 (3182., 3185., 3163., 3167., 3048., 105988, 20240904134500)
 (3166., 3170., 3161., 3164., 1660., 105795, 20240904140000)
 (3164., 3167., 3156., 3162., 1924., 105977, 20240904141500)
 (3162., 3166., 3154., 3164., 2395., 107099, 20240904143000)
 (3166., 3166., 3149., 3151., 2934., 107313, 20240904144500)
 (3150., 3166., 3149., 3159., 1574., 107470, 20240904150000)]
2024-09-05 15:30:00  INFO  [(3160., 3187., 3155., 3179., 4440., 108637, 20240904211500)
 (3179., 3181., 3163., 3163., 2447., 109372, 20240904213000)
 (3164., 3168., 3157., 3163., 2685., 109213, 20240904214500)
 (3163., 3168., 3160., 3165.,  858., 109339, 20240904220000)
 (3165., 3173., 3164., 3167.,  565., 109437, 20240904221500)
 (3168., 3169., 3161., 3165.,  542., 109497, 20240904223000)
 (3166., 3181., 3166., 3180., 2015., 109985, 20240904224500)
 (3179., 3179., 3165., 3168.,  795., 109731, 20240904230000)
 (3168., 3169., 3152., 3155., 2394., 109820, 20240905091500)
 (3154., 3155., 3138., 3140., 4878., 110644, 20240905093000)
 (3141., 3153., 3139., 3143., 3737., 112057, 20240905094500)
 (3144., 3146., 3130., 3132., 3705., 113499, 20240905100000)
 (3132., 3140., 3128., 3136., 1258., 113831, 20240905101500)
 (3137., 3151., 3136., 3149., 1260., 113962, 20240905104500)
 (3150., 3155., 3144., 3150., 1710., 114432, 20240905110000)
 (3150., 3151., 3136., 3142., 1125., 114512, 20240905111500)
 (3141., 3141., 3132., 3132.,  664., 114509, 20240905113000)
 (3131., 3131., 3117., 3127., 4235., 114543, 20240905134500)
 (3127., 3136., 3120., 3125., 2050., 114636, 20240905140000)
 (3125., 3128., 3115., 3120., 1788., 114773, 20240905141500)
 (3120., 3128., 3109., 3122., 2536., 114819, 20240905143000)
 (3121., 3127., 3117., 3127., 1155., 114755, 20240905144500)
 (3127., 3128., 3117., 3120., 1088., 114522, 20240905150000)]
2024-09-06 15:30:00  INFO  [(3124., 3140., 3124., 3129., 3526., 114656, 20240905211500)
 (3129., 3142., 3129., 3139., 1447., 114951, 20240905213000)
 (3140., 3144., 3130., 3132., 1113., 114992, 20240905214500)
 (3131., 3140., 3123., 3139., 1433., 115081, 20240905220000)
 (3140., 3160., 3138., 3156., 3700., 116038, 20240905221500)
 (3158., 3158., 3145., 3148., 1495., 115936, 20240905223000)
 (3149., 3154., 3144., 3147.,  786., 116157, 20240905224500)
 (3146., 3146., 3132., 3135., 1067., 115923, 20240905230000)
 (3135., 3139., 3106., 3114., 4614., 115863, 20240906091500)
 (3113., 3117., 3102., 3105., 2545., 116076, 20240906093000)
 (3103., 3108., 3098., 3104., 1861., 116672, 20240906094500)
 (3104., 3110., 3099., 3107.,  874., 116769, 20240906100000)
 (3108., 3109., 3092., 3095., 1664., 117081, 20240906101500)
 (3095., 3101., 3083., 3085., 2453., 117695, 20240906104500)
 (3086., 3086., 3071., 3077., 4280., 118684, 20240906110000)
 (3077., 3078., 3068., 3078., 2271., 118849, 20240906111500)
 (3078., 3079., 3067., 3069., 2311., 119605, 20240906113000)
 (3065., 3069., 3053., 3068., 5632., 120182, 20240906134500)
 (3069., 3088., 3066., 3085., 3600., 120653, 20240906140000)
 (3085., 3094., 3071., 3085., 1880., 120362, 20240906141500)
 (3085., 3105., 3083., 3083., 3550., 120790, 20240906143000)
 (3085., 3098., 3075., 3094., 1596., 121056, 20240906144500)
 (3093., 3096., 3082., 3088., 1426., 121277, 20240906150000)]
2024-09-09 15:30:00  INFO  [(3091., 3098., 3064., 3073.,  3196., 121015, 20240906211500)
 (3074., 3078., 3066., 3069.,  2200., 121319, 20240906213000)
 (3069., 3072., 3060., 3066.,  2400., 121311, 20240906214500)
 (3064., 3071., 3062., 3065.,  1183., 121767, 20240906220000)
 (3065., 3068., 3055., 3056.,  1847., 122170, 20240906221500)
 (3055., 3063., 3050., 3056.,  4309., 122051, 20240906223000)
 (3056., 3068., 3052., 3055.,  2179., 122302, 20240906224500)
 (3055., 3062., 3043., 3045.,  3278., 121788, 20240906230000)
 (3045., 3057., 3026., 3051.,  6143., 123452, 20240909091500)
 (3052., 3064., 3048., 3062.,  4145., 124829, 20240909093000)
 (3061., 3065., 3043., 3046.,  2789., 124475, 20240909094500)
 (3045., 3051., 3039., 3048.,  1503., 124735, 20240909100000)
 (3050., 3065., 3049., 3059.,  2927., 124914, 20240909101500)
 (3060., 3067., 3059., 3065.,  1657., 124914, 20240909104500)
 (3066., 3067., 3056., 3063.,  1911., 125650, 20240909110000)
 (3063., 3075., 3062., 3074.,  8127., 127569, 20240909111500)
 (3075., 3082., 3062., 3062.,  3098., 128298, 20240909113000)
 (3061., 3071., 3055., 3070.,  3367., 127353, 20240909134500)
 (3070., 3081., 3069., 3080.,  3073., 127334, 20240909140000)
 (3080., 3088., 3075., 3079.,  5520., 126945, 20240909141500)
 (3080., 3086., 3074., 3081.,  4115., 126864, 20240909143000)
 (3083., 3099., 3082., 3096.,  5794., 127652, 20240909144500)
 (3096., 3140., 3096., 3121., 12499., 128539, 20240909150000)]
2024-09-10 15:30:00  INFO  [(3121., 3146., 3121., 3132.,  8075., 129973, 20240909211500)
 (3132., 3140., 3130., 3134.,  2158., 130367, 20240909213000)
 (3134., 3134., 3123., 3125.,  1602., 130457, 20240909214500)
 (3125., 3137., 3123., 3135.,   894., 130516, 20240909220000)
 (3135., 3147., 3134., 3146.,  3735., 131402, 20240909221500)
 (3145., 3149., 3134., 3141.,  1619., 131691, 20240909223000)
 (3141., 3141., 3135., 3137.,   439., 131700, 20240909224500)
 (3137., 3139., 3132., 3135.,  1170., 131265, 20240909230000)
 (3135., 3138., 3127., 3130.,  1206., 131085, 20240910091500)
 (3129., 3138., 3129., 3137.,   658., 131062, 20240910093000)
 (3137., 3141., 3131., 3136.,   850., 131065, 20240910094500)
 (3135., 3136., 3111., 3114.,  6522., 134489, 20240910100000)
 (3114., 3114., 3097., 3099.,  8076., 136109, 20240910101500)
 (3098., 3112., 3094., 3109., 11234., 140363, 20240910104500)
 (3110., 3112., 3093., 3099., 11247., 144541, 20240910110000)
 (3100., 3108., 3097., 3102.,  4402., 145362, 20240910111500)
 (3103., 3116., 3102., 3108.,  2114., 145738, 20240910113000)
 (3111., 3120., 3107., 3120.,  3189., 145546, 20240910134500)
 (3119., 3126., 3114., 3122.,  1468., 145640, 20240910140000)
 (3122., 3145., 3116., 3140.,  3322., 145670, 20240910141500)
 (3142., 3145., 3124., 3138.,  3055., 145907, 20240910143000)
 (3138., 3143., 3128., 3129.,  2713., 147281, 20240910144500)
 (3129., 3129., 3105., 3108.,  5360., 148455, 20240910150000)]
2024-09-11 15:30:00  INFO  [(3115., 3116., 3086., 3090., 5738., 147514, 20240910211500)
 (3090., 3094., 3086., 3092., 2070., 147185, 20240910213000)
 (3092., 3094., 3066., 3080., 4829., 146624, 20240910214500)
 (3082., 3085., 3073., 3074., 1371., 146841, 20240910220000)
 (3073., 3079., 3071., 3074.,  825., 146890, 20240910221500)
 (3072., 3085., 3070., 3078., 1241., 146778, 20240910223000)
 (3078., 3111., 3078., 3107., 2664., 147280, 20240910224500)
 (3107., 3119., 3093., 3103., 3733., 147583, 20240910230000)
 (3102., 3111., 3098., 3102., 1606., 147899, 20240911091500)
 (3103., 3109., 3098., 3103., 1195., 148126, 20240911093000)
 (3103., 3113., 3098., 3110., 2558., 148630, 20240911094500)
 (3110., 3125., 3109., 3124., 2711., 148819, 20240911100000)
 (3124., 3130., 3115., 3121., 1896., 148932, 20240911101500)
 (3122., 3135., 3120., 3130., 2607., 149815, 20240911104500)
 (3130., 3134., 3117., 3117., 1787., 150012, 20240911110000)
 (3117., 3132., 3116., 3132., 1065., 150127, 20240911111500)
 (3133., 3134., 3124., 3132.,  793., 150311, 20240911113000)
 (3135., 3148., 3132., 3142., 4778., 151229, 20240911134500)
 (3141., 3151., 3135., 3136., 2973., 151597, 20240911140000)
 (3135., 3145., 3128., 3145., 2309., 151587, 20240911141500)
 (3145., 3146., 3137., 3143., 1485., 151846, 20240911143000)
 (3142., 3151., 3141., 3147., 1809., 151790, 20240911144500)
 (3147., 3155., 3143., 3153., 2983., 152753, 20240911150000)]
2024-09-12 15:30:00  INFO  [(3161., 3162., 3149., 3155., 3011., 153251, 20240911211500)
 (3155., 3173., 3152., 3168., 3508., 152173, 20240911213000)
 (3169., 3169., 3159., 3164., 2241., 152043, 20240911214500)
 (3163., 3168., 3158., 3164., 2816., 152447, 20240911220000)
 (3165., 3166., 3152., 3156., 2051., 152730, 20240911221500)
 (3157., 3162., 3154., 3160., 1039., 152815, 20240911223000)
 (3160., 3160., 3150., 3153.,  827., 152933, 20240911224500)
 (3153., 3160., 3147., 3160., 1398., 152853, 20240911230000)
 (3160., 3170., 3159., 3164., 2189., 153214, 20240912091500)
 (3162., 3172., 3161., 3168., 1541., 153469, 20240912093000)
 (3168., 3187., 3167., 3185., 3941., 153588, 20240912094500)
 (3186., 3190., 3168., 3170., 2513., 153793, 20240912100000)
 (3170., 3172., 3158., 3160., 2706., 153970, 20240912101500)
 (3160., 3162., 3153., 3153., 1923., 154359, 20240912104500)
 (3153., 3168., 3151., 3166., 1550., 154708, 20240912110000)
 (3165., 3173., 3164., 3170., 1072., 154995, 20240912111500)
 (3171., 3190., 3171., 3187., 3800., 156190, 20240912113000)
 (3189., 3197., 3186., 3196., 8233., 158113, 20240912134500)
 (3196., 3202., 3190., 3200., 5073., 159236, 20240912140000)
 (3200., 3205., 3190., 3192., 3273., 160144, 20240912141500)
 (3193., 3202., 3193., 3200., 1401., 160479, 20240912143000)
 (3200., 3201., 3192., 3199., 1409., 160788, 20240912144500)
 (3199., 3203., 3194., 3198., 2271., 161145, 20240912150000)]
2024-09-13 15:30:00  INFO  [(3204., 3204., 3189., 3200., 5287., 163431, 20240912211500)
 (3199., 3216., 3196., 3215., 2835., 163983, 20240912213000)
 (3215., 3217., 3203., 3207., 2065., 164551, 20240912214500)
 (3207., 3207., 3196., 3198., 1257., 164554, 20240912220000)
 (3200., 3205., 3199., 3202.,  326., 164568, 20240912221500)
 (3201., 3206., 3200., 3201., 1927., 164306, 20240912223000)
 (3201., 3206., 3200., 3203., 1765., 163958, 20240912224500)
 (3203., 3209., 3201., 3207., 1032., 163847, 20240912230000)
 (3210., 3214., 3203., 3207., 2353., 164816, 20240913091500)
 (3208., 3223., 3207., 3219., 4737., 167618, 20240913093000)
 (3220., 3224., 3212., 3219., 3314., 168846, 20240913094500)
 (3219., 3224., 3210., 3221., 1453., 168800, 20240913100000)
 (3221., 3228., 3214., 3225., 2049., 169228, 20240913101500)
 (3225., 3227., 3215., 3217., 2310., 169525, 20240913104500)
 (3218., 3225., 3218., 3221., 1323., 169931, 20240913110000)
 (3220., 3224., 3210., 3211., 3255., 171753, 20240913111500)
 (3212., 3219., 3200., 3201., 3796., 173217, 20240913113000)
 (3201., 3204., 3193., 3201., 2859., 173093, 20240913134500)
 (3200., 3202., 3194., 3199., 1724., 172887, 20240913140000)
 (3198., 3204., 3191., 3193., 1461., 172475, 20240913141500)
 (3193., 3203., 3192., 3201., 1626., 172393, 20240913143000)
 (3200., 3205., 3192., 3197., 1011., 172497, 20240913144500)
 (3198., 3202., 3179., 3195., 3582., 172845, 20240913150000)]
2024-09-18 15:30:00  INFO  [(3220., 3224., 3210., 3211.,  3255., 171753, 20240913111500)
 (3212., 3219., 3200., 3201.,  3796., 173217, 20240913113000)
 (3201., 3204., 3193., 3201.,  2859., 173093, 20240913134500)
 (3200., 3202., 3194., 3199.,  1724., 172887, 20240913140000)
 (3198., 3204., 3191., 3193.,  1461., 172475, 20240913141500)
 (3193., 3203., 3192., 3201.,  1626., 172393, 20240913143000)
 (3200., 3205., 3192., 3197.,  1011., 172497, 20240913144500)
 (3198., 3202., 3179., 3195.,  3582., 172845, 20240913150000)
 (3156., 3238., 3156., 3176., 15877., 171783, 20240918091500)
 (3176., 3193., 3174., 3190.,  2981., 172013, 20240918093000)
 (3190., 3209., 3182., 3202.,  2490., 171922, 20240918094500)
 (3201., 3207., 3186., 3188.,  5123., 171600, 20240918100000)
 (3187., 3189., 3177., 3181.,  2273., 171648, 20240918101500)
 (3180., 3186., 3177., 3179.,   745., 171591, 20240918104500)
 (3179., 3188., 3178., 3181.,   535., 171570, 20240918110000)
 (3181., 3182., 3162., 3169.,  1784., 171308, 20240918111500)
 (3167., 3172., 3163., 3167.,  1310., 171115, 20240918113000)
 (3164., 3169., 3132., 3146.,  5244., 171730, 20240918134500)
 (3146., 3159., 3145., 3158.,  1776., 171708, 20240918140000)
 (3159., 3166., 3152., 3164.,  1948., 171657, 20240918141500)
 (3164., 3170., 3160., 3166.,  1524., 171532, 20240918143000)
 (3166., 3182., 3162., 3173.,  2735., 171573, 20240918144500)
 (3173., 3173., 3154., 3157.,  2529., 170942, 20240918150000)]
2024-09-19 15:30:00  INFO  [(3154., 3161., 3151., 3156., 2695., 171897, 20240918211500)
 (3159., 3169., 3158., 3165., 1184., 171799, 20240918213000)
 (3164., 3170., 3160., 3170., 1252., 171936, 20240918214500)
 (3171., 3172., 3165., 3167.,  575., 171938, 20240918220000)
 (3166., 3175., 3164., 3172.,  842., 171861, 20240918221500)
 (3172., 3178., 3166., 3177., 1221., 171763, 20240918223000)
 (3177., 3188., 3177., 3179., 2114., 171985, 20240918224500)
 (3180., 3180., 3167., 3170., 1430., 172115, 20240918230000)
 (3170., 3194., 3152., 3155., 7523., 172769, 20240919091500)
 (3155., 3160., 3142., 3153., 4047., 172786, 20240919093000)
 (3153., 3156., 3142., 3148., 2904., 173668, 20240919094500)
 (3147., 3168., 3134., 3168., 3030., 174132, 20240919100000)
 (3166., 3190., 3160., 3189., 5404., 174623, 20240919101500)
 (3190., 3208., 3185., 3199., 8642., 175925, 20240919104500)
 (3200., 3204., 3190., 3195., 3119., 176500, 20240919110000)
 (3196., 3196., 3182., 3187., 2853., 176726, 20240919111500)
 (3187., 3201., 3187., 3196., 3121., 176806, 20240919113000)
 (3198., 3203., 3191., 3196., 2360., 176764, 20240919134500)
 (3197., 3199., 3188., 3198., 1377., 176816, 20240919140000)
 (3198., 3200., 3190., 3199., 1707., 176944, 20240919141500)
 (3198., 3202., 3195., 3198., 2219., 177125, 20240919143000)
 (3198., 3203., 3191., 3196., 4968., 180198, 20240919144500)
 (3194., 3205., 3193., 3205., 4189., 182425, 20240919150000)]
2024-09-20 15:30:00  INFO  [(3195., 3227., 3195., 3226., 7913., 182988, 20240919211500)
 (3227., 3235., 3219., 3222., 3911., 183181, 20240919213000)
 (3221., 3227., 3216., 3221., 2327., 183476, 20240919214500)
 (3220., 3223., 3215., 3219., 3960., 185704, 20240919220000)
 (3220., 3221., 3218., 3221., 1909., 186643, 20240919221500)
 (3220., 3227., 3218., 3225.,  868., 186618, 20240919223000)
 (3225., 3232., 3224., 3232., 1477., 186736, 20240919224500)
 (3232., 3232., 3223., 3228., 1533., 186626, 20240919230000)
 (3230., 3238., 3193., 3193., 8771., 187711, 20240920091500)
 (3193., 3200., 3190., 3197., 3672., 189192, 20240920093000)
 (3196., 3197., 3190., 3191., 1504., 189191, 20240920094500)
 (3191., 3198., 3191., 3193.,  721., 189048, 20240920100000)
 (3193., 3206., 3178., 3205., 4083., 189023, 20240920101500)
 (3206., 3209., 3198., 3205., 2208., 189517, 20240920104500)
 (3204., 3205., 3191., 3195., 2444., 189744, 20240920110000)
 (3195., 3198., 3191., 3191.,  828., 189737, 20240920111500)
 (3192., 3201., 3186., 3186.,  986., 189730, 20240920113000)
 (3183., 3184., 3167., 3182., 6565., 190602, 20240920134500)
 (3182., 3183., 3174., 3180., 1761., 190573, 20240920140000)
 (3179., 3186., 3171., 3171., 1593., 190446, 20240920141500)
 (3170., 3185., 3155., 3181., 6263., 190460, 20240920143000)
 (3180., 3185., 3169., 3179., 3116., 190104, 20240920144500)
 (3179., 3186., 3176., 3180., 3335., 189418, 20240920150000)]
2024-09-23 15:30:00  INFO  [(3175., 3181., 3171., 3176., 3174., 189318, 20240920211500)
 (3177., 3178., 3160., 3167., 2168., 189196, 20240920213000)
 (3167., 3173., 3162., 3163., 1380., 189092, 20240920214500)
 (3163., 3167., 3161., 3164., 1285., 189202, 20240920220000)
 (3165., 3168., 3157., 3160., 1546., 189274, 20240920221500)
 (3159., 3161., 3150., 3155., 2130., 188754, 20240920223000)
 (3155., 3156., 3133., 3137., 3240., 189078, 20240920224500)
 (3137., 3144., 3125., 3128., 5765., 188137, 20240920230000)
 (3120., 3148., 3116., 3137., 6585., 188499, 20240923091500)
 (3138., 3138., 3111., 3119., 4171., 188256, 20240923093000)
 (3119., 3136., 3110., 3132., 5470., 188189, 20240923094500)
 (3133., 3136., 3124., 3133., 1874., 187842, 20240923100000)
 (3133., 3134., 3115., 3116., 2157., 188167, 20240923101500)
 (3119., 3133., 3118., 3129., 2221., 188541, 20240923104500)
 (3129., 3133., 3124., 3125., 2608., 189855, 20240923110000)
 (3125., 3130., 3120., 3123., 1728., 190461, 20240923111500)
 (3124., 3130., 3120., 3126., 1939., 191218, 20240923113000)
 (3125., 3135., 3124., 3129., 1714., 191268, 20240923134500)
 (3129., 3130., 3113., 3116., 2444., 191960, 20240923140000)
 (3115., 3128., 3114., 3126., 3175., 191831, 20240923141500)
 (3126., 3130., 3121., 3123., 3666., 191214, 20240923143000)
 (3123., 3125., 3117., 3119., 1902., 191156, 20240923144500)
 (3118., 3121., 3111., 3112., 2698., 191315, 20240923150000)]
2024-09-24 15:30:00  INFO  [(3112., 3127., 3112., 3121.,  3094., 191783, 20240923211500)
 (3121., 3127., 3120., 3126.,  2387., 192283, 20240923213000)
 (3126., 3130., 3122., 3127.,  1279., 192380, 20240923214500)
 (3128., 3132., 3125., 3128.,  2219., 193054, 20240923220000)
 (3128., 3150., 3125., 3145.,  5023., 193846, 20240923221500)
 (3145., 3145., 3130., 3132.,  2268., 194044, 20240923223000)
 (3132., 3133., 3121., 3124.,  3548., 194138, 20240923224500)
 (3124., 3128., 3121., 3127.,  1732., 193670, 20240923230000)
 (3139., 3230., 3131., 3189., 16405., 195037, 20240924091500)
 (3189., 3192., 3175., 3179.,  9916., 196553, 20240924093000)
 (3180., 3185., 3168., 3172.,  6083., 198222, 20240924094500)
 (3171., 3171., 3154., 3165.,  4039., 198354, 20240924100000)
 (3164., 3171., 3157., 3167.,  2396., 198639, 20240924101500)
 (3165., 3170., 3158., 3162.,  1668., 198736, 20240924104500)
 (3162., 3187., 3162., 3183.,  4329., 199253, 20240924110000)
 (3183., 3184., 3177., 3179.,  2131., 200058, 20240924111500)
 (3179., 3193., 3179., 3190.,  4999., 202631, 20240924113000)
 (3197., 3219., 3197., 3217., 11037., 204194, 20240924134500)
 (3217., 3218., 3204., 3205.,  3837., 204516, 20240924140000)
 (3205., 3212., 3203., 3211.,  2557., 205200, 20240924141500)
 (3211., 3221., 3211., 3220.,  4274., 205873, 20240924143000)
 (3220., 3236., 3219., 3235.,  7198., 207917, 20240924144500)
 (3235., 3240., 3234., 3238.,  6340., 209646, 20240924150000)]
2024-09-25 15:30:00  INFO  [(3245., 3271., 3240., 3265.,  9741., 210700, 20240924211500)
 (3265., 3269., 3260., 3268.,  2795., 210966, 20240924213000)
 (3268., 3277., 3264., 3271.,  4081., 211846, 20240924214500)
 (3270., 3273., 3263., 3270.,  2092., 212169, 20240924220000)
 (3271., 3276., 3267., 3273.,  1838., 212401, 20240924221500)
 (3273., 3280., 3270., 3278.,  2528., 212860, 20240924223000)
 (3279., 3279., 3268., 3275.,  1607., 212407, 20240924224500)
 (3275., 3281., 3272., 3275.,  3065., 212283, 20240924230000)
 (3276., 3310., 3276., 3289., 11226., 213589, 20240925091500)
 (3291., 3298., 3280., 3283.,  7065., 214144, 20240925093000)
 (3284., 3293., 3280., 3286.,  2214., 214365, 20240925094500)
 (3287., 3288., 3280., 3287.,  1521., 214573, 20240925100000)
 (3287., 3297., 3286., 3292.,  2861., 215169, 20240925101500)
 (3292., 3292., 3282., 3287.,  5185., 216550, 20240925104500)
 (3287., 3294., 3285., 3290.,  3675., 216906, 20240925110000)
 (3291., 3291., 3282., 3285.,  2482., 217298, 20240925111500)
 (3285., 3288., 3277., 3280.,  2981., 217830, 20240925113000)
 (3283., 3283., 3256., 3258.,  7706., 218348, 20240925134500)
 (3259., 3275., 3256., 3264.,  6741., 217941, 20240925140000)
 (3265., 3275., 3263., 3267.,  4561., 216746, 20240925141500)
 (3267., 3270., 3260., 3266.,  3856., 216216, 20240925143000)
 (3265., 3266., 3255., 3260.,  2495., 215939, 20240925144500)
 (3259., 3262., 3255., 3259.,  1858., 215971, 20240925150000)]
2024-09-26 15:30:00  INFO  [(3254., 3276., 3246., 3270.,  6780., 218331, 20240925211500)
 (3269., 3275., 3267., 3269.,  1545., 218751, 20240925213000)
 (3271., 3279., 3268., 3275.,  2189., 219092, 20240925214500)
 (3276., 3282., 3275., 3278.,  3091., 220245, 20240925220000)
 (3279., 3282., 3275., 3280.,  1326., 220345, 20240925221500)
 (3280., 3282., 3275., 3281.,  1528., 220478, 20240925223000)
 (3281., 3287., 3277., 3286.,  2242., 220883, 20240925224500)
 (3286., 3286., 3263., 3272.,  3832., 220918, 20240925230000)
 (3272., 3283., 3272., 3278.,  2603., 221564, 20240926091500)
 (3279., 3282., 3270., 3274.,  1768., 221778, 20240926093000)
 (3274., 3281., 3273., 3275.,   953., 222019, 20240926094500)
 (3275., 3291., 3272., 3288.,  3086., 222735, 20240926100000)
 (3287., 3289., 3280., 3284.,  2701., 223665, 20240926101500)
 (3284., 3294., 3277., 3284.,  1919., 223748, 20240926104500)
 (3284., 3285., 3275., 3283.,  2392., 224600, 20240926110000)
 (3284., 3287., 3271., 3282.,  3088., 224959, 20240926111500)
 (3281., 3290., 3280., 3290.,  2690., 225182, 20240926113000)
 (3303., 3326., 3303., 3321., 16274., 228016, 20240926134500)
 (3320., 3324., 3312., 3320.,  5431., 228215, 20240926140000)
 (3319., 3320., 3305., 3308.,  6608., 229320, 20240926141500)
 (3308., 3322., 3304., 3319.,  5813., 230002, 20240926143000)
 (3318., 3329., 3314., 3327.,  6632., 229758, 20240926144500)
 (3328., 3335., 3326., 3330.,  5475., 229812, 20240926150000)]
2024-09-27 15:30:00  INFO  [(3360., 3377., 3350., 3361., 19063., 230291, 20240926211500)
 (3362., 3373., 3357., 3372.,  4421., 230135, 20240926213000)
 (3372., 3384., 3369., 3370.,  6945., 230452, 20240926214500)
 (3370., 3372., 3357., 3364.,  3628., 231681, 20240926220000)
 (3364., 3375., 3364., 3374.,  2663., 231687, 20240926221500)
 (3375., 3376., 3369., 3371.,  2380., 230896, 20240926223000)
 (3372., 3379., 3367., 3369.,  1654., 230980, 20240926224500)
 (3369., 3380., 3369., 3380.,  2729., 230727, 20240926230000)
 (3420., 3420., 3371., 3376.,  9671., 230638, 20240927091500)
 (3376., 3394., 3370., 3392.,  6764., 229948, 20240927093000)
 (3391., 3391., 3370., 3376.,  6758., 232269, 20240927094500)
 (3376., 3382., 3373., 3381.,  3323., 232674, 20240927100000)
 (3381., 3383., 3372., 3375.,  3322., 233233, 20240927101500)
 (3374., 3383., 3370., 3381.,  6372., 230943, 20240927104500)
 (3380., 3394., 3379., 3393.,  9584., 229092, 20240927110000)
 (3393., 3400., 3391., 3395.,  7574., 228812, 20240927111500)
 (3395., 3409., 3395., 3409.,  5590., 228025, 20240927113000)
 (3410., 3410., 3376., 3388., 18625., 224158, 20240927134500)
 (3388., 3392., 3375., 3381.,  7412., 223861, 20240927140000)
 (3381., 3392., 3380., 3390.,  5911., 221750, 20240927141500)
 (3390., 3400., 3388., 3399.,  4949., 221830, 20240927143000)
 (3399., 3410., 3399., 3405.,  3084., 221623, 20240927144500)
 (3406., 3408., 3395., 3407.,  3451., 220750, 20240927150000)]
2024-09-30 15:30:00  INFO  [(3426., 3426., 3394., 3419., 24582., 220021, 20240927211500)
 (3420., 3443., 3418., 3441., 11899., 220514, 20240927213000)
 (3443., 3445., 3432., 3437., 10698., 219655, 20240927214500)
 (3437., 3445., 3435., 3443.,  6688., 216439, 20240927220000)
 (3442., 3459., 3442., 3458., 15558., 211583, 20240927221500)
 (3458., 3467., 3455., 3465.,  7529., 209032, 20240927223000)
 (3465., 3480., 3462., 3467., 10608., 205639, 20240927224500)
 (3468., 3492., 3468., 3484.,  8542., 204302, 20240927230000)
 (3618., 3618., 3602., 3614., 32761., 200028, 20240930091500)
 (3614., 3617., 3604., 3611.,  7219., 199374, 20240930093000)
 (3611., 3615., 3602., 3607.,  6493., 197954, 20240930094500)
 (3606., 3610., 3592., 3598., 15405., 199743, 20240930100000)
 (3597., 3608., 3590., 3595., 16140., 204636, 20240930101500)
 (3600., 3602., 3587., 3597.,  9064., 205012, 20240930104500)
 (3598., 3607., 3595., 3605.,  4020., 205643, 20240930110000)
 (3606., 3608., 3601., 3605.,  7305., 207215, 20240930111500)
 (3606., 3617., 3606., 3615.,  6437., 207814, 20240930113000)
 (3617., 3618., 3617., 3618.,  4555., 208413, 20240930134500)
 (3618., 3618., 3618., 3618.,   186., 208286, 20240930140000)
 (3618., 3618., 3618., 3618.,   267., 208047, 20240930141500)
 (3618., 3618., 3618., 3618.,   260., 207989, 20240930143000)
 (3618., 3618., 3618., 3618.,   234., 207973, 20240930144500)
 (3618., 3618., 3618., 3618.,   269., 207846, 20240930150000)]
2024-10-08 15:30:00  INFO  [(3606., 3608., 3601., 3605.,  7305., 207215, 20240930111500)
 (3606., 3617., 3606., 3615.,  6437., 207814, 20240930113000)
 (3617., 3618., 3617., 3618.,  4555., 208413, 20240930134500)
 (3618., 3618., 3618., 3618.,   186., 208286, 20240930140000)
 (3618., 3618., 3618., 3618.,   267., 208047, 20240930141500)
 (3618., 3618., 3618., 3618.,   260., 207989, 20240930143000)
 (3618., 3618., 3618., 3618.,   234., 207973, 20240930144500)
 (3618., 3618., 3618., 3618.,   269., 207846, 20240930150000)
 (3800., 3817., 3677., 3713., 55836., 204392, 20241008091500)
 (3713., 3749., 3710., 3743., 11203., 202894, 20241008093000)
 (3743., 3749., 3670., 3671., 18035., 202433, 20241008094500)
 (3670., 3698., 3654., 3692., 10090., 203390, 20241008100000)
 (3692., 3696., 3613., 3615., 12451., 203001, 20241008101500)
 (3613., 3630., 3573., 3629., 19640., 201879, 20241008104500)
 (3628., 3629., 3592., 3597.,  8695., 201221, 20241008110000)
 (3596., 3621., 3592., 3617.,  6802., 201048, 20241008111500)
 (3617., 3634., 3589., 3594.,  8118., 201020, 20241008113000)
 (3595., 3595., 3531., 3549., 18016., 199872, 20241008134500)
 (3549., 3553., 3509., 3552., 12384., 200104, 20241008140000)
 (3552., 3559., 3534., 3539., 11309., 198578, 20241008141500)
 (3539., 3555., 3527., 3553.,  6251., 198697, 20241008143000)
 (3553., 3572., 3545., 3549.,  8551., 197833, 20241008144500)
 (3549., 3562., 3542., 3550.,  7632., 196937, 20241008150000)]
2024-10-09 15:30:00  INFO  [(3550., 3563., 3533., 3538., 20358., 196951, 20241008211500)
 (3539., 3542., 3520., 3533., 14112., 196048, 20241008213000)
 (3533., 3554., 3533., 3547.,  8140., 197281, 20241008214500)
 (3547., 3557., 3536., 3553.,  5667., 197320, 20241008220000)
 (3555., 3556., 3544., 3550.,  3820., 197144, 20241008221500)
 (3550., 3553., 3539., 3542.,  2823., 197164, 20241008223000)
 (3542., 3555., 3539., 3554.,  3694., 196942, 20241008224500)
 (3554., 3555., 3545., 3552.,  1771., 196737, 20241008230000)
 (3550., 3583., 3546., 3572., 13611., 198808, 20241009091500)
 (3572., 3588., 3547., 3564., 11323., 198428, 20241009093000)
 (3564., 3571., 3550., 3563., 12049., 198876, 20241009094500)
 (3564., 3577., 3552., 3554.,  8530., 197831, 20241009100000)
 (3554., 3554., 3540., 3550., 11663., 198265, 20241009101500)
 (3548., 3554., 3535., 3554.,  8340., 198222, 20241009104500)
 (3553., 3556., 3541., 3543.,  5868., 198071, 20241009110000)
 (3543., 3554., 3540., 3542.,  5146., 199415, 20241009111500)
 (3541., 3544., 3516., 3542., 12444., 200324, 20241009113000)
 (3560., 3589., 3558., 3576., 19191., 202229, 20241009134500)
 (3577., 3586., 3566., 3569., 11126., 205339, 20241009140000)
 (3569., 3574., 3558., 3566.,  6020., 206256, 20241009141500)
 (3566., 3568., 3545., 3555.,  7125., 207897, 20241009143000)
 (3554., 3560., 3537., 3538.,  9398., 208237, 20241009144500)
 (3537., 3544., 3500., 3511., 13582., 208225, 20241009150000)]
2024-10-10 15:30:00  INFO  [(3506., 3507., 3460., 3468., 26535., 211614, 20241009211500)
 (3468., 3473., 3463., 3463.,  6248., 212359, 20241009213000)
 (3465., 3472., 3460., 3472.,  4075., 212906, 20241009214500)
 (3472., 3492., 3470., 3490.,  5497., 212494, 20241009220000)
 (3488., 3492., 3475., 3482.,  4231., 212729, 20241009221500)
 (3481., 3488., 3477., 3481.,  3885., 214729, 20241009223000)
 (3481., 3494., 3481., 3488.,  5538., 215661, 20241009224500)
 (3488., 3517., 3484., 3516.,  5707., 214769, 20241009230000)
 (3515., 3534., 3515., 3525., 10267., 216091, 20241010091500)
 (3525., 3537., 3519., 3535.,  6093., 216725, 20241010093000)
 (3535., 3539., 3512., 3532.,  9134., 216873, 20241010094500)
 (3532., 3534., 3508., 3518.,  7352., 216956, 20241010100000)
 (3518., 3528., 3508., 3512.,  6132., 217000, 20241010101500)
 (3514., 3534., 3514., 3532.,  5213., 216922, 20241010104500)
 (3533., 3548., 3530., 3538.,  6843., 217183, 20241010110000)
 (3539., 3559., 3535., 3553.,  7898., 218126, 20241010111500)
 (3553., 3563., 3543., 3557.,  7070., 218463, 20241010113000)
 (3557., 3557., 3531., 3548., 13666., 218742, 20241010134500)
 (3548., 3553., 3529., 3534.,  5510., 219356, 20241010140000)
 (3533., 3536., 3520., 3534.,  8349., 219649, 20241010141500)
 (3534., 3535., 3521., 3522.,  4258., 220438, 20241010143000)
 (3521., 3541., 3505., 3506.,  7878., 220730, 20241010144500)
 (3507., 3514., 3495., 3506.,  8643., 220294, 20241010150000)]
2024-10-11 15:30:00  INFO  [(3513., 3527., 3502., 3518., 11450., 219008, 20241010211500)
 (3519., 3533., 3516., 3532.,  4775., 219827, 20241010213000)
 (3532., 3533., 3521., 3523.,  3564., 219531, 20241010214500)
 (3524., 3527., 3516., 3524.,  5324., 221259, 20241010220000)
 (3524., 3530., 3510., 3518.,  4226., 220612, 20241010221500)
 (3517., 3521., 3513., 3517.,  1792., 220422, 20241010223000)
 (3518., 3526., 3508., 3526.,  2980., 220470, 20241010224500)
 (3524., 3526., 3516., 3525.,  2058., 219872, 20241010230000)
 (3530., 3540., 3512., 3525.,  7971., 221523, 20241011091500)
 (3526., 3527., 3509., 3511.,  2976., 221651, 20241011093000)
 (3511., 3522., 3506., 3522., 10727., 222475, 20241011094500)
 (3521., 3529., 3513., 3523.,  6272., 221326, 20241011100000)
 (3523., 3523., 3498., 3500.,  6328., 221594, 20241011101500)
 (3502., 3508., 3485., 3499.,  7460., 222125, 20241011104500)
 (3500., 3513., 3497., 3511.,  3723., 222365, 20241011110000)
 (3510., 3516., 3499., 3504.,  3115., 222291, 20241011111500)
 (3505., 3522., 3500., 3505.,  3232., 222857, 20241011113000)
 (3505., 3516., 3495., 3504.,  9401., 226299, 20241011134500)
 (3503., 3505., 3494., 3500.,  3289., 226863, 20241011140000)
 (3500., 3507., 3490., 3490.,  3637., 227046, 20241011141500)
 (3490., 3501., 3486., 3498.,  3524., 227234, 20241011143000)
 (3498., 3501., 3488., 3500.,  2762., 227143, 20241011144500)
 (3500., 3532., 3500., 3529., 11756., 226871, 20241011150000)]
2024-10-14 15:30:00  INFO  [(3525., 3536., 3501., 3517., 12191., 225556, 20241011211500)
 (3517., 3530., 3513., 3526.,  8550., 223845, 20241011213000)
 (3526., 3532., 3523., 3526.,  2319., 223903, 20241011214500)
 (3528., 3539., 3523., 3534.,  3261., 223684, 20241011220000)
 (3536., 3544., 3533., 3535.,  3172., 223633, 20241011221500)
 (3535., 3569., 3534., 3561.,  9305., 224884, 20241011223000)
 (3560., 3568., 3545., 3559.,  6298., 225483, 20241011224500)
 (3559., 3583., 3558., 3579.,  6113., 226167, 20241011230000)
 (3580., 3580., 3534., 3557., 25557., 228541, 20241014091500)
 (3558., 3575., 3552., 3568.,  6737., 229207, 20241014093000)
 (3568., 3574., 3550., 3559.,  8930., 229713, 20241014094500)
 (3559., 3569., 3551., 3553.,  5547., 229893, 20241014100000)
 (3552., 3554., 3532., 3541.,  7635., 230306, 20241014101500)
 (3536., 3546., 3534., 3543.,  4155., 231159, 20241014104500)
 (3543., 3563., 3543., 3558.,  6405., 232487, 20241014110000)
 (3558., 3585., 3556., 3583.,  7234., 233852, 20241014111500)
 (3583., 3585., 3570., 3575.,  4152., 234157, 20241014113000)
 (3580., 3587., 3566., 3574.,  5092., 234221, 20241014134500)
 (3574., 3577., 3565., 3576.,  3004., 234329, 20241014140000)
 (3576., 3577., 3555., 3561.,  4019., 233913, 20241014141500)
 (3561., 3572., 3554., 3568.,  2082., 234342, 20241014143000)
 (3568., 3571., 3560., 3568.,  2966., 235156, 20241014144500)
 (3568., 3568., 3550., 3561.,  3848., 235588, 20241014150000)]
2024-10-15 15:30:00  INFO  [(3555., 3557., 3540., 3543.,  6363., 236053, 20241014211500)
 (3543., 3549., 3527., 3533.,  6601., 235848, 20241014213000)
 (3532., 3554., 3531., 3553.,  3628., 236359, 20241014214500)
 (3553., 3568., 3551., 3565.,  5236., 237536, 20241014220000)
 (3566., 3570., 3558., 3559.,  3765., 237733, 20241014221500)
 (3559., 3561., 3546., 3555.,  5359., 238795, 20241014223000)
 (3555., 3561., 3552., 3554.,  3165., 239515, 20241014224500)
 (3554., 3558., 3545., 3548.,  5365., 238245, 20241014230000)
 (3548., 3550., 3540., 3547.,  3305., 238947, 20241015091500)
 (3547., 3550., 3537., 3545.,  2680., 238873, 20241015093000)
 (3544., 3551., 3540., 3546.,  2372., 238753, 20241015094500)
 (3547., 3555., 3540., 3548.,  3595., 239172, 20241015100000)
 (3547., 3557., 3546., 3555.,  2002., 239403, 20241015101500)
 (3554., 3563., 3548., 3549.,  3243., 239347, 20241015104500)
 (3549., 3561., 3539., 3551.,  4911., 238740, 20241015110000)
 (3551., 3556., 3545., 3552.,  1315., 238792, 20241015111500)
 (3551., 3567., 3547., 3566.,  3480., 239462, 20241015113000)
 (3566., 3571., 3540., 3555., 12293., 240880, 20241015134500)
 (3556., 3565., 3553., 3554.,  3554., 240708, 20241015140000)
 (3553., 3555., 3545., 3550.,  2859., 241234, 20241015141500)
 (3550., 3551., 3535., 3542.,  4587., 241859, 20241015143000)
 (3542., 3556., 3535., 3544.,  4865., 242160, 20241015144500)
 (3545., 3546., 3531., 3532.,  5119., 241027, 20241015150000)]
2024-10-16 15:30:00  INFO  [(3530., 3557., 3530., 3556., 9930., 240988, 20241015211500)
 (3555., 3564., 3552., 3562., 6642., 239810, 20241015213000)
 (3563., 3563., 3541., 3545., 4998., 238603, 20241015214500)
 (3544., 3556., 3542., 3553., 3067., 238730, 20241015220000)
 (3552., 3557., 3549., 3550., 1213., 238855, 20241015221500)
 (3551., 3556., 3547., 3549., 1011., 238861, 20241015223000)
 (3548., 3552., 3542., 3547., 1760., 238715, 20241015224500)
 (3547., 3550., 3544., 3547., 1439., 238658, 20241015230000)
 (3545., 3548., 3525., 3539., 7226., 239384, 20241016091500)
 (3538., 3541., 3518., 3520., 6266., 240276, 20241016093000)
 (3521., 3540., 3519., 3538., 6645., 242390, 20241016094500)
 (3537., 3540., 3533., 3537., 4220., 243936, 20241016100000)
 (3537., 3538., 3520., 3526., 5668., 243638, 20241016101500)
 (3524., 3530., 3519., 3522., 5095., 245066, 20241016104500)
 (3524., 3535., 3523., 3533., 4949., 245075, 20241016110000)
 (3533., 3552., 3530., 3548., 6412., 246437, 20241016111500)
 (3548., 3550., 3530., 3531., 2553., 245703, 20241016113000)
 (3527., 3537., 3525., 3536., 3306., 245323, 20241016134500)
 (3537., 3540., 3523., 3531., 3650., 245383, 20241016140000)
 (3530., 3530., 3520., 3525., 3937., 245246, 20241016141500)
 (3525., 3535., 3524., 3533., 2648., 245949, 20241016143000)
 (3533., 3535., 3520., 3523., 3541., 246300, 20241016144500)
 (3522., 3524., 3507., 3509., 8729., 248501, 20241016150000)]
2024-10-17 15:30:00  INFO  [(3509., 3526., 3509., 3517.,  9349., 249628, 20241016211500)
 (3517., 3521., 3510., 3515.,  3298., 250023, 20241016213000)
 (3515., 3518., 3511., 3515.,  2953., 249393, 20241016214500)
 (3514., 3523., 3512., 3523.,  1833., 249773, 20241016220000)
 (3522., 3529., 3520., 3528.,  3574., 249483, 20241016221500)
 (3527., 3534., 3525., 3532.,  4508., 249013, 20241016223000)
 (3533., 3535., 3522., 3527.,  2310., 248801, 20241016224500)
 (3528., 3540., 3527., 3533.,  4857., 249338, 20241016230000)
 (3533., 3543., 3529., 3531.,  4002., 249338, 20241017091500)
 (3531., 3540., 3529., 3538.,  1393., 249702, 20241017093000)
 (3538., 3539., 3525., 3532.,  2307., 249909, 20241017094500)
 (3531., 3534., 3524., 3525.,  2195., 250202, 20241017100000)
 (3527., 3549., 3515., 3516., 10415., 250436, 20241017101500)
 (3515., 3515., 3439., 3451., 30511., 252828, 20241017104500)
 (3450., 3470., 3443., 3453., 12470., 251846, 20241017110000)
 (3453., 3456., 3426., 3433., 11196., 251999, 20241017111500)
 (3434., 3439., 3420., 3426.,  8062., 250781, 20241017113000)
 (3426., 3435., 3410., 3414.,  9396., 251512, 20241017134500)
 (3413., 3423., 3410., 3411.,  5791., 251421, 20241017140000)
 (3410., 3413., 3391., 3392.,  7855., 253115, 20241017141500)
 (3391., 3398., 3380., 3396.,  9758., 253741, 20241017143000)
 (3396., 3403., 3388., 3395.,  7877., 253919, 20241017144500)
 (3394., 3395., 3358., 3360., 12938., 255578, 20241017150000)]
2024-10-18 15:30:00  INFO  [(3382., 3395., 3363., 3387., 13528., 255873, 20241017211500)
 (3388., 3393., 3382., 3389.,  6153., 257258, 20241017213000)
 (3389., 3394., 3388., 3389.,  1981., 257731, 20241017214500)
 (3389., 3390., 3383., 3387.,  1712., 257539, 20241017220000)
 (3387., 3389., 3375., 3382.,  3105., 257044, 20241017221500)
 (3382., 3382., 3372., 3373.,  1790., 256754, 20241017223000)
 (3373., 3382., 3372., 3374.,  2200., 256571, 20241017224500)
 (3375., 3379., 3358., 3363.,  5862., 255417, 20241017230000)
 (3359., 3385., 3359., 3384.,  8721., 255042, 20241018091500)
 (3382., 3387., 3379., 3380.,  3423., 254768, 20241018093000)
 (3379., 3384., 3367., 3375.,  4310., 254194, 20241018094500)
 (3375., 3376., 3364., 3366.,  4863., 255198, 20241018100000)
 (3366., 3375., 3358., 3363.,  5893., 255520, 20241018101500)
 (3366., 3393., 3366., 3384.,  9590., 254597, 20241018104500)
 (3384., 3394., 3378., 3380.,  4635., 254173, 20241018110000)
 (3379., 3383., 3368., 3371.,  2957., 254037, 20241018111500)
 (3370., 3371., 3360., 3369.,  5180., 254123, 20241018113000)
 (3390., 3407., 3386., 3407., 12797., 254554, 20241018134500)
 (3406., 3416., 3401., 3414.,  6498., 254476, 20241018140000)
 (3414., 3418., 3401., 3408.,  4907., 254593, 20241018141500)
 (3407., 3418., 3407., 3413.,  3943., 255052, 20241018143000)
 (3412., 3451., 3412., 3428., 13787., 257044, 20241018144500)
 (3428., 3430., 3395., 3404., 13099., 258362, 20241018150000)]
2024-10-21 15:30:00  INFO  [(3410., 3416., 3403., 3415.,  9328., 261302, 20241018211500)
 (3415., 3430., 3413., 3426.,  6084., 261341, 20241018213000)
 (3427., 3431., 3414., 3419.,  4730., 260891, 20241018214500)
 (3419., 3427., 3415., 3424.,  4175., 260690, 20241018220000)
 (3424., 3424., 3410., 3414.,  2929., 260453, 20241018221500)
 (3414., 3417., 3404., 3411.,  3272., 259932, 20241018223000)
 (3411., 3419., 3410., 3414.,  1509., 259767, 20241018224500)
 (3413., 3420., 3408., 3418.,  1999., 259550, 20241018230000)
 (3422., 3441., 3422., 3432., 16161., 261091, 20241021091500)
 (3432., 3435., 3424., 3429.,  5873., 261285, 20241021093000)
 (3428., 3430., 3413., 3418.,  4412., 261381, 20241021094500)
 (3417., 3423., 3409., 3418.,  3116., 261621, 20241021100000)
 (3417., 3431., 3417., 3431.,  2780., 261902, 20241021101500)
 (3432., 3443., 3427., 3431.,  6040., 262859, 20241021104500)
 (3431., 3435., 3425., 3432.,  2002., 262634, 20241021110000)
 (3432., 3436., 3425., 3434.,  2780., 262258, 20241021111500)
 (3433., 3436., 3422., 3434.,  2788., 261954, 20241021113000)
 (3435., 3435., 3417., 3426.,  3815., 262230, 20241021134500)
 (3426., 3426., 3414., 3417.,  2365., 262299, 20241021140000)
 (3417., 3426., 3415., 3424.,  1362., 262361, 20241021141500)
 (3424., 3426., 3415., 3421.,  2500., 263033, 20241021143000)
 (3420., 3426., 3418., 3424.,  1667., 263407, 20241021144500)
 (3422., 3433., 3419., 3424.,  3167., 263530, 20241021150000)]
2024-10-22 15:30:00  INFO  [(3430., 3431., 3415., 3425.,  4488., 263871, 20241021211500)
 (3426., 3430., 3422., 3428.,  1905., 264068, 20241021213000)
 (3427., 3429., 3419., 3424.,  2769., 263844, 20241021214500)
 (3426., 3426., 3418., 3423.,  2354., 263945, 20241021220000)
 (3423., 3423., 3412., 3417.,  3127., 263976, 20241021221500)
 (3416., 3420., 3404., 3411.,  3781., 263588, 20241021223000)
 (3410., 3412., 3390., 3401., 10200., 263011, 20241021224500)
 (3399., 3400., 3386., 3392.,  5744., 261696, 20241021230000)
 (3392., 3395., 3380., 3385.,  8539., 263226, 20241022091500)
 (3383., 3391., 3383., 3385.,  3568., 264598, 20241022093000)
 (3384., 3396., 3383., 3395.,  4476., 265146, 20241022094500)
 (3395., 3396., 3385., 3386.,  4064., 265577, 20241022100000)
 (3385., 3394., 3383., 3384.,  2736., 265458, 20241022101500)
 (3383., 3388., 3366., 3367.,  7253., 265824, 20241022104500)
 (3367., 3375., 3363., 3374.,  4532., 266232, 20241022110000)
 (3374., 3391., 3372., 3384.,  3520., 266169, 20241022111500)
 (3383., 3395., 3377., 3395.,  3272., 266397, 20241022113000)
 (3393., 3393., 3380., 3384.,  5502., 267960, 20241022134500)
 (3383., 3396., 3376., 3392.,  5901., 268038, 20241022140000)
 (3393., 3410., 3391., 3400.,  6857., 268843, 20241022141500)
 (3398., 3408., 3398., 3405.,  3790., 268807, 20241022143000)
 (3405., 3405., 3387., 3388.,  5334., 268913, 20241022144500)
 (3388., 3405., 3376., 3405.,  7608., 268898, 20241022150000)]
2024-10-23 15:30:00  INFO  [(3405., 3413., 3397., 3407.,  6134., 269897, 20241022211500)
 (3406., 3414., 3402., 3408.,  3007., 270310, 20241022213000)
 (3406., 3409., 3400., 3405.,  2116., 270420, 20241022214500)
 (3407., 3407., 3399., 3401.,  1407., 270655, 20241022220000)
 (3401., 3409., 3400., 3404.,  1054., 270467, 20241022221500)
 (3404., 3408., 3403., 3407.,  1269., 270607, 20241022223000)
 (3407., 3413., 3406., 3411.,  1266., 270395, 20241022224500)
 (3412., 3413., 3408., 3410.,  1212., 270093, 20241022230000)
 (3410., 3413., 3400., 3403.,  3744., 271183, 20241023091500)
 (3402., 3406., 3397., 3398.,  2206., 271315, 20241023093000)
 (3398., 3402., 3392., 3398.,  4166., 271199, 20241023094500)
 (3397., 3405., 3394., 3402.,  2717., 271891, 20241023100000)
 (3401., 3408., 3395., 3402.,  2307., 271896, 20241023101500)
 (3405., 3405., 3384., 3387.,  9728., 273660, 20241023104500)
 (3387., 3391., 3384., 3387.,  4732., 273612, 20241023110000)
 (3386., 3400., 3385., 3397.,  3516., 273232, 20241023111500)
 (3397., 3400., 3387., 3399.,  2291., 272787, 20241023113000)
 (3402., 3425., 3400., 3407., 12754., 272622, 20241023134500)
 (3407., 3414., 3404., 3412., 11099., 269749, 20241023140000)
 (3412., 3412., 3390., 3399., 13218., 264858, 20241023141500)
 (3398., 3405., 3392., 3395.,  7527., 262506, 20241023143000)
 (3394., 3396., 3377., 3379.,  7453., 262179, 20241023144500)
 (3379., 3388., 3375., 3382.,  6352., 260645, 20241023150000)]
2024-10-24 15:30:00  INFO  [(3376., 3385., 3370., 3378., 7608., 261716, 20241023211500)
 (3378., 3384., 3377., 3380., 3649., 263144, 20241023213000)
 (3379., 3388., 3373., 3388., 3356., 263612, 20241023214500)
 (3386., 3389., 3383., 3385., 1748., 263789, 20241023220000)
 (3384., 3386., 3379., 3384., 2025., 264196, 20241023221500)
 (3384., 3392., 3384., 3392., 1934., 263939, 20241023223000)
 (3392., 3394., 3384., 3389., 1119., 263742, 20241023224500)
 (3389., 3391., 3385., 3389., 1496., 263530, 20241023230000)
 (3389., 3393., 3376., 3380., 3402., 264137, 20241024091500)
 (3380., 3383., 3376., 3378., 2110., 264036, 20241024093000)
 (3377., 3385., 3366., 3380., 5397., 264330, 20241024094500)
 (3379., 3385., 3375., 3378., 1691., 264328, 20241024100000)
 (3377., 3387., 3370., 3376., 3414., 264485, 20241024101500)
 (3378., 3390., 3375., 3378., 5044., 264548, 20241024104500)
 (3379., 3382., 3372., 3377., 3412., 264532, 20241024110000)
 (3377., 3385., 3377., 3381., 3708., 264386, 20241024111500)
 (3381., 3386., 3377., 3385., 1582., 264563, 20241024113000)
 (3380., 3380., 3362., 3371., 8073., 265927, 20241024134500)
 (3369., 3378., 3364., 3369., 6181., 266964, 20241024140000)
 (3370., 3381., 3368., 3381., 5400., 265786, 20241024141500)
 (3382., 3391., 3377., 3386., 5387., 265536, 20241024143000)
 (3386., 3404., 3385., 3400., 8426., 264931, 20241024144500)
 (3400., 3412., 3398., 3404., 9263., 266386, 20241024150000)]
2024-10-25 15:30:00  INFO  [(3410., 3416., 3403., 3412.,  7225., 265983, 20241024211500)
 (3413., 3440., 3410., 3437., 13609., 267224, 20241024213000)
 (3436., 3443., 3432., 3440.,  7489., 267816, 20241024214500)
 (3441., 3443., 3434., 3440.,  4287., 267794, 20241024220000)
 (3441., 3456., 3440., 3446.,  8680., 267596, 20241024221500)
 (3446., 3448., 3440., 3444.,  3594., 267804, 20241024223000)
 (3444., 3447., 3436., 3441.,  3293., 267335, 20241024224500)
 (3441., 3444., 3425., 3440.,  6895., 267108, 20241024230000)
 (3441., 3442., 3431., 3433.,  4140., 267647, 20241025091500)
 (3433., 3436., 3428., 3433.,  3352., 268124, 20241025093000)
 (3433., 3439., 3430., 3437.,  3543., 268791, 20241025094500)
 (3437., 3438., 3427., 3428.,  3857., 268877, 20241025100000)
 (3428., 3438., 3424., 3438.,  4547., 268816, 20241025101500)
 (3438., 3439., 3430., 3438.,  3363., 268802, 20241025104500)
 (3438., 3448., 3438., 3442.,  6738., 269463, 20241025110000)
 (3443., 3446., 3436., 3437.,  2380., 269705, 20241025111500)
 (3437., 3446., 3432., 3445.,  3160., 269864, 20241025113000)
 (3445., 3454., 3442., 3448.,  7665., 270751, 20241025134500)
 (3447., 3448., 3441., 3447.,  2143., 270675, 20241025140000)
 (3447., 3447., 3437., 3442.,  2844., 270446, 20241025141500)
 (3442., 3443., 3435., 3440.,  3196., 270382, 20241025143000)
 (3438., 3445., 3436., 3442.,  1536., 270572, 20241025144500)
 (3442., 3447., 3439., 3444.,  2743., 270889, 20241025150000)]
2024-10-28 15:30:00  INFO  [(3454., 3478., 3444., 3472., 15718., 271727, 20241025211500)
 (3473., 3485., 3470., 3485., 10312., 271670, 20241025213000)
 (3485., 3489., 3483., 3487.,  5058., 271716, 20241025214500)
 (3488., 3497., 3487., 3495.,  6486., 271967, 20241025220000)
 (3496., 3500., 3492., 3499.,  4888., 271461, 20241025221500)
 (3499., 3502., 3492., 3495.,  4511., 272289, 20241025223000)
 (3494., 3502., 3492., 3502.,  2834., 272630, 20241025224500)
 (3501., 3516., 3499., 3509., 11604., 272503, 20241025230000)
 (3508., 3524., 3501., 3509., 16023., 272871, 20241028091500)
 (3510., 3515., 3506., 3512.,  5019., 273277, 20241028093000)
 (3516., 3516., 3500., 3503.,  5226., 273424, 20241028094500)
 (3504., 3510., 3502., 3508.,  3265., 273844, 20241028100000)
 (3509., 3523., 3508., 3521.,  8005., 275608, 20241028101500)
 (3521., 3533., 3515., 3528.,  7532., 276341, 20241028104500)
 (3529., 3537., 3527., 3535.,  5178., 276517, 20241028110000)
 (3535., 3541., 3527., 3528.,  5196., 276964, 20241028111500)
 (3529., 3541., 3528., 3539.,  3814., 277078, 20241028113000)
 (3540., 3547., 3536., 3538.,  4728., 278008, 20241028134500)
 (3537., 3541., 3534., 3536.,  3963., 279083, 20241028140000)
 (3536., 3541., 3531., 3535.,  3735., 279440, 20241028141500)
 (3536., 3537., 3521., 3525.,  6946., 278385, 20241028143000)
 (3525., 3525., 3517., 3522.,  4938., 278553, 20241028144500)
 (3522., 3531., 3522., 3523.,  4396., 278655, 20241028150000)]
2024-10-29 15:30:00  INFO  [(3527., 3535., 3519., 3531.,  9280., 279323, 20241028211500)
 (3531., 3534., 3525., 3533.,  4379., 278685, 20241028213000)
 (3532., 3538., 3531., 3533.,  3404., 279173, 20241028214500)
 (3533., 3534., 3530., 3534.,   951., 279158, 20241028220000)
 (3535., 3536., 3528., 3531.,  2447., 278912, 20241028221500)
 (3531., 3532., 3522., 3526.,  2840., 278977, 20241028223000)
 (3525., 3526., 3514., 3516.,  4871., 278068, 20241028224500)
 (3516., 3527., 3516., 3525.,  3186., 277996, 20241028230000)
 (3528., 3528., 3517., 3519.,  3458., 278932, 20241029091500)
 (3518., 3521., 3516., 3521.,  1627., 278994, 20241029093000)
 (3521., 3521., 3507., 3508.,  5820., 280311, 20241029094500)
 (3507., 3513., 3499., 3512., 10749., 279971, 20241029100000)
 (3512., 3515., 3504., 3514.,  3446., 280351, 20241029101500)
 (3517., 3521., 3508., 3510.,  3420., 280248, 20241029104500)
 (3511., 3512., 3505., 3506.,  1546., 280518, 20241029110000)
 (3506., 3506., 3498., 3499.,  3628., 281187, 20241029111500)
 (3499., 3505., 3490., 3492.,  7252., 281313, 20241029113000)
 (3492., 3493., 3484., 3489.,  8289., 280992, 20241029134500)
 (3488., 3493., 3485., 3490.,  2363., 280989, 20241029140000)
 (3490., 3494., 3481., 3488.,  3537., 280521, 20241029141500)
 (3488., 3499., 3487., 3498.,  3927., 280328, 20241029143000)
 (3497., 3501., 3487., 3492.,  4030., 280838, 20241029144500)
 (3491., 3494., 3484., 3490.,  3737., 280817, 20241029150000)]
2024-10-30 15:30:00  INFO  [(3502., 3533., 3502., 3532., 24186., 283544, 20241029211500)
 (3532., 3536., 3515., 3516.,  8113., 283709, 20241029213000)
 (3517., 3522., 3514., 3518.,  4472., 283132, 20241029214500)
 (3518., 3518., 3506., 3509.,  3727., 283591, 20241029220000)
 (3508., 3513., 3505., 3511.,  2996., 283263, 20241029221500)
 (3511., 3519., 3508., 3518.,  2406., 282874, 20241029223000)
 (3517., 3521., 3514., 3518.,  1561., 283162, 20241029224500)
 (3518., 3520., 3511., 3519.,  2252., 282459, 20241029230000)
 (3516., 3519., 3507., 3509.,  3374., 282269, 20241030091500)
 (3509., 3512., 3500., 3501.,  3616., 282226, 20241030093000)
 (3500., 3512., 3498., 3507.,  3395., 282184, 20241030094500)
 (3508., 3514., 3503., 3512.,  2545., 281972, 20241030100000)
 (3511., 3513., 3505., 3508.,  3389., 281155, 20241030101500)
 (3506., 3506., 3494., 3503.,  5988., 280739, 20241030104500)
 (3503., 3508., 3502., 3504.,  1443., 280736, 20241030110000)
 (3503., 3510., 3496., 3501.,  2407., 280554, 20241030111500)
 (3501., 3503., 3485., 3486.,  4310., 280607, 20241030113000)
 (3481., 3491., 3471., 3491.,  6929., 280733, 20241030134500)
 (3490., 3496., 3486., 3491.,  2571., 280735, 20241030140000)
 (3492., 3495., 3486., 3494.,  1683., 280392, 20241030141500)
 (3494., 3500., 3491., 3499.,  1810., 280454, 20241030143000)
 (3500., 3513., 3499., 3512.,  4528., 280545, 20241030144500)
 (3512., 3513., 3503., 3511.,  3830., 280614, 20241030150000)]
2024-10-31 15:30:00  INFO  [(3512., 3516., 3503., 3505., 5419., 280074, 20241030211500)
 (3505., 3505., 3492., 3494., 3625., 279671, 20241030213000)
 (3493., 3498., 3491., 3495., 1721., 279491, 20241030214500)
 (3495., 3506., 3495., 3505., 2602., 279429, 20241030220000)
 (3505., 3518., 3502., 3515., 4046., 278781, 20241030221500)
 (3515., 3517., 3509., 3510., 1749., 278841, 20241030223000)
 (3510., 3515., 3506., 3511., 1217., 279001, 20241030224500)
 (3512., 3514., 3508., 3509., 1183., 278668, 20241030230000)
 (3509., 3512., 3503., 3505., 2758., 279801, 20241031091500)
 (3505., 3514., 3505., 3512., 1350., 280075, 20241031093000)
 (3511., 3513., 3505., 3511., 1486., 280093, 20241031094500)
 (3510., 3516., 3500., 3508., 4296., 280654, 20241031100000)
 (3508., 3514., 3501., 3503., 2723., 280699, 20241031101500)
 (3505., 3522., 3505., 3517., 6302., 280435, 20241031104500)
 (3517., 3519., 3508., 3513., 2855., 280910, 20241031110000)
 (3515., 3520., 3513., 3520., 1913., 281027, 20241031111500)
 (3520., 3521., 3504., 3504., 4738., 281796, 20241031113000)
 (3503., 3508., 3499., 3506., 3219., 281264, 20241031134500)
 (3507., 3507., 3499., 3507., 1267., 281437, 20241031140000)
 (3506., 3512., 3505., 3509., 1809., 281022, 20241031141500)
 (3510., 3510., 3500., 3502., 2664., 281429, 20241031143000)
 (3501., 3505., 3491., 3495., 6882., 283450, 20241031144500)
 (3494., 3504., 3493., 3502., 2809., 282889, 20241031150000)]
2024-11-01 15:30:00  INFO  [(3502., 3508., 3499., 3505.,  6232., 281780, 20241031211500)
 (3505., 3507., 3498., 3499.,  1802., 281885, 20241031213000)
 (3500., 3500., 3487., 3495.,  4157., 282653, 20241031214500)
 (3496., 3499., 3491., 3491.,  3823., 283859, 20241031220000)
 (3491., 3493., 3477., 3486., 12193., 286683, 20241031221500)
 (3485., 3496., 3481., 3483.,  5235., 286447, 20241031223000)
 (3484., 3484., 3476., 3479.,  4063., 285791, 20241031224500)
 (3479., 3486., 3457., 3462.,  9507., 283645, 20241031230000)
 (3462., 3473., 3458., 3473.,  9274., 284750, 20241101091500)
 (3472., 3480., 3471., 3476.,  5262., 285839, 20241101093000)
 (3474., 3483., 3471., 3473.,  3174., 285632, 20241101094500)
 (3474., 3486., 3473., 3484.,  2863., 285584, 20241101100000)
 (3483., 3484., 3460., 3460.,  5559., 285589, 20241101101500)
 (3466., 3479., 3466., 3474.,  6999., 284796, 20241101104500)
 (3476., 3480., 3469., 3474.,  2092., 284577, 20241101110000)
 (3473., 3476., 3468., 3476.,  1515., 284197, 20241101111500)
 (3475., 3492., 3470., 3492.,  3777., 284259, 20241101113000)
 (3486., 3486., 3474., 3481.,  4677., 283925, 20241101134500)
 (3481., 3484., 3475., 3481.,  2409., 284767, 20241101140000)
 (3480., 3486., 3468., 3468.,  3553., 284977, 20241101141500)
 (3468., 3472., 3461., 3469.,  4053., 285364, 20241101143000)
 (3470., 3479., 3470., 3473.,  2092., 285192, 20241101144500)
 (3473., 3480., 3469., 3471.,  5087., 285472, 20241101150000)]
2024-11-04 15:30:00  INFO  [(3486., 3517., 3481., 3495., 14397., 285039, 20241101211500)
 (3495., 3500., 3493., 3494.,  2843., 285403, 20241101213000)
 (3494., 3495., 3484., 3486.,  4265., 285584, 20241101214500)
 (3486., 3489., 3480., 3483.,  2111., 285596, 20241101220000)
 (3483., 3486., 3470., 3473.,  6003., 286908, 20241101221500)
 (3473., 3477., 3432., 3434., 20210., 286587, 20241101223000)
 (3433., 3464., 3433., 3454., 16082., 284213, 20241101224500)
 (3454., 3460., 3438., 3447.,  9625., 282917, 20241101230000)
 (3448., 3469., 3448., 3463., 10733., 284700, 20241104091500)
 (3464., 3467., 3456., 3458.,  3190., 284389, 20241104093000)
 (3459., 3461., 3448., 3453.,  3389., 283843, 20241104094500)
 (3453., 3454., 3445., 3446.,  3500., 283924, 20241104100000)
 (3445., 3453., 3443., 3449.,  3114., 284376, 20241104101500)
 (3450., 3451., 3441., 3443.,  2757., 284550, 20241104104500)
 (3443., 3455., 3442., 3455.,  6950., 285316, 20241104110000)
 (3455., 3460., 3451., 3460.,  4016., 283693, 20241104111500)
 (3460., 3487., 3454., 3487., 10449., 283018, 20241104113000)
 (3482., 3482., 3468., 3472.,  4766., 283008, 20241104134500)
 (3472., 3484., 3466., 3484.,  3706., 283742, 20241104140000)
 (3484., 3487., 3478., 3485.,  3863., 282825, 20241104141500)
 (3485., 3491., 3478., 3484.,  4043., 283567, 20241104143000)
 (3484., 3486., 3478., 3483.,  4861., 285750, 20241104144500)
 (3483., 3502., 3478., 3500., 14357., 287343, 20241104150000)]
2024-11-05 15:30:00  INFO  [(3500., 3510., 3481., 3485., 12014., 287359, 20241104211500)
 (3485., 3495., 3478., 3486., 10027., 291419, 20241104213000)
 (3486., 3493., 3485., 3490.,  1556., 291444, 20241104214500)
 (3491., 3498., 3489., 3495.,  2410., 291354, 20241104220000)
 (3494., 3500., 3491., 3500.,  1734., 291676, 20241104221500)
 (3499., 3503., 3490., 3491.,  5421., 292792, 20241104223000)
 (3491., 3501., 3491., 3500.,  1483., 292666, 20241104224500)
 (3499., 3502., 3495., 3496.,  1651., 292279, 20241104230000)
 (3499., 3499., 3488., 3493.,  5192., 294487, 20241105091500)
 (3493., 3494., 3485., 3489.,  2160., 295280, 20241105093000)
 (3489., 3496., 3486., 3496.,  1967., 295229, 20241105094500)
 (3495., 3503., 3495., 3503.,  2615., 295482, 20241105100000)
 (3502., 3519., 3500., 3517., 10590., 296516, 20241105101500)
 (3519., 3520., 3508., 3512.,  7745., 297496, 20241105104500)
 (3512., 3517., 3507., 3509.,  4934., 299603, 20241105110000)
 (3510., 3518., 3507., 3517.,  4698., 300481, 20241105111500)
 (3517., 3521., 3510., 3520.,  7947., 302709, 20241105113000)
 (3520., 3526., 3516., 3519., 18062., 299756, 20241105134500)
 (3519., 3522., 3515., 3517.,  2675., 299298, 20241105140000)
 (3517., 3521., 3511., 3521.,  4074., 299104, 20241105141500)
 (3520., 3523., 3517., 3520.,  3877., 300593, 20241105143000)
 (3520., 3525., 3517., 3519.,  5773., 301161, 20241105144500)
 (3519., 3519., 3502., 3506., 10262., 303153, 20241105150000)]
2024-11-06 15:30:00  INFO  [(3518., 3518., 3508., 3515.,  4752., 303512, 20241105211500)
 (3516., 3517., 3508., 3510.,  1917., 303803, 20241105213000)
 (3510., 3512., 3503., 3504.,  5045., 302965, 20241105214500)
 (3504., 3507., 3500., 3502.,  3102., 303252, 20241105220000)
 (3503., 3505., 3494., 3495.,  5185., 303480, 20241105221500)
 (3494., 3507., 3494., 3507.,  3626., 304223, 20241105223000)
 (3506., 3511., 3501., 3503.,  1436., 304221, 20241105224500)
 (3504., 3510., 3502., 3508.,  1695., 304180, 20241105230000)
 (3499., 3504., 3485., 3491.,  9624., 305328, 20241106091500)
 (3491., 3494., 3483., 3486.,  5084., 305862, 20241106093000)
 (3486., 3493., 3482., 3491.,  6250., 305331, 20241106094500)
 (3491., 3497., 3489., 3492.,  3472., 304853, 20241106100000)
 (3492., 3506., 3492., 3497.,  4794., 305421, 20241106101500)
 (3496., 3496., 3469., 3472., 23708., 306623, 20241106104500)
 (3473., 3480., 3468., 3471.,  4405., 306727, 20241106110000)
 (3471., 3471., 3441., 3442., 24713., 303800, 20241106111500)
 (3441., 3464., 3439., 3463., 18660., 299271, 20241106113000)
 (3456., 3472., 3446., 3471.,  7564., 298329, 20241106134500)
 (3471., 3492., 3470., 3489., 10094., 298465, 20241106140000)
 (3489., 3505., 3485., 3505.,  8049., 297976, 20241106141500)
 (3505., 3507., 3476., 3483.,  9954., 296525, 20241106143000)
 (3483., 3484., 3460., 3463.,  7995., 296912, 20241106144500)
 (3462., 3483., 3459., 3478.,  9252., 296334, 20241106150000)]
2024-11-07 15:30:00  INFO  [(3470., 3474., 3458., 3468.,  9158., 296934, 20241106211500)
 (3467., 3467., 3450., 3461.,  6702., 296936, 20241106213000)
 (3460., 3462., 3451., 3458.,  4246., 296722, 20241106214500)
 (3457., 3461., 3449., 3460.,  4080., 297552, 20241106220000)
 (3459., 3461., 3454., 3460.,  5679., 298930, 20241106221500)
 (3460., 3466., 3459., 3463.,  2908., 298240, 20241106223000)
 (3463., 3465., 3456., 3462.,  1578., 298032, 20241106224500)
 (3462., 3467., 3460., 3466.,  4943., 296892, 20241106230000)
 (3466., 3488., 3466., 3486., 10381., 297339, 20241107091500)
 (3486., 3487., 3471., 3473.,  4761., 297113, 20241107093000)
 (3473., 3483., 3472., 3482.,  2853., 297723, 20241107094500)
 (3483., 3495., 3482., 3486.,  5466., 297875, 20241107100000)
 (3486., 3502., 3486., 3499.,  9477., 299477, 20241107101500)
 (3497., 3500., 3487., 3489.,  5425., 299090, 20241107104500)
 (3488., 3494., 3477., 3491.,  8099., 298879, 20241107110000)
 (3492., 3498., 3489., 3497.,  6059., 300139, 20241107111500)
 (3498., 3498., 3482., 3485.,  7771., 298517, 20241107113000)
 (3485., 3494., 3481., 3493.,  5771., 299310, 20241107134500)
 (3493., 3499., 3493., 3498.,  6021., 301131, 20241107140000)
 (3498., 3499., 3489., 3495.,  6595., 300351, 20241107141500)
 (3496., 3500., 3493., 3496.,  2750., 301243, 20241107143000)
 (3496., 3509., 3494., 3505.,  7824., 303674, 20241107144500)
 (3504., 3514., 3498., 3514., 13671., 306912, 20241107150000)]
2024-11-08 15:30:00  INFO  [(3517., 3535., 3511., 3524., 26565., 311763, 20241107211500)
 (3524., 3526., 3517., 3522.,  9490., 315149, 20241107213000)
 (3524., 3524., 3516., 3520.,  5092., 315381, 20241107214500)
 (3520., 3521., 3513., 3515.,  2793., 315726, 20241107220000)
 (3516., 3518., 3511., 3513.,  2562., 315696, 20241107221500)
 (3514., 3515., 3506., 3509.,  3031., 315416, 20241107223000)
 (3510., 3515., 3502., 3514.,  2939., 315372, 20241107224500)
 (3513., 3521., 3511., 3517.,  4215., 316498, 20241107230000)
 (3521., 3532., 3521., 3529.,  9870., 318266, 20241108091500)
 (3528., 3539., 3528., 3537.,  8144., 319996, 20241108093000)
 (3538., 3539., 3515., 3520.,  9219., 319786, 20241108094500)
 (3520., 3524., 3513., 3513.,  3531., 320093, 20241108100000)
 (3515., 3517., 3503., 3503.,  5414., 320590, 20241108101500)
 (3502., 3508., 3468., 3471., 27742., 321894, 20241108104500)
 (3472., 3482., 3469., 3479., 13932., 322782, 20241108110000)
 (3478., 3485., 3470., 3474.,  6490., 322341, 20241108111500)
 (3473., 3474., 3455., 3460., 14739., 321649, 20241108113000)
 (3467., 3477., 3463., 3465., 10738., 320720, 20241108134500)
 (3464., 3469., 3460., 3461.,  4242., 320817, 20241108140000)
 (3460., 3462., 3452., 3452.,  8519., 320658, 20241108141500)
 (3452., 3457., 3443., 3452., 11669., 321600, 20241108143000)
 (3451., 3459., 3445., 3451.,  6408., 320996, 20241108144500)
 (3451., 3463., 3449., 3453.,  8114., 319320, 20241108150000)]
2024-11-11 15:30:00  INFO  [(3440., 3464., 3424., 3461., 22661., 320587, 20241108211500)
 (3461., 3472., 3461., 3470.,  6457., 319879, 20241108213000)
 (3470., 3473., 3453., 3457.,  9305., 317721, 20241108214500)
 (3457., 3463., 3455., 3458.,  5685., 317216, 20241108220000)
 (3458., 3460., 3450., 3454.,  5003., 316388, 20241108221500)
 (3453., 3454., 3443., 3446.,  7535., 317360, 20241108223000)
 (3446., 3450., 3432., 3433.,  7448., 316928, 20241108224500)
 (3432., 3443., 3427., 3432., 12189., 317217, 20241108230000)
 (3433., 3437., 3413., 3424., 20477., 315574, 20241111091500)
 (3423., 3425., 3413., 3416.,  8713., 314695, 20241111093000)
 (3416., 3429., 3415., 3421.,  7874., 313381, 20241111094500)
 (3422., 3423., 3405., 3406.,  9709., 313354, 20241111100000)
 (3407., 3422., 3403., 3418.,  7657., 314024, 20241111101500)
 (3410., 3414., 3405., 3410.,  9360., 316119, 20241111104500)
 (3410., 3418., 3407., 3415.,  3953., 316770, 20241111110000)
 (3416., 3419., 3410., 3414.,  2033., 316734, 20241111111500)
 (3413., 3421., 3411., 3419.,  2156., 316874, 20241111113000)
 (3424., 3428., 3404., 3410.,  6459., 317316, 20241111134500)
 (3410., 3411., 3400., 3401.,  5547., 319056, 20241111140000)
 (3400., 3405., 3395., 3399.,  7551., 321118, 20241111141500)
 (3399., 3407., 3397., 3407.,  6583., 322680, 20241111143000)
 (3407., 3415., 3404., 3415.,  8341., 324102, 20241111144500)
 (3414., 3415., 3408., 3412.,  6406., 324306, 20241111150000)]
2024-11-12 15:30:00  INFO  [(3404., 3418., 3404., 3406.,  7678., 325322, 20241111211500)
 (3406., 3409., 3402., 3406.,  4077., 325813, 20241111213000)
 (3406., 3419., 3406., 3414.,  5977., 325742, 20241111214500)
 (3415., 3418., 3408., 3417.,  3073., 326181, 20241111220000)
 (3417., 3422., 3415., 3418.,  3538., 326450, 20241111221500)
 (3417., 3419., 3413., 3415.,  1982., 326156, 20241111223000)
 (3414., 3419., 3410., 3411.,  1316., 326074, 20241111224500)
 (3412., 3417., 3411., 3413.,  2860., 325542, 20241111230000)
 (3410., 3419., 3409., 3415.,  5255., 326118, 20241112091500)
 (3415., 3417., 3409., 3411.,  6272., 324760, 20241112093000)
 (3411., 3416., 3406., 3416.,  3792., 325984, 20241112094500)
 (3415., 3423., 3408., 3409.,  6330., 326359, 20241112100000)
 (3409., 3409., 3391., 3394.,  9942., 328507, 20241112101500)
 (3394., 3397., 3390., 3392.,  7232., 330266, 20241112104500)
 (3391., 3401., 3390., 3399.,  3505., 330825, 20241112110000)
 (3399., 3406., 3394., 3397.,  4909., 330587, 20241112111500)
 (3396., 3405., 3392., 3402.,  3196., 330739, 20241112113000)
 (3396., 3397., 3389., 3390.,  8437., 332358, 20241112134500)
 (3390., 3397., 3388., 3397.,  3622., 332413, 20241112140000)
 (3396., 3400., 3391., 3395.,  4587., 332145, 20241112141500)
 (3394., 3409., 3390., 3405.,  6435., 332258, 20241112143000)
 (3405., 3415., 3404., 3411.,  9641., 331705, 20241112144500)
 (3411., 3427., 3410., 3420., 15215., 332248, 20241112150000)]
2024-11-13 15:30:00  INFO  [(3413., 3423., 3413., 3417.,  9358., 334582, 20241112211500)
 (3417., 3420., 3412., 3414.,  4098., 335545, 20241112213000)
 (3413., 3415., 3410., 3412.,  2598., 335979, 20241112214500)
 (3411., 3413., 3408., 3409.,  1924., 336716, 20241112220000)
 (3408., 3409., 3399., 3407.,  6522., 339249, 20241112221500)
 (3406., 3410., 3404., 3410.,  1719., 339746, 20241112223000)
 (3410., 3410., 3405., 3408.,  1005., 339695, 20241112224500)
 (3407., 3415., 3407., 3411.,  3235., 339097, 20241112230000)
 (3410., 3414., 3400., 3404.,  7288., 340165, 20241113091500)
 (3404., 3412., 3401., 3408.,  6824., 341743, 20241113093000)
 (3408., 3415., 3407., 3410.,  5253., 343472, 20241113094500)
 (3408., 3417., 3407., 3415.,  6182., 345973, 20241113100000)
 (3415., 3422., 3410., 3420.,  7209., 348421, 20241113101500)
 (3417., 3418., 3408., 3416.,  8276., 349732, 20241113104500)
 (3417., 3424., 3415., 3422.,  8332., 351582, 20241113110000)
 (3422., 3427., 3419., 3426.,  8835., 353694, 20241113111500)
 (3425., 3430., 3422., 3425., 13559., 354598, 20241113113000)
 (3425., 3431., 3418., 3424., 10600., 356950, 20241113134500)
 (3424., 3435., 3423., 3432.,  8116., 359670, 20241113140000)
 (3433., 3440., 3432., 3438., 11376., 362804, 20241113141500)
 (3436., 3438., 3417., 3419., 10844., 364420, 20241113143000)
 (3418., 3422., 3408., 3413., 10648., 366947, 20241113144500)
 (3413., 3415., 3409., 3411.,  7190., 368391, 20241113150000)]
2024-11-14 15:30:00  INFO  [(3411., 3422., 3411., 3415., 12660., 370406, 20241113211500)
 (3414., 3416., 3411., 3412.,  2705., 370767, 20241113213000)
 (3412., 3419., 3412., 3414.,  5634., 372294, 20241113214500)
 (3415., 3416., 3410., 3413.,  3721., 373307, 20241113220000)
 (3413., 3420., 3412., 3420.,  2326., 373881, 20241113221500)
 (3420., 3421., 3414., 3416.,  2636., 373780, 20241113223000)
 (3416., 3421., 3414., 3414.,  2197., 373452, 20241113224500)
 (3415., 3415., 3410., 3412.,  2053., 373179, 20241113230000)
 (3413., 3414., 3406., 3412.,  5502., 374394, 20241114091500)
 (3412., 3416., 3409., 3415.,  2654., 375137, 20241114093000)
 (3414., 3417., 3406., 3411.,  3589., 375971, 20241114094500)
 (3411., 3415., 3405., 3408.,  8024., 378648, 20241114100000)
 (3409., 3410., 3392., 3392., 15504., 379719, 20241114101500)
 (3391., 3395., 3388., 3390., 13562., 383906, 20241114104500)
 (3391., 3398., 3386., 3397., 11808., 387818, 20241114110000)
 (3397., 3401., 3393., 3401., 14567., 392286, 20241114111500)
 (3401., 3401., 3383., 3385., 13189., 396261, 20241114113000)
 (3380., 3395., 3376., 3393., 15440., 398459, 20241114134500)
 (3392., 3397., 3385., 3387.,  5335., 398913, 20241114140000)
 (3388., 3388., 3377., 3379.,  7771., 401598, 20241114141500)
 (3379., 3387., 3378., 3386.,  6905., 401796, 20241114143000)
 (3385., 3387., 3380., 3383.,  5603., 403238, 20241114144500)
 (3383., 3391., 3378., 3383.,  9264., 403567, 20241114150000)]
2024-11-15 15:30:00  INFO  [(3380., 3390., 3375., 3387.,  7492., 404227, 20241114211500)
 (3386., 3393., 3385., 3388.,  4701., 404376, 20241114213000)
 (3389., 3389., 3381., 3383.,  5061., 405828, 20241114214500)
 (3383., 3386., 3380., 3381.,  2211., 406118, 20241114220000)
 (3381., 3383., 3366., 3369., 11087., 408660, 20241114221500)
 (3369., 3381., 3363., 3379.,  9262., 409091, 20241114223000)
 (3379., 3382., 3368., 3370.,  4079., 409319, 20241114224500)
 (3369., 3374., 3360., 3364., 10677., 410311, 20241114230000)
 (3365., 3370., 3361., 3361.,  6478., 410901, 20241115091500)
 (3362., 3364., 3347., 3351., 18564., 415245, 20241115093000)
 (3350., 3360., 3341., 3344., 13584., 417699, 20241115094500)
 (3344., 3347., 3335., 3344., 16257., 419614, 20241115100000)
 (3344., 3358., 3343., 3352., 10634., 420578, 20241115101500)
 (3351., 3353., 3340., 3349.,  8265., 422145, 20241115104500)
 (3349., 3354., 3343., 3353.,  8404., 422810, 20241115110000)
 (3353., 3356., 3348., 3350.,  4710., 423251, 20241115111500)
 (3349., 3354., 3348., 3349.,  4431., 422717, 20241115113000)
 (3353., 3358., 3352., 3355.,  4785., 422815, 20241115134500)
 (3354., 3356., 3346., 3346.,  4064., 423349, 20241115140000)
 (3346., 3347., 3333., 3340., 12997., 426344, 20241115141500)
 (3340., 3341., 3333., 3337.,  6589., 427012, 20241115143000)
 (3336., 3337., 3323., 3324., 16841., 430202, 20241115144500)
 (3323., 3327., 3315., 3317., 21197., 427450, 20241115150000)]
2024-11-18 15:30:00  INFO  [(3325., 3333., 3322., 3329., 16827., 429119, 20241115211500)
 (3330., 3331., 3319., 3324.,  6923., 428459, 20241115213000)
 (3323., 3327., 3321., 3324.,  4270., 427589, 20241115214500)
 (3322., 3327., 3322., 3323.,  2041., 427408, 20241115220000)
 (3323., 3329., 3318., 3321.,  2980., 427264, 20241115221500)
 (3322., 3324., 3317., 3318.,  3380., 427990, 20241115223000)
 (3318., 3319., 3307., 3312.,  7241., 429016, 20241115224500)
 (3313., 3328., 3311., 3316.,  5723., 428877, 20241115230000)
 (3314., 3332., 3314., 3330., 19499., 429890, 20241118091500)
 (3330., 3344., 3328., 3343., 17363., 428639, 20241118093000)
 (3343., 3348., 3340., 3343., 11411., 427619, 20241118094500)
 (3343., 3346., 3335., 3343., 10360., 428130, 20241118100000)
 (3344., 3356., 3341., 3356.,  9352., 427650, 20241118101500)
 (3356., 3357., 3347., 3352.,  7928., 429045, 20241118104500)
 (3352., 3357., 3348., 3356.,  5369., 429057, 20241118110000)
 (3356., 3367., 3356., 3365., 12771., 429483, 20241118111500)
 (3366., 3366., 3360., 3365.,  7352., 430898, 20241118113000)
 (3362., 3362., 3346., 3350., 16638., 432138, 20241118134500)
 (3350., 3351., 3343., 3343.,  6449., 432689, 20241118140000)
 (3343., 3345., 3338., 3343.,  8597., 433972, 20241118141500)
 (3342., 3348., 3339., 3341.,  5167., 434453, 20241118143000)
 (3341., 3346., 3340., 3345.,  4622., 434535, 20241118144500)
 (3343., 3356., 3342., 3356.,  9958., 434996, 20241118150000)]
2024-11-19 15:30:00  INFO  [(3365., 3365., 3349., 3355., 13179., 435614, 20241118211500)
 (3356., 3358., 3351., 3356.,  5950., 435700, 20241118213000)
 (3356., 3358., 3351., 3353.,  2548., 435642, 20241118214500)
 (3353., 3355., 3350., 3353.,  1869., 436033, 20241118220000)
 (3353., 3355., 3351., 3353.,  1965., 436746, 20241118221500)
 (3353., 3359., 3353., 3354.,  3714., 437088, 20241118223000)
 (3355., 3365., 3353., 3361.,  5344., 437808, 20241118224500)
 (3361., 3362., 3353., 3357.,  3924., 437517, 20241118230000)
 (3358., 3360., 3346., 3348.,  8465., 437771, 20241119091500)
 (3347., 3350., 3345., 3348.,  3446., 438190, 20241119093000)
 (3348., 3352., 3345., 3351.,  3834., 439376, 20241119094500)
 (3350., 3354., 3349., 3352.,  3607., 440681, 20241119100000)
 (3352., 3355., 3341., 3342.,  6316., 442428, 20241119101500)
 (3342., 3342., 3333., 3336.,  9869., 444670, 20241119104500)
 (3337., 3350., 3335., 3350.,  7387., 445166, 20241119110000)
 (3349., 3364., 3349., 3358., 13572., 445181, 20241119111500)
 (3359., 3369., 3356., 3365., 16373., 447943, 20241119113000)
 (3366., 3366., 3353., 3358., 11550., 449491, 20241119134500)
 (3358., 3367., 3355., 3366.,  6606., 450247, 20241119140000)
 (3366., 3397., 3363., 3389., 42783., 453026, 20241119141500)
 (3389., 3402., 3385., 3399., 23127., 456154, 20241119143000)
 (3398., 3403., 3388., 3390., 17732., 459050, 20241119144500)
 (3391., 3400., 3387., 3396., 16668., 458641, 20241119150000)]
2024-11-20 15:30:00  INFO  [(3382., 3395., 3382., 3390., 14008., 460930, 20241119211500)
 (3390., 3396., 3386., 3393.,  6691., 463285, 20241119213000)
 (3392., 3395., 3390., 3390.,  3276., 463595, 20241119214500)
 (3390., 3394., 3389., 3390.,  5319., 464584, 20241119220000)
 (3391., 3392., 3389., 3392.,  2315., 464514, 20241119221500)
 (3392., 3392., 3386., 3389.,  4172., 464438, 20241119223000)
 (3388., 3390., 3384., 3388.,  3212., 464352, 20241119224500)
 (3387., 3389., 3382., 3386.,  5070., 464309, 20241119230000)
 (3386., 3392., 3381., 3382.,  7982., 463881, 20241120091500)
 (3382., 3388., 3381., 3387.,  2836., 464134, 20241120093000)
 (3387., 3394., 3385., 3393.,  6150., 464891, 20241120094500)
 (3393., 3397., 3380., 3382.,  8379., 465562, 20241120100000)
 (3382., 3393., 3381., 3392.,  4837., 466517, 20241120101500)
 (3391., 3394., 3387., 3392.,  7202., 467697, 20241120104500)
 (3392., 3396., 3390., 3396.,  3590., 468690, 20241120110000)
 (3396., 3400., 3392., 3394.,  5743., 469042, 20241120111500)
 (3394., 3399., 3388., 3392.,  5034., 468632, 20241120113000)
 (3395., 3398., 3386., 3387.,  5117., 469295, 20241120134500)
 (3387., 3388., 3375., 3384., 15806., 471842, 20241120140000)
 (3385., 3390., 3382., 3384.,  9914., 470978, 20241120141500)
 (3385., 3386., 3379., 3383.,  5621., 472172, 20241120143000)
 (3384., 3388., 3383., 3387.,  4585., 472804, 20241120144500)
 (3387., 3392., 3384., 3387.,  8036., 472400, 20241120150000)]
2024-11-21 15:30:00  INFO  [(3390., 3391., 3382., 3390.,  7851., 473518, 20241120211500)
 (3390., 3409., 3387., 3402., 16290., 474363, 20241120213000)
 (3402., 3407., 3391., 3393., 14543., 474698, 20241120214500)
 (3393., 3397., 3392., 3397.,  3771., 475248, 20241120220000)
 (3397., 3400., 3392., 3397.,  4604., 475326, 20241120221500)
 (3397., 3397., 3390., 3392.,  1717., 475343, 20241120223000)
 (3391., 3396., 3390., 3395.,  2359., 475385, 20241120224500)
 (3395., 3395., 3386., 3386.,  3978., 475147, 20241120230000)
 (3387., 3391., 3381., 3384., 10391., 476651, 20241121091500)
 (3384., 3387., 3382., 3385.,  2994., 476932, 20241121093000)
 (3385., 3390., 3384., 3388.,  3955., 477256, 20241121094500)
 (3388., 3390., 3384., 3388.,  2877., 477560, 20241121100000)
 (3388., 3395., 3388., 3393.,  6491., 477655, 20241121101500)
 (3393., 3401., 3391., 3398.,  9980., 478186, 20241121104500)
 (3397., 3402., 3397., 3401.,  6354., 478344, 20241121110000)
 (3401., 3402., 3397., 3397.,  5360., 479165, 20241121111500)
 (3397., 3412., 3394., 3400., 13799., 479483, 20241121113000)
 (3404., 3408., 3397., 3403.,  8067., 478955, 20241121134500)
 (3404., 3405., 3397., 3399.,  7295., 479519, 20241121140000)
 (3399., 3399., 3378., 3384., 21288., 483242, 20241121141500)
 (3383., 3400., 3382., 3397., 13330., 482580, 20241121143000)
 (3397., 3404., 3396., 3399., 13638., 482401, 20241121144500)
 (3399., 3403., 3392., 3394., 11272., 483367, 20241121150000)]
2024-11-22 15:30:00  INFO  [(3401., 3405., 3393., 3398.,  9753., 483437, 20241121211500)
 (3399., 3403., 3397., 3397.,  5116., 483878, 20241121213000)
 (3397., 3397., 3391., 3396.,  4706., 484736, 20241121214500)
 (3397., 3402., 3397., 3401.,  7325., 483446, 20241121220000)
 (3402., 3405., 3398., 3399.,  5153., 483793, 20241121221500)
 (3398., 3399., 3395., 3397.,  4919., 485212, 20241121223000)
 (3397., 3399., 3388., 3394.,  9043., 485898, 20241121224500)
 (3395., 3404., 3391., 3397.,  7639., 485420, 20241121230000)
 (3396., 3398., 3387., 3389., 10888., 485253, 20241122091500)
 (3388., 3395., 3387., 3392.,  3343., 485484, 20241122093000)
 (3392., 3395., 3388., 3388.,  4187., 485278, 20241122094500)
 (3388., 3394., 3384., 3385.,  6831., 486379, 20241122100000)
 (3385., 3392., 3382., 3383.,  9439., 487585, 20241122101500)
 (3382., 3386., 3376., 3377., 16000., 489319, 20241122104500)
 (3377., 3378., 3359., 3364., 37309., 493415, 20241122110000)
 (3364., 3371., 3359., 3368., 15883., 494247, 20241122111500)
 (3368., 3376., 3351., 3354., 15708., 495518, 20241122113000)
 (3352., 3355., 3346., 3349., 30063., 495949, 20241122134500)
 (3348., 3357., 3348., 3350., 10040., 497320, 20241122140000)
 (3350., 3353., 3342., 3345., 15989., 499076, 20241122141500)
 (3344., 3354., 3343., 3354.,  8188., 501162, 20241122143000)
 (3354., 3354., 3346., 3347.,  9958., 502497, 20241122144500)
 (3347., 3352., 3343., 3347., 10464., 501877, 20241122150000)]
2024-11-25 15:30:00  INFO  [(3340., 3361., 3340., 3354., 19946., 503861, 20241122211500)
 (3354., 3360., 3353., 3358.,  7991., 505225, 20241122213000)
 (3359., 3363., 3355., 3356.,  7360., 505844, 20241122214500)
 (3357., 3365., 3354., 3364.,  5722., 505395, 20241122220000)
 (3364., 3404., 3363., 3388., 54139., 501662, 20241122221500)
 (3387., 3395., 3379., 3381., 17899., 501927, 20241122223000)
 (3380., 3388., 3376., 3385.,  9911., 501246, 20241122224500)
 (3385., 3388., 3382., 3387.,  7792., 499515, 20241122230000)
 (3385., 3389., 3372., 3373., 23635., 498799, 20241125091500)
 (3373., 3380., 3370., 3374.,  8064., 499868, 20241125093000)
 (3374., 3379., 3373., 3378.,  5387., 501021, 20241125094500)
 (3378., 3378., 3370., 3374.,  5810., 502523, 20241125100000)
 (3375., 3383., 3372., 3380., 11043., 505370, 20241125101500)
 (3380., 3381., 3374., 3375.,  7560., 508206, 20241125104500)
 (3375., 3376., 3370., 3372.,  7052., 510627, 20241125110000)
 (3371., 3374., 3356., 3361., 23399., 515101, 20241125111500)
 (3361., 3369., 3352., 3353., 15027., 516966, 20241125113000)
 (3353., 3360., 3352., 3354., 12206., 520394, 20241125134500)
 (3355., 3357., 3351., 3353., 11382., 523912, 20241125140000)
 (3353., 3360., 3347., 3353., 16764., 528718, 20241125141500)
 (3354., 3361., 3352., 3357., 11108., 532253, 20241125143000)
 (3357., 3368., 3354., 3364., 10069., 531388, 20241125144500)
 (3365., 3367., 3358., 3361.,  6244., 532065, 20241125150000)]
2024-11-26 15:30:00  INFO  [(3362., 3369., 3357., 3364., 12027., 534704, 20241125211500)
 (3364., 3369., 3359., 3368.,  7363., 535045, 20241125213000)
 (3369., 3371., 3361., 3363.,  8812., 536196, 20241125214500)
 (3364., 3367., 3363., 3365.,  5455., 538289, 20241125220000)
 (3365., 3366., 3360., 3361.,  3235., 538683, 20241125221500)
 (3361., 3368., 3360., 3366.,  4431., 538838, 20241125223000)
 (3366., 3377., 3366., 3371., 12983., 540018, 20241125224500)
 (3372., 3376., 3371., 3373.,  4125., 540097, 20241125230000)
 (3367., 3380., 3364., 3377., 14057., 539853, 20241126091500)
 (3377., 3378., 3373., 3377.,  5679., 539782, 20241126093000)
 (3377., 3387., 3377., 3384., 20024., 542492, 20241126094500)
 (3384., 3387., 3377., 3381., 12113., 543525, 20241126100000)
 (3381., 3388., 3379., 3386., 11172., 544762, 20241126101500)
 (3387., 3387., 3377., 3380., 11129., 546703, 20241126104500)
 (3380., 3385., 3375., 3378., 10123., 548433, 20241126110000)
 (3377., 3385., 3376., 3385.,  9947., 551257, 20241126111500)
 (3384., 3385., 3377., 3379.,  6166., 552389, 20241126113000)
 (3379., 3379., 3369., 3371., 18355., 556323, 20241126134500)
 (3370., 3372., 3361., 3364., 21211., 562763, 20241126140000)
 (3364., 3371., 3357., 3370., 20698., 567973, 20241126141500)
 (3370., 3373., 3363., 3365., 11249., 569847, 20241126143000)
 (3365., 3368., 3362., 3364.,  8660., 570891, 20241126144500)
 (3364., 3368., 3361., 3363., 11264., 572783, 20241126150000)]
2024-11-27 15:30:00  INFO  [(3373., 3377., 3363., 3366., 21458., 574937, 20241126211500)
 (3366., 3369., 3362., 3366.,  9720., 577228, 20241126213000)
 (3366., 3367., 3358., 3360.,  8497., 578643, 20241126214500)
 (3360., 3365., 3359., 3362.,  4904., 579632, 20241126220000)
 (3363., 3364., 3359., 3363.,  3737., 580848, 20241126221500)
 (3363., 3363., 3357., 3358.,  5917., 582328, 20241126223000)
 (3358., 3360., 3354., 3359.,  6109., 582413, 20241126224500)
 (3359., 3364., 3355., 3360.,  6939., 582400, 20241126230000)
 (3359., 3362., 3355., 3359., 15335., 587514, 20241127091500)
 (3359., 3360., 3345., 3345., 20783., 593548, 20241127093000)
 (3345., 3357., 3344., 3355., 18306., 598600, 20241127094500)
 (3355., 3359., 3348., 3354., 14993., 602716, 20241127100000)
 (3353., 3364., 3353., 3362., 15299., 604798, 20241127101500)
 (3364., 3372., 3364., 3368., 20926., 602348, 20241127104500)
 (3369., 3376., 3366., 3375., 14651., 603942, 20241127110000)
 (3375., 3376., 3363., 3366., 16370., 605209, 20241127111500)
 (3365., 3370., 3363., 3369.,  7212., 606655, 20241127113000)
 (3369., 3372., 3365., 3367., 13155., 608921, 20241127134500)
 (3367., 3375., 3364., 3374., 15284., 609270, 20241127140000)
 (3374., 3376., 3369., 3372., 10952., 611090, 20241127141500)
 (3372., 3375., 3370., 3374.,  8780., 613263, 20241127143000)
 (3374., 3379., 3371., 3372., 11874., 615061, 20241127144500)
 (3372., 3374., 3370., 3372.,  9763., 616057, 20241127150000)]
2024-11-28 15:30:00  INFO  [(3375., 3382., 3368., 3369., 24119., 617310, 20241127211500)
 (3369., 3371., 3363., 3369.,  9286., 619530, 20241127213000)
 (3369., 3371., 3365., 3366.,  4705., 619748, 20241127214500)
 (3365., 3370., 3365., 3369.,  2172., 619893, 20241127220000)
 (3369., 3369., 3365., 3367.,  3215., 620349, 20241127221500)
 (3367., 3368., 3364., 3367.,  4955., 621202, 20241127223000)
 (3366., 3372., 3366., 3372., 11118., 621989, 20241127224500)
 (3372., 3374., 3368., 3370.,  5720., 621663, 20241127230000)
 (3371., 3372., 3363., 3366., 13288., 626416, 20241128091500)
 (3367., 3368., 3358., 3367., 19299., 630841, 20241128093000)
 (3367., 3367., 3356., 3357., 14933., 634706, 20241128094500)
 (3358., 3359., 3352., 3353., 15771., 638149, 20241128100000)
 (3353., 3359., 3351., 3356., 15702., 644186, 20241128101500)
 (3357., 3365., 3355., 3363., 17727., 648373, 20241128104500)
 (3364., 3364., 3353., 3355., 12402., 652278, 20241128110000)
 (3356., 3357., 3350., 3352., 13961., 657227, 20241128111500)
 (3351., 3357., 3351., 3351.,  8770., 659233, 20241128113000)
 (3354., 3372., 3352., 3371., 39744., 666070, 20241128134500)
 (3371., 3377., 3362., 3367., 35572., 673599, 20241128140000)
 (3366., 3367., 3362., 3366.,  9581., 675240, 20241128141500)
 (3366., 3370., 3365., 3368.,  9358., 677457, 20241128143000)
 (3369., 3370., 3362., 3364., 12468., 680010, 20241128144500)
 (3364., 3370., 3361., 3367., 14116., 680258, 20241128150000)]
2024-11-29 15:30:00  INFO  [(3367., 3376., 3366., 3370., 24015., 687597, 20241128211500)
 (3370., 3375., 3368., 3372., 10476., 690906, 20241128213000)
 (3373., 3374., 3368., 3370.,  6890., 692656, 20241128214500)
 (3370., 3371., 3368., 3368.,  2707., 693198, 20241128220000)
 (3368., 3373., 3367., 3371.,  9922., 692919, 20241128221500)
 (3372., 3372., 3363., 3364.,  8075., 694310, 20241128223000)
 (3364., 3372., 3360., 3369., 13870., 697746, 20241128224500)
 (3369., 3371., 3366., 3368.,  5121., 698409, 20241128230000)
 (3369., 3370., 3366., 3367., 11928., 701345, 20241129091500)
 (3368., 3375., 3366., 3374., 14587., 709690, 20241129093000)
 (3374., 3380., 3372., 3376., 21624., 715834, 20241129094500)
 (3376., 3377., 3369., 3372., 15254., 719159, 20241129100000)
 (3371., 3384., 3369., 3383., 23436., 726655, 20241129101500)
 (3384., 3394., 3384., 3386., 39298., 736358, 20241129104500)
 (3386., 3393., 3382., 3393., 19644., 742398, 20241129110000)
 (3393., 3403., 3393., 3399., 46516., 752321, 20241129111500)
 (3399., 3406., 3394., 3395., 31227., 757984, 20241129113000)
 (3394., 3399., 3390., 3398., 28580., 765722, 20241129134500)
 (3397., 3400., 3393., 3394., 17766., 772546, 20241129140000)
 (3394., 3399., 3390., 3391., 21773., 779145, 20241129141500)
 (3391., 3393., 3387., 3391., 20375., 782047, 20241129143000)
 (3392., 3393., 3383., 3384., 25645., 781767, 20241129144500)
 (3384., 3385., 3377., 3380., 36359., 783700, 20241129150000)]
2024-12-02 15:30:00  INFO  [(3385., 3388., 3380., 3385., 26875., 789441, 20241129211500)
 (3384., 3385., 3375., 3377., 19270., 791195, 20241129213000)
 (3379., 3379., 3370., 3375., 26615., 796763, 20241129214500)
 (3375., 3375., 3372., 3374.,  8321., 797545, 20241129220000)
 (3374., 3377., 3372., 3373., 10665., 799486, 20241129221500)
 (3374., 3377., 3371., 3373., 11952., 801896, 20241129223000)
 (3373., 3377., 3372., 3376.,  6894., 803117, 20241129224500)
 (3375., 3380., 3372., 3373., 15792., 803038, 20241129230000)
 (3380., 3405., 3377., 3397., 75442., 810087, 20241202091500)
 (3398., 3400., 3391., 3396., 34751., 816075, 20241202093000)
 (3397., 3399., 3393., 3399., 15145., 819246, 20241202094500)
 (3399., 3400., 3395., 3398., 15125., 822853, 20241202100000)
 (3397., 3400., 3391., 3394., 20504., 824847, 20241202101500)
 (3395., 3400., 3395., 3398., 16323., 828050, 20241202104500)
 (3397., 3401., 3396., 3399., 14694., 833783, 20241202110000)
 (3399., 3399., 3395., 3399., 11067., 835662, 20241202111500)
 (3398., 3405., 3397., 3404., 14600., 841634, 20241202113000)
 (3404., 3416., 3402., 3414., 58912., 846845, 20241202134500)
 (3414., 3415., 3410., 3411., 26540., 853926, 20241202140000)
 (3410., 3412., 3406., 3407., 15269., 856796, 20241202141500)
 (3408., 3408., 3398., 3399., 27676., 859703, 20241202143000)
 (3399., 3404., 3398., 3404., 17696., 861407, 20241202144500)
 (3404., 3409., 3403., 3407., 26047., 859806, 20241202150000)]
2024-12-03 15:30:00  INFO  [(3407., 3420., 3407., 3413., 43345., 868852, 20241202211500)
 (3413., 3416., 3410., 3412., 11189., 869907, 20241202213000)
 (3411., 3412., 3409., 3412.,  6250., 871018, 20241202214500)
 (3412., 3415., 3410., 3414., 10320., 874610, 20241202220000)
 (3414., 3415., 3410., 3414.,  8252., 874940, 20241202221500)
 (3414., 3417., 3411., 3417.,  6994., 874295, 20241202223000)
 (3417., 3418., 3414., 3415.,  9941., 875431, 20241202224500)
 (3415., 3419., 3412., 3418., 12086., 875603, 20241202230000)
 (3417., 3427., 3416., 3419., 47566., 886809, 20241203091500)
 (3420., 3420., 3415., 3418., 18879., 889139, 20241203093000)
 (3417., 3418., 3411., 3415., 17555., 892493, 20241203094500)
 (3414., 3416., 3407., 3408., 20625., 894727, 20241203100000)
 (3408., 3411., 3404., 3408., 32359., 893611, 20241203101500)
 (3408., 3411., 3406., 3407., 13908., 896922, 20241203104500)
 (3406., 3412., 3406., 3408., 14334., 900024, 20241203110000)
 (3408., 3411., 3405., 3411., 18055., 903758, 20241203111500)
 (3410., 3417., 3407., 3416., 19764., 906924, 20241203113000)
 (3413., 3416., 3411., 3414., 14610., 910516, 20241203134500)
 (3414., 3418., 3411., 3418., 14908., 914075, 20241203140000)
 (3417., 3423., 3417., 3420., 27480., 918790, 20241203141500)
 (3420., 3424., 3414., 3423., 28394., 923126, 20241203143000)
 (3423., 3424., 3420., 3421., 15331., 924871, 20241203144500)
 (3421., 3428., 3419., 3426., 26658., 925490, 20241203150000)]
2024-12-04 15:30:00  INFO  [(3426., 3427., 3416., 3417.,  37670., 932019, 20241203211500)
 (3417., 3419., 3412., 3416.,  30344., 936493, 20241203213000)
 (3417., 3420., 3416., 3418.,  13904., 939415, 20241203214500)
 (3418., 3419., 3415., 3416.,   7443., 939338, 20241203220000)
 (3416., 3417., 3412., 3415.,  16212., 942656, 20241203221500)
 (3415., 3420., 3414., 3420.,  13848., 946148, 20241203223000)
 (3419., 3420., 3417., 3418.,   9046., 947986, 20241203224500)
 (3419., 3424., 3418., 3420.,  15877., 946847, 20241203230000)
 (3421., 3424., 3414., 3415.,  21887., 949688, 20241204091500)
 (3416., 3418., 3414., 3415.,  11562., 952047, 20241204093000)
 (3414., 3417., 3413., 3414.,  14512., 954827, 20241204094500)
 (3414., 3420., 3413., 3417.,  11484., 954534, 20241204100000)
 (3417., 3418., 3385., 3390., 123518., 955302, 20241204101500)
 (3389., 3407., 3386., 3395.,  75915., 964297, 20241204104500)
 (3396., 3398., 3391., 3393.,  26878., 968275, 20241204110000)
 (3393., 3397., 3390., 3394.,  26357., 972767, 20241204111500)
 (3394., 3397., 3388., 3388.,  29876., 974921, 20241204113000)
 (3387., 3396., 3387., 3395.,  27909., 976554, 20241204134500)
 (3394., 3401., 3391., 3400.,  22718., 976711, 20241204140000)
 (3400., 3404., 3393., 3393.,  28915., 975094, 20241204141500)
 (3393., 3399., 3392., 3395.,  22998., 977815, 20241204143000)
 (3396., 3401., 3393., 3401.,  33120., 982732, 20241204144500)
 (3401., 3411., 3400., 3405.,  64293., 987361, 20241204150000)]
2024-12-05 15:30:00  INFO  [(3405., 3411., 3399., 3408., 54564., 1000177, 20241204211500)
 (3409., 3414., 3407., 3408., 29058., 1006156, 20241204213000)
 (3408., 3413., 3408., 3410., 18744., 1009549, 20241204214500)
 (3409., 3411., 3406., 3409., 14575., 1010936, 20241204220000)
 (3409., 3411., 3407., 3411.,  9650., 1011795, 20241204221500)
 (3411., 3414., 3409., 3413., 13576., 1012697, 20241204223000)
 (3414., 3418., 3411., 3412., 16419., 1014168, 20241204224500)
 (3413., 3413., 3399., 3403., 34757., 1013055, 20241204230000)
 (3403., 3405., 3394., 3400., 42303., 1012916, 20241205091500)
 (3399., 3400., 3394., 3397., 19612., 1016086, 20241205093000)
 (3397., 3403., 3391., 3394., 38240., 1019871, 20241205094500)
 (3394., 3397., 3382., 3385., 58657., 1026927, 20241205100000)
 (3384., 3386., 3372., 3373., 83699., 1035122, 20241205101500)
 (3374., 3382., 3371., 3376., 55303., 1046739, 20241205104500)
 (3375., 3376., 3358., 3358., 90486., 1064801, 20241205110000)
 (3359., 3364., 3347., 3348., 97144., 1086844, 20241205111500)
 (3348., 3358., 3343., 3357., 96813., 1107928, 20241205113000)
 (3357., 3359., 3354., 3357., 47811., 1117842, 20241205134500)
 (3357., 3364., 3350., 3351., 48501., 1125321, 20241205140000)
 (3350., 3355., 3344., 3353., 56492., 1133570, 20241205141500)
 (3353., 3355., 3337., 3337., 58099., 1138050, 20241205143000)
 (3338., 3348., 3331., 3343., 72275., 1146914, 20241205144500)
 (3343., 3348., 3340., 3341., 49012., 1148369, 20241205150000)]
2024-12-06 15:30:00  INFO  [(3340., 3347., 3325., 3329., 167997., 1192015, 20241205211500)
 (3328., 3330., 3323., 3328.,  70748., 1208339, 20241205213000)
 (3328., 3330., 3316., 3322.,  79938., 1226932, 20241205214500)
 (3322., 3334., 3320., 3330.,  67978., 1226113, 20241205220000)
 (3330., 3332., 3326., 3328.,  25384., 1231768, 20241205221500)
 (3328., 3329., 3323., 3329.,  21077., 1234922, 20241205223000)
 (3329., 3329., 3324., 3326.,  16223., 1239524, 20241205224500)
 (3326., 3328., 3320., 3327.,  36234., 1236222, 20241205230000)
 (3330., 3334., 3325., 3330.,  69872., 1251293, 20241206091500)
 (3330., 3334., 3324., 3326.,  39652., 1259748, 20241206093000)
 (3325., 3329., 3318., 3320.,  54494., 1273178, 20241206094500)
 (3319., 3327., 3312., 3318.,  83620., 1282983, 20241206100000)
 (3318., 3330., 3314., 3327.,  60487., 1290256, 20241206101500)
 (3327., 3342., 3324., 3340., 110223., 1290884, 20241206104500)
 (3340., 3344., 3330., 3338.,  85259., 1294713, 20241206110000)
 (3338., 3347., 3337., 3345.,  67993., 1295020, 20241206111500)
 (3345., 3350., 3339., 3339.,  66284., 1296418, 20241206113000)
 (3337., 3340., 3331., 3333.,  60797., 1297754, 20241206134500)
 (3333., 3334., 3326., 3332.,  46283., 1297148, 20241206140000)
 (3332., 3336., 3329., 3333.,  35867., 1301284, 20241206141500)
 (3334., 3338., 3328., 3328.,  34441., 1303922, 20241206143000)
 (3328., 3332., 3318., 3319.,  72148., 1312847, 20241206144500)
 (3318., 3320., 3308., 3311., 151216., 1334694, 20241206150000)]
2024-12-09 15:30:00  INFO  [(3305., 3317., 3296., 3310., 149987., 1350306, 20241206211500)
 (3310., 3313., 3307., 3311.,  31888., 1355778, 20241206213000)
 (3311., 3315., 3310., 3311.,  30830., 1358546, 20241206214500)
 (3312., 3312., 3307., 3307.,  27480., 1365152, 20241206220000)
 (3307., 3308., 3288., 3293., 124688., 1379270, 20241206221500)
 (3293., 3297., 3291., 3293.,  47763., 1391033, 20241206223000)
 (3294., 3295., 3288., 3293.,  41270., 1399097, 20241206224500)
 (3293., 3299., 3288., 3295.,  67795., 1392395, 20241206230000)
 (3296., 3328., 3296., 3326., 216510., 1370523, 20241209091500)
 (3325., 3338., 3321., 3336., 136423., 1371898, 20241209093000)
 (3335., 3347., 3333., 3344., 131272., 1360329, 20241209094500)
 (3344., 3345., 3335., 3338.,  76002., 1364851, 20241209100000)
 (3338., 3341., 3336., 3339.,  37873., 1362601, 20241209101500)
 (3341., 3342., 3326., 3330.,  73875., 1356726, 20241209104500)
 (3330., 3336., 3329., 3334.,  36703., 1360628, 20241209110000)
 (3335., 3336., 3325., 3327.,  44131., 1358593, 20241209111500)
 (3328., 3329., 3317., 3317.,  66764., 1353963, 20241209113000)
 (3317., 3320., 3311., 3313.,  86077., 1360350, 20241209134500)
 (3314., 3319., 3308., 3318.,  70370., 1367237, 20241209140000)
 (3318., 3324., 3316., 3318.,  58633., 1371127, 20241209141500)
 (3319., 3328., 3318., 3327.,  40496., 1373844, 20241209143000)
 (3327., 3335., 3326., 3326.,  68840., 1374941, 20241209144500)
 (3326., 3334., 3326., 3330.,  55997., 1360587, 20241209150000)]
2024-12-10 15:30:00  INFO  [(3390., 3435., 3385., 3415., 696946., 1315329, 20241209211500)
 (3414., 3420., 3396., 3397., 191282., 1327530, 20241209213000)
 (3398., 3410., 3398., 3408., 100168., 1330256, 20241209214500)
 (3409., 3418., 3407., 3416.,  89012., 1339559, 20241209220000)
 (3416., 3420., 3413., 3416.,  71018., 1348889, 20241209221500)
 (3416., 3419., 3416., 3418.,  41756., 1355548, 20241209223000)
 (3418., 3423., 3412., 3423.,  75547., 1358915, 20241209224500)
 (3422., 3430., 3420., 3430., 107465., 1353260, 20241209230000)
 (3430., 3445., 3423., 3444., 260049., 1356334, 20241210091500)
 (3445., 3457., 3444., 3450., 199281., 1365543, 20241210093000)
 (3451., 3452., 3430., 3435., 193713., 1347504, 20241210094500)
 (3434., 3437., 3425., 3425., 101172., 1338518, 20241210100000)
 (3426., 3434., 3422., 3431.,  91794., 1345740, 20241210101500)
 (3430., 3430., 3423., 3425.,  60387., 1348648, 20241210104500)
 (3425., 3427., 3416., 3418.,  82540., 1344403, 20241210110000)
 (3418., 3422., 3404., 3412., 132936., 1347986, 20241210111500)
 (3412., 3418., 3408., 3413.,  66787., 1343390, 20241210113000)
 (3409., 3415., 3404., 3412.,  81492., 1348474, 20241210134500)
 (3413., 3414., 3406., 3412.,  44506., 1350890, 20241210140000)
 (3412., 3413., 3406., 3411.,  46877., 1354831, 20241210141500)
 (3410., 3411., 3401., 3410.,  68036., 1355800, 20241210143000)
 (3410., 3413., 3398., 3399.,  97553., 1352267, 20241210144500)
 (3399., 3404., 3393., 3402., 130230., 1333488, 20241210150000)]
2024-12-11 15:30:00  INFO  [(3402., 3410., 3398., 3409., 128934., 1345242, 20241210211500)
 (3410., 3410., 3401., 3408.,  64908., 1354184, 20241210213000)
 (3408., 3410., 3406., 3407.,  29132., 1355028, 20241210214500)
 (3407., 3411., 3406., 3409.,  32032., 1352237, 20241210220000)
 (3410., 3411., 3404., 3405.,  27634., 1351710, 20241210221500)
 (3406., 3409., 3405., 3408.,  15831., 1350010, 20241210223000)
 (3409., 3412., 3406., 3410.,  31621., 1349577, 20241210224500)
 (3409., 3410., 3407., 3408.,  19305., 1342487, 20241210230000)
 (3409., 3415., 3407., 3413.,  59989., 1348785, 20241211091500)
 (3413., 3419., 3410., 3414.,  70042., 1355755, 20241211093000)
 (3414., 3418., 3410., 3417.,  49781., 1358212, 20241211094500)
 (3417., 3420., 3414., 3418.,  42083., 1365724, 20241211100000)
 (3418., 3423., 3417., 3419.,  66143., 1370967, 20241211101500)
 (3419., 3421., 3412., 3413.,  50700., 1368325, 20241211104500)
 (3413., 3415., 3406., 3413.,  74326., 1366702, 20241211110000)
 (3412., 3413., 3402., 3410.,  69365., 1366330, 20241211111500)
 (3409., 3413., 3406., 3409.,  40046., 1366185, 20241211113000)
 (3408., 3408., 3395., 3399., 105018., 1372280, 20241211134500)
 (3399., 3408., 3397., 3406.,  48517., 1373292, 20241211140000)
 (3405., 3408., 3402., 3403.,  32598., 1376227, 20241211141500)
 (3403., 3403., 3398., 3400.,  36035., 1377320, 20241211143000)
 (3400., 3405., 3397., 3405.,  46891., 1376474, 20241211144500)
 (3405., 3413., 3403., 3413.,  92130., 1366184, 20241211150000)]
2024-12-12 15:30:00  INFO  [(3413., 3419., 3411., 3413.,  96880., 1363349, 20241211211500)
 (3413., 3415., 3411., 3415.,  24671., 1364706, 20241211213000)
 (3414., 3416., 3409., 3410.,  35109., 1365286, 20241211214500)
 (3410., 3413., 3410., 3410.,  14056., 1364635, 20241211220000)
 (3410., 3416., 3410., 3416.,  31141., 1368602, 20241211221500)
 (3415., 3417., 3413., 3413.,  22212., 1371221, 20241211223000)
 (3413., 3418., 3411., 3415.,  28687., 1370251, 20241211224500)
 (3415., 3417., 3413., 3414.,  24408., 1365200, 20241211230000)
 (3414., 3416., 3402., 3408.,  88684., 1364385, 20241212091500)
 (3408., 3412., 3404., 3409.,  41909., 1366199, 20241212093000)
 (3409., 3410., 3406., 3410.,  23518., 1369453, 20241212094500)
 (3410., 3423., 3407., 3416.,  94887., 1383650, 20241212100000)
 (3416., 3420., 3408., 3417.,  79759., 1386611, 20241212101500)
 (3417., 3418., 3411., 3413.,  29003., 1386113, 20241212104500)
 (3412., 3413., 3404., 3409.,  56016., 1382002, 20241212110000)
 (3410., 3416., 3409., 3413.,  32505., 1380768, 20241212111500)
 (3414., 3434., 3414., 3433., 181367., 1406251, 20241212113000)
 (3433., 3433., 3422., 3428., 139652., 1417162, 20241212134500)
 (3428., 3434., 3426., 3429.,  72340., 1430271, 20241212140000)
 (3429., 3436., 3428., 3432.,  61240., 1434599, 20241212141500)
 (3432., 3436., 3426., 3429.,  52378., 1437482, 20241212143000)
 (3430., 3433., 3426., 3430.,  36260., 1439995, 20241212144500)
 (3430., 3431., 3424., 3428.,  68225., 1434412, 20241212150000)]
2024-12-13 15:30:00  INFO  [(3406., 3411., 3375., 3386., 431832., 1410212, 20241212211500)
 (3386., 3397., 3385., 3392.,  86782., 1411239, 20241212213000)
 (3392., 3396., 3390., 3394.,  50170., 1408455, 20241212214500)
 (3395., 3402., 3393., 3400.,  66040., 1408636, 20241212220000)
 (3399., 3400., 3391., 3392.,  46500., 1405882, 20241212221500)
 (3392., 3393., 3386., 3386.,  73932., 1414117, 20241212223000)
 (3386., 3391., 3382., 3390.,  73514., 1421631, 20241212224500)
 (3390., 3391., 3385., 3390.,  43358., 1411140, 20241212230000)
 (3389., 3394., 3384., 3386.,  68094., 1415081, 20241213091500)
 (3386., 3391., 3382., 3384.,  54517., 1423403, 20241213093000)
 (3383., 3389., 3382., 3386.,  44768., 1424888, 20241213094500)
 (3385., 3386., 3364., 3365., 185055., 1432652, 20241213100000)
 (3365., 3367., 3355., 3363., 181367., 1439200, 20241213101500)
 (3362., 3372., 3359., 3366.,  81685., 1437734, 20241213104500)
 (3367., 3368., 3361., 3363.,  41293., 1440068, 20241213110000)
 (3363., 3366., 3357., 3359.,  55202., 1442761, 20241213111500)
 (3360., 3367., 3357., 3366.,  50528., 1444875, 20241213113000)
 (3365., 3365., 3358., 3360.,  55529., 1452302, 20241213134500)
 (3361., 3368., 3360., 3365.,  54143., 1452415, 20241213140000)
 (3364., 3369., 3361., 3363.,  45037., 1455130, 20241213141500)
 (3363., 3364., 3355., 3357.,  59663., 1462764, 20241213143000)
 (3357., 3358., 3351., 3356.,  79167., 1466297, 20241213144500)
 (3355., 3365., 3355., 3360.,  94179., 1446384, 20241213150000)]
2024-12-16 15:30:00  INFO  [(3360., 3366., 3355., 3359., 104858., 1448220, 20241213211500)
 (3359., 3362., 3356., 3361.,  36925., 1451010, 20241213213000)
 (3360., 3363., 3359., 3362.,  29676., 1451072, 20241213214500)
 (3362., 3362., 3353., 3355.,  41307., 1452439, 20241213220000)
 (3356., 3359., 3354., 3357.,  26660., 1451783, 20241213221500)
 (3358., 3362., 3356., 3357.,  25672., 1451548, 20241213223000)
 (3357., 3362., 3356., 3358.,  33608., 1448039, 20241213224500)
 (3357., 3361., 3356., 3360.,  37127., 1438557, 20241213230000)
 (3361., 3379., 3355., 3356., 207640., 1427607, 20241216091500)
 (3356., 3357., 3345., 3354., 142345., 1439503, 20241216093000)
 (3354., 3356., 3343., 3345.,  80779., 1447640, 20241216094500)
 (3345., 3350., 3341., 3347.,  51835., 1457027, 20241216100000)
 (3347., 3348., 3340., 3340.,  44632., 1458772, 20241216101500)
 (3341., 3347., 3340., 3344.,  49467., 1465425, 20241216104500)
 (3344., 3349., 3343., 3343.,  30274., 1466372, 20241216110000)
 (3343., 3349., 3342., 3349.,  28275., 1469521, 20241216111500)
 (3348., 3353., 3345., 3352.,  51309., 1464808, 20241216113000)
 (3350., 3351., 3346., 3347.,  30177., 1466574, 20241216134500)
 (3346., 3352., 3346., 3349.,  18641., 1467433, 20241216140000)
 (3349., 3351., 3345., 3346.,  25833., 1468139, 20241216141500)
 (3346., 3359., 3345., 3357.,  89482., 1451471, 20241216143000)
 (3358., 3366., 3354., 3366.,  75485., 1442565, 20241216144500)
 (3365., 3367., 3361., 3362.,  75566., 1427400, 20241216150000)]
2024-12-17 15:30:00  INFO  [(3369., 3371., 3362., 3366.,  80847., 1424669, 20241216211500)
 (3365., 3371., 3364., 3367.,  58493., 1426094, 20241216213000)
 (3367., 3368., 3364., 3365.,  23764., 1427504, 20241216214500)
 (3365., 3367., 3364., 3364.,  11509., 1428708, 20241216220000)
 (3364., 3366., 3364., 3364.,  12908., 1429162, 20241216221500)
 (3364., 3368., 3364., 3365.,  19795., 1429248, 20241216223000)
 (3365., 3368., 3360., 3366.,  34165., 1427009, 20241216224500)
 (3366., 3366., 3360., 3361.,  25674., 1421558, 20241216230000)
 (3361., 3361., 3352., 3360.,  70645., 1426410, 20241217091500)
 (3361., 3362., 3355., 3355.,  30662., 1429393, 20241217093000)
 (3355., 3360., 3352., 3356.,  45576., 1437556, 20241217094500)
 (3356., 3370., 3355., 3369.,  77619., 1436019, 20241217100000)
 (3368., 3374., 3364., 3364.,  89828., 1435461, 20241217101500)
 (3362., 3364., 3357., 3362.,  69699., 1427872, 20241217104500)
 (3362., 3367., 3361., 3364.,  28539., 1428475, 20241217110000)
 (3363., 3370., 3362., 3366.,  37091., 1431516, 20241217111500)
 (3366., 3370., 3363., 3363.,  37133., 1429880, 20241217113000)
 (3367., 3377., 3365., 3371., 115048., 1433530, 20241217134500)
 (3371., 3373., 3366., 3367.,  37864., 1431924, 20241217140000)
 (3366., 3368., 3362., 3365.,  42859., 1427517, 20241217141500)
 (3365., 3366., 3359., 3360.,  46868., 1427689, 20241217143000)
 (3360., 3363., 3356., 3359.,  55930., 1427550, 20241217144500)
 (3359., 3364., 3359., 3364.,  44150., 1420263, 20241217150000)]
2024-12-18 15:30:00  INFO  [(3360., 3364., 3354., 3357.,  78517., 1431086, 20241217211500)
 (3357., 3357., 3348., 3351.,  76948., 1440861, 20241217213000)
 (3350., 3351., 3342., 3346.,  76950., 1459056, 20241217214500)
 (3347., 3347., 3343., 3344.,  38798., 1460229, 20241217220000)
 (3344., 3353., 3342., 3350.,  60794., 1463549, 20241217221500)
 (3351., 3352., 3348., 3350.,  22628., 1463478, 20241217223000)
 (3350., 3350., 3344., 3344.,  27336., 1462259, 20241217224500)
 (3344., 3350., 3344., 3350.,  30092., 1457202, 20241217230000)
 (3350., 3355., 3347., 3348.,  50417., 1456896, 20241218091500)
 (3347., 3348., 3336., 3340.,  91281., 1470963, 20241218093000)
 (3340., 3348., 3337., 3348.,  58905., 1481710, 20241218094500)
 (3347., 3348., 3340., 3343.,  29749., 1485639, 20241218100000)
 (3344., 3351., 3340., 3349.,  54276., 1486686, 20241218101500)
 (3348., 3348., 3343., 3347.,  23932., 1483993, 20241218104500)
 (3347., 3347., 3333., 3336.,  89004., 1498496, 20241218110000)
 (3337., 3339., 3327., 3332., 102080., 1513165, 20241218111500)
 (3332., 3343., 3330., 3340.,  60578., 1508772, 20241218113000)
 (3345., 3351., 3339., 3339., 108664., 1507156, 20241218134500)
 (3340., 3343., 3337., 3337.,  35813., 1513226, 20241218140000)
 (3337., 3338., 3334., 3337.,  30881., 1521289, 20241218141500)
 (3336., 3337., 3325., 3326.,  71634., 1536633, 20241218143000)
 (3327., 3327., 3307., 3309., 188235., 1573148, 20241218144500)
 (3309., 3315., 3305., 3312., 149642., 1590081, 20241218150000)]
2024-12-19 15:30:00  INFO  [(3312., 3317., 3297., 3308., 144116., 1606472, 20241218211500)
 (3308., 3314., 3305., 3313.,  50479., 1612396, 20241218213000)
 (3313., 3313., 3308., 3308.,  32602., 1615794, 20241218214500)
 (3309., 3310., 3308., 3310.,  13534., 1617006, 20241218220000)
 (3310., 3312., 3306., 3310.,  26922., 1616431, 20241218221500)
 (3310., 3312., 3308., 3310.,  17529., 1616437, 20241218223000)
 (3310., 3321., 3309., 3316.,  75694., 1609676, 20241218224500)
 (3317., 3323., 3316., 3319.,  50482., 1601005, 20241218230000)
 (3307., 3309., 3301., 3305., 131210., 1619689, 20241219091500)
 (3306., 3306., 3282., 3286., 158362., 1641857, 20241219093000)
 (3286., 3288., 3281., 3285., 135562., 1676618, 20241219094500)
 (3284., 3285., 3269., 3270., 137526., 1693768, 20241219100000)
 (3270., 3270., 3258., 3264., 185406., 1719718, 20241219101500)
 (3264., 3276., 3261., 3274., 114940., 1720048, 20241219104500)
 (3273., 3280., 3271., 3277.,  79471., 1715923, 20241219110000)
 (3277., 3282., 3273., 3274.,  68240., 1712799, 20241219111500)
 (3274., 3287., 3273., 3283.,  98677., 1716094, 20241219113000)
 (3288., 3293., 3281., 3282., 113391., 1712252, 20241219134500)
 (3283., 3283., 3273., 3274.,  64078., 1713953, 20241219140000)
 (3274., 3282., 3269., 3282.,  68702., 1711942, 20241219141500)
 (3282., 3302., 3280., 3288., 191024., 1702531, 20241219143000)
 (3289., 3294., 3281., 3291.,  74150., 1701463, 20241219144500)
 (3291., 3291., 3284., 3287.,  69456., 1696609, 20241219150000)]
2024-12-20 15:30:00  INFO  [(3288., 3290., 3275., 3282., 102878., 1706528, 20241219211500)
 (3283., 3287., 3281., 3287.,  32410., 1708392, 20241219213000)
 (3286., 3287., 3282., 3284.,  22916., 1709450, 20241219214500)
 (3283., 3288., 3281., 3287.,  23612., 1710342, 20241219220000)
 (3288., 3293., 3285., 3291.,  54060., 1711367, 20241219221500)
 (3290., 3291., 3284., 3284.,  28464., 1710104, 20241219223000)
 (3285., 3287., 3283., 3286.,  23336., 1707677, 20241219224500)
 (3287., 3289., 3283., 3283.,  34965., 1701842, 20241219230000)
 (3282., 3282., 3273., 3276.,  80331., 1704345, 20241220091500)
 (3276., 3289., 3276., 3285.,  53531., 1702576, 20241220093000)
 (3285., 3289., 3279., 3282.,  45433., 1699457, 20241220094500)
 (3281., 3290., 3279., 3285.,  44345., 1703795, 20241220100000)
 (3285., 3287., 3280., 3282.,  33029., 1703560, 20241220101500)
 (3281., 3284., 3276., 3277.,  36597., 1703633, 20241220104500)
 (3277., 3282., 3277., 3282.,  23042., 1704116, 20241220110000)
 (3281., 3283., 3276., 3280.,  36550., 1702183, 20241220111500)
 (3281., 3292., 3278., 3291.,  65499., 1696467, 20241220113000)
 (3289., 3290., 3285., 3288.,  67989., 1697068, 20241220134500)
 (3287., 3288., 3283., 3285.,  28088., 1696753, 20241220140000)
 (3285., 3285., 3280., 3282.,  38447., 1696863, 20241220141500)
 (3282., 3287., 3280., 3282.,  34625., 1699421, 20241220143000)
 (3283., 3286., 3281., 3281.,  26757., 1698860, 20241220144500)
 (3281., 3286., 3278., 3279.,  63674., 1691042, 20241220150000)]
2024-12-23 15:30:00  INFO  [(3283., 3283., 3265., 3274., 116926., 1694081, 20241220211500)
 (3275., 3276., 3266., 3267.,  62070., 1700970, 20241220213000)
 (3267., 3270., 3261., 3262.,  81557., 1708245, 20241220214500)
 (3261., 3264., 3256., 3257.,  95632., 1718409, 20241220220000)
 (3258., 3265., 3256., 3260.,  47956., 1719563, 20241220221500)
 (3260., 3265., 3258., 3261.,  33296., 1720776, 20241220223000)
 (3261., 3275., 3261., 3272.,  65110., 1708509, 20241220224500)
 (3271., 3287., 3271., 3284., 153140., 1683184, 20241220230000)
 (3289., 3296., 3285., 3290., 137798., 1681352, 20241223091500)
 (3290., 3295., 3288., 3295.,  46951., 1682472, 20241223093000)
 (3294., 3297., 3292., 3295.,  56146., 1684334, 20241223094500)
 (3295., 3302., 3291., 3292.,  78891., 1687475, 20241223100000)
 (3293., 3296., 3291., 3294.,  38068., 1688696, 20241223101500)
 (3294., 3296., 3287., 3293.,  43179., 1685724, 20241223104500)
 (3293., 3301., 3292., 3299.,  54339., 1688104, 20241223110000)
 (3298., 3308., 3298., 3305., 104405., 1692208, 20241223111500)
 (3305., 3306., 3294., 3300.,  65245., 1686586, 20241223113000)
 (3300., 3303., 3294., 3294.,  48655., 1687412, 20241223134500)
 (3293., 3294., 3290., 3292.,  55828., 1687975, 20241223140000)
 (3291., 3292., 3284., 3288.,  71366., 1685713, 20241223141500)
 (3288., 3292., 3285., 3290.,  42311., 1686032, 20241223143000)
 (3290., 3296., 3289., 3294.,  38246., 1684437, 20241223144500)
 (3293., 3295., 3289., 3290.,  45689., 1678153, 20241223150000)]
2024-12-24 15:30:00  INFO  [(3290., 3294., 3282., 3285.,  96695., 1684104, 20241223211500)
 (3284., 3288., 3284., 3285.,  35666., 1688554, 20241223213000)
 (3284., 3286., 3282., 3285.,  32109., 1693024, 20241223214500)
 (3285., 3286., 3282., 3285.,  22714., 1695542, 20241223220000)
 (3285., 3288., 3285., 3287.,  24870., 1696791, 20241223221500)
 (3286., 3287., 3282., 3284.,  24371., 1699957, 20241223223000)
 (3283., 3284., 3279., 3281.,  44252., 1701683, 20241223224500)
 (3281., 3285., 3280., 3283.,  30289., 1697221, 20241223230000)
 (3282., 3290., 3277., 3279.,  84783., 1697361, 20241224091500)
 (3280., 3281., 3275., 3278.,  63120., 1701243, 20241224093000)
 (3278., 3287., 3277., 3281.,  47795., 1701212, 20241224094500)
 (3281., 3288., 3280., 3286.,  33953., 1703240, 20241224100000)
 (3287., 3302., 3286., 3295., 121226., 1696049, 20241224101500)
 (3298., 3300., 3292., 3292.,  69986., 1694161, 20241224104500)
 (3292., 3297., 3292., 3295.,  29268., 1694339, 20241224110000)
 (3295., 3298., 3293., 3296.,  23425., 1693898, 20241224111500)
 (3297., 3298., 3288., 3289.,  43122., 1689380, 20241224113000)
 (3292., 3296., 3287., 3294.,  55346., 1686798, 20241224134500)
 (3294., 3301., 3294., 3300.,  85107., 1694757, 20241224140000)
 (3300., 3301., 3296., 3300.,  46730., 1696395, 20241224141500)
 (3300., 3301., 3296., 3297.,  24732., 1695906, 20241224143000)
 (3297., 3305., 3297., 3303.,  63381., 1693878, 20241224144500)
 (3303., 3316., 3303., 3314., 203182., 1664902, 20241224150000)]
2024-12-25 15:30:00  INFO  [(3308., 3313., 3303., 3305., 124585., 1669679, 20241224211500)
 (3305., 3308., 3304., 3305.,  27559., 1673057, 20241224213000)
 (3305., 3307., 3303., 3306.,  25932., 1676593, 20241224214500)
 (3306., 3306., 3304., 3305.,  14987., 1677074, 20241224220000)
 (3305., 3307., 3302., 3307.,  36292., 1674308, 20241224221500)
 (3306., 3315., 3306., 3310.,  78263., 1665314, 20241224223000)
 (3310., 3313., 3310., 3311.,  18659., 1662403, 20241224224500)
 (3312., 3312., 3306., 3307.,  32223., 1655660, 20241224230000)
 (3307., 3309., 3303., 3303.,  49610., 1660699, 20241225091500)
 (3303., 3304., 3300., 3302.,  41109., 1663388, 20241225093000)
 (3302., 3305., 3297., 3305.,  57069., 1667918, 20241225094500)
 (3305., 3309., 3303., 3304.,  34563., 1666544, 20241225100000)
 (3305., 3308., 3302., 3307.,  27794., 1663508, 20241225101500)
 (3308., 3309., 3300., 3302.,  34755., 1665336, 20241225104500)
 (3302., 3303., 3298., 3300.,  28414., 1668133, 20241225110000)
 (3300., 3304., 3297., 3297.,  33771., 1669912, 20241225111500)
 (3297., 3308., 3295., 3306.,  58104., 1664210, 20241225113000)
 (3308., 3310., 3304., 3308.,  58438., 1662137, 20241225134500)
 (3308., 3309., 3304., 3306.,  17759., 1661991, 20241225140000)
 (3305., 3306., 3299., 3299.,  37874., 1663540, 20241225141500)
 (3300., 3302., 3298., 3301.,  35321., 1671090, 20241225143000)
 (3301., 3304., 3293., 3303.,  73933., 1670245, 20241225144500)
 (3303., 3307., 3299., 3300.,  61977., 1660415, 20241225150000)]
2024-12-26 15:30:00  INFO  [(3299., 3301., 3295., 3298.,  88296., 1666053, 20241225211500)
 (3298., 3299., 3294., 3296.,  47803., 1671857, 20241225213000)
 (3295., 3303., 3294., 3299.,  62128., 1681773, 20241225214500)
 (3299., 3300., 3295., 3298.,  21619., 1683008, 20241225220000)
 (3298., 3298., 3295., 3297.,  15405., 1684504, 20241225221500)
 (3298., 3298., 3294., 3296.,  22472., 1687307, 20241225223000)
 (3296., 3298., 3294., 3297.,  16770., 1688303, 20241225224500)
 (3296., 3300., 3289., 3293.,  64798., 1682211, 20241225230000)
 (3292., 3305., 3292., 3302.,  80919., 1678675, 20241226091500)
 (3303., 3313., 3302., 3310., 112436., 1665500, 20241226093000)
 (3311., 3325., 3308., 3320., 183679., 1635983, 20241226094500)
 (3321., 3325., 3316., 3319.,  75677., 1626457, 20241226100000)
 (3319., 3329., 3319., 3323.,  83762., 1622370, 20241226101500)
 (3322., 3325., 3320., 3324.,  38543., 1617567, 20241226104500)
 (3324., 3328., 3322., 3323.,  42866., 1616084, 20241226110000)
 (3324., 3329., 3324., 3325.,  42088., 1620806, 20241226111500)
 (3326., 3326., 3320., 3321.,  40122., 1615208, 20241226113000)
 (3320., 3320., 3311., 3312., 102396., 1600214, 20241226134500)
 (3311., 3313., 3302., 3306., 109687., 1597203, 20241226140000)
 (3307., 3310., 3305., 3307.,  40509., 1595855, 20241226141500)
 (3307., 3310., 3304., 3308.,  40557., 1595239, 20241226143000)
 (3309., 3312., 3306., 3307.,  39986., 1589952, 20241226144500)
 (3307., 3309., 3304., 3305.,  52267., 1578827, 20241226150000)]
2024-12-27 15:30:00  INFO  [(3307., 3309., 3297., 3309.,  93236., 1584583, 20241226211500)
 (3309., 3310., 3306., 3307.,  36380., 1585764, 20241226213000)
 (3307., 3308., 3304., 3306.,  30628., 1588012, 20241226214500)
 (3306., 3306., 3301., 3302.,  29524., 1590316, 20241226220000)
 (3301., 3306., 3299., 3303.,  43736., 1594963, 20241226221500)
 (3303., 3306., 3303., 3305.,  15745., 1595250, 20241226223000)
 (3305., 3309., 3303., 3305.,  28563., 1594129, 20241226224500)
 (3305., 3308., 3304., 3305.,  22334., 1588509, 20241226230000)
 (3305., 3306., 3285., 3289., 163597., 1603521, 20241227091500)
 (3288., 3291., 3283., 3291.,  92628., 1611554, 20241227093000)
 (3290., 3295., 3288., 3288.,  48430., 1609238, 20241227094500)
 (3288., 3294., 3285., 3285.,  52628., 1612434, 20241227100000)
 (3285., 3285., 3277., 3281., 104480., 1625009, 20241227101500)
 (3281., 3286., 3279., 3286.,  42232., 1630101, 20241227104500)
 (3286., 3289., 3279., 3279.,  53631., 1637002, 20241227110000)
 (3279., 3287., 3274., 3287.,  97766., 1653914, 20241227111500)
 (3286., 3287., 3275., 3275.,  60078., 1656544, 20241227113000)
 (3275., 3276., 3266., 3273., 121527., 1679896, 20241227134500)
 (3273., 3273., 3267., 3269.,  44981., 1689353, 20241227140000)
 (3270., 3275., 3267., 3269.,  53553., 1696974, 20241227141500)
 (3269., 3270., 3261., 3265.,  80395., 1695179, 20241227143000)
 (3265., 3274., 3265., 3270.,  65109., 1692950, 20241227144500)
 (3270., 3271., 3263., 3268.,  86685., 1679845, 20241227150000)]
2024-12-30 15:30:00  INFO  [(3265., 3273., 3262., 3272., 102262., 1676021, 20241227211500)
 (3272., 3273., 3267., 3270.,  38637., 1677189, 20241227213000)
 (3270., 3276., 3268., 3275.,  46858., 1685981, 20241227214500)
 (3275., 3285., 3273., 3284.,  90687., 1690474, 20241227220000)
 (3284., 3288., 3282., 3284., 102992., 1683208, 20241227221500)
 (3284., 3284., 3280., 3281.,  31398., 1679371, 20241227223000)
 (3280., 3282., 3276., 3276.,  41345., 1675796, 20241227224500)
 (3277., 3283., 3276., 3282.,  40256., 1665954, 20241227230000)
 (3284., 3304., 3282., 3302., 221497., 1643169, 20241230091500)
 (3302., 3304., 3296., 3299., 117063., 1631094, 20241230093000)
 (3298., 3303., 3297., 3301.,  60404., 1623664, 20241230094500)
 (3300., 3306., 3300., 3303.,  76845., 1619157, 20241230100000)
 (3303., 3305., 3300., 3300.,  33050., 1617599, 20241230101500)
 (3300., 3306., 3300., 3304.,  42081., 1615512, 20241230104500)
 (3304., 3314., 3304., 3309., 105916., 1604471, 20241230110000)
 (3308., 3310., 3306., 3306.,  31386., 1604527, 20241230111500)
 (3307., 3310., 3302., 3303.,  51659., 1600668, 20241230113000)
 (3303., 3314., 3303., 3312.,  74190., 1609616, 20241230134500)
 (3312., 3315., 3310., 3314.,  58206., 1618597, 20241230140000)
 (3314., 3318., 3312., 3317.,  67062., 1623512, 20241230141500)
 (3316., 3319., 3313., 3318.,  63328., 1622968, 20241230143000)
 (3317., 3320., 3311., 3312.,  63201., 1617790, 20241230144500)
 (3311., 3318., 3310., 3317.,  71703., 1607825, 20241230150000)]
2024-12-31 15:30:00  INFO  [(3326., 3327., 3315., 3317., 114814., 1609645, 20241230211500)
 (3316., 3318., 3315., 3317.,  29927., 1613585, 20241230213000)
 (3316., 3318., 3312., 3315.,  31507., 1613560, 20241230214500)
 (3314., 3318., 3314., 3318.,  21167., 1613513, 20241230220000)
 (3318., 3325., 3316., 3317.,  70317., 1621928, 20241230221500)
 (3317., 3323., 3317., 3322.,  30390., 1620578, 20241230223000)
 (3322., 3323., 3319., 3320.,  26245., 1619766, 20241230224500)
 (3321., 3321., 3315., 3317.,  42515., 1608971, 20241230230000)
 (3318., 3320., 3313., 3314.,  55191., 1610803, 20241231091500)
 (3315., 3316., 3312., 3316.,  32415., 1612151, 20241231093000)
 (3316., 3319., 3311., 3313.,  43944., 1611827, 20241231094500)
 (3312., 3315., 3311., 3312.,  27354., 1609793, 20241231100000)
 (3311., 3314., 3304., 3305.,  74877., 1602882, 20241231101500)
 (3305., 3310., 3304., 3309.,  44783., 1605066, 20241231104500)
 (3308., 3311., 3305., 3307.,  37728., 1600519, 20241231110000)
 (3307., 3309., 3302., 3305.,  51293., 1598030, 20241231111500)
 (3304., 3311., 3303., 3306.,  45011., 1596429, 20241231113000)
 (3305., 3308., 3302., 3306.,  43973., 1597978, 20241231134500)
 (3306., 3310., 3305., 3307.,  32702., 1599587, 20241231140000)
 (3308., 3310., 3302., 3304.,  49005., 1595472, 20241231141500)
 (3303., 3315., 3303., 3309.,  72997., 1589596, 20241231143000)
 (3308., 3317., 3308., 3315.,  56964., 1583843, 20241231144500)
 (3316., 3318., 3306., 3309.,  80251., 1561545, 20241231150000)]
2025-01-02 15:30:00  INFO  [(3307., 3309., 3302., 3305.,  51293., 1598030, 20241231111500)
 (3304., 3311., 3303., 3306.,  45011., 1596429, 20241231113000)
 (3305., 3308., 3302., 3306.,  43973., 1597978, 20241231134500)
 (3306., 3310., 3305., 3307.,  32702., 1599587, 20241231140000)
 (3308., 3310., 3302., 3304.,  49005., 1595472, 20241231141500)
 (3303., 3315., 3303., 3309.,  72997., 1589596, 20241231143000)
 (3308., 3317., 3308., 3315.,  56964., 1583843, 20241231144500)
 (3316., 3318., 3306., 3309.,  80251., 1561545, 20241231150000)
 (3305., 3307., 3284., 3303., 252479., 1560012, 20250102091500)
 (3304., 3316., 3303., 3313., 110215., 1567963, 20250102093000)
 (3314., 3322., 3312., 3317.,  92863., 1570963, 20250102094500)
 (3316., 3318., 3313., 3315.,  36933., 1568962, 20250102100000)
 (3315., 3335., 3314., 3325., 155809., 1564381, 20250102101500)
 (3324., 3328., 3321., 3325.,  55108., 1567031, 20250102104500)
 (3324., 3331., 3324., 3330.,  63575., 1582045, 20250102110000)
 (3331., 3333., 3325., 3327.,  50755., 1587864, 20250102111500)
 (3328., 3329., 3323., 3324.,  43784., 1581980, 20250102113000)
 (3318., 3321., 3307., 3308., 153616., 1561236, 20250102134500)
 (3307., 3313., 3306., 3312.,  93578., 1550787, 20250102140000)
 (3312., 3313., 3303., 3304.,  66833., 1553703, 20250102141500)
 (3303., 3308., 3300., 3305.,  79756., 1556628, 20250102143000)
 (3306., 3307., 3300., 3304.,  52521., 1559731, 20250102144500)
 (3304., 3309., 3301., 3306.,  66103., 1551112, 20250102150000)]
2025-01-03 15:30:00  INFO  [(3305., 3309., 3302., 3303.,  70925., 1551763, 20250102211500)
 (3303., 3303., 3291., 3294., 124126., 1557923, 20250102213000)
 (3294., 3295., 3290., 3293.,  60488., 1566568, 20250102214500)
 (3293., 3294., 3289., 3290.,  41725., 1572133, 20250102220000)
 (3289., 3292., 3286., 3291.,  49782., 1574739, 20250102221500)
 (3291., 3292., 3286., 3286.,  32446., 1576109, 20250102223000)
 (3286., 3293., 3286., 3291.,  32890., 1577065, 20250102224500)
 (3291., 3294., 3290., 3290.,  36056., 1566132, 20250102230000)
 (3292., 3297., 3281., 3282., 105224., 1575561, 20250103091500)
 (3281., 3283., 3275., 3277., 126013., 1592831, 20250103093000)
 (3277., 3286., 3275., 3285.,  77699., 1601906, 20250103094500)
 (3285., 3286., 3277., 3281.,  46304., 1604144, 20250103100000)
 (3280., 3284., 3279., 3284.,  31142., 1608422, 20250103101500)
 (3286., 3291., 3279., 3281.,  86749., 1607154, 20250103104500)
 (3280., 3280., 3266., 3267., 119353., 1631888, 20250103110000)
 (3266., 3274., 3265., 3271.,  81321., 1648597, 20250103111500)
 (3270., 3272., 3265., 3269.,  44164., 1652481, 20250103113000)
 (3268., 3272., 3260., 3265.,  91762., 1671338, 20250103134500)
 (3266., 3269., 3263., 3266.,  39873., 1678024, 20250103140000)
 (3267., 3267., 3263., 3266.,  40611., 1685075, 20250103141500)
 (3266., 3281., 3264., 3275., 100948., 1677787, 20250103143000)
 (3276., 3276., 3267., 3271.,  55820., 1679459, 20250103144500)
 (3271., 3273., 3265., 3272.,  64582., 1675464, 20250103150000)]
2025-01-06 15:30:00  INFO  [(3264., 3272., 3256., 3271., 152596., 1688885, 20250103211500)
 (3270., 3273., 3264., 3267.,  44661., 1695427, 20250103213000)
 (3266., 3267., 3252., 3256., 139573., 1714508, 20250103214500)
 (3256., 3273., 3255., 3269.,  94849., 1707886, 20250103220000)
 (3270., 3278., 3270., 3270.,  72218., 1700728, 20250103221500)
 (3271., 3277., 3271., 3275.,  39598., 1698236, 20250103223000)
 (3276., 3286., 3274., 3284.,  80121., 1690136, 20250103224500)
 (3284., 3287., 3278., 3279.,  86504., 1675778, 20250103230000)
 (3275., 3282., 3269., 3281., 112639., 1672752, 20250106091500)
 (3281., 3285., 3274., 3277.,  55053., 1676855, 20250106093000)
 (3276., 3278., 3267., 3268.,  68725., 1683354, 20250106094500)
 (3267., 3271., 3264., 3265.,  46570., 1692886, 20250106100000)
 (3264., 3277., 3262., 3275.,  84796., 1698199, 20250106101500)
 (3274., 3275., 3265., 3265.,  40144., 1697632, 20250106104500)
 (3265., 3268., 3264., 3268.,  22988., 1699828, 20250106110000)
 (3267., 3270., 3264., 3264.,  27030., 1704208, 20250106111500)
 (3265., 3269., 3258., 3260.,  91407., 1719706, 20250106113000)
 (3257., 3261., 3253., 3253.,  84792., 1730912, 20250106134500)
 (3253., 3261., 3253., 3261.,  48199., 1732874, 20250106140000)
 (3260., 3264., 3256., 3257.,  47481., 1736187, 20250106141500)
 (3257., 3261., 3254., 3256.,  38487., 1742880, 20250106143000)
 (3256., 3259., 3251., 3258.,  63988., 1750996, 20250106144500)
 (3258., 3258., 3251., 3252.,  72256., 1746201, 20250106150000)]
2025-01-07 15:30:00  INFO  [(3269., 3278., 3262., 3266., 147737., 1726124, 20250106211500)
 (3266., 3267., 3261., 3265.,  32503., 1727933, 20250106213000)
 (3264., 3268., 3264., 3266.,  26901., 1725996, 20250106214500)
 (3265., 3266., 3264., 3266.,   9197., 1724382, 20250106220000)
 (3266., 3266., 3263., 3266.,  12110., 1723796, 20250106221500)
 (3265., 3266., 3254., 3257.,  80342., 1727508, 20250106223000)
 (3257., 3257., 3254., 3256.,  22369., 1731586, 20250106224500)
 (3256., 3262., 3255., 3260.,  33553., 1721803, 20250106230000)
 (3258., 3259., 3241., 3246., 150810., 1747373, 20250107091500)
 (3246., 3250., 3245., 3247.,  34268., 1750783, 20250107093000)
 (3246., 3254., 3245., 3251.,  48815., 1753535, 20250107094500)
 (3251., 3252., 3244., 3244.,  29635., 1756182, 20250107100000)
 (3245., 3249., 3238., 3242.,  60620., 1769696, 20250107101500)
 (3243., 3244., 3232., 3236.,  86168., 1784114, 20250107104500)
 (3236., 3239., 3233., 3236.,  51292., 1790402, 20250107110000)
 (3235., 3239., 3233., 3238.,  34456., 1793191, 20250107111500)
 (3238., 3241., 3234., 3239.,  42656., 1792787, 20250107113000)
 (3239., 3253., 3239., 3250., 103956., 1776971, 20250107134500)
 (3250., 3256., 3242., 3244.,  84505., 1767876, 20250107140000)
 (3244., 3244., 3237., 3238.,  47119., 1778055, 20250107141500)
 (3238., 3246., 3235., 3242.,  66437., 1790343, 20250107143000)
 (3242., 3246., 3241., 3246.,  50336., 1782443, 20250107144500)
 (3245., 3246., 3237., 3239.,  56256., 1772105, 20250107150000)]
2025-01-08 15:30:00  INFO  [(3239., 3246., 3238., 3243.,  64651., 1776217, 20250107211500)
 (3244., 3246., 3242., 3245.,  30469., 1778236, 20250107213000)
 (3246., 3246., 3242., 3245.,  18470., 1779845, 20250107214500)
 (3245., 3249., 3242., 3247.,  30190., 1777278, 20250107220000)
 (3247., 3250., 3243., 3244.,  31961., 1773716, 20250107221500)
 (3244., 3246., 3242., 3245.,  17138., 1773618, 20250107223000)
 (3245., 3248., 3244., 3244.,  16741., 1772010, 20250107224500)
 (3245., 3247., 3244., 3244.,  21707., 1766966, 20250107230000)
 (3244., 3246., 3236., 3239.,  68067., 1772952, 20250108091500)
 (3238., 3242., 3236., 3237.,  32702., 1773023, 20250108093000)
 (3237., 3242., 3234., 3241.,  40641., 1775439, 20250108094500)
 (3240., 3241., 3226., 3230.,  97879., 1777254, 20250108100000)
 (3229., 3231., 3226., 3230.,  46160., 1785785, 20250108101500)
 (3230., 3231., 3223., 3225.,  55190., 1784467, 20250108104500)
 (3225., 3228., 3223., 3224.,  31551., 1792018, 20250108110000)
 (3224., 3224., 3215., 3218.,  88353., 1809392, 20250108111500)
 (3217., 3223., 3211., 3212.,  77170., 1820287, 20250108113000)
 (3212., 3221., 3212., 3219.,  58620., 1822840, 20250108134500)
 (3219., 3229., 3215., 3224.,  84573., 1817194, 20250108140000)
 (3224., 3230., 3222., 3226.,  72355., 1812526, 20250108141500)
 (3227., 3228., 3215., 3215.,  55233., 1817316, 20250108143000)
 (3215., 3218., 3205., 3207., 143271., 1852973, 20250108144500)
 (3208., 3212., 3204., 3211.,  90048., 1842567, 20250108150000)]
2025-01-09 15:30:00  INFO  [(3207., 3213., 3204., 3205., 104444., 1843963, 20250108211500)
 (3206., 3209., 3204., 3209.,  36479., 1841794, 20250108213000)
 (3208., 3209., 3196., 3202.,  95986., 1839940, 20250108214500)
 (3203., 3206., 3199., 3204.,  47258., 1843284, 20250108220000)
 (3203., 3211., 3203., 3208.,  59034., 1846191, 20250108221500)
 (3208., 3212., 3208., 3209.,  36726., 1847163, 20250108223000)
 (3209., 3210., 3205., 3206.,  23332., 1846766, 20250108224500)
 (3206., 3208., 3204., 3206.,  23573., 1841517, 20250108230000)
 (3206., 3208., 3202., 3206.,  46490., 1848159, 20250109091500)
 (3206., 3208., 3202., 3202.,  24948., 1846332, 20250109093000)
 (3202., 3203., 3189., 3192., 107131., 1848352, 20250109094500)
 (3191., 3195., 3184., 3186., 105107., 1856880, 20250109100000)
 (3186., 3192., 3184., 3187.,  53152., 1866196, 20250109101500)
 (3187., 3200., 3186., 3197.,  83427., 1862806, 20250109104500)
 (3197., 3201., 3191., 3195.,  54466., 1862918, 20250109110000)
 (3195., 3206., 3194., 3202.,  88614., 1856791, 20250109111500)
 (3203., 3203., 3196., 3197.,  52763., 1858270, 20250109113000)
 (3199., 3200., 3196., 3199.,  38962., 1859253, 20250109134500)
 (3199., 3200., 3194., 3196.,  36440., 1860011, 20250109140000)
 (3196., 3208., 3191., 3207.,  81268., 1852780, 20250109141500)
 (3207., 3210., 3205., 3205.,  82208., 1853331, 20250109143000)
 (3206., 3218., 3205., 3213., 125501., 1850503, 20250109144500)
 (3213., 3214., 3203., 3205.,  96224., 1842442, 20250109150000)]
2025-01-10 15:30:00  INFO  [(3206., 3208., 3198., 3205., 105557., 1852040, 20250109211500)
 (3204., 3205., 3196., 3198.,  58594., 1858358, 20250109213000)
 (3198., 3198., 3192., 3195.,  52229., 1867699, 20250109214500)
 (3195., 3196., 3190., 3191.,  42385., 1877299, 20250109220000)
 (3190., 3194., 3189., 3193.,  43087., 1885588, 20250109221500)
 (3192., 3193., 3190., 3192.,  16991., 1889752, 20250109223000)
 (3192., 3198., 3191., 3198.,  36528., 1889007, 20250109224500)
 (3198., 3200., 3194., 3196.,  41029., 1882308, 20250109230000)
 (3197., 3210., 3197., 3206.,  90910., 1875389, 20250110091500)
 (3206., 3215., 3205., 3213.,  78124., 1871487, 20250110093000)
 (3213., 3216., 3207., 3209.,  61737., 1870328, 20250110094500)
 (3209., 3215., 3207., 3210.,  43535., 1866150, 20250110100000)
 (3210., 3211., 3203., 3207.,  56817., 1860501, 20250110101500)
 (3207., 3211., 3206., 3208.,  34090., 1857171, 20250110104500)
 (3209., 3212., 3205., 3207.,  24799., 1857834, 20250110110000)
 (3207., 3208., 3203., 3206.,  25964., 1854830, 20250110111500)
 (3205., 3211., 3204., 3205.,  34646., 1853856, 20250110113000)
 (3204., 3210., 3200., 3209.,  68179., 1853593, 20250110134500)
 (3209., 3210., 3207., 3207.,  35884., 1851669, 20250110140000)
 (3207., 3212., 3207., 3212.,  35260., 1855687, 20250110141500)
 (3211., 3212., 3204., 3207.,  32927., 1855787, 20250110143000)
 (3207., 3209., 3203., 3205.,  34185., 1849832, 20250110144500)
 (3205., 3210., 3202., 3202.,  54035., 1839478, 20250110150000)]
2025-01-13 15:30:00  INFO  [(3213., 3228., 3209., 3212., 181234., 1849634, 20250110211500)
 (3212., 3216., 3212., 3212.,  37645., 1852254, 20250110213000)
 (3213., 3214., 3208., 3211.,  40323., 1848192, 20250110214500)
 (3212., 3219., 3211., 3217.,  51021., 1849084, 20250110220000)
 (3218., 3230., 3217., 3229., 135304., 1846296, 20250110221500)
 (3229., 3239., 3227., 3238., 172407., 1828032, 20250110223000)
 (3238., 3244., 3231., 3233., 116199., 1824782, 20250110224500)
 (3233., 3240., 3231., 3239.,  64305., 1809583, 20250110230000)
 (3240., 3243., 3229., 3236., 126594., 1811459, 20250113091500)
 (3236., 3239., 3233., 3237.,  45582., 1808635, 20250113093000)
 (3237., 3250., 3236., 3249., 115309., 1803990, 20250113094500)
 (3248., 3254., 3248., 3252., 105561., 1794372, 20250113100000)
 (3252., 3255., 3244., 3246.,  77721., 1784760, 20250113101500)
 (3246., 3251., 3244., 3250.,  40929., 1785728, 20250113104500)
 (3250., 3253., 3249., 3249.,  26809., 1784641, 20250113110000)
 (3250., 3252., 3247., 3248.,  26139., 1784472, 20250113111500)
 (3248., 3249., 3241., 3243.,  52803., 1777151, 20250113113000)
 (3244., 3247., 3241., 3243.,  41481., 1773044, 20250113134500)
 (3243., 3248., 3241., 3246.,  27730., 1774051, 20250113140000)
 (3247., 3248., 3243., 3246.,  16095., 1773374, 20250113141500)
 (3246., 3246., 3237., 3241.,  50012., 1773136, 20250113143000)
 (3242., 3245., 3240., 3245.,  27651., 1772295, 20250113144500)
 (3245., 3250., 3244., 3249.,  69084., 1762313, 20250113150000)]
2025-01-14 15:30:00  INFO  [(3249., 3249., 3240., 3244.,  70766., 1761728, 20250113211500)
 (3243., 3246., 3240., 3242.,  33041., 1760980, 20250113213000)
 (3241., 3245., 3240., 3243.,  23429., 1763487, 20250113214500)
 (3243., 3246., 3242., 3244.,  19805., 1766179, 20250113220000)
 (3244., 3246., 3242., 3246.,  13251., 1767992, 20250113221500)
 (3245., 3246., 3244., 3244.,  10008., 1768233, 20250113223000)
 (3245., 3249., 3244., 3247.,  21452., 1768160, 20250113224500)
 (3247., 3248., 3243., 3244.,  18887., 1761320, 20250113230000)
 (3245., 3259., 3244., 3257., 108041., 1758809, 20250114091500)
 (3257., 3259., 3254., 3257.,  35275., 1756562, 20250114093000)
 (3257., 3259., 3253., 3258.,  42819., 1757483, 20250114094500)
 (3259., 3268., 3258., 3266., 110551., 1762655, 20250114100000)
 (3266., 3268., 3263., 3264.,  43227., 1762041, 20250114101500)
 (3265., 3267., 3263., 3265.,  43928., 1762373, 20250114104500)
 (3266., 3269., 3265., 3269.,  43210., 1763375, 20250114110000)
 (3269., 3277., 3266., 3274., 102438., 1767587, 20250114111500)
 (3273., 3274., 3267., 3269.,  64585., 1763612, 20250114113000)
 (3270., 3279., 3269., 3278.,  70667., 1772606, 20250114134500)
 (3278., 3290., 3278., 3288., 168992., 1773564, 20250114140000)
 (3288., 3293., 3286., 3287.,  91797., 1768996, 20250114141500)
 (3288., 3292., 3283., 3283.,  56490., 1766862, 20250114143000)
 (3283., 3286., 3281., 3284.,  57995., 1756714, 20250114144500)
 (3284., 3286., 3282., 3283.,  60526., 1742948, 20250114150000)]
2025-01-15 15:30:00  INFO  [(3285., 3286., 3276., 3276., 102160., 1740978, 20250114211500)
 (3276., 3279., 3276., 3278.,  33183., 1739891, 20250114213000)
 (3279., 3281., 3277., 3279.,  31336., 1738925, 20250114214500)
 (3279., 3284., 3278., 3281.,  25282., 1740997, 20250114220000)
 (3281., 3282., 3278., 3280.,  16494., 1740167, 20250114221500)
 (3279., 3281., 3279., 3280.,  12483., 1739793, 20250114223000)
 (3280., 3282., 3279., 3281.,  12318., 1738633, 20250114224500)
 (3281., 3283., 3279., 3280.,  22794., 1735495, 20250114230000)
 (3280., 3282., 3270., 3272.,  86805., 1732863, 20250115091500)
 (3272., 3286., 3271., 3283.,  64251., 1730910, 20250115093000)
 (3283., 3287., 3281., 3285.,  61788., 1732805, 20250115094500)
 (3284., 3288., 3283., 3285.,  46479., 1735941, 20250115100000)
 (3285., 3290., 3283., 3289.,  41750., 1738833, 20250115101500)
 (3289., 3296., 3289., 3294.,  91276., 1747415, 20250115104500)
 (3294., 3300., 3291., 3298.,  90688., 1751424, 20250115110000)
 (3298., 3302., 3296., 3298.,  78057., 1754027, 20250115111500)
 (3299., 3303., 3292., 3293.,  83904., 1749135, 20250115113000)
 (3292., 3293., 3285., 3293.,  92169., 1740690, 20250115134500)
 (3292., 3295., 3290., 3292.,  32735., 1737095, 20250115140000)
 (3292., 3296., 3292., 3292.,  25216., 1736016, 20250115141500)
 (3292., 3295., 3287., 3287.,  40513., 1728793, 20250115143000)
 (3288., 3292., 3286., 3292.,  35039., 1726657, 20250115144500)
 (3291., 3292., 3289., 3290.,  41775., 1717577, 20250115150000)]
2025-01-16 15:30:00  INFO  [(3290., 3295., 3284., 3293.,  77113., 1724174, 20250115211500)
 (3294., 3299., 3293., 3296.,  57069., 1726774, 20250115213000)
 (3297., 3303., 3297., 3302.,  63348., 1733941, 20250115214500)
 (3302., 3308., 3301., 3307.,  74868., 1734835, 20250115220000)
 (3307., 3313., 3304., 3308.,  75889., 1736855, 20250115221500)
 (3307., 3310., 3307., 3309.,  22952., 1735867, 20250115223000)
 (3309., 3309., 3301., 3304.,  46026., 1731601, 20250115224500)
 (3304., 3307., 3303., 3305.,  27290., 1726680, 20250115230000)
 (3307., 3310., 3300., 3302.,  63581., 1727144, 20250116091500)
 (3301., 3310., 3301., 3307.,  36934., 1727992, 20250116093000)
 (3308., 3310., 3305., 3308.,  37615., 1724290, 20250116094500)
 (3308., 3310., 3301., 3302.,  39735., 1725885, 20250116100000)
 (3301., 3302., 3295., 3298.,  70775., 1721275, 20250116101500)
 (3296., 3302., 3295., 3298.,  44240., 1720181, 20250116104500)
 (3299., 3300., 3295., 3299.,  27345., 1717505, 20250116110000)
 (3299., 3304., 3298., 3301.,  28150., 1712885, 20250116111500)
 (3300., 3308., 3298., 3301.,  58813., 1711768, 20250116113000)
 (3298., 3306., 3296., 3305.,  62212., 1712140, 20250116134500)
 (3304., 3310., 3304., 3307.,  63741., 1719454, 20250116140000)
 (3308., 3320., 3307., 3319., 132708., 1732123, 20250116141500)
 (3318., 3319., 3313., 3316.,  54210., 1730685, 20250116143000)
 (3317., 3329., 3316., 3327., 159160., 1765876, 20250116144500)
 (3326., 3332., 3322., 3327., 139000., 1755226, 20250116150000)]
2025-01-17 15:30:00  INFO  [(3330., 3333., 3323., 3327., 101872., 1754403, 20250116211500)
 (3327., 3330., 3323., 3324.,  47101., 1757738, 20250116213000)
 (3324., 3327., 3323., 3327.,  20771., 1756805, 20250116214500)
 (3327., 3328., 3324., 3326.,  18142., 1757003, 20250116220000)
 (3326., 3328., 3323., 3324.,  25423., 1753399, 20250116221500)
 (3324., 3327., 3323., 3327.,  16019., 1750202, 20250116223000)
 (3326., 3329., 3325., 3329.,  25263., 1745289, 20250116224500)
 (3328., 3329., 3324., 3325.,  29230., 1741249, 20250116230000)
 (3324., 3325., 3316., 3324.,  79502., 1737387, 20250117091500)
 (3325., 3336., 3324., 3332.,  82631., 1733553, 20250117093000)
 (3332., 3339., 3330., 3333.,  88243., 1732764, 20250117094500)
 (3332., 3335., 3331., 3333.,  30001., 1736726, 20250117100000)
 (3333., 3338., 3330., 3335.,  55018., 1738562, 20250117101500)
 (3335., 3337., 3331., 3336.,  26600., 1736953, 20250117104500)
 (3335., 3342., 3333., 3340.,  53430., 1741051, 20250117110000)
 (3340., 3356., 3340., 3350., 223849., 1791958, 20250117111500)
 (3349., 3360., 3349., 3358., 111704., 1801070, 20250117113000)
 (3360., 3368., 3356., 3360., 167582., 1803739, 20250117134500)
 (3360., 3363., 3357., 3359.,  65323., 1808475, 20250117140000)
 (3359., 3366., 3358., 3365.,  60833., 1808526, 20250117141500)
 (3365., 3369., 3364., 3367.,  59329., 1812078, 20250117143000)
 (3367., 3372., 3366., 3371.,  73710., 1812857, 20250117144500)
 (3371., 3378., 3371., 3372., 127170., 1809583, 20250117150000)]
2025-01-20 15:30:00  INFO  [(3371., 3375., 3366., 3367., 124574., 1825379, 20250117211500)
 (3367., 3368., 3363., 3364.,  64356., 1827752, 20250117213000)
 (3365., 3369., 3364., 3368.,  48666., 1827958, 20250117214500)
 (3367., 3368., 3363., 3364.,  25863., 1824805, 20250117220000)
 (3364., 3371., 3363., 3368.,  42631., 1820092, 20250117221500)
 (3368., 3372., 3364., 3366.,  49066., 1820041, 20250117223000)
 (3365., 3373., 3364., 3373.,  41319., 1820081, 20250117224500)
 (3373., 3391., 3372., 3390., 161010., 1817549, 20250117230000)
 (3390., 3391., 3364., 3366., 216960., 1813236, 20250120091500)
 (3367., 3373., 3365., 3370.,  66432., 1817450, 20250120093000)
 (3369., 3373., 3357., 3361., 140127., 1800575, 20250120094500)
 (3361., 3363., 3357., 3361.,  55751., 1799719, 20250120100000)
 (3361., 3362., 3347., 3349., 127879., 1788089, 20250120101500)
 (3348., 3354., 3347., 3350.,  69505., 1787430, 20250120104500)
 (3349., 3353., 3347., 3350.,  33889., 1788807, 20250120110000)
 (3350., 3350., 3340., 3343.,  75709., 1786563, 20250120111500)
 (3344., 3353., 3342., 3353.,  67877., 1781321, 20250120113000)
 (3353., 3356., 3350., 3355.,  59378., 1778002, 20250120134500)
 (3355., 3359., 3354., 3359.,  45293., 1779112, 20250120140000)
 (3359., 3359., 3349., 3352.,  46697., 1777567, 20250120141500)
 (3353., 3357., 3350., 3351.,  31194., 1772212, 20250120143000)
 (3350., 3356., 3348., 3353.,  44789., 1769499, 20250120144500)
 (3354., 3357., 3350., 3354.,  48226., 1761893, 20250120150000)]
2025-01-21 15:30:00  INFO  [(3356., 3367., 3353., 3364., 105967., 1767003, 20250120211500)
 (3363., 3375., 3363., 3374.,  80752., 1766525, 20250120213000)
 (3374., 3385., 3373., 3374., 151721., 1777374, 20250120214500)
 (3374., 3377., 3373., 3374.,  38792., 1779812, 20250120220000)
 (3374., 3375., 3359., 3364., 108535., 1768409, 20250120221500)
 (3364., 3368., 3363., 3364.,  27807., 1768908, 20250120223000)
 (3364., 3368., 3364., 3367.,  20859., 1766140, 20250120224500)
 (3368., 3370., 3362., 3364.,  44618., 1755066, 20250120230000)
 (3365., 3378., 3358., 3374., 108055., 1757933, 20250121091500)
 (3374., 3375., 3363., 3363.,  51851., 1758279, 20250121093000)
 (3364., 3368., 3364., 3366.,  31966., 1757451, 20250121094500)
 (3365., 3368., 3363., 3367.,  33710., 1759833, 20250121100000)
 (3366., 3372., 3363., 3364.,  51936., 1758846, 20250121101500)
 (3364., 3365., 3344., 3349., 150312., 1761613, 20250121104500)
 (3349., 3358., 3347., 3356.,  57153., 1761004, 20250121110000)
 (3357., 3363., 3355., 3361.,  44279., 1762218, 20250121111500)
 (3360., 3365., 3359., 3361.,  44587., 1760872, 20250121113000)
 (3358., 3365., 3355., 3363.,  45871., 1762281, 20250121134500)
 (3364., 3365., 3357., 3362.,  38684., 1764059, 20250121140000)
 (3361., 3365., 3360., 3364.,  35362., 1763940, 20250121141500)
 (3364., 3364., 3355., 3356.,  42195., 1761412, 20250121143000)
 (3356., 3360., 3353., 3355.,  35526., 1757605, 20250121144500)
 (3355., 3356., 3350., 3354.,  60758., 1749180, 20250121150000)]
2025-01-22 15:30:00  INFO  [(3350., 3354., 3334., 3334., 165815., 1756638, 20250121211500)
 (3334., 3344., 3326., 3327., 138502., 1743285, 20250121213000)
 (3328., 3332., 3325., 3330.,  81498., 1733123, 20250121214500)
 (3330., 3334., 3329., 3330.,  33208., 1731902, 20250121220000)
 (3331., 3333., 3326., 3328.,  35852., 1733330, 20250121221500)
 (3328., 3332., 3327., 3328.,  20889., 1731426, 20250121223000)
 (3327., 3329., 3321., 3321.,  67474., 1729963, 20250121224500)
 (3321., 3326., 3320., 3323.,  56505., 1720151, 20250121230000)
 (3323., 3332., 3323., 3325.,  64666., 1712754, 20250122091500)
 (3325., 3327., 3324., 3324.,  31976., 1713610, 20250122093000)
 (3324., 3329., 3323., 3325.,  36367., 1716886, 20250122094500)
 (3325., 3329., 3323., 3328.,  30075., 1721643, 20250122100000)
 (3329., 3331., 3325., 3330.,  31715., 1721500, 20250122101500)
 (3330., 3330., 3326., 3328.,  26172., 1718352, 20250122104500)
 (3328., 3336., 3327., 3330.,  44099., 1716213, 20250122110000)
 (3330., 3338., 3330., 3337.,  32887., 1714238, 20250122111500)
 (3337., 3338., 3330., 3330.,  38955., 1713172, 20250122113000)
 (3328., 3337., 3325., 3336.,  56407., 1712411, 20250122134500)
 (3337., 3339., 3333., 3339.,  29181., 1709468, 20250122140000)
 (3339., 3339., 3330., 3331.,  33270., 1706524, 20250122141500)
 (3331., 3339., 3331., 3336.,  22716., 1706602, 20250122143000)
 (3336., 3350., 3336., 3348.,  90206., 1704001, 20250122144500)
 (3348., 3349., 3337., 3337.,  58669., 1693073, 20250122150000)]
2025-01-23 15:30:00  INFO  [(3346., 3369., 3340., 3362., 216798., 1704771, 20250122211500)
 (3363., 3369., 3360., 3361.,  83916., 1709445, 20250122213000)
 (3361., 3362., 3355., 3357.,  43645., 1706667, 20250122214500)
 (3357., 3366., 3357., 3366.,  38789., 1709165, 20250122220000)
 (3365., 3370., 3364., 3366.,  74008., 1725241, 20250122221500)
 (3366., 3368., 3363., 3366.,  31808., 1724929, 20250122223000)
 (3367., 3367., 3360., 3363.,  35127., 1723515, 20250122224500)
 (3363., 3364., 3359., 3362.,  35193., 1718245, 20250122230000)
 (3361., 3366., 3358., 3361.,  45970., 1720626, 20250123091500)
 (3362., 3368., 3360., 3368.,  33470., 1719922, 20250123093000)
 (3367., 3375., 3363., 3370.,  73710., 1719207, 20250123094500)
 (3369., 3371., 3355., 3357.,  68350., 1716124, 20250123100000)
 (3358., 3358., 3337., 3354., 166382., 1711548, 20250123101500)
 (3355., 3357., 3347., 3349.,  57455., 1716878, 20250123104500)
 (3349., 3351., 3341., 3343.,  43948., 1716309, 20250123110000)
 (3343., 3347., 3341., 3346.,  33742., 1718006, 20250123111500)
 (3346., 3354., 3342., 3353.,  36495., 1714998, 20250123113000)
 (3352., 3354., 3348., 3349.,  36109., 1717991, 20250123134500)
 (3349., 3352., 3347., 3348.,  21737., 1718364, 20250123140000)
 (3349., 3355., 3345., 3348.,  35758., 1719140, 20250123141500)
 (3348., 3348., 3342., 3345.,  38773., 1717353, 20250123143000)
 (3346., 3352., 3345., 3351.,  37430., 1713675, 20250123144500)
 (3351., 3353., 3346., 3352.,  48226., 1704493, 20250123150000)]
2025-01-24 15:30:00  INFO  [(3342., 3355., 3340., 3349., 114083., 1697014, 20250123211500)
 (3349., 3349., 3342., 3345.,  50056., 1696861, 20250123213000)
 (3344., 3350., 3343., 3350.,  34528., 1695541, 20250123214500)
 (3349., 3352., 3346., 3349.,  17528., 1696175, 20250123220000)
 (3348., 3350., 3344., 3345.,  20684., 1696849, 20250123221500)
 (3344., 3347., 3335., 3338.,  49827., 1692021, 20250123223000)
 (3338., 3346., 3335., 3342.,  42018., 1689490, 20250123224500)
 (3342., 3344., 3339., 3340.,  28010., 1682656, 20250123230000)
 (3340., 3345., 3336., 3339.,  45831., 1680656, 20250124091500)
 (3339., 3342., 3335., 3337.,  25055., 1680137, 20250124093000)
 (3337., 3346., 3335., 3343.,  36249., 1677553, 20250124094500)
 (3344., 3345., 3340., 3343.,  19676., 1676330, 20250124100000)
 (3344., 3348., 3341., 3347.,  30705., 1673543, 20250124101500)
 (3348., 3350., 3344., 3345.,  35025., 1671034, 20250124104500)
 (3346., 3346., 3338., 3339.,  31150., 1665563, 20250124110000)
 (3338., 3340., 3330., 3332.,  76502., 1663750, 20250124111500)
 (3332., 3340., 3329., 3331.,  50834., 1659236, 20250124113000)
 (3339., 3345., 3336., 3344.,  61455., 1655768, 20250124134500)
 (3344., 3348., 3341., 3346.,  38422., 1657314, 20250124140000)
 (3345., 3362., 3344., 3361.,  83745., 1654503, 20250124141500)
 (3361., 3382., 3360., 3381., 238662., 1694077, 20250124143000)
 (3382., 3383., 3367., 3373., 102577., 1691135, 20250124144500)
 (3374., 3379., 3368., 3377.,  79851., 1683783, 20250124150000)]
2025-01-27 15:30:00  INFO  [(3371., 3373., 3353., 3363., 138592., 1675844, 20250124211500)
 (3364., 3366., 3361., 3362.,  24994., 1674886, 20250124213000)
 (3363., 3363., 3356., 3362.,  35253., 1675420, 20250124214500)
 (3362., 3364., 3361., 3364.,  16481., 1676345, 20250124220000)
 (3364., 3371., 3363., 3364.,  37662., 1678734, 20250124221500)
 (3364., 3370., 3364., 3369.,  15286., 1680222, 20250124223000)
 (3369., 3373., 3365., 3367.,  20306., 1680850, 20250124224500)
 (3366., 3371., 3364., 3370.,  25230., 1674017, 20250124230000)
 (3371., 3388., 3369., 3382., 119852., 1677067, 20250127091500)
 (3382., 3388., 3381., 3383.,  38277., 1679411, 20250127093000)
 (3384., 3385., 3374., 3378.,  33427., 1680052, 20250127094500)
 (3378., 3383., 3377., 3378.,  17139., 1680529, 20250127100000)
 (3378., 3383., 3375., 3376.,  24105., 1679116, 20250127101500)
 (3375., 3381., 3373., 3378.,  21524., 1675816, 20250127104500)
 (3378., 3379., 3371., 3373.,  19434., 1672685, 20250127110000)
 (3373., 3377., 3371., 3376.,  23989., 1671516, 20250127111500)
 (3377., 3378., 3371., 3373.,  23715., 1670080, 20250127113000)
 (3372., 3373., 3361., 3366.,  55151., 1664217, 20250127134500)
 (3366., 3369., 3364., 3368.,  18266., 1660790, 20250127140000)
 (3367., 3374., 3365., 3373.,  23735., 1654583, 20250127141500)
 (3373., 3380., 3370., 3380.,  22950., 1650902, 20250127143000)
 (3379., 3380., 3374., 3376.,  25557., 1646029, 20250127144500)
 (3376., 3382., 3374., 3382.,  58739., 1627909, 20250127150000)]
2025-02-05 15:30:00  INFO  [(3373., 3377., 3371., 3376.,  23989., 1671516, 20250127111500)
 (3377., 3378., 3371., 3373.,  23715., 1670080, 20250127113000)
 (3372., 3373., 3361., 3366.,  55151., 1664217, 20250127134500)
 (3366., 3369., 3364., 3368.,  18266., 1660790, 20250127140000)
 (3367., 3374., 3365., 3373.,  23735., 1654583, 20250127141500)
 (3373., 3380., 3370., 3380.,  22950., 1650902, 20250127143000)
 (3379., 3380., 3374., 3376.,  25557., 1646029, 20250127144500)
 (3376., 3382., 3374., 3382.,  58739., 1627909, 20250127150000)
 (3395., 3398., 3354., 3373., 206933., 1655185, 20250205091500)
 (3372., 3375., 3353., 3356., 110159., 1678522, 20250205093000)
 (3356., 3356., 3344., 3345., 119692., 1698728, 20250205094500)
 (3346., 3346., 3325., 3326., 134280., 1706195, 20250205100000)
 (3326., 3328., 3319., 3327., 115074., 1706242, 20250205101500)
 (3327., 3331., 3311., 3318.,  99851., 1709289, 20250205104500)
 (3317., 3322., 3315., 3318.,  39096., 1712411, 20250205110000)
 (3318., 3329., 3316., 3325.,  56921., 1707943, 20250205111500)
 (3326., 3331., 3321., 3329.,  29665., 1703265, 20250205113000)
 (3326., 3329., 3318., 3319.,  33869., 1705361, 20250205134500)
 (3319., 3319., 3313., 3314.,  40757., 1708431, 20250205140000)
 (3314., 3315., 3312., 3312.,  31543., 1713008, 20250205141500)
 (3313., 3316., 3310., 3311.,  39960., 1716580, 20250205143000)
 (3310., 3316., 3307., 3315.,  47606., 1719975, 20250205144500)
 (3316., 3322., 3312., 3320.,  63624., 1711847, 20250205150000)]
2025-02-06 15:30:00  INFO  [(3320., 3340., 3320., 3332., 174978., 1710189, 20250205211500)
 (3331., 3332., 3327., 3328.,  34405., 1714982, 20250205213000)
 (3329., 3329., 3325., 3326.,  26578., 1717446, 20250205214500)
 (3326., 3328., 3325., 3327.,  14551., 1718990, 20250205220000)
 (3326., 3328., 3325., 3326.,  13832., 1721879, 20250205221500)
 (3325., 3335., 3324., 3334.,  35865., 1722451, 20250205223000)
 (3333., 3335., 3331., 3332.,  26225., 1720740, 20250205224500)
 (3332., 3335., 3330., 3330.,  30232., 1710996, 20250205230000)
 (3331., 3332., 3317., 3322.,  70253., 1724909, 20250206091500)
 (3321., 3326., 3320., 3323.,  32959., 1727715, 20250206093000)
 (3323., 3333., 3322., 3331.,  46944., 1733668, 20250206094500)
 (3331., 3332., 3328., 3329.,  26041., 1738893, 20250206100000)
 (3328., 3335., 3324., 3335.,  43843., 1741676, 20250206101500)
 (3334., 3353., 3334., 3348., 176467., 1740807, 20250206104500)
 (3348., 3350., 3344., 3350.,  38382., 1741533, 20250206110000)
 (3349., 3352., 3346., 3351.,  45567., 1740454, 20250206111500)
 (3350., 3352., 3341., 3341.,  43270., 1738436, 20250206113000)
 (3343., 3346., 3340., 3345.,  40447., 1745314, 20250206134500)
 (3345., 3349., 3342., 3348.,  27499., 1748960, 20250206140000)
 (3349., 3362., 3347., 3359., 108382., 1764788, 20250206141500)
 (3359., 3360., 3355., 3359.,  49032., 1772136, 20250206143000)
 (3358., 3362., 3358., 3359.,  36922., 1776961, 20250206144500)
 (3358., 3361., 3356., 3357.,  55518., 1773454, 20250206150000)]
2025-02-07 15:30:00  INFO  [(3355., 3365., 3353., 3359., 97857., 1787860, 20250206211500)
 (3358., 3365., 3356., 3364., 30465., 1791348, 20250206213000)
 (3364., 3368., 3363., 3366., 57991., 1797470, 20250206214500)
 (3366., 3371., 3365., 3370., 34543., 1803287, 20250206220000)
 (3369., 3370., 3365., 3366., 23690., 1803009, 20250206221500)
 (3366., 3367., 3362., 3362., 23939., 1803307, 20250206223000)
 (3362., 3364., 3361., 3362., 18046., 1802221, 20250206224500)
 (3362., 3363., 3356., 3357., 35740., 1791233, 20250206230000)
 (3355., 3356., 3345., 3354., 99516., 1791038, 20250207091500)
 (3354., 3356., 3348., 3349., 35199., 1793877, 20250207093000)
 (3349., 3355., 3349., 3354., 23164., 1796031, 20250207094500)
 (3353., 3356., 3352., 3353., 23728., 1795438, 20250207100000)
 (3352., 3363., 3352., 3360., 52511., 1799365, 20250207101500)
 (3360., 3369., 3351., 3366., 93208., 1805345, 20250207104500)
 (3366., 3375., 3365., 3367., 92997., 1814792, 20250207110000)
 (3368., 3375., 3367., 3372., 56014., 1825212, 20250207111500)
 (3373., 3375., 3368., 3369., 57070., 1827758, 20250207113000)
 (3370., 3377., 3365., 3374., 83417., 1841251, 20250207134500)
 (3374., 3375., 3357., 3357., 92613., 1828864, 20250207140000)
 (3358., 3360., 3355., 3356., 61016., 1831395, 20250207141500)
 (3356., 3359., 3347., 3351., 84190., 1828931, 20250207143000)
 (3350., 3356., 3350., 3354., 39307., 1830442, 20250207144500)
 (3355., 3356., 3350., 3352., 37871., 1828012, 20250207150000)]
2025-02-10 15:30:00  INFO  [(3355., 3368., 3351., 3367., 124894., 1845470, 20250207211500)
 (3367., 3368., 3363., 3365.,  34288., 1848738, 20250207213000)
 (3365., 3372., 3364., 3370.,  55832., 1857177, 20250207214500)
 (3370., 3374., 3368., 3368.,  38242., 1861650, 20250207220000)
 (3368., 3372., 3366., 3370.,  39499., 1857750, 20250207221500)
 (3370., 3372., 3369., 3369.,  14261., 1859741, 20250207223000)
 (3369., 3370., 3367., 3369.,  14906., 1857592, 20250207224500)
 (3369., 3370., 3365., 3366.,  26979., 1848313, 20250207230000)
 (3363., 3370., 3351., 3354., 211358., 1855223, 20250210091500)
 (3354., 3366., 3352., 3358.,  71456., 1857916, 20250210093000)
 (3359., 3359., 3345., 3346.,  94212., 1866402, 20250210094500)
 (3346., 3348., 3338., 3343., 118170., 1862928, 20250210100000)
 (3344., 3347., 3331., 3332., 110196., 1863811, 20250210101500)
 (3332., 3333., 3322., 3325., 190195., 1875881, 20250210104500)
 (3324., 3324., 3312., 3319., 176562., 1874750, 20250210110000)
 (3319., 3323., 3315., 3315.,  84557., 1882844, 20250210111500)
 (3314., 3326., 3313., 3318.,  68460., 1882858, 20250210113000)
 (3320., 3323., 3316., 3319.,  54676., 1892542, 20250210134500)
 (3319., 3319., 3314., 3315.,  42587., 1897171, 20250210140000)
 (3316., 3321., 3312., 3320.,  56067., 1897996, 20250210141500)
 (3320., 3328., 3318., 3328.,  61513., 1892781, 20250210143000)
 (3327., 3331., 3325., 3328.,  57536., 1887877, 20250210144500)
 (3329., 3337., 3328., 3331., 105218., 1856963, 20250210150000)]
2025-02-11 15:30:00  INFO  [(3339., 3339., 3334., 3334., 127995., 1835927, 20250210211500)
 (3335., 3336., 3323., 3326.,  90788., 1834165, 20250210213000)
 (3326., 3331., 3322., 3328.,  51593., 1839356, 20250210214500)
 (3329., 3331., 3326., 3327.,  19402., 1843397, 20250210220000)
 (3327., 3328., 3326., 3327.,  11818., 1844944, 20250210221500)
 (3326., 3328., 3324., 3326.,  16861., 1842263, 20250210223000)
 (3326., 3328., 3324., 3326.,  17981., 1841009, 20250210224500)
 (3327., 3328., 3325., 3326.,  20277., 1836546, 20250210230000)
 (3324., 3324., 3312., 3316., 115650., 1843518, 20250211091500)
 (3316., 3318., 3308., 3311.,  94462., 1852419, 20250211093000)
 (3311., 3318., 3310., 3317.,  54405., 1856923, 20250211094500)
 (3316., 3324., 3312., 3322.,  73909., 1853980, 20250211100000)
 (3322., 3329., 3317., 3318.,  63961., 1849271, 20250211101500)
 (3318., 3318., 3294., 3300., 279037., 1873189, 20250211104500)
 (3299., 3301., 3283., 3284., 162348., 1893641, 20250211110000)
 (3285., 3287., 3281., 3283., 107049., 1907936, 20250211111500)
 (3283., 3291., 3280., 3290.,  90499., 1915770, 20250211113000)
 (3291., 3293., 3283., 3284.,  61785., 1928440, 20250211134500)
 (3283., 3285., 3281., 3283.,  48054., 1939911, 20250211140000)
 (3284., 3284., 3276., 3279.,  77720., 1949885, 20250211141500)
 (3280., 3284., 3277., 3279.,  46013., 1954102, 20250211143000)
 (3278., 3278., 3272., 3274.,  69832., 1960994, 20250211144500)
 (3274., 3277., 3269., 3275., 101758., 1947395, 20250211150000)]
2025-02-12 15:30:00  INFO  [(3275., 3279., 3270., 3273.,  97394., 1942979, 20250211211500)
 (3273., 3276., 3268., 3273.,  62015., 1946427, 20250211213000)
 (3273., 3275., 3266., 3270.,  52546., 1939840, 20250211214500)
 (3270., 3272., 3267., 3271.,  25307., 1940467, 20250211220000)
 (3270., 3274., 3270., 3273.,  20339., 1941298, 20250211221500)
 (3272., 3277., 3272., 3274.,  31068., 1942776, 20250211223000)
 (3275., 3277., 3271., 3274.,  25901., 1941629, 20250211224500)
 (3275., 3277., 3272., 3276.,  25263., 1933177, 20250211230000)
 (3277., 3282., 3265., 3270.,  94717., 1930642, 20250212091500)
 (3270., 3272., 3262., 3263.,  49397., 1937122, 20250212093000)
 (3264., 3272., 3261., 3271.,  55595., 1941494, 20250212094500)
 (3270., 3288., 3269., 3288., 141402., 1936647, 20250212100000)
 (3288., 3297., 3284., 3285., 168723., 1912461, 20250212101500)
 (3285., 3292., 3283., 3286.,  49242., 1916637, 20250212104500)
 (3287., 3294., 3286., 3289.,  31020., 1916297, 20250212110000)
 (3289., 3293., 3286., 3289.,  35191., 1914970, 20250212111500)
 (3289., 3289., 3280., 3281.,  45237., 1909464, 20250212113000)
 (3283., 3288., 3282., 3288.,  40762., 1906363, 20250212134500)
 (3288., 3290., 3284., 3289.,  30853., 1905749, 20250212140000)
 (3289., 3291., 3287., 3289.,  28696., 1904400, 20250212141500)
 (3289., 3292., 3286., 3286.,  34597., 1902569, 20250212143000)
 (3286., 3295., 3284., 3294.,  56451., 1899212, 20250212144500)
 (3293., 3296., 3290., 3292.,  72634., 1895628, 20250212150000)]
2025-02-13 15:30:00  INFO  [(3292., 3299., 3286., 3292.,  88712., 1899978, 20250212211500)
 (3292., 3294., 3290., 3291.,  29128., 1901074, 20250212213000)
 (3292., 3293., 3286., 3288.,  40470., 1898343, 20250212214500)
 (3287., 3289., 3286., 3286.,  16366., 1897548, 20250212220000)
 (3287., 3287., 3283., 3287.,  38240., 1895474, 20250212221500)
 (3287., 3291., 3286., 3287.,  25226., 1894546, 20250212223000)
 (3286., 3291., 3285., 3289.,  16274., 1894458, 20250212224500)
 (3288., 3293., 3285., 3286.,  29787., 1890238, 20250212230000)
 (3289., 3295., 3287., 3290.,  57327., 1892702, 20250213091500)
 (3289., 3293., 3286., 3286.,  33421., 1895191, 20250213093000)
 (3285., 3287., 3276., 3279.,  84811., 1898080, 20250213094500)
 (3279., 3282., 3272., 3276.,  71781., 1901506, 20250213100000)
 (3277., 3284., 3271., 3272.,  61106., 1910558, 20250213101500)
 (3271., 3276., 3266., 3274.,  63857., 1910203, 20250213104500)
 (3273., 3285., 3270., 3282.,  71417., 1907171, 20250213110000)
 (3283., 3283., 3274., 3280.,  36743., 1907040, 20250213111500)
 (3281., 3288., 3276., 3278.,  77703., 1899045, 20250213113000)
 (3278., 3284., 3276., 3279.,  50065., 1899172, 20250213134500)
 (3279., 3279., 3270., 3271.,  66423., 1901038, 20250213140000)
 (3271., 3275., 3268., 3274.,  50947., 1902822, 20250213141500)
 (3274., 3277., 3269., 3270.,  33352., 1902313, 20250213143000)
 (3270., 3271., 3255., 3258., 154671., 1904016, 20250213144500)
 (3257., 3265., 3257., 3265., 100030., 1889839, 20250213150000)]
2025-02-14 15:30:00  INFO  [(3260., 3267., 3258., 3264.,  86196., 1896488, 20250213211500)
 (3263., 3268., 3261., 3264.,  33918., 1893569, 20250213213000)
 (3263., 3265., 3256., 3259.,  46484., 1897408, 20250213214500)
 (3259., 3263., 3257., 3257.,  23100., 1897116, 20250213220000)
 (3257., 3258., 3252., 3255.,  51981., 1900843, 20250213221500)
 (3254., 3259., 3254., 3256.,  21877., 1901836, 20250213223000)
 (3257., 3259., 3255., 3257.,  14790., 1901683, 20250213224500)
 (3257., 3260., 3257., 3258.,  21885., 1895967, 20250213230000)
 (3260., 3273., 3260., 3270.,  91403., 1895473, 20250214091500)
 (3271., 3274., 3267., 3270.,  47233., 1900039, 20250214093000)
 (3270., 3281., 3269., 3281.,  76819., 1895567, 20250214094500)
 (3281., 3284., 3275., 3283.,  49945., 1893843, 20250214100000)
 (3283., 3285., 3276., 3281.,  49678., 1891189, 20250214101500)
 (3280., 3282., 3276., 3278.,  24094., 1891262, 20250214104500)
 (3279., 3284., 3277., 3279.,  33526., 1893560, 20250214110000)
 (3278., 3285., 3278., 3285.,  35259., 1887760, 20250214111500)
 (3285., 3288., 3277., 3277.,  52534., 1883180, 20250214113000)
 (3278., 3280., 3270., 3273.,  63285., 1883265, 20250214134500)
 (3273., 3276., 3270., 3273.,  32061., 1888281, 20250214140000)
 (3273., 3277., 3268., 3276.,  46024., 1887463, 20250214141500)
 (3276., 3276., 3255., 3257., 100993., 1890366, 20250214143000)
 (3257., 3265., 3256., 3263.,  67218., 1897520, 20250214144500)
 (3262., 3265., 3259., 3262.,  54602., 1885541, 20250214150000)]
2025-02-17 15:30:00  INFO  [(3259., 3263., 3249., 3250., 147754., 1907096, 20250214211500)
 (3250., 3254., 3247., 3253.,  62360., 1913309, 20250214213000)
 (3252., 3260., 3252., 3254.,  49146., 1919061, 20250214214500)
 (3254., 3260., 3253., 3257.,  26492., 1920502, 20250214220000)
 (3257., 3257., 3253., 3254.,  15700., 1920890, 20250214221500)
 (3254., 3267., 3254., 3264.,  50749., 1914952, 20250214223000)
 (3264., 3264., 3256., 3259.,  30186., 1912960, 20250214224500)
 (3259., 3262., 3257., 3258.,  30416., 1903988, 20250214230000)
 (3257., 3275., 3253., 3274., 130013., 1905330, 20250217091500)
 (3273., 3276., 3265., 3267.,  67761., 1905811, 20250217093000)
 (3267., 3271., 3260., 3263.,  51213., 1907153, 20250217094500)
 (3264., 3270., 3263., 3269.,  39024., 1910629, 20250217100000)
 (3269., 3274., 3265., 3268.,  51197., 1911784, 20250217101500)
 (3267., 3273., 3265., 3269.,  26757., 1917381, 20250217104500)
 (3269., 3273., 3268., 3271.,  25207., 1920399, 20250217110000)
 (3271., 3279., 3268., 3269.,  57259., 1921054, 20250217111500)
 (3269., 3274., 3264., 3274.,  44571., 1915706, 20250217113000)
 (3274., 3274., 3263., 3263.,  39356., 1915917, 20250217134500)
 (3264., 3274., 3263., 3274.,  45208., 1922969, 20250217140000)
 (3274., 3284., 3274., 3280., 113717., 1926608, 20250217141500)
 (3280., 3287., 3280., 3286.,  67951., 1929032, 20250217143000)
 (3286., 3293., 3284., 3285.,  94245., 1925434, 20250217144500)
 (3285., 3301., 3284., 3290., 133942., 1902224, 20250217150000)]
2025-02-18 15:30:00  INFO  [(3289., 3291., 3283., 3288.,  92861., 1901952, 20250217211500)
 (3287., 3296., 3286., 3295.,  60245., 1902061, 20250217213000)
 (3295., 3298., 3291., 3292.,  39957., 1903707, 20250217214500)
 (3292., 3293., 3291., 3293.,  12688., 1904298, 20250217220000)
 (3293., 3294., 3291., 3292.,  12637., 1902619, 20250217221500)
 (3293., 3294., 3291., 3291.,  13474., 1901855, 20250217223000)
 (3292., 3296., 3288., 3292.,  30414., 1901317, 20250217224500)
 (3292., 3293., 3285., 3286.,  36438., 1892768, 20250217230000)
 (3285., 3286., 3280., 3282.,  76292., 1890968, 20250218091500)
 (3282., 3284., 3276., 3278.,  46499., 1891236, 20250218093000)
 (3278., 3285., 3278., 3284.,  33392., 1886925, 20250218094500)
 (3284., 3285., 3281., 3281.,  19663., 1887013, 20250218100000)
 (3281., 3286., 3280., 3284.,  21291., 1888024, 20250218101500)
 (3285., 3292., 3283., 3289.,  57829., 1889715, 20250218104500)
 (3289., 3291., 3285., 3288.,  22895., 1891536, 20250218110000)
 (3288., 3297., 3288., 3297.,  50229., 1890849, 20250218111500)
 (3296., 3305., 3292., 3303., 120858., 1891893, 20250218113000)
 (3303., 3318., 3302., 3318., 228488., 1906752, 20250218134500)
 (3318., 3320., 3313., 3314., 109802., 1903152, 20250218140000)
 (3313., 3317., 3309., 3311.,  62519., 1901064, 20250218141500)
 (3311., 3316., 3306., 3313.,  64154., 1893090, 20250218143000)
 (3314., 3316., 3311., 3314.,  43379., 1891161, 20250218144500)
 (3314., 3316., 3310., 3313.,  60285., 1880432, 20250218150000)]
2025-02-19 15:30:00  INFO  [(3318., 3320., 3311., 3312.,  81412., 1884971, 20250218211500)
 (3313., 3314., 3310., 3311.,  27473., 1883527, 20250218213000)
 (3312., 3314., 3309., 3309.,  33178., 1879026, 20250218214500)
 (3309., 3312., 3309., 3310.,  21684., 1879648, 20250218220000)
 (3309., 3313., 3308., 3311.,  21669., 1878832, 20250218221500)
 (3312., 3312., 3309., 3310.,  12381., 1878500, 20250218223000)
 (3310., 3315., 3308., 3314.,  26941., 1874579, 20250218224500)
 (3314., 3315., 3310., 3312.,  15933., 1870795, 20250218230000)
 (3314., 3314., 3309., 3311.,  28517., 1870188, 20250219091500)
 (3311., 3319., 3311., 3318.,  40705., 1870706, 20250219093000)
 (3319., 3329., 3315., 3326., 121561., 1879463, 20250219094500)
 (3325., 3328., 3323., 3327.,  51588., 1879624, 20250219100000)
 (3327., 3328., 3321., 3323.,  41753., 1878773, 20250219101500)
 (3322., 3322., 3317., 3322.,  55298., 1871689, 20250219104500)
 (3322., 3324., 3317., 3323.,  29238., 1871561, 20250219110000)
 (3323., 3327., 3321., 3326.,  31276., 1875312, 20250219111500)
 (3325., 3326., 3320., 3320.,  24821., 1873178, 20250219113000)
 (3320., 3322., 3311., 3313.,  58838., 1867805, 20250219134500)
 (3312., 3315., 3312., 3312.,  43385., 1870650, 20250219140000)
 (3313., 3317., 3312., 3315.,  28242., 1866434, 20250219141500)
 (3315., 3320., 3314., 3320.,  24716., 1864594, 20250219143000)
 (3320., 3324., 3318., 3323.,  42196., 1867239, 20250219144500)
 (3322., 3323., 3315., 3315.,  48199., 1860033, 20250219150000)]
2025-02-20 15:30:00  INFO  [(3311., 3322., 3310., 3321.,  80670., 1864254, 20250219211500)
 (3321., 3322., 3318., 3320.,  24438., 1867654, 20250219213000)
 (3320., 3325., 3318., 3324.,  33651., 1869264, 20250219214500)
 (3324., 3326., 3322., 3325.,  31006., 1872209, 20250219220000)
 (3324., 3326., 3322., 3324.,  19842., 1869318, 20250219221500)
 (3325., 3326., 3320., 3322.,  25632., 1866741, 20250219223000)
 (3322., 3325., 3321., 3323.,  17609., 1863356, 20250219224500)
 (3324., 3325., 3322., 3323.,  18223., 1856219, 20250219230000)
 (3324., 3326., 3315., 3317.,  71879., 1858170, 20250220091500)
 (3317., 3319., 3312., 3314.,  54912., 1858999, 20250220093000)
 (3314., 3321., 3314., 3316.,  46629., 1858809, 20250220094500)
 (3316., 3320., 3315., 3317.,  19278., 1858034, 20250220100000)
 (3318., 3319., 3305., 3313., 112003., 1862645, 20250220101500)
 (3313., 3316., 3310., 3312.,  38147., 1865236, 20250220104500)
 (3312., 3314., 3307., 3310.,  28561., 1864955, 20250220110000)
 (3309., 3312., 3306., 3311.,  34445., 1867289, 20250220111500)
 (3311., 3321., 3310., 3319.,  90151., 1865384, 20250220113000)
 (3321., 3336., 3321., 3336., 182713., 1868598, 20250220134500)
 (3335., 3344., 3334., 3343., 130851., 1875847, 20250220140000)
 (3343., 3348., 3341., 3346., 136615., 1889834, 20250220141500)
 (3345., 3349., 3343., 3347.,  63778., 1898312, 20250220143000)
 (3348., 3357., 3347., 3356., 125357., 1910830, 20250220144500)
 (3356., 3364., 3356., 3358., 186157., 1924251, 20250220150000)]
2025-02-21 15:30:00  INFO  [(3358., 3370., 3356., 3362., 155614., 1924443, 20250220211500)
 (3362., 3365., 3360., 3365.,  32446., 1928469, 20250220213000)
 (3364., 3373., 3363., 3370., 101122., 1932789, 20250220214500)
 (3369., 3371., 3368., 3370.,  34373., 1934982, 20250220220000)
 (3369., 3374., 3368., 3372.,  36616., 1939058, 20250220221500)
 (3372., 3377., 3370., 3375.,  58045., 1948477, 20250220223000)
 (3375., 3376., 3372., 3373.,  37077., 1950705, 20250220224500)
 (3373., 3374., 3369., 3370.,  48608., 1947777, 20250220230000)
 (3368., 3376., 3366., 3375.,  91315., 1953387, 20250221091500)
 (3375., 3376., 3369., 3370.,  35428., 1955135, 20250221093000)
 (3369., 3372., 3365., 3368.,  51555., 1957227, 20250221094500)
 (3368., 3372., 3366., 3368.,  31342., 1956811, 20250221100000)
 (3368., 3369., 3362., 3368.,  50762., 1952377, 20250221101500)
 (3367., 3371., 3366., 3367.,  33188., 1954064, 20250221104500)
 (3367., 3371., 3367., 3369.,  22065., 1953818, 20250221110000)
 (3368., 3369., 3363., 3364.,  37785., 1947785, 20250221111500)
 (3364., 3373., 3362., 3366.,  69650., 1948320, 20250221113000)
 (3366., 3367., 3362., 3364.,  53243., 1950201, 20250221134500)
 (3364., 3366., 3357., 3362.,  77782., 1947713, 20250221140000)
 (3362., 3364., 3357., 3359.,  47592., 1947867, 20250221141500)
 (3358., 3364., 3356., 3363.,  41469., 1949055, 20250221143000)
 (3363., 3364., 3357., 3360.,  34276., 1946256, 20250221144500)
 (3360., 3363., 3356., 3361.,  56380., 1937279, 20250221150000)]
2025-02-24 15:30:00  INFO  [(3340., 3355., 3337., 3347., 217027., 1943904, 20250221211500)
 (3346., 3350., 3342., 3347.,  72893., 1949555, 20250221213000)
 (3347., 3350., 3343., 3350.,  39868., 1950038, 20250221214500)
 (3350., 3352., 3347., 3348.,  27506., 1951098, 20250221220000)
 (3348., 3348., 3344., 3344.,  22401., 1952323, 20250221221500)
 (3345., 3346., 3341., 3342.,  31966., 1950239, 20250221223000)
 (3342., 3345., 3338., 3338.,  55971., 1947726, 20250221224500)
 (3338., 3340., 3335., 3339.,  79533., 1929771, 20250221230000)
 (3335., 3335., 3321., 3331., 189361., 1914228, 20250224091500)
 (3332., 3336., 3327., 3335.,  53727., 1912750, 20250224093000)
 (3335., 3340., 3332., 3338.,  63337., 1907334, 20250224094500)
 (3338., 3345., 3336., 3338.,  68835., 1903250, 20250224100000)
 (3337., 3344., 3330., 3342.,  69700., 1900072, 20250224101500)
 (3341., 3342., 3336., 3338.,  30233., 1900477, 20250224104500)
 (3338., 3341., 3336., 3336.,  22236., 1899407, 20250224110000)
 (3337., 3337., 3331., 3334.,  45293., 1893231, 20250224111500)
 (3334., 3339., 3329., 3334.,  54319., 1894290, 20250224113000)
 (3335., 3336., 3331., 3335.,  30903., 1894958, 20250224134500)
 (3335., 3336., 3327., 3332.,  45515., 1897903, 20250224140000)
 (3333., 3339., 3328., 3336.,  45951., 1897388, 20250224141500)
 (3336., 3339., 3333., 3337.,  26935., 1895862, 20250224143000)
 (3338., 3341., 3333., 3334.,  31282., 1897310, 20250224144500)
 (3334., 3341., 3332., 3340.,  46177., 1892131, 20250224150000)]
2025-02-25 15:30:00  INFO  [(3338., 3343., 3330., 3330., 101963., 1901259, 20250224211500)
 (3330., 3331., 3323., 3323.,  88343., 1909159, 20250224213000)
 (3323., 3327., 3318., 3323.,  87361., 1910049, 20250224214500)
 (3323., 3325., 3321., 3321.,  27621., 1912479, 20250224220000)
 (3321., 3324., 3320., 3320.,  31102., 1914659, 20250224221500)
 (3321., 3324., 3316., 3323.,  47506., 1911686, 20250224223000)
 (3323., 3323., 3317., 3322.,  24407., 1910834, 20250224224500)
 (3322., 3322., 3312., 3313.,  68782., 1903529, 20250224230000)
 (3312., 3314., 3304., 3309., 141390., 1905728, 20250225091500)
 (3309., 3310., 3293., 3293., 144898., 1911825, 20250225093000)
 (3293., 3295., 3288., 3289., 101918., 1914628, 20250225094500)
 (3288., 3296., 3286., 3290.,  90856., 1915855, 20250225100000)
 (3290., 3291., 3285., 3287.,  59721., 1918651, 20250225101500)
 (3286., 3301., 3285., 3294., 115110., 1916558, 20250225104500)
 (3294., 3296., 3291., 3294.,  38534., 1921523, 20250225110000)
 (3295., 3296., 3291., 3292.,  24087., 1921093, 20250225111500)
 (3292., 3299., 3292., 3293.,  40521., 1919427, 20250225113000)
 (3293., 3293., 3283., 3284.,  95069., 1933862, 20250225134500)
 (3283., 3286., 3281., 3282.,  55038., 1934754, 20250225140000)
 (3283., 3285., 3277., 3278.,  88111., 1938813, 20250225141500)
 (3278., 3280., 3271., 3274., 100668., 1944530, 20250225143000)
 (3273., 3276., 3268., 3270.,  89058., 1943625, 20250225144500)
 (3271., 3275., 3268., 3273., 121510., 1927913, 20250225150000)]
2025-02-26 15:30:00  INFO  [(3273., 3279., 3270., 3276., 130950., 1920293, 20250225211500)
 (3277., 3279., 3274., 3276.,  41178., 1924667, 20250225213000)
 (3276., 3278., 3275., 3275.,  26441., 1927505, 20250225214500)
 (3275., 3280., 3274., 3280.,  36621., 1925499, 20250225220000)
 (3280., 3285., 3279., 3282.,  49006., 1926633, 20250225221500)
 (3281., 3284., 3280., 3281.,  26564., 1925046, 20250225223000)
 (3281., 3282., 3275., 3277.,  31781., 1922344, 20250225224500)
 (3278., 3281., 3276., 3279.,  30045., 1915545, 20250225230000)
 (3279., 3283., 3272., 3274.,  66347., 1917255, 20250226091500)
 (3275., 3280., 3273., 3277.,  35771., 1916682, 20250226093000)
 (3276., 3286., 3274., 3283.,  57593., 1926580, 20250226094500)
 (3283., 3288., 3278., 3280.,  62403., 1928318, 20250226100000)
 (3280., 3280., 3269., 3275.,  69842., 1933526, 20250226101500)
 (3275., 3299., 3273., 3291., 228644., 1932199, 20250226104500)
 (3291., 3316., 3288., 3314., 217130., 1931917, 20250226110000)
 (3314., 3342., 3313., 3329., 509808., 1911713, 20250226111500)
 (3330., 3334., 3316., 3326., 256576., 1907879, 20250226113000)
 (3329., 3344., 3328., 3343., 249498., 1929937, 20250226134500)
 (3343., 3346., 3336., 3340., 183209., 1941131, 20250226140000)
 (3340., 3343., 3335., 3339.,  95630., 1939212, 20250226141500)
 (3339., 3341., 3334., 3339.,  80552., 1944080, 20250226143000)
 (3340., 3342., 3336., 3341.,  68888., 1950192, 20250226144500)
 (3341., 3342., 3337., 3339., 111897., 1936010, 20250226150000)]
2025-02-27 15:30:00  INFO  [(3340., 3352., 3339., 3345., 203349., 1945553, 20250226211500)
 (3345., 3347., 3341., 3341.,  67789., 1950459, 20250226213000)
 (3341., 3343., 3337., 3339.,  83576., 1953115, 20250226214500)
 (3340., 3341., 3337., 3340.,  39187., 1955142, 20250226220000)
 (3339., 3341., 3335., 3339.,  60297., 1952609, 20250226221500)
 (3340., 3340., 3337., 3339.,  22565., 1950930, 20250226223000)
 (3339., 3340., 3336., 3337.,  28379., 1950345, 20250226224500)
 (3337., 3346., 3337., 3344.,  70133., 1946288, 20250226230000)
 (3344., 3346., 3338., 3342.,  87266., 1953083, 20250227091500)
 (3342., 3344., 3337., 3338.,  44944., 1953863, 20250227093000)
 (3337., 3344., 3337., 3339.,  38848., 1950634, 20250227094500)
 (3340., 3341., 3327., 3331., 115994., 1949384, 20250227100000)
 (3331., 3333., 3322., 3324.,  83176., 1945315, 20250227101500)
 (3324., 3328., 3311., 3314., 182109., 1933980, 20250227104500)
 (3314., 3320., 3310., 3317., 101478., 1934381, 20250227110000)
 (3317., 3317., 3300., 3310., 187956., 1920912, 20250227111500)
 (3310., 3316., 3295., 3312., 214117., 1901730, 20250227113000)
 (3311., 3312., 3299., 3308., 154801., 1919331, 20250227134500)
 (3309., 3325., 3308., 3324., 143841., 1922038, 20250227140000)
 (3324., 3338., 3318., 3337., 161746., 1925990, 20250227141500)
 (3338., 3339., 3330., 3332., 105547., 1920868, 20250227143000)
 (3332., 3336., 3324., 3329.,  81013., 1917863, 20250227144500)
 (3330., 3334., 3328., 3329.,  66138., 1908752, 20250227150000)]
2025-02-28 15:30:00  INFO  [(3332., 3337., 3326., 3334., 128853., 1926705, 20250227211500)
 (3334., 3334., 3326., 3327.,  54811., 1921557, 20250227213000)
 (3328., 3333., 3326., 3333.,  37505., 1920249, 20250227214500)
 (3333., 3334., 3326., 3328.,  50597., 1925902, 20250227220000)
 (3328., 3330., 3327., 3328.,  19178., 1926088, 20250227221500)
 (3328., 3329., 3317., 3322.,  86578., 1911250, 20250227223000)
 (3322., 3324., 3320., 3323.,  35747., 1908573, 20250227224500)
 (3323., 3327., 3322., 3322.,  39015., 1897480, 20250227230000)
 (3319., 3322., 3313., 3315.,  89275., 1898292, 20250228091500)
 (3315., 3319., 3311., 3312.,  51929., 1897373, 20250228093000)
 (3312., 3319., 3311., 3315.,  44722., 1896067, 20250228094500)
 (3314., 3318., 3308., 3308.,  58252., 1898123, 20250228100000)
 (3308., 3316., 3307., 3311.,  57017., 1897671, 20250228101500)
 (3311., 3314., 3309., 3310.,  34211., 1900640, 20250228104500)
 (3310., 3313., 3306., 3307.,  48857., 1905538, 20250228110000)
 (3307., 3313., 3304., 3312.,  72211., 1911004, 20250228111500)
 (3311., 3314., 3305., 3308.,  69529., 1912426, 20250228113000)
 (3305., 3327., 3301., 3323., 179182., 1909468, 20250228134500)
 (3323., 3327., 3316., 3323., 118632., 1918969, 20250228140000)
 (3323., 3324., 3310., 3313.,  80256., 1919287, 20250228141500)
 (3313., 3316., 3307., 3313.,  67622., 1920909, 20250228143000)
 (3312., 3319., 3309., 3316.,  43331., 1917072, 20250228144500)
 (3317., 3328., 3314., 3328., 121383., 1891741, 20250228150000)]
2025-03-03 15:30:00  INFO  [(3320., 3334., 3317., 3329., 178914., 1895562, 20250228211500)
 (3329., 3330., 3323., 3324.,  41780., 1892733, 20250228213000)
 (3324., 3326., 3320., 3322.,  51070., 1884332, 20250228214500)
 (3321., 3323., 3316., 3317.,  65176., 1875070, 20250228220000)
 (3317., 3325., 3316., 3322.,  44367., 1871898, 20250228221500)
 (3322., 3323., 3318., 3319.,  29883., 1874641, 20250228223000)
 (3320., 3321., 3314., 3315.,  45813., 1870292, 20250228224500)
 (3315., 3319., 3312., 3318.,  69267., 1859611, 20250228230000)
 (3318., 3335., 3315., 3332., 177590., 1854847, 20250303091500)
 (3333., 3338., 3329., 3334.,  92030., 1850203, 20250303093000)
 (3333., 3335., 3326., 3332.,  56136., 1849738, 20250303094500)
 (3332., 3337., 3331., 3333.,  50745., 1853881, 20250303100000)
 (3333., 3340., 3332., 3334.,  68377., 1857395, 20250303101500)
 (3335., 3338., 3326., 3329.,  65687., 1848937, 20250303104500)
 (3329., 3329., 3324., 3327.,  52252., 1848891, 20250303110000)
 (3327., 3328., 3315., 3317., 125841., 1856547, 20250303111500)
 (3317., 3325., 3317., 3322.,  54651., 1857592, 20250303113000)
 (3327., 3336., 3318., 3319., 147171., 1867762, 20250303134500)
 (3319., 3320., 3310., 3315., 132204., 1892772, 20250303140000)
 (3315., 3317., 3311., 3311.,  56798., 1893362, 20250303141500)
 (3312., 3314., 3306., 3308., 111678., 1909044, 20250303143000)
 (3309., 3309., 3302., 3303.,  99084., 1915580, 20250303144500)
 (3303., 3304., 3292., 3296., 221946., 1904595, 20250303150000)]
2025-03-04 15:30:00  INFO  [(3298., 3305., 3296., 3304., 133486., 1900112, 20250303211500)
 (3303., 3305., 3300., 3305.,  38180., 1901413, 20250303213000)
 (3305., 3306., 3302., 3306.,  35248., 1899731, 20250303214500)
 (3305., 3309., 3303., 3307.,  43205., 1899796, 20250303220000)
 (3308., 3309., 3305., 3307.,  25060., 1898610, 20250303221500)
 (3306., 3308., 3303., 3304.,  26582., 1899605, 20250303223000)
 (3304., 3307., 3303., 3303.,  22203., 1899029, 20250303224500)
 (3303., 3305., 3298., 3301.,  40969., 1897529, 20250303230000)
 (3301., 3301., 3277., 3283., 236162., 1928142, 20250304091500)
 (3285., 3288., 3278., 3278.,  94193., 1934574, 20250304093000)
 (3279., 3279., 3262., 3262., 254812., 1962072, 20250304094500)
 (3262., 3272., 3260., 3270., 121499., 1972309, 20250304100000)
 (3270., 3271., 3263., 3269.,  58186., 1975072, 20250304101500)
 (3270., 3270., 3263., 3267.,  51920., 1987023, 20250304104500)
 (3267., 3281., 3265., 3274.,  92385., 1988082, 20250304110000)
 (3273., 3280., 3272., 3274.,  58878., 1989407, 20250304111500)
 (3275., 3285., 3271., 3272.,  72005., 1989168, 20250304113000)
 (3272., 3282., 3271., 3279.,  82171., 1988137, 20250304134500)
 (3279., 3281., 3275., 3281.,  37392., 1989382, 20250304140000)
 (3281., 3291., 3278., 3285., 111512., 1978049, 20250304141500)
 (3284., 3288., 3281., 3286.,  51730., 1976901, 20250304143000)
 (3286., 3287., 3281., 3282.,  33285., 1974682, 20250304144500)
 (3282., 3284., 3276., 3282.,  84630., 1966385, 20250304150000)]
2025-03-05 15:30:00  INFO  [(3279., 3288., 3275., 3279., 146537., 1971083, 20250304211500)
 (3279., 3279., 3272., 3277.,  64974., 1978512, 20250304213000)
 (3278., 3283., 3277., 3279.,  47232., 1982878, 20250304214500)
 (3279., 3280., 3277., 3280.,  18036., 1982652, 20250304220000)
 (3279., 3284., 3279., 3280.,  36105., 1984566, 20250304221500)
 (3280., 3284., 3280., 3281.,  19526., 1983018, 20250304223000)
 (3281., 3282., 3275., 3275.,  29324., 1983112, 20250304224500)
 (3275., 3277., 3267., 3269.,  72433., 1975079, 20250304230000)
 (3269., 3275., 3265., 3272.,  94978., 1987217, 20250305091500)
 (3273., 3273., 3255., 3257., 131046., 2011508, 20250305093000)
 (3257., 3266., 3255., 3263.,  88737., 2022222, 20250305094500)
 (3263., 3263., 3253., 3254.,  79686., 2040148, 20250305100000)
 (3255., 3268., 3252., 3266.,  78983., 2039799, 20250305101500)
 (3271., 3282., 3265., 3266., 218510., 2030777, 20250305104500)
 (3266., 3275., 3256., 3257., 105172., 2035013, 20250305110000)
 (3258., 3270., 3255., 3268.,  95770., 2043491, 20250305111500)
 (3267., 3272., 3262., 3271.,  71075., 2035071, 20250305113000)
 (3272., 3274., 3261., 3267.,  69377., 2036914, 20250305134500)
 (3267., 3271., 3263., 3269.,  35647., 2039344, 20250305140000)
 (3269., 3275., 3268., 3275.,  59027., 2037490, 20250305141500)
 (3275., 3275., 3262., 3262.,  67850., 2042584, 20250305143000)
 (3262., 3264., 3257., 3261.,  87550., 2049157, 20250305144500)
 (3261., 3263., 3257., 3259.,  71435., 2047118, 20250305150000)]
2025-03-06 15:30:00  INFO  [(3260., 3266., 3259., 3263.,  85889., 2049933, 20250305211500)
 (3263., 3267., 3254., 3258.,  86910., 2055222, 20250305213000)
 (3258., 3265., 3255., 3263.,  48755., 2054379, 20250305214500)
 (3264., 3265., 3260., 3260.,  28513., 2054930, 20250305220000)
 (3261., 3263., 3259., 3261.,  19992., 2054229, 20250305221500)
 (3260., 3265., 3258., 3260.,  35396., 2057197, 20250305223000)
 (3260., 3263., 3260., 3260.,  16130., 2056039, 20250305224500)
 (3261., 3263., 3258., 3262.,  32196., 2045926, 20250305230000)
 (3263., 3277., 3263., 3275., 136593., 2046330, 20250306091500)
 (3275., 3281., 3273., 3279., 102967., 2045632, 20250306093000)
 (3279., 3280., 3273., 3274.,  51555., 2047159, 20250306094500)
 (3273., 3288., 3273., 3287., 100619., 2039143, 20250306100000)
 (3287., 3289., 3281., 3282.,  72805., 2033327, 20250306101500)
 (3282., 3282., 3275., 3279.,  64389., 2031922, 20250306104500)
 (3280., 3280., 3271., 3276.,  56666., 2033965, 20250306110000)
 (3277., 3284., 3274., 3277.,  54628., 2040925, 20250306111500)
 (3277., 3288., 3274., 3286.,  83819., 2045488, 20250306113000)
 (3287., 3299., 3274., 3277., 261930., 2038473, 20250306134500)
 (3277., 3284., 3260., 3263., 230423., 2056619, 20250306140000)
 (3264., 3270., 3261., 3267., 105396., 2073266, 20250306141500)
 (3267., 3280., 3266., 3275., 115539., 2064295, 20250306143000)
 (3274., 3282., 3274., 3280.,  77957., 2059496, 20250306144500)
 (3280., 3287., 3278., 3282., 122218., 2039890, 20250306150000)]
2025-03-07 15:30:00  INFO  [(3278., 3285., 3271., 3271., 123781., 2044911, 20250306211500)
 (3272., 3276., 3270., 3275.,  50459., 2049581, 20250306213000)
 (3274., 3276., 3270., 3272.,  42710., 2057795, 20250306214500)
 (3273., 3274., 3270., 3271.,  22200., 2062072, 20250306220000)
 (3272., 3276., 3270., 3275.,  30142., 2062888, 20250306221500)
 (3275., 3277., 3272., 3274.,  25964., 2064062, 20250306223000)
 (3274., 3281., 3271., 3278.,  58954., 2058877, 20250306224500)
 (3279., 3283., 3274., 3275.,  75419., 2047876, 20250306230000)
 (3276., 3276., 3250., 3254., 306717., 2103211, 20250307091500)
 (3254., 3262., 3252., 3256.,  92871., 2124044, 20250307093000)
 (3256., 3258., 3245., 3255., 201351., 2141982, 20250307094500)
 (3255., 3259., 3253., 3258.,  48150., 2149013, 20250307100000)
 (3258., 3268., 3256., 3266.,  94325., 2128640, 20250307101500)
 (3266., 3275., 3261., 3271., 117461., 2102416, 20250307104500)
 (3272., 3279., 3267., 3270., 108635., 2087348, 20250307110000)
 (3270., 3276., 3268., 3272.,  49014., 2086938, 20250307111500)
 (3272., 3276., 3268., 3270.,  55095., 2080006, 20250307113000)
 (3271., 3272., 3264., 3265.,  46284., 2079906, 20250307134500)
 (3265., 3270., 3262., 3267.,  51158., 2076522, 20250307140000)
 (3267., 3268., 3255., 3256., 115361., 2096568, 20250307141500)
 (3255., 3266., 3254., 3260.,  83008., 2100923, 20250307143000)
 (3261., 3263., 3253., 3253.,  68191., 2112755, 20250307144500)
 (3253., 3257., 3251., 3252., 119814., 2118487, 20250307150000)]
2025-03-10 15:30:00  INFO  [(3240., 3249., 3233., 3235., 258717., 2141560, 20250307211500)
 (3235., 3238., 3228., 3231., 117191., 2158220, 20250307213000)
 (3232., 3239., 3231., 3238.,  72102., 2159490, 20250307214500)
 (3237., 3241., 3236., 3237.,  52637., 2167858, 20250307220000)
 (3237., 3246., 3237., 3239.,  66517., 2163605, 20250307221500)
 (3240., 3242., 3238., 3240.,  30323., 2163271, 20250307223000)
 (3240., 3242., 3237., 3240.,  26578., 2161404, 20250307224500)
 (3240., 3248., 3238., 3247.,  59756., 2142395, 20250307230000)
 (3245., 3266., 3242., 3262., 245643., 2132915, 20250310091500)
 (3263., 3264., 3252., 3252.,  93223., 2129023, 20250310093000)
 (3252., 3253., 3245., 3245.,  76159., 2135959, 20250310094500)
 (3245., 3247., 3241., 3242.,  68059., 2144039, 20250310100000)
 (3242., 3245., 3233., 3239., 102308., 2163781, 20250310101500)
 (3239., 3243., 3236., 3237.,  53626., 2167593, 20250310104500)
 (3238., 3238., 3224., 3228., 158339., 2186428, 20250310110000)
 (3227., 3227., 3220., 3227.,  95303., 2193301, 20250310111500)
 (3226., 3231., 3222., 3224.,  57784., 2194625, 20250310113000)
 (3223., 3227., 3219., 3227.,  86579., 2212299, 20250310134500)
 (3227., 3227., 3215., 3218.,  89272., 2221752, 20250310140000)
 (3218., 3224., 3216., 3224.,  31401., 2225025, 20250310141500)
 (3224., 3227., 3215., 3220.,  59248., 2231208, 20250310143000)
 (3220., 3224., 3217., 3219.,  37967., 2230498, 20250310144500)
 (3219., 3224., 3217., 3220.,  70618., 2216822, 20250310150000)]
2025-03-11 15:30:00  INFO  [(3220., 3225., 3216., 3221.,  97393., 2222073, 20250310211500)
 (3221., 3223., 3220., 3220.,  27276., 2224089, 20250310213000)
 (3220., 3223., 3218., 3221.,  41287., 2223658, 20250310214500)
 (3221., 3221., 3209., 3212.,  87297., 2226216, 20250310220000)
 (3211., 3214., 3209., 3212.,  38985., 2230031, 20250310221500)
 (3213., 3214., 3207., 3212.,  60992., 2235948, 20250310223000)
 (3212., 3212., 3204., 3205.,  56271., 2238075, 20250310224500)
 (3205., 3207., 3197., 3203., 121236., 2234378, 20250310230000)
 (3202., 3202., 3186., 3188., 197305., 2246517, 20250311091500)
 (3189., 3199., 3188., 3190.,  89172., 2245053, 20250311093000)
 (3190., 3200., 3190., 3198.,  58792., 2249495, 20250311094500)
 (3199., 3209., 3196., 3208.,  86638., 2240039, 20250311100000)
 (3208., 3216., 3203., 3208., 107839., 2233941, 20250311101500)
 (3208., 3212., 3203., 3208.,  82936., 2237249, 20250311104500)
 (3207., 3211., 3203., 3207.,  51965., 2237393, 20250311110000)
 (3206., 3212., 3206., 3211.,  43201., 2236789, 20250311111500)
 (3211., 3214., 3205., 3206.,  61588., 2228807, 20250311113000)
 (3207., 3216., 3206., 3210.,  85388., 2224088, 20250311134500)
 (3209., 3214., 3207., 3214.,  38095., 2224406, 20250311140000)
 (3214., 3220., 3212., 3217.,  77763., 2224815, 20250311141500)
 (3217., 3219., 3211., 3213.,  40669., 2219662, 20250311143000)
 (3213., 3217., 3211., 3213.,  29489., 2218396, 20250311144500)
 (3213., 3214., 3208., 3209.,  64801., 2206072, 20250311150000)]
2025-03-12 15:30:00  INFO  [(3218., 3225., 3211., 3224., 132449., 2215126, 20250311211500)
 (3224., 3228., 3218., 3224.,  88930., 2218660, 20250311213000)
 (3225., 3230., 3222., 3227.,  62472., 2218797, 20250311214500)
 (3228., 3228., 3222., 3223.,  49601., 2215668, 20250311220000)
 (3223., 3225., 3219., 3220.,  44770., 2220055, 20250311221500)
 (3219., 3223., 3217., 3219.,  28700., 2218201, 20250311223000)
 (3218., 3221., 3214., 3217.,  43513., 2214262, 20250311224500)
 (3217., 3220., 3215., 3218.,  33663., 2211567, 20250311230000)
 (3218., 3219., 3209., 3214.,  84574., 2220968, 20250312091500)
 (3214., 3215., 3208., 3215.,  41342., 2221599, 20250312093000)
 (3215., 3217., 3210., 3213.,  40320., 2222812, 20250312094500)
 (3213., 3216., 3209., 3210.,  36406., 2223220, 20250312100000)
 (3210., 3212., 3204., 3206.,  74410., 2228474, 20250312101500)
 (3206., 3209., 3203., 3205.,  44041., 2234054, 20250312104500)
 (3204., 3214., 3202., 3213.,  56353., 2235044, 20250312110000)
 (3213., 3216., 3209., 3211.,  51844., 2233090, 20250312111500)
 (3210., 3220., 3206., 3218.,  87255., 2229476, 20250312113000)
 (3221., 3226., 3218., 3220., 129730., 2228121, 20250312134500)
 (3220., 3222., 3216., 3222.,  47091., 2225640, 20250312140000)
 (3222., 3225., 3219., 3223.,  42364., 2227679, 20250312141500)
 (3223., 3224., 3209., 3210., 103898., 2222697, 20250312143000)
 (3211., 3228., 3210., 3224., 119113., 2210955, 20250312144500)
 (3223., 3227., 3214., 3226., 141595., 2200520, 20250312150000)]
2025-03-13 15:30:00  INFO  [(3230., 3240., 3230., 3238., 202315., 2186469, 20250312211500)
 (3238., 3241., 3235., 3240.,  70688., 2186415, 20250312213000)
 (3240., 3244., 3238., 3239.,  77440., 2185318, 20250312214500)
 (3240., 3241., 3237., 3239.,  37223., 2180839, 20250312220000)
 (3238., 3239., 3235., 3237.,  35192., 2174530, 20250312221500)
 (3236., 3239., 3233., 3233.,  32027., 2168402, 20250312223000)
 (3233., 3236., 3232., 3235.,  37048., 2162857, 20250312224500)
 (3234., 3238., 3234., 3236.,  31592., 2153216, 20250312230000)
 (3237., 3242., 3233., 3235.,  80926., 2152249, 20250313091500)
 (3235., 3237., 3233., 3234.,  35513., 2147281, 20250313093000)
 (3234., 3237., 3228., 3232.,  63687., 2143917, 20250313094500)
 (3231., 3242., 3231., 3240.,  78254., 2143714, 20250313100000)
 (3240., 3255., 3238., 3250., 179077., 2129896, 20250313101500)
 (3250., 3255., 3245., 3254., 109339., 2118559, 20250313104500)
 (3253., 3255., 3248., 3254.,  66818., 2115296, 20250313110000)
 (3254., 3257., 3252., 3255.,  63101., 2104913, 20250313111500)
 (3255., 3256., 3238., 3240., 127897., 2091666, 20250313113000)
 (3240., 3240., 3231., 3237., 170630., 2075303, 20250313134500)
 (3237., 3244., 3235., 3240.,  71103., 2076901, 20250313140000)
 (3241., 3243., 3237., 3239.,  35451., 2076349, 20250313141500)
 (3239., 3245., 3237., 3244.,  55504., 2074442, 20250313143000)
 (3244., 3257., 3243., 3257., 159240., 2077637, 20250313144500)
 (3256., 3258., 3249., 3256., 108544., 2056013, 20250313150000)]
2025-03-14 15:30:00  INFO  [(3258., 3260., 3248., 3249., 112442., 2053610, 20250313211500)
 (3250., 3254., 3249., 3254.,  34392., 2055278, 20250313213000)
 (3254., 3254., 3250., 3250.,  23492., 2056169, 20250313214500)
 (3250., 3251., 3248., 3250.,  28574., 2051928, 20250313220000)
 (3251., 3251., 3245., 3247.,  36043., 2050591, 20250313221500)
 (3248., 3248., 3242., 3243.,  52035., 2050746, 20250313223000)
 (3243., 3247., 3241., 3247.,  40617., 2051823, 20250313224500)
 (3247., 3251., 3244., 3247.,  45507., 2044465, 20250313230000)
 (3250., 3255., 3245., 3255.,  70315., 2046892, 20250314091500)
 (3254., 3256., 3251., 3256.,  41648., 2046213, 20250314093000)
 (3255., 3260., 3252., 3259.,  68865., 2038512, 20250314094500)
 (3258., 3265., 3254., 3262.,  82097., 2029524, 20250314100000)
 (3261., 3263., 3256., 3258.,  39596., 2028361, 20250314101500)
 (3259., 3261., 3253., 3254.,  50171., 2020163, 20250314104500)
 (3254., 3260., 3253., 3258.,  38040., 2018155, 20250314110000)
 (3259., 3264., 3258., 3262.,  57051., 2021656, 20250314111500)
 (3263., 3265., 3256., 3260.,  70942., 2017944, 20250314113000)
 (3259., 3265., 3256., 3263.,  61036., 2012493, 20250314134500)
 (3264., 3268., 3263., 3265.,  64546., 2005567, 20250314140000)
 (3266., 3267., 3259., 3262.,  42166., 1996677, 20250314141500)
 (3262., 3268., 3261., 3267.,  40385., 1991345, 20250314143000)
 (3267., 3274., 3267., 3272.,  84789., 1984765, 20250314144500)
 (3272., 3274., 3266., 3267.,  89757., 1963117, 20250314150000)]
2025-03-17 15:30:00  INFO  [(3268., 3272., 3254., 3258., 157001., 1959792, 20250314211500)
 (3258., 3258., 3250., 3255.,  87738., 1970552, 20250314213000)
 (3254., 3256., 3249., 3250.,  59019., 1975706, 20250314214500)
 (3251., 3253., 3246., 3247.,  49445., 1981892, 20250314220000)
 (3247., 3248., 3243., 3247.,  59277., 1988061, 20250314221500)
 (3246., 3250., 3245., 3246.,  39874., 1990412, 20250314223000)
 (3245., 3249., 3245., 3248.,  22736., 1989852, 20250314224500)
 (3248., 3248., 3240., 3246.,  70643., 1984271, 20250314230000)
 (3240., 3250., 3234., 3240., 180991., 1996321, 20250317091500)
 (3241., 3243., 3235., 3238.,  58610., 1999580, 20250317093000)
 (3238., 3239., 3226., 3235., 122254., 2014591, 20250317094500)
 (3235., 3235., 3224., 3225.,  76405., 2015076, 20250317100000)
 (3224., 3226., 3216., 3222., 120057., 2025949, 20250317101500)
 (3223., 3226., 3220., 3224.,  61163., 2032159, 20250317104500)
 (3225., 3225., 3216., 3223.,  54204., 2041501, 20250317110000)
 (3222., 3224., 3218., 3221.,  27449., 2042837, 20250317111500)
 (3222., 3225., 3219., 3220.,  37777., 2041183, 20250317113000)
 (3219., 3219., 3211., 3216.,  81620., 2052936, 20250317134500)
 (3216., 3217., 3212., 3214.,  43501., 2056487, 20250317140000)
 (3213., 3217., 3212., 3215.,  33939., 2055606, 20250317141500)
 (3214., 3217., 3210., 3214.,  52896., 2059310, 20250317143000)
 (3214., 3215., 3211., 3215.,  29307., 2061259, 20250317144500)
 (3215., 3220., 3211., 3217.,  82206., 2048429, 20250317150000)]
2025-03-18 15:30:00  INFO  [(3215., 3217., 3202., 3209., 141420., 2074319, 20250317211500)
 (3208., 3210., 3204., 3207.,  47319., 2077035, 20250317213000)
 (3208., 3210., 3205., 3206.,  26049., 2079599, 20250317214500)
 (3206., 3210., 3205., 3210.,  24862., 2080923, 20250317220000)
 (3209., 3210., 3207., 3209.,  16791., 2082623, 20250317221500)
 (3209., 3209., 3201., 3203.,  43167., 2089575, 20250317223000)
 (3204., 3205., 3198., 3201.,  67989., 2097282, 20250317224500)
 (3201., 3207., 3201., 3207.,  41799., 2087937, 20250317230000)
 (3207., 3214., 3203., 3206.,  99491., 2097259, 20250318091500)
 (3205., 3207., 3193., 3196., 118709., 2127903, 20250318093000)
 (3196., 3201., 3192., 3200.,  79591., 2137165, 20250318094500)
 (3200., 3208., 3197., 3198.,  76342., 2130815, 20250318100000)
 (3197., 3212., 3196., 3209.,  72731., 2126203, 20250318101500)
 (3209., 3211., 3201., 3202.,  61455., 2125529, 20250318104500)
 (3201., 3206., 3201., 3202.,  29162., 2125446, 20250318110000)
 (3202., 3204., 3198., 3203.,  41919., 2130211, 20250318111500)
 (3203., 3204., 3193., 3196.,  71965., 2145763, 20250318113000)
 (3196., 3198., 3193., 3198.,  70951., 2159333, 20250318134500)
 (3197., 3198., 3191., 3194.,  52643., 2162499, 20250318140000)
 (3194., 3195., 3191., 3193.,  53530., 2165936, 20250318141500)
 (3194., 3196., 3191., 3195.,  38242., 2165818, 20250318143000)
 (3195., 3196., 3186., 3193., 100385., 2178608, 20250318144500)
 (3193., 3202., 3190., 3191., 122278., 2164560, 20250318150000)]
2025-03-19 15:30:00  INFO  [(3195., 3197., 3169., 3173., 302556., 2198350, 20250318211500)
 (3174., 3178., 3172., 3175.,  86187., 2200895, 20250318213000)
 (3174., 3177., 3170., 3172.,  52847., 2206934, 20250318214500)
 (3172., 3173., 3168., 3170.,  54583., 2207187, 20250318220000)
 (3170., 3174., 3168., 3171.,  38389., 2206415, 20250318221500)
 (3171., 3172., 3170., 3170.,  23354., 2208430, 20250318223000)
 (3171., 3173., 3170., 3171.,  20111., 2211163, 20250318224500)
 (3171., 3172., 3169., 3170.,  36832., 2202875, 20250318230000)
 (3170., 3171., 3155., 3161., 175191., 2204449, 20250319091500)
 (3161., 3167., 3160., 3164.,  63616., 2199845, 20250319093000)
 (3164., 3171., 3162., 3168.,  59068., 2194508, 20250319094500)
 (3168., 3168., 3162., 3164.,  37344., 2193834, 20250319100000)
 (3164., 3171., 3163., 3165.,  52980., 2189652, 20250319101500)
 (3165., 3169., 3162., 3168.,  37930., 2189207, 20250319104500)
 (3168., 3174., 3167., 3171.,  56806., 2188095, 20250319110000)
 (3170., 3175., 3169., 3172.,  52085., 2185814, 20250319111500)
 (3173., 3173., 3165., 3168.,  54809., 2178685, 20250319113000)
 (3169., 3170., 3161., 3164.,  65962., 2183551, 20250319134500)
 (3163., 3173., 3162., 3173.,  45935., 2181413, 20250319140000)
 (3172., 3174., 3167., 3167.,  42263., 2181100, 20250319141500)
 (3167., 3168., 3159., 3164.,  73742., 2183158, 20250319143000)
 (3163., 3164., 3157., 3161.,  64009., 2186134, 20250319144500)
 (3161., 3163., 3156., 3162.,  82706., 2173949, 20250319150000)]
2025-03-20 15:30:00  INFO  [(3162., 3166., 3155., 3163., 128706., 2191890, 20250319211500)
 (3162., 3166., 3162., 3165.,  34771., 2194094, 20250319213000)
 (3166., 3166., 3158., 3160.,  44486., 2197787, 20250319214500)
 (3160., 3162., 3158., 3159.,  26968., 2198933, 20250319220000)
 (3159., 3160., 3153., 3157.,  47266., 2199540, 20250319221500)
 (3157., 3158., 3153., 3153.,  29350., 2201883, 20250319223000)
 (3153., 3157., 3152., 3157.,  22990., 2200792, 20250319224500)
 (3157., 3157., 3154., 3156.,  29951., 2195348, 20250319230000)
 (3157., 3161., 3146., 3151., 109831., 2200750, 20250320091500)
 (3150., 3159., 3149., 3149.,  71349., 2201080, 20250320093000)
 (3149., 3150., 3139., 3140., 136132., 2208806, 20250320094500)
 (3140., 3142., 3134., 3134.,  78503., 2212216, 20250320100000)
 (3135., 3153., 3134., 3149., 145967., 2204885, 20250320101500)
 (3150., 3152., 3146., 3147.,  43962., 2199685, 20250320104500)
 (3148., 3150., 3143., 3149.,  31855., 2200502, 20250320110000)
 (3148., 3170., 3148., 3169., 175008., 2193575, 20250320111500)
 (3168., 3176., 3162., 3167., 153847., 2184983, 20250320113000)
 (3167., 3171., 3159., 3169., 104277., 2178767, 20250320134500)
 (3169., 3175., 3166., 3168.,  78683., 2174786, 20250320140000)
 (3168., 3170., 3163., 3166.,  54034., 2165327, 20250320141500)
 (3166., 3169., 3162., 3164.,  39418., 2162151, 20250320143000)
 (3164., 3174., 3164., 3170.,  61678., 2156803, 20250320144500)
 (3170., 3176., 3169., 3176.,  78139., 2137880, 20250320150000)]
2025-03-21 15:30:00  INFO  [(3172., 3178., 3163., 3169., 161505., 2139083, 20250320211500)
 (3169., 3169., 3164., 3166.,  41335., 2138469, 20250320213000)
 (3166., 3166., 3162., 3163.,  36104., 2138630, 20250320214500)
 (3163., 3169., 3163., 3167.,  25122., 2137243, 20250320220000)
 (3166., 3171., 3166., 3167.,  40893., 2140961, 20250320221500)
 (3167., 3167., 3156., 3159.,  73851., 2136111, 20250320223000)
 (3160., 3165., 3157., 3163.,  55149., 2130605, 20250320224500)
 (3162., 3168., 3162., 3167.,  33634., 2121887, 20250320230000)
 (3167., 3175., 3166., 3168.,  97618., 2114746, 20250321091500)
 (3168., 3170., 3165., 3166.,  31124., 2114392, 20250321093000)
 (3166., 3174., 3164., 3173.,  53610., 2113202, 20250321094500)
 (3174., 3174., 3166., 3166.,  40877., 2106974, 20250321100000)
 (3166., 3177., 3166., 3172.,  68254., 2104416, 20250321101500)
 (3170., 3171., 3167., 3168.,  35066., 2097725, 20250321104500)
 (3169., 3172., 3165., 3165.,  40254., 2097814, 20250321110000)
 (3165., 3165., 3153., 3157., 120463., 2100806, 20250321111500)
 (3157., 3163., 3151., 3161.,  83160., 2097595, 20250321113000)
 (3160., 3167., 3157., 3165.,  68496., 2091357, 20250321134500)
 (3165., 3169., 3162., 3167.,  43875., 2086492, 20250321140000)
 (3167., 3169., 3159., 3164.,  59091., 2086576, 20250321141500)
 (3165., 3168., 3160., 3161.,  31059., 2087111, 20250321143000)
 (3160., 3163., 3156., 3159.,  48320., 2086167, 20250321144500)
 (3159., 3161., 3154., 3156.,  67021., 2077123, 20250321150000)]
2025-03-24 15:30:00  INFO  [(3159., 3161., 3153., 3154.,  92244., 2083344, 20250321211500)
 (3155., 3160., 3153., 3159.,  46527., 2087193, 20250321213000)
 (3159., 3160., 3153., 3154.,  30773., 2088282, 20250321214500)
 (3154., 3155., 3145., 3147.,  85602., 2095702, 20250321220000)
 (3146., 3147., 3136., 3140.,  97010., 2112531, 20250321221500)
 (3140., 3151., 3139., 3150.,  71468., 2111583, 20250321223000)
 (3149., 3167., 3149., 3159., 166516., 2094738, 20250321224500)
 (3159., 3175., 3158., 3172., 142494., 2070770, 20250321230000)
 (3175., 3189., 3175., 3186., 232674., 2052405, 20250324091500)
 (3185., 3190., 3183., 3187.,  69496., 2043145, 20250324093000)
 (3187., 3194., 3187., 3191.,  79896., 2033007, 20250324094500)
 (3191., 3191., 3184., 3187.,  61343., 2025337, 20250324100000)
 (3187., 3195., 3185., 3192.,  77790., 2023241, 20250324101500)
 (3192., 3198., 3191., 3196.,  70556., 2016095, 20250324104500)
 (3196., 3201., 3193., 3200.,  98842., 2007377, 20250324110000)
 (3200., 3207., 3200., 3205., 102254., 1987884, 20250324111500)
 (3206., 3207., 3197., 3198.,  74767., 1981378, 20250324113000)
 (3198., 3203., 3197., 3202.,  59222., 1975303, 20250324134500)
 (3202., 3205., 3198., 3204.,  43680., 1969065, 20250324140000)
 (3203., 3205., 3200., 3200.,  40445., 1961542, 20250324141500)
 (3200., 3204., 3198., 3203.,  42571., 1956479, 20250324143000)
 (3203., 3204., 3201., 3204.,  18465., 1956932, 20250324144500)
 (3204., 3210., 3202., 3204.,  90157., 1930428, 20250324150000)]
2025-03-25 15:30:00  INFO  [(3204., 3210., 3201., 3209., 105693., 1926667, 20250324211500)
 (3208., 3209., 3203., 3203.,  43426., 1930112, 20250324213000)
 (3204., 3206., 3203., 3206.,  25419., 1929871, 20250324214500)
 (3205., 3209., 3204., 3208.,  24593., 1924364, 20250324220000)
 (3207., 3208., 3206., 3207.,  17441., 1920107, 20250324221500)
 (3207., 3207., 3201., 3202.,  35030., 1914297, 20250324223000)
 (3202., 3204., 3200., 3203.,  39159., 1908382, 20250324224500)
 (3203., 3208., 3201., 3206.,  39281., 1904015, 20250324230000)
 (3207., 3208., 3201., 3203.,  66417., 1900736, 20250325091500)
 (3203., 3207., 3203., 3204.,  35600., 1897051, 20250325093000)
 (3204., 3207., 3203., 3206.,  30986., 1893965, 20250325094500)
 (3206., 3207., 3201., 3201.,  39201., 1889516, 20250325100000)
 (3201., 3202., 3191., 3191., 134932., 1883408, 20250325101500)
 (3191., 3192., 3185., 3187.,  97938., 1873193, 20250325104500)
 (3186., 3190., 3185., 3188.,  59373., 1867031, 20250325110000)
 (3187., 3208., 3186., 3207., 137631., 1869569, 20250325111500)
 (3207., 3220., 3207., 3214., 230233., 1851884, 20250325113000)
 (3216., 3220., 3212., 3218., 147626., 1840975, 20250325134500)
 (3218., 3224., 3217., 3218., 108031., 1835365, 20250325140000)
 (3219., 3222., 3216., 3219.,  57122., 1830957, 20250325141500)
 (3220., 3223., 3219., 3221.,  61418., 1822029, 20250325143000)
 (3222., 3223., 3217., 3219.,  43911., 1817860, 20250325144500)
 (3220., 3225., 3219., 3220.,  95993., 1794958, 20250325150000)]
2025-03-26 15:30:00  INFO  [(3220., 3224., 3215., 3218., 103120., 1787939, 20250325211500)
 (3219., 3219., 3216., 3218.,  36287., 1786767, 20250325213000)
 (3217., 3219., 3217., 3217.,  19352., 1788140, 20250325214500)
 (3218., 3219., 3216., 3216.,  15638., 1789630, 20250325220000)
 (3217., 3217., 3214., 3215.,  42023., 1788277, 20250325221500)
 (3216., 3217., 3214., 3214.,  24493., 1787933, 20250325223000)
 (3214., 3220., 3214., 3219.,  25220., 1785097, 20250325224500)
 (3219., 3220., 3217., 3219.,  30188., 1779138, 20250325230000)
 (3220., 3229., 3217., 3217., 122241., 1781800, 20250326091500)
 (3217., 3220., 3214., 3215.,  59392., 1782394, 20250326093000)
 (3215., 3219., 3214., 3216.,  31587., 1778349, 20250326094500)
 (3217., 3219., 3214., 3216.,  31428., 1773944, 20250326100000)
 (3216., 3218., 3207., 3209.,  81336., 1769900, 20250326101500)
 (3210., 3217., 3209., 3212.,  50495., 1764655, 20250326104500)
 (3212., 3217., 3208., 3217.,  50127., 1757613, 20250326110000)
 (3217., 3218., 3214., 3215.,  31755., 1751008, 20250326111500)
 (3215., 3216., 3207., 3207.,  56248., 1742718, 20250326113000)
 (3207., 3209., 3202., 3208.,  99134., 1738259, 20250326134500)
 (3208., 3215., 3208., 3215.,  54649., 1735339, 20250326140000)
 (3214., 3218., 3214., 3217.,  60152., 1732996, 20250326141500)
 (3217., 3218., 3212., 3213.,  36461., 1728247, 20250326143000)
 (3213., 3216., 3210., 3213.,  31662., 1723635, 20250326144500)
 (3213., 3213., 3206., 3209.,  70092., 1712086, 20250326150000)]
2025-03-27 15:30:00  INFO  [(3205., 3211., 3204., 3210.,  82375., 1716035, 20250326211500)
 (3210., 3210., 3206., 3208.,  26026., 1718296, 20250326213000)
 (3208., 3212., 3206., 3211.,  31606., 1719122, 20250326214500)
 (3210., 3212., 3209., 3211.,  24555., 1715707, 20250326220000)
 (3212., 3215., 3210., 3214.,  36310., 1715338, 20250326221500)
 (3215., 3217., 3211., 3217.,  33870., 1712478, 20250326223000)
 (3217., 3223., 3214., 3218.,  82577., 1708419, 20250326224500)
 (3218., 3220., 3216., 3217.,  42654., 1700910, 20250326230000)
 (3215., 3216., 3206., 3208., 107301., 1690579, 20250327091500)
 (3208., 3212., 3207., 3211.,  40373., 1681507, 20250327093000)
 (3211., 3216., 3210., 3211.,  62636., 1671130, 20250327094500)
 (3211., 3219., 3207., 3215.,  58452., 1663129, 20250327100000)
 (3215., 3218., 3212., 3214.,  37780., 1661337, 20250327101500)
 (3213., 3216., 3212., 3215.,  24364., 1657799, 20250327104500)
 (3216., 3217., 3212., 3213.,  29524., 1653818, 20250327110000)
 (3213., 3216., 3210., 3212.,  26926., 1650516, 20250327111500)
 (3212., 3215., 3196., 3198., 150863., 1651758, 20250327113000)
 (3196., 3200., 3188., 3197., 184449., 1659624, 20250327134500)
 (3196., 3198., 3190., 3191.,  71652., 1654016, 20250327140000)
 (3191., 3202., 3190., 3199.,  80691., 1646573, 20250327141500)
 (3199., 3201., 3196., 3198.,  38432., 1644199, 20250327143000)
 (3198., 3210., 3195., 3210.,  77821., 1631408, 20250327144500)
 (3210., 3214., 3205., 3208., 126519., 1607725, 20250327150000)]
2025-03-28 15:30:00  INFO  [(3210., 3210., 3192., 3193., 136662., 1610633, 20250327211500)
 (3193., 3195., 3189., 3191.,  84389., 1627658, 20250327213000)
 (3191., 3192., 3185., 3191.,  94659., 1641859, 20250327214500)
 (3191., 3192., 3188., 3189.,  31470., 1642262, 20250327220000)
 (3190., 3190., 3183., 3189.,  62273., 1643741, 20250327221500)
 (3189., 3190., 3187., 3190.,  22762., 1641983, 20250327223000)
 (3190., 3191., 3187., 3189.,  26980., 1637575, 20250327224500)
 (3188., 3194., 3188., 3189.,  44448., 1624957, 20250327230000)
 (3189., 3199., 3189., 3198.,  92578., 1612994, 20250328091500)
 (3198., 3200., 3195., 3195.,  55442., 1606708, 20250328093000)
 (3195., 3197., 3190., 3191.,  42169., 1600472, 20250328094500)
 (3192., 3195., 3184., 3187.,  58837., 1599632, 20250328100000)
 (3187., 3196., 3184., 3189.,  70091., 1593484, 20250328101500)
 (3190., 3193., 3186., 3190.,  48500., 1588945, 20250328104500)
 (3191., 3193., 3181., 3185.,  69405., 1590660, 20250328110000)
 (3186., 3190., 3183., 3187.,  37721., 1592522, 20250328111500)
 (3186., 3189., 3183., 3187.,  37600., 1589943, 20250328113000)
 (3185., 3195., 3184., 3194.,  67340., 1585593, 20250328134500)
 (3194., 3198., 3191., 3197.,  65685., 1578629, 20250328140000)
 (3196., 3199., 3191., 3195.,  62176., 1576205, 20250328141500)
 (3196., 3200., 3194., 3199.,  67856., 1576765, 20250328143000)
 (3198., 3205., 3196., 3197.,  85910., 1566737, 20250328144500)
 (3198., 3200., 3195., 3197.,  52218., 1553390, 20250328150000)]
2025-03-31 15:30:00  INFO  [(3197., 3201., 3189., 3189., 109221., 1536719, 20250328211500)
 (3189., 3192., 3187., 3191.,  39049., 1537826, 20250328213000)
 (3190., 3192., 3187., 3188.,  29709., 1538712, 20250328214500)
 (3187., 3190., 3184., 3187.,  43716., 1536430, 20250328220000)
 (3187., 3188., 3173., 3173., 111413., 1534063, 20250328221500)
 (3173., 3177., 3171., 3175.,  81799., 1537936, 20250328223000)
 (3175., 3180., 3172., 3178.,  41365., 1535810, 20250328224500)
 (3178., 3180., 3176., 3177.,  37132., 1521332, 20250328230000)
 (3175., 3182., 3166., 3176., 133229., 1502368, 20250331091500)
 (3177., 3182., 3173., 3174.,  58317., 1496424, 20250331093000)
 (3174., 3177., 3172., 3173.,  33282., 1494853, 20250331094500)
 (3173., 3175., 3166., 3170.,  58841., 1494132, 20250331100000)
 (3171., 3175., 3168., 3170.,  31382., 1494055, 20250331101500)
 (3169., 3171., 3167., 3168.,  35232., 1491691, 20250331104500)
 (3168., 3171., 3162., 3165.,  50558., 1486286, 20250331110000)
 (3164., 3168., 3162., 3166.,  32354., 1483331, 20250331111500)
 (3166., 3169., 3161., 3161.,  33966., 1480148, 20250331113000)
 (3161., 3166., 3159., 3162.,  59401., 1469519, 20250331134500)
 (3162., 3166., 3161., 3164.,  24964., 1464916, 20250331140000)
 (3164., 3169., 3162., 3167.,  34486., 1455653, 20250331141500)
 (3167., 3169., 3160., 3161.,  55748., 1442693, 20250331143000)
 (3161., 3164., 3155., 3156.,  53836., 1432764, 20250331144500)
 (3156., 3162., 3153., 3159.,  97485., 1403648, 20250331150000)]
2025-04-01 15:30:00  INFO  [(3159., 3164., 3145., 3148., 130118., 1395381, 20250331211500)
 (3148., 3148., 3140., 3141.,  59390., 1394954, 20250331213000)
 (3141., 3143., 3137., 3139.,  64171., 1395152, 20250331214500)
 (3138., 3148., 3138., 3148.,  46410., 1386288, 20250331220000)
 (3148., 3150., 3144., 3145.,  32221., 1382463, 20250331221500)
 (3145., 3147., 3144., 3145.,  12124., 1382226, 20250331223000)
 (3145., 3153., 3145., 3148.,  31794., 1377289, 20250331224500)
 (3148., 3150., 3145., 3146.,  23286., 1369925, 20250331230000)
 (3147., 3147., 3131., 3134., 110547., 1374231, 20250401091500)
 (3135., 3142., 3134., 3142.,  35369., 1371117, 20250401093000)
 (3142., 3144., 3138., 3144.,  26105., 1368660, 20250401094500)
 (3144., 3148., 3140., 3144.,  39665., 1365137, 20250401100000)
 (3143., 3163., 3142., 3162.,  92298., 1351586, 20250401101500)
 (3163., 3165., 3154., 3165.,  86100., 1343825, 20250401104500)
 (3165., 3174., 3165., 3166.,  98993., 1326309, 20250401110000)
 (3167., 3172., 3163., 3168.,  44516., 1320785, 20250401111500)
 (3167., 3170., 3163., 3164.,  30591., 1314817, 20250401113000)
 (3164., 3165., 3158., 3162.,  48363., 1316719, 20250401134500)
 (3161., 3169., 3161., 3166.,  28676., 1312143, 20250401140000)
 (3166., 3170., 3164., 3168.,  26735., 1309715, 20250401141500)
 (3167., 3179., 3167., 3178.,  61652., 1295679, 20250401143000)
 (3179., 3188., 3177., 3180., 115647., 1278045, 20250401144500)
 (3179., 3180., 3167., 3170.,  73205., 1272676, 20250401150000)]
2025-04-02 15:30:00  INFO  [(3170., 3176., 3169., 3173., 75454., 1266894, 20250401211500)
 (3173., 3174., 3171., 3171., 18153., 1264394, 20250401213000)
 (3171., 3172., 3166., 3168., 27316., 1262534, 20250401214500)
 (3168., 3173., 3167., 3171., 17831., 1259687, 20250401220000)
 (3171., 3173., 3168., 3171., 10256., 1259647, 20250401221500)
 (3170., 3174., 3168., 3171., 14512., 1259734, 20250401223000)
 (3170., 3174., 3169., 3173., 12490., 1257953, 20250401224500)
 (3173., 3175., 3172., 3174., 16730., 1254269, 20250401230000)
 (3174., 3177., 3168., 3174., 39394., 1249077, 20250402091500)
 (3173., 3178., 3170., 3175., 26705., 1250936, 20250402093000)
 (3176., 3177., 3170., 3170., 19391., 1249491, 20250402094500)
 (3170., 3171., 3167., 3167., 27877., 1248827, 20250402100000)
 (3168., 3174., 3165., 3173., 32640., 1245048, 20250402101500)
 (3173., 3179., 3172., 3176., 41530., 1241711, 20250402104500)
 (3177., 3181., 3175., 3177., 36881., 1234095, 20250402110000)
 (3177., 3179., 3175., 3176., 13502., 1232146, 20250402111500)
 (3176., 3179., 3173., 3174., 20441., 1229613, 20250402113000)
 (3171., 3179., 3171., 3179., 26731., 1228253, 20250402134500)
 (3179., 3180., 3173., 3174., 20433., 1228041, 20250402140000)
 (3174., 3175., 3168., 3170., 32462., 1223265, 20250402141500)
 (3171., 3171., 3158., 3159., 55380., 1223044, 20250402143000)
 (3159., 3162., 3151., 3161., 75266., 1221997, 20250402144500)
 (3161., 3169., 3160., 3166., 62655., 1210865, 20250402150000)]
2025-04-03 15:30:00  INFO  [(3175., 3175., 3165., 3169.,  83101., 1209353, 20250402211500)
 (3169., 3170., 3166., 3166.,  18785., 1208154, 20250402213000)
 (3167., 3173., 3165., 3170.,  29893., 1209144, 20250402214500)
 (3170., 3174., 3170., 3173.,  23355., 1205950, 20250402220000)
 (3173., 3174., 3170., 3172.,   8493., 1204213, 20250402221500)
 (3172., 3172., 3169., 3170.,  12574., 1204023, 20250402223000)
 (3170., 3172., 3167., 3168.,  15108., 1201942, 20250402224500)
 (3168., 3170., 3163., 3164.,  22475., 1195790, 20250402230000)
 (3154., 3156., 3141., 3154., 143456., 1189156, 20250403091500)
 (3153., 3164., 3152., 3160.,  58121., 1180787, 20250403093000)
 (3161., 3184., 3161., 3183., 103474., 1178650, 20250403094500)
 (3183., 3190., 3176., 3177.,  88869., 1167017, 20250403100000)
 (3176., 3178., 3165., 3166.,  53069., 1161990, 20250403101500)
 (3171., 3174., 3166., 3168.,  43460., 1160835, 20250403104500)
 (3168., 3171., 3161., 3163.,  31947., 1156868, 20250403110000)
 (3162., 3162., 3155., 3156.,  43992., 1152753, 20250403111500)
 (3156., 3162., 3154., 3159.,  33953., 1150590, 20250403113000)
 (3160., 3164., 3157., 3158.,  35135., 1148775, 20250403134500)
 (3158., 3163., 3157., 3162.,  19481., 1147405, 20250403140000)
 (3162., 3165., 3161., 3162.,  27462., 1143138, 20250403141500)
 (3163., 3163., 3158., 3161.,  19129., 1139665, 20250403143000)
 (3161., 3163., 3157., 3157.,  16827., 1135661, 20250403144500)
 (3158., 3165., 3157., 3164.,  43037., 1118015, 20250403150000)]
2025-04-07 15:30:00  INFO  [(3162., 3162., 3155., 3156.,  43992., 1152753, 20250403111500)
 (3156., 3162., 3154., 3159.,  33953., 1150590, 20250403113000)
 (3160., 3164., 3157., 3158.,  35135., 1148775, 20250403134500)
 (3158., 3163., 3157., 3162.,  19481., 1147405, 20250403140000)
 (3162., 3165., 3161., 3162.,  27462., 1143138, 20250403141500)
 (3163., 3163., 3158., 3161.,  19129., 1139665, 20250403143000)
 (3161., 3163., 3157., 3157.,  16827., 1135661, 20250403144500)
 (3158., 3165., 3157., 3164.,  43037., 1118015, 20250403150000)
 (3080., 3088., 3041., 3077., 358865., 1046596, 20250407091500)
 (3077., 3088., 3074., 3074.,  97637., 1033625, 20250407093000)
 (3074., 3085., 3069., 3072.,  67117., 1027412, 20250407094500)
 (3071., 3082., 3064., 3078.,  56519., 1022800, 20250407100000)
 (3078., 3086., 3076., 3084.,  46359., 1013922, 20250407101500)
 (3084., 3102., 3082., 3101.,  64097., 1005919, 20250407104500)
 (3101., 3108., 3092., 3093.,  56166., 1001377, 20250407110000)
 (3093., 3097., 3089., 3090.,  22275.,  996912, 20250407111500)
 (3091., 3096., 3090., 3094.,  18157.,  994287, 20250407113000)
 (3094., 3094., 3076., 3080.,  48869.,  987774, 20250407134500)
 (3079., 3085., 3077., 3081.,  25508.,  982399, 20250407140000)
 (3081., 3081., 3071., 3071.,  38690.,  973076, 20250407141500)
 (3071., 3079., 3069., 3074.,  39124.,  963252, 20250407143000)
 (3075., 3095., 3073., 3084.,  62250.,  953980, 20250407144500)
 (3084., 3087., 3081., 3083.,  40759.,  939691, 20250407150000)]
2025-04-08 15:30:00  INFO  [(3078., 3107., 3078., 3099., 96448., 927938, 20250407211500)
 (3099., 3103., 3097., 3099., 25609., 924845, 20250407213000)
 (3100., 3100., 3091., 3092., 20435., 920411, 20250407214500)
 (3092., 3098., 3091., 3096., 12276., 917363, 20250407220000)
 (3097., 3101., 3093., 3100., 18979., 913963, 20250407221500)
 (3101., 3109., 3097., 3098., 30127., 911083, 20250407223000)
 (3099., 3103., 3097., 3099.,  9895., 910200, 20250407224500)
 (3100., 3102., 3099., 3102., 11935., 906590, 20250407230000)
 (3100., 3100., 3076., 3077., 70225., 898460, 20250408091500)
 (3077., 3079., 3073., 3078., 35628., 893979, 20250408093000)
 (3078., 3086., 3076., 3078., 22577., 890431, 20250408094500)
 (3077., 3081., 3075., 3079., 13611., 888723, 20250408100000)
 (3079., 3081., 3076., 3078., 10491., 885744, 20250408101500)
 (3080., 3080., 3070., 3071., 27435., 885581, 20250408104500)
 (3072., 3075., 3065., 3068., 30533., 881073, 20250408110000)
 (3067., 3072., 3060., 3066., 33445., 879205, 20250408111500)
 (3066., 3073., 3065., 3066., 22917., 878560, 20250408113000)
 (3064., 3067., 3056., 3058., 28842., 874196, 20250408134500)
 (3058., 3059., 3050., 3057., 34229., 871305, 20250408140000)
 (3057., 3058., 3044., 3047., 26567., 868020, 20250408141500)
 (3046., 3047., 3035., 3040., 48451., 858661, 20250408143000)
 (3041., 3053., 3038., 3045., 35829., 852647, 20250408144500)
 (3045., 3049., 3039., 3039., 32129., 844478, 20250408150000)]
2025-04-09 15:30:00  INFO  [(3041., 3060., 3035., 3053.,  56196., 839539, 20250408211500)
 (3054., 3054., 3043., 3047.,  20976., 837638, 20250408213000)
 (3046., 3048., 3042., 3043.,  11288., 836495, 20250408214500)
 (3044., 3045., 3040., 3043.,  10694., 834513, 20250408220000)
 (3044., 3047., 3042., 3044.,  10240., 832201, 20250408221500)
 (3044., 3047., 3042., 3045.,   4751., 831469, 20250408223000)
 (3045., 3047., 3041., 3042.,   5972., 830483, 20250408224500)
 (3041., 3043., 3030., 3031.,  20013., 825767, 20250408230000)
 (3020., 3020., 2983., 2992., 119253., 806937, 20250409091500)
 (2991., 2996., 2962., 2989.,  90656., 785037, 20250409093000)
 (2988., 2995., 2978., 2984.,  39488., 775307, 20250409094500)
 (2985., 2994., 2978., 2993.,  20291., 770773, 20250409100000)
 (2992., 3004., 2990., 2996.,  27913., 763495, 20250409101500)
 (2998., 2999., 2988., 2995.,  16615., 760016, 20250409104500)
 (2994., 3016., 2994., 3015.,  23337., 755437, 20250409110000)
 (3015., 3021., 3003., 3006.,  33427., 751061, 20250409111500)
 (3006., 3018., 3003., 3017.,  15261., 748673, 20250409113000)
 (3019., 3020., 3008., 3016.,  26508., 745671, 20250409134500)
 (3017., 3021., 3014., 3018.,  12621., 743804, 20250409140000)
 (3018., 3023., 3013., 3022.,  13344., 742302, 20250409141500)
 (3022., 3032., 3019., 3021.,  21840., 738598, 20250409143000)
 (3022., 3031., 3020., 3021.,  23021., 732347, 20250409144500)
 (3021., 3021., 3010., 3013.,  24182., 729028, 20250409150000)]
2025-04-10 15:30:00  INFO  [(3000., 3010., 2995., 3009., 46266., 726199, 20250409211500)
 (3009., 3017., 3005., 3016., 16093., 725879, 20250409213000)
 (3017., 3022., 3015., 3019., 16626., 724789, 20250409214500)
 (3020., 3021., 3013., 3014.,  8797., 724083, 20250409220000)
 (3014., 3024., 3014., 3017., 11775., 721689, 20250409221500)
 (3017., 3025., 3017., 3021.,  8960., 719340, 20250409223000)
 (3022., 3027., 3022., 3023.,  7972., 717826, 20250409224500)
 (3023., 3024., 3013., 3018., 10645., 715330, 20250409230000)
 (3050., 3068., 3037., 3040., 70120., 705345, 20250410091500)
 (3040., 3057., 3040., 3057., 23806., 703111, 20250410093000)
 (3056., 3063., 3050., 3057., 20419., 699761, 20250410094500)
 (3057., 3060., 3051., 3060., 12634., 697559, 20250410100000)
 (3060., 3071., 3060., 3063., 26877., 691017, 20250410101500)
 (3065., 3065., 3053., 3059., 16425., 689339, 20250410104500)
 (3059., 3061., 3055., 3058.,  8799., 687531, 20250410110000)
 (3058., 3068., 3052., 3061., 14717., 684126, 20250410111500)
 (3061., 3062., 3052., 3055., 14721., 681682, 20250410113000)
 (3059., 3064., 3053., 3058., 19063., 679392, 20250410134500)
 (3058., 3065., 3055., 3059., 16156., 676318, 20250410140000)
 (3060., 3069., 3059., 3067., 11240., 673757, 20250410141500)
 (3067., 3067., 3059., 3060.,  6523., 672622, 20250410143000)
 (3059., 3063., 3058., 3060.,  6108., 672352, 20250410144500)
 (3060., 3062., 3057., 3061., 10889., 670422, 20250410150000)]
2025-04-11 15:30:00  INFO  [(3069., 3069., 3046., 3046., 30587., 664461, 20250410211500)
 (3047., 3051., 3045., 3046.,  9153., 664053, 20250410213000)
 (3046., 3047., 3042., 3045.,  9016., 664204, 20250410214500)
 (3046., 3050., 3044., 3048.,  6567., 664610, 20250410220000)
 (3047., 3054., 3047., 3052.,  5764., 663933, 20250410221500)
 (3052., 3055., 3050., 3051.,  5275., 663767, 20250410223000)
 (3051., 3058., 3051., 3051.,  9005., 663165, 20250410224500)
 (3052., 3053., 3048., 3053., 10511., 661852, 20250410230000)
 (3048., 3049., 3040., 3043., 16153., 660913, 20250411091500)
 (3044., 3048., 3037., 3043., 10053., 661114, 20250411093000)
 (3043., 3045., 3038., 3039.,  9900., 659293, 20250411094500)
 (3039., 3040., 3035., 3038.,  8328., 659331, 20250411100000)
 (3039., 3040., 3024., 3024., 20541., 656426, 20250411101500)
 (3026., 3033., 3023., 3026., 14211., 653466, 20250411104500)
 (3025., 3032., 3024., 3032., 10740., 653160, 20250411110000)
 (3031., 3038., 3028., 3037.,  9531., 650811, 20250411111500)
 (3036., 3038., 3028., 3035., 11093., 650027, 20250411113000)
 (3038., 3058., 3038., 3057., 34195., 643807, 20250411134500)
 (3057., 3058., 3048., 3050., 13198., 643141, 20250411140000)
 (3049., 3054., 3047., 3048.,  7420., 642495, 20250411141500)
 (3049., 3050., 3045., 3048.,  6657., 640744, 20250411143000)
 (3049., 3051., 3042., 3044.,  8796., 638815, 20250411144500)
 (3045., 3052., 3043., 3050., 12158., 636266, 20250411150000)]
2025-04-14 15:30:00  INFO  [(3053., 3053., 3042., 3050., 15830., 634887, 20250411211500)
 (3050., 3052., 3046., 3048.,  4478., 634675, 20250411213000)
 (3047., 3050., 3045., 3049.,  5359., 633812, 20250411214500)
 (3050., 3050., 3047., 3049.,  2587., 633588, 20250411220000)
 (3048., 3052., 3046., 3052.,  3512., 633317, 20250411221500)
 (3051., 3055., 3049., 3049.,  8246., 630433, 20250411223000)
 (3049., 3052., 3048., 3049.,  2172., 629809, 20250411224500)
 (3050., 3050., 3046., 3047.,  5015., 629089, 20250411230000)
 (3055., 3064., 3055., 3055., 23365., 624020, 20250414091500)
 (3056., 3062., 3056., 3058., 10168., 621339, 20250414093000)
 (3058., 3062., 3055., 3058.,  9133., 617323, 20250414094500)
 (3057., 3062., 3056., 3060.,  6333., 615896, 20250414100000)
 (3059., 3061., 3054., 3054.,  7307., 615790, 20250414101500)
 (3054., 3055., 3046., 3046.,  9316., 614804, 20250414104500)
 (3046., 3049., 3043., 3047., 12315., 611606, 20250414110000)
 (3047., 3051., 3045., 3049., 11572., 608116, 20250414111500)
 (3048., 3050., 3046., 3046.,  5183., 606015, 20250414113000)
 (3046., 3054., 3045., 3051.,  9457., 604414, 20250414134500)
 (3050., 3053., 3048., 3050.,  8083., 600795, 20250414140000)
 (3051., 3056., 3050., 3052.,  6268., 598639, 20250414141500)
 (3052., 3052., 3047., 3049.,  3530., 598009, 20250414143000)
 (3048., 3050., 3046., 3049.,  3674., 596905, 20250414144500)
 (3049., 3050., 3046., 3047.,  4455., 595696, 20250414150000)]
2025-04-15 15:30:00  INFO  [(3050., 3056., 3048., 3048., 12674., 592282, 20250414211500)
 (3048., 3050., 3045., 3049.,  4456., 590696, 20250414213000)
 (3050., 3050., 3046., 3048.,  2371., 589893, 20250414214500)
 (3048., 3052., 3046., 3052.,  5046., 589283, 20250414220000)
 (3052., 3056., 3052., 3054.,  6388., 587886, 20250414221500)
 (3054., 3056., 3053., 3054.,  2635., 586475, 20250414223000)
 (3055., 3056., 3052., 3054.,  2538., 585323, 20250414224500)
 (3054., 3058., 3053., 3056.,  5845., 583709, 20250414230000)
 (3054., 3058., 3048., 3048.,  6983., 582711, 20250415091500)
 (3048., 3050., 3047., 3047.,  2866., 582321, 20250415093000)
 (3048., 3049., 3045., 3047.,  5765., 581039, 20250415094500)
 (3047., 3048., 3041., 3041.,  8797., 578695, 20250415100000)
 (3041., 3045., 3038., 3043.,  8841., 579160, 20250415101500)
 (3045., 3049., 3043., 3048.,  9898., 574761, 20250415104500)
 (3048., 3048., 3040., 3041.,  4957., 573870, 20250415110000)
 (3041., 3045., 3040., 3045.,  1771., 573371, 20250415111500)
 (3045., 3048., 3043., 3048.,  5640., 571893, 20250415113000)
 (3048., 3049., 3039., 3046., 13897., 569362, 20250415134500)
 (3045., 3055., 3044., 3054., 13887., 567313, 20250415140000)
 (3055., 3056., 3049., 3054.,  9482., 565322, 20250415141500)
 (3055., 3055., 3047., 3049.,  4636., 564409, 20250415143000)
 (3049., 3050., 3045., 3048.,  5717., 562589, 20250415144500)
 (3047., 3052., 3047., 3049.,  5130., 560672, 20250415150000)]
2025-04-16 15:30:00  INFO  [(3050., 3054., 3041., 3051., 13720., 558198, 20250415211500)
 (3051., 3051., 3048., 3049.,  3117., 557617, 20250415213000)
 (3049., 3051., 3049., 3050.,  1502., 557090, 20250415214500)
 (3050., 3051., 3047., 3048.,  2092., 555739, 20250415220000)
 (3049., 3050., 3048., 3049.,  3961., 554386, 20250415221500)
 (3048., 3050., 3044., 3047.,  2163., 553829, 20250415223000)
 (3047., 3048., 3045., 3046.,  1107., 553785, 20250415224500)
 (3045., 3047., 3044., 3046.,  1302., 553315, 20250415230000)
 (3046., 3049., 3042., 3048.,  7887., 552074, 20250416091500)
 (3048., 3050., 3043., 3044.,  5423., 550637, 20250416093000)
 (3043., 3047., 3042., 3044.,  8526., 550798, 20250416094500)
 (3044., 3044., 3033., 3037.,  8501., 550263, 20250416100000)
 (3037., 3039., 3030., 3031., 10805., 547752, 20250416101500)
 (3031., 3031., 3020., 3024., 16462., 543888, 20250416104500)
 (3023., 3029., 3022., 3026.,  6703., 543045, 20250416110000)
 (3026., 3030., 3024., 3026.,  7819., 541027, 20250416111500)
 (3025., 3027., 3021., 3023.,  4073., 540047, 20250416113000)
 (3025., 3032., 3023., 3025.,  9524., 536610, 20250416134500)
 (3026., 3027., 3020., 3022.,  5112., 536450, 20250416140000)
 (3022., 3024., 3019., 3023.,  4251., 535397, 20250416141500)
 (3023., 3023., 3018., 3020.,  4051., 533927, 20250416143000)
 (3021., 3025., 3018., 3019.,  4675., 532992, 20250416144500)
 (3019., 3026., 3017., 3023.,  9921., 531342, 20250416150000)]
2025-04-17 15:30:00  INFO  [(3019., 3030., 3017., 3018., 10522., 528709, 20250416211500)
 (3018., 3022., 3017., 3021.,  7584., 525836, 20250416213000)
 (3020., 3028., 3020., 3027.,  5005., 524361, 20250416214500)
 (3028., 3033., 3027., 3027.,  5898., 522624, 20250416220000)
 (3028., 3030., 3027., 3028.,  1009., 522297, 20250416221500)
 (3028., 3033., 3027., 3029.,  2929., 521580, 20250416223000)
 (3029., 3029., 3027., 3028.,  1609., 521313, 20250416224500)
 (3029., 3029., 3026., 3028.,  1740., 520399, 20250416230000)
 (3027., 3029., 3022., 3022.,  4483., 519966, 20250417091500)
 (3024., 3026., 3021., 3024.,  3185., 518485, 20250417093000)
 (3023., 3031., 3023., 3031.,  4774., 516629, 20250417094500)
 (3031., 3032., 3028., 3029.,  9410., 516845, 20250417100000)
 (3031., 3031., 3024., 3025.,  6180., 515537, 20250417101500)
 (3025., 3027., 3022., 3026.,  5516., 513766, 20250417104500)
 (3025., 3035., 3024., 3031.,  9561., 510866, 20250417110000)
 (3031., 3032., 3027., 3029.,  5961., 508650, 20250417111500)
 (3029., 3037., 3026., 3035.,  8619., 506423, 20250417113000)
 (3034., 3043., 3031., 3042., 15730., 501240, 20250417134500)
 (3042., 3042., 3033., 3034.,  5863., 499057, 20250417140000)
 (3033., 3034., 3030., 3032.,  3138., 498277, 20250417141500)
 (3033., 3034., 3029., 3030.,  3320., 497784, 20250417143000)
 (3030., 3031., 3021., 3022., 10054., 495433, 20250417144500)
 (3021., 3027., 3020., 3022.,  8517., 494077, 20250417150000)]
2025-04-18 15:30:00  INFO  [(3015., 3027., 3015., 3023., 11747., 494415, 20250417211500)
 (3023., 3027., 3022., 3027.,  4780., 493532, 20250417213000)
 (3027., 3029., 3022., 3025.,  3986., 493128, 20250417214500)
 (3025., 3025., 3021., 3022.,  2816., 492070, 20250417220000)
 (3021., 3025., 3021., 3024.,  3483., 491295, 20250417221500)
 (3024., 3025., 3016., 3017.,  4361., 489878, 20250417223000)
 (3017., 3018., 3015., 3016.,  4005., 489892, 20250417224500)
 (3016., 3019., 3013., 3013.,  5682., 489494, 20250417230000)
 (3016., 3021., 3012., 3012.,  9912., 487944, 20250418091500)
 (3012., 3015., 3010., 3015.,  6165., 486980, 20250418093000)
 (3014., 3018., 3012., 3018.,  3718., 486423, 20250418094500)
 (3018., 3024., 3015., 3023.,  5584., 484843, 20250418100000)
 (3023., 3025., 3019., 3019.,  4151., 482848, 20250418101500)
 (3019., 3019., 3013., 3018.,  3877., 482667, 20250418104500)
 (3018., 3022., 3016., 3016.,  2705., 481895, 20250418110000)
 (3017., 3017., 3013., 3014.,  2400., 480787, 20250418111500)
 (3014., 3017., 3010., 3010.,  6912., 478420, 20250418113000)
 (3010., 3016., 3010., 3010.,  7533., 476209, 20250418134500)
 (3009., 3015., 3007., 3012.,  6502., 474159, 20250418140000)
 (3012., 3014., 3009., 3014.,  5665., 472642, 20250418141500)
 (3013., 3022., 3013., 3021.,  7262., 471141, 20250418143000)
 (3021., 3021., 3009., 3010.,  6561., 468728, 20250418144500)
 (3009., 3010., 3002., 3003., 15769., 466171, 20250418150000)]
2025-04-21 15:30:00  INFO  [(3005., 3009., 3000., 3002., 13332., 463616, 20250418211500)
 (3003., 3008., 3001., 3006.,  3022., 462664, 20250418213000)
 (3007., 3009., 3005., 3008.,  3064., 461938, 20250418214500)
 (3008., 3011., 3007., 3010.,  3197., 460249, 20250418220000)
 (3011., 3013., 3008., 3010.,  2068., 459656, 20250418221500)
 (3010., 3019., 3010., 3019.,  3632., 458559, 20250418223000)
 (3019., 3019., 3013., 3014.,  2394., 458302, 20250418224500)
 (3014., 3017., 3013., 3017.,  3099., 457268, 20250418230000)
 (3017., 3034., 3017., 3034., 23322., 451814, 20250421091500)
 (3033., 3035., 3023., 3027., 15753., 448707, 20250421093000)
 (3027., 3032., 3022., 3032.,  7629., 446447, 20250421094500)
 (3031., 3034., 3029., 3034.,  4646., 444726, 20250421100000)
 (3034., 3035., 3030., 3032.,  6048., 442705, 20250421101500)
 (3031., 3031., 3026., 3029.,  3929., 440781, 20250421104500)
 (3029., 3031., 3028., 3030.,  4077., 439457, 20250421110000)
 (3030., 3032., 3027., 3030.,  2237., 438461, 20250421111500)
 (3030., 3035., 3028., 3034.,  4951., 438546, 20250421113000)
 (3035., 3039., 3034., 3038.,  9209., 435545, 20250421134500)
 (3039., 3040., 3036., 3040.,  7688., 434353, 20250421140000)
 (3040., 3041., 3038., 3041.,  8733., 432076, 20250421141500)
 (3040., 3041., 3036., 3038.,  5351., 432227, 20250421143000)
 (3038., 3038., 3034., 3035.,  3684., 430638, 20250421144500)
 (3034., 3040., 3034., 3039., 10483., 425777, 20250421150000)]
2025-04-22 15:30:00  INFO  [(3036., 3043., 3033., 3035., 10448., 424246, 20250421211500)
 (3034., 3036., 3033., 3034.,  5264., 423081, 20250421213000)
 (3034., 3037., 3033., 3034.,  3130., 422669, 20250421214500)
 (3035., 3036., 3032., 3034.,  2772., 422278, 20250421220000)
 (3034., 3035., 3031., 3033.,  3110., 421126, 20250421221500)
 (3033., 3035., 3032., 3033.,  1516., 421060, 20250421223000)
 (3032., 3034., 3031., 3031.,  1481., 420585, 20250421224500)
 (3031., 3032., 3027., 3032.,  3982., 420040, 20250421230000)
 (3025., 3031., 3023., 3031.,  7676., 418934, 20250422091500)
 (3031., 3034., 3028., 3030.,  6109., 417899, 20250422093000)
 (3030., 3032., 3028., 3028.,  2517., 417185, 20250422094500)
 (3028., 3030., 3022., 3023.,  5395., 415743, 20250422100000)
 (3023., 3029., 3021., 3028.,  4807., 413840, 20250422101500)
 (3029., 3029., 3022., 3024., 13159., 407541, 20250422104500)
 (3023., 3026., 3022., 3026.,  6392., 404231, 20250422110000)
 (3026., 3027., 3021., 3026.,  6182., 400925, 20250422111500)
 (3026., 3026., 3020., 3023.,  8139., 398228, 20250422113000)
 (3025., 3030., 3025., 3029.,  6433., 394333, 20250422134500)
 (3029., 3029., 3023., 3024.,  4809., 391933, 20250422140000)
 (3023., 3025., 3020., 3022.,  5693., 388819, 20250422141500)
 (3021., 3022., 3008., 3010., 15488., 384768, 20250422143000)
 (3010., 3011., 3000., 3004., 23528., 377013, 20250422144500)
 (3003., 3011., 3002., 3006.,  9919., 375427, 20250422150000)]
2025-04-23 15:30:00  INFO  [(3000., 3017., 3000., 3012., 12218., 374027, 20250422211500)
 (3012., 3019., 3011., 3017.,  4363., 372038, 20250422213000)
 (3018., 3018., 3014., 3016.,  2504., 371318, 20250422214500)
 (3016., 3019., 3016., 3017.,  1869., 370761, 20250422220000)
 (3017., 3020., 3017., 3019.,  2047., 369796, 20250422221500)
 (3018., 3023., 3018., 3019.,  3437., 368610, 20250422223000)
 (3019., 3019., 3015., 3016.,   983., 368191, 20250422224500)
 (3017., 3018., 3012., 3016.,  1994., 367540, 20250422230000)
 (3022., 3040., 3022., 3036., 23611., 360201, 20250423091500)
 (3037., 3037., 3025., 3027.,  8047., 358376, 20250423093000)
 (3027., 3030., 3022., 3028.,  3565., 357794, 20250423094500)
 (3029., 3030., 3025., 3026.,  1453., 357320, 20250423100000)
 (3026., 3027., 3023., 3027.,  2714., 357189, 20250423101500)
 (3028., 3029., 3024., 3027.,  2668., 356388, 20250423104500)
 (3027., 3033., 3026., 3033.,  4130., 355041, 20250423110000)
 (3033., 3038., 3032., 3033.,  5009., 353655, 20250423111500)
 (3033., 3041., 3031., 3037., 12124., 349356, 20250423113000)
 (3039., 3048., 3038., 3046., 11897., 344990, 20250423134500)
 (3046., 3050., 3044., 3050.,  9228., 342043, 20250423140000)
 (3050., 3051., 3045., 3050.,  8346., 339219, 20250423141500)
 (3050., 3058., 3050., 3057., 12939., 332441, 20250423143000)
 (3056., 3066., 3056., 3063., 18000., 323414, 20250423144500)
 (3064., 3065., 3058., 3059., 12060., 318809, 20250423150000)]
2025-04-24 15:30:00  INFO  [(3054., 3060., 3051., 3056.,  6485., 316341, 20250423211500)
 (3056., 3057., 3053., 3054.,  2748., 315526, 20250423213000)
 (3054., 3056., 3051., 3053.,  2745., 314427, 20250423214500)
 (3054., 3057., 3051., 3052.,  2008., 313510, 20250423220000)
 (3052., 3053., 3049., 3050.,  1493., 313363, 20250423221500)
 (3050., 3051., 3045., 3046.,  2664., 313068, 20250423223000)
 (3046., 3050., 3046., 3049.,  2606., 312576, 20250423224500)
 (3050., 3054., 3049., 3051.,  3455., 310935, 20250423230000)
 (3045., 3051., 3040., 3043.,  8038., 307162, 20250424091500)
 (3042., 3047., 3040., 3044.,  9993., 305707, 20250424093000)
 (3045., 3046., 3042., 3042.,  4142., 303659, 20250424094500)
 (3043., 3047., 3042., 3047.,  1905., 303010, 20250424100000)
 (3047., 3048., 3043., 3046.,  2304., 301935, 20250424101500)
 (3046., 3049., 3044., 3047.,  2147., 301172, 20250424104500)
 (3048., 3048., 3043., 3043.,  3282., 300766, 20250424110000)
 (3043., 3050., 3040., 3042.,  5545., 298853, 20250424111500)
 (3041., 3044., 3037., 3041.,  5083., 297670, 20250424113000)
 (3039., 3042., 3026., 3031., 12840., 296461, 20250424134500)
 (3031., 3035., 3029., 3032.,  5043., 295097, 20250424140000)
 (3032., 3034., 3023., 3023.,  5057., 294307, 20250424141500)
 (3023., 3029., 3021., 3023.,  5564., 293637, 20250424143000)
 (3024., 3031., 3024., 3025.,  4191., 292581, 20250424144500)
 (3026., 3034., 3025., 3030.,  7521., 292038, 20250424150000)]
2025-04-25 15:30:00  INFO  [(3040., 3041., 3027., 3028., 12813., 282880, 20250424211500)
 (3028., 3030., 3026., 3028.,  5451., 279763, 20250424213000)
 (3028., 3030., 3019., 3023.,  5284., 277315, 20250424214500)
 (3023., 3028., 3021., 3028.,  2660., 275849, 20250424220000)
 (3028., 3028., 3021., 3024.,   890., 275516, 20250424221500)
 (3024., 3027., 3024., 3026.,   965., 275414, 20250424223000)
 (3025., 3029., 3025., 3028.,  1275., 274731, 20250424224500)
 (3028., 3030., 3026., 3029.,  1995., 273960, 20250424230000)
 (3030., 3037., 3030., 3036.,  8373., 268883, 20250425091500)
 (3036., 3036., 3030., 3032.,  3894., 267296, 20250425093000)
 (3032., 3039., 3032., 3037.,  3870., 265998, 20250425094500)
 (3038., 3043., 3037., 3038.,  5584., 263622, 20250425100000)
 (3040., 3044., 3035., 3036.,  6291., 261077, 20250425101500)
 (3041., 3046., 3032., 3045.,  7131., 257817, 20250425104500)
 (3046., 3046., 3040., 3043.,  4101., 256048, 20250425110000)
 (3044., 3048., 3042., 3048.,  8620., 250693, 20250425111500)
 (3048., 3050., 3043., 3046.,  7933., 247012, 20250425113000)
 (3046., 3047., 3041., 3044.,  5442., 244036, 20250425134500)
 (3043., 3045., 3027., 3027.,  7212., 241480, 20250425140000)
 (3027., 3030., 3021., 3022.,  9678., 237503, 20250425141500)
 (3021., 3029., 3021., 3026.,  8282., 234856, 20250425143000)
 (3026., 3030., 3022., 3029.,  4248., 233469, 20250425144500)
 (3030., 3034., 3022., 3025.,  9082., 229922, 20250425150000)]
2025-04-28 15:30:00  INFO  [(3037., 3066., 3030., 3066., 31509., 214840, 20250425211500)
 (3065., 3074., 3060., 3067., 16988., 209402, 20250425213000)
 (3067., 3072., 3065., 3066.,  7086., 206861, 20250425214500)
 (3066., 3067., 3060., 3064.,  4386., 205116, 20250425220000)
 (3064., 3070., 3063., 3068.,  4120., 203608, 20250425221500)
 (3068., 3073., 3065., 3066.,  4899., 201827, 20250425223000)
 (3065., 3077., 3065., 3075.,  7692., 198196, 20250425224500)
 (3075., 3080., 3073., 3078.,  7490., 194141, 20250425230000)
 (3078., 3078., 3055., 3064., 18129., 188755, 20250428091500)
 (3064., 3069., 3058., 3060.,  5724., 185823, 20250428093000)
 (3060., 3067., 3057., 3059.,  7405., 183340, 20250428094500)
 (3060., 3063., 3057., 3057.,  2788., 181970, 20250428100000)
 (3057., 3061., 3054., 3054.,  3982., 179639, 20250428101500)
 (3054., 3055., 3044., 3053.,  9330., 176439, 20250428104500)
 (3052., 3052., 3043., 3045.,  3447., 175506, 20250428110000)
 (3045., 3054., 3045., 3053.,  2485., 174825, 20250428111500)
 (3053., 3060., 3050., 3057.,  2561., 173846, 20250428113000)
 (3060., 3066., 3057., 3059.,  7879., 170047, 20250428134500)
 (3060., 3065., 3059., 3062.,  4888., 167907, 20250428140000)
 (3063., 3064., 3057., 3058.,  2402., 166929, 20250428141500)
 (3058., 3060., 3055., 3058.,  5176., 165168, 20250428143000)
 (3057., 3061., 3056., 3057.,  4125., 163947, 20250428144500)
 (3058., 3060., 3054., 3060.,  6021., 159636, 20250428150000)]
2025-04-29 15:30:00  INFO  [(3056., 3064., 3050., 3054., 10136., 154585, 20250428211500)
 (3053., 3055., 3050., 3053.,  2913., 152569, 20250428213000)
 (3054., 3056., 3052., 3056.,  3358., 150643, 20250428214500)
 (3055., 3056., 3053., 3054.,  2297., 149016, 20250428220000)
 (3054., 3057., 3053., 3055.,  1638., 148335, 20250428221500)
 (3055., 3057., 3054., 3056.,   917., 147649, 20250428223000)
 (3056., 3057., 3055., 3055.,   719., 147135, 20250428224500)
 (3055., 3056., 3053., 3055.,   986., 146752, 20250428230000)
 (3055., 3057., 3045., 3045.,  6823., 142687, 20250429091500)
 (3045., 3047., 3035., 3036.,  8962., 137490, 20250429093000)
 (3037., 3040., 3032., 3039.,  5314., 134392, 20250429094500)
 (3039., 3042., 3036., 3041.,  2949., 132355, 20250429100000)
 (3042., 3044., 3037., 3044.,  3298., 130573, 20250429101500)
 (3040., 3043., 3038., 3041.,  2521., 128914, 20250429104500)
 (3042., 3044., 3039., 3043.,  3618., 127470, 20250429110000)
 (3043., 3046., 3042., 3042.,  2991., 126571, 20250429111500)
 (3042., 3050., 3040., 3044.,  5253., 124656, 20250429113000)
 (3045., 3056., 3045., 3053.,  9660., 118106, 20250429134500)
 (3054., 3060., 3052., 3060.,  8143., 112018, 20250429140000)
 (3059., 3062., 3042., 3044.,  8572., 108477, 20250429141500)
 (3044., 3050., 3040., 3049.,  5805., 107229, 20250429143000)
 (3048., 3053., 3048., 3051.,  2856., 105368, 20250429144500)
 (3051., 3052., 3045., 3045.,  3472., 103159, 20250429150000)]
2025-04-30 15:30:00  INFO  [(3050., 3056., 3045., 3055., 5596., 99238, 20250429211500)
 (3054., 3056., 3053., 3054., 1770., 97837, 20250429213000)
 (3054., 3058., 3053., 3057., 2466., 96115, 20250429214500)
 (3057., 3058., 3056., 3057., 1486., 94960, 20250429220000)
 (3057., 3059., 3055., 3057., 1937., 93538, 20250429221500)
 (3056., 3060., 3056., 3059., 2502., 91472, 20250429223000)
 (3060., 3060., 3057., 3060., 1458., 90277, 20250429224500)
 (3059., 3064., 3053., 3058., 4518., 87222, 20250429230000)
 (3059., 3062., 3046., 3053., 5837., 83019, 20250430091500)
 (3053., 3055., 3052., 3054., 3304., 80669, 20250430093000)
 (3055., 3056., 3052., 3054., 2959., 78826, 20250430094500)
 (3054., 3054., 3048., 3049., 1900., 77242, 20250430100000)
 (3050., 3051., 3045., 3045., 1953., 75863, 20250430101500)
 (3046., 3049., 3044., 3046., 3126., 73481, 20250430104500)
 (3047., 3052., 3045., 3049., 2907., 71327, 20250430110000)
 (3049., 3051., 3046., 3046., 1777., 70236, 20250430111500)
 (3046., 3049., 3040., 3040., 2798., 68048, 20250430113000)
 (3041., 3055., 3040., 3040., 6365., 63673, 20250430134500)
 (3040., 3045., 3035., 3037., 4788., 60863, 20250430140000)
 (3036., 3038., 3031., 3033., 6654., 56613, 20250430141500)
 (3032., 3032., 3028., 3032., 6399., 53160, 20250430143000)
 (3032., 3032., 3022., 3030., 7633., 48094, 20250430144500)
 (3030., 3060., 3025., 3060., 7980., 42607, 20250430150000)]
2025-05-06 15:30:00  INFO  [(3049., 3051., 3046., 3046., 1777., 70236, 20250430111500)
 (3046., 3049., 3040., 3040., 2798., 68048, 20250430113000)
 (3041., 3055., 3040., 3040., 6365., 63673, 20250430134500)
 (3040., 3045., 3035., 3037., 4788., 60863, 20250430140000)
 (3036., 3038., 3031., 3033., 6654., 56613, 20250430141500)
 (3032., 3032., 3028., 3032., 6399., 53160, 20250430143000)
 (3032., 3032., 3022., 3030., 7633., 48094, 20250430144500)
 (3030., 3060., 3025., 3060., 7980., 42607, 20250430150000)
 (3055., 3066., 3051., 3060., 1860., 41647, 20250506091500)
 (3060., 3060., 3053., 3055.,  990., 40987, 20250506093000)
 (3055., 3058., 3046., 3046.,  990., 40207, 20250506094500)
 (3046., 3046., 3038., 3040., 2130., 38767, 20250506100000)
 (3040., 3048., 3036., 3036.,  780., 38377, 20250506101500)
 (3036., 3043., 3036., 3041.,  787., 37830, 20250506104500)
 (3038., 3045., 3038., 3040.,  360., 37560, 20250506110000)
 (3040., 3045., 3040., 3041.,  120., 37440, 20250506111500)
 (3041., 3047., 3041., 3043.,  240., 37230, 20250506113000)
 (3045., 3049., 3040., 3043.,  900., 37050, 20250506134500)
 (3042., 3045., 3037., 3037.,  360., 36870, 20250506140000)
 (3037., 3038., 3037., 3038.,  270., 36630, 20250506141500)
 (3038., 3038., 3036., 3036.,  150., 36540, 20250506143000)
 (3036., 3038., 3035., 3035.,  480., 36060, 20250506144500)
 (3035., 3035., 3031., 3031.,  360., 35730, 20250506150000)]
2025-05-07 15:30:00  INFO  [(3037., 3060., 3037., 3058., 2490., 34590, 20250506211500)
 (3058., 3060., 3056., 3057., 1260., 33780, 20250506213000)
 (3059., 3060., 3057., 3060.,  960., 33090, 20250506214500)
 (3060., 3060., 3058., 3058.,  810., 32310, 20250506220000)
 (3058., 3059., 3058., 3058., 1050., 32160, 20250506221500)
 (3058., 3060., 3057., 3057.,  480., 31680, 20250506223000)
 (3057., 3058., 3057., 3058.,  210., 31470, 20250506224500)
 (3058., 3058., 3055., 3055.,  210., 31260, 20250506230000)
 (3059., 3074., 3059., 3070., 3120., 28920, 20250507091500)
 (3070., 3072., 3059., 3061.,  870., 28530, 20250507093000)
 (3061., 3062., 3053., 3053.,  840., 28020, 20250507094500)
 (3053., 3053., 3050., 3050.,  390., 27630, 20250507100000)
 (3050., 3053., 3050., 3053.,   60., 27570, 20250507101500)
 (3051., 3051., 3045., 3046.,  600., 27150, 20250507104500)
 (3046., 3050., 3046., 3050.,  300., 26880, 20250507110000)
 (3050., 3050., 3045., 3045.,  270., 26610, 20250507111500)
 (3045., 3045., 3042., 3044.,  150., 26520, 20250507113000)
 (3044., 3044., 3042., 3042.,  120., 26460, 20250507134500)
 (3042., 3045., 3041., 3045.,  240., 26220, 20250507140000)
 (3045., 3048., 3043., 3048.,  330., 25920, 20250507141500)
 (3048., 3048., 3045., 3045.,  210., 25710, 20250507143000)
 (3045., 3048., 3045., 3046.,  600., 25200, 20250507144500)
 (3046., 3052., 3046., 3048.,  270., 24960, 20250507150000)]
2025-05-08 15:30:00  INFO  [(3048., 3050., 3046., 3046.,  570., 24570, 20250507211500)
 (3046., 3047., 3045., 3045.,  240., 24390, 20250507213000)
 (3045., 3045., 3043., 3043.,  330., 24060, 20250507214500)
 (3043., 3043., 3041., 3041.,   60., 24030, 20250507220000)
 (3041., 3042., 3041., 3042.,   30., 24000, 20250507221500)
 (3042., 3044., 3042., 3044.,   60., 23970, 20250507223000)
 (3043., 3043., 3041., 3041.,  210., 23910, 20250507224500)
 (3041., 3041., 3041., 3041.,  120., 23820, 20250507230000)
 (3041., 3049., 3041., 3042., 1140., 23010, 20250508091500)
 (3043., 3044., 3041., 3042.,  480., 22860, 20250508093000)
 (3042., 3042., 3040., 3042., 1080., 22050, 20250508094500)
 (3042., 3049., 3035., 3049., 1350., 21300, 20250508100000)
 (3049., 3049., 3040., 3040.,  240., 21210, 20250508101500)
 (3043., 3044., 3031., 3031.,  870., 20760, 20250508104500)
 (3031., 3035., 3030., 3035.,  600., 20520, 20250508110000)
 (3038., 3038., 3032., 3036.,  210., 20430, 20250508111500)
 (3036., 3038., 3030., 3030.,  750., 20100, 20250508113000)
 (3030., 3030., 3016., 3016., 1440., 18810, 20250508134500)
 (3015., 3016., 3010., 3013., 1140., 17910, 20250508140000)
 (3011., 3017., 3010., 3011.,  810., 17520, 20250508141500)
 (3010., 3012., 3005., 3006.,  630., 17070, 20250508143000)
 (3006., 3006., 2997., 2997., 1920., 15390, 20250508144500)
 (2996., 2998., 2989., 2991., 2670., 13800, 20250508150000)]
2025-05-09 15:30:00  INFO  [(2995., 2998., 2990., 2998.,   90., 13710, 20250508211500)
 (2997., 2997., 2994., 2994.,  360., 13410, 20250508213000)
 (2994., 2994., 2994., 2994.,   30., 13380, 20250508214500)
 (2994., 2994., 2994., 2994.,   30., 13350, 20250508220000)
 (2994., 2994., 2986., 2986.,  210., 13200, 20250508221500)
 (2986., 2986., 2986., 2986.,    0., 13200, 20250508223000)
 (2986., 2991., 2986., 2991.,  120., 13080, 20250508224500)
 (2991., 2991., 2983., 2983.,   30., 13080, 20250508230000)
 (2983., 2985., 2977., 2982., 1410., 12420, 20250509091500)
 (2982., 2982., 2981., 2981.,   60., 12390, 20250509093000)
 (2981., 2991., 2981., 2991.,  210., 12360, 20250509094500)
 (2991., 3000., 2991., 2997.,  300., 12090, 20250509100000)
 (2997., 3000., 2996., 2996.,  210., 11880, 20250509101500)
 (2996., 2996., 2995., 2995.,   90., 11790, 20250509104500)
 (2995., 2995., 2994., 2994.,  150., 11640, 20250509110000)
 (2994., 2994., 2994., 2994.,    0., 11640, 20250509111500)
 (2994., 2994., 2992., 2992.,   30., 11610, 20250509113000)
 (2992., 2992., 2990., 2990.,  240., 11370, 20250509134500)
 (2990., 2990., 2990., 2990.,    0., 11370, 20250509140000)
 (2990., 2992., 2988., 2988.,  360., 11040, 20250509141500)
 (2988., 2988., 2982., 2982.,  360., 10710, 20250509143000)
 (2982., 2986., 2980., 2980.,  210., 10650, 20250509144500)
 (2979., 2988., 2978., 2988.,  270., 10470, 20250509150000)]
2025-05-12 15:30:00  INFO  [(2988., 2988., 2976., 2976., 180., 10290, 20250509211500)
 (2987., 2987., 2982., 2987., 420., 10020, 20250509213000)
 (2987., 2987., 2987., 2987.,   0., 10020, 20250509214500)
 (2987., 2987., 2987., 2987.,   0., 10020, 20250509220000)
 (2985., 2985., 2985., 2985.,  60.,  9960, 20250509221500)
 (2985., 2985., 2985., 2985.,   0.,  9960, 20250509223000)
 (2985., 2985., 2985., 2985.,   0.,  9960, 20250509224500)
 (2985., 2987., 2985., 2987.,  60.,  9900, 20250509230000)
 (2989., 3039., 2989., 3008., 420.,  9540, 20250512091500)
 (3008., 3016., 3008., 3012.,  60.,  9510, 20250512093000)
 (3012., 3012., 3008., 3008.,  90.,  9420, 20250512094500)
 (3008., 3010., 3004., 3010., 120.,  9300, 20250512100000)
 (3010., 3010., 3010., 3010., 150.,  9150, 20250512101500)
 (3010., 3021., 3010., 3020., 180.,  8970, 20250512104500)
 (3020., 3030., 3020., 3030.,  60.,  8940, 20250512110000)
 (3030., 3032., 3030., 3032.,  30.,  8910, 20250512111500)
 (3032., 3032., 3032., 3032.,   0.,  8910, 20250512113000)
 (3032., 3039., 3032., 3039., 570.,  8370, 20250512134500)
 (3039., 3039., 3037., 3037., 360.,  8070, 20250512140000)
 (3039., 3040., 3039., 3040., 300.,  7770, 20250512141500)
 (3040., 3040., 3036., 3036.,  60.,  7710, 20250512143000)
 (3038., 3038., 3038., 3038.,  60.,  7650, 20250512144500)
 (3038., 3038., 3036., 3036.,  30.,  7620, 20250512150000)]
2025-05-13 15:30:00  INFO  [(3053., 3059., 3043., 3059., 570., 7110, 20250512211500)
 (3062., 3062., 3062., 3062.,  30., 7110, 20250512213000)
 (3062., 3062., 3062., 3062.,   0., 7110, 20250512214500)
 (3062., 3062., 3050., 3050.,  30., 7080, 20250512220000)
 (3050., 3050., 3050., 3050.,   0., 7080, 20250512221500)
 (3050., 3050., 3050., 3050.,   0., 7080, 20250512223000)
 (3050., 3050., 3050., 3050.,  30., 7080, 20250512224500)
 (3050., 3050., 3050., 3050.,   0., 7080, 20250512230000)
 (3050., 3050., 3048., 3048.,  60., 7050, 20250513091500)
 (3048., 3048., 3048., 3048.,   0., 7050, 20250513093000)
 (3048., 3050., 3045., 3046., 180., 6870, 20250513094500)
 (3046., 3057., 3046., 3050.,  90., 6810, 20250513100000)
 (3050., 3050., 3050., 3050.,  30., 6780, 20250513101500)
 (3050., 3050., 3050., 3050.,   0., 6780, 20250513104500)
 (3050., 3050., 3048., 3048.,  60., 6720, 20250513110000)
 (3048., 3050., 3046., 3050.,  60., 6660, 20250513111500)
 (3050., 3050., 3035., 3035., 180., 6480, 20250513113000)
 (3035., 3035., 3035., 3035.,   0., 6480, 20250513134500)
 (3035., 3035., 3030., 3030.,  60., 6420, 20250513140000)
 (3030., 3030., 3030., 3030., 120., 6330, 20250513141500)
 (3030., 3033., 3030., 3033.,  30., 6300, 20250513143000)
 (3033., 3033., 3033., 3033.,   0., 6300, 20250513144500)
 (3033., 3033., 3033., 3033.,   0., 6300, 20250513150000)]
2025-05-14 15:30:00  INFO  [(3033., 3033., 3033., 3033.,   0., 6300, 20250513211500)
 (3033., 3035., 3030., 3030., 210., 6090, 20250513213000)
 (3030., 3037., 3030., 3037.,  60., 6060, 20250513214500)
 (3037., 3037., 3036., 3036.,  30., 6030, 20250513220000)
 (3036., 3043., 3036., 3043.,  30., 6000, 20250513221500)
 (3048., 3048., 3048., 3048.,  30., 5970, 20250513223000)
 (3048., 3048., 3048., 3048.,   0., 5970, 20250513224500)
 (3048., 3048., 3048., 3048.,   0., 5970, 20250513230000)
 (3060., 3060., 3060., 3060.,  90., 5880, 20250514091500)
 (3060., 3060., 3060., 3060.,   0., 5880, 20250514093000)
 (3060., 3060., 3060., 3060.,   0., 5880, 20250514094500)
 (3060., 3060., 3060., 3060.,   0., 5880, 20250514100000)
 (3060., 3060., 3060., 3060.,   0., 5880, 20250514101500)
 (3060., 3060., 3060., 3060.,  60., 5880, 20250514104500)
 (3060., 3060., 3060., 3060.,   0., 5880, 20250514110000)
 (3060., 3060., 3060., 3060.,   0., 5880, 20250514111500)
 (3060., 3060., 3060., 3060.,   0., 5880, 20250514113000)
 (3060., 3060., 3060., 3060.,   0., 5880, 20250514134500)
 (3060., 3060., 3060., 3060.,   0., 5880, 20250514140000)
 (3060., 3060., 3060., 3060.,   0., 5880, 20250514141500)
 (3060., 3060., 3060., 3060.,   0., 5880, 20250514143000)
 (3060., 3060., 3060., 3060.,   0., 5880, 20250514144500)
 (3060., 3060., 3060., 3060.,   0., 5880, 20250514150000)]
2025-05-15 15:30:00  INFO  [(3060., 3060., 3060., 3060.,   0., 5880, 20250514211500)
 (3060., 3060., 3060., 3060.,   0., 5880, 20250514213000)
 (3060., 3060., 3060., 3060.,   0., 5880, 20250514214500)
 (3060., 3060., 3060., 3060.,   0., 5880, 20250514220000)
 (3060., 3060., 3060., 3060.,   0., 5880, 20250514221500)
 (3060., 3060., 3060., 3060.,   0., 5880, 20250514223000)
 (3060., 3060., 3060., 3060.,  30., 5910, 20250514224500)
 (3060., 3060., 3060., 3060.,   0., 5910, 20250514230000)
 (3060., 3060., 3060., 3060.,  30., 5880, 20250515091500)
 (3060., 3060., 3060., 3060.,   0., 5880, 20250515093000)
 (3060., 3060., 3060., 3060.,   0., 5880, 20250515094500)
 (3060., 3070., 3060., 3070.,  30., 5850, 20250515100000)
 (3070., 3070., 3070., 3070.,  30., 5820, 20250515101500)
 (3065., 3065., 3065., 3065.,  60., 5760, 20250515104500)
 (3065., 3065., 3065., 3065.,  30., 5730, 20250515110000)
 (3065., 3065., 3065., 3065.,  30., 5700, 20250515111500)
 (3065., 3065., 3065., 3065.,  30., 5730, 20250515113000)
 (3065., 3065., 3065., 3065.,   0., 5730, 20250515134500)
 (3065., 3065., 3065., 3065.,   0., 5730, 20250515140000)
 (3065., 3065., 3065., 3065.,   0., 5730, 20250515141500)
 (3065., 3065., 3051., 3051., 150., 5760, 20250515143000)
 (3048., 3116., 3048., 3075., 150., 5730, 20250515144500)
 (3075., 3075., 3075., 3075.,   0., 5730, 20250515150000)]
