2024-01-16 15:30:00  INFO  [(3852., 3852., 3803., 3835., 66.,  55, 20240115211500)
 (3835., 3839., 3828., 3839., 12.,  63, 20240115213000)
 (3839., 3839., 3837., 3837.,  6.,  69, 20240115214500)
 (3837., 3847., 3836., 3841., 25.,  79, 20240115220000)
 (3842., 3842., 3836., 3836., 69., 137, 20240115221500)
 (3835., 3842., 3835., 3840., 12., 147, 20240115223000)
 (3840., 3840., 3834., 3835.,  7., 154, 20240115224500)
 (3835., 3835., 3823., 3823., 19., 163, 20240115230000)
 (3831., 3835., 3831., 3832., 30., 187, 20240116091500)
 (3831., 3831., 3820., 3820., 27., 202, 20240116093000)
 (3820., 3824., 3819., 3822., 25., 224, 20240116094500)
 (3822., 3824., 3821., 3824.,  8., 232, 20240116100000)
 (3824., 3824., 3824., 3824., 34., 263, 20240116101500)
 (3824., 3824., 3824., 3824.,  0., 263, 20240116104500)
 (3824., 3824., 3820., 3823., 32., 290, 20240116110000)
 (3823., 3824., 3823., 3823., 22., 297, 20240116111500)
 (3823., 3824., 3820., 3820., 51., 347, 20240116113000)
 (3820., 3820., 3814., 3814., 46., 379, 20240116134500)
 (3814., 3814., 3805., 3805., 46., 425, 20240116140000)
 (3805., 3806., 3803., 3803., 70., 494, 20240116141500)
 (3803., 3811., 3803., 3804.,  2., 495, 20240116143000)
 (3804., 3807., 3804., 3804., 20., 513, 20240116144500)
 (3804., 3827., 3804., 3818., 64., 531, 20240116150000)]
2024-01-17 15:30:00  INFO  [(3831., 3852., 3831., 3849.,  75., 566, 20240116211500)
 (3856., 3858., 3847., 3848.,  26., 585, 20240116213000)
 (3848., 3853., 3847., 3853.,   9., 580, 20240116214500)
 (3853., 3853., 3845., 3848.,  24., 596, 20240116220000)
 (3844., 3844., 3844., 3844.,   1., 597, 20240116221500)
 (3844., 3849., 3844., 3845.,   7., 599, 20240116223000)
 (3845., 3845., 3838., 3842.,   6., 602, 20240116224500)
 (3842., 3845., 3842., 3845.,   1., 602, 20240116230000)
 (3844., 3844., 3840., 3840.,   4., 603, 20240117091500)
 (3840., 3840., 3840., 3840.,   0., 603, 20240117093000)
 (3844., 3844., 3840., 3840.,   4., 604, 20240117094500)
 (3840., 3840., 3837., 3837.,   7., 608, 20240117100000)
 (3837., 3837., 3835., 3835.,   7., 611, 20240117101500)
 (3835., 3835., 3829., 3829.,  11., 618, 20240117104500)
 (3829., 3829., 3827., 3827.,   2., 619, 20240117110000)
 (3827., 3827., 3818., 3821.,  67., 675, 20240117111500)
 (3821., 3827., 3818., 3827.,  11., 678, 20240117113000)
 (3827., 3827., 3808., 3808., 143., 749, 20240117134500)
 (3808., 3820., 3808., 3817.,   6., 751, 20240117140000)
 (3817., 3817., 3816., 3817.,   3., 751, 20240117141500)
 (3817., 3818., 3811., 3813.,  11., 750, 20240117143000)
 (3813., 3816., 3810., 3810.,  34., 782, 20240117144500)
 (3810., 3810., 3802., 3802.,  48., 821, 20240117150000)]
2024-01-18 15:30:00  INFO  [(3802., 3802., 3795., 3795., 139.,  952, 20240117211500)
 (3795., 3797., 3790., 3790., 132., 1074, 20240117213000)
 (3793., 3795., 3790., 3791.,  66., 1121, 20240117214500)
 (3794., 3795., 3790., 3791.,  17., 1130, 20240117220000)
 (3791., 3794., 3790., 3791.,  77., 1197, 20240117221500)
 (3791., 3803., 3791., 3798.,  31., 1201, 20240117223000)
 (3798., 3814., 3798., 3814.,  24., 1196, 20240117224500)
 (3814., 3818., 3814., 3817.,  49., 1153, 20240117230000)
 (3817., 3817., 3802., 3810.,  73., 1208, 20240118091500)
 (3810., 3819., 3810., 3819.,  49., 1208, 20240118093000)
 (3817., 3819., 3817., 3819.,  10., 1214, 20240118094500)
 (3819., 3819., 3814., 3814.,   1., 1214, 20240118100000)
 (3814., 3814., 3808., 3808.,   6., 1220, 20240118101500)
 (3804., 3806., 3796., 3796.,  59., 1265, 20240118104500)
 (3797., 3798., 3793., 3793.,  29., 1286, 20240118110000)
 (3799., 3802., 3798., 3802.,  17., 1298, 20240118111500)
 (3802., 3812., 3802., 3812.,   1., 1297, 20240118113000)
 (3814., 3823., 3806., 3819.,  27., 1304, 20240118134500)
 (3824., 3830., 3820., 3830.,  36., 1310, 20240118140000)
 (3826., 3840., 3825., 3832., 162., 1429, 20240118141500)
 (3831., 3839., 3830., 3830.,  61., 1468, 20240118143000)
 (3830., 3830., 3825., 3826.,  27., 1485, 20240118144500)
 (3826., 3842., 3826., 3835.,  25., 1485, 20240118150000)]
2024-01-19 15:30:00  INFO  [(3835., 3839., 3829., 3830., 54., 1482, 20240118211500)
 (3830., 3830., 3825., 3825., 23., 1502, 20240118213000)
 (3825., 3828., 3823., 3824., 36., 1526, 20240118214500)
 (3824., 3828., 3824., 3825., 32., 1544, 20240118220000)
 (3826., 3826., 3822., 3824., 38., 1569, 20240118221500)
 (3824., 3828., 3822., 3828., 22., 1580, 20240118223000)
 (3828., 3828., 3822., 3827., 39., 1609, 20240118224500)
 (3822., 3824., 3812., 3812., 75., 1665, 20240118230000)
 (3826., 3831., 3826., 3826., 32., 1684, 20240119091500)
 (3826., 3826., 3822., 3822., 11., 1689, 20240119093000)
 (3822., 3826., 3822., 3826.,  1., 1689, 20240119094500)
 (3826., 3828., 3822., 3828.,  8., 1692, 20240119100000)
 (3830., 3830., 3828., 3828.,  3., 1694, 20240119101500)
 (3828., 3836., 3828., 3836.,  8., 1697, 20240119104500)
 (3836., 3844., 3835., 3844., 19., 1707, 20240119110000)
 (3844., 3844., 3839., 3839.,  1., 1707, 20240119111500)
 (3839., 3840., 3839., 3840.,  1., 1708, 20240119113000)
 (3841., 3841., 3838., 3838., 20., 1716, 20240119134500)
 (3838., 3838., 3836., 3836.,  7., 1713, 20240119140000)
 (3839., 3839., 3839., 3839.,  2., 1715, 20240119141500)
 (3839., 3848., 3839., 3840., 27., 1733, 20240119143000)
 (3840., 3846., 3840., 3845., 14., 1739, 20240119144500)
 (3845., 3850., 3843., 3846., 26., 1741, 20240119150000)]
2024-01-22 15:30:00  INFO  [(3840., 3845., 3835., 3840.,  12., 1747, 20240119211500)
 (3840., 3840., 3836., 3837.,   3., 1748, 20240119213000)
 (3837., 3842., 3837., 3842.,   7., 1747, 20240119214500)
 (3842., 3842., 3842., 3842.,   0., 1747, 20240119220000)
 (3842., 3842., 3839., 3839.,   3., 1748, 20240119221500)
 (3839., 3839., 3839., 3839.,   2., 1749, 20240119223000)
 (3839., 3839., 3832., 3832.,  40., 1777, 20240119224500)
 (3832., 3837., 3832., 3835.,   8., 1776, 20240119230000)
 (3831., 3850., 3827., 3844.,  90., 1834, 20240122091500)
 (3846., 3850., 3841., 3850.,  26., 1844, 20240122093000)
 (3850., 3850., 3842., 3845.,   9., 1851, 20240122094500)
 (3845., 3845., 3840., 3842.,   4., 1853, 20240122100000)
 (3842., 3843., 3841., 3843.,   4., 1853, 20240122101500)
 (3843., 3845., 3843., 3845.,  50., 1890, 20240122104500)
 (3845., 3848., 3843., 3845.,  11., 1893, 20240122110000)
 (3845., 3845., 3844., 3844.,   6., 1899, 20240122111500)
 (3844., 3844., 3844., 3844.,   7., 1906, 20240122113000)
 (3841., 3841., 3835., 3836.,  22., 1916, 20240122134500)
 (3837., 3837., 3830., 3833.,  25., 1924, 20240122140000)
 (3834., 3839., 3834., 3837.,  17., 1928, 20240122141500)
 (3830., 3830., 3811., 3811.,  24., 1939, 20240122143000)
 (3811., 3820., 3810., 3810.,  27., 1954, 20240122144500)
 (3810., 3832., 3810., 3816., 133., 2031, 20240122150000)]
2024-01-23 15:30:00  INFO  [(3844., 3844., 3817., 3825.,  55., 2059, 20240122211500)
 (3827., 3834., 3827., 3827.,  23., 2065, 20240122213000)
 (3827., 3830., 3827., 3830.,   1., 2064, 20240122214500)
 (3830., 3830., 3825., 3825.,   2., 2065, 20240122220000)
 (3825., 3828., 3825., 3828.,   2., 2065, 20240122221500)
 (3828., 3837., 3828., 3837.,   9., 2071, 20240122223000)
 (3832., 3836., 3828., 3831.,  27., 2072, 20240122224500)
 (3830., 3840., 3830., 3839., 106., 2147, 20240122230000)
 (3839., 3853., 3839., 3844.,  28., 2162, 20240123091500)
 (3845., 3853., 3845., 3852.,  20., 2174, 20240123093000)
 (3852., 3852., 3849., 3852.,   4., 2176, 20240123094500)
 (3852., 3852., 3848., 3852.,  10., 2174, 20240123100000)
 (3852., 3855., 3848., 3854.,  15., 2179, 20240123101500)
 (3854., 3854., 3851., 3851.,   5., 2180, 20240123104500)
 (3850., 3853., 3847., 3848.,  12., 2182, 20240123110000)
 (3848., 3848., 3845., 3845.,   4., 2185, 20240123111500)
 (3845., 3845., 3845., 3845.,   0., 2185, 20240123113000)
 (3847., 3853., 3847., 3849.,  12., 2191, 20240123134500)
 (3849., 3852., 3849., 3852.,   3., 2192, 20240123140000)
 (3851., 3853., 3847., 3851., 117., 2291, 20240123141500)
 (3851., 3860., 3851., 3855.,  53., 2325, 20240123143000)
 (3855., 3860., 3855., 3858.,   8., 2329, 20240123144500)
 (3858., 3858., 3848., 3848.,  52., 2344, 20240123150000)]
2024-01-24 15:30:00  INFO  [(3848., 3860., 3848., 3858.,  6., 2347, 20240123211500)
 (3858., 3861., 3858., 3859., 31., 2363, 20240123213000)
 (3865., 3867., 3859., 3864., 20., 2370, 20240123214500)
 (3864., 3866., 3859., 3866., 24., 2381, 20240123220000)
 (3866., 3866., 3858., 3858.,  4., 2384, 20240123221500)
 (3858., 3858., 3854., 3855., 39., 2421, 20240123223000)
 (3854., 3855., 3852., 3852., 51., 2467, 20240123224500)
 (3852., 3852., 3852., 3852.,  1., 2468, 20240123230000)
 (3852., 3857., 3852., 3857.,  6., 2468, 20240124091500)
 (3857., 3859., 3857., 3858.,  3., 2468, 20240124093000)
 (3858., 3863., 3858., 3859.,  5., 2469, 20240124094500)
 (3859., 3861., 3858., 3861.,  3., 2470, 20240124100000)
 (3861., 3861., 3857., 3857.,  5., 2473, 20240124101500)
 (3857., 3857., 3857., 3857.,  0., 2473, 20240124104500)
 (3857., 3857., 3857., 3857.,  0., 2473, 20240124110000)
 (3857., 3861., 3857., 3860.,  4., 2473, 20240124111500)
 (3860., 3868., 3860., 3868., 35., 2487, 20240124113000)
 (3868., 3869., 3867., 3868., 53., 2517, 20240124134500)
 (3868., 3871., 3865., 3865., 48., 2519, 20240124140000)
 (3865., 3871., 3864., 3867.,  4., 2520, 20240124141500)
 (3872., 3872., 3866., 3866.,  4., 2521, 20240124143000)
 (3866., 3874., 3866., 3874., 14., 2531, 20240124144500)
 (3874., 3885., 3873., 3883., 31., 2536, 20240124150000)]
2024-01-25 15:30:00  INFO  [(3893., 3898., 3885., 3888.,  42., 2544, 20240124211500)
 (3888., 3891., 3885., 3886.,  32., 2564, 20240124213000)
 (3886., 3896., 3886., 3896.,   9., 2565, 20240124214500)
 (3896., 3896., 3889., 3894.,   8., 2565, 20240124220000)
 (3894., 3896., 3892., 3895.,   8., 2564, 20240124221500)
 (3895., 3900., 3895., 3900.,  14., 2568, 20240124223000)
 (3900., 3900., 3894., 3897.,  30., 2587, 20240124224500)
 (3897., 3908., 3897., 3899.,  29., 2592, 20240124230000)
 (3899., 3905., 3899., 3901.,  34., 2618, 20240125091500)
 (3900., 3903., 3900., 3903.,  34., 2637, 20240125093000)
 (3900., 3903., 3899., 3903.,  20., 2639, 20240125094500)
 (3903., 3905., 3903., 3904.,  21., 2633, 20240125100000)
 (3904., 3905., 3904., 3905.,   3., 2635, 20240125101500)
 (3905., 3908., 3903., 3903.,  30., 2639, 20240125104500)
 (3903., 3904., 3902., 3902.,  13., 2644, 20240125110000)
 (3902., 3907., 3901., 3907.,   7., 2647, 20240125111500)
 (3907., 3908., 3906., 3906.,   9., 2645, 20240125113000)
 (3908., 3909., 3903., 3909.,  72., 2700, 20240125134500)
 (3909., 3909., 3908., 3909.,   3., 2703, 20240125140000)
 (3909., 3909., 3903., 3903.,  16., 2713, 20240125141500)
 (3903., 3908., 3903., 3908.,   6., 2715, 20240125143000)
 (3908., 3909., 3908., 3909.,   4., 2718, 20240125144500)
 (3909., 3909., 3893., 3898., 101., 2781, 20240125150000)]
2024-01-26 15:30:00  INFO  [(3898., 3903., 3898., 3900.,  10., 2788, 20240125211500)
 (3900., 3900., 3898., 3898.,   2., 2788, 20240125213000)
 (3898., 3900., 3895., 3897.,  69., 2821, 20240125214500)
 (3897., 3900., 3896., 3900.,  24., 2840, 20240125220000)
 (3900., 3903., 3895., 3903.,   6., 2843, 20240125221500)
 (3903., 3903., 3899., 3899.,   2., 2845, 20240125223000)
 (3899., 3899., 3893., 3894.,  32., 2859, 20240125224500)
 (3894., 3895., 3894., 3895.,   4., 2860, 20240125230000)
 (3900., 3900., 3892., 3894.,  12., 2865, 20240126091500)
 (3894., 3901., 3893., 3901.,   9., 2867, 20240126093000)
 (3901., 3902., 3898., 3898.,   6., 2867, 20240126094500)
 (3895., 3895., 3889., 3893.,   8., 2871, 20240126100000)
 (3893., 3897., 3893., 3897.,   1., 2870, 20240126101500)
 (3897., 3900., 3897., 3900.,   4., 2872, 20240126104500)
 (3900., 3901., 3899., 3901.,   2., 2872, 20240126110000)
 (3901., 3903., 3898., 3901.,  31., 2878, 20240126111500)
 (3901., 3901., 3897., 3901.,   6., 2877, 20240126113000)
 (3898., 3905., 3898., 3905.,  41., 2890, 20240126134500)
 (3905., 3908., 3903., 3907.,  64., 2918, 20240126140000)
 (3907., 3907., 3900., 3900.,   4., 2918, 20240126141500)
 (3900., 3900., 3897., 3897.,   8., 2924, 20240126143000)
 (3897., 3897., 3893., 3894.,  24., 2944, 20240126144500)
 (3894., 3903., 3894., 3900., 149., 3063, 20240126150000)]
2024-01-29 15:30:00  INFO  [(3900., 3900., 3900., 3900.,   6., 3066, 20240126211500)
 (3900., 3901., 3900., 3901.,   2., 3068, 20240126213000)
 (3901., 3902., 3901., 3902.,   3., 3068, 20240126214500)
 (3902., 3905., 3899., 3899.,   6., 3066, 20240126220000)
 (3899., 3899., 3898., 3898.,   6., 3066, 20240126221500)
 (3899., 3903., 3899., 3903.,   3., 3064, 20240126223000)
 (3903., 3903., 3901., 3901.,  14., 3069, 20240126224500)
 (3901., 3906., 3900., 3904.,  21., 3075, 20240126230000)
 (3904., 3910., 3902., 3909., 103., 3060, 20240129091500)
 (3910., 3912., 3906., 3906.,  13., 3067, 20240129093000)
 (3906., 3906., 3904., 3904.,   7., 3069, 20240129094500)
 (3904., 3907., 3903., 3903.,   8., 3064, 20240129100000)
 (3903., 3907., 3903., 3907.,   1., 3065, 20240129101500)
 (3907., 3907., 3900., 3901., 606., 3658, 20240129104500)
 (3902., 3903., 3900., 3900.,  18., 3674, 20240129110000)
 (3900., 3901., 3894., 3895.,  47., 3704, 20240129111500)
 (3895., 3895., 3895., 3895.,   0., 3704, 20240129113000)
 (3895., 3898., 3887., 3892.,  72., 3752, 20240129134500)
 (3892., 3892., 3885., 3885.,   6., 3750, 20240129140000)
 (3885., 3894., 3885., 3894.,   8., 3743, 20240129141500)
 (3893., 3897., 3892., 3895.,  34., 3729, 20240129143000)
 (3895., 3909., 3895., 3906.,  50., 3714, 20240129144500)
 (3906., 3908., 3901., 3901.,  41., 3699, 20240129150000)]
2024-01-30 15:30:00  INFO  [(3901., 3908., 3901., 3904., 39., 3699, 20240129211500)
 (3904., 3904., 3900., 3900.,  9., 3700, 20240129213000)
 (3900., 3900., 3898., 3898.,  4., 3702, 20240129214500)
 (3898., 3898., 3888., 3898., 58., 3677, 20240129220000)
 (3895., 3899., 3895., 3899.,  8., 3677, 20240129221500)
 (3899., 3899., 3899., 3899.,  0., 3677, 20240129223000)
 (3899., 3899., 3899., 3899.,  3., 3677, 20240129224500)
 (3899., 3899., 3888., 3888., 47., 3708, 20240129230000)
 (3888., 3888., 3888., 3888.,  0., 3708, 20240130091500)
 (3892., 3892., 3892., 3892.,  2., 3708, 20240130093000)
 (3892., 3892., 3891., 3891.,  1., 3707, 20240130094500)
 (3891., 3892., 3891., 3892.,  3., 3704, 20240130100000)
 (3894., 3894., 3880., 3885., 43., 3712, 20240130101500)
 (3885., 3885., 3885., 3885.,  5., 3715, 20240130104500)
 (3885., 3891., 3885., 3889.,  3., 3716, 20240130110000)
 (3889., 3894., 3889., 3894., 14., 3711, 20240130111500)
 (3889., 3889., 3878., 3878., 25., 3716, 20240130113000)
 (3878., 3881., 3872., 3877., 56., 3744, 20240130134500)
 (3877., 3880., 3870., 3870., 19., 3757, 20240130140000)
 (3867., 3876., 3865., 3865., 42., 3760, 20240130141500)
 (3865., 3870., 3862., 3863., 33., 3773, 20240130143000)
 (3863., 3864., 3858., 3864., 22., 3774, 20240130144500)
 (3864., 3864., 3851., 3855., 87., 3772, 20240130150000)]
2024-01-31 15:30:00  INFO  [(3855., 3862., 3848., 3848., 102., 3793, 20240130211500)
 (3848., 3851., 3843., 3843.,  24., 3807, 20240130213000)
 (3843., 3845., 3837., 3845.,  54., 3817, 20240130214500)
 (3845., 3845., 3841., 3841.,   5., 3820, 20240130220000)
 (3841., 3845., 3840., 3845.,  18., 3835, 20240130221500)
 (3845., 3845., 3841., 3844.,  11., 3841, 20240130223000)
 (3844., 3849., 3842., 3842.,  22., 3849, 20240130224500)
 (3842., 3848., 3839., 3848.,  43., 3864, 20240130230000)
 (3848., 3848., 3839., 3839.,  14., 3866, 20240131091500)
 (3839., 3840., 3839., 3839.,   5., 3870, 20240131093000)
 (3839., 3840., 3837., 3840.,  12., 3875, 20240131094500)
 (3840., 3842., 3838., 3838.,  18., 3887, 20240131100000)
 (3837., 3837., 3837., 3837.,   2., 3889, 20240131101500)
 (3837., 3843., 3833., 3842.,  73., 3948, 20240131104500)
 (3841., 3848., 3841., 3844.,  23., 3960, 20240131110000)
 (3844., 3844., 3842., 3843.,  50., 4005, 20240131111500)
 (3842., 3850., 3840., 3842.,  36., 4034, 20240131113000)
 (3843., 3843., 3831., 3832.,  27., 4046, 20240131134500)
 (3832., 3833., 3830., 3833.,   8., 4044, 20240131140000)
 (3834., 3840., 3834., 3838.,  64., 4086, 20240131141500)
 (3840., 3840., 3830., 3835.,  15., 4094, 20240131143000)
 (3831., 3838., 3830., 3832.,  46., 4090, 20240131144500)
 (3832., 3834., 3821., 3822., 249., 4242, 20240131150000)]
2024-02-01 15:30:00  INFO  [(3821., 3825., 3819., 3825.,  23., 4255, 20240131211500)
 (3825., 3826., 3821., 3825.,  35., 4265, 20240131213000)
 (3826., 3827., 3824., 3824., 129., 4317, 20240131214500)
 (3824., 3828., 3824., 3828.,  44., 4358, 20240131220000)
 (3828., 3832., 3824., 3832.,  30., 4345, 20240131221500)
 (3832., 3836., 3832., 3834.,  16., 4354, 20240131223000)
 (3834., 3834., 3830., 3830.,   6., 4357, 20240131224500)
 (3830., 3836., 3826., 3827.,  76., 4377, 20240131230000)
 (3827., 3831., 3827., 3828.,  34., 4404, 20240201091500)
 (3828., 3828., 3826., 3827.,   9., 4403, 20240201093000)
 (3827., 3830., 3826., 3826.,  13., 4415, 20240201094500)
 (3826., 3826., 3825., 3825.,  47., 4451, 20240201100000)
 (3825., 3826., 3825., 3826.,   1., 4451, 20240201101500)
 (3832., 3834., 3828., 3834.,  21., 4450, 20240201104500)
 (3832., 3833., 3828., 3830.,  24., 4467, 20240201110000)
 (3830., 3830., 3828., 3830.,  38., 4501, 20240201111500)
 (3830., 3830., 3826., 3826.,  12., 4509, 20240201113000)
 (3826., 3826., 3820., 3820., 149., 4644, 20240201134500)
 (3820., 3824., 3820., 3822.,  78., 4700, 20240201140000)
 (3822., 3823., 3820., 3823.,  24., 4707, 20240201141500)
 (3823., 3827., 3822., 3822.,  24., 4693, 20240201143000)
 (3823., 3830., 3823., 3829.,  18., 4694, 20240201144500)
 (3829., 3834., 3822., 3830.,  77., 4714, 20240201150000)]
2024-02-02 15:30:00  INFO  [(3830., 3831., 3824., 3828.,  27., 4727, 20240201211500)
 (3828., 3829., 3820., 3820., 100., 4807, 20240201213000)
 (3820., 3823., 3815., 3823., 119., 4911, 20240201214500)
 (3823., 3823., 3823., 3823.,   6., 4911, 20240201220000)
 (3823., 3823., 3818., 3823.,   9., 4912, 20240201221500)
 (3823., 3823., 3815., 3816.,  53., 4951, 20240201223000)
 (3815., 3815., 3808., 3812., 101., 5014, 20240201224500)
 (3812., 3813., 3804., 3804.,  29., 5014, 20240201230000)
 (3804., 3812., 3804., 3812.,   2., 5015, 20240202091500)
 (3812., 3817., 3811., 3811.,   5., 5016, 20240202093000)
 (3811., 3814., 3811., 3814.,  20., 5028, 20240202094500)
 (3814., 3814., 3810., 3810.,   5., 5029, 20240202100000)
 (3810., 3815., 3806., 3806.,  60., 5078, 20240202101500)
 (3806., 3806., 3793., 3793., 297., 5338, 20240202104500)
 (3793., 3796., 3789., 3789.,  97., 5418, 20240202110000)
 (3789., 3790., 3785., 3788., 140., 5532, 20240202111500)
 (3788., 3792., 3788., 3790.,  15., 5540, 20240202113000)
 (3790., 3790., 3770., 3770.,  58., 5554, 20240202134500)
 (3770., 3777., 3770., 3771.,  31., 5564, 20240202140000)
 (3771., 3773., 3763., 3773., 163., 5619, 20240202141500)
 (3773., 3788., 3766., 3788.,  70., 5650, 20240202143000)
 (3788., 3793., 3779., 3787., 165., 5605, 20240202144500)
 (3783., 3783., 3771., 3773.,  40., 5603, 20240202150000)]
2024-02-05 15:30:00  INFO  [(3771., 3774., 3771., 3773., 14., 5602, 20240202211500)
 (3778., 3788., 3776., 3786., 28., 5610, 20240202213000)
 (3786., 3786., 3782., 3782., 17., 5612, 20240202214500)
 (3782., 3782., 3782., 3782.,  7., 5619, 20240202220000)
 (3782., 3786., 3782., 3786., 19., 5626, 20240202221500)
 (3786., 3788., 3786., 3788.,  3., 5626, 20240202223000)
 (3788., 3797., 3788., 3793., 24., 5636, 20240202224500)
 (3795., 3805., 3792., 3805., 43., 5644, 20240202230000)
 (3805., 3805., 3790., 3793., 30., 5650, 20240205091500)
 (3793., 3801., 3793., 3795., 20., 5661, 20240205093000)
 (3795., 3798., 3792., 3798.,  3., 5662, 20240205094500)
 (3798., 3798., 3795., 3797., 14., 5660, 20240205100000)
 (3797., 3797., 3792., 3795.,  8., 5666, 20240205101500)
 (3793., 3793., 3788., 3788.,  8., 5671, 20240205104500)
 (3788., 3788., 3784., 3784.,  9., 5676, 20240205110000)
 (3785., 3796., 3785., 3795., 14., 5681, 20240205111500)
 (3795., 3795., 3794., 3794.,  1., 5681, 20240205113000)
 (3790., 3802., 3790., 3793., 23., 5676, 20240205134500)
 (3794., 3794., 3791., 3794., 22., 5672, 20240205140000)
 (3792., 3792., 3791., 3791.,  9., 5679, 20240205141500)
 (3791., 3791., 3782., 3784., 59., 5689, 20240205143000)
 (3784., 3784., 3780., 3783.,  6., 5692, 20240205144500)
 (3783., 3783., 3777., 3777., 13., 5695, 20240205150000)]
2024-02-06 15:30:00  INFO  [(3774., 3774., 3750., 3755.,  85., 5697, 20240205211500)
 (3755., 3760., 3753., 3757.,  42., 5706, 20240205213000)
 (3757., 3760., 3754., 3760.,  36., 5726, 20240205214500)
 (3760., 3765., 3760., 3764.,  13., 5729, 20240205220000)
 (3764., 3767., 3762., 3762.,   5., 5731, 20240205221500)
 (3767., 3767., 3764., 3764.,   7., 5733, 20240205223000)
 (3764., 3764., 3763., 3763.,   1., 5733, 20240205224500)
 (3764., 3764., 3757., 3763.,  19., 5736, 20240205230000)
 (3763., 3770., 3763., 3770.,  11., 5740, 20240206091500)
 (3768., 3768., 3766., 3766.,  11., 5743, 20240206093000)
 (3766., 3776., 3766., 3776.,  16., 5752, 20240206094500)
 (3776., 3782., 3776., 3778.,  48., 5777, 20240206100000)
 (3778., 3778., 3777., 3777.,  14., 5773, 20240206101500)
 (3775., 3778., 3774., 3777.,  12., 5769, 20240206104500)
 (3777., 3777., 3777., 3777.,   0., 5769, 20240206110000)
 (3777., 3778., 3769., 3778.,  33., 5777, 20240206111500)
 (3778., 3778., 3768., 3768.,   9., 5782, 20240206113000)
 (3768., 3787., 3768., 3779.,  73., 5783, 20240206134500)
 (3779., 3780., 3777., 3777.,  13., 5777, 20240206140000)
 (3776., 3776., 3774., 3774.,  11., 5780, 20240206141500)
 (3774., 3774., 3756., 3757.,  61., 5792, 20240206143000)
 (3757., 3757., 3755., 3756.,  36., 5813, 20240206144500)
 (3756., 3774., 3756., 3771., 300., 5904, 20240206150000)]
2024-02-07 15:30:00  INFO  [(3771., 3781., 3766., 3775., 48., 5923, 20240206211500)
 (3775., 3775., 3775., 3775.,  0., 5923, 20240206213000)
 (3775., 3778., 3768., 3768., 37., 5943, 20240206214500)
 (3768., 3772., 3766., 3767., 39., 5958, 20240206220000)
 (3768., 3775., 3768., 3768., 87., 5966, 20240206221500)
 (3768., 3774., 3767., 3774., 82., 5966, 20240206223000)
 (3774., 3774., 3764., 3772., 55., 5982, 20240206224500)
 (3773., 3773., 3763., 3772., 23., 5978, 20240206230000)
 (3772., 3773., 3770., 3770.,  3., 5977, 20240207091500)
 (3770., 3770., 3770., 3770.,  0., 5977, 20240207093000)
 (3770., 3776., 3770., 3772., 14., 5979, 20240207094500)
 (3772., 3772., 3770., 3770.,  7., 5983, 20240207100000)
 (3770., 3777., 3770., 3774.,  7., 5980, 20240207101500)
 (3774., 3775., 3773., 3773.,  6., 5981, 20240207104500)
 (3773., 3773., 3762., 3762., 21., 5992, 20240207110000)
 (3762., 3764., 3762., 3764.,  6., 5990, 20240207111500)
 (3764., 3764., 3762., 3762., 18., 5998, 20240207113000)
 (3762., 3762., 3756., 3758., 24., 5999, 20240207134500)
 (3758., 3760., 3755., 3755., 66., 6009, 20240207140000)
 (3754., 3760., 3754., 3759., 31., 6006, 20240207141500)
 (3758., 3760., 3755., 3759., 48., 6009, 20240207143000)
 (3758., 3768., 3758., 3768., 43., 6021, 20240207144500)
 (3771., 3780., 3771., 3772., 62., 5991, 20240207150000)]
2024-02-08 15:30:00  INFO  [(3783., 3784., 3771., 3771.,  14., 5995, 20240207211500)
 (3775., 3784., 3773., 3776.,  34., 6007, 20240207213000)
 (3778., 3780., 3777., 3780.,  17., 6000, 20240207214500)
 (3780., 3781., 3777., 3777.,  12., 6000, 20240207220000)
 (3777., 3777., 3777., 3777.,   0., 6000, 20240207221500)
 (3777., 3784., 3777., 3780.,  44., 6016, 20240207223000)
 (3780., 3785., 3780., 3785.,   6., 6015, 20240207224500)
 (3785., 3788., 3785., 3788.,  14., 6003, 20240207230000)
 (3788., 3799., 3788., 3798.,  24., 6005, 20240208091500)
 (3798., 3800., 3797., 3799.,  13., 6001, 20240208093000)
 (3799., 3800., 3795., 3795.,   8., 6002, 20240208094500)
 (3795., 3799., 3795., 3799.,   4., 6003, 20240208100000)
 (3796., 3797., 3796., 3797.,   8., 6007, 20240208101500)
 (3797., 3797., 3795., 3795.,   5., 6006, 20240208104500)
 (3795., 3796., 3795., 3796.,  40., 6020, 20240208110000)
 (3795., 3797., 3790., 3790., 114., 6079, 20240208111500)
 (3792., 3795., 3788., 3793.,  32., 6100, 20240208113000)
 (3790., 3790., 3786., 3788.,   6., 6101, 20240208134500)
 (3785., 3785., 3781., 3784.,  10., 6100, 20240208140000)
 (3784., 3789., 3783., 3789.,   4., 6099, 20240208141500)
 (3789., 3795., 3789., 3795.,   5., 6099, 20240208143000)
 (3788., 3793., 3785., 3793.,  87., 6112, 20240208144500)
 (3794., 3798., 3791., 3796.,  38., 6101, 20240208150000)]
2024-02-19 15:30:00  INFO  [(3795., 3797., 3790., 3790., 114., 6079, 20240208111500)
 (3792., 3795., 3788., 3793.,  32., 6100, 20240208113000)
 (3790., 3790., 3786., 3788.,   6., 6101, 20240208134500)
 (3785., 3785., 3781., 3784.,  10., 6100, 20240208140000)
 (3784., 3789., 3783., 3789.,   4., 6099, 20240208141500)
 (3789., 3795., 3789., 3795.,   5., 6099, 20240208143000)
 (3788., 3793., 3785., 3793.,  87., 6112, 20240208144500)
 (3794., 3798., 3791., 3796.,  38., 6101, 20240208150000)
 (3821., 3821., 3804., 3809., 125., 6082, 20240219091500)
 (3810., 3810., 3798., 3800.,  29., 6085, 20240219093000)
 (3800., 3800., 3787., 3787.,  59., 6133, 20240219094500)
 (3787., 3790., 3778., 3778.,  28., 6142, 20240219100000)
 (3783., 3790., 3778., 3785., 184., 6185, 20240219101500)
 (3785., 3789., 3770., 3770., 124., 6287, 20240219104500)
 (3770., 3776., 3765., 3765.,  79., 6353, 20240219110000)
 (3767., 3774., 3764., 3764.,  34., 6367, 20240219111500)
 (3763., 3766., 3763., 3766.,  30., 6391, 20240219113000)
 (3766., 3768., 3766., 3767.,  12., 6395, 20240219134500)
 (3767., 3768., 3763., 3763.,  12., 6404, 20240219140000)
 (3763., 3769., 3763., 3767.,  11., 6407, 20240219141500)
 (3767., 3775., 3767., 3771.,  21., 6412, 20240219143000)
 (3771., 3771., 3768., 3768.,  23., 6430, 20240219144500)
 (3768., 3769., 3760., 3760., 269., 6654, 20240219150000)]
2024-02-20 15:30:00  INFO  [(3760., 3769., 3750., 3750., 140., 6721, 20240219211500)
 (3750., 3751., 3744., 3746., 213., 6802, 20240219213000)
 (3745., 3752., 3744., 3745.,  85., 6844, 20240219214500)
 (3745., 3757., 3743., 3743., 239., 6971, 20240219220000)
 (3743., 3751., 3743., 3750.,  71., 6976, 20240219221500)
 (3748., 3752., 3746., 3746., 213., 7041, 20240219223000)
 (3746., 3754., 3745., 3748., 169., 7100, 20240219224500)
 (3750., 3756., 3743., 3751., 243., 7213, 20240219230000)
 (3750., 3750., 3742., 3744., 105., 7216, 20240220091500)
 (3744., 3758., 3740., 3740., 118., 7242, 20240220093000)
 (3740., 3744., 3738., 3738.,  60., 7286, 20240220094500)
 (3744., 3748., 3738., 3747.,  17., 7292, 20240220100000)
 (3747., 3747., 3736., 3736.,  54., 7331, 20240220101500)
 (3736., 3739., 3727., 3730.,  61., 7355, 20240220104500)
 (3732., 3732., 3723., 3726.,  40., 7384, 20240220110000)
 (3726., 3727., 3713., 3718., 115., 7455, 20240220111500)
 (3721., 3728., 3716., 3717., 145., 7505, 20240220113000)
 (3725., 3725., 3716., 3716.,  33., 7520, 20240220134500)
 (3716., 3724., 3716., 3718.,  18., 7528, 20240220140000)
 (3718., 3718., 3711., 3714., 190., 7689, 20240220141500)
 (3715., 3716., 3712., 3713.,  17., 7697, 20240220143000)
 (3713., 3713., 3706., 3707., 115., 7777, 20240220144500)
 (3707., 3711., 3701., 3704., 193., 7888, 20240220150000)]
2024-02-21 15:30:00  INFO  [(3702., 3705., 3684., 3688., 311., 8146, 20240220211500)
 (3692., 3694., 3687., 3687.,  35., 8172, 20240220213000)
 (3687., 3690., 3684., 3690.,  77., 8222, 20240220214500)
 (3693., 3694., 3689., 3690.,  41., 8237, 20240220220000)
 (3688., 3691., 3685., 3689., 119., 8345, 20240220221500)
 (3689., 3691., 3685., 3685.,  44., 8361, 20240220223000)
 (3685., 3690., 3680., 3684., 234., 8568, 20240220224500)
 (3681., 3681., 3670., 3675., 142., 8649, 20240220230000)
 (3675., 3680., 3672., 3679.,  47., 8676, 20240221091500)
 (3678., 3681., 3675., 3680.,  83., 8689, 20240221093000)
 (3680., 3688., 3680., 3685.,  55., 8699, 20240221094500)
 (3685., 3690., 3683., 3685.,  16., 8697, 20240221100000)
 (3686., 3692., 3686., 3686.,  60., 8702, 20240221101500)
 (3689., 3713., 3689., 3712., 166., 8718, 20240221104500)
 (3711., 3727., 3709., 3715., 187., 8740, 20240221110000)
 (3715., 3764., 3713., 3736., 286., 8745, 20240221111500)
 (3742., 3749., 3737., 3748., 120., 8758, 20240221113000)
 (3750., 3775., 3750., 3762., 162., 8767, 20240221134500)
 (3764., 3767., 3751., 3752., 205., 8879, 20240221140000)
 (3753., 3755., 3737., 3737.,  49., 8885, 20240221141500)
 (3735., 3740., 3731., 3731.,  82., 8911, 20240221143000)
 (3731., 3737., 3730., 3732., 114., 8934, 20240221144500)
 (3732., 3732., 3716., 3721., 130., 8962, 20240221150000)]
2024-02-22 15:30:00  INFO  [(3721., 3728., 3714., 3727.,  39., 8989, 20240221211500)
 (3727., 3734., 3725., 3727.,  50., 8982, 20240221213000)
 (3730., 3736., 3730., 3736.,  29., 8988, 20240221214500)
 (3736., 3736., 3734., 3734.,  44., 9007, 20240221220000)
 (3736., 3739., 3736., 3737.,  19., 8995, 20240221221500)
 (3737., 3737., 3732., 3733.,   6., 8998, 20240221223000)
 (3733., 3740., 3732., 3740.,   9., 8996, 20240221224500)
 (3736., 3747., 3736., 3738.,  40., 8980, 20240221230000)
 (3738., 3738., 3731., 3737.,  39., 8980, 20240222091500)
 (3737., 3738., 3735., 3735.,  21., 8988, 20240222093000)
 (3735., 3735., 3724., 3724.,  29., 8998, 20240222094500)
 (3724., 3732., 3724., 3732.,   4., 8999, 20240222100000)
 (3732., 3732., 3720., 3720.,   9., 9001, 20240222101500)
 (3724., 3724., 3723., 3723.,   6., 9007, 20240222104500)
 (3723., 3729., 3723., 3729.,  10., 9008, 20240222110000)
 (3729., 3729., 3727., 3727.,   6., 9009, 20240222111500)
 (3727., 3734., 3726., 3728.,  38., 9026, 20240222113000)
 (3731., 3731., 3716., 3721.,  41., 9039, 20240222134500)
 (3721., 3728., 3712., 3714.,  42., 9065, 20240222140000)
 (3715., 3719., 3711., 3715.,  24., 9068, 20240222141500)
 (3714., 3737., 3714., 3735., 107., 9041, 20240222143000)
 (3735., 3735., 3720., 3723.,  29., 9050, 20240222144500)
 (3722., 3732., 3722., 3729.,  33., 9048, 20240222150000)]
2024-02-23 15:30:00  INFO  [(3726., 3745., 3726., 3744., 116., 9075, 20240222211500)
 (3742., 3743., 3742., 3743.,  33., 9079, 20240222213000)
 (3740., 3744., 3737., 3742.,  22., 9083, 20240222214500)
 (3742., 3742., 3727., 3731.,  99., 9055, 20240222220000)
 (3731., 3735., 3729., 3730.,  15., 9064, 20240222221500)
 (3729., 3733., 3728., 3730.,  87., 9133, 20240222223000)
 (3730., 3738., 3730., 3736.,  76., 9146, 20240222224500)
 (3736., 3742., 3732., 3738.,  31., 9135, 20240222230000)
 (3738., 3740., 3736., 3736.,  11., 9135, 20240223091500)
 (3736., 3740., 3735., 3740.,   7., 9136, 20240223093000)
 (3740., 3740., 3733., 3734.,   5., 9138, 20240223094500)
 (3734., 3734., 3734., 3734.,   1., 9138, 20240223100000)
 (3734., 3742., 3734., 3740.,   7., 9135, 20240223101500)
 (3740., 3741., 3737., 3739.,   7., 9138, 20240223104500)
 (3739., 3739., 3737., 3737.,   5., 9142, 20240223110000)
 (3737., 3738., 3729., 3729.,  25., 9136, 20240223111500)
 (3731., 3731., 3727., 3730.,   9., 9137, 20240223113000)
 (3730., 3730., 3727., 3727.,  30., 9154, 20240223134500)
 (3726., 3736., 3726., 3735., 142., 9263, 20240223140000)
 (3735., 3737., 3732., 3736.,  12., 9261, 20240223141500)
 (3736., 3738., 3730., 3730.,  14., 9269, 20240223143000)
 (3730., 3730., 3730., 3730.,   5., 9273, 20240223144500)
 (3730., 3734., 3727., 3732.,  39., 9260, 20240223150000)]
2024-02-26 15:30:00  INFO  [(3737., 3737., 3718., 3725.,  38.,  9269, 20240223211500)
 (3725., 3731., 3725., 3731.,   1.,  9268, 20240223213000)
 (3731., 3735., 3726., 3728.,  19.,  9266, 20240223214500)
 (3728., 3730., 3726., 3726.,   4.,  9266, 20240223220000)
 (3726., 3732., 3726., 3730.,   5.,  9266, 20240223221500)
 (3730., 3730., 3721., 3721.,  18.,  9279, 20240223223000)
 (3720., 3725., 3720., 3725.,   5.,  9281, 20240223224500)
 (3725., 3726., 3708., 3708.,  97.,  9309, 20240223230000)
 (3709., 3709., 3696., 3702., 359.,  9447, 20240226091500)
 (3703., 3712., 3700., 3710., 122.,  9480, 20240226093000)
 (3705., 3714., 3702., 3705.,  50.,  9504, 20240226094500)
 (3702., 3702., 3695., 3695.,  75.,  9548, 20240226100000)
 (3695., 3702., 3694., 3702.,  97.,  9610, 20240226101500)
 (3706., 3708., 3700., 3702.,  80.,  9602, 20240226104500)
 (3702., 3704., 3699., 3704.,  13.,  9605, 20240226110000)
 (3704., 3709., 3703., 3706.,   5.,  9605, 20240226111500)
 (3707., 3709., 3707., 3707.,  19.,  9593, 20240226113000)
 (3709., 3709., 3690., 3699., 629., 10121, 20240226134500)
 (3695., 3696., 3687., 3687., 123., 10210, 20240226140000)
 (3687., 3694., 3685., 3690., 208., 10380, 20240226141500)
 (3691., 3693., 3685., 3690.,  62., 10408, 20240226143000)
 (3691., 3699., 3691., 3699.,  74., 10445, 20240226144500)
 (3699., 3699., 3689., 3694.,  61., 10486, 20240226150000)]
2024-02-27 15:30:00  INFO  [(3683., 3694., 3681., 3694., 105., 10483, 20240226211500)
 (3694., 3698., 3690., 3697.,  71., 10527, 20240226213000)
 (3692., 3698., 3692., 3695.,   9., 10528, 20240226214500)
 (3695., 3695., 3691., 3691.,   7., 10529, 20240226220000)
 (3691., 3691., 3690., 3691.,  27., 10549, 20240226221500)
 (3691., 3691., 3686., 3688.,  69., 10592, 20240226223000)
 (3688., 3699., 3688., 3697.,  25., 10596, 20240226224500)
 (3697., 3697., 3687., 3687.,  49., 10613, 20240226230000)
 (3687., 3697., 3687., 3696.,  34., 10621, 20240227091500)
 (3696., 3702., 3695., 3696.,  39., 10615, 20240227093000)
 (3698., 3706., 3698., 3705.,  22., 10612, 20240227094500)
 (3705., 3706., 3702., 3704.,  52., 10625, 20240227100000)
 (3704., 3720., 3700., 3720., 176., 10581, 20240227101500)
 (3717., 3723., 3714., 3721., 106., 10556, 20240227104500)
 (3721., 3733., 3721., 3729., 278., 10675, 20240227110000)
 (3728., 3733., 3728., 3732., 119., 10675, 20240227111500)
 (3732., 3737., 3732., 3733., 116., 10609, 20240227113000)
 (3732., 3733., 3722., 3726.,  81., 10604, 20240227134500)
 (3726., 3726., 3724., 3724.,   2., 10604, 20240227140000)
 (3724., 3724., 3724., 3724.,   9., 10598, 20240227141500)
 (3724., 3731., 3724., 3731.,  77., 10621, 20240227143000)
 (3731., 3743., 3731., 3742., 186., 10617, 20240227144500)
 (3742., 3753., 3740., 3750., 193., 10633, 20240227150000)]
2024-02-28 15:30:00  INFO  [(3750., 3754., 3742., 3753.,  67., 10638, 20240227211500)
 (3753., 3753., 3746., 3746.,  45., 10673, 20240227213000)
 (3746., 3748., 3743., 3743.,  81., 10685, 20240227214500)
 (3743., 3748., 3743., 3748.,  11., 10687, 20240227220000)
 (3748., 3748., 3742., 3742.,   8., 10690, 20240227221500)
 (3741., 3746., 3741., 3746.,  11., 10692, 20240227223000)
 (3743., 3743., 3738., 3739.,  46., 10708, 20240227224500)
 (3740., 3745., 3737., 3745.,  60., 10727, 20240227230000)
 (3745., 3745., 3736., 3739.,  34., 10736, 20240228091500)
 (3737., 3740., 3734., 3739.,  22., 10742, 20240228093000)
 (3739., 3746., 3736., 3746.,  27., 10732, 20240228094500)
 (3744., 3746., 3742., 3742.,  11., 10734, 20240228100000)
 (3742., 3743., 3736., 3738.,  11., 10738, 20240228101500)
 (3738., 3742., 3738., 3740.,  10., 10739, 20240228104500)
 (3740., 3740., 3740., 3740.,  10., 10746, 20240228110000)
 (3740., 3745., 3736., 3736., 235., 10903, 20240228111500)
 (3736., 3745., 3730., 3743., 121., 10958, 20240228113000)
 (3746., 3755., 3744., 3754., 215., 11021, 20240228134500)
 (3754., 3754., 3747., 3753.,  75., 11051, 20240228140000)
 (3753., 3753., 3742., 3742.,  53., 11052, 20240228141500)
 (3742., 3748., 3742., 3748.,  42., 11093, 20240228143000)
 (3749., 3750., 3739., 3739.,  38., 11100, 20240228144500)
 (3739., 3747., 3736., 3740.,  42., 11099, 20240228150000)]
2024-02-29 15:30:00  INFO  [(3731., 3734., 3719., 3728., 185., 11160, 20240228211500)
 (3725., 3728., 3722., 3727.,  26., 11159, 20240228213000)
 (3727., 3731., 3727., 3731.,  29., 11167, 20240228214500)
 (3731., 3732., 3725., 3727., 210., 11191, 20240228220000)
 (3727., 3734., 3726., 3730.,  95., 11271, 20240228221500)
 (3730., 3730., 3726., 3730.,  17., 11267, 20240228223000)
 (3730., 3730., 3722., 3723.,  82., 11265, 20240228224500)
 (3725., 3725., 3720., 3721.,  11., 11268, 20240228230000)
 (3721., 3732., 3721., 3732.,   6., 11269, 20240229091500)
 (3732., 3732., 3724., 3725.,  10., 11276, 20240229093000)
 (3725., 3728., 3725., 3728.,   5., 11278, 20240229094500)
 (3728., 3728., 3723., 3727.,  11., 11280, 20240229100000)
 (3727., 3743., 3726., 3738., 126., 11313, 20240229101500)
 (3740., 3742., 3737., 3737.,  23., 11315, 20240229104500)
 (3738., 3743., 3735., 3738.,  50., 11329, 20240229110000)
 (3738., 3744., 3738., 3744.,  13., 11332, 20240229111500)
 (3745., 3745., 3737., 3740.,  75., 11346, 20240229113000)
 (3744., 3745., 3732., 3736.,  57., 11346, 20240229134500)
 (3736., 3737., 3734., 3736.,  13., 11352, 20240229140000)
 (3735., 3735., 3716., 3717., 134., 11410, 20240229141500)
 (3716., 3730., 3715., 3730., 106., 11425, 20240229143000)
 (3732., 3744., 3720., 3722., 242., 11480, 20240229144500)
 (3722., 3735., 3722., 3731.,  52., 11479, 20240229150000)]
2024-03-01 15:30:00  INFO  [(3743., 3743., 3729., 3736.,  34., 11479, 20240229211500)
 (3736., 3739., 3735., 3739.,   5., 11478, 20240229213000)
 (3739., 3742., 3737., 3737.,  19., 11483, 20240229214500)
 (3737., 3742., 3737., 3742.,   2., 11484, 20240229220000)
 (3742., 3742., 3737., 3737.,   4., 11486, 20240229221500)
 (3737., 3742., 3737., 3739.,  13., 11493, 20240229223000)
 (3739., 3739., 3735., 3735.,   7., 11499, 20240229224500)
 (3732., 3740., 3732., 3740.,  46., 11479, 20240229230000)
 (3739., 3741., 3733., 3740.,  19., 11477, 20240301091500)
 (3740., 3743., 3734., 3735.,  40., 11470, 20240301093000)
 (3735., 3738., 3732., 3732.,  36., 11476, 20240301094500)
 (3733., 3735., 3729., 3735.,  32., 11503, 20240301100000)
 (3731., 3731., 3728., 3730.,   4., 11504, 20240301101500)
 (3730., 3730., 3728., 3728.,   2., 11503, 20240301104500)
 (3728., 3735., 3728., 3732.,  15., 11511, 20240301110000)
 (3732., 3733., 3727., 3731.,  31., 11523, 20240301111500)
 (3728., 3728., 3716., 3723., 136., 11587, 20240301113000)
 (3721., 3730., 3719., 3727.,  40., 11618, 20240301134500)
 (3727., 3732., 3726., 3726.,  35., 11644, 20240301140000)
 (3726., 3731., 3726., 3729.,  30., 11669, 20240301141500)
 (3729., 3729., 3725., 3727.,  23., 11673, 20240301143000)
 (3727., 3727., 3713., 3713., 120., 11755, 20240301144500)
 (3712., 3718., 3708., 3709., 210., 11859, 20240301150000)]
2024-03-04 15:30:00  INFO  [(3713., 3713., 3696., 3705., 340., 11903, 20240301211500)
 (3704., 3705., 3694., 3694., 138., 11950, 20240301213000)
 (3698., 3702., 3695., 3701.,  54., 11961, 20240301214500)
 (3701., 3702., 3696., 3701.,  48., 11975, 20240301220000)
 (3699., 3701., 3697., 3699.,  20., 11990, 20240301221500)
 (3699., 3704., 3693., 3704.,  85., 12033, 20240301223000)
 (3704., 3710., 3703., 3707.,  42., 12022, 20240301224500)
 (3705., 3709., 3700., 3709.,  36., 12000, 20240301230000)
 (3708., 3716., 3706., 3713.,  95., 12031, 20240304091500)
 (3713., 3715., 3707., 3707.,  30., 12027, 20240304093000)
 (3710., 3710., 3700., 3702.,  61., 12049, 20240304094500)
 (3702., 3702., 3696., 3699., 156., 12022, 20240304100000)
 (3699., 3699., 3686., 3696., 311., 12201, 20240304101500)
 (3696., 3699., 3693., 3694.,  42., 12218, 20240304104500)
 (3700., 3700., 3692., 3695.,  23., 12224, 20240304110000)
 (3696., 3697., 3690., 3692.,  37., 12251, 20240304111500)
 (3691., 3697., 3690., 3690., 133., 12343, 20240304113000)
 (3689., 3690., 3684., 3685., 501., 12700, 20240304134500)
 (3684., 3688., 3683., 3686., 131., 12747, 20240304140000)
 (3685., 3685., 3682., 3683.,  73., 12793, 20240304141500)
 (3684., 3688., 3683., 3688.,  56., 12799, 20240304143000)
 (3687., 3704., 3687., 3701., 243., 12702, 20240304144500)
 (3703., 3725., 3700., 3710., 315., 12681, 20240304150000)]
2024-03-05 15:30:00  INFO  [(3710., 3712., 3702., 3705., 119., 12704, 20240304211500)
 (3706., 3706., 3703., 3703.,  21., 12717, 20240304213000)
 (3702., 3706., 3701., 3703.,  11., 12720, 20240304214500)
 (3703., 3707., 3702., 3702.,  21., 12717, 20240304220000)
 (3704., 3710., 3704., 3710.,  27., 12723, 20240304221500)
 (3710., 3710., 3704., 3709.,  27., 12721, 20240304223000)
 (3709., 3709., 3705., 3705.,   2., 12721, 20240304224500)
 (3708., 3712., 3708., 3712.,  13., 12716, 20240304230000)
 (3706., 3716., 3704., 3713., 104., 12740, 20240305091500)
 (3714., 3719., 3706., 3706., 148., 12696, 20240305093000)
 (3706., 3709., 3700., 3706., 132., 12777, 20240305094500)
 (3706., 3706., 3699., 3700., 158., 12871, 20240305100000)
 (3703., 3703., 3689., 3695., 208., 12994, 20240305101500)
 (3692., 3694., 3688., 3688.,  94., 13058, 20240305104500)
 (3689., 3698., 3687., 3698.,  98., 13033, 20240305110000)
 (3697., 3697., 3691., 3691.,  26., 13046, 20240305111500)
 (3691., 3696., 3691., 3692.,  31., 13058, 20240305113000)
 (3691., 3693., 3688., 3688., 166., 13202, 20240305134500)
 (3688., 3688., 3680., 3680., 302., 13411, 20240305140000)
 (3686., 3691., 3686., 3690.,  51., 13442, 20240305141500)
 (3690., 3690., 3685., 3687.,  35., 13462, 20240305143000)
 (3687., 3690., 3680., 3683.,  87., 13502, 20240305144500)
 (3682., 3688., 3680., 3687., 157., 13507, 20240305150000)]
2024-03-06 15:30:00  INFO  [(3687., 3687., 3670., 3684., 305., 13709, 20240305211500)
 (3684., 3684., 3675., 3676., 164., 13834, 20240305213000)
 (3676., 3685., 3675., 3679.,  99., 13896, 20240305214500)
 (3679., 3685., 3679., 3680.,  26., 13900, 20240305220000)
 (3680., 3683., 3679., 3682.,  40., 13912, 20240305221500)
 (3683., 3688., 3681., 3685.,  41., 13914, 20240305223000)
 (3685., 3685., 3680., 3680.,  32., 13941, 20240305224500)
 (3681., 3684., 3680., 3684., 197., 14114, 20240305230000)
 (3681., 3682., 3676., 3680., 343., 14416, 20240306091500)
 (3680., 3681., 3668., 3671., 267., 14635, 20240306093000)
 (3671., 3678., 3667., 3678., 220., 14746, 20240306094500)
 (3678., 3679., 3670., 3671., 264., 14987, 20240306100000)
 (3674., 3677., 3670., 3677.,  92., 15032, 20240306101500)
 (3678., 3685., 3675., 3675., 130., 15048, 20240306104500)
 (3675., 3681., 3675., 3681.,  31., 15057, 20240306110000)
 (3681., 3684., 3678., 3678.,  23., 15066, 20240306111500)
 (3679., 3688., 3676., 3687.,  51., 15061, 20240306113000)
 (3686., 3687., 3681., 3683.,  56., 15081, 20240306134500)
 (3683., 3685., 3680., 3680., 344., 15164, 20240306140000)
 (3679., 3680., 3671., 3673., 414., 15402, 20240306141500)
 (3674., 3678., 3670., 3677., 801., 15897, 20240306143000)
 (3677., 3685., 3670., 3673., 387., 15983, 20240306144500)
 (3671., 3677., 3670., 3676., 304., 16073, 20240306150000)]
2024-03-07 15:30:00  INFO  [(3673., 3682., 3673., 3676., 161., 16145, 20240306211500)
 (3676., 3680., 3676., 3680.,  51., 16176, 20240306213000)
 (3680., 3685., 3680., 3685.,  59., 16178, 20240306214500)
 (3685., 3690., 3684., 3686., 108., 16195, 20240306220000)
 (3688., 3689., 3684., 3688.,  60., 16213, 20240306221500)
 (3688., 3690., 3685., 3688.,  41., 16191, 20240306223000)
 (3688., 3691., 3686., 3686.,  60., 16194, 20240306224500)
 (3688., 3689., 3685., 3688.,  64., 16189, 20240306230000)
 (3690., 3694., 3684., 3693., 343., 16217, 20240307091500)
 (3694., 3695., 3689., 3691., 155., 16161, 20240307093000)
 (3693., 3693., 3689., 3692.,  44., 16186, 20240307094500)
 (3691., 3693., 3690., 3693.,  11., 16186, 20240307100000)
 (3691., 3693., 3690., 3692.,  57., 16170, 20240307101500)
 (3692., 3695., 3690., 3695.,  45., 16198, 20240307104500)
 (3695., 3698., 3690., 3690., 113., 16228, 20240307110000)
 (3692., 3695., 3690., 3690.,  55., 16253, 20240307111500)
 (3690., 3692., 3680., 3683., 688., 16609, 20240307113000)
 (3686., 3686., 3676., 3685., 248., 16719, 20240307134500)
 (3685., 3687., 3682., 3685.,  39., 16727, 20240307140000)
 (3686., 3688., 3681., 3688.,  51., 16730, 20240307141500)
 (3689., 3693., 3687., 3690.,  63., 16741, 20240307143000)
 (3690., 3690., 3688., 3688.,  41., 16755, 20240307144500)
 (3688., 3690., 3675., 3689., 573., 17164, 20240307150000)]
2024-03-08 15:30:00  INFO  [(3684., 3694., 3683., 3691., 143., 17205, 20240307211500)
 (3691., 3695., 3691., 3695., 169., 17172, 20240307213000)
 (3695., 3695., 3689., 3693., 144., 17202, 20240307214500)
 (3693., 3694., 3688., 3690., 101., 17181, 20240307220000)
 (3690., 3692., 3689., 3690.,  17., 17171, 20240307221500)
 (3690., 3692., 3690., 3692.,  45., 17189, 20240307223000)
 (3692., 3692., 3686., 3687., 120., 17166, 20240307224500)
 (3688., 3693., 3682., 3686., 277., 17186, 20240307230000)
 (3687., 3690., 3682., 3686., 111., 17254, 20240308091500)
 (3687., 3694., 3686., 3689.,  56., 17260, 20240308093000)
 (3687., 3689., 3683., 3683.,  81., 17314, 20240308094500)
 (3682., 3682., 3673., 3676., 458., 17556, 20240308100000)
 (3676., 3685., 3676., 3684., 864., 17501, 20240308101500)
 (3685., 3687., 3681., 3684., 119., 17560, 20240308104500)
 (3684., 3684., 3679., 3684.,  81., 17615, 20240308110000)
 (3684., 3686., 3679., 3686.,  66., 17649, 20240308111500)
 (3685., 3690., 3684., 3688., 208., 17553, 20240308113000)
 (3689., 3689., 3683., 3687., 159., 17545, 20240308134500)
 (3685., 3688., 3680., 3685.,  81., 17584, 20240308140000)
 (3684., 3687., 3683., 3686.,  25., 17605, 20240308141500)
 (3690., 3694., 3686., 3693., 272., 17697, 20240308143000)
 (3694., 3702., 3690., 3691., 922., 18129, 20240308144500)
 (3692., 3692., 3688., 3691.,  94., 18122, 20240308150000)]
2024-03-11 15:30:00  INFO  [(3700., 3700., 3682., 3685.,  674., 18442, 20240308211500)
 (3685., 3689., 3680., 3684.,  205., 18518, 20240308213000)
 (3684., 3692., 3684., 3689.,  119., 18546, 20240308214500)
 (3689., 3690., 3685., 3685.,   44., 18549, 20240308220000)
 (3686., 3686., 3675., 3677.,  331., 18712, 20240308221500)
 (3678., 3683., 3676., 3681.,  140., 18782, 20240308223000)
 (3681., 3683., 3679., 3682.,   98., 18828, 20240308224500)
 (3680., 3681., 3675., 3677.,  142., 18875, 20240308230000)
 (3674., 3674., 3653., 3664., 1747., 19171, 20240311091500)
 (3665., 3667., 3655., 3663.,  343., 19230, 20240311093000)
 (3663., 3667., 3655., 3655.,  575., 19429, 20240311094500)
 (3655., 3657., 3650., 3653.,  375., 19665, 20240311100000)
 (3654., 3659., 3653., 3657.,   92., 19708, 20240311101500)
 (3655., 3655., 3650., 3655.,  219., 19845, 20240311104500)
 (3656., 3656., 3644., 3645.,  357., 20014, 20240311110000)
 (3646., 3650., 3643., 3649.,  139., 20084, 20240311111500)
 (3649., 3654., 3648., 3649.,   73., 20102, 20240311113000)
 (3647., 3651., 3644., 3646.,  160., 20153, 20240311134500)
 (3645., 3646., 3633., 3638.,  310., 20342, 20240311140000)
 (3639., 3651., 3635., 3642.,  217., 20374, 20240311141500)
 (3641., 3643., 3637., 3639.,   82., 20403, 20240311143000)
 (3640., 3645., 3635., 3640.,  223., 20517, 20240311144500)
 (3638., 3641., 3632., 3632.,  315., 20698, 20240311150000)]
2024-03-12 15:30:00  INFO  [(3630., 3639., 3625., 3634., 529., 21001, 20240311211500)
 (3635., 3636., 3627., 3629., 179., 21091, 20240311213000)
 (3630., 3634., 3629., 3632., 185., 21147, 20240311214500)
 (3631., 3632., 3628., 3632.,  45., 21171, 20240311220000)
 (3630., 3630., 3627., 3628.,  38., 21194, 20240311221500)
 (3627., 3637., 3627., 3636., 124., 21238, 20240311223000)
 (3636., 3636., 3633., 3633.,  45., 21263, 20240311224500)
 (3633., 3637., 3631., 3631., 111., 21294, 20240311230000)
 (3635., 3649., 3635., 3646., 316., 21331, 20240312091500)
 (3647., 3647., 3643., 3643.,  49., 21354, 20240312093000)
 (3642., 3642., 3636., 3638.,  35., 21368, 20240312094500)
 (3639., 3640., 3638., 3640.,  58., 21414, 20240312100000)
 (3640., 3640., 3633., 3635.,  78., 21419, 20240312101500)
 (3633., 3636., 3628., 3636., 264., 21522, 20240312104500)
 (3636., 3636., 3630., 3636.,  73., 21585, 20240312110000)
 (3636., 3638., 3633., 3634.,  76., 21642, 20240312111500)
 (3633., 3635., 3630., 3633.,  55., 21681, 20240312113000)
 (3632., 3638., 3631., 3635.,  75., 21712, 20240312134500)
 (3635., 3643., 3633., 3643., 741., 21189, 20240312140000)
 (3643., 3643., 3634., 3634.,  52., 21195, 20240312141500)
 (3634., 3639., 3633., 3638.,  81., 21211, 20240312143000)
 (3637., 3648., 3637., 3647., 259., 21131, 20240312144500)
 (3649., 3651., 3640., 3641., 391., 21173, 20240312150000)]
2024-03-13 15:30:00  INFO  [(3647., 3662., 3647., 3655., 863., 21124, 20240312211500)
 (3656., 3657., 3652., 3653.,  55., 21152, 20240312213000)
 (3653., 3653., 3642., 3644., 255., 21208, 20240312214500)
 (3644., 3645., 3643., 3645.,  57., 21212, 20240312220000)
 (3645., 3647., 3642., 3643.,  68., 21241, 20240312221500)
 (3644., 3646., 3643., 3644.,  46., 21257, 20240312223000)
 (3643., 3645., 3637., 3638., 103., 21324, 20240312224500)
 (3638., 3646., 3638., 3646.,  86., 21333, 20240312230000)
 (3646., 3650., 3645., 3647., 140., 21406, 20240313091500)
 (3644., 3647., 3640., 3642., 306., 21560, 20240313093000)
 (3642., 3643., 3638., 3643., 165., 21695, 20240313094500)
 (3643., 3643., 3637., 3639., 101., 21776, 20240313100000)
 (3636., 3638., 3627., 3631., 694., 22279, 20240313101500)
 (3633., 3633., 3629., 3629., 177., 22372, 20240313104500)
 (3629., 3633., 3627., 3633., 343., 22481, 20240313110000)
 (3633., 3633., 3628., 3629., 109., 22516, 20240313111500)
 (3630., 3630., 3622., 3629., 469., 22796, 20240313113000)
 (3627., 3628., 3621., 3622., 199., 22890, 20240313134500)
 (3622., 3624., 3615., 3619., 522., 23198, 20240313140000)
 (3619., 3622., 3615., 3620., 126., 23244, 20240313141500)
 (3619., 3619., 3607., 3608., 530., 23593, 20240313143000)
 (3608., 3612., 3603., 3605., 271., 23764, 20240313144500)
 (3604., 3613., 3601., 3607., 731., 24125, 20240313150000)]
2024-03-14 15:30:00  INFO  [(3612., 3612., 3600., 3605.,  472., 24428, 20240313211500)
 (3605., 3605., 3596., 3596.,  507., 24797, 20240313213000)
 (3596., 3598., 3590., 3592.,  392., 25082, 20240313214500)
 (3593., 3596., 3588., 3588.,  477., 25397, 20240313220000)
 (3587., 3592., 3586., 3589.,  117., 25455, 20240313221500)
 (3590., 3606., 3590., 3602.,  227., 25429, 20240313223000)
 (3600., 3603., 3597., 3601.,   90., 25456, 20240313224500)
 (3601., 3604., 3599., 3603.,  103., 25473, 20240313230000)
 (3604., 3609., 3603., 3605.,  692., 25905, 20240314091500)
 (3607., 3608., 3591., 3594.,  389., 26066, 20240314093000)
 (3596., 3596., 3588., 3593.,  232., 26107, 20240314094500)
 (3593., 3605., 3593., 3604.,  234., 26189, 20240314100000)
 (3602., 3605., 3595., 3598.,  253., 26260, 20240314101500)
 (3596., 3597., 3586., 3596.,  380., 26571, 20240314104500)
 (3596., 3596., 3583., 3583.,  313., 26747, 20240314110000)
 (3585., 3586., 3580., 3583.,  940., 27471, 20240314111500)
 (3584., 3585., 3570., 3573., 1272., 28317, 20240314113000)
 (3575., 3576., 3557., 3565.,  970., 28773, 20240314134500)
 (3565., 3566., 3554., 3562.,  716., 29204, 20240314140000)
 (3561., 3565., 3559., 3563.,  201., 29292, 20240314141500)
 (3561., 3576., 3561., 3565.,  340., 29360, 20240314143000)
 (3566., 3573., 3559., 3562.,  112., 29417, 20240314144500)
 (3565., 3565., 3552., 3556.,  698., 29835, 20240314150000)]
2024-03-15 15:30:00  INFO  [(3560., 3560., 3541., 3546., 950., 30344, 20240314211500)
 (3547., 3552., 3543., 3549., 372., 30552, 20240314213000)
 (3549., 3550., 3543., 3544., 324., 30685, 20240314214500)
 (3544., 3547., 3542., 3546., 308., 30849, 20240314220000)
 (3546., 3555., 3543., 3552., 348., 30954, 20240314221500)
 (3553., 3555., 3548., 3552., 161., 30966, 20240314223000)
 (3552., 3552., 3548., 3548.,  90., 30999, 20240314224500)
 (3550., 3552., 3541., 3544., 331., 31067, 20240314230000)
 (3542., 3552., 3542., 3551., 253., 31132, 20240315091500)
 (3551., 3566., 3551., 3564., 332., 31197, 20240315093000)
 (3564., 3565., 3556., 3561., 303., 31364, 20240315094500)
 (3562., 3567., 3559., 3560.,  94., 31344, 20240315100000)
 (3560., 3563., 3557., 3563.,  86., 31349, 20240315101500)
 (3563., 3563., 3553., 3554.,  92., 31392, 20240315104500)
 (3554., 3558., 3551., 3553.,  72., 31400, 20240315110000)
 (3553., 3560., 3553., 3558.,  96., 31442, 20240315111500)
 (3559., 3560., 3556., 3556.,  87., 31499, 20240315113000)
 (3558., 3560., 3552., 3559., 201., 31585, 20240315134500)
 (3560., 3563., 3556., 3556., 239., 31623, 20240315140000)
 (3559., 3560., 3552., 3555., 185., 31693, 20240315141500)
 (3555., 3558., 3550., 3551., 307., 31853, 20240315143000)
 (3550., 3555., 3543., 3546., 459., 32108, 20240315144500)
 (3546., 3549., 3542., 3543., 404., 32215, 20240315150000)]
2024-03-18 15:30:00  INFO  [(3540., 3540., 3531., 3532.,  881., 32666, 20240315211500)
 (3532., 3532., 3508., 3513., 1257., 33397, 20240315213000)
 (3513., 3515., 3499., 3499., 1021., 34138, 20240315214500)
 (3500., 3509., 3494., 3501.,  686., 34337, 20240315220000)
 (3501., 3502., 3494., 3496.,  675., 34823, 20240315221500)
 (3497., 3501., 3495., 3495.,  343., 34945, 20240315223000)
 (3497., 3500., 3480., 3500.,  879., 35194, 20240315224500)
 (3499., 3532., 3496., 3531.,  977., 34847, 20240315230000)
 (3532., 3538., 3520., 3530., 1122., 34967, 20240318091500)
 (3530., 3547., 3525., 3542.,  493., 34897, 20240318093000)
 (3546., 3564., 3545., 3549.,  934., 34424, 20240318094500)
 (3549., 3556., 3541., 3548.,  683., 34729, 20240318100000)
 (3553., 3553., 3534., 3536.,  549., 35032, 20240318101500)
 (3533., 3539., 3528., 3530.,  264., 35149, 20240318104500)
 (3530., 3537., 3527., 3532.,  116., 35200, 20240318110000)
 (3529., 3536., 3525., 3536.,   97., 35225, 20240318111500)
 (3536., 3538., 3531., 3535.,   75., 35215, 20240318113000)
 (3535., 3539., 3532., 3536.,  393., 35250, 20240318134500)
 (3536., 3549., 3533., 3545.,  173., 35244, 20240318140000)
 (3546., 3552., 3541., 3552.,  184., 35278, 20240318141500)
 (3554., 3554., 3542., 3545.,  387., 35508, 20240318143000)
 (3545., 3549., 3540., 3542.,  111., 35544, 20240318144500)
 (3547., 3555., 3546., 3550.,  521., 35406, 20240318150000)]
2024-03-19 15:30:00  INFO  [(3555., 3562., 3555., 3560.,  826., 35408, 20240318211500)
 (3560., 3561., 3552., 3556.,  233., 35470, 20240318213000)
 (3556., 3558., 3552., 3555.,  130., 35514, 20240318214500)
 (3554., 3554., 3544., 3545.,  525., 35725, 20240318220000)
 (3545., 3554., 3545., 3551.,  172., 35762, 20240318221500)
 (3550., 3555., 3548., 3552.,   86., 35782, 20240318223000)
 (3552., 3559., 3552., 3557.,   96., 35783, 20240318224500)
 (3557., 3557., 3552., 3556.,  158., 35756, 20240318230000)
 (3558., 3558., 3548., 3552.,  247., 35786, 20240319091500)
 (3552., 3556., 3550., 3550.,  181., 35901, 20240319093000)
 (3550., 3552., 3546., 3548.,  121., 35973, 20240319094500)
 (3549., 3561., 3549., 3558.,  114., 36003, 20240319100000)
 (3558., 3567., 3555., 3566.,  710., 35986, 20240319101500)
 (3566., 3584., 3566., 3581., 1177., 35938, 20240319104500)
 (3585., 3593., 3577., 3577.,  967., 35691, 20240319110000)
 (3577., 3583., 3572., 3583.,  271., 35744, 20240319111500)
 (3581., 3585., 3577., 3578.,  168., 35721, 20240319113000)
 (3578., 3595., 3578., 3595.,  658., 35725, 20240319134500)
 (3592., 3597., 3582., 3583.,  440., 35690, 20240319140000)
 (3583., 3585., 3569., 3582.,  740., 35576, 20240319141500)
 (3582., 3586., 3581., 3582.,  227., 35464, 20240319143000)
 (3581., 3584., 3575., 3576.,  299., 35409, 20240319144500)
 (3576., 3586., 3576., 3584.,  273., 35353, 20240319150000)]
2024-03-20 15:30:00  INFO  [(3592., 3594., 3579., 3591., 1190., 35512, 20240319211500)
 (3592., 3595., 3585., 3586.,  206., 35512, 20240319213000)
 (3585., 3588., 3584., 3584.,  108., 35492, 20240319214500)
 (3585., 3587., 3583., 3587.,   63., 35476, 20240319220000)
 (3587., 3587., 3583., 3585.,   50., 35473, 20240319221500)
 (3585., 3588., 3585., 3586.,   25., 35457, 20240319223000)
 (3585., 3588., 3585., 3586.,   99., 35455, 20240319224500)
 (3586., 3589., 3582., 3583.,  155., 35428, 20240319230000)
 (3589., 3596., 3589., 3590.,  394., 35333, 20240320091500)
 (3590., 3599., 3590., 3599.,  266., 35221, 20240320093000)
 (3600., 3605., 3599., 3602.,  465., 35224, 20240320094500)
 (3603., 3609., 3602., 3608.,  513., 35427, 20240320100000)
 (3609., 3613., 3605., 3609.,  412., 35254, 20240320101500)
 (3609., 3612., 3604., 3610.,  418., 35348, 20240320104500)
 (3610., 3610., 3602., 3606.,  715., 35434, 20240320110000)
 (3607., 3607., 3589., 3593.,  668., 35651, 20240320111500)
 (3594., 3596., 3583., 3593.,  351., 35703, 20240320113000)
 (3595., 3601., 3590., 3594.,  193., 35706, 20240320134500)
 (3594., 3597., 3589., 3591.,   66., 35706, 20240320140000)
 (3591., 3596., 3591., 3595.,   13., 35713, 20240320141500)
 (3596., 3597., 3591., 3591.,   98., 35709, 20240320143000)
 (3595., 3595., 3587., 3593.,   82., 35715, 20240320144500)
 (3594., 3596., 3588., 3588.,  304., 35689, 20240320150000)]
2024-03-21 15:30:00  INFO  [(3582., 3595., 3575., 3576.,  650., 35920, 20240320211500)
 (3576., 3584., 3576., 3583.,  118., 35916, 20240320213000)
 (3583., 3584., 3580., 3583.,   63., 35921, 20240320214500)
 (3583., 3584., 3583., 3584.,   29., 35914, 20240320220000)
 (3582., 3587., 3581., 3584.,   34., 35907, 20240320221500)
 (3584., 3584., 3578., 3580.,   41., 35925, 20240320223000)
 (3578., 3584., 3578., 3581.,  202., 35856, 20240320224500)
 (3581., 3596., 3581., 3593.,  246., 35784, 20240320230000)
 (3593., 3610., 3593., 3600., 1174., 36094, 20240321091500)
 (3600., 3602., 3596., 3600.,  212., 36203, 20240321093000)
 (3602., 3602., 3596., 3598.,  213., 36289, 20240321094500)
 (3600., 3602., 3598., 3600.,  227., 36420, 20240321100000)
 (3602., 3609., 3600., 3606.,  544., 36184, 20240321101500)
 (3606., 3613., 3606., 3607.,  435., 36077, 20240321104500)
 (3608., 3612., 3605., 3607.,  130., 36106, 20240321110000)
 (3606., 3612., 3605., 3610.,   93., 36106, 20240321111500)
 (3610., 3629., 3610., 3623., 1108., 35956, 20240321113000)
 (3621., 3632., 3608., 3628.,  822., 35928, 20240321134500)
 (3627., 3627., 3622., 3624.,  195., 35987, 20240321140000)
 (3625., 3630., 3624., 3630.,  225., 36055, 20240321141500)
 (3630., 3633., 3628., 3632.,  417., 35840, 20240321143000)
 (3632., 3633., 3625., 3627.,  371., 35859, 20240321144500)
 (3628., 3636., 3626., 3636.,  677., 35658, 20240321150000)]
2024-03-22 15:30:00  INFO  [(3628., 3646., 3625., 3636., 803., 35478, 20240321211500)
 (3636., 3646., 3633., 3643., 252., 35471, 20240321213000)
 (3643., 3645., 3639., 3644., 163., 35482, 20240321214500)
 (3644., 3645., 3637., 3640., 102., 35438, 20240321220000)
 (3640., 3642., 3635., 3638., 177., 35368, 20240321221500)
 (3640., 3640., 3630., 3632., 477., 35387, 20240321223000)
 (3631., 3640., 3631., 3640., 214., 35369, 20240321224500)
 (3639., 3644., 3634., 3634., 187., 35292, 20240321230000)
 (3635., 3639., 3628., 3631., 299., 35178, 20240322091500)
 (3630., 3637., 3630., 3636., 371., 35241, 20240322093000)
 (3636., 3636., 3626., 3626., 483., 35494, 20240322094500)
 (3627., 3627., 3615., 3619., 573., 35444, 20240322100000)
 (3619., 3625., 3612., 3612., 149., 35413, 20240322101500)
 (3611., 3619., 3609., 3619., 320., 35477, 20240322104500)
 (3619., 3628., 3618., 3625., 296., 35451, 20240322110000)
 (3626., 3630., 3621., 3622.,  85., 35461, 20240322111500)
 (3623., 3623., 3611., 3618., 140., 35401, 20240322113000)
 (3620., 3621., 3605., 3610., 332., 35445, 20240322134500)
 (3611., 3620., 3611., 3618., 279., 35498, 20240322140000)
 (3616., 3622., 3616., 3622., 169., 35548, 20240322141500)
 (3622., 3629., 3620., 3620., 108., 35529, 20240322143000)
 (3618., 3624., 3618., 3619., 198., 35429, 20240322144500)
 (3620., 3624., 3617., 3622., 622., 35189, 20240322150000)]
2024-03-25 15:30:00  INFO  [(3619., 3628., 3617., 3619., 455., 35385, 20240322211500)
 (3619., 3630., 3619., 3626., 194., 35337, 20240322213000)
 (3627., 3637., 3627., 3634., 413., 35186, 20240322214500)
 (3635., 3639., 3632., 3634., 352., 35080, 20240322220000)
 (3635., 3638., 3627., 3628., 407., 34954, 20240322221500)
 (3626., 3630., 3622., 3629., 117., 35017, 20240322223000)
 (3630., 3635., 3626., 3631.,  64., 35011, 20240322224500)
 (3635., 3636., 3626., 3629., 341., 34911, 20240322230000)
 (3629., 3629., 3615., 3617., 983., 35211, 20240325091500)
 (3617., 3617., 3600., 3601., 695., 35467, 20240325093000)
 (3601., 3606., 3598., 3603., 254., 35548, 20240325094500)
 (3606., 3608., 3601., 3603., 190., 35607, 20240325100000)
 (3603., 3608., 3603., 3607.,  74., 35618, 20240325101500)
 (3608., 3612., 3604., 3610., 172., 35669, 20240325104500)
 (3610., 3614., 3606., 3607., 125., 35714, 20240325110000)
 (3606., 3613., 3605., 3610.,  97., 35717, 20240325111500)
 (3610., 3617., 3610., 3611., 247., 35881, 20240325113000)
 (3610., 3617., 3608., 3615., 114., 35926, 20240325134500)
 (3614., 3615., 3609., 3610.,  44., 35935, 20240325140000)
 (3612., 3613., 3602., 3608., 457., 36221, 20240325141500)
 (3608., 3608., 3601., 3607., 153., 36251, 20240325143000)
 (3609., 3610., 3606., 3609.,  87., 36246, 20240325144500)
 (3610., 3611., 3599., 3604., 840., 36277, 20240325150000)]
2024-03-26 15:30:00  INFO  [(3600., 3603., 3598., 3602.,  501., 36081, 20240325211500)
 (3603., 3606., 3600., 3601.,  225., 36190, 20240325213000)
 (3603., 3605., 3597., 3598.,   93., 36229, 20240325214500)
 (3598., 3601., 3598., 3601.,   62., 36270, 20240325220000)
 (3604., 3610., 3602., 3605.,  155., 36324, 20240325221500)
 (3607., 3611., 3604., 3609.,  110., 36374, 20240325223000)
 (3609., 3612., 3606., 3609.,  105., 36416, 20240325224500)
 (3608., 3609., 3601., 3601.,  147., 36461, 20240325230000)
 (3601., 3609., 3601., 3607.,  115., 36505, 20240326091500)
 (3608., 3611., 3605., 3605.,   65., 36507, 20240326093000)
 (3605., 3606., 3598., 3600.,  197., 36523, 20240326094500)
 (3600., 3600., 3582., 3587., 1025., 37018, 20240326100000)
 (3586., 3586., 3574., 3578.,  675., 37107, 20240326101500)
 (3578., 3578., 3555., 3564., 1358., 37620, 20240326104500)
 (3564., 3570., 3560., 3567.,  526., 37851, 20240326110000)
 (3568., 3568., 3557., 3557.,  609., 38054, 20240326111500)
 (3559., 3564., 3550., 3553.,  730., 38539, 20240326113000)
 (3553., 3555., 3540., 3548., 1309., 39197, 20240326134500)
 (3548., 3548., 3533., 3540., 1669., 39904, 20240326140000)
 (3541., 3547., 3538., 3543.,  839., 40194, 20240326141500)
 (3543., 3543., 3528., 3535.,  833., 40548, 20240326143000)
 (3535., 3536., 3528., 3528.,  431., 40778, 20240326144500)
 (3528., 3531., 3512., 3512., 1959., 41618, 20240326150000)]
2024-03-27 15:30:00  INFO  [(3524., 3524., 3493., 3508., 2435., 42581, 20240326211500)
 (3508., 3511., 3497., 3501.,  823., 42912, 20240326213000)
 (3501., 3505., 3495., 3499.,  504., 43137, 20240326214500)
 (3499., 3502., 3495., 3498.,  456., 43260, 20240326220000)
 (3498., 3502., 3496., 3499.,  250., 43303, 20240326221500)
 (3499., 3501., 3495., 3498.,  654., 43701, 20240326223000)
 (3498., 3535., 3493., 3523., 1730., 43675, 20240326224500)
 (3525., 3530., 3510., 3517.,  688., 43600, 20240326230000)
 (3524., 3529., 3517., 3525.,  370., 43648, 20240327091500)
 (3525., 3525., 3517., 3521.,  297., 43671, 20240327093000)
 (3521., 3530., 3518., 3520.,  301., 43685, 20240327094500)
 (3520., 3533., 3520., 3527.,  344., 43625, 20240327100000)
 (3527., 3529., 3516., 3519.,  878., 44024, 20240327101500)
 (3519., 3519., 3506., 3512.,  970., 44647, 20240327104500)
 (3509., 3516., 3507., 3516.,  772., 45093, 20240327110000)
 (3515., 3517., 3502., 3505.,  592., 45229, 20240327111500)
 (3504., 3507., 3496., 3507., 1282., 45931, 20240327113000)
 (3505., 3511., 3497., 3503.,  682., 46243, 20240327134500)
 (3501., 3510., 3500., 3503.,  287., 46320, 20240327140000)
 (3504., 3507., 3498., 3502.,  270., 46490, 20240327141500)
 (3501., 3507., 3499., 3506.,  398., 46716, 20240327143000)
 (3506., 3508., 3486., 3488., 1624., 47748, 20240327144500)
 (3487., 3494., 3485., 3488.,  987., 48109, 20240327150000)]
2024-03-28 15:30:00  INFO  [(3480., 3484., 3465., 3473., 3973., 50850, 20240327211500)
 (3474., 3478., 3471., 3471.,  638., 51203, 20240327213000)
 (3472., 3478., 3472., 3476.,  452., 51407, 20240327214500)
 (3475., 3495., 3475., 3493.,  833., 51222, 20240327220000)
 (3493., 3494., 3483., 3484.,  311., 51306, 20240327221500)
 (3483., 3490., 3481., 3488.,  138., 51314, 20240327223000)
 (3488., 3494., 3485., 3486.,  607., 51567, 20240327224500)
 (3487., 3493., 3485., 3489.,  160., 51557, 20240327230000)
 (3493., 3498., 3482., 3489.,  687., 51804, 20240328091500)
 (3483., 3491., 3479., 3481.,  446., 51993, 20240328093000)
 (3483., 3490., 3481., 3484.,  336., 51922, 20240328094500)
 (3484., 3485., 3479., 3481.,  235., 51881, 20240328100000)
 (3481., 3486., 3470., 3484.,  508., 51995, 20240328101500)
 (3486., 3494., 3485., 3492.,  865., 52089, 20240328104500)
 (3492., 3502., 3489., 3489., 1446., 52280, 20240328110000)
 (3489., 3496., 3484., 3493.,  196., 52355, 20240328111500)
 (3495., 3520., 3493., 3502.,  951., 52132, 20240328113000)
 (3507., 3525., 3491., 3493., 1626., 52292, 20240328134500)
 (3493., 3498., 3487., 3491.,  403., 52362, 20240328140000)
 (3491., 3491., 3485., 3488.,  950., 52519, 20240328141500)
 (3487., 3500., 3486., 3495.,  521., 52503, 20240328143000)
 (3495., 3495., 3486., 3492.,  463., 52696, 20240328144500)
 (3492., 3503., 3492., 3497.,  870., 52269, 20240328150000)]
2024-03-29 15:30:00  INFO  [(3497., 3498., 3487., 3492.,  975., 52772, 20240328211500)
 (3492., 3494., 3488., 3490.,  277., 52793, 20240328213000)
 (3489., 3492., 3480., 3482.,  341., 52815, 20240328214500)
 (3485., 3489., 3483., 3483.,  201., 52909, 20240328220000)
 (3483., 3490., 3481., 3490.,  160., 52979, 20240328221500)
 (3491., 3491., 3480., 3480.,  154., 53009, 20240328223000)
 (3480., 3496., 3478., 3487.,  396., 52949, 20240328224500)
 (3487., 3490., 3483., 3485.,  121., 52929, 20240328230000)
 (3484., 3490., 3480., 3486.,  478., 53140, 20240329091500)
 (3486., 3493., 3480., 3486.,  552., 53463, 20240329093000)
 (3485., 3490., 3481., 3484.,  471., 53574, 20240329094500)
 (3484., 3484., 3477., 3481.,  407., 53691, 20240329100000)
 (3481., 3481., 3473., 3477.,  233., 53815, 20240329101500)
 (3476., 3479., 3470., 3475.,  477., 53944, 20240329104500)
 (3475., 3476., 3465., 3467.,  685., 54212, 20240329110000)
 (3466., 3472., 3456., 3457., 1139., 54662, 20240329111500)
 (3457., 3462., 3451., 3453., 1554., 54929, 20240329113000)
 (3452., 3453., 3441., 3453., 1563., 55778, 20240329134500)
 (3454., 3467., 3452., 3462.,  694., 55918, 20240329140000)
 (3463., 3471., 3452., 3452.,  530., 56003, 20240329141500)
 (3452., 3455., 3447., 3454.,  468., 56232, 20240329143000)
 (3455., 3457., 3440., 3443., 1278., 56963, 20240329144500)
 (3445., 3459., 3440., 3455., 1696., 56974, 20240329150000)]
2024-04-01 15:30:00  INFO  [(3450., 3450., 3439., 3444., 3040., 59223, 20240329211500)
 (3444., 3452., 3442., 3450.,  698., 59228, 20240329213000)
 (3450., 3457., 3445., 3446.,  580., 59003, 20240329214500)
 (3445., 3448., 3443., 3445.,  229., 59022, 20240329220000)
 (3446., 3448., 3442., 3445.,  343., 58940, 20240329221500)
 (3443., 3445., 3440., 3445.,  355., 58988, 20240329223000)
 (3443., 3457., 3440., 3446.,  425., 58991, 20240329224500)
 (3448., 3451., 3440., 3440.,  309., 58922, 20240329230000)
 (3429., 3433., 3409., 3417., 2780., 59589, 20240401091500)
 (3417., 3418., 3402., 3412., 2129., 59557, 20240401093000)
 (3411., 3419., 3408., 3418.,  648., 59420, 20240401094500)
 (3418., 3418., 3411., 3413.,  354., 59467, 20240401100000)
 (3414., 3434., 3414., 3432., 1204., 59743, 20240401101500)
 (3434., 3439., 3419., 3423.,  998., 60123, 20240401104500)
 (3424., 3435., 3422., 3424.,  425., 60204, 20240401110000)
 (3424., 3425., 3421., 3422.,  103., 60207, 20240401111500)
 (3422., 3428., 3420., 3426.,  100., 60225, 20240401113000)
 (3424., 3429., 3418., 3427.,  248., 60278, 20240401134500)
 (3428., 3443., 3428., 3440.,  425., 60264, 20240401140000)
 (3439., 3450., 3436., 3447.,  867., 60024, 20240401141500)
 (3448., 3465., 3445., 3453.,  982., 60028, 20240401143000)
 (3452., 3483., 3452., 3467., 1326., 60020, 20240401144500)
 (3467., 3488., 3467., 3485., 1026., 59878, 20240401150000)]
2024-04-02 15:30:00  INFO  [(3486., 3510., 3484., 3509., 2406., 59485, 20240401211500)
 (3509., 3514., 3502., 3503.,  918., 59320, 20240401213000)
 (3502., 3507., 3500., 3503.,  510., 59223, 20240401214500)
 (3503., 3513., 3503., 3510.,  656., 59053, 20240401220000)
 (3511., 3520., 3511., 3517.,  943., 59036, 20240401221500)
 (3517., 3523., 3513., 3521.,  549., 59085, 20240401223000)
 (3521., 3533., 3520., 3525.,  865., 58841, 20240401224500)
 (3524., 3525., 3517., 3518.,  556., 58764, 20240401230000)
 (3522., 3522., 3509., 3514., 1274., 58788, 20240402091500)
 (3513., 3515., 3504., 3504.,  634., 58609, 20240402093000)
 (3504., 3515., 3504., 3509.,  421., 58587, 20240402094500)
 (3509., 3510., 3501., 3502.,  534., 58629, 20240402100000)
 (3504., 3504., 3494., 3494., 1450., 58830, 20240402101500)
 (3494., 3496., 3479., 3488., 1435., 59173, 20240402104500)
 (3487., 3492., 3480., 3488.,  696., 59539, 20240402110000)
 (3488., 3494., 3483., 3487.,  433., 59709, 20240402111500)
 (3487., 3500., 3487., 3491.,  571., 59786, 20240402113000)
 (3489., 3497., 3485., 3493.,  518., 59684, 20240402134500)
 (3492., 3497., 3486., 3496.,  605., 59789, 20240402140000)
 (3497., 3520., 3495., 3515., 1009., 59603, 20240402141500)
 (3515., 3522., 3506., 3508.,  809., 59325, 20240402143000)
 (3508., 3515., 3500., 3503.,  266., 59325, 20240402144500)
 (3504., 3509., 3494., 3501.,  440., 59326, 20240402150000)]
2024-04-03 15:30:00  INFO  [(3505., 3518., 3500., 3517., 1030., 59434, 20240402211500)
 (3516., 3530., 3513., 3528., 1170., 59707, 20240402213000)
 (3530., 3535., 3520., 3522.,  833., 59733, 20240402214500)
 (3520., 3524., 3513., 3520.,  530., 59852, 20240402220000)
 (3519., 3526., 3516., 3524.,  697., 60061, 20240402221500)
 (3525., 3527., 3522., 3522.,  218., 60075, 20240402223000)
 (3525., 3525., 3518., 3522.,  352., 59967, 20240402224500)
 (3520., 3523., 3516., 3519.,  404., 59735, 20240402230000)
 (3523., 3530., 3518., 3520.,  507., 59668, 20240403091500)
 (3520., 3528., 3520., 3524.,  163., 59679, 20240403093000)
 (3523., 3523., 3511., 3513.,  415., 59634, 20240403094500)
 (3514., 3515., 3506., 3509.,  684., 59821, 20240403100000)
 (3508., 3516., 3504., 3507.,  517., 59925, 20240403101500)
 (3509., 3517., 3507., 3512.,  514., 60060, 20240403104500)
 (3513., 3516., 3501., 3506.,  837., 60276, 20240403110000)
 (3506., 3512., 3504., 3508.,  208., 60352, 20240403111500)
 (3508., 3514., 3500., 3509.,  602., 60527, 20240403113000)
 (3506., 3510., 3501., 3508.,  636., 60680, 20240403134500)
 (3507., 3508., 3505., 3506.,  100., 60680, 20240403140000)
 (3505., 3507., 3490., 3494.,  850., 60844, 20240403141500)
 (3494., 3499., 3480., 3484., 1378., 60851, 20240403143000)
 (3484., 3493., 3483., 3483.,  778., 60921, 20240403144500)
 (3482., 3488., 3458., 3458., 2336., 61585, 20240403150000)]
2024-04-08 15:30:00  INFO  [(3506., 3512., 3504., 3508.,  208., 60352, 20240403111500)
 (3508., 3514., 3500., 3509.,  602., 60527, 20240403113000)
 (3506., 3510., 3501., 3508.,  636., 60680, 20240403134500)
 (3507., 3508., 3505., 3506.,  100., 60680, 20240403140000)
 (3505., 3507., 3490., 3494.,  850., 60844, 20240403141500)
 (3494., 3499., 3480., 3484., 1378., 60851, 20240403143000)
 (3484., 3493., 3483., 3483.,  778., 60921, 20240403144500)
 (3482., 3488., 3458., 3458., 2336., 61585, 20240403150000)
 (3450., 3709., 3443., 3491., 4059., 62981, 20240408091500)
 (3491., 3528., 3485., 3519., 3842., 63744, 20240408093000)
 (3520., 3521., 3498., 3506., 1385., 64059, 20240408094500)
 (3505., 3512., 3501., 3510.,  756., 64033, 20240408100000)
 (3510., 3519., 3506., 3519.,  653., 64161, 20240408101500)
 (3519., 3522., 3512., 3512.,  543., 64200, 20240408104500)
 (3513., 3520., 3510., 3514.,  447., 64173, 20240408110000)
 (3513., 3521., 3512., 3520.,  481., 64300, 20240408111500)
 (3520., 3520., 3511., 3512.,  361., 64330, 20240408113000)
 (3512., 3517., 3509., 3517.,  561., 64432, 20240408134500)
 (3518., 3519., 3511., 3518.,  499., 64386, 20240408140000)
 (3516., 3532., 3516., 3529., 2106., 63978, 20240408141500)
 (3529., 3544., 3527., 3544., 2051., 64049, 20240408143000)
 (3544., 3547., 3540., 3545.,  767., 64114, 20240408144500)
 (3543., 3548., 3540., 3547., 1597., 63910, 20240408150000)]
2024-04-09 15:30:00  INFO  [(3555., 3561., 3543., 3556., 1906., 64020, 20240408211500)
 (3554., 3569., 3554., 3564., 1119., 64147, 20240408213000)
 (3564., 3565., 3553., 3557.,  772., 63805, 20240408214500)
 (3557., 3565., 3555., 3561., 1335., 63195, 20240408220000)
 (3560., 3560., 3556., 3560.,  497., 63143, 20240408221500)
 (3561., 3561., 3558., 3560.,  121., 63132, 20240408223000)
 (3559., 3567., 3557., 3561.,  792., 62978, 20240408224500)
 (3559., 3563., 3551., 3552.,  919., 63088, 20240408230000)
 (3550., 3556., 3541., 3545., 1331., 63336, 20240409091500)
 (3545., 3545., 3536., 3542., 1098., 63729, 20240409093000)
 (3541., 3551., 3540., 3542., 1236., 63758, 20240409094500)
 (3543., 3548., 3542., 3545.,  574., 63610, 20240409100000)
 (3545., 3548., 3539., 3544.,  515., 63714, 20240409101500)
 (3545., 3548., 3543., 3545.,  278., 63783, 20240409104500)
 (3545., 3558., 3541., 3556., 1271., 63717, 20240409110000)
 (3556., 3573., 3555., 3570., 2138., 63458, 20240409111500)
 (3569., 3575., 3565., 3567., 2032., 63701, 20240409113000)
 (3568., 3575., 3567., 3572., 1636., 64820, 20240409134500)
 (3571., 3576., 3567., 3574., 1970., 64765, 20240409140000)
 (3573., 3581., 3568., 3570., 1664., 64619, 20240409141500)
 (3571., 3574., 3564., 3572., 1690., 65090, 20240409143000)
 (3573., 3579., 3573., 3578., 1894., 65014, 20240409144500)
 (3578., 3587., 3576., 3579., 1526., 65048, 20240409150000)]
2024-04-10 15:30:00  INFO  [(3581., 3590., 3577., 3582., 1741., 65323, 20240409211500)
 (3582., 3591., 3580., 3590., 2712., 64586, 20240409213000)
 (3590., 3591., 3577., 3580., 1539., 64133, 20240409214500)
 (3580., 3581., 3578., 3578.,  346., 64002, 20240409220000)
 (3578., 3582., 3575., 3576.,  513., 63960, 20240409221500)
 (3576., 3579., 3573., 3578.,  242., 63925, 20240409223000)
 (3578., 3578., 3570., 3570.,  786., 63888, 20240409224500)
 (3571., 3580., 3569., 3573.,  842., 63722, 20240409230000)
 (3577., 3582., 3574., 3577.,  483., 63683, 20240410091500)
 (3578., 3584., 3576., 3578.,  557., 63755, 20240410093000)
 (3578., 3584., 3578., 3578.,  309., 63837, 20240410094500)
 (3579., 3581., 3575., 3580.,  283., 63957, 20240410100000)
 (3579., 3580., 3568., 3572.,  665., 64092, 20240410101500)
 (3571., 3573., 3565., 3569., 1402., 64702, 20240410104500)
 (3569., 3573., 3563., 3569.,  925., 64993, 20240410110000)
 (3571., 3586., 3570., 3578., 1137., 65060, 20240410111500)
 (3580., 3585., 3570., 3577.,  907., 64940, 20240410113000)
 (3576., 3577., 3564., 3565.,  951., 65174, 20240410134500)
 (3566., 3569., 3562., 3569., 1211., 65554, 20240410140000)
 (3569., 3574., 3565., 3572.,  751., 65676, 20240410141500)
 (3572., 3576., 3569., 3574.,  395., 65674, 20240410143000)
 (3573., 3576., 3565., 3565.,  245., 65697, 20240410144500)
 (3570., 3576., 3568., 3573.,  619., 65425, 20240410150000)]
2024-04-11 15:30:00  INFO  [(3578., 3578., 3563., 3567., 1153., 65700, 20240410211500)
 (3567., 3579., 3566., 3571.,  498., 65581, 20240410213000)
 (3571., 3572., 3564., 3567.,  442., 65658, 20240410214500)
 (3567., 3569., 3557., 3564., 1156., 65807, 20240410220000)
 (3562., 3570., 3562., 3564.,  579., 65997, 20240410221500)
 (3564., 3575., 3564., 3571.,  320., 66104, 20240410223000)
 (3570., 3580., 3570., 3573.,  592., 65968, 20240410224500)
 (3575., 3578., 3569., 3569.,  561., 65980, 20240410230000)
 (3568., 3575., 3567., 3568.,  497., 66122, 20240411091500)
 (3568., 3576., 3568., 3575.,  595., 65989, 20240411093000)
 (3576., 3577., 3569., 3570.,  384., 65983, 20240411094500)
 (3570., 3575., 3567., 3570.,  329., 66048, 20240411100000)
 (3569., 3576., 3568., 3575.,  161., 66029, 20240411101500)
 (3575., 3590., 3574., 3585., 2050., 65575, 20240411104500)
 (3587., 3593., 3585., 3587.,  642., 65552, 20240411110000)
 (3587., 3590., 3581., 3586.,  302., 65581, 20240411111500)
 (3585., 3588., 3579., 3584.,  786., 65553, 20240411113000)
 (3588., 3603., 3588., 3601., 1604., 65570, 20240411134500)
 (3602., 3603., 3598., 3602., 1049., 65598, 20240411140000)
 (3603., 3606., 3598., 3601., 1112., 65813, 20240411141500)
 (3601., 3601., 3593., 3601.,  701., 66043, 20240411143000)
 (3599., 3603., 3598., 3601.,  937., 66116, 20240411144500)
 (3600., 3603., 3593., 3600., 1546., 66467, 20240411150000)]
2024-04-12 15:30:00  INFO  [(3601., 3612., 3601., 3607., 1677., 65874, 20240411211500)
 (3607., 3607., 3603., 3603.,  200., 65907, 20240411213000)
 (3603., 3607., 3602., 3603.,  186., 65947, 20240411214500)
 (3602., 3606., 3598., 3598.,  511., 66015, 20240411220000)
 (3598., 3602., 3593., 3593.,  301., 66098, 20240411221500)
 (3593., 3596., 3589., 3595.,  534., 66098, 20240411223000)
 (3594., 3598., 3590., 3591.,  523., 66176, 20240411224500)
 (3590., 3595., 3587., 3595.,  774., 66137, 20240411230000)
 (3595., 3598., 3592., 3595.,  553., 66233, 20240412091500)
 (3595., 3602., 3595., 3601.,  484., 66070, 20240412093000)
 (3602., 3605., 3598., 3598.,  457., 65981, 20240412094500)
 (3598., 3605., 3598., 3604.,  416., 66166, 20240412100000)
 (3603., 3606., 3599., 3600.,  160., 66203, 20240412101500)
 (3602., 3608., 3602., 3607.,  339., 66149, 20240412104500)
 (3606., 3609., 3604., 3605.,  574., 66032, 20240412110000)
 (3606., 3610., 3606., 3608.,  328., 66093, 20240412111500)
 (3608., 3611., 3602., 3611.,  447., 66364, 20240412113000)
 (3611., 3619., 3611., 3616.,  971., 66659, 20240412134500)
 (3616., 3621., 3615., 3618., 1630., 66662, 20240412140000)
 (3617., 3619., 3612., 3617., 1209., 67010, 20240412141500)
 (3619., 3625., 3617., 3623., 2348., 67395, 20240412143000)
 (3623., 3624., 3606., 3613., 2072., 67493, 20240412144500)
 (3611., 3621., 3611., 3617., 1282., 67716, 20240412150000)]
2024-04-15 15:30:00  INFO  [(3621., 3629., 3615., 3616., 1624., 67952, 20240412211500)
 (3615., 3622., 3615., 3616., 1246., 68648, 20240412213000)
 (3616., 3623., 3615., 3621., 1040., 68728, 20240412214500)
 (3621., 3622., 3615., 3616., 1311., 69268, 20240412220000)
 (3616., 3617., 3595., 3605., 2606., 70345, 20240412221500)
 (3604., 3611., 3604., 3607., 1532., 70641, 20240412223000)
 (3607., 3608., 3604., 3606.,  579., 71030, 20240412224500)
 (3606., 3607., 3600., 3605., 1156., 70898, 20240412230000)
 (3610., 3613., 3597., 3599., 3031., 72090, 20240415091500)
 (3599., 3604., 3597., 3604.,  782., 72360, 20240415093000)
 (3604., 3610., 3603., 3605.,  956., 72381, 20240415094500)
 (3604., 3606., 3599., 3601.,  318., 72427, 20240415100000)
 (3600., 3603., 3593., 3593., 1285., 72566, 20240415101500)
 (3593., 3597., 3579., 3587., 3802., 72712, 20240415104500)
 (3586., 3593., 3583., 3593., 1421., 72888, 20240415110000)
 (3593., 3593., 3586., 3586., 1155., 73248, 20240415111500)
 (3587., 3599., 3586., 3595.,  801., 73272, 20240415113000)
 (3595., 3606., 3594., 3605., 1131., 73529, 20240415134500)
 (3605., 3606., 3597., 3600.,  755., 73637, 20240415140000)
 (3599., 3606., 3598., 3605., 1411., 73823, 20240415141500)
 (3604., 3612., 3603., 3605.,  801., 73781, 20240415143000)
 (3607., 3609., 3605., 3606.,  290., 73889, 20240415144500)
 (3608., 3609., 3602., 3608.,  932., 73504, 20240415150000)]
2024-04-16 15:30:00  INFO  [(3608., 3619., 3607., 3609., 1507., 73382, 20240415211500)
 (3610., 3610., 3602., 3604.,  509., 73513, 20240415213000)
 (3605., 3605., 3600., 3601.,  719., 73820, 20240415214500)
 (3601., 3601., 3594., 3597.,  856., 74153, 20240415220000)
 (3596., 3600., 3594., 3595.,  447., 74091, 20240415221500)
 (3595., 3604., 3593., 3602.,  599., 74100, 20240415223000)
 (3602., 3610., 3601., 3609., 1000., 74444, 20240415224500)
 (3609., 3609., 3603., 3606.,  771., 74430, 20240415230000)
 (3606., 3607., 3601., 3602.,  776., 74581, 20240416091500)
 (3602., 3602., 3597., 3598., 1192., 75145, 20240416093000)
 (3599., 3603., 3599., 3602.,  430., 75319, 20240416094500)
 (3603., 3603., 3595., 3597.,  902., 75772, 20240416100000)
 (3599., 3611., 3585., 3592., 2968., 76742, 20240416101500)
 (3591., 3600., 3588., 3599., 1507., 76069, 20240416104500)
 (3598., 3605., 3598., 3600.,  647., 75800, 20240416110000)
 (3600., 3605., 3599., 3603.,  179., 75827, 20240416111500)
 (3602., 3608., 3601., 3602., 1004., 75801, 20240416113000)
 (3604., 3610., 3602., 3609., 1436., 75877, 20240416134500)
 (3609., 3609., 3605., 3607.,  558., 75991, 20240416140000)
 (3608., 3618., 3606., 3613., 1371., 75898, 20240416141500)
 (3614., 3617., 3604., 3608., 1501., 75834, 20240416143000)
 (3608., 3609., 3596., 3599., 2676., 76193, 20240416144500)
 (3599., 3599., 3583., 3596., 3198., 76204, 20240416150000)]
2024-04-17 15:30:00  INFO  [(3595., 3600., 3589., 3596., 1161., 76347, 20240416211500)
 (3596., 3602., 3595., 3598.,  164., 76366, 20240416213000)
 (3600., 3603., 3600., 3600.,  660., 76693, 20240416214500)
 (3601., 3601., 3597., 3597.,  510., 76891, 20240416220000)
 (3596., 3601., 3593., 3594.,  311., 76894, 20240416221500)
 (3596., 3600., 3596., 3600.,   77., 76892, 20240416223000)
 (3602., 3606., 3600., 3603.,  764., 76824, 20240416224500)
 (3604., 3607., 3600., 3604.,  739., 76918, 20240416230000)
 (3605., 3608., 3600., 3603.,  488., 76902, 20240417091500)
 (3602., 3605., 3601., 3605.,  249., 76924, 20240417093000)
 (3606., 3607., 3603., 3605.,  133., 76934, 20240417094500)
 (3605., 3608., 3604., 3607., 1358., 77498, 20240417100000)
 (3607., 3610., 3605., 3608.,  437., 77508, 20240417101500)
 (3608., 3615., 3606., 3610.,  831., 77300, 20240417104500)
 (3611., 3612., 3606., 3606.,  400., 77245, 20240417110000)
 (3608., 3609., 3604., 3606.,  248., 77309, 20240417111500)
 (3606., 3613., 3600., 3612., 1109., 77145, 20240417113000)
 (3612., 3641., 3612., 3635., 5923., 76105, 20240417134500)
 (3637., 3642., 3634., 3641.,  890., 75925, 20240417140000)
 (3642., 3646., 3637., 3644., 1043., 75811, 20240417141500)
 (3644., 3656., 3640., 3656., 1838., 75929, 20240417143000)
 (3656., 3665., 3655., 3661., 2485., 76024, 20240417144500)
 (3659., 3669., 3659., 3667., 1933., 76603, 20240417150000)]
2024-04-18 15:30:00  INFO  [(3667., 3676., 3661., 3670., 1748., 76811, 20240417211500)
 (3670., 3677., 3668., 3672.,  540., 76835, 20240417213000)
 (3672., 3678., 3672., 3673.,  583., 76797, 20240417214500)
 (3674., 3676., 3670., 3674.,  203., 76777, 20240417220000)
 (3674., 3676., 3672., 3673.,  159., 76763, 20240417221500)
 (3675., 3680., 3672., 3680.,  496., 76757, 20240417223000)
 (3680., 3681., 3675., 3680.,  434., 76816, 20240417224500)
 (3680., 3683., 3674., 3678.,  927., 76782, 20240417230000)
 (3675., 3680., 3670., 3680., 1127., 77019, 20240418091500)
 (3679., 3680., 3669., 3672.,  702., 76978, 20240418093000)
 (3672., 3677., 3666., 3668.,  747., 77077, 20240418094500)
 (3668., 3674., 3664., 3668.,  538., 77098, 20240418100000)
 (3666., 3674., 3666., 3674.,  241., 76974, 20240418101500)
 (3671., 3681., 3671., 3677.,  974., 76854, 20240418104500)
 (3680., 3686., 3676., 3682.,  897., 76644, 20240418110000)
 (3685., 3690., 3682., 3687., 1071., 76496, 20240418111500)
 (3686., 3688., 3680., 3680.,  636., 76482, 20240418113000)
 (3678., 3681., 3655., 3668., 3274., 76676, 20240418134500)
 (3668., 3675., 3664., 3670.,  754., 76578, 20240418140000)
 (3670., 3677., 3666., 3670.,  400., 76673, 20240418141500)
 (3669., 3672., 3665., 3672.,  496., 76587, 20240418143000)
 (3673., 3679., 3669., 3676.,  429., 76561, 20240418144500)
 (3676., 3679., 3670., 3670.,  997., 77012, 20240418150000)]
2024-04-19 15:30:00  INFO  [(3671., 3671., 3663., 3668.,  537., 77231, 20240418211500)
 (3669., 3672., 3665., 3671.,  626., 77038, 20240418213000)
 (3670., 3674., 3665., 3666.,  503., 76983, 20240418214500)
 (3668., 3670., 3665., 3670.,  138., 76997, 20240418220000)
 (3670., 3672., 3670., 3670.,   53., 77010, 20240418221500)
 (3670., 3670., 3664., 3666.,  145., 77030, 20240418223000)
 (3666., 3668., 3663., 3667.,   69., 77016, 20240418224500)
 (3665., 3668., 3662., 3662.,  388., 76880, 20240418230000)
 (3664., 3670., 3664., 3669.,  168., 76863, 20240419091500)
 (3670., 3676., 3670., 3672.,  540., 76810, 20240419093000)
 (3673., 3680., 3672., 3676., 1038., 76670, 20240419094500)
 (3675., 3681., 3675., 3678.,  510., 76714, 20240419100000)
 (3678., 3678., 3666., 3670.,  508., 76858, 20240419101500)
 (3668., 3676., 3668., 3673.,  469., 76883, 20240419104500)
 (3674., 3680., 3673., 3675.,  492., 76922, 20240419110000)
 (3675., 3675., 3670., 3672.,  341., 77110, 20240419111500)
 (3672., 3672., 3656., 3667., 2114., 78202, 20240419113000)
 (3666., 3668., 3652., 3659., 2189., 78460, 20240419134500)
 (3659., 3666., 3656., 3661.,  356., 78458, 20240419140000)
 (3661., 3664., 3659., 3664.,  175., 78353, 20240419141500)
 (3664., 3664., 3656., 3659.,  189., 78400, 20240419143000)
 (3659., 3664., 3655., 3662.,  186., 78442, 20240419144500)
 (3663., 3667., 3659., 3661.,  465., 78200, 20240419150000)]
2024-04-22 15:30:00  INFO  [(3665., 3665., 3642., 3649., 3834., 79331, 20240419211500)
 (3648., 3656., 3648., 3656.,  461., 79465, 20240419213000)
 (3656., 3659., 3650., 3651.,  220., 79529, 20240419214500)
 (3653., 3654., 3650., 3651.,  352., 79757, 20240419220000)
 (3653., 3659., 3652., 3656.,  163., 79787, 20240419221500)
 (3657., 3661., 3655., 3659.,  457., 79938, 20240419223000)
 (3659., 3662., 3657., 3662.,  226., 79997, 20240419224500)
 (3661., 3668., 3660., 3662.,  320., 79938, 20240419230000)
 (3660., 3672., 3654., 3668.,  737., 79873, 20240422091500)
 (3669., 3672., 3664., 3665.,  292., 79882, 20240422093000)
 (3664., 3666., 3661., 3661.,  618., 80176, 20240422094500)
 (3661., 3671., 3661., 3669.,  475., 80342, 20240422100000)
 (3671., 3685., 3669., 3680., 1517., 80857, 20240422101500)
 (3677., 3684., 3675., 3682.,  824., 81280, 20240422104500)
 (3682., 3683., 3669., 3669., 1519., 81986, 20240422110000)
 (3671., 3673., 3662., 3664.,  477., 81999, 20240422111500)
 (3666., 3666., 3658., 3662.,  514., 82142, 20240422113000)
 (3660., 3664., 3655., 3659.,  471., 82281, 20240422134500)
 (3658., 3662., 3656., 3660.,  184., 82318, 20240422140000)
 (3661., 3665., 3660., 3663.,  139., 82300, 20240422141500)
 (3662., 3662., 3657., 3658.,  156., 82292, 20240422143000)
 (3658., 3671., 3655., 3666.,  961., 82320, 20240422144500)
 (3666., 3668., 3656., 3663.,  927., 82026, 20240422150000)]
2024-04-23 15:30:00  INFO  [(3663., 3665., 3656., 3659., 3331., 84394, 20240422211500)
 (3660., 3660., 3653., 3658.,  980., 84272, 20240422213000)
 (3658., 3662., 3657., 3660.,  509., 84389, 20240422214500)
 (3660., 3666., 3660., 3664.,  655., 84416, 20240422220000)
 (3665., 3665., 3662., 3663.,  723., 84943, 20240422221500)
 (3663., 3669., 3663., 3666.,  360., 84892, 20240422223000)
 (3666., 3668., 3666., 3667.,  282., 84892, 20240422224500)
 (3666., 3670., 3662., 3662.,  607., 84850, 20240422230000)
 (3663., 3670., 3662., 3667.,  352., 84791, 20240423091500)
 (3667., 3676., 3665., 3666.,  662., 84753, 20240423093000)
 (3665., 3667., 3660., 3663.,  843., 84947, 20240423094500)
 (3663., 3665., 3660., 3665.,  655., 84883, 20240423100000)
 (3666., 3670., 3664., 3666.,  356., 84901, 20240423101500)
 (3666., 3667., 3663., 3664.,  597., 85014, 20240423104500)
 (3664., 3669., 3664., 3666.,  496., 85406, 20240423110000)
 (3665., 3667., 3661., 3663.,  387., 85635, 20240423111500)
 (3664., 3669., 3662., 3667.,  377., 85586, 20240423113000)
 (3665., 3665., 3658., 3661.,  394., 85762, 20240423134500)
 (3660., 3661., 3649., 3659., 2054., 86288, 20240423140000)
 (3658., 3665., 3654., 3658.,  561., 86288, 20240423141500)
 (3661., 3661., 3653., 3657.,  119., 86247, 20240423143000)
 (3657., 3657., 3636., 3642., 1523., 86633, 20240423144500)
 (3642., 3645., 3630., 3635., 2253., 87092, 20240423150000)]
2024-04-24 15:30:00  INFO  [(3635., 3642., 3627., 3641., 3123., 87721, 20240423211500)
 (3641., 3648., 3641., 3647.,  502., 87860, 20240423213000)
 (3646., 3650., 3644., 3645.,  371., 88044, 20240423214500)
 (3646., 3653., 3646., 3648.,  348., 88111, 20240423220000)
 (3648., 3650., 3645., 3645.,  172., 88149, 20240423221500)
 (3645., 3649., 3643., 3649.,  185., 88170, 20240423223000)
 (3648., 3650., 3643., 3643.,  579., 88116, 20240423224500)
 (3644., 3650., 3642., 3648.,  830., 88125, 20240423230000)
 (3647., 3655., 3647., 3654., 1267., 88871, 20240424091500)
 (3656., 3661., 3650., 3659., 1066., 88739, 20240424093000)
 (3657., 3659., 3651., 3652.,  721., 89107, 20240424094500)
 (3652., 3670., 3652., 3666., 1412., 89087, 20240424100000)
 (3667., 3683., 3665., 3675., 2859., 89480, 20240424101500)
 (3674., 3677., 3669., 3672., 1726., 90045, 20240424104500)
 (3672., 3677., 3671., 3676., 1240., 90953, 20240424110000)
 (3677., 3678., 3674., 3678.,  609., 91280, 20240424111500)
 (3678., 3678., 3671., 3675.,  768., 91578, 20240424113000)
 (3674., 3682., 3673., 3674.,  752., 91630, 20240424134500)
 (3674., 3674., 3668., 3670.,  487., 91647, 20240424140000)
 (3672., 3674., 3663., 3670., 1690., 91722, 20240424141500)
 (3670., 3674., 3668., 3672.,  225., 91651, 20240424143000)
 (3674., 3675., 3672., 3674.,  139., 91604, 20240424144500)
 (3674., 3675., 3668., 3672., 1669., 92430, 20240424150000)]
2024-04-25 15:30:00  INFO  [(3668., 3673., 3663., 3672.,  874., 92599, 20240424211500)
 (3672., 3674., 3664., 3666.,  221., 92631, 20240424213000)
 (3667., 3669., 3664., 3669.,  178., 92682, 20240424214500)
 (3670., 3674., 3668., 3668.,  122., 92721, 20240424220000)
 (3667., 3675., 3666., 3670.,  615., 92870, 20240424221500)
 (3669., 3674., 3669., 3672.,  173., 92983, 20240424223000)
 (3673., 3673., 3665., 3668.,  351., 92948, 20240424224500)
 (3668., 3668., 3665., 3668.,  499., 92840, 20240424230000)
 (3666., 3679., 3666., 3673., 2465., 92717, 20240425091500)
 (3673., 3680., 3672., 3680., 1177., 92904, 20240425093000)
 (3679., 3695., 3677., 3688., 3973., 91474, 20240425094500)
 (3687., 3695., 3684., 3685., 1604., 91167, 20240425100000)
 (3684., 3688., 3679., 3688.,  729., 91273, 20240425101500)
 (3689., 3691., 3678., 3683., 1265., 91291, 20240425104500)
 (3684., 3687., 3679., 3680., 1066., 91489, 20240425110000)
 (3680., 3686., 3674., 3677., 1034., 92067, 20240425111500)
 (3677., 3678., 3660., 3665., 2013., 92490, 20240425113000)
 (3663., 3681., 3663., 3679., 1562., 92246, 20240425134500)
 (3680., 3686., 3675., 3680.,  969., 91952, 20240425140000)
 (3677., 3678., 3666., 3670., 1668., 92550, 20240425141500)
 (3669., 3671., 3662., 3663.,  507., 92624, 20240425143000)
 (3663., 3665., 3653., 3661., 1996., 93077, 20240425144500)
 (3661., 3670., 3661., 3667., 1442., 93120, 20240425150000)]
2024-04-26 15:30:00  INFO  [(3669., 3674., 3655., 3657., 1439., 93558, 20240425211500)
 (3657., 3659., 3653., 3658., 1520., 93687, 20240425213000)
 (3659., 3666., 3659., 3665.,  596., 93919, 20240425214500)
 (3663., 3665., 3658., 3662.,  359., 93836, 20240425220000)
 (3662., 3662., 3656., 3658.,  138., 93804, 20240425221500)
 (3658., 3658., 3647., 3653., 1441., 94045, 20240425223000)
 (3654., 3659., 3652., 3655.,  441., 94041, 20240425224500)
 (3655., 3657., 3639., 3643., 2099., 94409, 20240425230000)
 (3645., 3656., 3645., 3656.,  752., 94298, 20240426091500)
 (3657., 3661., 3654., 3656., 1630., 94294, 20240426093000)
 (3657., 3663., 3657., 3663.,  516., 94476, 20240426094500)
 (3663., 3666., 3660., 3663.,  471., 94576, 20240426100000)
 (3662., 3665., 3658., 3664.,  362., 94751, 20240426101500)
 (3663., 3668., 3662., 3662.,  346., 94746, 20240426104500)
 (3662., 3668., 3659., 3665.,  551., 94708, 20240426110000)
 (3667., 3674., 3666., 3672.,  697., 94825, 20240426111500)
 (3671., 3677., 3669., 3675., 1140., 94685, 20240426113000)
 (3674., 3679., 3667., 3670.,  558., 94710, 20240426134500)
 (3670., 3676., 3667., 3673.,  715., 94854, 20240426140000)
 (3673., 3679., 3671., 3678., 1310., 95407, 20240426141500)
 (3678., 3681., 3675., 3675., 1007., 95643, 20240426143000)
 (3674., 3676., 3672., 3674., 1511., 95562, 20240426144500)
 (3673., 3680., 3672., 3675., 1133., 95396, 20240426150000)]
2024-04-29 15:30:00  INFO  [(3672., 3682., 3669., 3675.,  480., 95457, 20240426211500)
 (3674., 3690., 3674., 3684., 2141., 94989, 20240426213000)
 (3684., 3688., 3681., 3685.,  546., 95014, 20240426214500)
 (3685., 3685., 3676., 3677.,  324., 95072, 20240426220000)
 (3677., 3679., 3676., 3677.,   97., 95093, 20240426221500)
 (3676., 3678., 3669., 3669.,  384., 95066, 20240426223000)
 (3669., 3669., 3648., 3656., 2040., 95115, 20240426224500)
 (3656., 3666., 3655., 3663., 1164., 95034, 20240426230000)
 (3662., 3665., 3654., 3654., 2543., 96168, 20240429091500)
 (3656., 3659., 3653., 3656., 1388., 96423, 20240429093000)
 (3656., 3658., 3653., 3656.,  762., 96869, 20240429094500)
 (3654., 3660., 3652., 3658.,  404., 97107, 20240429100000)
 (3657., 3669., 3657., 3669.,  747., 97465, 20240429101500)
 (3669., 3676., 3667., 3672., 1710., 98236, 20240429104500)
 (3672., 3674., 3668., 3668.,  591., 98385, 20240429110000)
 (3667., 3672., 3667., 3669.,  316., 98456, 20240429111500)
 (3669., 3672., 3666., 3668.,  392., 98513, 20240429113000)
 (3670., 3675., 3667., 3668.,  397., 98511, 20240429134500)
 (3669., 3669., 3661., 3666.,  228., 98574, 20240429140000)
 (3668., 3672., 3668., 3669.,  445., 98716, 20240429141500)
 (3669., 3671., 3666., 3670.,  153., 98731, 20240429143000)
 (3671., 3674., 3664., 3666.,  964., 98886, 20240429144500)
 (3665., 3675., 3665., 3675., 1076., 98770, 20240429150000)]
2024-04-30 15:30:00  INFO  [(3668., 3709., 3668., 3688., 2761.,  98366, 20240429211500)
 (3689., 3693., 3687., 3687.,  411.,  98428, 20240429213000)
 (3687., 3692., 3683., 3687.,  323.,  98396, 20240429214500)
 (3687., 3688., 3683., 3686.,  674.,  98374, 20240429220000)
 (3687., 3689., 3683., 3688.,  550.,  98221, 20240429221500)
 (3688., 3688., 3685., 3685.,  356.,  98183, 20240429223000)
 (3686., 3686., 3682., 3684.,  400.,  98067, 20240429224500)
 (3685., 3688., 3682., 3687.,  760.,  97679, 20240429230000)
 (3688., 3689., 3678., 3681., 1389.,  98143, 20240430091500)
 (3681., 3691., 3681., 3691.,  801.,  97931, 20240430093000)
 (3692., 3693., 3685., 3687.,  363.,  97795, 20240430094500)
 (3685., 3687., 3681., 3684.,  249.,  97723, 20240430100000)
 (3682., 3682., 3665., 3666.,  594.,  97780, 20240430101500)
 (3667., 3669., 3660., 3667., 1570.,  97892, 20240430104500)
 (3667., 3674., 3662., 3672., 1522.,  98425, 20240430110000)
 (3672., 3674., 3668., 3671.,  532.,  98491, 20240430111500)
 (3671., 3671., 3667., 3670.,  144.,  98439, 20240430113000)
 (3669., 3670., 3648., 3648., 2883.,  99106, 20240430134500)
 (3649., 3657., 3646., 3656., 1672.,  99059, 20240430140000)
 (3655., 3658., 3647., 3650., 3682., 100873, 20240430141500)
 (3650., 3660., 3648., 3659., 3366., 101053, 20240430143000)
 (3659., 3668., 3656., 3666., 2298., 100257, 20240430144500)
 (3665., 3679., 3665., 3670., 3268.,  99949, 20240430150000)]
2024-05-06 15:30:00  INFO  [(3672., 3674., 3668., 3671.,  532.,  98491, 20240430111500)
 (3671., 3671., 3667., 3670.,  144.,  98439, 20240430113000)
 (3669., 3670., 3648., 3648., 2883.,  99106, 20240430134500)
 (3649., 3657., 3646., 3656., 1672.,  99059, 20240430140000)
 (3655., 3658., 3647., 3650., 3682., 100873, 20240430141500)
 (3650., 3660., 3648., 3659., 3366., 101053, 20240430143000)
 (3659., 3668., 3656., 3666., 2298., 100257, 20240430144500)
 (3665., 3679., 3665., 3670., 3268.,  99949, 20240430150000)
 (3644., 3707., 3644., 3695., 4744., 100219, 20240506091500)
 (3695., 3698., 3690., 3697., 1312., 100680, 20240506093000)
 (3697., 3704., 3696., 3700.,  996., 101031, 20240506094500)
 (3700., 3705., 3697., 3704.,  690., 101295, 20240506100000)
 (3705., 3726., 3705., 3724., 4005., 102433, 20240506101500)
 (3724., 3728., 3722., 3723., 1096., 102287, 20240506104500)
 (3724., 3729., 3723., 3728.,  926., 102122, 20240506110000)
 (3729., 3729., 3722., 3723.,  723., 102017, 20240506111500)
 (3725., 3733., 3723., 3732.,  941., 102216, 20240506113000)
 (3729., 3737., 3728., 3737., 1739., 101998, 20240506134500)
 (3736., 3736., 3730., 3732.,  384., 101865, 20240506140000)
 (3732., 3737., 3732., 3733.,  377., 101988, 20240506141500)
 (3733., 3740., 3733., 3736.,  802., 102357, 20240506143000)
 (3737., 3738., 3730., 3731.,  229., 102376, 20240506144500)
 (3729., 3738., 3724., 3733., 2087., 103516, 20240506150000)]
2024-05-07 15:30:00  INFO  [(3740., 3743., 3734., 3738., 1564., 103867, 20240506211500)
 (3738., 3745., 3735., 3739., 1353., 103965, 20240506213000)
 (3739., 3742., 3737., 3740.,  847., 103945, 20240506214500)
 (3741., 3743., 3739., 3743.,  434., 104152, 20240506220000)
 (3741., 3742., 3735., 3739.,  897., 104202, 20240506221500)
 (3737., 3739., 3735., 3738.,  286., 104248, 20240506223000)
 (3737., 3740., 3736., 3737.,  356., 104281, 20240506224500)
 (3738., 3739., 3734., 3738.,  491., 104293, 20240506230000)
 (3738., 3739., 3732., 3733., 1177., 104303, 20240507091500)
 (3734., 3738., 3730., 3732.,  602., 104462, 20240507093000)
 (3732., 3738., 3730., 3731.,  499., 104543, 20240507094500)
 (3731., 3734., 3730., 3731.,  827., 104936, 20240507100000)
 (3730., 3736., 3728., 3730.,  378., 105034, 20240507101500)
 (3729., 3736., 3727., 3732.,  830., 105464, 20240507104500)
 (3732., 3733., 3728., 3728.,  831., 105920, 20240507110000)
 (3730., 3733., 3727., 3730.,  919., 106566, 20240507111500)
 (3731., 3733., 3726., 3726., 1098., 106877, 20240507113000)
 (3728., 3732., 3723., 3732.,  860., 107119, 20240507134500)
 (3732., 3737., 3730., 3734.,  591., 107443, 20240507140000)
 (3733., 3733., 3727., 3727.,  286., 107428, 20240507141500)
 (3727., 3728., 3723., 3726.,  584., 107377, 20240507143000)
 (3724., 3729., 3723., 3728.,  304., 107386, 20240507144500)
 (3726., 3735., 3723., 3735., 1111., 107779, 20240507150000)]
2024-05-08 15:30:00  INFO  [(3748., 3748., 3728., 3739., 1642., 108254, 20240507211500)
 (3739., 3741., 3732., 3734., 1017., 108036, 20240507213000)
 (3733., 3736., 3732., 3734.,  433., 108172, 20240507214500)
 (3732., 3736., 3727., 3727.,  449., 108119, 20240507220000)
 (3727., 3730., 3725., 3727.,  827., 108083, 20240507221500)
 (3725., 3725., 3720., 3722., 2094., 108517, 20240507223000)
 (3722., 3726., 3721., 3724., 1304., 108463, 20240507224500)
 (3725., 3729., 3724., 3724.,  532., 108279, 20240507230000)
 (3725., 3728., 3721., 3721., 1363., 108374, 20240508091500)
 (3721., 3730., 3721., 3725., 1549., 108570, 20240508093000)
 (3724., 3726., 3718., 3724., 1549., 108872, 20240508094500)
 (3724., 3728., 3723., 3723.,  539., 108930, 20240508100000)
 (3722., 3728., 3722., 3727.,  523., 108877, 20240508101500)
 (3727., 3734., 3725., 3728., 1517., 109632, 20240508104500)
 (3729., 3734., 3725., 3728., 1354., 110174, 20240508110000)
 (3728., 3732., 3725., 3726., 1010., 110507, 20240508111500)
 (3726., 3729., 3720., 3725., 2081., 111190, 20240508113000)
 (3721., 3723., 3716., 3722., 1416., 111411, 20240508134500)
 (3722., 3722., 3717., 3719.,  703., 111515, 20240508140000)
 (3718., 3718., 3701., 3706., 4842., 112720, 20240508141500)
 (3705., 3706., 3700., 3701., 1086., 112831, 20240508143000)
 (3701., 3703., 3692., 3699., 4083., 113988, 20240508144500)
 (3699., 3702., 3691., 3696., 1554., 113784, 20240508150000)]
2024-05-09 15:30:00  INFO  [(3690., 3696., 3687., 3694., 2972., 114713, 20240508211500)
 (3692., 3693., 3687., 3689.,  875., 115081, 20240508213000)
 (3689., 3695., 3689., 3693.,  378., 115238, 20240508214500)
 (3693., 3699., 3692., 3696.,  977., 115227, 20240508220000)
 (3698., 3705., 3696., 3700.,  979., 115123, 20240508221500)
 (3699., 3701., 3697., 3700.,  159., 115147, 20240508223000)
 (3700., 3701., 3698., 3699.,  168., 115127, 20240508224500)
 (3699., 3701., 3696., 3701.,  472., 115258, 20240508230000)
 (3703., 3709., 3700., 3706., 1130., 115664, 20240509091500)
 (3705., 3707., 3699., 3700.,  592., 115761, 20240509093000)
 (3700., 3703., 3696., 3701.,  284., 115727, 20240509094500)
 (3702., 3702., 3695., 3698.,  485., 115953, 20240509100000)
 (3698., 3702., 3695., 3700.,  195., 115998, 20240509101500)
 (3700., 3713., 3699., 3707.,  993., 116200, 20240509104500)
 (3709., 3710., 3706., 3707.,  342., 116232, 20240509110000)
 (3708., 3712., 3705., 3712.,  400., 116282, 20240509111500)
 (3710., 3711., 3695., 3700., 1116., 116604, 20240509113000)
 (3700., 3707., 3695., 3702.,  494., 116782, 20240509134500)
 (3700., 3707., 3697., 3700.,  654., 116971, 20240509140000)
 (3700., 3701., 3684., 3688., 1975., 117350, 20240509141500)
 (3687., 3696., 3687., 3695.,  341., 117420, 20240509143000)
 (3695., 3699., 3690., 3692.,  371., 117462, 20240509144500)
 (3691., 3696., 3687., 3692.,  858., 117341, 20240509150000)]
2024-05-10 15:30:00  INFO  [(3700., 3704., 3696., 3698., 1179., 117700, 20240509211500)
 (3696., 3700., 3695., 3697.,  608., 118012, 20240509213000)
 (3698., 3699., 3697., 3698.,  138., 118047, 20240509214500)
 (3699., 3704., 3697., 3702.,  330., 117977, 20240509220000)
 (3703., 3703., 3700., 3703.,  143., 117922, 20240509221500)
 (3703., 3703., 3699., 3699.,  112., 117969, 20240509223000)
 (3699., 3700., 3695., 3695.,  190., 118038, 20240509224500)
 (3695., 3699., 3691., 3693.,  388., 117939, 20240509230000)
 (3690., 3697., 3690., 3697.,  358., 117869, 20240510091500)
 (3698., 3704., 3697., 3700.,  599., 117844, 20240510093000)
 (3699., 3701., 3693., 3696.,  682., 117978, 20240510094500)
 (3696., 3699., 3675., 3675., 2161., 117899, 20240510100000)
 (3675., 3680., 3666., 3670., 3207., 117454, 20240510101500)
 (3670., 3671., 3657., 3663., 2237., 117481, 20240510104500)
 (3663., 3669., 3663., 3666.,  743., 117431, 20240510110000)
 (3664., 3668., 3656., 3659., 2681., 118059, 20240510111500)
 (3660., 3663., 3653., 3663.,  709., 118107, 20240510113000)
 (3663., 3675., 3663., 3671., 1860., 117993, 20240510134500)
 (3672., 3679., 3668., 3676., 1203., 118576, 20240510140000)
 (3675., 3676., 3668., 3668.,  307., 118610, 20240510141500)
 (3669., 3671., 3664., 3671.,  490., 118323, 20240510143000)
 (3671., 3684., 3669., 3682., 1281., 118408, 20240510144500)
 (3683., 3686., 3677., 3682., 1341., 118729, 20240510150000)]
2024-05-13 15:30:00  INFO  [(3683., 3683., 3674., 3676.,  938., 118449, 20240510211500)
 (3676., 3678., 3673., 3676.,  709., 118744, 20240510213000)
 (3675., 3675., 3670., 3674.,  620., 119150, 20240510214500)
 (3674., 3676., 3673., 3673.,   42., 119150, 20240510220000)
 (3673., 3677., 3671., 3673.,  364., 119333, 20240510221500)
 (3673., 3675., 3671., 3673.,  128., 119317, 20240510223000)
 (3674., 3681., 3674., 3676.,  339., 119325, 20240510224500)
 (3676., 3679., 3672., 3675.,  304., 119299, 20240510230000)
 (3672., 3677., 3663., 3672., 1740., 119486, 20240513091500)
 (3671., 3679., 3669., 3672., 5904., 118781, 20240513093000)
 (3672., 3675., 3662., 3664., 2703., 118970, 20240513094500)
 (3664., 3674., 3663., 3670.,  591., 118828, 20240513100000)
 (3672., 3679., 3672., 3679.,  719., 118881, 20240513101500)
 (3678., 3687., 3678., 3684., 1934., 118992, 20240513104500)
 (3683., 3690., 3682., 3688.,  922., 118908, 20240513110000)
 (3687., 3688., 3681., 3682.,  630., 119067, 20240513111500)
 (3683., 3688., 3677., 3686.,  454., 119061, 20240513113000)
 (3687., 3695., 3685., 3688., 1145., 119319, 20240513134500)
 (3688., 3695., 3688., 3694., 1365., 119162, 20240513140000)
 (3691., 3715., 3691., 3708., 4619., 119086, 20240513141500)
 (3710., 3712., 3703., 3705., 1334., 118925, 20240513143000)
 (3705., 3712., 3703., 3708.,  620., 118987, 20240513144500)
 (3710., 3713., 3706., 3708., 1481., 119346, 20240513150000)]
2024-05-14 15:30:00  INFO  [(3716., 3716., 3701., 3703.,  968., 119585, 20240513211500)
 (3703., 3706., 3702., 3703.,  269., 119678, 20240513213000)
 (3703., 3707., 3698., 3699.,  360., 119664, 20240513214500)
 (3700., 3703., 3696., 3698.,  580., 119648, 20240513220000)
 (3696., 3700., 3696., 3698.,  224., 119652, 20240513221500)
 (3697., 3698., 3693., 3695.,  357., 119632, 20240513223000)
 (3698., 3699., 3695., 3699.,  129., 119705, 20240513224500)
 (3698., 3699., 3691., 3695.,  481., 119645, 20240513230000)
 (3695., 3700., 3685., 3687., 1526., 119376, 20240514091500)
 (3688., 3691., 3680., 3681., 1096., 119530, 20240514093000)
 (3682., 3685., 3678., 3678., 1044., 119530, 20240514094500)
 (3680., 3680., 3671., 3672., 1053., 119646, 20240514100000)
 (3674., 3677., 3671., 3674., 1078., 119528, 20240514101500)
 (3674., 3678., 3671., 3676.,  695., 119497, 20240514104500)
 (3676., 3677., 3672., 3672.,  510., 119316, 20240514110000)
 (3672., 3683., 3672., 3680.,  652., 119158, 20240514111500)
 (3678., 3681., 3674., 3679.,  400., 119159, 20240514113000)
 (3681., 3681., 3667., 3670., 1821., 119711, 20240514134500)
 (3670., 3673., 3662., 3672., 1587., 119813, 20240514140000)
 (3672., 3677., 3666., 3666.,  960., 119837, 20240514141500)
 (3667., 3673., 3665., 3667.,  509., 119886, 20240514143000)
 (3666., 3669., 3660., 3669.,  755., 119909, 20240514144500)
 (3669., 3671., 3663., 3666.,  964., 120133, 20240514150000)]
2024-05-15 15:30:00  INFO  [(3660., 3664., 3647., 3650., 2640., 120125, 20240514211500)
 (3646., 3653., 3638., 3647., 3814., 120828, 20240514213000)
 (3644., 3653., 3644., 3648.,  740., 120844, 20240514214500)
 (3644., 3652., 3643., 3647.,  381., 120891, 20240514220000)
 (3647., 3648., 3643., 3645.,  588., 120833, 20240514221500)
 (3643., 3649., 3642., 3648.,  339., 120977, 20240514223000)
 (3648., 3649., 3643., 3643.,  536., 120968, 20240514224500)
 (3643., 3647., 3643., 3646.,  403., 120930, 20240514230000)
 (3643., 3652., 3642., 3643.,  815., 120853, 20240515091500)
 (3642., 3654., 3639., 3651., 1330., 120633, 20240515093000)
 (3648., 3655., 3648., 3653.,  364., 120723, 20240515094500)
 (3655., 3657., 3648., 3650.,  996., 120755, 20240515100000)
 (3650., 3652., 3645., 3648.,  401., 120862, 20240515101500)
 (3645., 3648., 3643., 3645.,  541., 120698, 20240515104500)
 (3646., 3646., 3635., 3644.,  841., 120433, 20240515110000)
 (3641., 3647., 3641., 3643., 1856., 121107, 20240515111500)
 (3644., 3645., 3637., 3643., 1005., 121546, 20240515113000)
 (3642., 3649., 3640., 3646.,  591., 121721, 20240515134500)
 (3645., 3646., 3640., 3641.,  475., 121736, 20240515140000)
 (3640., 3650., 3636., 3647.,  935., 121869, 20240515141500)
 (3647., 3658., 3645., 3647., 1259., 122037, 20240515143000)
 (3644., 3649., 3643., 3644.,  288., 122005, 20240515144500)
 (3645., 3655., 3644., 3647.,  816., 121892, 20240515150000)]
2024-05-16 15:30:00  INFO  [(3653., 3656., 3647., 3653.,  788., 121902, 20240515211500)
 (3653., 3654., 3646., 3646.,  289., 121910, 20240515213000)
 (3646., 3649., 3643., 3645.,  492., 121874, 20240515214500)
 (3645., 3646., 3642., 3645.,  234., 121883, 20240515220000)
 (3645., 3652., 3644., 3652.,  536., 121794, 20240515221500)
 (3652., 3653., 3646., 3647.,  731., 121746, 20240515223000)
 (3646., 3653., 3646., 3648.,  490., 121715, 20240515224500)
 (3649., 3655., 3649., 3650.,  378., 121829, 20240515230000)
 (3654., 3667., 3652., 3667., 2078., 121201, 20240516091500)
 (3667., 3673., 3665., 3670., 1379., 121439, 20240516093000)
 (3670., 3674., 3666., 3667.,  644., 121380, 20240516094500)
 (3667., 3668., 3663., 3665.,  270., 121316, 20240516100000)
 (3665., 3665., 3659., 3663.,  377., 121297, 20240516101500)
 (3662., 3665., 3659., 3661.,  405., 121333, 20240516104500)
 (3660., 3666., 3657., 3664.,  632., 121431, 20240516110000)
 (3664., 3668., 3661., 3663., 1205., 121576, 20240516111500)
 (3666., 3712., 3663., 3707., 5996., 122088, 20240516113000)
 (3711., 3725., 3711., 3721., 8543., 123262, 20240516134500)
 (3723., 3724., 3713., 3718., 2471., 123609, 20240516140000)
 (3718., 3722., 3716., 3721., 1711., 124222, 20240516141500)
 (3721., 3724., 3713., 3713.,  968., 124311, 20240516143000)
 (3713., 3723., 3713., 3720., 2239., 125147, 20240516144500)
 (3720., 3728., 3720., 3726., 4559., 126309, 20240516150000)]
2024-05-17 15:30:00  INFO  [(3721., 3729., 3721., 3725., 1166., 126391, 20240516211500)
 (3724., 3726., 3722., 3724.,  324., 126372, 20240516213000)
 (3724., 3726., 3718., 3720.,  794., 126158, 20240516214500)
 (3720., 3725., 3717., 3720.,  384., 126011, 20240516220000)
 (3720., 3721., 3718., 3720.,  983., 126458, 20240516221500)
 (3720., 3722., 3718., 3722.,  235., 126494, 20240516223000)
 (3723., 3737., 3721., 3734.,  899., 126503, 20240516224500)
 (3735., 3740., 3733., 3733., 1405., 126746, 20240516230000)
 (3736., 3741., 3734., 3739.,  876., 126885, 20240517091500)
 (3739., 3739., 3732., 3732.,  503., 127028, 20240517093000)
 (3733., 3739., 3731., 3736.,  415., 127074, 20240517094500)
 (3736., 3739., 3731., 3736.,  739., 127343, 20240517100000)
 (3735., 3737., 3729., 3737.,  704., 127357, 20240517101500)
 (3734., 3737., 3731., 3735., 1147., 127683, 20240517104500)
 (3737., 3738., 3729., 3734., 1180., 127916, 20240517110000)
 (3734., 3739., 3727., 3737., 2230., 128593, 20240517111500)
 (3737., 3738., 3727., 3737.,  866., 128728, 20240517113000)
 (3742., 3757., 3736., 3740., 4621., 128949, 20240517134500)
 (3738., 3745., 3737., 3742.,  496., 129017, 20240517140000)
 (3742., 3745., 3739., 3742.,  465., 129159, 20240517141500)
 (3744., 3745., 3740., 3743.,  357., 129157, 20240517143000)
 (3743., 3746., 3741., 3741.,  479., 129192, 20240517144500)
 (3741., 3746., 3739., 3740., 1203., 129358, 20240517150000)]
2024-05-20 15:30:00  INFO  [(3734., 3740., 3721., 3728., 2513., 129479, 20240517211500)
 (3731., 3734., 3724., 3733., 1567., 130091, 20240517213000)
 (3734., 3736., 3730., 3732.,  551., 130206, 20240517214500)
 (3733., 3738., 3733., 3736.,  653., 130543, 20240517220000)
 (3734., 3737., 3733., 3735.,  198., 130450, 20240517221500)
 (3735., 3739., 3732., 3736.,  380., 130453, 20240517223000)
 (3738., 3744., 3737., 3742.,  967., 130888, 20240517224500)
 (3742., 3753., 3742., 3748., 2280., 131393, 20240517230000)
 (3752., 3783., 3752., 3772., 5794., 131766, 20240520091500)
 (3773., 3774., 3759., 3769., 2875., 132066, 20240520093000)
 (3769., 3773., 3762., 3763., 1448., 132609, 20240520094500)
 (3763., 3770., 3761., 3767.,  609., 132831, 20240520100000)
 (3770., 3772., 3766., 3770.,  320., 132902, 20240520101500)
 (3770., 3777., 3770., 3776., 1952., 133478, 20240520104500)
 (3776., 3776., 3766., 3770., 1528., 134004, 20240520110000)
 (3770., 3771., 3766., 3770., 1422., 134910, 20240520111500)
 (3771., 3779., 3768., 3773., 2448., 135292, 20240520113000)
 (3775., 3778., 3770., 3777.,  963., 135827, 20240520134500)
 (3777., 3781., 3773., 3776., 1807., 136516, 20240520140000)
 (3776., 3779., 3770., 3774.,  969., 136884, 20240520141500)
 (3774., 3775., 3765., 3768., 1018., 137032, 20240520143000)
 (3766., 3770., 3759., 3761., 1714., 137465, 20240520144500)
 (3761., 3770., 3760., 3769., 1806., 137408, 20240520150000)]
2024-05-21 15:30:00  INFO  [(3763., 3770., 3760., 3769., 2043., 137416, 20240520211500)
 (3769., 3774., 3764., 3774., 1419., 138142, 20240520213000)
 (3773., 3778., 3770., 3778., 1802., 138957, 20240520214500)
 (3775., 3779., 3774., 3779.,  925., 139317, 20240520220000)
 (3778., 3783., 3776., 3780., 1413., 139659, 20240520221500)
 (3782., 3785., 3779., 3782.,  800., 139700, 20240520223000)
 (3782., 3788., 3781., 3785.,  642., 140031, 20240520224500)
 (3788., 3788., 3777., 3778.,  780., 140106, 20240520230000)
 (3778., 3784., 3775., 3778., 1047., 140203, 20240521091500)
 (3778., 3783., 3775., 3776.,  819., 140314, 20240521093000)
 (3775., 3777., 3770., 3773.,  637., 140342, 20240521094500)
 (3774., 3774., 3760., 3762., 3109., 139393, 20240521100000)
 (3762., 3768., 3758., 3760., 1794., 138908, 20240521101500)
 (3758., 3766., 3752., 3763., 3519., 139788, 20240521104500)
 (3764., 3769., 3759., 3766.,  864., 140086, 20240521110000)
 (3767., 3771., 3764., 3768., 2622., 141894, 20240521111500)
 (3768., 3770., 3757., 3757., 3317., 144016, 20240521113000)
 (3757., 3763., 3755., 3761.,  986., 144261, 20240521134500)
 (3760., 3768., 3757., 3763.,  567., 144404, 20240521140000)
 (3763., 3772., 3763., 3766., 1705., 145147, 20240521141500)
 (3765., 3770., 3762., 3766.,  788., 145627, 20240521143000)
 (3765., 3772., 3765., 3772.,  855., 145752, 20240521144500)
 (3772., 3780., 3770., 3775., 1882., 146322, 20240521150000)]
2024-05-22 15:30:00  INFO  [(3777., 3794., 3775., 3790., 2766., 146734, 20240521211500)
 (3789., 3797., 3783., 3796., 1725., 146632, 20240521213000)
 (3794., 3796., 3790., 3791.,  693., 146665, 20240521214500)
 (3791., 3796., 3790., 3796.,  729., 146847, 20240521220000)
 (3796., 3807., 3792., 3804., 3130., 147801, 20240521221500)
 (3804., 3818., 3802., 3815., 2484., 147873, 20240521223000)
 (3817., 3820., 3809., 3814., 1795., 148011, 20240521224500)
 (3817., 3821., 3808., 3816., 1308., 147851, 20240521230000)
 (3814., 3814., 3806., 3813., 1665., 147820, 20240522091500)
 (3811., 3817., 3806., 3813.,  717., 148071, 20240522093000)
 (3813., 3819., 3809., 3817., 1083., 148460, 20240522094500)
 (3817., 3820., 3816., 3819.,  636., 148684, 20240522100000)
 (3819., 3820., 3813., 3815.,  508., 148789, 20240522101500)
 (3815., 3819., 3810., 3814., 1607., 149063, 20240522104500)
 (3815., 3820., 3810., 3817., 1781., 149989, 20240522110000)
 (3817., 3827., 3815., 3824., 2966., 151414, 20240522111500)
 (3821., 3828., 3816., 3823., 2252., 152423, 20240522113000)
 (3821., 3827., 3815., 3824., 2431., 152205, 20240522134500)
 (3824., 3837., 3822., 3834., 1974., 152654, 20240522140000)
 (3834., 3838., 3831., 3836., 2209., 152799, 20240522141500)
 (3836., 3839., 3833., 3838., 1301., 153143, 20240522143000)
 (3837., 3845., 3835., 3843., 1705., 153120, 20240522144500)
 (3842., 3843., 3825., 3829., 2654., 153475, 20240522150000)]
2024-05-23 15:30:00  INFO  [(3824., 3838., 3817., 3835., 2972., 154444, 20240522211500)
 (3834., 3838., 3830., 3836., 2032., 155025, 20240522213000)
 (3835., 3842., 3828., 3833., 2625., 155009, 20240522214500)
 (3834., 3835., 3829., 3835.,  671., 155158, 20240522220000)
 (3835., 3835., 3822., 3831., 2286., 154502, 20240522221500)
 (3831., 3832., 3818., 3826., 2250., 154016, 20240522223000)
 (3826., 3836., 3826., 3833., 1785., 154325, 20240522224500)
 (3833., 3834., 3819., 3819., 1759., 154123, 20240522230000)
 (3817., 3822., 3811., 3817., 2636., 153892, 20240523091500)
 (3816., 3822., 3810., 3814., 1212., 153668, 20240523093000)
 (3815., 3815., 3809., 3810., 1089., 153598, 20240523094500)
 (3810., 3821., 3808., 3818.,  984., 153519, 20240523100000)
 (3818., 3820., 3811., 3811.,  383., 153612, 20240523101500)
 (3811., 3816., 3809., 3816.,  969., 153750, 20240523104500)
 (3815., 3818., 3809., 3815., 1304., 154087, 20240523110000)
 (3815., 3820., 3812., 3813.,  582., 154245, 20240523111500)
 (3813., 3816., 3801., 3803., 1786., 153638, 20240523113000)
 (3801., 3803., 3794., 3796., 2044., 153445, 20240523134500)
 (3799., 3799., 3787., 3792., 2999., 152248, 20240523140000)
 (3794., 3803., 3792., 3796., 1358., 152510, 20240523141500)
 (3795., 3806., 3795., 3804.,  764., 152718, 20240523143000)
 (3804., 3808., 3800., 3802., 1788., 153756, 20240523144500)
 (3802., 3810., 3801., 3808., 1390., 153977, 20240523150000)]
2024-05-24 15:30:00  INFO  [(3805., 3822., 3805., 3819., 3121., 154679, 20240523211500)
 (3818., 3820., 3815., 3819.,  843., 154852, 20240523213000)
 (3819., 3821., 3814., 3819., 1180., 155318, 20240523214500)
 (3818., 3819., 3812., 3817.,  596., 155512, 20240523220000)
 (3817., 3819., 3812., 3816.,  487., 155410, 20240523221500)
 (3818., 3820., 3813., 3813.,  252., 155452, 20240523223000)
 (3813., 3814., 3806., 3806.,  586., 155610, 20240523224500)
 (3806., 3811., 3805., 3810.,  802., 155833, 20240523230000)
 (3807., 3809., 3800., 3806.,  784., 155767, 20240524091500)
 (3805., 3812., 3805., 3812.,  190., 155778, 20240524093000)
 (3811., 3814., 3806., 3812.,  319., 155834, 20240524094500)
 (3812., 3818., 3812., 3818.,  563., 155954, 20240524100000)
 (3816., 3827., 3815., 3822., 1748., 156480, 20240524101500)
 (3822., 3824., 3819., 3821.,  715., 156809, 20240524104500)
 (3821., 3828., 3818., 3827., 1271., 156820, 20240524110000)
 (3827., 3827., 3818., 3821.,  281., 156950, 20240524111500)
 (3820., 3823., 3815., 3820.,  797., 157035, 20240524113000)
 (3820., 3830., 3820., 3825., 1342., 157255, 20240524134500)
 (3825., 3830., 3823., 3826., 1281., 157560, 20240524140000)
 (3827., 3828., 3820., 3827., 1248., 158338, 20240524141500)
 (3827., 3830., 3818., 3823., 2700., 158229, 20240524143000)
 (3824., 3826., 3814., 3816.,  964., 158210, 20240524144500)
 (3816., 3817., 3807., 3814., 1115., 158121, 20240524150000)]
2024-05-27 15:30:00  INFO  [(3815., 3820., 3810., 3820., 1515., 158866, 20240524211500)
 (3820., 3820., 3815., 3817.,  557., 158981, 20240524213000)
 (3817., 3820., 3815., 3818.,  799., 158577, 20240524214500)
 (3818., 3818., 3809., 3809.,  524., 158546, 20240524220000)
 (3809., 3814., 3808., 3812.,  473., 158634, 20240524221500)
 (3812., 3817., 3811., 3816.,  294., 158719, 20240524223000)
 (3816., 3817., 3811., 3812.,  233., 158668, 20240524224500)
 (3812., 3819., 3809., 3813.,  692., 158711, 20240524230000)
 (3816., 3816., 3796., 3804., 3424., 159414, 20240527091500)
 (3803., 3810., 3800., 3800., 1078., 159921, 20240527093000)
 (3802., 3806., 3794., 3806., 1879., 159597, 20240527094500)
 (3804., 3810., 3804., 3807.,  611., 159781, 20240527100000)
 (3807., 3808., 3801., 3803.,  595., 159846, 20240527101500)
 (3803., 3803., 3795., 3797.,  952., 159956, 20240527104500)
 (3795., 3802., 3793., 3802.,  623., 160045, 20240527110000)
 (3802., 3803., 3797., 3798.,  254., 160111, 20240527111500)
 (3798., 3803., 3796., 3800.,  617., 160294, 20240527113000)
 (3799., 3799., 3788., 3789., 1154., 160056, 20240527134500)
 (3789., 3792., 3780., 3780., 1428., 159844, 20240527140000)
 (3781., 3792., 3779., 3786.,  999., 159884, 20240527141500)
 (3784., 3792., 3783., 3790.,  690., 160139, 20240527143000)
 (3788., 3793., 3786., 3793.,  454., 160250, 20240527144500)
 (3792., 3798., 3790., 3796.,  932., 160277, 20240527150000)]
2024-05-28 15:30:00  INFO  [(3801., 3810., 3800., 3809., 1735., 160213, 20240527211500)
 (3810., 3810., 3801., 3807.,  608., 160260, 20240527213000)
 (3807., 3808., 3803., 3805.,  611., 160497, 20240527214500)
 (3803., 3809., 3803., 3805.,  162., 160505, 20240527220000)
 (3805., 3807., 3804., 3807.,  228., 160493, 20240527221500)
 (3807., 3808., 3805., 3806.,  168., 160498, 20240527223000)
 (3806., 3816., 3805., 3812., 1410., 159994, 20240527224500)
 (3811., 3820., 3809., 3817.,  845., 159936, 20240527230000)
 (3818., 3827., 3818., 3820., 2528., 160478, 20240528091500)
 (3819., 3822., 3817., 3820.,  853., 160806, 20240528093000)
 (3820., 3823., 3818., 3820.,  755., 160896, 20240528094500)
 (3820., 3823., 3814., 3815.,  876., 161019, 20240528100000)
 (3814., 3822., 3812., 3820., 1056., 161472, 20240528101500)
 (3820., 3824., 3816., 3820., 1252., 162198, 20240528104500)
 (3820., 3825., 3815., 3816., 1807., 162497, 20240528110000)
 (3817., 3818., 3811., 3816., 1273., 162858, 20240528111500)
 (3816., 3818., 3809., 3816., 1035., 163041, 20240528113000)
 (3815., 3819., 3810., 3813., 1006., 163221, 20240528134500)
 (3813., 3813., 3804., 3806., 1308., 163110, 20240528140000)
 (3809., 3809., 3790., 3791., 2648., 163021, 20240528141500)
 (3793., 3797., 3783., 3790., 2837., 162504, 20240528143000)
 (3790., 3797., 3786., 3789., 2567., 161959, 20240528144500)
 (3786., 3792., 3782., 3787., 2468., 162360, 20240528150000)]
2024-05-29 15:30:00  INFO  [(3780., 3795., 3780., 3790., 1939., 162590, 20240528211500)
 (3790., 3793., 3781., 3785., 1357., 162577, 20240528213000)
 (3784., 3789., 3780., 3786., 1041., 162674, 20240528214500)
 (3785., 3787., 3778., 3782., 2423., 162525, 20240528220000)
 (3781., 3787., 3778., 3787., 1093., 162576, 20240528221500)
 (3785., 3791., 3785., 3791.,  956., 162794, 20240528223000)
 (3791., 3794., 3790., 3792.,  866., 162906, 20240528224500)
 (3792., 3792., 3780., 3782.,  736., 162952, 20240528230000)
 (3787., 3788., 3778., 3782., 1707., 163369, 20240529091500)
 (3781., 3790., 3781., 3790.,  967., 163840, 20240529093000)
 (3790., 3792., 3785., 3788., 1141., 164196, 20240529094500)
 (3787., 3792., 3783., 3791.,  698., 164357, 20240529100000)
 (3790., 3798., 3785., 3796.,  820., 164458, 20240529101500)
 (3796., 3798., 3790., 3793., 1221., 164618, 20240529104500)
 (3793., 3793., 3782., 3785., 1586., 164593, 20240529110000)
 (3782., 3787., 3781., 3782.,  842., 164114, 20240529111500)
 (3783., 3789., 3778., 3781.,  817., 163980, 20240529113000)
 (3782., 3785., 3771., 3777., 1736., 164162, 20240529134500)
 (3777., 3786., 3774., 3782., 2225., 165604, 20240529140000)
 (3782., 3794., 3782., 3790., 2045., 165965, 20240529141500)
 (3789., 3800., 3787., 3799., 1748., 166521, 20240529143000)
 (3799., 3808., 3797., 3801., 1939., 167011, 20240529144500)
 (3804., 3809., 3799., 3804., 1957., 167110, 20240529150000)]
2024-05-30 15:30:00  INFO  [(3800., 3824., 3800., 3817., 6588., 168554, 20240529211500)
 (3818., 3865., 3816., 3849., 8345., 169239, 20240529213000)
 (3849., 3854., 3835., 3842., 4936., 170113, 20240529214500)
 (3845., 3849., 3839., 3848., 1541., 170271, 20240529220000)
 (3848., 3850., 3843., 3847.,  853., 170611, 20240529221500)
 (3848., 3851., 3844., 3847.,  824., 170900, 20240529223000)
 (3847., 3850., 3842., 3848.,  731., 171158, 20240529224500)
 (3847., 3851., 3844., 3850., 2831., 172112, 20240529230000)
 (3849., 3853., 3847., 3847., 3134., 173938, 20240530091500)
 (3848., 3850., 3843., 3844., 2689., 176096, 20240530093000)
 (3844., 3844., 3832., 3838., 4667., 177317, 20240530094500)
 (3837., 3845., 3835., 3844., 1726., 177344, 20240530100000)
 (3844., 3849., 3839., 3848., 1413., 177751, 20240530101500)
 (3847., 3850., 3826., 3830., 3261., 178434, 20240530104500)
 (3830., 3832., 3814., 3829., 4261., 179285, 20240530110000)
 (3824., 3830., 3817., 3819., 3205., 180221, 20240530111500)
 (3820., 3823., 3800., 3800., 4719., 179875, 20240530113000)
 (3799., 3799., 3786., 3795., 5488., 181444, 20240530134500)
 (3795., 3802., 3788., 3790., 3758., 182783, 20240530140000)
 (3790., 3800., 3789., 3789., 1907., 183615, 20240530141500)
 (3789., 3796., 3787., 3794., 3286., 184204, 20240530143000)
 (3793., 3801., 3786., 3789., 2430., 184158, 20240530144500)
 (3788., 3797., 3788., 3791., 2209., 183939, 20240530150000)]
2024-05-31 15:30:00  INFO  [(3795., 3795., 3767., 3782., 5962., 183777, 20240530211500)
 (3780., 3788., 3778., 3787., 2355., 184729, 20240530213000)
 (3787., 3793., 3785., 3790., 3214., 186780, 20240530214500)
 (3789., 3792., 3785., 3786.,  732., 187103, 20240530220000)
 (3787., 3788., 3781., 3781.,  536., 187203, 20240530221500)
 (3782., 3784., 3780., 3783.,  725., 187340, 20240530223000)
 (3782., 3785., 3774., 3777.,  981., 187446, 20240530224500)
 (3777., 3780., 3773., 3775., 1123., 187277, 20240530230000)
 (3775., 3785., 3772., 3776., 2340., 187532, 20240531091500)
 (3777., 3786., 3774., 3785., 2522., 188446, 20240531093000)
 (3786., 3790., 3780., 3790., 1425., 188878, 20240531094500)
 (3790., 3792., 3777., 3778., 1036., 189149, 20240531100000)
 (3777., 3783., 3774., 3775., 1096., 189423, 20240531101500)
 (3773., 3779., 3772., 3772., 1563., 189096, 20240531104500)
 (3773., 3777., 3767., 3769., 2169., 188459, 20240531110000)
 (3768., 3772., 3762., 3765., 2529., 188396, 20240531111500)
 (3763., 3770., 3760., 3770., 2233., 188945, 20240531113000)
 (3768., 3781., 3766., 3778., 1284., 189332, 20240531134500)
 (3778., 3786., 3778., 3782., 1809., 190171, 20240531140000)
 (3782., 3782., 3773., 3775.,  959., 190431, 20240531141500)
 (3776., 3779., 3769., 3770., 1654., 190310, 20240531143000)
 (3771., 3779., 3770., 3773.,  672., 190592, 20240531144500)
 (3772., 3773., 3762., 3763., 3331., 189582, 20240531150000)]
2024-06-03 15:30:00  INFO  [(3753., 3770., 3753., 3768., 2014., 190162, 20240531211500)
 (3768., 3770., 3745., 3750., 4462., 191623, 20240531213000)
 (3747., 3755., 3745., 3754., 1280., 192087, 20240531214500)
 (3753., 3755., 3746., 3751., 1114., 192385, 20240531220000)
 (3750., 3753., 3747., 3748.,  867., 192509, 20240531221500)
 (3750., 3751., 3743., 3746., 1309., 192805, 20240531223000)
 (3746., 3747., 3739., 3740., 1731., 192917, 20240531224500)
 (3740., 3747., 3735., 3742., 2697., 191790, 20240531230000)
 (3741., 3746., 3737., 3744., 2215., 191507, 20240603091500)
 (3744., 3755., 3743., 3753., 2135., 192361, 20240603093000)
 (3751., 3755., 3744., 3748., 1095., 192694, 20240603094500)
 (3748., 3752., 3744., 3748., 1033., 193014, 20240603100000)
 (3744., 3747., 3738., 3739., 1045., 193340, 20240603101500)
 (3739., 3740., 3731., 3733., 2679., 192797, 20240603104500)
 (3733., 3734., 3730., 3733., 1137., 193109, 20240603110000)
 (3730., 3733., 3719., 3723., 2435., 193150, 20240603111500)
 (3724., 3727., 3718., 3723., 1390., 193323, 20240603113000)
 (3720., 3726., 3713., 3720., 3124., 193956, 20240603134500)
 (3718., 3728., 3714., 3727., 1425., 194469, 20240603140000)
 (3723., 3730., 3720., 3721.,  769., 194514, 20240603141500)
 (3718., 3724., 3716., 3721.,  560., 194641, 20240603143000)
 (3720., 3731., 3717., 3725., 1074., 194876, 20240603144500)
 (3725., 3725., 3713., 3721., 3496., 195587, 20240603150000)]
2024-06-04 15:30:00  INFO  [(3722., 3732., 3713., 3730., 2500., 196022, 20240603211500)
 (3730., 3733., 3723., 3725., 1416., 196492, 20240603213000)
 (3727., 3727., 3718., 3723.,  682., 196758, 20240603214500)
 (3719., 3722., 3715., 3719.,  909., 196977, 20240603220000)
 (3717., 3724., 3716., 3720.,  976., 197495, 20240603221500)
 (3720., 3725., 3717., 3720.,  859., 197739, 20240603223000)
 (3721., 3723., 3716., 3720.,  561., 197898, 20240603224500)
 (3717., 3722., 3713., 3718., 1551., 197999, 20240603230000)
 (3720., 3727., 3717., 3727., 2268., 198847, 20240604091500)
 (3725., 3727., 3715., 3719.,  916., 198897, 20240604093000)
 (3718., 3720., 3707., 3709., 2096., 198688, 20240604094500)
 (3710., 3712., 3703., 3712., 1594., 198828, 20240604100000)
 (3709., 3729., 3708., 3718., 1491., 199151, 20240604101500)
 (3719., 3720., 3709., 3711., 1273., 199188, 20240604104500)
 (3711., 3716., 3705., 3712., 1126., 199207, 20240604110000)
 (3712., 3715., 3706., 3710., 1138., 199623, 20240604111500)
 (3708., 3712., 3706., 3708.,  558., 199760, 20240604113000)
 (3708., 3708., 3700., 3702., 2399., 200637, 20240604134500)
 (3700., 3705., 3697., 3698., 1865., 201554, 20240604140000)
 (3699., 3706., 3698., 3704., 1060., 201953, 20240604141500)
 (3703., 3711., 3701., 3704., 1082., 201850, 20240604143000)
 (3702., 3711., 3700., 3708., 1194., 202128, 20240604144500)
 (3708., 3720., 3703., 3704., 3165., 201434, 20240604150000)]
2024-06-05 15:30:00  INFO  [(3700., 3703., 3688., 3692., 3758., 201667, 20240604211500)
 (3692., 3705., 3692., 3702.,  900., 202022, 20240604213000)
 (3700., 3704., 3699., 3701.,  536., 202208, 20240604214500)
 (3700., 3701., 3696., 3698.,  481., 202142, 20240604220000)
 (3696., 3706., 3696., 3706.,  261., 202141, 20240604221500)
 (3706., 3713., 3705., 3711.,  819., 202410, 20240604223000)
 (3709., 3712., 3708., 3709.,  377., 202410, 20240604224500)
 (3708., 3716., 3706., 3712.,  811., 202418, 20240604230000)
 (3711., 3716., 3710., 3711., 1407., 201714, 20240605091500)
 (3711., 3712., 3706., 3707.,  659., 201924, 20240605093000)
 (3706., 3710., 3703., 3708.,  629., 202116, 20240605094500)
 (3706., 3706., 3698., 3702.,  705., 202253, 20240605100000)
 (3700., 3703., 3694., 3697.,  977., 202558, 20240605101500)
 (3697., 3699., 3692., 3695.,  999., 202270, 20240605104500)
 (3695., 3700., 3693., 3699., 1149., 202326, 20240605110000)
 (3697., 3700., 3692., 3695., 1415., 202505, 20240605111500)
 (3695., 3699., 3690., 3692., 1157., 202532, 20240605113000)
 (3692., 3696., 3688., 3691., 1853., 202522, 20240605134500)
 (3690., 3696., 3688., 3696.,  555., 202614, 20240605140000)
 (3696., 3708., 3691., 3691.,  822., 202739, 20240605141500)
 (3691., 3694., 3687., 3693., 1062., 203134, 20240605143000)
 (3690., 3692., 3686., 3689., 1435., 203294, 20240605144500)
 (3686., 3690., 3683., 3687., 2323., 203652, 20240605150000)]
2024-06-06 15:30:00  INFO  [(3692., 3704., 3690., 3702., 1523., 203837, 20240605211500)
 (3702., 3708., 3700., 3705., 1110., 203695, 20240605213000)
 (3705., 3706., 3696., 3698.,  466., 203768, 20240605214500)
 (3697., 3700., 3689., 3689.,  633., 203796, 20240605220000)
 (3689., 3692., 3680., 3683., 2461., 204052, 20240605221500)
 (3683., 3689., 3680., 3688.,  632., 204213, 20240605223000)
 (3685., 3691., 3682., 3683.,  313., 204269, 20240605224500)
 (3683., 3686., 3680., 3686.,  607., 204238, 20240605230000)
 (3688., 3702., 3688., 3700., 2941., 204638, 20240606091500)
 (3698., 3702., 3694., 3694., 1415., 204938, 20240606093000)
 (3692., 3696., 3687., 3687.,  915., 205098, 20240606094500)
 (3686., 3690., 3684., 3686.,  518., 205160, 20240606100000)
 (3685., 3692., 3685., 3687.,  588., 205081, 20240606101500)
 (3687., 3694., 3684., 3692., 1779., 204621, 20240606104500)
 (3691., 3699., 3687., 3690., 1586., 204827, 20240606110000)
 (3688., 3701., 3688., 3695., 2053., 205570, 20240606111500)
 (3696., 3697., 3685., 3688., 2214., 205954, 20240606113000)
 (3688., 3706., 3686., 3699., 2764., 206533, 20240606134500)
 (3699., 3710., 3696., 3709., 1801., 206335, 20240606140000)
 (3709., 3719., 3703., 3715., 4439., 204978, 20240606141500)
 (3713., 3724., 3710., 3710., 3023., 204442, 20240606143000)
 (3711., 3719., 3708., 3719., 1043., 204552, 20240606144500)
 (3718., 3723., 3716., 3720., 3401., 205007, 20240606150000)]
2024-06-07 15:30:00  INFO  [(3720., 3733., 3720., 3726., 8148., 208177, 20240606211500)
 (3726., 3728., 3720., 3723., 2453., 209596, 20240606213000)
 (3722., 3730., 3721., 3729., 2287., 209558, 20240606214500)
 (3730., 3737., 3727., 3731., 1449., 209550, 20240606220000)
 (3734., 3735., 3731., 3734.,  671., 209504, 20240606221500)
 (3735., 3738., 3732., 3733.,  790., 209501, 20240606223000)
 (3735., 3740., 3733., 3739., 1170., 209618, 20240606224500)
 (3739., 3746., 3737., 3741., 1855., 209841, 20240606230000)
 (3746., 3750., 3733., 3735., 1954., 209794, 20240607091500)
 (3734., 3738., 3731., 3732., 2456., 208742, 20240607093000)
 (3732., 3733., 3722., 3726., 1774., 208183, 20240607094500)
 (3725., 3725., 3714., 3718., 2503., 208147, 20240607100000)
 (3719., 3720., 3712., 3716., 1030., 208148, 20240607101500)
 (3713., 3720., 3711., 3715., 2212., 209239, 20240607104500)
 (3714., 3715., 3710., 3712.,  716., 209114, 20240607110000)
 (3712., 3714., 3707., 3712., 1416., 209772, 20240607111500)
 (3712., 3721., 3712., 3716.,  492., 209847, 20240607113000)
 (3720., 3722., 3706., 3707., 1493., 209907, 20240607134500)
 (3707., 3708., 3700., 3706., 1785., 209536, 20240607140000)
 (3708., 3712., 3706., 3708.,  857., 209804, 20240607141500)
 (3708., 3712., 3700., 3706.,  872., 209642, 20240607143000)
 (3705., 3712., 3704., 3704.,  578., 209721, 20240607144500)
 (3705., 3718., 3703., 3715., 1935., 209470, 20240607150000)]
2024-06-11 15:30:00  INFO  [(3712., 3714., 3707., 3712., 1416., 209772, 20240607111500)
 (3712., 3721., 3712., 3716.,  492., 209847, 20240607113000)
 (3720., 3722., 3706., 3707., 1493., 209907, 20240607134500)
 (3707., 3708., 3700., 3706., 1785., 209536, 20240607140000)
 (3708., 3712., 3706., 3708.,  857., 209804, 20240607141500)
 (3708., 3712., 3700., 3706.,  872., 209642, 20240607143000)
 (3705., 3712., 3704., 3704.,  578., 209721, 20240607144500)
 (3705., 3718., 3703., 3715., 1935., 209470, 20240607150000)
 (3700., 3708., 3686., 3692., 4508., 210596, 20240611091500)
 (3694., 3697., 3682., 3685., 1892., 210455, 20240611093000)
 (3685., 3691., 3671., 3678., 2573., 210872, 20240611094500)
 (3677., 3677., 3668., 3669., 3090., 211450, 20240611100000)
 (3670., 3670., 3657., 3657., 2669., 211798, 20240611101500)
 (3658., 3667., 3656., 3658., 2673., 211788, 20240611104500)
 (3658., 3662., 3653., 3661., 3249., 212354, 20240611110000)
 (3661., 3665., 3657., 3662., 2561., 212822, 20240611111500)
 (3661., 3663., 3658., 3659.,  480., 212866, 20240611113000)
 (3659., 3660., 3650., 3655., 4019., 214214, 20240611134500)
 (3653., 3657., 3652., 3653.,  558., 214215, 20240611140000)
 (3653., 3657., 3650., 3657., 1056., 214175, 20240611141500)
 (3657., 3664., 3655., 3658., 1337., 214403, 20240611143000)
 (3660., 3660., 3652., 3654., 1112., 214680, 20240611144500)
 (3654., 3656., 3650., 3654., 2309., 214219, 20240611150000)]
2024-06-12 15:30:00  INFO  [(3666., 3666., 3653., 3654., 2700., 213793, 20240611211500)
 (3654., 3660., 3653., 3660.,  704., 213875, 20240611213000)
 (3659., 3660., 3650., 3654., 1441., 214255, 20240611214500)
 (3654., 3656., 3650., 3654.,  786., 214278, 20240611220000)
 (3652., 3656., 3652., 3656.,  450., 214126, 20240611221500)
 (3656., 3657., 3652., 3656.,  422., 214191, 20240611223000)
 (3656., 3661., 3654., 3660.,  754., 214324, 20240611224500)
 (3659., 3660., 3654., 3659.,  469., 214333, 20240611230000)
 (3658., 3668., 3656., 3665., 1931., 213708, 20240612091500)
 (3666., 3674., 3664., 3672., 1500., 213859, 20240612093000)
 (3671., 3676., 3666., 3671., 1975., 213745, 20240612094500)
 (3672., 3672., 3665., 3668.,  510., 213632, 20240612100000)
 (3666., 3669., 3660., 3663.,  735., 213514, 20240612101500)
 (3662., 3662., 3654., 3658., 1985., 213186, 20240612104500)
 (3658., 3665., 3655., 3659.,  837., 213196, 20240612110000)
 (3659., 3665., 3659., 3663.,  719., 213339, 20240612111500)
 (3663., 3667., 3662., 3665.,  987., 213089, 20240612113000)
 (3665., 3675., 3665., 3673., 1955., 213121, 20240612134500)
 (3674., 3675., 3666., 3668.,  655., 212929, 20240612140000)
 (3668., 3672., 3667., 3672.,  135., 212900, 20240612141500)
 (3672., 3675., 3667., 3667.,  521., 212956, 20240612143000)
 (3668., 3672., 3666., 3670., 1307., 213074, 20240612144500)
 (3669., 3671., 3662., 3664., 1363., 213201, 20240612150000)]
2024-06-13 15:30:00  INFO  [(3678., 3688., 3670., 3676., 4679., 211332, 20240612211500)
 (3677., 3677., 3670., 3674., 1740., 211248, 20240612213000)
 (3673., 3675., 3670., 3671.,  485., 211258, 20240612214500)
 (3669., 3675., 3669., 3674.,  553., 211280, 20240612220000)
 (3673., 3674., 3669., 3670.,  276., 211301, 20240612221500)
 (3670., 3675., 3669., 3673.,  160., 211253, 20240612223000)
 (3672., 3674., 3668., 3668.,  382., 211286, 20240612224500)
 (3668., 3671., 3666., 3666.,  652., 211252, 20240612230000)
 (3666., 3667., 3651., 3652., 3832., 210209, 20240613091500)
 (3652., 3658., 3642., 3653., 4273., 209360, 20240613093000)
 (3653., 3670., 3653., 3666., 1843., 209163, 20240613094500)
 (3666., 3669., 3660., 3662.,  472., 209248, 20240613100000)
 (3663., 3680., 3663., 3675., 2474., 209884, 20240613101500)
 (3674., 3674., 3667., 3668.,  837., 209802, 20240613104500)
 (3669., 3674., 3665., 3668.,  433., 209938, 20240613110000)
 (3668., 3673., 3660., 3663.,  436., 209945, 20240613111500)
 (3665., 3670., 3662., 3670.,  497., 209935, 20240613113000)
 (3671., 3680., 3669., 3677., 3528., 211673, 20240613134500)
 (3678., 3680., 3672., 3673.,  602., 211739, 20240613140000)
 (3673., 3678., 3670., 3672.,  176., 211775, 20240613141500)
 (3673., 3677., 3670., 3675.,  367., 211775, 20240613143000)
 (3674., 3678., 3672., 3676.,  382., 211830, 20240613144500)
 (3677., 3680., 3676., 3679., 1385., 211202, 20240613150000)]
2024-06-14 15:30:00  INFO  [(3687., 3697., 3682., 3694., 3716., 211449, 20240613211500)
 (3693., 3695., 3686., 3691., 1601., 211829, 20240613213000)
 (3690., 3694., 3688., 3688., 1577., 212400, 20240613214500)
 (3689., 3691., 3687., 3688.,  794., 212675, 20240613220000)
 (3687., 3690., 3683., 3684.,  746., 212514, 20240613221500)
 (3684., 3688., 3684., 3686.,  755., 212707, 20240613223000)
 (3687., 3690., 3685., 3689.,  769., 213117, 20240613224500)
 (3690., 3693., 3688., 3691.,  848., 213175, 20240613230000)
 (3691., 3696., 3686., 3691., 1135., 213011, 20240614091500)
 (3691., 3691., 3681., 3683.,  891., 213145, 20240614093000)
 (3682., 3688., 3680., 3687.,  767., 213235, 20240614094500)
 (3687., 3691., 3686., 3690.,  918., 213412, 20240614100000)
 (3690., 3694., 3686., 3692.,  450., 213527, 20240614101500)
 (3693., 3697., 3688., 3694., 1971., 213463, 20240614104500)
 (3693., 3703., 3690., 3702., 2265., 214027, 20240614110000)
 (3702., 3704., 3693., 3697., 1411., 214200, 20240614111500)
 (3697., 3702., 3695., 3702.,  686., 214317, 20240614113000)
 (3704., 3714., 3702., 3713., 3500., 214208, 20240614134500)
 (3713., 3714., 3707., 3711., 2546., 214407, 20240614140000)
 (3711., 3713., 3705., 3709., 1316., 214947, 20240614141500)
 (3709., 3710., 3705., 3709.,  697., 214921, 20240614143000)
 (3709., 3712., 3707., 3707., 1487., 215223, 20240614144500)
 (3708., 3708., 3693., 3695., 3902., 215614, 20240614150000)]
2024-06-17 15:30:00  INFO  [(3699., 3700., 3691., 3694., 1440., 215729, 20240614211500)
 (3696., 3696., 3691., 3693., 1424., 216312, 20240614213000)
 (3693., 3699., 3689., 3695., 1407., 216599, 20240614214500)
 (3695., 3695., 3686., 3687., 1029., 216264, 20240614220000)
 (3687., 3689., 3682., 3688., 2442., 216167, 20240614221500)
 (3687., 3693., 3686., 3691.,  588., 215879, 20240614223000)
 (3693., 3694., 3683., 3684.,  764., 215603, 20240614224500)
 (3684., 3690., 3683., 3685.,  793., 215271, 20240614230000)
 (3685., 3685., 3669., 3675., 5424., 216228, 20240617091500)
 (3674., 3677., 3669., 3672., 1088., 216426, 20240617093000)
 (3672., 3673., 3667., 3667., 1300., 216615, 20240617094500)
 (3667., 3673., 3665., 3673., 1113., 216496, 20240617100000)
 (3671., 3677., 3667., 3674.,  761., 216702, 20240617101500)
 (3672., 3675., 3670., 3671.,  701., 216556, 20240617104500)
 (3670., 3675., 3670., 3671.,  359., 216744, 20240617110000)
 (3669., 3671., 3665., 3666., 1018., 216612, 20240617111500)
 (3666., 3669., 3665., 3668.,  829., 216356, 20240617113000)
 (3668., 3673., 3664., 3671., 1583., 216760, 20240617134500)
 (3670., 3677., 3664., 3674., 1632., 217000, 20240617140000)
 (3673., 3673., 3666., 3667.,  516., 216817, 20240617141500)
 (3667., 3672., 3664., 3670., 1115., 216794, 20240617143000)
 (3670., 3675., 3668., 3669., 1134., 216656, 20240617144500)
 (3670., 3672., 3666., 3667., 1520., 216666, 20240617150000)]
2024-06-18 15:30:00  INFO  [(3672., 3679., 3667., 3679., 4359., 218967, 20240617211500)
 (3677., 3688., 3677., 3685., 1852., 219689, 20240617213000)
 (3683., 3696., 3681., 3690., 2918., 219945, 20240617214500)
 (3691., 3694., 3689., 3693., 1273., 220210, 20240617220000)
 (3694., 3705., 3689., 3698., 2631., 220364, 20240617221500)
 (3698., 3706., 3697., 3703., 2196., 220189, 20240617223000)
 (3702., 3705., 3697., 3697., 1359., 220031, 20240617224500)
 (3698., 3702., 3694., 3698., 1663., 219841, 20240617230000)
 (3699., 3706., 3694., 3695., 2560., 220298, 20240618091500)
 (3695., 3700., 3691., 3699., 1331., 220255, 20240618093000)
 (3698., 3699., 3692., 3696., 2448., 219937, 20240618094500)
 (3695., 3698., 3691., 3692.,  716., 219933, 20240618100000)
 (3692., 3696., 3683., 3693., 1670., 219783, 20240618101500)
 (3691., 3703., 3688., 3699., 2176., 220031, 20240618104500)
 (3697., 3699., 3690., 3693.,  989., 220192, 20240618110000)
 (3693., 3696., 3691., 3693.,  546., 220485, 20240618111500)
 (3693., 3699., 3693., 3697.,  309., 220443, 20240618113000)
 (3700., 3715., 3700., 3703., 3438., 220713, 20240618134500)
 (3702., 3706., 3697., 3700., 2535., 220713, 20240618140000)
 (3704., 3708., 3699., 3708., 1309., 220961, 20240618141500)
 (3707., 3708., 3701., 3704., 2116., 221830, 20240618143000)
 (3704., 3704., 3691., 3694., 2187., 221880, 20240618144500)
 (3694., 3699., 3673., 3678., 5299., 222121, 20240618150000)]
2024-06-19 15:30:00  INFO  [(3670., 3690., 3670., 3688., 1970., 222251, 20240618211500)
 (3688., 3691., 3683., 3685.,  731., 222529, 20240618213000)
 (3685., 3697., 3685., 3693., 1790., 223166, 20240618214500)
 (3693., 3700., 3693., 3696., 1042., 223201, 20240618220000)
 (3696., 3702., 3695., 3697., 1478., 223458, 20240618221500)
 (3698., 3706., 3695., 3706., 1743., 223739, 20240618223000)
 (3705., 3707., 3702., 3706.,  787., 224016, 20240618224500)
 (3704., 3708., 3702., 3702.,  914., 224247, 20240618230000)
 (3702., 3709., 3699., 3701., 1236., 224492, 20240619091500)
 (3702., 3706., 3697., 3699.,  608., 224691, 20240619093000)
 (3699., 3701., 3695., 3698.,  912., 224617, 20240619094500)
 (3700., 3704., 3699., 3702., 1448., 224884, 20240619100000)
 (3702., 3706., 3690., 3695., 1339., 225133, 20240619101500)
 (3693., 3702., 3692., 3701., 1587., 225147, 20240619104500)
 (3701., 3705., 3697., 3701., 2942., 225756, 20240619110000)
 (3701., 3707., 3701., 3705., 2256., 226778, 20240619111500)
 (3705., 3705., 3697., 3698., 3094., 227036, 20240619113000)
 (3702., 3705., 3692., 3694., 2183., 226906, 20240619134500)
 (3693., 3694., 3682., 3690., 2231., 227305, 20240619140000)
 (3690., 3693., 3685., 3688.,  862., 227557, 20240619141500)
 (3688., 3689., 3678., 3680., 3092., 229303, 20240619143000)
 (3680., 3688., 3677., 3682., 4882., 231203, 20240619144500)
 (3682., 3689., 3681., 3686., 2997., 231664, 20240619150000)]
2024-06-20 15:30:00  INFO  [(3681., 3696., 3680., 3684., 2598., 232187, 20240619211500)
 (3683., 3691., 3678., 3688., 1769., 232656, 20240619213000)
 (3689., 3689., 3676., 3685., 1701., 232968, 20240619214500)
 (3684., 3684., 3672., 3673.,  707., 233030, 20240619220000)
 (3672., 3677., 3666., 3670., 2693., 234142, 20240619221500)
 (3671., 3674., 3668., 3669., 2294., 234121, 20240619223000)
 (3671., 3671., 3658., 3662., 3225., 234507, 20240619224500)
 (3661., 3695., 3659., 3682., 4156., 234677, 20240619230000)
 (3682., 3696., 3681., 3693., 2420., 234927, 20240620091500)
 (3695., 3695., 3684., 3690., 2015., 234986, 20240620093000)
 (3690., 3695., 3688., 3689., 1290., 235469, 20240620094500)
 (3689., 3690., 3684., 3684.,  399., 235347, 20240620100000)
 (3685., 3691., 3683., 3688., 1164., 235414, 20240620101500)
 (3688., 3703., 3688., 3697., 2213., 235647, 20240620104500)
 (3697., 3700., 3692., 3695., 2209., 235770, 20240620110000)
 (3696., 3697., 3689., 3690.,  416., 235739, 20240620111500)
 (3692., 3692., 3684., 3690., 1557., 235832, 20240620113000)
 (3690., 3690., 3672., 3676., 3630., 236442, 20240620134500)
 (3675., 3675., 3662., 3664., 3612., 236863, 20240620140000)
 (3663., 3671., 3659., 3660., 2818., 237193, 20240620141500)
 (3660., 3668., 3660., 3667., 2130., 237649, 20240620143000)
 (3667., 3668., 3655., 3665., 1503., 237607, 20240620144500)
 (3666., 3680., 3664., 3667., 3932., 237196, 20240620150000)]
2024-06-21 15:30:00  INFO  [(3672., 3676., 3661., 3663., 3180., 238060, 20240620211500)
 (3666., 3669., 3660., 3665., 1741., 238637, 20240620213000)
 (3666., 3669., 3661., 3668.,  747., 238814, 20240620214500)
 (3669., 3673., 3666., 3667., 1553., 239653, 20240620220000)
 (3666., 3671., 3666., 3667.,  499., 239713, 20240620221500)
 (3666., 3677., 3665., 3673.,  936., 239525, 20240620223000)
 (3673., 3678., 3673., 3675.,  263., 239518, 20240620224500)
 (3674., 3684., 3674., 3680., 1138., 239377, 20240620230000)
 (3678., 3685., 3672., 3672., 1637., 239226, 20240621091500)
 (3671., 3679., 3669., 3678., 1138., 239563, 20240621093000)
 (3676., 3676., 3664., 3666., 1953., 239361, 20240621094500)
 (3667., 3668., 3663., 3664.,  442., 239462, 20240621100000)
 (3666., 3669., 3658., 3661., 1039., 239126, 20240621101500)
 (3660., 3663., 3653., 3658., 2093., 238825, 20240621104500)
 (3657., 3661., 3655., 3659., 1056., 238858, 20240621110000)
 (3660., 3660., 3650., 3652., 3911., 238604, 20240621111500)
 (3651., 3658., 3638., 3654., 3954., 238439, 20240621113000)
 (3653., 3660., 3650., 3652.,  578., 238551, 20240621134500)
 (3653., 3657., 3647., 3649., 1619., 238721, 20240621140000)
 (3650., 3655., 3647., 3652., 1322., 238609, 20240621141500)
 (3651., 3655., 3646., 3647.,  714., 238891, 20240621143000)
 (3646., 3652., 3641., 3644., 2016., 239001, 20240621144500)
 (3642., 3650., 3641., 3642., 3671., 238511, 20240621150000)]
2024-06-24 15:30:00  INFO  [(3640., 3640., 3627., 3635., 6730., 237622, 20240621211500)
 (3635., 3637., 3630., 3634., 1121., 237808, 20240621213000)
 (3636., 3638., 3633., 3634.,  693., 237820, 20240621214500)
 (3635., 3637., 3628., 3631., 1724., 237897, 20240621220000)
 (3630., 3635., 3629., 3635.,  664., 237772, 20240621221500)
 (3635., 3636., 3631., 3631.,  388., 237668, 20240621223000)
 (3633., 3636., 3631., 3634.,  220., 237709, 20240621224500)
 (3634., 3636., 3628., 3628.,  842., 237690, 20240621230000)
 (3624., 3624., 3608., 3609., 7449., 239186, 20240624091500)
 (3609., 3615., 3607., 3614., 1858., 239700, 20240624093000)
 (3614., 3617., 3609., 3610., 2030., 239914, 20240624094500)
 (3610., 3613., 3606., 3610., 2825., 239829, 20240624100000)
 (3609., 3612., 3601., 3604., 3735., 240523, 20240624101500)
 (3602., 3605., 3600., 3603., 4733., 241432, 20240624104500)
 (3603., 3604., 3596., 3600., 1940., 240854, 20240624110000)
 (3601., 3608., 3601., 3605.,  910., 240965, 20240624111500)
 (3606., 3612., 3602., 3608., 1358., 241000, 20240624113000)
 (3612., 3614., 3603., 3605., 1657., 241285, 20240624134500)
 (3604., 3607., 3602., 3606.,  390., 241374, 20240624140000)
 (3605., 3605., 3598., 3598., 3945., 242497, 20240624141500)
 (3598., 3604., 3595., 3603., 1397., 242920, 20240624143000)
 (3602., 3607., 3595., 3596., 1670., 243475, 20240624144500)
 (3596., 3604., 3594., 3602., 2679., 244582, 20240624150000)]
2024-06-25 15:30:00  INFO  [(3599., 3606., 3593., 3603., 4174., 246127, 20240624211500)
 (3603., 3608., 3602., 3607., 1319., 246274, 20240624213000)
 (3607., 3608., 3603., 3605.,  683., 246630, 20240624214500)
 (3607., 3608., 3604., 3606.,  397., 246697, 20240624220000)
 (3606., 3619., 3605., 3615., 1429., 246403, 20240624221500)
 (3613., 3614., 3608., 3608.,  822., 246219, 20240624223000)
 (3608., 3610., 3607., 3609., 1198., 246243, 20240624224500)
 (3609., 3610., 3604., 3605.,  943., 246120, 20240624230000)
 (3604., 3606., 3599., 3600., 1562., 246407, 20240625091500)
 (3601., 3605., 3599., 3603.,  665., 246712, 20240625093000)
 (3602., 3604., 3590., 3598., 1199., 246395, 20240625094500)
 (3599., 3606., 3595., 3606.,  999., 246380, 20240625100000)
 (3605., 3606., 3598., 3600.,  494., 246440, 20240625101500)
 (3599., 3600., 3593., 3595.,  957., 246505, 20240625104500)
 (3595., 3599., 3592., 3598.,  841., 246403, 20240625110000)
 (3596., 3601., 3595., 3599.,  585., 246329, 20240625111500)
 (3596., 3605., 3596., 3600., 1585., 246150, 20240625113000)
 (3606., 3614., 3600., 3606., 3445., 245738, 20240625134500)
 (3605., 3607., 3602., 3606., 1435., 245507, 20240625140000)
 (3605., 3607., 3595., 3598., 1738., 245813, 20240625141500)
 (3598., 3603., 3595., 3600., 1168., 246080, 20240625143000)
 (3601., 3608., 3601., 3608.,  780., 246029, 20240625144500)
 (3608., 3609., 3600., 3604., 1409., 246191, 20240625150000)]
2024-06-26 15:30:00  INFO  [(3599., 3606., 3592., 3596., 1471., 246538, 20240625211500)
 (3596., 3602., 3596., 3597.,  397., 246657, 20240625213000)
 (3597., 3599., 3595., 3596.,  430., 246793, 20240625214500)
 (3595., 3601., 3593., 3601.,  513., 246923, 20240625220000)
 (3602., 3605., 3602., 3603.,  599., 247084, 20240625221500)
 (3603., 3607., 3601., 3607.,  861., 246774, 20240625223000)
 (3605., 3610., 3604., 3604.,  840., 246953, 20240625224500)
 (3604., 3606., 3602., 3605.,  627., 247089, 20240625230000)
 (3601., 3609., 3601., 3608., 1105., 246871, 20240626091500)
 (3608., 3611., 3600., 3602.,  994., 247006, 20240626093000)
 (3603., 3606., 3600., 3604.,  331., 247045, 20240626094500)
 (3603., 3605., 3600., 3603.,  267., 247113, 20240626100000)
 (3603., 3620., 3600., 3608., 4478., 248223, 20240626101500)
 (3608., 3610., 3603., 3603., 1124., 248435, 20240626104500)
 (3604., 3608., 3603., 3606.,  857., 248523, 20240626110000)
 (3605., 3615., 3605., 3612.,  723., 248777, 20240626111500)
 (3613., 3627., 3613., 3626., 2861., 248932, 20240626113000)
 (3628., 3632., 3618., 3621., 3362., 249432, 20240626134500)
 (3621., 3622., 3617., 3618.,  947., 249513, 20240626140000)
 (3618., 3624., 3617., 3622., 1111., 249903, 20240626141500)
 (3622., 3626., 3621., 3624., 1985., 250038, 20240626143000)
 (3624., 3634., 3623., 3627., 2933., 250173, 20240626144500)
 (3628., 3635., 3627., 3634., 2968., 250240, 20240626150000)]
2024-06-27 15:30:00  INFO  [(3631., 3640., 3625., 3628., 2025., 249999, 20240626211500)
 (3628., 3629., 3625., 3626.,  520., 250181, 20240626213000)
 (3625., 3627., 3621., 3627., 1171., 250161, 20240626214500)
 (3626., 3627., 3623., 3626.,  429., 250269, 20240626220000)
 (3623., 3629., 3622., 3624.,  538., 250269, 20240626221500)
 (3622., 3626., 3622., 3625.,  493., 250070, 20240626223000)
 (3625., 3628., 3624., 3625.,  736., 249585, 20240626224500)
 (3625., 3631., 3624., 3629., 4073., 250670, 20240626230000)
 (3630., 3630., 3621., 3623., 3718., 249203, 20240627091500)
 (3623., 3629., 3622., 3628., 2706., 248718, 20240627093000)
 (3629., 3635., 3628., 3635., 3150., 248162, 20240627094500)
 (3636., 3645., 3635., 3638., 5038., 247148, 20240627100000)
 (3638., 3640., 3634., 3635., 3398., 246278, 20240627101500)
 (3635., 3637., 3632., 3635., 2090., 246098, 20240627104500)
 (3635., 3637., 3628., 3628., 1352., 245789, 20240627110000)
 (3628., 3632., 3621., 3623., 6645., 247468, 20240627111500)
 (3624., 3632., 3623., 3630., 1196., 247638, 20240627113000)
 (3629., 3629., 3615., 3615., 5282., 249727, 20240627134500)
 (3617., 3618., 3608., 3609., 4061., 250653, 20240627140000)
 (3610., 3615., 3609., 3610., 1697., 251114, 20240627141500)
 (3611., 3614., 3609., 3612., 1982., 250844, 20240627143000)
 (3609., 3612., 3604., 3608., 4976., 251945, 20240627144500)
 (3607., 3611., 3603., 3609., 1880., 251538, 20240627150000)]
2024-06-28 15:30:00  INFO  [(3606., 3614., 3604., 3610., 3152., 250044, 20240627211500)
 (3609., 3611., 3607., 3609.,  540., 250171, 20240627213000)
 (3609., 3610., 3604., 3605.,  753., 250649, 20240627214500)
 (3604., 3604., 3600., 3601., 1370., 251286, 20240627220000)
 (3601., 3606., 3600., 3603.,  302., 251396, 20240627221500)
 (3605., 3606., 3600., 3603.,  475., 251390, 20240627223000)
 (3602., 3605., 3602., 3604.,  171., 251399, 20240627224500)
 (3604., 3606., 3602., 3604.,  553., 251283, 20240627230000)
 (3604., 3605., 3598., 3603., 2326., 250660, 20240628091500)
 (3604., 3606., 3600., 3600., 1899., 250626, 20240628093000)
 (3601., 3604., 3600., 3603.,  773., 250217, 20240628094500)
 (3602., 3613., 3601., 3610., 1392., 250675, 20240628100000)
 (3610., 3616., 3609., 3610., 1094., 250409, 20240628101500)
 (3612., 3619., 3610., 3613.,  815., 250245, 20240628104500)
 (3614., 3621., 3614., 3617., 1773., 250008, 20240628110000)
 (3617., 3621., 3615., 3618.,  796., 250347, 20240628111500)
 (3618., 3623., 3615., 3619., 1013., 250221, 20240628113000)
 (3620., 3625., 3617., 3621., 2042., 250529, 20240628134500)
 (3621., 3622., 3613., 3615.,  528., 250475, 20240628140000)
 (3614., 3618., 3609., 3609., 1085., 250443, 20240628141500)
 (3609., 3610., 3601., 3605., 6141., 252805, 20240628143000)
 (3605., 3614., 3604., 3612., 1761., 253007, 20240628144500)
 (3612., 3617., 3609., 3609., 4114., 254657, 20240628150000)]
2024-07-01 15:30:00  INFO  [(3614., 3631., 3614., 3628., 3338., 254847, 20240628211500)
 (3628., 3630., 3619., 3619., 1554., 255039, 20240628213000)
 (3619., 3621., 3618., 3618.,  458., 255251, 20240628214500)
 (3618., 3620., 3615., 3618.,  530., 255360, 20240628220000)
 (3618., 3620., 3615., 3618.,  252., 255409, 20240628221500)
 (3618., 3620., 3611., 3613.,  950., 255681, 20240628223000)
 (3614., 3616., 3613., 3615.,  419., 255811, 20240628224500)
 (3615., 3618., 3611., 3615.,  626., 255878, 20240628230000)
 (3620., 3620., 3608., 3614., 2398., 256165, 20240701091500)
 (3614., 3623., 3613., 3618.,  804., 256477, 20240701093000)
 (3618., 3626., 3616., 3620., 3448., 257754, 20240701094500)
 (3621., 3627., 3620., 3626., 1261., 257983, 20240701100000)
 (3626., 3629., 3621., 3627., 1134., 258221, 20240701101500)
 (3627., 3628., 3616., 3619., 1634., 258439, 20240701104500)
 (3621., 3630., 3620., 3629., 5637., 258713, 20240701110000)
 (3629., 3633., 3626., 3631., 2120., 259160, 20240701111500)
 (3631., 3634., 3628., 3629., 1078., 259126, 20240701113000)
 (3629., 3638., 3626., 3635., 3333., 259604, 20240701134500)
 (3634., 3637., 3630., 3633., 1449., 259559, 20240701140000)
 (3634., 3641., 3632., 3636., 1887., 260019, 20240701141500)
 (3636., 3638., 3633., 3634., 1080., 259926, 20240701143000)
 (3636., 3639., 3634., 3637., 2775., 260941, 20240701144500)
 (3637., 3640., 3633., 3638., 1713., 260760, 20240701150000)]
2024-07-02 15:30:00  INFO  [(3645., 3652., 3643., 3650., 7114., 262551, 20240701211500)
 (3647., 3651., 3645., 3647., 1485., 263020, 20240701213000)
 (3646., 3650., 3646., 3650., 1416., 263411, 20240701214500)
 (3650., 3652., 3648., 3650.,  536., 263560, 20240701220000)
 (3652., 3653., 3648., 3648.,  675., 263488, 20240701221500)
 (3649., 3652., 3645., 3647.,  599., 263621, 20240701223000)
 (3648., 3650., 3646., 3650.,  587., 263882, 20240701224500)
 (3650., 3650., 3643., 3647.,  666., 263862, 20240701230000)
 (3646., 3648., 3642., 3643., 1536., 264037, 20240702091500)
 (3644., 3645., 3640., 3644., 1084., 264225, 20240702093000)
 (3644., 3647., 3641., 3645.,  980., 264614, 20240702094500)
 (3645., 3650., 3643., 3648.,  816., 264993, 20240702100000)
 (3648., 3648., 3640., 3646.,  955., 265123, 20240702101500)
 (3646., 3650., 3641., 3642., 3150., 266542, 20240702104500)
 (3644., 3644., 3636., 3642., 2025., 266830, 20240702110000)
 (3640., 3644., 3640., 3640., 1239., 266924, 20240702111500)
 (3642., 3646., 3638., 3646., 3553., 266724, 20240702113000)
 (3646., 3647., 3640., 3641., 3397., 266441, 20240702134500)
 (3640., 3647., 3640., 3640., 3077., 267188, 20240702140000)
 (3643., 3645., 3627., 3629., 4231., 267785, 20240702141500)
 (3627., 3636., 3626., 3631., 1629., 267535, 20240702143000)
 (3631., 3636., 3630., 3635., 1451., 267216, 20240702144500)
 (3633., 3640., 3633., 3637., 1970., 266653, 20240702150000)]
2024-07-03 15:30:00  INFO  [(3642., 3647., 3637., 3645., 2742., 267406, 20240702211500)
 (3644., 3645., 3640., 3641., 2458., 268357, 20240702213000)
 (3641., 3642., 3636., 3642., 1601., 268813, 20240702214500)
 (3642., 3643., 3640., 3642.,  392., 268818, 20240702220000)
 (3640., 3642., 3630., 3633., 1738., 268913, 20240702221500)
 (3633., 3636., 3633., 3636.,  708., 268765, 20240702223000)
 (3635., 3638., 3632., 3636., 2140., 268360, 20240702224500)
 (3636., 3640., 3635., 3640.,  648., 268403, 20240702230000)
 (3637., 3640., 3635., 3638.,  623., 268546, 20240703091500)
 (3638., 3646., 3638., 3644., 1504., 268740, 20240703093000)
 (3644., 3651., 3644., 3648., 2946., 269350, 20240703094500)
 (3650., 3655., 3647., 3651., 3140., 269252, 20240703100000)
 (3651., 3655., 3650., 3652., 2185., 269858, 20240703101500)
 (3654., 3657., 3650., 3651., 3702., 269361, 20240703104500)
 (3650., 3652., 3645., 3648., 4241., 269351, 20240703110000)
 (3649., 3654., 3647., 3654., 3297., 269493, 20240703111500)
 (3654., 3670., 3651., 3665., 4936., 269538, 20240703113000)
 (3667., 3672., 3663., 3669., 5093., 271027, 20240703134500)
 (3670., 3674., 3668., 3670., 3378., 272001, 20240703140000)
 (3672., 3682., 3670., 3680., 5992., 271739, 20240703141500)
 (3680., 3690., 3680., 3688., 4790., 272889, 20240703143000)
 (3688., 3691., 3685., 3691., 5002., 273319, 20240703144500)
 (3691., 3697., 3688., 3692., 6399., 272300, 20240703150000)]
2024-07-04 15:30:00  INFO  [(3697., 3697., 3688., 3692., 2575., 272059, 20240703211500)
 (3693., 3694., 3690., 3693.,  759., 272028, 20240703213000)
 (3693., 3694., 3689., 3693.,  648., 272103, 20240703214500)
 (3694., 3694., 3690., 3693., 1014., 272710, 20240703220000)
 (3695., 3696., 3692., 3693.,  782., 272843, 20240703221500)
 (3693., 3700., 3693., 3700., 1340., 273038, 20240703223000)
 (3700., 3702., 3698., 3698., 1624., 273296, 20240703224500)
 (3698., 3699., 3695., 3695.,  814., 273304, 20240703230000)
 (3697., 3698., 3695., 3698., 1420., 273684, 20240704091500)
 (3700., 3700., 3694., 3695., 1007., 273915, 20240704093000)
 (3695., 3703., 3694., 3703., 2944., 273750, 20240704094500)
 (3703., 3708., 3701., 3703., 1908., 273732, 20240704100000)
 (3703., 3706., 3697., 3698.,  705., 273732, 20240704101500)
 (3698., 3700., 3692., 3694., 1847., 273941, 20240704104500)
 (3694., 3700., 3691., 3699., 2104., 274135, 20240704110000)
 (3699., 3702., 3697., 3701., 2882., 275769, 20240704111500)
 (3701., 3702., 3687., 3688., 2481., 276200, 20240704113000)
 (3686., 3689., 3680., 3683., 5304., 277248, 20240704134500)
 (3685., 3691., 3682., 3688., 1249., 277765, 20240704140000)
 (3688., 3689., 3680., 3684., 1333., 278021, 20240704141500)
 (3684., 3689., 3680., 3687., 2309., 278471, 20240704143000)
 (3690., 3701., 3685., 3697., 5961., 281831, 20240704144500)
 (3697., 3701., 3691., 3695., 3708., 283516, 20240704150000)]
2024-07-05 15:30:00  INFO  [(3687., 3695., 3687., 3691., 2366., 284406, 20240704211500)
 (3691., 3698., 3689., 3695., 1239., 285231, 20240704213000)
 (3695., 3696., 3692., 3695.,  501., 285360, 20240704214500)
 (3696., 3698., 3690., 3698., 1627., 286300, 20240704220000)
 (3697., 3698., 3689., 3692., 4774., 288653, 20240704221500)
 (3693., 3695., 3689., 3690.,  315., 288736, 20240704223000)
 (3694., 3696., 3689., 3692.,  702., 288940, 20240704224500)
 (3693., 3697., 3684., 3686., 6910., 292140, 20240704230000)
 (3685., 3692., 3684., 3688., 1372., 291862, 20240705091500)
 (3689., 3691., 3681., 3683., 1339., 291868, 20240705093000)
 (3685., 3685., 3677., 3678., 2004., 292225, 20240705094500)
 (3678., 3682., 3675., 3679., 1857., 292732, 20240705100000)
 (3680., 3685., 3677., 3680.,  809., 292734, 20240705101500)
 (3680., 3681., 3675., 3678.,  898., 293086, 20240705104500)
 (3676., 3678., 3666., 3668., 2544., 293779, 20240705110000)
 (3667., 3672., 3665., 3666., 2143., 294768, 20240705111500)
 (3665., 3666., 3645., 3649., 8270., 294891, 20240705113000)
 (3649., 3654., 3645., 3651., 3057., 295425, 20240705134500)
 (3651., 3661., 3651., 3659., 3479., 296387, 20240705140000)
 (3659., 3665., 3657., 3663., 2964., 296522, 20240705141500)
 (3660., 3661., 3649., 3650., 3909., 295885, 20240705143000)
 (3650., 3651., 3646., 3648., 2083., 295812, 20240705144500)
 (3647., 3651., 3640., 3644., 4583., 296411, 20240705150000)]
2024-07-08 15:30:00  INFO  [(3642., 3653., 3635., 3651., 2912., 296484, 20240705211500)
 (3653., 3654., 3641., 3644., 2277., 297461, 20240705213000)
 (3644., 3650., 3644., 3649.,  232., 297427, 20240705214500)
 (3649., 3649., 3642., 3646.,  453., 297570, 20240705220000)
 (3644., 3646., 3640., 3643.,  721., 297642, 20240705221500)
 (3642., 3647., 3640., 3644.,  657., 297511, 20240705223000)
 (3643., 3650., 3643., 3649.,  541., 297425, 20240705224500)
 (3648., 3655., 3648., 3653., 1621., 297826, 20240705230000)
 (3655., 3659., 3646., 3651., 3510., 298827, 20240708091500)
 (3652., 3653., 3644., 3650., 1257., 299254, 20240708093000)
 (3649., 3650., 3645., 3645.,  663., 299521, 20240708094500)
 (3646., 3647., 3639., 3641., 2485., 300898, 20240708100000)
 (3640., 3645., 3638., 3642., 2158., 301968, 20240708101500)
 (3643., 3643., 3630., 3631., 4088., 301931, 20240708104500)
 (3632., 3632., 3619., 3624., 4900., 302336, 20240708110000)
 (3622., 3628., 3622., 3623., 1795., 302396, 20240708111500)
 (3623., 3628., 3621., 3624., 1210., 302472, 20240708113000)
 (3623., 3623., 3603., 3606., 8822., 304659, 20240708134500)
 (3607., 3610., 3602., 3606., 3155., 305357, 20240708140000)
 (3607., 3610., 3602., 3605., 3008., 306342, 20240708141500)
 (3604., 3609., 3601., 3602., 1783., 306803, 20240708143000)
 (3601., 3607., 3600., 3603., 2257., 307203, 20240708144500)
 (3601., 3608., 3600., 3602., 5364., 308840, 20240708150000)]
2024-07-09 15:30:00  INFO  [(3602., 3613., 3600., 3608., 4686., 309809, 20240708211500)
 (3609., 3612., 3608., 3610., 1180., 309558, 20240708213000)
 (3611., 3619., 3610., 3612., 1845., 310075, 20240708214500)
 (3610., 3612., 3609., 3612.,  439., 310231, 20240708220000)
 (3611., 3616., 3609., 3615.,  773., 310206, 20240708221500)
 (3615., 3616., 3609., 3611.,  757., 309972, 20240708223000)
 (3611., 3618., 3611., 3615.,  517., 309874, 20240708224500)
 (3615., 3617., 3611., 3613., 1370., 309699, 20240708230000)
 (3613., 3614., 3607., 3608., 1772., 310291, 20240709091500)
 (3608., 3610., 3604., 3606., 2942., 311752, 20240709093000)
 (3606., 3612., 3606., 3612., 1418., 311588, 20240709094500)
 (3612., 3612., 3605., 3610.,  803., 311790, 20240709100000)
 (3608., 3609., 3602., 3603., 1141., 312323, 20240709101500)
 (3602., 3602., 3591., 3593., 6181., 313984, 20240709104500)
 (3592., 3596., 3586., 3590., 4399., 314438, 20240709110000)
 (3592., 3607., 3590., 3601., 4178., 314652, 20240709111500)
 (3601., 3610., 3599., 3607., 1691., 314657, 20240709113000)
 (3609., 3617., 3606., 3609., 2713., 315054, 20240709134500)
 (3610., 3617., 3608., 3615., 3917., 316151, 20240709140000)
 (3616., 3621., 3612., 3614., 4192., 317690, 20240709141500)
 (3612., 3615., 3609., 3610.,  767., 317799, 20240709143000)
 (3610., 3616., 3608., 3610., 1100., 317770, 20240709144500)
 (3609., 3614., 3608., 3611., 2460., 317527, 20240709150000)]
2024-07-10 15:30:00  INFO  [(3610., 3611., 3600., 3607., 4799., 318690, 20240709211500)
 (3609., 3610., 3606., 3607., 1592., 319097, 20240709213000)
 (3606., 3607., 3603., 3605.,  981., 319536, 20240709214500)
 (3603., 3605., 3601., 3605.,  872., 319824, 20240709220000)
 (3605., 3605., 3597., 3600., 1305., 320097, 20240709221500)
 (3600., 3601., 3596., 3599.,  345., 320097, 20240709223000)
 (3598., 3602., 3598., 3598.,  741., 320211, 20240709224500)
 (3600., 3600., 3595., 3595., 1052., 320547, 20240709230000)
 (3597., 3602., 3590., 3596., 4238., 320879, 20240710091500)
 (3596., 3599., 3591., 3592., 1667., 321289, 20240710093000)
 (3592., 3603., 3590., 3602., 2403., 321642, 20240710094500)
 (3600., 3602., 3591., 3591., 1035., 321739, 20240710100000)
 (3592., 3592., 3580., 3585., 5406., 321588, 20240710101500)
 (3584., 3587., 3580., 3585., 3015., 322042, 20240710104500)
 (3584., 3596., 3583., 3585., 2672., 322478, 20240710110000)
 (3585., 3586., 3577., 3579., 1596., 323068, 20240710111500)
 (3578., 3582., 3575., 3578., 2632., 323131, 20240710113000)
 (3577., 3577., 3564., 3569., 7169., 323151, 20240710134500)
 (3570., 3574., 3564., 3573., 4005., 324073, 20240710140000)
 (3573., 3576., 3568., 3570., 2216., 324959, 20240710141500)
 (3570., 3571., 3564., 3564., 1597., 325395, 20240710143000)
 (3564., 3570., 3562., 3565., 6814., 329755, 20240710144500)
 (3564., 3569., 3561., 3562., 7443., 333946, 20240710150000)]
2024-07-11 15:30:00  INFO  [(3565., 3580., 3565., 3576., 5785., 335056, 20240710211500)
 (3576., 3580., 3573., 3574., 2759., 334781, 20240710213000)
 (3575., 3576., 3572., 3575.,  941., 334786, 20240710214500)
 (3575., 3580., 3573., 3578., 2944., 334319, 20240710220000)
 (3578., 3583., 3576., 3580., 1442., 334081, 20240710221500)
 (3580., 3582., 3575., 3581., 1870., 333640, 20240710223000)
 (3579., 3582., 3577., 3579.,  902., 333775, 20240710224500)
 (3578., 3583., 3575., 3578.,  694., 333680, 20240710230000)
 (3580., 3586., 3576., 3583., 2631., 333733, 20240711091500)
 (3583., 3583., 3573., 3575.,  913., 334005, 20240711093000)
 (3575., 3575., 3565., 3569., 1475., 334336, 20240711094500)
 (3570., 3570., 3566., 3570., 1609., 333947, 20240711100000)
 (3570., 3590., 3568., 3589., 4775., 334205, 20240711101500)
 (3589., 3597., 3587., 3593., 4667., 334981, 20240711104500)
 (3594., 3597., 3587., 3591., 4600., 336914, 20240711110000)
 (3592., 3598., 3588., 3597., 5094., 338014, 20240711111500)
 (3598., 3610., 3595., 3608., 6887., 338796, 20240711113000)
 (3609., 3620., 3603., 3608., 7735., 339418, 20240711134500)
 (3608., 3608., 3602., 3605., 2358., 340588, 20240711140000)
 (3603., 3606., 3600., 3601., 2483., 341071, 20240711141500)
 (3603., 3603., 3590., 3590., 3217., 342526, 20240711143000)
 (3589., 3599., 3586., 3595., 3248., 342513, 20240711144500)
 (3595., 3599., 3592., 3594., 2667., 342349, 20240711150000)]
2024-07-12 15:30:00  INFO  [(3606., 3606., 3597., 3597., 3099., 342480, 20240711211500)
 (3595., 3597., 3588., 3591., 2431., 342053, 20240711213000)
 (3591., 3596., 3583., 3593., 4961., 341629, 20240711214500)
 (3593., 3598., 3592., 3597., 1376., 342345, 20240711220000)
 (3596., 3600., 3595., 3598., 1052., 342439, 20240711221500)
 (3598., 3598., 3592., 3592.,  857., 342750, 20240711223000)
 (3592., 3598., 3591., 3595.,  506., 342909, 20240711224500)
 (3595., 3597., 3591., 3591., 1001., 343010, 20240711230000)
 (3592., 3598., 3591., 3597., 1921., 343393, 20240712091500)
 (3595., 3597., 3588., 3591., 1926., 344511, 20240712093000)
 (3591., 3594., 3588., 3593., 1779., 344595, 20240712094500)
 (3593., 3600., 3590., 3598., 3464., 343888, 20240712100000)
 (3598., 3606., 3598., 3600., 1845., 344196, 20240712101500)
 (3602., 3605., 3595., 3605., 1687., 344714, 20240712104500)
 (3603., 3604., 3599., 3601.,  856., 344720, 20240712110000)
 (3601., 3606., 3599., 3604., 1074., 344702, 20240712111500)
 (3603., 3608., 3599., 3601., 1589., 344625, 20240712113000)
 (3603., 3603., 3593., 3600., 1065., 344561, 20240712134500)
 (3600., 3604., 3598., 3598., 1295., 344578, 20240712140000)
 (3598., 3602., 3593., 3599.,  942., 344146, 20240712141500)
 (3599., 3604., 3598., 3599., 1262., 344608, 20240712143000)
 (3599., 3603., 3595., 3603., 1261., 344751, 20240712144500)
 (3600., 3603., 3596., 3600., 2073., 344544, 20240712150000)]
2024-07-15 15:30:00  INFO  [(3600., 3601., 3592., 3595.,  2782., 344320, 20240712211500)
 (3595., 3597., 3586., 3589.,  3148., 345462, 20240712213000)
 (3589., 3592., 3587., 3591.,  1416., 345884, 20240712214500)
 (3590., 3592., 3585., 3585.,  1714., 346065, 20240712220000)
 (3587., 3591., 3585., 3588.,  1741., 346847, 20240712221500)
 (3588., 3590., 3577., 3577.,  2361., 346884, 20240712223000)
 (3577., 3595., 3568., 3591.,  4419., 347085, 20240712224500)
 (3592., 3617., 3591., 3616.,  7643., 348569, 20240712230000)
 (3617., 3618., 3596., 3601., 10653., 347960, 20240715091500)
 (3600., 3608., 3599., 3608.,  4703., 347708, 20240715093000)
 (3608., 3629., 3600., 3628., 14088., 345348, 20240715094500)
 (3626., 3636., 3622., 3633.,  9476., 344147, 20240715100000)
 (3633., 3640., 3631., 3638.,  6873., 343205, 20240715101500)
 (3636., 3640., 3633., 3636.,  3265., 343568, 20240715104500)
 (3638., 3638., 3631., 3631.,  1967., 343515, 20240715110000)
 (3630., 3633., 3625., 3628.,  3184., 344280, 20240715111500)
 (3628., 3632., 3627., 3627.,  1896., 344130, 20240715113000)
 (3627., 3630., 3611., 3612.,  4716., 343505, 20240715134500)
 (3612., 3621., 3610., 3618.,  1219., 343436, 20240715140000)
 (3618., 3620., 3614., 3618.,  1296., 343442, 20240715141500)
 (3618., 3620., 3614., 3618.,  1008., 343567, 20240715143000)
 (3620., 3620., 3614., 3618.,   979., 343927, 20240715144500)
 (3617., 3620., 3612., 3620.,  2183., 343432, 20240715150000)]
2024-07-16 15:30:00  INFO  [(3615., 3618., 3608., 3611., 3014., 343629, 20240715211500)
 (3611., 3617., 3609., 3615.,  910., 343807, 20240715213000)
 (3617., 3617., 3606., 3607., 1029., 344011, 20240715214500)
 (3607., 3608., 3601., 3602., 5010., 345495, 20240715220000)
 (3601., 3602., 3597., 3597., 3547., 344325, 20240715221500)
 (3596., 3602., 3596., 3601., 1973., 343661, 20240715223000)
 (3602., 3603., 3599., 3601., 1768., 342820, 20240715224500)
 (3601., 3603., 3596., 3601., 1578., 342273, 20240715230000)
 (3601., 3604., 3595., 3598., 2830., 343098, 20240716091500)
 (3599., 3602., 3588., 3590., 8134., 342070, 20240716093000)
 (3590., 3599., 3589., 3596., 9271., 340004, 20240716094500)
 (3594., 3602., 3594., 3600., 2893., 339912, 20240716100000)
 (3600., 3601., 3594., 3600.,  895., 339908, 20240716101500)
 (3600., 3605., 3595., 3603., 1625., 339797, 20240716104500)
 (3603., 3609., 3601., 3601., 3371., 338994, 20240716110000)
 (3600., 3605., 3597., 3601., 1781., 338797, 20240716111500)
 (3603., 3608., 3596., 3608., 1620., 338532, 20240716113000)
 (3608., 3615., 3603., 3612., 4402., 337277, 20240716134500)
 (3612., 3615., 3607., 3614., 1012., 337468, 20240716140000)
 (3615., 3618., 3611., 3616., 1385., 337428, 20240716141500)
 (3618., 3618., 3610., 3611., 1629., 337301, 20240716143000)
 (3610., 3611., 3601., 3604., 2326., 336897, 20240716144500)
 (3602., 3610., 3597., 3610., 3234., 336770, 20240716150000)]
2024-07-17 15:30:00  INFO  [(3606., 3616., 3600., 3614., 6688., 338391, 20240716211500)
 (3612., 3615., 3609., 3610., 4037., 339797, 20240716213000)
 (3610., 3617., 3608., 3614., 1774., 340244, 20240716214500)
 (3614., 3627., 3613., 3620., 3503., 339856, 20240716220000)
 (3620., 3627., 3617., 3618., 3030., 338869, 20240716221500)
 (3619., 3622., 3617., 3617.,  820., 338963, 20240716223000)
 (3617., 3623., 3617., 3619., 1386., 339023, 20240716224500)
 (3620., 3625., 3619., 3622., 2107., 338157, 20240716230000)
 (3622., 3624., 3619., 3619., 1005., 338212, 20240717091500)
 (3620., 3624., 3617., 3618., 1463., 338081, 20240717093000)
 (3618., 3623., 3616., 3616., 1218., 338399, 20240717094500)
 (3616., 3618., 3611., 3616., 2146., 338516, 20240717100000)
 (3617., 3622., 3614., 3621., 1084., 338857, 20240717101500)
 (3622., 3624., 3618., 3620., 2127., 339841, 20240717104500)
 (3620., 3624., 3614., 3615., 2282., 339961, 20240717110000)
 (3616., 3617., 3612., 3614., 1518., 340057, 20240717111500)
 (3614., 3615., 3611., 3613., 1276., 340365, 20240717113000)
 (3613., 3613., 3591., 3593., 7780., 342267, 20240717134500)
 (3592., 3603., 3587., 3589., 5465., 344306, 20240717140000)
 (3589., 3590., 3579., 3580., 4875., 345569, 20240717141500)
 (3579., 3581., 3567., 3572., 6329., 347232, 20240717143000)
 (3572., 3588., 3570., 3575., 6337., 348400, 20240717144500)
 (3575., 3580., 3568., 3572., 6601., 350525, 20240717150000)]
2024-07-18 15:30:00  INFO  [(3555., 3568., 3555., 3566.,  8434., 353651, 20240717211500)
 (3564., 3568., 3561., 3566.,  4403., 355577, 20240717213000)
 (3566., 3570., 3562., 3562.,  5322., 358003, 20240717214500)
 (3562., 3566., 3559., 3561.,  3405., 358574, 20240717220000)
 (3560., 3561., 3551., 3553.,  4009., 359053, 20240717221500)
 (3552., 3563., 3550., 3560.,  2594., 359586, 20240717223000)
 (3558., 3562., 3557., 3560.,  1268., 359756, 20240717224500)
 (3561., 3561., 3554., 3554.,  1180., 359816, 20240717230000)
 (3554., 3558., 3550., 3556.,  5032., 362016, 20240718091500)
 (3556., 3556., 3547., 3550.,  1655., 362648, 20240718093000)
 (3550., 3552., 3545., 3549.,  2939., 363919, 20240718094500)
 (3549., 3556., 3538., 3553.,  4217., 364680, 20240718100000)
 (3553., 3554., 3546., 3548.,   864., 364724, 20240718101500)
 (3548., 3549., 3541., 3544.,  2376., 365531, 20240718104500)
 (3542., 3550., 3540., 3545.,  1731., 365820, 20240718110000)
 (3545., 3553., 3544., 3549.,  2569., 366605, 20240718111500)
 (3549., 3553., 3543., 3552.,  2758., 367617, 20240718113000)
 (3557., 3570., 3554., 3564., 10536., 370144, 20240718134500)
 (3565., 3566., 3556., 3558.,  3300., 371865, 20240718140000)
 (3559., 3564., 3550., 3563.,  3158., 372822, 20240718141500)
 (3563., 3568., 3558., 3567.,  5032., 374986, 20240718143000)
 (3566., 3572., 3564., 3567.,  2704., 374871, 20240718144500)
 (3568., 3575., 3561., 3569.,  8499., 375512, 20240718150000)]
2024-07-19 15:30:00  INFO  [(3560., 3564., 3553., 3556.,  4092., 375439, 20240718211500)
 (3555., 3564., 3555., 3561.,  3193., 375090, 20240718213000)
 (3561., 3563., 3558., 3559.,   843., 375085, 20240718214500)
 (3559., 3563., 3557., 3560.,  1236., 375069, 20240718220000)
 (3561., 3563., 3559., 3560.,   810., 374876, 20240718221500)
 (3560., 3563., 3558., 3559.,   361., 375016, 20240718223000)
 (3557., 3561., 3551., 3555.,  1338., 375351, 20240718224500)
 (3555., 3566., 3555., 3564.,  1564., 375627, 20240718230000)
 (3564., 3565., 3552., 3558.,  2307., 376079, 20240719091500)
 (3558., 3560., 3541., 3545.,  6934., 377908, 20240719093000)
 (3547., 3551., 3540., 3549.,  4819., 379509, 20240719094500)
 (3549., 3550., 3539., 3542.,  2805., 380787, 20240719100000)
 (3542., 3557., 3541., 3552.,  3580., 380599, 20240719101500)
 (3552., 3552., 3543., 3549.,  3006., 381767, 20240719104500)
 (3549., 3552., 3547., 3549.,  1812., 382668, 20240719110000)
 (3550., 3550., 3546., 3550.,  1338., 383266, 20240719111500)
 (3550., 3557., 3549., 3553.,  1946., 383374, 20240719113000)
 (3554., 3554., 3541., 3545.,  2856., 383975, 20240719134500)
 (3544., 3545., 3534., 3535.,  3496., 384668, 20240719140000)
 (3535., 3542., 3530., 3536., 10051., 384186, 20240719141500)
 (3535., 3551., 3535., 3548.,  6626., 384569, 20240719143000)
 (3548., 3549., 3541., 3542.,  1095., 384556, 20240719144500)
 (3543., 3556., 3542., 3551.,  4653., 384164, 20240719150000)]
2024-07-22 15:30:00  INFO  [(3551., 3555., 3542., 3542., 3852., 384842, 20240719211500)
 (3544., 3545., 3540., 3540., 1241., 384702, 20240719213000)
 (3540., 3548., 3540., 3546.,  725., 384502, 20240719214500)
 (3544., 3549., 3543., 3547.,  285., 384494, 20240719220000)
 (3547., 3549., 3545., 3545.,  223., 384469, 20240719221500)
 (3545., 3549., 3545., 3549.,  518., 384549, 20240719223000)
 (3549., 3554., 3543., 3548., 2717., 383999, 20240719224500)
 (3548., 3550., 3542., 3547., 1225., 384076, 20240719230000)
 (3549., 3552., 3523., 3525., 9241., 383848, 20240722091500)
 (3525., 3532., 3519., 3530., 4937., 384565, 20240722093000)
 (3530., 3532., 3520., 3525., 3477., 385374, 20240722094500)
 (3526., 3527., 3521., 3525., 2230., 386610, 20240722100000)
 (3525., 3530., 3521., 3523., 2257., 386472, 20240722101500)
 (3523., 3531., 3523., 3525., 2333., 386689, 20240722104500)
 (3525., 3551., 3525., 3544., 9364., 385844, 20240722110000)
 (3544., 3550., 3540., 3547., 4673., 386455, 20240722111500)
 (3545., 3549., 3533., 3535., 3784., 387973, 20240722113000)
 (3533., 3534., 3528., 3531., 3417., 388570, 20240722134500)
 (3531., 3531., 3526., 3529., 1723., 388279, 20240722140000)
 (3529., 3532., 3526., 3527., 1566., 388698, 20240722141500)
 (3527., 3531., 3525., 3527., 1290., 388938, 20240722143000)
 (3528., 3532., 3526., 3528., 1149., 389394, 20240722144500)
 (3528., 3531., 3523., 3524., 4097., 390641, 20240722150000)]
2024-07-23 15:30:00  INFO  [(3523., 3533., 3520., 3526.,  6948., 390573, 20240722211500)
 (3525., 3530., 3522., 3525.,  2113., 391125, 20240722213000)
 (3525., 3529., 3523., 3525.,  1039., 391153, 20240722214500)
 (3525., 3526., 3522., 3525.,   850., 391274, 20240722220000)
 (3524., 3528., 3524., 3525.,   922., 391596, 20240722221500)
 (3526., 3529., 3522., 3526.,  1718., 392385, 20240722223000)
 (3523., 3525., 3521., 3524.,   466., 392213, 20240722224500)
 (3523., 3526., 3520., 3522.,  1378., 392419, 20240722230000)
 (3522., 3531., 3522., 3531.,  1457., 392197, 20240723091500)
 (3531., 3537., 3529., 3531.,  2079., 392715, 20240723093000)
 (3533., 3534., 3528., 3528.,   931., 392681, 20240723094500)
 (3529., 3530., 3525., 3525.,   779., 392559, 20240723100000)
 (3524., 3526., 3512., 3513.,  4788., 393043, 20240723101500)
 (3513., 3513., 3503., 3504.,  8757., 394885, 20240723104500)
 (3503., 3506., 3485., 3492., 12063., 399644, 20240723110000)
 (3492., 3494., 3488., 3493.,  4842., 400854, 20240723111500)
 (3493., 3500., 3490., 3495.,  3256., 400765, 20240723113000)
 (3494., 3494., 3485., 3490.,  5312., 402373, 20240723134500)
 (3489., 3495., 3488., 3491.,  4538., 403492, 20240723140000)
 (3489., 3491., 3484., 3484.,  2075., 403838, 20240723141500)
 (3484., 3486., 3482., 3483.,  6236., 403750, 20240723143000)
 (3483., 3484., 3474., 3478.,  7777., 403674, 20240723144500)
 (3478., 3479., 3465., 3470., 15198., 404999, 20240723150000)]
2024-07-24 15:30:00  INFO  [(3480., 3486., 3472., 3479., 12935., 403024, 20240723211500)
 (3480., 3481., 3473., 3476.,  2103., 403387, 20240723213000)
 (3475., 3477., 3468., 3477.,  2400., 404345, 20240723214500)
 (3477., 3480., 3475., 3477.,  1161., 404414, 20240723220000)
 (3479., 3480., 3477., 3479.,  1787., 405139, 20240723221500)
 (3480., 3482., 3476., 3481.,  1230., 405314, 20240723223000)
 (3481., 3487., 3479., 3482.,  1732., 405138, 20240723224500)
 (3482., 3485., 3480., 3481.,  1142., 404812, 20240723230000)
 (3484., 3487., 3470., 3477.,  3545., 405740, 20240724091500)
 (3476., 3479., 3473., 3477.,  2943., 406883, 20240724093000)
 (3477., 3484., 3474., 3478.,  4482., 408602, 20240724094500)
 (3477., 3478., 3472., 3473.,  1304., 408737, 20240724100000)
 (3472., 3476., 3468., 3475.,  4991., 408489, 20240724101500)
 (3474., 3474., 3466., 3468.,  3007., 409542, 20240724104500)
 (3468., 3471., 3460., 3465.,  4459., 410693, 20240724110000)
 (3467., 3478., 3463., 3467.,  3113., 411752, 20240724111500)
 (3469., 3476., 3464., 3473.,  3828., 413233, 20240724113000)
 (3473., 3473., 3459., 3463.,  6988., 414304, 20240724134500)
 (3464., 3468., 3459., 3468.,  2565., 414627, 20240724140000)
 (3468., 3476., 3467., 3473.,  3346., 414748, 20240724141500)
 (3474., 3480., 3470., 3471.,  4182., 415383, 20240724143000)
 (3470., 3473., 3465., 3469.,  4157., 417445, 20240724144500)
 (3469., 3471., 3462., 3467.,  3253., 418112, 20240724150000)]
2024-07-25 15:30:00  INFO  [(3468., 3477., 3463., 3464.,  6287., 419316, 20240724211500)
 (3465., 3468., 3461., 3465.,  3540., 420849, 20240724213000)
 (3465., 3469., 3462., 3465.,  1198., 421242, 20240724214500)
 (3465., 3467., 3459., 3459.,  2396., 421553, 20240724220000)
 (3459., 3466., 3459., 3460.,  2847., 421986, 20240724221500)
 (3460., 3460., 3452., 3456.,  3403., 422773, 20240724223000)
 (3456., 3458., 3446., 3446.,  8565., 424957, 20240724224500)
 (3446., 3454., 3442., 3448.,  8138., 424604, 20240724230000)
 (3444., 3444., 3419., 3429., 18611., 427242, 20240725091500)
 (3429., 3430., 3415., 3426.,  5814., 428526, 20240725093000)
 (3425., 3437., 3425., 3431.,  6764., 428232, 20240725094500)
 (3431., 3436., 3427., 3428.,  5042., 428901, 20240725100000)
 (3429., 3432., 3421., 3427.,  2832., 429286, 20240725101500)
 (3426., 3427., 3418., 3425.,  3472., 430648, 20240725104500)
 (3425., 3428., 3419., 3426.,  2197., 431290, 20240725110000)
 (3426., 3429., 3424., 3425.,  2010., 431911, 20240725111500)
 (3426., 3437., 3425., 3430.,  2298., 432306, 20240725113000)
 (3427., 3435., 3420., 3430.,  3621., 433700, 20240725134500)
 (3429., 3431., 3423., 3423.,  2166., 433992, 20240725140000)
 (3423., 3430., 3422., 3423.,  4221., 436871, 20240725141500)
 (3424., 3426., 3420., 3424.,  2772., 437404, 20240725143000)
 (3424., 3425., 3407., 3413.,  9338., 440381, 20240725144500)
 (3412., 3418., 3400., 3414., 17505., 441886, 20240725150000)]
2024-07-26 15:30:00  INFO  [(3426., 3464., 3417., 3457., 24452., 438147, 20240725211500)
 (3458., 3462., 3450., 3454.,  6469., 437694, 20240725213000)
 (3454., 3461., 3453., 3460.,  2620., 437654, 20240725214500)
 (3458., 3464., 3458., 3462.,  4765., 438117, 20240725220000)
 (3462., 3471., 3459., 3460.,  5152., 438135, 20240725221500)
 (3460., 3469., 3459., 3465.,  2813., 437356, 20240725223000)
 (3466., 3478., 3464., 3473.,  6432., 436058, 20240725224500)
 (3473., 3488., 3472., 3474.,  7149., 434141, 20240725230000)
 (3480., 3480., 3462., 3465.,  6670., 434973, 20240726091500)
 (3467., 3476., 3465., 3471.,  3974., 434959, 20240726093000)
 (3473., 3477., 3468., 3474.,  2122., 435670, 20240726094500)
 (3475., 3481., 3471., 3479.,  5833., 434347, 20240726100000)
 (3478., 3480., 3465., 3465.,  3132., 435097, 20240726101500)
 (3464., 3466., 3458., 3465.,  5888., 435242, 20240726104500)
 (3466., 3469., 3460., 3466.,  2195., 435443, 20240726110000)
 (3465., 3468., 3463., 3466.,  2439., 435459, 20240726111500)
 (3466., 3472., 3464., 3465.,  2126., 435669, 20240726113000)
 (3464., 3470., 3464., 3468.,  1038., 435435, 20240726134500)
 (3468., 3472., 3465., 3471.,  3205., 436924, 20240726140000)
 (3471., 3475., 3468., 3470.,  1077., 436917, 20240726141500)
 (3470., 3470., 3461., 3466.,  4413., 437083, 20240726143000)
 (3468., 3468., 3452., 3453.,  6371., 436911, 20240726144500)
 (3452., 3463., 3448., 3458.,  8352., 436295, 20240726150000)]
2024-07-29 15:30:00  INFO  [(3456., 3460., 3441., 3449., 8045., 438247, 20240726211500)
 (3449., 3458., 3446., 3455., 3476., 439181, 20240726213000)
 (3454., 3456., 3451., 3455., 1752., 439340, 20240726214500)
 (3454., 3456., 3444., 3450., 1725., 439690, 20240726220000)
 (3450., 3451., 3446., 3448., 1299., 439557, 20240726221500)
 (3449., 3450., 3446., 3447., 1067., 439816, 20240726223000)
 (3449., 3451., 3436., 3450., 5364., 440265, 20240726224500)
 (3450., 3455., 3446., 3453., 4860., 440561, 20240726230000)
 (3446., 3454., 3428., 3451., 9499., 442275, 20240729091500)
 (3451., 3455., 3438., 3441., 4339., 443581, 20240729093000)
 (3439., 3440., 3433., 3438., 7361., 444293, 20240729094500)
 (3436., 3444., 3430., 3444., 4009., 445523, 20240729100000)
 (3444., 3450., 3440., 3449., 3752., 446480, 20240729101500)
 (3448., 3452., 3442., 3447., 3904., 447086, 20240729104500)
 (3447., 3449., 3442., 3449., 1815., 447461, 20240729110000)
 (3447., 3449., 3443., 3444., 1757., 447967, 20240729111500)
 (3443., 3453., 3436., 3448., 4811., 450220, 20240729113000)
 (3448., 3457., 3446., 3455., 4511., 450784, 20240729134500)
 (3455., 3465., 3451., 3454., 6219., 451547, 20240729140000)
 (3454., 3461., 3452., 3459., 3043., 451480, 20240729141500)
 (3459., 3463., 3450., 3454., 3674., 450514, 20240729143000)
 (3454., 3456., 3448., 3449., 2518., 450353, 20240729144500)
 (3448., 3455., 3436., 3448., 7062., 450543, 20240729150000)]
2024-07-30 15:30:00  INFO  [(3449., 3485., 3449., 3461., 16943., 451848, 20240729211500)
 (3461., 3464., 3452., 3453.,  5311., 453764, 20240729213000)
 (3453., 3454., 3440., 3443.,  8277., 456001, 20240729214500)
 (3444., 3446., 3435., 3442.,  5829., 458352, 20240729220000)
 (3442., 3444., 3439., 3443.,  2638., 458589, 20240729221500)
 (3444., 3454., 3439., 3446.,  3167., 459035, 20240729223000)
 (3446., 3450., 3443., 3445.,  3070., 459605, 20240729224500)
 (3446., 3448., 3438., 3440.,  2994., 460871, 20240729230000)
 (3442., 3446., 3436., 3440.,  6374., 463117, 20240730091500)
 (3440., 3441., 3432., 3436.,  5148., 464848, 20240730093000)
 (3436., 3439., 3422., 3424.,  7074., 466430, 20240730094500)
 (3423., 3432., 3418., 3427.,  6279., 468527, 20240730100000)
 (3427., 3430., 3419., 3423.,  5487., 469685, 20240730101500)
 (3422., 3430., 3419., 3425.,  9883., 474503, 20240730104500)
 (3426., 3433., 3412., 3417.,  7346., 476088, 20240730110000)
 (3417., 3418., 3407., 3411.,  8069., 478428, 20240730111500)
 (3412., 3414., 3401., 3409.,  7644., 481108, 20240730113000)
 (3408., 3409., 3392., 3403., 17300., 485439, 20240730134500)
 (3403., 3404., 3395., 3401.,  8401., 489149, 20240730140000)
 (3401., 3408., 3398., 3402.,  9247., 491482, 20240730141500)
 (3402., 3402., 3384., 3394., 15488., 492820, 20240730143000)
 (3394., 3396., 3383., 3383., 11269., 497745, 20240730144500)
 (3383., 3385., 3372., 3379., 15289., 501663, 20240730150000)]
2024-07-31 15:30:00  INFO  [(3369., 3375., 3364., 3369., 16222., 506357, 20240730211500)
 (3369., 3370., 3356., 3361.,  9474., 510236, 20240730213000)
 (3360., 3367., 3359., 3363.,  4451., 510537, 20240730214500)
 (3363., 3363., 3350., 3352.,  9323., 512822, 20240730220000)
 (3352., 3360., 3345., 3356., 10512., 514359, 20240730221500)
 (3356., 3391., 3354., 3390., 18233., 515074, 20240730223000)
 (3390., 3410., 3390., 3396., 25200., 515169, 20240730224500)
 (3397., 3400., 3381., 3393.,  9880., 514321, 20240730230000)
 (3395., 3401., 3389., 3393.,  6266., 514574, 20240731091500)
 (3393., 3400., 3388., 3397.,  3826., 514637, 20240731093000)
 (3397., 3407., 3388., 3403.,  9826., 513165, 20240731094500)
 (3403., 3416., 3401., 3415., 14803., 513448, 20240731100000)
 (3415., 3416., 3404., 3409.,  8575., 514036, 20240731101500)
 (3409., 3427., 3409., 3423., 13908., 515947, 20240731104500)
 (3424., 3425., 3413., 3415.,  7073., 517525, 20240731110000)
 (3415., 3418., 3409., 3412.,  5111., 517501, 20240731111500)
 (3413., 3415., 3409., 3412.,  5262., 518558, 20240731113000)
 (3411., 3418., 3398., 3398., 12664., 520411, 20240731134500)
 (3398., 3404., 3396., 3403.,  3788., 521511, 20240731140000)
 (3402., 3403., 3395., 3396.,  4758., 521242, 20240731141500)
 (3396., 3399., 3390., 3393.,  6015., 521682, 20240731143000)
 (3393., 3403., 3393., 3397.,  4231., 522099, 20240731144500)
 (3398., 3402., 3395., 3397.,  6488., 521560, 20240731150000)]
2024-08-01 15:30:00  INFO  [(3397., 3417., 3397., 3405., 14672., 523810, 20240731211500)
 (3406., 3413., 3403., 3413.,  6904., 525641, 20240731213000)
 (3412., 3428., 3412., 3425., 16440., 525930, 20240731214500)
 (3425., 3438., 3424., 3431., 13160., 527358, 20240731220000)
 (3431., 3435., 3428., 3431.,  4452., 527753, 20240731221500)
 (3432., 3440., 3428., 3435.,  4945., 527043, 20240731223000)
 (3434., 3440., 3434., 3438.,  3930., 527523, 20240731224500)
 (3437., 3441., 3434., 3435.,  3880., 526042, 20240731230000)
 (3438., 3454., 3437., 3437., 16503., 525699, 20240801091500)
 (3437., 3438., 3431., 3431.,  7063., 526017, 20240801093000)
 (3431., 3434., 3427., 3429.,  4862., 527032, 20240801094500)
 (3429., 3431., 3423., 3426.,  6114., 528747, 20240801100000)
 (3427., 3428., 3420., 3424.,  5817., 528797, 20240801101500)
 (3423., 3425., 3418., 3422.,  5122., 528885, 20240801104500)
 (3422., 3423., 3417., 3417.,  8084., 530323, 20240801110000)
 (3417., 3419., 3413., 3416.,  5736., 531148, 20240801111500)
 (3417., 3419., 3404., 3418., 10150., 531811, 20240801113000)
 (3418., 3430., 3415., 3430., 12004., 531503, 20240801134500)
 (3430., 3432., 3422., 3431., 12328., 530856, 20240801140000)
 (3430., 3433., 3425., 3426., 19331., 528904, 20240801141500)
 (3425., 3437., 3424., 3430., 13639., 529540, 20240801143000)
 (3430., 3433., 3423., 3426.,  6251., 531017, 20240801144500)
 (3426., 3446., 3426., 3444., 14851., 533247, 20240801150000)]
2024-08-02 15:30:00  INFO  [(3444., 3444., 3417., 3430., 20669., 532913, 20240801211500)
 (3430., 3447., 3428., 3439., 11421., 532711, 20240801213000)
 (3439., 3446., 3436., 3437.,  3602., 532560, 20240801214500)
 (3437., 3448., 3434., 3441.,  3686., 532174, 20240801220000)
 (3442., 3443., 3434., 3439.,  4321., 532025, 20240801221500)
 (3439., 3440., 3432., 3434.,  2522., 532183, 20240801223000)
 (3434., 3438., 3430., 3432.,  2368., 532092, 20240801224500)
 (3432., 3435., 3425., 3428.,  6088., 531196, 20240801230000)
 (3420., 3425., 3410., 3423., 14968., 533971, 20240802091500)
 (3424., 3429., 3416., 3418.,  5219., 535513, 20240802093000)
 (3418., 3428., 3415., 3427.,  5112., 535657, 20240802094500)
 (3427., 3434., 3427., 3432.,  4539., 536131, 20240802100000)
 (3433., 3440., 3431., 3433.,  7215., 534946, 20240802101500)
 (3435., 3435., 3425., 3429.,  4370., 534424, 20240802104500)
 (3429., 3437., 3425., 3432.,  2528., 535045, 20240802110000)
 (3432., 3439., 3432., 3436.,  3149., 535076, 20240802111500)
 (3437., 3443., 3433., 3441.,  4868., 534572, 20240802113000)
 (3441., 3457., 3441., 3448., 16383., 533065, 20240802134500)
 (3448., 3460., 3447., 3452.,  9282., 534852, 20240802140000)
 (3452., 3465., 3452., 3463.,  9540., 534779, 20240802141500)
 (3463., 3468., 3457., 3458., 10340., 532539, 20240802143000)
 (3459., 3469., 3458., 3460.,  7412., 533283, 20240802144500)
 (3460., 3470., 3458., 3470., 11824., 531759, 20240802150000)]
2024-08-05 15:30:00  INFO  [(3470., 3473., 3458., 3465., 14786., 534349, 20240802211500)
 (3465., 3475., 3460., 3467.,  6819., 535130, 20240802213000)
 (3467., 3468., 3463., 3464.,  2462., 534996, 20240802214500)
 (3464., 3468., 3462., 3463.,  1988., 534657, 20240802220000)
 (3463., 3465., 3457., 3461.,  3516., 535156, 20240802221500)
 (3461., 3464., 3455., 3457.,  2504., 535080, 20240802223000)
 (3457., 3457., 3449., 3455.,  4862., 534579, 20240802224500)
 (3454., 3454., 3441., 3445.,  9561., 535785, 20240802230000)
 (3441., 3454., 3432., 3451., 20120., 537050, 20240805091500)
 (3450., 3461., 3449., 3460., 11513., 540997, 20240805093000)
 (3460., 3466., 3458., 3458.,  7920., 542402, 20240805094500)
 (3459., 3465., 3455., 3457.,  6051., 543983, 20240805100000)
 (3455., 3457., 3449., 3451.,  5142., 544444, 20240805101500)
 (3451., 3460., 3449., 3458.,  5092., 545731, 20240805104500)
 (3458., 3466., 3457., 3462.,  6401., 544447, 20240805110000)
 (3463., 3469., 3461., 3465.,  5552., 543966, 20240805111500)
 (3465., 3486., 3465., 3481., 13598., 543689, 20240805113000)
 (3474., 3476., 3457., 3467., 22599., 543002, 20240805134500)
 (3468., 3472., 3455., 3461.,  7148., 543862, 20240805140000)
 (3460., 3468., 3456., 3467.,  4812., 544057, 20240805141500)
 (3467., 3474., 3462., 3468.,  5213., 544270, 20240805143000)
 (3468., 3472., 3459., 3462.,  5181., 543984, 20240805144500)
 (3462., 3466., 3458., 3466.,  5695., 544595, 20240805150000)]
2024-08-06 15:30:00  INFO  [(3450., 3460., 3436., 3452., 20897., 546155, 20240805211500)
 (3452., 3458., 3448., 3450.,  9911., 545795, 20240805213000)
 (3450., 3460., 3450., 3456.,  6719., 547519, 20240805214500)
 (3456., 3464., 3455., 3459.,  6173., 548770, 20240805220000)
 (3459., 3465., 3458., 3460.,  4131., 548774, 20240805221500)
 (3460., 3462., 3457., 3458.,  1960., 548919, 20240805223000)
 (3458., 3462., 3455., 3459.,  2539., 548736, 20240805224500)
 (3460., 3460., 3452., 3456.,  2816., 548552, 20240805230000)
 (3457., 3473., 3457., 3461., 15394., 551039, 20240806091500)
 (3462., 3463., 3451., 3458.,  8068., 551515, 20240806093000)
 (3458., 3460., 3451., 3451.,  6576., 553580, 20240806094500)
 (3451., 3462., 3450., 3457.,  5642., 554684, 20240806100000)
 (3458., 3461., 3447., 3447.,  4364., 555127, 20240806101500)
 (3447., 3450., 3442., 3445.,  9825., 557281, 20240806104500)
 (3445., 3450., 3441., 3441.,  6163., 557561, 20240806110000)
 (3441., 3446., 3421., 3422., 20866., 559550, 20240806111500)
 (3423., 3427., 3414., 3419., 28580., 565960, 20240806113000)
 (3418., 3422., 3412., 3419., 19547., 566147, 20240806134500)
 (3419., 3422., 3406., 3413., 13917., 567737, 20240806140000)
 (3412., 3417., 3410., 3413.,  6872., 569508, 20240806141500)
 (3412., 3426., 3407., 3422., 12992., 571088, 20240806143000)
 (3421., 3432., 3413., 3415., 12417., 571659, 20240806144500)
 (3415., 3418., 3410., 3414., 12398., 575158, 20240806150000)]
2024-08-07 15:30:00  INFO  [(3414., 3422., 3410., 3418., 14347., 577482, 20240806211500)
 (3418., 3419., 3411., 3415.,  6770., 577935, 20240806213000)
 (3414., 3418., 3412., 3415.,  4492., 579292, 20240806214500)
 (3416., 3418., 3415., 3416.,  1601., 579677, 20240806220000)
 (3416., 3428., 3415., 3424.,  9770., 580172, 20240806221500)
 (3425., 3426., 3420., 3423.,  3514., 579314, 20240806223000)
 (3423., 3423., 3416., 3422.,  4008., 578061, 20240806224500)
 (3421., 3426., 3419., 3424.,  4610., 577760, 20240806230000)
 (3424., 3424., 3416., 3423.,  7544., 579675, 20240807091500)
 (3423., 3427., 3420., 3425.,  5338., 580663, 20240807093000)
 (3426., 3428., 3417., 3422.,  4372., 581495, 20240807094500)
 (3423., 3438., 3423., 3437., 12117., 582980, 20240807100000)
 (3437., 3437., 3430., 3435.,  5039., 582916, 20240807101500)
 (3435., 3438., 3432., 3433.,  4049., 582789, 20240807104500)
 (3435., 3437., 3426., 3427.,  5143., 582427, 20240807110000)
 (3429., 3431., 3425., 3425.,  3697., 582043, 20240807111500)
 (3426., 3429., 3418., 3418.,  6613., 582674, 20240807113000)
 (3417., 3426., 3410., 3414., 16110., 586181, 20240807134500)
 (3413., 3418., 3411., 3413.,  6297., 587769, 20240807140000)
 (3413., 3420., 3411., 3416.,  5290., 588362, 20240807141500)
 (3415., 3421., 3413., 3416.,  2966., 588483, 20240807143000)
 (3416., 3416., 3410., 3410.,  7058., 590564, 20240807144500)
 (3410., 3415., 3406., 3410., 12845., 591846, 20240807150000)]
2024-08-08 15:30:00  INFO  [(3417., 3419., 3411., 3415., 10008., 590637, 20240807211500)
 (3414., 3417., 3412., 3416.,  3111., 591241, 20240807213000)
 (3417., 3423., 3413., 3423.,  9170., 590867, 20240807214500)
 (3422., 3427., 3418., 3418.,  7747., 590824, 20240807220000)
 (3419., 3420., 3415., 3416.,  3250., 591063, 20240807221500)
 (3415., 3421., 3414., 3419.,  2404., 591639, 20240807223000)
 (3420., 3424., 3416., 3423.,  2205., 591887, 20240807224500)
 (3423., 3424., 3420., 3421.,  3582., 591539, 20240807230000)
 (3427., 3427., 3412., 3413.,  8879., 592675, 20240808091500)
 (3412., 3420., 3412., 3416.,  4211., 592872, 20240808093000)
 (3416., 3418., 3403., 3403., 11441., 594525, 20240808094500)
 (3403., 3404., 3394., 3397., 19112., 598641, 20240808100000)
 (3396., 3398., 3385., 3393., 15123., 602151, 20240808101500)
 (3395., 3396., 3386., 3391., 10751., 602552, 20240808104500)
 (3390., 3402., 3388., 3398.,  9606., 604839, 20240808110000)
 (3398., 3405., 3396., 3401.,  5225., 605623, 20240808111500)
 (3402., 3402., 3386., 3386.,  6179., 607384, 20240808113000)
 (3386., 3386., 3367., 3371., 27614., 611308, 20240808134500)
 (3370., 3378., 3369., 3377.,  9985., 612212, 20240808140000)
 (3377., 3377., 3366., 3367.,  8770., 613981, 20240808141500)
 (3368., 3370., 3362., 3362.,  7505., 615158, 20240808143000)
 (3364., 3368., 3360., 3365.,  8917., 615402, 20240808144500)
 (3363., 3369., 3360., 3361.,  9603., 617068, 20240808150000)]
2024-08-09 15:30:00  INFO  [(3362., 3378., 3362., 3374., 26727., 623635, 20240808211500)
 (3373., 3380., 3369., 3377.,  9230., 626677, 20240808213000)
 (3377., 3381., 3376., 3380.,  3973., 626149, 20240808214500)
 (3380., 3385., 3376., 3382.,  8987., 629282, 20240808220000)
 (3382., 3387., 3377., 3378.,  6033., 631112, 20240808221500)
 (3377., 3381., 3375., 3380.,  4326., 632554, 20240808223000)
 (3380., 3385., 3377., 3377.,  3296., 632485, 20240808224500)
 (3377., 3377., 3360., 3366., 14281., 635795, 20240808230000)
 (3367., 3374., 3362., 3370., 15062., 635132, 20240809091500)
 (3371., 3380., 3370., 3379.,  7287., 636710, 20240809093000)
 (3379., 3390., 3378., 3390., 11169., 638048, 20240809094500)
 (3390., 3392., 3383., 3386., 10439., 637838, 20240809100000)
 (3386., 3387., 3377., 3384.,  7399., 638290, 20240809101500)
 (3385., 3393., 3382., 3390.,  9731., 638921, 20240809104500)
 (3392., 3407., 3389., 3400., 19758., 637819, 20240809110000)
 (3401., 3418., 3400., 3413., 26916., 636119, 20240809111500)
 (3413., 3414., 3402., 3402., 13347., 634560, 20240809113000)
 (3402., 3403., 3389., 3389., 18248., 638576, 20240809134500)
 (3389., 3390., 3382., 3388., 19808., 646097, 20240809140000)
 (3389., 3389., 3378., 3381., 13293., 646815, 20240809141500)
 (3381., 3382., 3371., 3373., 11254., 650175, 20240809143000)
 (3374., 3378., 3372., 3376., 12173., 654392, 20240809144500)
 (3375., 3380., 3364., 3370., 14829., 656277, 20240809150000)]
2024-08-12 15:30:00  INFO  [(3383., 3383., 3370., 3372., 13861., 656757, 20240809211500)
 (3371., 3377., 3366., 3372., 11378., 656031, 20240809213000)
 (3373., 3374., 3366., 3369.,  6877., 656745, 20240809214500)
 (3370., 3371., 3361., 3365.,  8819., 657419, 20240809220000)
 (3364., 3369., 3360., 3364.,  6283., 657863, 20240809221500)
 (3363., 3371., 3363., 3366.,  4646., 658123, 20240809223000)
 (3367., 3370., 3353., 3354., 10941., 657175, 20240809224500)
 (3354., 3354., 3333., 3333., 36398., 660759, 20240809230000)
 (3330., 3345., 3323., 3332., 32272., 661347, 20240812091500)
 (3331., 3342., 3329., 3338., 11624., 660941, 20240812093000)
 (3339., 3341., 3306., 3319., 26939., 658785, 20240812094500)
 (3319., 3319., 3309., 3311., 10260., 659539, 20240812100000)
 (3312., 3314., 3306., 3312.,  7821., 661199, 20240812101500)
 (3312., 3321., 3311., 3320.,  8054., 661988, 20240812104500)
 (3319., 3327., 3316., 3321.,  5083., 661300, 20240812110000)
 (3320., 3321., 3314., 3315.,  2559., 661532, 20240812111500)
 (3315., 3330., 3311., 3321.,  8443., 660807, 20240812113000)
 (3321., 3329., 3319., 3324.,  9516., 660373, 20240812134500)
 (3324., 3325., 3316., 3319.,  3924., 661184, 20240812140000)
 (3318., 3321., 3313., 3314.,  3808., 661895, 20240812141500)
 (3315., 3319., 3309., 3312.,  6764., 663798, 20240812143000)
 (3312., 3318., 3308., 3310.,  5878., 664667, 20240812144500)
 (3310., 3323., 3310., 3317., 15283., 664992, 20240812150000)]
2024-08-13 15:30:00  INFO  [(3325., 3325., 3303., 3303., 18845., 669828, 20240812211500)
 (3305., 3313., 3303., 3308.,  6318., 670846, 20240812213000)
 (3307., 3322., 3307., 3318., 11946., 671170, 20240812214500)
 (3316., 3324., 3314., 3324.,  6981., 671295, 20240812220000)
 (3324., 3325., 3315., 3316.,  5912., 671064, 20240812221500)
 (3315., 3317., 3309., 3310.,  6395., 670045, 20240812223000)
 (3310., 3315., 3309., 3311.,  2596., 670386, 20240812224500)
 (3311., 3320., 3310., 3315.,  4379., 670511, 20240812230000)
 (3316., 3334., 3315., 3326., 19188., 672919, 20240813091500)
 (3327., 3340., 3325., 3330., 14216., 675272, 20240813093000)
 (3331., 3335., 3320., 3321.,  6829., 675360, 20240813094500)
 (3321., 3323., 3312., 3316.,  8884., 676414, 20240813100000)
 (3317., 3317., 3308., 3312., 12800., 675213, 20240813101500)
 (3311., 3312., 3305., 3306.,  8075., 675330, 20240813104500)
 (3306., 3309., 3291., 3292., 29468., 678363, 20240813110000)
 (3292., 3295., 3275., 3280., 31442., 679628, 20240813111500)
 (3281., 3284., 3275., 3276., 18069., 679762, 20240813113000)
 (3275., 3277., 3268., 3268., 25823., 675688, 20240813134500)
 (3268., 3275., 3260., 3260., 18123., 670441, 20240813140000)
 (3260., 3270., 3258., 3259., 16462., 669348, 20240813141500)
 (3260., 3272., 3260., 3267., 12507., 669232, 20240813143000)
 (3267., 3270., 3256., 3269., 16791., 669910, 20240813144500)
 (3269., 3270., 3261., 3269., 17382., 672161, 20240813150000)]
2024-08-14 15:30:00  INFO  [(3256., 3270., 3245., 3257., 27112., 671946, 20240813211500)
 (3257., 3264., 3253., 3257., 11393., 671084, 20240813213000)
 (3257., 3257., 3247., 3255.,  7819., 672215, 20240813214500)
 (3254., 3262., 3252., 3253.,  7430., 673611, 20240813220000)
 (3253., 3257., 3250., 3254.,  4805., 673250, 20240813221500)
 (3254., 3270., 3251., 3263.,  7916., 672151, 20240813223000)
 (3263., 3264., 3253., 3260.,  6543., 671633, 20240813224500)
 (3260., 3262., 3248., 3249.,  6234., 670066, 20240813230000)
 (3247., 3252., 3223., 3226., 30811., 669135, 20240814091500)
 (3226., 3248., 3225., 3244., 20264., 667935, 20240814093000)
 (3246., 3250., 3239., 3249., 24600., 665683, 20240814094500)
 (3249., 3258., 3228., 3234., 17443., 667358, 20240814100000)
 (3234., 3235., 3224., 3227., 13408., 667391, 20240814101500)
 (3225., 3229., 3217., 3229., 16295., 670204, 20240814104500)
 (3228., 3230., 3213., 3219., 12848., 671856, 20240814110000)
 (3219., 3225., 3210., 3213., 11792., 671836, 20240814111500)
 (3212., 3212., 3197., 3203., 28647., 675036, 20240814113000)
 (3198., 3200., 3165., 3169., 37841., 678410, 20240814134500)
 (3168., 3181., 3154., 3174., 44132., 684763, 20240814140000)
 (3174., 3185., 3166., 3172., 25878., 687849, 20240814141500)
 (3172., 3177., 3162., 3163., 17723., 688486, 20240814143000)
 (3160., 3164., 3133., 3136., 42505., 685866, 20240814144500)
 (3136., 3182., 3132., 3174., 56143., 684985, 20240814150000)]
2024-08-15 15:30:00  INFO  [(3180., 3188., 3169., 3183., 39173., 687294, 20240814211500)
 (3184., 3190., 3162., 3164., 23680., 689484, 20240814213000)
 (3165., 3171., 3155., 3165., 21487., 691105, 20240814214500)
 (3165., 3176., 3163., 3168., 15635., 689940, 20240814220000)
 (3167., 3170., 3164., 3166.,  5415., 691385, 20240814221500)
 (3166., 3172., 3160., 3164.,  6578., 690904, 20240814223000)
 (3164., 3165., 3158., 3164.,  4159., 690732, 20240814224500)
 (3163., 3166., 3159., 3161.,  7162., 689181, 20240814230000)
 (3158., 3158., 3138., 3139., 29272., 688638, 20240815091500)
 (3139., 3149., 3135., 3135., 16911., 688347, 20240815093000)
 (3135., 3143., 3131., 3142., 19519., 687561, 20240815094500)
 (3142., 3161., 3139., 3156., 20675., 688583, 20240815100000)
 (3156., 3166., 3144., 3162., 26712., 691203, 20240815101500)
 (3163., 3190., 3163., 3182., 52884., 694471, 20240815104500)
 (3182., 3183., 3171., 3177., 17218., 695160, 20240815110000)
 (3177., 3188., 3164., 3170., 16430., 694570, 20240815111500)
 (3170., 3170., 3150., 3157., 18955., 697163, 20240815113000)
 (3160., 3160., 3136., 3140., 38377., 701209, 20240815134500)
 (3141., 3153., 3133., 3149., 26110., 704149, 20240815140000)
 (3149., 3169., 3142., 3160., 25658., 706607, 20240815141500)
 (3161., 3179., 3160., 3175., 33119., 708944, 20240815143000)
 (3175., 3179., 3154., 3171., 22435., 708099, 20240815144500)
 (3171., 3185., 3164., 3182., 24529., 702647, 20240815150000)]
2024-08-16 15:30:00  INFO  [(3199., 3205., 3177., 3188., 37918., 705836, 20240815211500)
 (3190., 3216., 3189., 3208., 53798., 712040, 20240815213000)
 (3208., 3209., 3191., 3192., 21740., 714192, 20240815214500)
 (3192., 3198., 3188., 3191., 11982., 715326, 20240815220000)
 (3192., 3194., 3185., 3188.,  8551., 716256, 20240815221500)
 (3187., 3200., 3185., 3196.,  8265., 716137, 20240815223000)
 (3196., 3204., 3195., 3202., 12916., 714894, 20240815224500)
 (3203., 3210., 3195., 3197., 15171., 715154, 20240815230000)
 (3200., 3207., 3195., 3199., 20000., 719938, 20240816091500)
 (3198., 3206., 3195., 3204., 11817., 721595, 20240816093000)
 (3204., 3208., 3197., 3205.,  8829., 721985, 20240816094500)
 (3206., 3216., 3201., 3216., 12163., 722360, 20240816100000)
 (3215., 3215., 3207., 3207., 14638., 726523, 20240816101500)
 (3207., 3209., 3182., 3190., 31573., 724160, 20240816104500)
 (3190., 3190., 3181., 3186., 14328., 728223, 20240816110000)
 (3185., 3186., 3172., 3177., 22106., 733562, 20240816111500)
 (3177., 3184., 3168., 3170., 13553., 735642, 20240816113000)
 (3170., 3181., 3166., 3172., 22266., 738839, 20240816134500)
 (3173., 3179., 3165., 3168., 13991., 740387, 20240816140000)
 (3167., 3174., 3153., 3158., 20168., 744337, 20240816141500)
 (3158., 3165., 3155., 3160., 21779., 746424, 20240816143000)
 (3160., 3169., 3160., 3162., 13902., 749120, 20240816144500)
 (3162., 3168., 3155., 3156., 20343., 743798, 20240816150000)]
2024-08-19 15:30:00  INFO  [(3141., 3143., 3119., 3130., 60059., 745441, 20240816211500)
 (3130., 3146., 3123., 3141., 27544., 746263, 20240816213000)
 (3142., 3148., 3134., 3142., 20904., 747132, 20240816214500)
 (3140., 3155., 3140., 3151., 18232., 745734, 20240816220000)
 (3151., 3173., 3150., 3170., 32768., 745164, 20240816221500)
 (3171., 3180., 3163., 3179., 26960., 747773, 20240816223000)
 (3179., 3179., 3158., 3168., 25947., 752966, 20240816224500)
 (3168., 3178., 3167., 3176., 21344., 755010, 20240816230000)
 (3175., 3195., 3159., 3169., 81745., 756219, 20240819091500)
 (3169., 3180., 3167., 3173., 25509., 761209, 20240819093000)
 (3173., 3191., 3173., 3187., 23126., 762880, 20240819094500)
 (3186., 3191., 3177., 3179., 18139., 764809, 20240819100000)
 (3178., 3182., 3170., 3170., 13437., 766697, 20240819101500)
 (3171., 3171., 3158., 3164., 31122., 774715, 20240819104500)
 (3165., 3166., 3154., 3162., 23783., 779315, 20240819110000)
 (3161., 3175., 3160., 3165., 20448., 781376, 20240819111500)
 (3164., 3170., 3161., 3161.,  7271., 779773, 20240819113000)
 (3161., 3170., 3156., 3162., 16541., 782046, 20240819134500)
 (3162., 3179., 3159., 3173., 19942., 785258, 20240819140000)
 (3173., 3194., 3173., 3190., 29652., 788243, 20240819141500)
 (3190., 3198., 3180., 3194., 45868., 791978, 20240819143000)
 (3194., 3204., 3190., 3199., 26924., 795009, 20240819144500)
 (3198., 3206., 3194., 3203., 28564., 794131, 20240819150000)]
2024-08-20 15:30:00  INFO  [(3203., 3230., 3201., 3216., 71476., 794669, 20240819211500)
 (3216., 3219., 3205., 3206., 23206., 797822, 20240819213000)
 (3208., 3210., 3202., 3209., 14452., 798999, 20240819214500)
 (3210., 3215., 3207., 3208., 10913., 799985, 20240819220000)
 (3208., 3215., 3205., 3210.,  5233., 799761, 20240819221500)
 (3209., 3211., 3203., 3208.,  8867., 798380, 20240819223000)
 (3208., 3209., 3194., 3197., 17136., 797462, 20240819224500)
 (3196., 3207., 3195., 3203.,  9158., 796898, 20240819230000)
 (3203., 3208., 3195., 3200., 19851., 797707, 20240820091500)
 (3199., 3200., 3193., 3197., 12010., 800517, 20240820093000)
 (3196., 3197., 3182., 3189., 20301., 800549, 20240820094500)
 (3189., 3192., 3182., 3187., 10751., 802490, 20240820100000)
 (3187., 3199., 3183., 3196., 14152., 803813, 20240820101500)
 (3196., 3197., 3185., 3195., 13740., 807530, 20240820104500)
 (3195., 3199., 3190., 3198.,  8346., 807496, 20240820110000)
 (3199., 3203., 3190., 3196., 12233., 809258, 20240820111500)
 (3195., 3199., 3187., 3195.,  7974., 810154, 20240820113000)
 (3194., 3207., 3191., 3193., 14338., 811506, 20240820134500)
 (3193., 3206., 3189., 3205., 15657., 813837, 20240820140000)
 (3205., 3210., 3200., 3204., 16156., 812126, 20240820141500)
 (3203., 3206., 3192., 3203., 13817., 811690, 20240820143000)
 (3204., 3215., 3202., 3209., 17523., 810061, 20240820144500)
 (3209., 3225., 3209., 3216., 31355., 808503, 20240820150000)]
2024-08-21 15:30:00  INFO  [(3227., 3238., 3220., 3231., 54767., 809840, 20240820211500)
 (3231., 3235., 3223., 3234., 18919., 808032, 20240820213000)
 (3233., 3234., 3223., 3226., 12059., 806571, 20240820214500)
 (3226., 3235., 3225., 3233.,  8314., 806156, 20240820220000)
 (3233., 3242., 3231., 3241., 16455., 805695, 20240820221500)
 (3242., 3246., 3235., 3241., 21209., 806278, 20240820223000)
 (3241., 3242., 3234., 3234.,  9632., 806956, 20240820224500)
 (3235., 3241., 3233., 3240.,  9470., 805386, 20240820230000)
 (3241., 3241., 3225., 3229., 24450., 807890, 20240821091500)
 (3229., 3236., 3227., 3233.,  9713., 809101, 20240821093000)
 (3234., 3238., 3230., 3236.,  8571., 810109, 20240821094500)
 (3236., 3243., 3235., 3237.,  8820., 810361, 20240821100000)
 (3237., 3244., 3235., 3238.,  8255., 811551, 20240821101500)
 (3239., 3248., 3237., 3243., 16762., 814969, 20240821104500)
 (3243., 3244., 3237., 3244., 10423., 817024, 20240821110000)
 (3244., 3256., 3243., 3255., 28169., 821013, 20240821111500)
 (3255., 3258., 3247., 3257., 19551., 821850, 20240821113000)
 (3260., 3269., 3258., 3264., 42681., 824327, 20240821134500)
 (3263., 3266., 3261., 3264., 15973., 824590, 20240821140000)
 (3264., 3269., 3260., 3264., 14329., 827336, 20240821141500)
 (3263., 3273., 3260., 3268., 13747., 829411, 20240821143000)
 (3269., 3273., 3266., 3269., 10669., 831398, 20240821144500)
 (3270., 3291., 3268., 3288., 44743., 835134, 20240821150000)]
2024-08-22 15:30:00  INFO  [(3284., 3284., 3272., 3278., 30318., 838016, 20240821211500)
 (3278., 3288., 3275., 3281., 17679., 840138, 20240821213000)
 (3282., 3283., 3277., 3281.,  7939., 840755, 20240821214500)
 (3281., 3284., 3275., 3280.,  8617., 841671, 20240821220000)
 (3280., 3280., 3268., 3274., 17395., 844914, 20240821221500)
 (3273., 3277., 3272., 3272.,  6990., 845357, 20240821223000)
 (3273., 3278., 3272., 3274.,  5676., 846349, 20240821224500)
 (3274., 3276., 3266., 3274., 19412., 846365, 20240821230000)
 (3274., 3280., 3260., 3265., 22827., 845570, 20240822091500)
 (3264., 3270., 3261., 3270., 16420., 848319, 20240822093000)
 (3269., 3273., 3262., 3263.,  9776., 849840, 20240822094500)
 (3263., 3270., 3261., 3265.,  7757., 851027, 20240822100000)
 (3266., 3273., 3265., 3270., 11969., 850209, 20240822101500)
 (3270., 3284., 3268., 3279., 21754., 848657, 20240822104500)
 (3279., 3282., 3273., 3278.,  7726., 850459, 20240822110000)
 (3278., 3290., 3275., 3288., 17055., 849114, 20240822111500)
 (3289., 3293., 3270., 3270., 25059., 849137, 20240822113000)
 (3270., 3279., 3256., 3256., 40135., 850530, 20240822134500)
 (3256., 3261., 3250., 3250., 33120., 855172, 20240822140000)
 (3251., 3253., 3236., 3236., 38318., 860240, 20240822141500)
 (3236., 3245., 3233., 3237., 28592., 864159, 20240822143000)
 (3239., 3244., 3232., 3234., 21090., 867494, 20240822144500)
 (3234., 3245., 3231., 3237., 22124., 868305, 20240822150000)]
2024-08-23 15:30:00  INFO  [(3237., 3253., 3232., 3250., 33654., 872850, 20240822211500)
 (3249., 3251., 3234., 3238., 20511., 873236, 20240822213000)
 (3238., 3248., 3229., 3243., 21687., 875790, 20240822214500)
 (3242., 3244., 3235., 3235., 11026., 879061, 20240822220000)
 (3236., 3236., 3225., 3231., 17814., 878715, 20240822221500)
 (3231., 3233., 3225., 3230., 14418., 877642, 20240822223000)
 (3230., 3232., 3219., 3222., 19325., 878831, 20240822224500)
 (3224., 3240., 3222., 3237., 20646., 877913, 20240822230000)
 (3237., 3245., 3231., 3233., 21452., 883552, 20240823091500)
 (3233., 3241., 3230., 3235., 14097., 887693, 20240823093000)
 (3235., 3244., 3231., 3239., 18029., 892732, 20240823094500)
 (3240., 3240., 3224., 3226., 16258., 896660, 20240823100000)
 (3226., 3234., 3222., 3233., 17458., 899910, 20240823101500)
 (3234., 3237., 3228., 3231., 14955., 902882, 20240823104500)
 (3231., 3238., 3225., 3233., 11131., 906369, 20240823110000)
 (3232., 3244., 3227., 3239., 18984., 911603, 20240823111500)
 (3239., 3246., 3236., 3241., 20411., 918255, 20240823113000)
 (3239., 3246., 3232., 3240., 19616., 920322, 20240823134500)
 (3241., 3244., 3234., 3235., 10469., 922429, 20240823140000)
 (3236., 3242., 3227., 3231., 14188., 923856, 20240823141500)
 (3232., 3237., 3230., 3235.,  9785., 925075, 20240823143000)
 (3235., 3244., 3233., 3243., 11511., 928155, 20240823144500)
 (3244., 3245., 3208., 3210., 50394., 928783, 20240823150000)]
2024-08-26 15:30:00  INFO  [(3207., 3212., 3188., 3204., 70630.,  933163, 20240823211500)
 (3204., 3209., 3201., 3202., 12823.,  935344, 20240823213000)
 (3202., 3212., 3202., 3206., 11371.,  936888, 20240823214500)
 (3205., 3208., 3203., 3204.,  4105.,  937373, 20240823220000)
 (3204., 3238., 3204., 3234., 45612.,  941556, 20240823221500)
 (3234., 3238., 3223., 3234., 24533.,  944293, 20240823223000)
 (3233., 3273., 3232., 3273., 52889.,  938881, 20240823224500)
 (3273., 3278., 3237., 3254., 71214.,  940261, 20240823230000)
 (3275., 3280., 3263., 3267., 71153.,  949616, 20240826091500)
 (3267., 3271., 3257., 3260., 22786.,  953768, 20240826093000)
 (3260., 3263., 3255., 3262., 13918.,  957605, 20240826094500)
 (3262., 3271., 3262., 3270., 15609.,  961757, 20240826100000)
 (3271., 3283., 3267., 3273., 28940.,  966075, 20240826101500)
 (3274., 3276., 3267., 3275., 13192.,  966211, 20240826104500)
 (3275., 3280., 3272., 3273., 12177.,  968796, 20240826110000)
 (3274., 3279., 3268., 3268., 13647.,  972623, 20240826111500)
 (3268., 3281., 3268., 3280., 17801.,  975073, 20240826113000)
 (3281., 3298., 3281., 3297., 56869.,  984220, 20240826134500)
 (3297., 3310., 3291., 3304., 39615.,  989745, 20240826140000)
 (3304., 3308., 3296., 3302., 28437.,  997010, 20240826141500)
 (3301., 3305., 3294., 3304., 20953., 1002538, 20240826143000)
 (3305., 3308., 3301., 3304., 15130., 1005285, 20240826144500)
 (3304., 3315., 3303., 3311., 38669., 1003929, 20240826150000)]
2024-08-27 15:30:00  INFO  [(3316., 3316., 3300., 3305., 41496., 1012692, 20240826211500)
 (3305., 3309., 3304., 3305.,  9022., 1013791, 20240826213000)
 (3305., 3309., 3303., 3307.,  8693., 1015172, 20240826214500)
 (3305., 3308., 3296., 3303., 20115., 1017413, 20240826220000)
 (3303., 3306., 3301., 3302.,  5849., 1018626, 20240826221500)
 (3301., 3304., 3299., 3303.,  6355., 1018944, 20240826223000)
 (3303., 3306., 3300., 3302.,  8021., 1019326, 20240826224500)
 (3301., 3308., 3300., 3308.,  9013., 1020490, 20240826230000)
 (3308., 3308., 3296., 3297., 18735., 1022541, 20240827091500)
 (3298., 3300., 3288., 3294., 33516., 1026982, 20240827093000)
 (3294., 3300., 3290., 3297., 17396., 1031781, 20240827094500)
 (3297., 3309., 3296., 3305., 24463., 1038837, 20240827100000)
 (3305., 3307., 3294., 3295., 13060., 1040984, 20240827101500)
 (3295., 3303., 3292., 3296., 14435., 1044004, 20240827104500)
 (3296., 3304., 3295., 3298., 12940., 1047508, 20240827110000)
 (3297., 3303., 3297., 3298., 13284., 1050427, 20240827111500)
 (3297., 3308., 3295., 3307., 15760., 1052409, 20240827113000)
 (3306., 3335., 3306., 3333., 71705., 1055831, 20240827134500)
 (3333., 3340., 3327., 3336., 44607., 1055509, 20240827140000)
 (3336., 3338., 3322., 3323., 39064., 1058172, 20240827141500)
 (3322., 3329., 3308., 3308., 45531., 1057793, 20240827143000)
 (3308., 3309., 3292., 3299., 60656., 1059106, 20240827144500)
 (3300., 3317., 3298., 3306., 34288., 1057756, 20240827150000)]
2024-08-28 15:30:00  INFO  [(3300., 3313., 3300., 3308., 50490., 1068761, 20240827211500)
 (3309., 3309., 3299., 3306., 28713., 1071737, 20240827213000)
 (3306., 3312., 3304., 3305., 14353., 1074555, 20240827214500)
 (3305., 3309., 3304., 3306.,  9655., 1077476, 20240827220000)
 (3306., 3319., 3304., 3315., 26818., 1082199, 20240827221500)
 (3316., 3317., 3310., 3313., 16150., 1084773, 20240827223000)
 (3314., 3326., 3313., 3321., 28709., 1089466, 20240827224500)
 (3321., 3324., 3318., 3319., 13787., 1088019, 20240827230000)
 (3319., 3331., 3319., 3323., 39536., 1093213, 20240828091500)
 (3323., 3324., 3314., 3317., 38048., 1096237, 20240828093000)
 (3317., 3320., 3308., 3309., 34900., 1100949, 20240828094500)
 (3309., 3315., 3304., 3314., 22535., 1104799, 20240828100000)
 (3314., 3314., 3299., 3302., 36087., 1112235, 20240828101500)
 (3302., 3308., 3296., 3308., 32917., 1116719, 20240828104500)
 (3308., 3313., 3301., 3302., 24992., 1123539, 20240828110000)
 (3303., 3305., 3296., 3301., 29762., 1127656, 20240828111500)
 (3301., 3318., 3299., 3317., 34032., 1127013, 20240828113000)
 (3315., 3320., 3306., 3314., 44803., 1128664, 20240828134500)
 (3313., 3314., 3306., 3310., 27743., 1128497, 20240828140000)
 (3310., 3311., 3306., 3309., 14106., 1131387, 20240828141500)
 (3310., 3316., 3308., 3313., 17846., 1132346, 20240828143000)
 (3313., 3316., 3299., 3300., 33978., 1134035, 20240828144500)
 (3299., 3310., 3298., 3307., 30600., 1135570, 20240828150000)]
2024-08-29 15:30:00  INFO  [(3298., 3307., 3288., 3303.,  60236., 1139313, 20240828211500)
 (3304., 3308., 3302., 3307.,  20181., 1143598, 20240828213000)
 (3307., 3311., 3304., 3310.,  15850., 1147165, 20240828214500)
 (3310., 3314., 3307., 3309.,  18213., 1151256, 20240828220000)
 (3310., 3314., 3305., 3312.,  14161., 1153444, 20240828221500)
 (3312., 3315., 3307., 3309.,  18434., 1158552, 20240828223000)
 (3309., 3311., 3305., 3305.,  19775., 1166355, 20240828224500)
 (3305., 3309., 3301., 3304.,  21116., 1169050, 20240828230000)
 (3300., 3309., 3298., 3301.,  35614., 1174755, 20240829091500)
 (3301., 3303., 3264., 3269., 127938., 1182690, 20240829093000)
 (3270., 3288., 3268., 3279.,  70291., 1192385, 20240829094500)
 (3280., 3294., 3279., 3289.,  43475., 1196382, 20240829100000)
 (3289., 3291., 3285., 3291.,  20486., 1201807, 20240829101500)
 (3291., 3296., 3288., 3290.,  26323., 1207770, 20240829104500)
 (3290., 3301., 3286., 3297.,  31642., 1213777, 20240829110000)
 (3296., 3306., 3294., 3297.,  50426., 1220411, 20240829111500)
 (3298., 3313., 3296., 3312.,  44384., 1221196, 20240829113000)
 (3311., 3318., 3300., 3301.,  66110., 1226392, 20240829134500)
 (3301., 3307., 3290., 3305.,  53840., 1230378, 20240829140000)
 (3305., 3309., 3302., 3308.,  27192., 1232901, 20240829141500)
 (3308., 3311., 3303., 3305.,  25983., 1233258, 20240829143000)
 (3306., 3308., 3300., 3301.,  23749., 1235840, 20240829144500)
 (3300., 3302., 3290., 3296.,  42895., 1237961, 20240829150000)]
2024-08-30 15:30:00  INFO  [(3296., 3297., 3287., 3290.,  52894., 1247667, 20240829211500)
 (3290., 3294., 3285., 3292.,  30808., 1252389, 20240829213000)
 (3292., 3302., 3290., 3292.,  48787., 1261375, 20240829214500)
 (3292., 3301., 3291., 3296.,  19580., 1263591, 20240829220000)
 (3296., 3298., 3291., 3292.,  13121., 1264592, 20240829221500)
 (3292., 3295., 3290., 3291.,   9538., 1266204, 20240829223000)
 (3291., 3298., 3287., 3294.,  23839., 1265957, 20240829224500)
 (3294., 3299., 3290., 3290.,  25530., 1266011, 20240829230000)
 (3290., 3305., 3289., 3301.,  45115., 1266557, 20240830091500)
 (3301., 3303., 3291., 3296.,  28196., 1272221, 20240830093000)
 (3295., 3300., 3291., 3299.,  25846., 1274874, 20240830094500)
 (3300., 3303., 3286., 3290.,  52807., 1286828, 20240830100000)
 (3291., 3304., 3289., 3293.,  44750., 1289655, 20240830101500)
 (3293., 3299., 3291., 3298.,  26645., 1290877, 20240830104500)
 (3298., 3302., 3296., 3300.,  27793., 1291787, 20240830110000)
 (3299., 3303., 3295., 3298.,  18023., 1291753, 20240830111500)
 (3300., 3317., 3296., 3310.,  91609., 1299881, 20240830113000)
 (3318., 3333., 3315., 3316., 125270., 1310635, 20240830134500)
 (3315., 3322., 3311., 3317.,  57218., 1308542, 20240830140000)
 (3317., 3320., 3294., 3298., 103415., 1315205, 20240830141500)
 (3297., 3300., 3288., 3294.,  80200., 1330292, 20240830143000)
 (3295., 3296., 3272., 3284., 112779., 1346553, 20240830144500)
 (3283., 3289., 3280., 3287.,  59385., 1348805, 20240830150000)]
2024-09-02 15:30:00  INFO  [(3282., 3293., 3281., 3292.,  63893., 1360868, 20240830211500)
 (3292., 3296., 3289., 3296.,  34285., 1363078, 20240830213000)
 (3296., 3297., 3292., 3294.,  27111., 1366918, 20240830214500)
 (3294., 3296., 3290., 3296.,  17349., 1367728, 20240830220000)
 (3295., 3299., 3283., 3287.,  42995., 1366747, 20240830221500)
 (3287., 3299., 3285., 3288.,  40974., 1366358, 20240830223000)
 (3288., 3293., 3284., 3287.,  33438., 1367070, 20240830224500)
 (3287., 3290., 3275., 3279.,  48646., 1362722, 20240830230000)
 (3274., 3274., 3245., 3258., 222543., 1378004, 20240902091500)
 (3258., 3262., 3243., 3252.,  84549., 1390812, 20240902093000)
 (3251., 3261., 3245., 3246.,  46469., 1396825, 20240902094500)
 (3246., 3251., 3245., 3245.,  40160., 1404240, 20240902100000)
 (3245., 3247., 3232., 3240.,  85404., 1408760, 20240902101500)
 (3239., 3239., 3220., 3227., 102048., 1412916, 20240902104500)
 (3227., 3233., 3223., 3226.,  38370., 1418093, 20240902110000)
 (3226., 3232., 3223., 3226.,  27748., 1419494, 20240902111500)
 (3227., 3237., 3223., 3236.,  36487., 1417082, 20240902113000)
 (3235., 3238., 3228., 3235.,  48234., 1424590, 20240902134500)
 (3235., 3235., 3227., 3228.,  23980., 1429459, 20240902140000)
 (3228., 3232., 3226., 3227.,  20078., 1433254, 20240902141500)
 (3227., 3234., 3226., 3229.,  24955., 1434613, 20240902143000)
 (3229., 3229., 3211., 3211.,  73595., 1434769, 20240902144500)
 (3211., 3223., 3210., 3223.,  73310., 1430833, 20240902150000)]
2024-09-03 15:30:00  INFO  [(3223., 3232., 3218., 3231., 121360., 1463728, 20240902211500)
 (3231., 3237., 3230., 3233.,  70073., 1474987, 20240902213000)
 (3232., 3236., 3227., 3227.,  33484., 1477860, 20240902214500)
 (3227., 3234., 3227., 3232.,  26142., 1478029, 20240902220000)
 (3232., 3233., 3224., 3227.,  27072., 1480722, 20240902221500)
 (3226., 3238., 3226., 3235.,  35078., 1482996, 20240902223000)
 (3235., 3236., 3230., 3231.,  23550., 1486323, 20240902224500)
 (3231., 3233., 3228., 3230.,  27636., 1485308, 20240902230000)
 (3230., 3233., 3204., 3207., 143310., 1499128, 20240903091500)
 (3207., 3222., 3203., 3209.,  87428., 1509226, 20240903093000)
 (3209., 3219., 3209., 3213.,  42716., 1515456, 20240903094500)
 (3214., 3227., 3211., 3222.,  53801., 1522789, 20240903100000)
 (3222., 3233., 3221., 3227.,  52269., 1520806, 20240903101500)
 (3226., 3226., 3210., 3212.,  59154., 1521299, 20240903104500)
 (3212., 3214., 3207., 3208.,  51439., 1527704, 20240903110000)
 (3207., 3210., 3181., 3182., 174843., 1538705, 20240903111500)
 (3181., 3186., 3171., 3179., 147919., 1548722, 20240903113000)
 (3180., 3186., 3173., 3181.,  75198., 1556807, 20240903134500)
 (3182., 3186., 3173., 3174.,  67827., 1557330, 20240903140000)
 (3174., 3178., 3156., 3158., 123368., 1568013, 20240903141500)
 (3158., 3167., 3153., 3158.,  73710., 1578036, 20240903143000)
 (3158., 3166., 3156., 3159.,  49870., 1581888, 20240903144500)
 (3159., 3161., 3142., 3149., 149632., 1571584, 20240903150000)]
2024-09-04 15:30:00  INFO  [(3140., 3158., 3140., 3156., 142832., 1581482, 20240903211500)
 (3156., 3159., 3151., 3154.,  47523., 1587727, 20240903213000)
 (3154., 3157., 3135., 3141., 105442., 1591916, 20240903214500)
 (3141., 3143., 3125., 3128., 113922., 1600331, 20240903220000)
 (3129., 3133., 3123., 3127.,  85712., 1613410, 20240903221500)
 (3128., 3128., 3099., 3100., 190700., 1635646, 20240903223000)
 (3100., 3144., 3087., 3138., 364580., 1628740, 20240903224500)
 (3138., 3153., 3125., 3137., 254505., 1622335, 20240903230000)
 (3138., 3139., 3126., 3130., 116462., 1632056, 20240904091500)
 (3131., 3131., 3110., 3117., 107231., 1639413, 20240904093000)
 (3117., 3136., 3117., 3132.,  72836., 1641705, 20240904094500)
 (3131., 3146., 3131., 3137.,  91067., 1635865, 20240904100000)
 (3138., 3140., 3131., 3131.,  49795., 1638935, 20240904101500)
 (3132., 3139., 3124., 3137.,  70018., 1641359, 20240904104500)
 (3137., 3145., 3133., 3143.,  50654., 1646843, 20240904110000)
 (3143., 3153., 3141., 3147.,  97649., 1648945, 20240904111500)
 (3147., 3155., 3133., 3135.,  85106., 1643446, 20240904113000)
 (3133., 3133., 3113., 3117., 138839., 1644340, 20240904134500)
 (3117., 3120., 3111., 3115.,  76597., 1646681, 20240904140000)
 (3115., 3118., 3107., 3114.,  91924., 1650720, 20240904141500)
 (3115., 3118., 3106., 3116.,  50696., 1649683, 20240904143000)
 (3116., 3116., 3098., 3101.,  94929., 1653009, 20240904144500)
 (3101., 3116., 3098., 3109., 102583., 1645158, 20240904150000)]
2024-09-05 15:30:00  INFO  [(3110., 3138., 3110., 3134., 218835., 1658198, 20240904211500)
 (3133., 3134., 3121., 3123.,  78849., 1661094, 20240904213000)
 (3122., 3131., 3117., 3125.,  88593., 1669337, 20240904214500)
 (3124., 3129., 3121., 3125.,  43184., 1675061, 20240904220000)
 (3126., 3133., 3125., 3129.,  51792., 1672999, 20240904221500)
 (3128., 3130., 3122., 3123.,  39122., 1674590, 20240904223000)
 (3124., 3141., 3123., 3139., 102751., 1674952, 20240904224500)
 (3140., 3140., 3127., 3127.,  57969., 1663880, 20240904230000)
 (3125., 3126., 3108., 3113., 144909., 1661899, 20240905091500)
 (3113., 3114., 3099., 3101., 100802., 1663213, 20240905093000)
 (3101., 3117., 3100., 3109.,  89384., 1662802, 20240905094500)
 (3110., 3111., 3095., 3097.,  86310., 1668941, 20240905100000)
 (3097., 3105., 3091., 3104.,  88501., 1677287, 20240905101500)
 (3104., 3115., 3102., 3114.,  77239., 1674296, 20240905104500)
 (3115., 3123., 3109., 3116.,  96384., 1675546, 20240905110000)
 (3115., 3118., 3102., 3106.,  63789., 1676923, 20240905111500)
 (3105., 3107., 3099., 3101.,  59359., 1678039, 20240905113000)
 (3100., 3100., 3081., 3094., 187819., 1688341, 20240905134500)
 (3094., 3105., 3086., 3092., 108854., 1695854, 20240905140000)
 (3091., 3095., 3081., 3086., 119387., 1701540, 20240905141500)
 (3086., 3094., 3073., 3089., 145126., 1695550, 20240905143000)
 (3089., 3094., 3083., 3092.,  75862., 1690177, 20240905144500)
 (3092., 3093., 3082., 3083.,  77688., 1677290, 20240905150000)]
2024-09-06 15:30:00  INFO  [(3101., 3107., 3093., 3093., 171444., 1685864, 20240905211500)
 (3093., 3107., 3093., 3105.,  88002., 1696535, 20240905213000)
 (3105., 3109., 3093., 3095.,  78143., 1695234, 20240905214500)
 (3095., 3105., 3086., 3104.,  88451., 1696114, 20240905220000)
 (3104., 3124., 3102., 3121., 190510., 1706389, 20240905221500)
 (3121., 3123., 3108., 3113., 108702., 1706104, 20240905223000)
 (3114., 3119., 3108., 3111.,  56072., 1701998, 20240905224500)
 (3110., 3111., 3096., 3099.,  77188., 1686628, 20240905230000)
 (3100., 3100., 3065., 3074., 237835., 1705660, 20240906091500)
 (3074., 3077., 3061., 3064., 131246., 1731391, 20240906093000)
 (3065., 3069., 3058., 3066., 111929., 1735807, 20240906094500)
 (3065., 3072., 3061., 3069.,  54130., 1740016, 20240906100000)
 (3069., 3071., 3054., 3056.,  86891., 1745981, 20240906101500)
 (3056., 3062., 3045., 3048., 109069., 1755411, 20240906104500)
 (3047., 3048., 3035., 3039., 136930., 1760281, 20240906110000)
 (3040., 3041., 3030., 3038.,  90584., 1766246, 20240906111500)
 (3038., 3038., 3023., 3025.,  85668., 1769294, 20240906113000)
 (3022., 3031., 3014., 3030., 177978., 1770446, 20240906134500)
 (3029., 3047., 3026., 3045., 177694., 1764891, 20240906140000)
 (3046., 3055., 3031., 3045., 151638., 1753865, 20240906141500)
 (3045., 3067., 3044., 3045., 198340., 1732926, 20240906143000)
 (3045., 3060., 3037., 3056., 120221., 1733571, 20240906144500)
 (3055., 3058., 3044., 3051.,  94986., 1718737, 20240906150000)]
2024-09-09 15:30:00  INFO  [(3060., 3065., 3025., 3035., 238708., 1737210, 20240906211500)
 (3035., 3039., 3027., 3029., 101243., 1747484, 20240906213000)
 (3028., 3032., 3018., 3024., 116837., 1750990, 20240906214500)
 (3024., 3032., 3022., 3026.,  64438., 1753398, 20240906220000)
 (3025., 3029., 3014., 3017.,  84858., 1757561, 20240906221500)
 (3017., 3027., 3011., 3019., 115669., 1759492, 20240906223000)
 (3020., 3033., 3015., 3020., 113251., 1752375, 20240906224500)
 (3020., 3026., 3004., 3011., 188143., 1737962, 20240906230000)
 (3005., 3020., 2988., 3018., 271358., 1743548, 20240909091500)
 (3017., 3031., 3014., 3028., 148758., 1746007, 20240909093000)
 (3027., 3031., 3007., 3011., 115569., 1754728, 20240909094500)
 (3010., 3016., 3003., 3014.,  95674., 1754862, 20240909100000)
 (3014., 3028., 3013., 3023., 107998., 1765168, 20240909101500)
 (3024., 3033., 3023., 3030., 104085., 1771425, 20240909104500)
 (3029., 3033., 3021., 3029.,  69090., 1768967, 20240909110000)
 (3029., 3046., 3026., 3044., 123155., 1780318, 20240909111500)
 (3044., 3052., 3029., 3029., 149444., 1782732, 20240909113000)
 (3028., 3036., 3021., 3034.,  91960., 1782345, 20240909134500)
 (3035., 3043., 3033., 3042.,  78084., 1794254, 20240909140000)
 (3042., 3049., 3034., 3038.,  95012., 1797209, 20240909141500)
 (3038., 3043., 3033., 3040.,  47224., 1797762, 20240909143000)
 (3040., 3052., 3038., 3049., 108272., 1806147, 20240909144500)
 (3049., 3094., 3049., 3078., 378280., 1800082, 20240909150000)]
2024-09-10 15:30:00  INFO  [(3084., 3096., 3074., 3082., 234699., 1824654, 20240909211500)
 (3081., 3090., 3079., 3083., 103114., 1831278, 20240909213000)
 (3083., 3085., 3074., 3077.,  78271., 1831077, 20240909214500)
 (3078., 3087., 3074., 3087.,  55515., 1827631, 20240909220000)
 (3086., 3102., 3084., 3100., 160926., 1842315, 20240909221500)
 (3100., 3104., 3087., 3093., 120473., 1849593, 20240909223000)
 (3094., 3094., 3086., 3091.,  54963., 1845392, 20240909224500)
 (3090., 3092., 3085., 3088.,  56827., 1829566, 20240909230000)
 (3088., 3092., 3081., 3082., 102862., 1839241, 20240910091500)
 (3082., 3094., 3081., 3092.,  52111., 1846008, 20240910093000)
 (3093., 3096., 3086., 3089.,  57529., 1848105, 20240910094500)
 (3089., 3090., 3076., 3077., 112595., 1853535, 20240910100000)
 (3077., 3079., 3058., 3062., 185798., 1847937, 20240910101500)
 (3062., 3083., 3059., 3082., 152318., 1850114, 20240910104500)
 (3083., 3086., 3070., 3077., 106431., 1845216, 20240910110000)
 (3077., 3084., 3068., 3070.,  60636., 1842985, 20240910111500)
 (3070., 3089., 3069., 3081.,  91278., 1836941, 20240910113000)
 (3082., 3090., 3079., 3089.,  83983., 1843254, 20240910134500)
 (3090., 3095., 3084., 3088.,  76434., 1850172, 20240910140000)
 (3088., 3116., 3083., 3112., 222350., 1859733, 20240910141500)
 (3112., 3115., 3095., 3109., 160535., 1872358, 20240910143000)
 (3110., 3114., 3102., 3105.,  95781., 1877422, 20240910144500)
 (3104., 3104., 3079., 3080., 212194., 1853061, 20240910150000)]
2024-09-11 15:30:00  INFO  [(3080., 3083., 3059., 3063., 249170., 1867811, 20240910211500)
 (3062., 3067., 3058., 3066., 111772., 1868538, 20240910213000)
 (3065., 3067., 3038., 3053., 250718., 1856254, 20240910214500)
 (3053., 3056., 3045., 3046.,  97799., 1866052, 20240910220000)
 (3045., 3052., 3043., 3046.,  80308., 1868057, 20240910221500)
 (3045., 3057., 3040., 3050.,  88309., 1869589, 20240910223000)
 (3051., 3085., 3050., 3083., 231085., 1866599, 20240910224500)
 (3082., 3095., 3067., 3079., 231087., 1854762, 20240910230000)
 (3081., 3086., 3073., 3078., 103136., 1862854, 20240911091500)
 (3078., 3086., 3074., 3078.,  71682., 1870544, 20240911093000)
 (3078., 3089., 3072., 3086.,  97927., 1875128, 20240911094500)
 (3086., 3102., 3085., 3100., 176521., 1888691, 20240911100000)
 (3101., 3108., 3092., 3097., 164851., 1883207, 20240911101500)
 (3098., 3114., 3096., 3108., 116600., 1892832, 20240911104500)
 (3107., 3112., 3094., 3094.,  90656., 1889437, 20240911110000)
 (3094., 3112., 3093., 3112.,  84821., 1893349, 20240911111500)
 (3111., 3113., 3101., 3110.,  72997., 1896215, 20240911113000)
 (3112., 3128., 3112., 3121., 233643., 1896069, 20240911134500)
 (3121., 3132., 3117., 3117., 136191., 1904543, 20240911140000)
 (3118., 3127., 3110., 3127., 105132., 1903175, 20240911141500)
 (3126., 3128., 3118., 3124.,  70448., 1907899, 20240911143000)
 (3124., 3133., 3122., 3128., 103411., 1911316, 20240911144500)
 (3129., 3138., 3125., 3137., 171389., 1880988, 20240911150000)]
2024-09-12 15:30:00  INFO  [(3139., 3147., 3132., 3138., 213936., 1884012, 20240911211500)
 (3138., 3154., 3134., 3149., 162928., 1896174, 20240911213000)
 (3148., 3150., 3140., 3144.,  98387., 1896425, 20240911214500)
 (3144., 3146., 3138., 3142.,  65443., 1897540, 20240911220000)
 (3142., 3145., 3130., 3134., 106019., 1898406, 20240911221500)
 (3134., 3141., 3134., 3137.,  60410., 1894253, 20240911223000)
 (3137., 3137., 3128., 3134.,  69802., 1890562, 20240911224500)
 (3133., 3139., 3126., 3133.,  83263., 1878467, 20240911230000)
 (3139., 3150., 3138., 3142., 137458., 1882262, 20240912091500)
 (3142., 3151., 3141., 3147.,  73851., 1882372, 20240912093000)
 (3147., 3167., 3147., 3166., 163730., 1881792, 20240912094500)
 (3166., 3171., 3151., 3151., 158178., 1874782, 20240912100000)
 (3152., 3153., 3141., 3141., 152887., 1870561, 20240912101500)
 (3141., 3144., 3135., 3136., 122245., 1868666, 20240912104500)
 (3135., 3151., 3133., 3149., 108258., 1868145, 20240912110000)
 (3150., 3156., 3147., 3154.,  88301., 1870140, 20240912111500)
 (3154., 3179., 3154., 3174., 255907., 1891312, 20240912113000)
 (3179., 3187., 3175., 3184., 242697., 1885011, 20240912134500)
 (3184., 3193., 3181., 3190., 154595., 1890994, 20240912140000)
 (3190., 3194., 3179., 3182., 140962., 1883716, 20240912141500)
 (3182., 3192., 3181., 3190.,  73521., 1877912, 20240912143000)
 (3190., 3191., 3181., 3187.,  77130., 1881081, 20240912144500)
 (3188., 3192., 3183., 3185., 118149., 1855494, 20240912150000)]
2024-09-13 15:30:00  INFO  [(3187., 3194., 3179., 3187., 196780., 1859001, 20240912211500)
 (3187., 3207., 3184., 3204., 214094., 1886616, 20240912213000)
 (3204., 3207., 3193., 3196., 117881., 1894322, 20240912214500)
 (3195., 3197., 3185., 3187., 115877., 1886118, 20240912220000)
 (3188., 3195., 3186., 3192.,  58029., 1887155, 20240912221500)
 (3192., 3196., 3188., 3188.,  45891., 1885026, 20240912223000)
 (3188., 3193., 3187., 3190.,  32002., 1883465, 20240912224500)
 (3189., 3197., 3189., 3196.,  59067., 1872545, 20240912230000)
 (3198., 3202., 3192., 3194.,  94956., 1877665, 20240913091500)
 (3194., 3215., 3194., 3211., 146197., 1878451, 20240913093000)
 (3212., 3216., 3202., 3210., 114766., 1876625, 20240913094500)
 (3211., 3217., 3201., 3212., 118882., 1874685, 20240913100000)
 (3212., 3219., 3206., 3216.,  81957., 1871617, 20240913101500)
 (3216., 3218., 3205., 3208.,  90270., 1874363, 20240913104500)
 (3208., 3215., 3207., 3210.,  61239., 1876533, 20240913110000)
 (3210., 3215., 3203., 3206.,  85691., 1878434, 20240913111500)
 (3206., 3214., 3191., 3193., 160986., 1864036, 20240913113000)
 (3193., 3197., 3185., 3190., 156823., 1862631, 20240913134500)
 (3190., 3193., 3186., 3190.,  85457., 1863423, 20240913140000)
 (3190., 3195., 3182., 3183.,  90900., 1855996, 20240913141500)
 (3183., 3192., 3183., 3191.,  85084., 1850680, 20240913143000)
 (3191., 3194., 3183., 3189.,  86247., 1837602, 20240913144500)
 (3188., 3193., 3170., 3190., 218987., 1802789, 20240913150000)]
2024-09-18 15:30:00  INFO  [(3210., 3215., 3203., 3206.,  85691., 1878434, 20240913111500)
 (3206., 3214., 3191., 3193., 160986., 1864036, 20240913113000)
 (3193., 3197., 3185., 3190., 156823., 1862631, 20240913134500)
 (3190., 3193., 3186., 3190.,  85457., 1863423, 20240913140000)
 (3190., 3195., 3182., 3183.,  90900., 1855996, 20240913141500)
 (3183., 3192., 3183., 3191.,  85084., 1850680, 20240913143000)
 (3191., 3194., 3183., 3189.,  86247., 1837602, 20240913144500)
 (3188., 3193., 3170., 3190., 218987., 1802789, 20240913150000)
 (3185., 3231., 3160., 3167., 586872., 1822504, 20240918091500)
 (3167., 3186., 3166., 3181., 174307., 1844840, 20240918093000)
 (3182., 3202., 3175., 3196., 185594., 1850792, 20240918094500)
 (3195., 3203., 3175., 3178., 142455., 1854624, 20240918100000)
 (3177., 3178., 3166., 3173., 144590., 1869204, 20240918101500)
 (3171., 3177., 3166., 3169.,  76809., 1873156, 20240918104500)
 (3168., 3178., 3168., 3172.,  50264., 1878381, 20240918110000)
 (3171., 3172., 3152., 3157., 161722., 1877097, 20240918111500)
 (3156., 3164., 3153., 3157.,  79838., 1879290, 20240918113000)
 (3155., 3160., 3123., 3140., 302261., 1874364, 20240918134500)
 (3140., 3153., 3138., 3151., 177351., 1884189, 20240918140000)
 (3151., 3161., 3145., 3158., 131977., 1893026, 20240918141500)
 (3157., 3165., 3153., 3160., 105978., 1891944, 20240918143000)
 (3160., 3176., 3156., 3166., 147194., 1884260, 20240918144500)
 (3166., 3166., 3146., 3150., 133710., 1871684, 20240918150000)]
2024-09-19 15:30:00  INFO  [(3157., 3157., 3145., 3153., 147589., 1882796, 20240918211500)
 (3153., 3164., 3152., 3161.,  96006., 1884586, 20240918213000)
 (3161., 3168., 3156., 3167.,  75699., 1888753, 20240918214500)
 (3167., 3169., 3162., 3162.,  60814., 1891407, 20240918220000)
 (3163., 3172., 3161., 3168.,  59894., 1886576, 20240918221500)
 (3168., 3176., 3162., 3173.,  87587., 1885382, 20240918223000)
 (3173., 3189., 3173., 3176., 129799., 1882945, 20240918224500)
 (3177., 3178., 3163., 3169.,  95177., 1862450, 20240918230000)
 (3173., 3195., 3150., 3154., 344991., 1906434, 20240919091500)
 (3154., 3156., 3135., 3148., 239018., 1917513, 20240919093000)
 (3148., 3151., 3138., 3142.,  94174., 1929410, 20240919094500)
 (3142., 3163., 3128., 3163., 225827., 1927485, 20240919100000)
 (3162., 3189., 3157., 3189., 315490., 1939873, 20240919101500)
 (3190., 3211., 3189., 3199., 333225., 1971771, 20240919104500)
 (3199., 3204., 3187., 3192., 129187., 1985564, 20240919110000)
 (3192., 3193., 3177., 3185., 127330., 1980061, 20240919111500)
 (3185., 3202., 3184., 3195., 120378., 1980268, 20240919113000)
 (3200., 3200., 3190., 3195., 111389., 1982361, 20240919134500)
 (3194., 3196., 3185., 3193.,  76082., 1986518, 20240919140000)
 (3194., 3197., 3187., 3195.,  72391., 1989169, 20240919141500)
 (3194., 3198., 3191., 3194.,  63244., 1989535, 20240919143000)
 (3193., 3202., 3191., 3194.,  84993., 1985681, 20240919144500)
 (3194., 3206., 3194., 3206., 117399., 1977224, 20240919150000)]
2024-09-20 15:30:00  INFO  [(3210., 3228., 3205., 3226., 310786., 1989636, 20240919211500)
 (3227., 3237., 3220., 3222., 211766., 1975236, 20240919213000)
 (3222., 3227., 3216., 3220., 120677., 1975239, 20240919214500)
 (3220., 3223., 3216., 3220.,  70186., 1981155, 20240919220000)
 (3220., 3222., 3218., 3221.,  41505., 1977065, 20240919221500)
 (3221., 3228., 3218., 3227.,  62407., 1971770, 20240919223000)
 (3227., 3233., 3225., 3233.,  96282., 1965619, 20240919224500)
 (3231., 3233., 3224., 3230.,  74719., 1952286, 20240919230000)
 (3231., 3236., 3193., 3194., 379484., 1954597, 20240920091500)
 (3194., 3200., 3188., 3193., 154803., 1958141, 20240920093000)
 (3194., 3195., 3186., 3190.,  95194., 1965421, 20240920094500)
 (3190., 3196., 3190., 3191.,  65494., 1970243, 20240920100000)
 (3191., 3203., 3177., 3200., 257001., 1952110, 20240920101500)
 (3201., 3206., 3196., 3201., 109034., 1952679, 20240920104500)
 (3201., 3204., 3186., 3190.,  99345., 1963948, 20240920110000)
 (3190., 3195., 3187., 3189.,  68305., 1967212, 20240920111500)
 (3189., 3198., 3183., 3183.,  71640., 1965827, 20240920113000)
 (3181., 3181., 3161., 3172., 310454., 1979463, 20240920134500)
 (3173., 3174., 3163., 3171.,  97473., 1995161, 20240920140000)
 (3171., 3176., 3160., 3160.,  98283., 1993099, 20240920141500)
 (3161., 3170., 3141., 3166., 286057., 1982662, 20240920143000)
 (3167., 3170., 3154., 3164., 119758., 1995272, 20240920144500)
 (3163., 3170., 3161., 3165., 110524., 1981675, 20240920150000)]
2024-09-23 15:30:00  INFO  [(3163., 3167., 3155., 3161., 184087., 1982747, 20240920211500)
 (3161., 3164., 3143., 3151., 149793., 1989938, 20240920213000)
 (3152., 3157., 3146., 3147.,  80613., 1997529, 20240920214500)
 (3147., 3152., 3145., 3150.,  66297., 2004988, 20240920220000)
 (3151., 3154., 3141., 3146.,  91503., 2004909, 20240920221500)
 (3145., 3146., 3135., 3139., 135232., 2003541, 20240920223000)
 (3138., 3140., 3112., 3118., 224576., 2011395, 20240920224500)
 (3119., 3125., 3106., 3109., 269568., 1999044, 20240920230000)
 (3109., 3132., 3103., 3120., 367607., 2000455, 20240923091500)
 (3120., 3122., 3091., 3101., 276942., 2014074, 20240923093000)
 (3101., 3115., 3089., 3114., 209752., 2027736, 20240923094500)
 (3115., 3118., 3104., 3114., 102456., 2030521, 20240923100000)
 (3114., 3116., 3093., 3099., 144677., 2037962, 20240923101500)
 (3100., 3113., 3095., 3111.,  98466., 2041540, 20240923104500)
 (3111., 3114., 3104., 3105.,  68153., 2039654, 20240923110000)
 (3106., 3110., 3099., 3102.,  55677., 2040764, 20240923111500)
 (3102., 3111., 3099., 3108.,  60406., 2038290, 20240923113000)
 (3105., 3116., 3105., 3110.,  88108., 2037605, 20240923134500)
 (3109., 3111., 3091., 3096., 120427., 2052808, 20240923140000)
 (3096., 3104., 3093., 3101.,  79271., 2062037, 20240923141500)
 (3101., 3107., 3094., 3100.,  82962., 2054523, 20240923143000)
 (3101., 3101., 3090., 3095.,  89632., 2048594, 20240923144500)
 (3095., 3099., 3084., 3087., 173896., 2029260, 20240923150000)]
2024-09-24 15:30:00  INFO  [(3090., 3102., 3089., 3096., 171987., 2041442, 20240923211500)
 (3096., 3102., 3094., 3100.,  60133., 2047161, 20240923213000)
 (3101., 3106., 3096., 3103.,  79872., 2050889, 20240923214500)
 (3102., 3107., 3099., 3103.,  70475., 2053478, 20240923220000)
 (3104., 3116., 3100., 3115., 133238., 2049163, 20240923221500)
 (3115., 3116., 3101., 3102., 110348., 2048022, 20240923223000)
 (3101., 3103., 3088., 3093., 154028., 2053001, 20240923224500)
 (3093., 3099., 3089., 3098.,  92104., 2041169, 20240923230000)
 (3100., 3176., 3099., 3162., 733309., 2009902, 20240924091500)
 (3164., 3168., 3149., 3153., 354621., 2020828, 20240924093000)
 (3152., 3160., 3141., 3145., 201470., 2020680, 20240924094500)
 (3144., 3144., 3124., 3136., 280660., 2031214, 20240924100000)
 (3136., 3142., 3126., 3135., 145563., 2021140, 20240924101500)
 (3136., 3141., 3125., 3131., 102212., 2024364, 20240924104500)
 (3131., 3159., 3130., 3155., 217224., 2010669, 20240924110000)
 (3155., 3158., 3149., 3154.,  92940., 2010051, 20240924111500)
 (3155., 3171., 3154., 3171., 197498., 1999260, 20240924113000)
 (3183., 3197., 3183., 3193., 405414., 1974990, 20240924134500)
 (3192., 3194., 3181., 3181., 128121., 1987860, 20240924140000)
 (3181., 3190., 3179., 3190., 100533., 1997009, 20240924141500)
 (3190., 3199., 3188., 3193., 138447., 1998071, 20240924143000)
 (3193., 3216., 3193., 3214., 293559., 1994038, 20240924144500)
 (3213., 3220., 3209., 3217., 227881., 1967551, 20240924150000)]
2024-09-25 15:30:00  INFO  [(3220., 3247., 3216., 3239., 515404., 1987204, 20240924211500)
 (3240., 3243., 3234., 3241., 167352., 1967648, 20240924213000)
 (3241., 3252., 3238., 3244., 173563., 1956584, 20240924214500)
 (3244., 3247., 3238., 3246.,  95963., 1958160, 20240924220000)
 (3246., 3251., 3242., 3247.,  75493., 1958858, 20240924221500)
 (3247., 3255., 3245., 3252., 103352., 1959518, 20240924223000)
 (3252., 3253., 3242., 3249.,  85126., 1958182, 20240924224500)
 (3249., 3257., 3249., 3250., 104508., 1936453, 20240924230000)
 (3260., 3288., 3260., 3266., 470122., 1927818, 20240925091500)
 (3266., 3273., 3256., 3258., 276839., 1918687, 20240925093000)
 (3258., 3269., 3255., 3263., 111813., 1919607, 20240925094500)
 (3263., 3267., 3256., 3266.,  91550., 1917908, 20240925100000)
 (3266., 3274., 3263., 3269.,  95221., 1911190, 20240925101500)
 (3268., 3268., 3257., 3264.,  86924., 1922850, 20240925104500)
 (3264., 3271., 3264., 3267.,  58487., 1918593, 20240925110000)
 (3267., 3267., 3257., 3261.,  88373., 1919777, 20240925111500)
 (3261., 3264., 3252., 3258., 114014., 1917445, 20240925113000)
 (3258., 3258., 3224., 3226., 382999., 1904549, 20240925134500)
 (3226., 3234., 3222., 3230., 171875., 1900722, 20240925140000)
 (3231., 3242., 3228., 3232., 112945., 1897493, 20240925141500)
 (3233., 3235., 3226., 3230.,  74152., 1896492, 20240925143000)
 (3231., 3234., 3224., 3227.,  79921., 1892853, 20240925144500)
 (3228., 3230., 3222., 3225., 117046., 1868854, 20240925150000)]
2024-09-26 15:30:00  INFO  [(3223., 3247., 3211., 3241., 328451., 1890058, 20240925211500)
 (3241., 3245., 3236., 3240., 106126., 1899682, 20240925213000)
 (3240., 3250., 3238., 3245., 130409., 1898365, 20240925214500)
 (3245., 3253., 3244., 3250.,  82371., 1895869, 20240925220000)
 (3250., 3255., 3245., 3252.,  77543., 1894617, 20240925221500)
 (3251., 3255., 3248., 3253.,  56676., 1890186, 20240925223000)
 (3252., 3259., 3249., 3259.,  65471., 1884948, 20240925224500)
 (3259., 3259., 3234., 3247., 207824., 1859741, 20240925230000)
 (3244., 3255., 3241., 3249., 144568., 1868827, 20240926091500)
 (3249., 3252., 3241., 3244.,  82721., 1871078, 20240926093000)
 (3244., 3251., 3243., 3244.,  46402., 1870343, 20240926094500)
 (3244., 3259., 3242., 3255., 124047., 1878202, 20240926100000)
 (3255., 3257., 3247., 3255.,  72971., 1880963, 20240926101500)
 (3257., 3264., 3246., 3253., 159039., 1880866, 20240926104500)
 (3254., 3255., 3241., 3248.,  87642., 1882696, 20240926110000)
 (3249., 3253., 3236., 3248., 126050., 1895077, 20240926111500)
 (3247., 3256., 3245., 3254., 112447., 1902920, 20240926113000)
 (3275., 3297., 3267., 3284., 520542., 1885094, 20240926134500)
 (3285., 3285., 3271., 3278., 147189., 1889047, 20240926140000)
 (3277., 3277., 3256., 3261., 223041., 1877382, 20240926141500)
 (3261., 3281., 3260., 3276., 173248., 1892952, 20240926143000)
 (3276., 3281., 3271., 3279.,  91575., 1892886, 20240926144500)
 (3279., 3285., 3277., 3281., 129433., 1871665, 20240926150000)]
2024-09-27 15:30:00  INFO  [(3305., 3322., 3295., 3308., 464583., 1881990, 20240926211500)
 (3308., 3316., 3301., 3315., 142095., 1888960, 20240926213000)
 (3315., 3323., 3313., 3316., 138643., 1883890, 20240926214500)
 (3315., 3316., 3296., 3307., 156323., 1874663, 20240926220000)
 (3307., 3315., 3306., 3314.,  66956., 1868340, 20240926221500)
 (3315., 3317., 3311., 3313.,  49729., 1863531, 20240926223000)
 (3312., 3319., 3306., 3309.,  61393., 1855635, 20240926224500)
 (3309., 3320., 3309., 3319.,  80553., 1839242, 20240926230000)
 (3317., 3326., 3312., 3318., 169119., 1826058, 20240927091500)
 (3318., 3335., 3313., 3331., 133532., 1819129, 20240927093000)
 (3332., 3332., 3311., 3316., 141688., 1813519, 20240927094500)
 (3317., 3321., 3312., 3319.,  74651., 1804137, 20240927100000)
 (3319., 3322., 3309., 3315.,  80936., 1804970, 20240927101500)
 (3312., 3322., 3312., 3320.,  62768., 1800908, 20240927104500)
 (3319., 3329., 3319., 3328.,  93023., 1790297, 20240927110000)
 (3328., 3340., 3326., 3333., 130899., 1796090, 20240927111500)
 (3333., 3346., 3331., 3345., 138270., 1794952, 20240927113000)
 (3345., 3349., 3307., 3320., 354087., 1763169, 20240927134500)
 (3320., 3324., 3306., 3315., 131763., 1756913, 20240927140000)
 (3314., 3324., 3313., 3321.,  91282., 1752442, 20240927141500)
 (3321., 3332., 3320., 3331., 100995., 1740501, 20240927143000)
 (3330., 3343., 3330., 3337., 111915., 1731401, 20240927144500)
 (3337., 3342., 3326., 3341., 139486., 1695940, 20240927150000)]
2024-09-30 15:30:00  INFO  [(3341., 3356., 3323., 3352., 259437., 1700614, 20240927211500)
 (3353., 3373., 3352., 3372., 185194., 1714128, 20240927213000)
 (3372., 3375., 3366., 3369., 112068., 1713055, 20240927214500)
 (3370., 3376., 3368., 3373.,  66402., 1712787, 20240927220000)
 (3373., 3378., 3371., 3378.,  73264., 1710783, 20240927221500)
 (3377., 3391., 3376., 3389., 126855., 1701740, 20240927223000)
 (3390., 3401., 3379., 3384., 172991., 1693554, 20240927224500)
 (3385., 3412., 3384., 3401., 149861., 1679980, 20240927230000)
 (3551., 3551., 3514., 3546., 681844., 1674756, 20240930091500)
 (3546., 3548., 3536., 3543., 150506., 1656182, 20240930093000)
 (3543., 3549., 3534., 3537., 131193., 1658746, 20240930094500)
 (3537., 3540., 3521., 3535., 176550., 1647248, 20240930100000)
 (3535., 3544., 3531., 3535., 101555., 1631603, 20240930101500)
 (3542., 3545., 3528., 3542., 111856., 1628867, 20240930104500)
 (3543., 3549., 3540., 3547.,  77039., 1631421, 20240930110000)
 (3546., 3551., 3545., 3550., 111491., 1645376, 20240930111500)
 (3551., 3551., 3549., 3551.,  30245., 1647010, 20240930113000)
 (3551., 3551., 3551., 3551.,  12880., 1639819, 20240930134500)
 (3551., 3551., 3551., 3551.,   4182., 1638599, 20240930140000)
 (3551., 3551., 3551., 3551.,   3336., 1636570, 20240930141500)
 (3551., 3551., 3551., 3551.,   5207., 1633242, 20240930143000)
 (3551., 3551., 3551., 3551.,   8950., 1626083, 20240930144500)
 (3551., 3551., 3551., 3551.,   5515., 1622556, 20240930150000)]
2024-10-08 15:30:00  INFO  [(3546., 3551., 3545., 3550.,  111491., 1645376, 20240930111500)
 (3551., 3551., 3549., 3551.,   30245., 1647010, 20240930113000)
 (3551., 3551., 3551., 3551.,   12880., 1639819, 20240930134500)
 (3551., 3551., 3551., 3551.,    4182., 1638599, 20240930140000)
 (3551., 3551., 3551., 3551.,    3336., 1636570, 20240930141500)
 (3551., 3551., 3551., 3551.,    5207., 1633242, 20240930143000)
 (3551., 3551., 3551., 3551.,    8950., 1626083, 20240930144500)
 (3551., 3551., 3551., 3551.,    5515., 1622556, 20240930150000)
 (3680., 3780., 3640., 3657., 1023542., 1610499, 20241008091500)
 (3657., 3695., 3655., 3690.,  251600., 1609147, 20241008093000)
 (3690., 3695., 3614., 3618.,  339317., 1617129, 20241008094500)
 (3618., 3647., 3604., 3642.,  217458., 1617449, 20241008100000)
 (3642., 3646., 3558., 3559.,  312565., 1592791, 20241008101500)
 (3555., 3575., 3516., 3574.,  422106., 1572173, 20241008104500)
 (3574., 3574., 3533., 3540.,  145238., 1578106, 20241008110000)
 (3541., 3563., 3536., 3556.,  117643., 1578256, 20241008111500)
 (3556., 3575., 3524., 3529.,  153403., 1580656, 20241008113000)
 (3522., 3530., 3460., 3479.,  416195., 1554652, 20241008134500)
 (3479., 3483., 3434., 3480.,  283647., 1550006, 20241008140000)
 (3479., 3488., 3453., 3463.,  157215., 1564848, 20241008141500)
 (3463., 3486., 3456., 3485.,  109132., 1564175, 20241008143000)
 (3484., 3505., 3475., 3478.,  162731., 1553404, 20241008144500)
 (3478., 3495., 3476., 3486.,  108753., 1540193, 20241008150000)]
2024-10-09 15:30:00  INFO  [(3500., 3500., 3476., 3481., 271234., 1582506, 20241008211500)
 (3481., 3485., 3464., 3478., 149646., 1591903, 20241008213000)
 (3478., 3498., 3478., 3492., 145462., 1601710, 20241008214500)
 (3491., 3504., 3480., 3497., 134873., 1611192, 20241008220000)
 (3498., 3502., 3488., 3493.,  70128., 1612832, 20241008221500)
 (3494., 3495., 3481., 3486.,  66229., 1607899, 20241008223000)
 (3486., 3496., 3483., 3494.,  57384., 1605548, 20241008224500)
 (3495., 3497., 3487., 3497.,  46561., 1594725, 20241008230000)
 (3496., 3532., 3489., 3520., 302925., 1621901, 20241009091500)
 (3520., 3532., 3489., 3511., 229634., 1616219, 20241009093000)
 (3511., 3516., 3493., 3509., 189176., 1623125, 20241009094500)
 (3508., 3522., 3499., 3501., 114022., 1631675, 20241009100000)
 (3502., 3504., 3491., 3503., 126761., 1636109, 20241009101500)
 (3500., 3506., 3485., 3505., 139938., 1634231, 20241009104500)
 (3504., 3509., 3493., 3495.,  95710., 1632541, 20241009110000)
 (3495., 3507., 3495., 3497.,  73944., 1629938, 20241009111500)
 (3497., 3498., 3468., 3493., 213182., 1623932, 20241009113000)
 (3520., 3545., 3511., 3531., 389670., 1633735, 20241009134500)
 (3530., 3541., 3518., 3521., 138138., 1636954, 20241009140000)
 (3521., 3528., 3510., 3518., 108555., 1641763, 20241009141500)
 (3518., 3520., 3495., 3507., 154294., 1639283, 20241009143000)
 (3507., 3512., 3490., 3491., 125354., 1641652, 20241009144500)
 (3491., 3497., 3450., 3466., 302132., 1622329, 20241009150000)]
2024-10-10 15:30:00  INFO  [(3450., 3459., 3415., 3422., 477454., 1669818, 20241009211500)
 (3422., 3428., 3417., 3419., 146936., 1679394, 20241009213000)
 (3420., 3426., 3412., 3426., 110914., 1686467, 20241009214500)
 (3426., 3447., 3424., 3445., 172726., 1686763, 20241009220000)
 (3444., 3447., 3429., 3436., 132773., 1690536, 20241009221500)
 (3436., 3440., 3432., 3433.,  60521., 1689599, 20241009223000)
 (3432., 3443., 3432., 3440.,  60030., 1689467, 20241009224500)
 (3439., 3470., 3435., 3469., 156028., 1667100, 20241009230000)
 (3476., 3485., 3472., 3475., 233221., 1672668, 20241010091500)
 (3475., 3484., 3468., 3481.,  98321., 1676451, 20241010093000)
 (3482., 3485., 3458., 3476., 172584., 1679936, 20241010094500)
 (3476., 3479., 3456., 3466., 131011., 1691160, 20241010100000)
 (3465., 3475., 3454., 3459., 108715., 1696028, 20241010101500)
 (3465., 3480., 3465., 3478., 126286., 1683813, 20241010104500)
 (3478., 3494., 3475., 3486., 139255., 1678138, 20241010110000)
 (3485., 3506., 3482., 3501., 149894., 1680432, 20241010111500)
 (3500., 3511., 3489., 3505., 155572., 1682022, 20241010113000)
 (3500., 3500., 3475., 3493., 276105., 1703948, 20241010134500)
 (3493., 3500., 3475., 3480., 154373., 1725293, 20241010140000)
 (3480., 3485., 3464., 3482., 166013., 1720787, 20241010141500)
 (3481., 3482., 3468., 3469.,  98465., 1717391, 20241010143000)
 (3469., 3488., 3447., 3447., 216200., 1718895, 20241010144500)
 (3447., 3456., 3434., 3442., 263266., 1703228, 20241010150000)]
2024-10-11 15:30:00  INFO  [(3442., 3467., 3440., 3462., 307434., 1732762, 20241010211500)
 (3463., 3478., 3459., 3476., 146318., 1739682, 20241010213000)
 (3476., 3476., 3467., 3469., 107654., 1728824, 20241010214500)
 (3468., 3472., 3464., 3471.,  73934., 1729584, 20241010220000)
 (3471., 3478., 3457., 3465., 144714., 1725178, 20241010221500)
 (3465., 3469., 3461., 3466.,  56796., 1725026, 20241010223000)
 (3466., 3475., 3456., 3475.,  88939., 1719035, 20241010224500)
 (3474., 3474., 3462., 3472.,  67692., 1711754, 20241010230000)
 (3475., 3484., 3457., 3470., 188999., 1729207, 20241011091500)
 (3469., 3472., 3452., 3453.,  96255., 1736234, 20241011093000)
 (3453., 3466., 3446., 3466., 173542., 1741274, 20241011094500)
 (3467., 3474., 3459., 3469., 112768., 1732322, 20241011100000)
 (3469., 3469., 3438., 3443., 138877., 1738176, 20241011101500)
 (3442., 3452., 3423., 3442., 208334., 1767348, 20241011104500)
 (3443., 3458., 3442., 3457., 106379., 1761903, 20241011110000)
 (3456., 3462., 3444., 3447.,  90449., 1758826, 20241011111500)
 (3446., 3464., 3442., 3450., 107354., 1756148, 20241011113000)
 (3451., 3458., 3438., 3444., 148400., 1761236, 20241011134500)
 (3444., 3445., 3431., 3437., 152146., 1789899, 20241011140000)
 (3437., 3445., 3427., 3428., 142023., 1806799, 20241011141500)
 (3428., 3439., 3421., 3437., 134373., 1797115, 20241011143000)
 (3438., 3443., 3429., 3443.,  86765., 1782360, 20241011144500)
 (3444., 3472., 3443., 3468., 318036., 1752309, 20241011150000)]
2024-10-14 15:30:00  INFO  [(3472., 3479., 3436., 3452., 333996., 1790805, 20241011211500)
 (3452., 3465., 3449., 3460., 138661., 1791449, 20241011213000)
 (3461., 3469., 3459., 3464.,  96526., 1798187, 20241011214500)
 (3465., 3475., 3460., 3473., 118885., 1802238, 20241011220000)
 (3472., 3480., 3469., 3471., 105392., 1806971, 20241011221500)
 (3471., 3509., 3470., 3503., 275357., 1806140, 20241011223000)
 (3503., 3509., 3483., 3500., 194432., 1796452, 20241011224500)
 (3501., 3524., 3497., 3520., 241533., 1784380, 20241011230000)
 (3501., 3511., 3466., 3496., 565287., 1749366, 20241014091500)
 (3496., 3515., 3490., 3506., 147504., 1748725, 20241014093000)
 (3507., 3513., 3487., 3496., 235827., 1750407, 20241014094500)
 (3496., 3508., 3490., 3492., 116854., 1762545, 20241014100000)
 (3493., 3493., 3469., 3481., 225252., 1772207, 20241014101500)
 (3475., 3486., 3473., 3484., 100947., 1777981, 20241014104500)
 (3483., 3507., 3483., 3501., 162199., 1757028, 20241014110000)
 (3502., 3528., 3498., 3526., 178790., 1759253, 20241014111500)
 (3527., 3531., 3511., 3517., 162563., 1760587, 20241014113000)
 (3530., 3534., 3508., 3517., 152897., 1766434, 20241014134500)
 (3516., 3518., 3506., 3517.,  83733., 1765059, 20241014140000)
 (3517., 3518., 3495., 3501., 114143., 1757578, 20241014141500)
 (3501., 3514., 3494., 3509., 107427., 1758327, 20241014143000)
 (3508., 3513., 3500., 3510.,  69620., 1757727, 20241014144500)
 (3510., 3510., 3490., 3502., 121306., 1740933, 20241014150000)]
2024-10-15 15:30:00  INFO  [(3499., 3499., 3477., 3481., 247983., 1770305, 20241014211500)
 (3480., 3486., 3461., 3468., 209753., 1783982, 20241014213000)
 (3468., 3491., 3467., 3490., 165237., 1777434, 20241014214500)
 (3490., 3506., 3488., 3503., 199582., 1767898, 20241014220000)
 (3503., 3508., 3495., 3497., 139026., 1771058, 20241014221500)
 (3497., 3500., 3486., 3491., 124653., 1770549, 20241014223000)
 (3492., 3497., 3487., 3490.,  64311., 1773246, 20241014224500)
 (3489., 3493., 3481., 3484.,  99662., 1760980, 20241014230000)
 (3483., 3487., 3474., 3481., 146286., 1789322, 20241015091500)
 (3482., 3486., 3472., 3480.,  99500., 1795253, 20241015093000)
 (3480., 3486., 3474., 3483.,  97998., 1800247, 20241015094500)
 (3484., 3491., 3477., 3484., 108847., 1796936, 20241015100000)
 (3484., 3493., 3483., 3492.,  93171., 1794941, 20241015101500)
 (3493., 3501., 3486., 3487., 152553., 1782828, 20241015104500)
 (3487., 3500., 3477., 3489., 165900., 1776842, 20241015110000)
 (3488., 3494., 3482., 3491.,  72951., 1772514, 20241015111500)
 (3490., 3508., 3485., 3507., 143575., 1764607, 20241015113000)
 (3487., 3512., 3479., 3495., 389551., 1771796, 20241015134500)
 (3495., 3506., 3491., 3491., 156659., 1764850, 20241015140000)
 (3491., 3495., 3481., 3487., 142456., 1779302, 20241015141500)
 (3488., 3488., 3468., 3477., 195084., 1804332, 20241015143000)
 (3476., 3495., 3469., 3480., 242109., 1791933, 20241015144500)
 (3479., 3481., 3467., 3467., 127246., 1781904, 20241015150000)]
2024-10-16 15:30:00  INFO  [(3470., 3497., 3470., 3496., 344996., 1761330, 20241015211500)
 (3495., 3502., 3492., 3501., 157361., 1770310, 20241015213000)
 (3501., 3502., 3475., 3481., 210857., 1756357, 20241015214500)
 (3482., 3492., 3479., 3489., 123832., 1748340, 20241015220000)
 (3489., 3494., 3485., 3487.,  71763., 1749044, 20241015221500)
 (3488., 3493., 3484., 3486.,  63487., 1749794, 20241015223000)
 (3485., 3487., 3478., 3482., 100222., 1747237, 20241015224500)
 (3482., 3484., 3477., 3481.,  73970., 1743255, 20241015230000)
 (3478., 3485., 3450., 3473., 291249., 1764427, 20241016091500)
 (3473., 3477., 3454., 3456., 157600., 1801436, 20241016093000)
 (3456., 3480., 3454., 3476., 187302., 1787141, 20241016094500)
 (3476., 3480., 3472., 3477.,  88075., 1786097, 20241016100000)
 (3477., 3479., 3456., 3464., 169386., 1802605, 20241016101500)
 (3458., 3468., 3457., 3462.,  86012., 1812296, 20241016104500)
 (3462., 3476., 3461., 3474.,  98392., 1798777, 20241016110000)
 (3475., 3496., 3470., 3491., 227366., 1792362, 20241016111500)
 (3491., 3492., 3467., 3471., 151059., 1772688, 20241016113000)
 (3466., 3475., 3464., 3474., 150132., 1787404, 20241016134500)
 (3474., 3478., 3460., 3467., 141272., 1810629, 20241016140000)
 (3468., 3468., 3456., 3463., 122041., 1834519, 20241016141500)
 (3463., 3474., 3462., 3472.,  97900., 1818269, 20241016143000)
 (3472., 3474., 3456., 3459., 154118., 1839839, 20241016144500)
 (3459., 3461., 3444., 3447., 211010., 1859839, 20241016150000)]
2024-10-17 15:30:00  INFO  [(3450., 3465., 3448., 3453., 217769., 1869790, 20241016211500)
 (3453., 3457., 3444., 3449., 117581., 1885279, 20241016213000)
 (3449., 3453., 3445., 3451.,  66982., 1886547, 20241016214500)
 (3450., 3460., 3449., 3459.,  97115., 1874810, 20241016220000)
 (3459., 3466., 3457., 3464., 119035., 1862479, 20241016221500)
 (3464., 3470., 3461., 3469.,  76918., 1860098, 20241016223000)
 (3470., 3472., 3459., 3464.,  87809., 1853572, 20241016224500)
 (3463., 3475., 3463., 3471., 101189., 1838458, 20241016230000)
 (3472., 3484., 3465., 3466., 156738., 1855586, 20241017091500)
 (3466., 3476., 3465., 3474.,  66661., 1860426, 20241017093000)
 (3474., 3474., 3458., 3466., 129730., 1861836, 20241017094500)
 (3467., 3469., 3458., 3463.,  91335., 1868239, 20241017100000)
 (3463., 3486., 3448., 3451., 428638., 1885573, 20241017101500)
 (3446., 3446., 3366., 3377., 886307., 1954696, 20241017104500)
 (3375., 3402., 3369., 3383., 369488., 1950053, 20241017110000)
 (3383., 3386., 3353., 3364., 361104., 1955655, 20241017111500)
 (3364., 3370., 3345., 3354., 239051., 1955955, 20241017113000)
 (3355., 3364., 3343., 3348., 243425., 1956612, 20241017134500)
 (3348., 3355., 3342., 3342., 130580., 1963125, 20241017140000)
 (3343., 3345., 3321., 3322., 238804., 1951882, 20241017141500)
 (3322., 3330., 3310., 3329., 272692., 1932441, 20241017143000)
 (3330., 3337., 3320., 3327., 198305., 1930738, 20241017144500)
 (3326., 3327., 3300., 3300., 206070., 1898835, 20241017150000)]
2024-10-18 15:30:00  INFO  [(3311., 3322., 3295., 3318., 357306., 1900775, 20241017211500)
 (3318., 3329., 3316., 3321., 152056., 1893222, 20241017213000)
 (3321., 3328., 3321., 3324.,  71070., 1888711, 20241017214500)
 (3324., 3325., 3317., 3320.,  63883., 1883498, 20241017220000)
 (3321., 3322., 3308., 3315., 111101., 1882216, 20241017221500)
 (3315., 3315., 3303., 3304.,  77222., 1882068, 20241017223000)
 (3303., 3313., 3303., 3305.,  71170., 1886070, 20241017224500)
 (3305., 3310., 3285., 3291., 157808., 1879128, 20241017230000)
 (3293., 3312., 3293., 3310., 169930., 1881684, 20241018091500)
 (3309., 3312., 3304., 3305.,  79886., 1879948, 20241018093000)
 (3304., 3310., 3294., 3302., 121249., 1881665, 20241018094500)
 (3302., 3303., 3289., 3292.,  94542., 1885261, 20241018100000)
 (3291., 3301., 3284., 3288., 138065., 1894302, 20241018101500)
 (3293., 3323., 3293., 3312., 268390., 1889668, 20241018104500)
 (3312., 3322., 3307., 3309., 120540., 1887493, 20241018110000)
 (3309., 3310., 3295., 3299., 102970., 1889047, 20241018111500)
 (3300., 3301., 3290., 3296., 126446., 1887055, 20241018113000)
 (3325., 3338., 3315., 3337., 381207., 1874035, 20241018134500)
 (3337., 3346., 3332., 3344., 214182., 1865277, 20241018140000)
 (3344., 3349., 3331., 3337., 150609., 1861755, 20241018141500)
 (3337., 3347., 3337., 3342.,  97895., 1855025, 20241018143000)
 (3342., 3384., 3341., 3361., 407856., 1830550, 20241018144500)
 (3362., 3364., 3327., 3336., 367562., 1804647, 20241018150000)]
2024-10-21 15:30:00  INFO  [(3350., 3355., 3335., 3346., 199911., 1820706, 20241018211500)
 (3346., 3362., 3343., 3358., 155055., 1823247, 20241018213000)
 (3359., 3365., 3347., 3352., 144724., 1820485, 20241018214500)
 (3353., 3360., 3348., 3357.,  75609., 1818081, 20241018220000)
 (3358., 3358., 3343., 3348.,  86426., 1812413, 20241018221500)
 (3348., 3351., 3337., 3344.,  92425., 1804630, 20241018223000)
 (3344., 3352., 3342., 3346.,  63801., 1807904, 20241018224500)
 (3345., 3354., 3340., 3348.,  83150., 1788944, 20241018230000)
 (3353., 3371., 3353., 3361., 242546., 1791584, 20241021091500)
 (3361., 3365., 3355., 3359.,  95847., 1793449, 20241021093000)
 (3359., 3360., 3344., 3347., 138991., 1801145, 20241021094500)
 (3347., 3353., 3340., 3348., 106907., 1804744, 20241021100000)
 (3348., 3363., 3347., 3362., 115125., 1797489, 20241021101500)
 (3365., 3376., 3360., 3362., 166330., 1801875, 20241021104500)
 (3362., 3368., 3356., 3362.,  63225., 1802208, 20241021110000)
 (3362., 3368., 3356., 3366.,  59394., 1804869, 20241021111500)
 (3366., 3368., 3354., 3366.,  74284., 1801023, 20241021113000)
 (3354., 3359., 3349., 3358., 116649., 1804361, 20241021134500)
 (3357., 3358., 3347., 3349.,  71024., 1811999, 20241021140000)
 (3349., 3358., 3348., 3356.,  65455., 1806509, 20241021141500)
 (3357., 3358., 3349., 3354.,  46056., 1805721, 20241021143000)
 (3353., 3359., 3351., 3357.,  47653., 1801919, 20241021144500)
 (3357., 3365., 3352., 3358., 105965., 1778378, 20241021150000)]
2024-10-22 15:30:00  INFO  [(3358., 3363., 3350., 3360., 124729., 1788999, 20241021211500)
 (3360., 3367., 3356., 3362.,  69865., 1790858, 20241021213000)
 (3363., 3364., 3353., 3360., 110634., 1775363, 20241021214500)
 (3360., 3361., 3353., 3358.,  56666., 1774868, 20241021220000)
 (3358., 3358., 3348., 3354.,  93154., 1781408, 20241021221500)
 (3353., 3356., 3340., 3346.,  99999., 1782895, 20241021223000)
 (3346., 3348., 3325., 3339., 184441., 1766247, 20241021224500)
 (3339., 3339., 3322., 3326., 155688., 1763348, 20241021230000)
 (3326., 3332., 3314., 3321., 155331., 1773142, 20241022091500)
 (3322., 3329., 3320., 3322.,  67207., 1777477, 20241022093000)
 (3323., 3334., 3321., 3331.,  92108., 1777365, 20241022094500)
 (3331., 3332., 3322., 3322.,  65431., 1779862, 20241022100000)
 (3323., 3330., 3320., 3322.,  64830., 1784379, 20241022101500)
 (3323., 3326., 3302., 3302., 179936., 1795439, 20241022104500)
 (3302., 3310., 3300., 3308., 127963., 1803868, 20241022110000)
 (3309., 3328., 3308., 3321., 159881., 1791531, 20241022111500)
 (3321., 3333., 3315., 3332., 107682., 1792345, 20241022113000)
 (3327., 3328., 3319., 3321., 101845., 1797212, 20241022134500)
 (3321., 3332., 3314., 3327.,  96164., 1797594, 20241022140000)
 (3327., 3348., 3327., 3339., 191078., 1783460, 20241022141500)
 (3339., 3347., 3337., 3345.,  96372., 1779891, 20241022143000)
 (3345., 3345., 3328., 3328.,  97064., 1769716, 20241022144500)
 (3328., 3350., 3315., 3349., 237277., 1751263, 20241022150000)]
2024-10-23 15:30:00  INFO  [(3342., 3355., 3338., 3346., 185591., 1788660, 20241022211500)
 (3345., 3351., 3340., 3346.,  90446., 1799899, 20241022213000)
 (3345., 3346., 3340., 3343.,  45670., 1798668, 20241022214500)
 (3342., 3345., 3336., 3339.,  64606., 1797763, 20241022220000)
 (3339., 3347., 3337., 3343.,  51827., 1796849, 20241022221500)
 (3343., 3347., 3340., 3344.,  30710., 1794582, 20241022223000)
 (3344., 3350., 3343., 3349.,  42269., 1790039, 20241022224500)
 (3349., 3351., 3345., 3347.,  48417., 1778651, 20241022230000)
 (3347., 3350., 3336., 3338.,  92043., 1785485, 20241023091500)
 (3338., 3342., 3333., 3334.,  78442., 1793628, 20241023093000)
 (3334., 3339., 3326., 3335.,  84587., 1796474, 20241023094500)
 (3335., 3342., 3330., 3337.,  71748., 1791225, 20241023100000)
 (3338., 3345., 3331., 3339.,  95201., 1788565, 20241023101500)
 (3339., 3340., 3318., 3321., 179358., 1801695, 20241023104500)
 (3320., 3325., 3318., 3321.,  82480., 1804045, 20241023110000)
 (3322., 3336., 3320., 3335.,  94183., 1799086, 20241023111500)
 (3334., 3336., 3323., 3334.,  84285., 1795208, 20241023113000)
 (3335., 3362., 3335., 3342., 317923., 1785332, 20241023134500)
 (3342., 3347., 3340., 3346.,  74307., 1788011, 20241023140000)
 (3346., 3346., 3324., 3332., 182333., 1784598, 20241023141500)
 (3332., 3339., 3327., 3330.,  88503., 1792222, 20241023143000)
 (3329., 3331., 3311., 3312., 228570., 1804418, 20241023144500)
 (3313., 3321., 3308., 3316., 165654., 1807359, 20241023150000)]
2024-10-24 15:30:00  INFO  [(3307., 3319., 3303., 3309., 151791., 1809914, 20241023211500)
 (3309., 3315., 3308., 3313.,  54438., 1815905, 20241023213000)
 (3312., 3320., 3304., 3319., 129481., 1818178, 20241023214500)
 (3319., 3320., 3314., 3317.,  77076., 1819183, 20241023220000)
 (3317., 3318., 3311., 3316.,  48352., 1818117, 20241023221500)
 (3315., 3325., 3315., 3323.,  96468., 1812358, 20241023223000)
 (3324., 3327., 3317., 3322.,  66135., 1802932, 20241023224500)
 (3323., 3324., 3316., 3321.,  45448., 1790103, 20241023230000)
 (3322., 3325., 3307., 3310., 124042., 1813484, 20241024091500)
 (3311., 3315., 3308., 3308.,  51006., 1823837, 20241024093000)
 (3309., 3318., 3295., 3312., 160846., 1822550, 20241024094500)
 (3312., 3316., 3306., 3309.,  81110., 1826826, 20241024100000)
 (3309., 3320., 3302., 3307., 128751., 1825568, 20241024101500)
 (3308., 3323., 3308., 3309., 129600., 1821345, 20241024104500)
 (3308., 3315., 3303., 3309., 104437., 1824747, 20241024110000)
 (3309., 3316., 3309., 3311.,  48846., 1823087, 20241024111500)
 (3311., 3316., 3307., 3315.,  66426., 1817155, 20241024113000)
 (3309., 3309., 3290., 3298., 240505., 1836890, 20241024134500)
 (3298., 3306., 3291., 3296., 153571., 1840321, 20241024140000)
 (3296., 3308., 3293., 3307., 116245., 1835959, 20241024141500)
 (3307., 3319., 3303., 3315., 163891., 1831794, 20241024143000)
 (3314., 3332., 3313., 3328., 192804., 1818101, 20241024144500)
 (3329., 3340., 3326., 3330., 209831., 1802226, 20241024150000)]
2024-10-25 15:30:00  INFO  [(3332., 3348., 3329., 3343., 206699., 1803748, 20241024211500)
 (3344., 3368., 3339., 3361., 272687., 1792621, 20241024213000)
 (3361., 3370., 3358., 3367., 172219., 1801360, 20241024214500)
 (3367., 3368., 3358., 3363., 101595., 1805595, 20241024220000)
 (3364., 3379., 3363., 3369., 184787., 1795840, 20241024221500)
 (3369., 3371., 3363., 3365.,  79098., 1791975, 20241024223000)
 (3365., 3370., 3359., 3364.,  80693., 1787425, 20241024224500)
 (3365., 3366., 3345., 3365., 172348., 1764152, 20241024230000)
 (3364., 3365., 3352., 3355., 111071., 1762973, 20241025091500)
 (3356., 3357., 3349., 3355.,  59235., 1761735, 20241025093000)
 (3355., 3361., 3350., 3359.,  71938., 1763615, 20241025094500)
 (3359., 3361., 3349., 3350.,  62604., 1760672, 20241025100000)
 (3350., 3362., 3345., 3362., 108284., 1754323, 20241025101500)
 (3361., 3364., 3355., 3364.,  77692., 1760592, 20241025104500)
 (3364., 3377., 3362., 3370., 153250., 1770371, 20241025110000)
 (3369., 3374., 3362., 3362.,  84559., 1770290, 20241025111500)
 (3363., 3374., 3359., 3373.,  80038., 1771258, 20241025113000)
 (3376., 3389., 3372., 3379., 184702., 1761321, 20241025134500)
 (3379., 3379., 3371., 3379.,  54348., 1758962, 20241025140000)
 (3378., 3380., 3367., 3375.,  86360., 1759189, 20241025141500)
 (3373., 3374., 3364., 3370.,  65247., 1752338, 20241025143000)
 (3370., 3377., 3366., 3372.,  61556., 1748441, 20241025144500)
 (3372., 3379., 3370., 3376.,  86320., 1728168, 20241025150000)]
2024-10-28 15:30:00  INFO  [(3380., 3409., 3372., 3401., 310951., 1747463, 20241025211500)
 (3401., 3413., 3397., 3412., 164964., 1767776, 20241025213000)
 (3412., 3419., 3412., 3415., 143563., 1779172, 20241025214500)
 (3415., 3427., 3414., 3424., 139576., 1786419, 20241025220000)
 (3425., 3432., 3422., 3430., 124377., 1791442, 20241025221500)
 (3430., 3435., 3425., 3425.,  93695., 1793810, 20241025223000)
 (3425., 3436., 3423., 3436.,  81220., 1795220, 20241025224500)
 (3435., 3447., 3432., 3442., 188818., 1774391, 20241025230000)
 (3449., 3455., 3432., 3439., 313125., 1780326, 20241028091500)
 (3438., 3447., 3435., 3441.,  84497., 1779193, 20241028093000)
 (3442., 3442., 3430., 3432.,  86683., 1779115, 20241028094500)
 (3433., 3437., 3430., 3437.,  74261., 1774460, 20241028100000)
 (3438., 3452., 3436., 3450., 104774., 1780923, 20241028101500)
 (3449., 3463., 3445., 3458., 143538., 1783807, 20241028104500)
 (3458., 3468., 3457., 3466., 109104., 1796123, 20241028110000)
 (3466., 3474., 3459., 3461., 126914., 1794560, 20241028111500)
 (3461., 3471., 3460., 3469.,  68263., 1792609, 20241028113000)
 (3468., 3479., 3465., 3470., 125456., 1810202, 20241028134500)
 (3469., 3472., 3465., 3467.,  62854., 1810205, 20241028140000)
 (3467., 3470., 3460., 3464.,  83737., 1811971, 20241028141500)
 (3465., 3466., 3448., 3453., 141271., 1804455, 20241028143000)
 (3453., 3453., 3444., 3450.,  99772., 1793188, 20241028144500)
 (3450., 3461., 3448., 3451., 125968., 1778152, 20241028150000)]
2024-10-29 15:30:00  INFO  [(3450., 3460., 3444., 3456., 154142., 1788148, 20241028211500)
 (3456., 3457., 3450., 3456.,  76950., 1786905, 20241028213000)
 (3457., 3460., 3453., 3456.,  63507., 1783535, 20241028214500)
 (3456., 3457., 3452., 3457.,  33061., 1782402, 20241028220000)
 (3458., 3460., 3452., 3454.,  53768., 1774222, 20241028221500)
 (3454., 3455., 3444., 3448.,  77622., 1772766, 20241028223000)
 (3449., 3451., 3437., 3441.,  80517., 1765992, 20241028224500)
 (3441., 3451., 3441., 3449.,  72941., 1756983, 20241028230000)
 (3449., 3449., 3441., 3444.,  71249., 1760624, 20241029091500)
 (3444., 3446., 3440., 3445.,  44920., 1763431, 20241029093000)
 (3446., 3446., 3432., 3433.,  98398., 1764902, 20241029094500)
 (3433., 3440., 3425., 3439., 158253., 1764279, 20241029100000)
 (3440., 3441., 3431., 3439.,  71776., 1764689, 20241029101500)
 (3443., 3446., 3432., 3435.,  85282., 1764556, 20241029104500)
 (3435., 3438., 3430., 3433.,  42937., 1767785, 20241029110000)
 (3432., 3432., 3423., 3423.,  90938., 1774474, 20241029111500)
 (3424., 3429., 3416., 3416., 109828., 1774046, 20241029113000)
 (3414., 3419., 3411., 3416., 126366., 1776910, 20241029134500)
 (3417., 3420., 3412., 3418.,  53764., 1776095, 20241029140000)
 (3418., 3422., 3411., 3414.,  77236., 1779318, 20241029141500)
 (3414., 3428., 3414., 3425., 107971., 1774517, 20241029143000)
 (3425., 3429., 3415., 3419.,  91314., 1770035, 20241029144500)
 (3419., 3423., 3412., 3422.,  85327., 1762609, 20241029150000)]
2024-10-30 15:30:00  INFO  [(3451., 3466., 3440., 3465., 351598., 1769067, 20241029211500)
 (3465., 3469., 3444., 3446., 185108., 1763103, 20241029213000)
 (3446., 3454., 3446., 3449.,  99822., 1769721, 20241029214500)
 (3450., 3451., 3434., 3439., 112715., 1767325, 20241029220000)
 (3439., 3444., 3433., 3441.,  67785., 1771373, 20241029221500)
 (3440., 3449., 3437., 3449.,  61071., 1771911, 20241029223000)
 (3448., 3451., 3444., 3447.,  45257., 1772060, 20241029224500)
 (3446., 3449., 3439., 3448.,  63310., 1759973, 20241029230000)
 (3446., 3447., 3436., 3440.,  77743., 1759847, 20241030091500)
 (3439., 3442., 3429., 3430.,  79615., 1759960, 20241030093000)
 (3430., 3442., 3428., 3438.,  75878., 1761386, 20241030094500)
 (3438., 3444., 3434., 3443.,  57232., 1759281, 20241030100000)
 (3442., 3445., 3436., 3438.,  50882., 1756013, 20241030101500)
 (3437., 3437., 3424., 3434., 130684., 1755700, 20241030104500)
 (3434., 3439., 3433., 3434.,  51677., 1752849, 20241030110000)
 (3435., 3441., 3428., 3433.,  56630., 1750185, 20241030111500)
 (3432., 3435., 3417., 3418., 107490., 1750325, 20241030113000)
 (3411., 3421., 3403., 3420., 159429., 1754109, 20241030134500)
 (3420., 3426., 3415., 3421.,  73741., 1754075, 20241030140000)
 (3421., 3426., 3418., 3426.,  52039., 1752297, 20241030141500)
 (3426., 3430., 3421., 3430.,  62266., 1753579, 20241030143000)
 (3429., 3445., 3428., 3445., 126377., 1747832, 20241030144500)
 (3444., 3445., 3435., 3442., 103842., 1732080, 20241030150000)]
2024-10-31 15:30:00  INFO  [(3445., 3448., 3433., 3435., 132532., 1736820, 20241030211500)
 (3435., 3436., 3421., 3423., 128896., 1747405, 20241030213000)
 (3422., 3427., 3420., 3425.,  81153., 1754697, 20241030214500)
 (3425., 3436., 3424., 3434.,  76695., 1750711, 20241030220000)
 (3434., 3448., 3432., 3445., 114974., 1739148, 20241030221500)
 (3446., 3447., 3438., 3440.,  83177., 1733471, 20241030223000)
 (3439., 3443., 3435., 3439.,  45481., 1733666, 20241030224500)
 (3440., 3442., 3435., 3438.,  43959., 1724020, 20241030230000)
 (3438., 3441., 3430., 3433.,  70174., 1725309, 20241031091500)
 (3433., 3441., 3432., 3438.,  48598., 1730388, 20241031093000)
 (3438., 3441., 3432., 3439.,  48890., 1731495, 20241031094500)
 (3438., 3444., 3427., 3435., 102769., 1735035, 20241031100000)
 (3435., 3442., 3426., 3429., 118481., 1746505, 20241031101500)
 (3429., 3451., 3429., 3445., 190312., 1750320, 20241031104500)
 (3444., 3446., 3434., 3440.,  82166., 1744179, 20241031110000)
 (3440., 3448., 3439., 3448.,  61933., 1748709, 20241031111500)
 (3447., 3449., 3430., 3432.,  92586., 1741182, 20241031113000)
 (3427., 3436., 3426., 3435., 114385., 1747064, 20241031134500)
 (3435., 3435., 3426., 3435.,  55915., 1747577, 20241031140000)
 (3435., 3441., 3433., 3437.,  54550., 1742334, 20241031141500)
 (3436., 3439., 3429., 3430.,  45319., 1742740, 20241031143000)
 (3431., 3432., 3417., 3420., 174994., 1743683, 20241031144500)
 (3419., 3430., 3419., 3427.,  89860., 1726259, 20241031150000)]
2024-11-01 15:30:00  INFO  [(3425., 3434., 3425., 3430., 102352., 1726693, 20241031211500)
 (3431., 3432., 3422., 3423.,  51760., 1735861, 20241031213000)
 (3423., 3423., 3410., 3418., 125721., 1745477, 20241031214500)
 (3417., 3419., 3410., 3412.,  54277., 1751494, 20241031220000)
 (3411., 3413., 3391., 3402., 219222., 1745896, 20241031221500)
 (3402., 3413., 3397., 3398., 103294., 1754308, 20241031223000)
 (3399., 3400., 3392., 3394., 111217., 1769894, 20241031224500)
 (3394., 3403., 3370., 3378., 154501., 1749425, 20241031230000)
 (3382., 3395., 3378., 3395., 142502., 1749996, 20241101091500)
 (3395., 3403., 3393., 3396., 111789., 1748235, 20241101093000)
 (3396., 3407., 3394., 3397.,  96227., 1742521, 20241101094500)
 (3398., 3409., 3397., 3406.,  71577., 1734663, 20241101100000)
 (3406., 3406., 3381., 3382., 101131., 1728405, 20241101101500)
 (3392., 3402., 3386., 3398., 126617., 1730822, 20241101104500)
 (3398., 3403., 3390., 3395.,  79321., 1734197, 20241101110000)
 (3395., 3398., 3388., 3398.,  48528., 1731607, 20241101111500)
 (3397., 3414., 3393., 3414., 130927., 1721482, 20241101113000)
 (3407., 3407., 3397., 3404., 114432., 1719852, 20241101134500)
 (3404., 3408., 3399., 3405.,  50368., 1719710, 20241101140000)
 (3405., 3409., 3390., 3390.,  97245., 1719439, 20241101141500)
 (3391., 3393., 3382., 3390., 109638., 1728550, 20241101143000)
 (3390., 3400., 3389., 3394.,  80278., 1720086, 20241101144500)
 (3393., 3403., 3389., 3393.,  98877., 1706790, 20241101150000)]
2024-11-04 15:30:00  INFO  [(3403., 3483., 3400., 3415., 388624., 1692158, 20241101211500)
 (3416., 3422., 3414., 3415.,  80341., 1699299, 20241101213000)
 (3416., 3417., 3402., 3404., 134238., 1697215, 20241101214500)
 (3404., 3408., 3397., 3400.,  74315., 1705465, 20241101220000)
 (3399., 3403., 3383., 3386., 156178., 1734494, 20241101221500)
 (3386., 3390., 3344., 3346., 367550., 1747993, 20241101223000)
 (3346., 3382., 3345., 3374., 304701., 1733281, 20241101224500)
 (3375., 3379., 3354., 3364., 186550., 1709016, 20241101230000)
 (3370., 3387., 3370., 3381., 163379., 1705963, 20241104091500)
 (3381., 3385., 3373., 3376.,  82588., 1704512, 20241104093000)
 (3376., 3378., 3366., 3372.,  92116., 1705475, 20241104094500)
 (3372., 3372., 3362., 3362.,  62975., 1712477, 20241104100000)
 (3361., 3371., 3359., 3367.,  71332., 1716290, 20241104101500)
 (3368., 3369., 3360., 3362.,  43509., 1720898, 20241104104500)
 (3362., 3375., 3361., 3375.,  58771., 1719331, 20241104110000)
 (3375., 3378., 3370., 3378.,  46716., 1714795, 20241104111500)
 (3377., 3407., 3372., 3403., 201203., 1701260, 20241104113000)
 (3399., 3399., 3384., 3388., 143308., 1707686, 20241104134500)
 (3388., 3401., 3382., 3401.,  91382., 1709599, 20241104140000)
 (3401., 3407., 3396., 3404., 105155., 1722138, 20241104141500)
 (3404., 3410., 3398., 3404.,  98785., 1719973, 20241104143000)
 (3405., 3408., 3400., 3405.,  46327., 1718655, 20241104144500)
 (3405., 3426., 3399., 3425., 213839., 1701525, 20241104150000)]
2024-11-05 15:30:00  INFO  [(3425., 3432., 3405., 3409., 229785., 1703901, 20241104211500)
 (3408., 3424., 3407., 3412., 124682., 1707267, 20241104213000)
 (3411., 3419., 3411., 3416.,  47328., 1707578, 20241104214500)
 (3416., 3425., 3414., 3421.,  70577., 1705189, 20241104220000)
 (3421., 3426., 3418., 3426.,  56595., 1705622, 20241104221500)
 (3426., 3429., 3414., 3415.,  83329., 1702603, 20241104223000)
 (3415., 3425., 3414., 3424.,  46732., 1702405, 20241104224500)
 (3425., 3427., 3419., 3420.,  42179., 1690892, 20241104230000)
 (3420., 3420., 3410., 3416., 100423., 1687771, 20241105091500)
 (3415., 3418., 3408., 3412.,  47432., 1690834, 20241105093000)
 (3412., 3420., 3410., 3419.,  56479., 1687801, 20241105094500)
 (3419., 3430., 3419., 3428.,  84184., 1691293, 20241105100000)
 (3429., 3447., 3426., 3445., 218251., 1692857, 20241105101500)
 (3446., 3448., 3436., 3441., 124221., 1697180, 20241105104500)
 (3440., 3447., 3438., 3439.,  64135., 1698835, 20241105110000)
 (3439., 3448., 3438., 3447.,  58725., 1701983, 20241105111500)
 (3447., 3453., 3441., 3449., 102973., 1701777, 20241105113000)
 (3454., 3458., 3442., 3445., 102704., 1710241, 20241105134500)
 (3446., 3451., 3443., 3445.,  53061., 1709971, 20241105140000)
 (3445., 3448., 3439., 3445.,  68286., 1708511, 20241105141500)
 (3445., 3448., 3443., 3446.,  35142., 1709739, 20241105143000)
 (3446., 3451., 3443., 3445.,  65820., 1712383, 20241105144500)
 (3445., 3446., 3429., 3433., 149799., 1701597, 20241105150000)]
2024-11-06 15:30:00  INFO  [(3445., 3446., 3435., 3441., 118713., 1714907, 20241105211500)
 (3440., 3442., 3432., 3434.,  67111., 1721736, 20241105213000)
 (3434., 3435., 3425., 3427.,  83993., 1732239, 20241105214500)
 (3428., 3430., 3424., 3426.,  61684., 1734887, 20241105220000)
 (3426., 3429., 3416., 3420.,  88604., 1735615, 20241105221500)
 (3420., 3429., 3418., 3428.,  70284., 1735053, 20241105223000)
 (3429., 3434., 3423., 3425.,  64471., 1729205, 20241105224500)
 (3426., 3433., 3424., 3430.,  52699., 1718112, 20241105230000)
 (3428., 3428., 3407., 3415., 157658., 1711542, 20241106091500)
 (3416., 3418., 3404., 3407., 103191., 1715348, 20241106093000)
 (3406., 3415., 3401., 3415., 131037., 1715877, 20241106094500)
 (3415., 3421., 3412., 3417.,  66975., 1715949, 20241106100000)
 (3417., 3428., 3416., 3417., 112794., 1710467, 20241106101500)
 (3417., 3417., 3383., 3391., 334009., 1733854, 20241106104500)
 (3391., 3398., 3387., 3388.,  93085., 1739513, 20241106110000)
 (3389., 3389., 3356., 3358., 346019., 1754251, 20241106111500)
 (3357., 3380., 3354., 3380., 192360., 1740742, 20241106113000)
 (3369., 3389., 3363., 3389., 166023., 1739335, 20241106134500)
 (3388., 3410., 3387., 3407., 238816., 1717811, 20241106140000)
 (3406., 3425., 3402., 3424., 171694., 1702225, 20241106141500)
 (3424., 3427., 3391., 3398., 257282., 1694200, 20241106143000)
 (3399., 3399., 3375., 3378., 177290., 1687059, 20241106144500)
 (3379., 3401., 3374., 3392., 200332., 1677086, 20241106150000)]
2024-11-07 15:30:00  INFO  [(3380., 3392., 3370., 3384., 173605., 1681668, 20241106211500)
 (3383., 3383., 3367., 3376., 147077., 1689572, 20241106213000)
 (3375., 3377., 3367., 3373.,  77958., 1695680, 20241106214500)
 (3373., 3374., 3362., 3373., 102109., 1704364, 20241106220000)
 (3372., 3376., 3368., 3375.,  59764., 1706667, 20241106221500)
 (3375., 3381., 3374., 3378.,  66371., 1708101, 20241106223000)
 (3378., 3380., 3369., 3375.,  55913., 1706991, 20241106224500)
 (3375., 3380., 3372., 3379.,  48005., 1694944, 20241106230000)
 (3380., 3405., 3379., 3402., 184553., 1690020, 20241107091500)
 (3403., 3403., 3386., 3389., 100064., 1684109, 20241107093000)
 (3389., 3399., 3387., 3399.,  72594., 1688270, 20241107094500)
 (3399., 3411., 3398., 3403., 123059., 1677833, 20241107100000)
 (3404., 3421., 3402., 3418., 143257., 1678295, 20241107101500)
 (3413., 3416., 3407., 3409., 100854., 1669336, 20241107104500)
 (3410., 3414., 3393., 3410., 118459., 1661462, 20241107110000)
 (3411., 3421., 3410., 3419., 105811., 1665834, 20241107111500)
 (3421., 3421., 3404., 3406.,  99498., 1661047, 20241107113000)
 (3407., 3417., 3405., 3416.,  85551., 1661434, 20241107134500)
 (3416., 3422., 3414., 3417.,  71841., 1664230, 20241107140000)
 (3417., 3419., 3408., 3416.,  70479., 1665774, 20241107141500)
 (3415., 3421., 3413., 3417.,  52808., 1670835, 20241107143000)
 (3417., 3434., 3415., 3429., 156558., 1679642, 20241107144500)
 (3429., 3438., 3420., 3436., 145290., 1674191, 20241107150000)]
2024-11-08 15:30:00  INFO  [(3443., 3460., 3434., 3448., 334132., 1704146, 20241107211500)
 (3448., 3450., 3442., 3445.,  89750., 1711268, 20241107213000)
 (3445., 3447., 3437., 3441.,  81353., 1714507, 20241107214500)
 (3441., 3441., 3433., 3436.,  71761., 1718531, 20241107220000)
 (3436., 3439., 3431., 3434.,  56256., 1723482, 20241107221500)
 (3433., 3435., 3423., 3427., 102303., 1716743, 20241107223000)
 (3427., 3436., 3420., 3434.,  99230., 1710685, 20241107224500)
 (3434., 3443., 3432., 3437.,  93043., 1697878, 20241107230000)
 (3442., 3457., 3442., 3452., 192529., 1706808, 20241108091500)
 (3451., 3465., 3451., 3465., 132272., 1716223, 20241108093000)
 (3465., 3465., 3437., 3441., 177239., 1712347, 20241108094500)
 (3442., 3446., 3436., 3436.,  91445., 1714481, 20241108100000)
 (3436., 3438., 3425., 3425., 144401., 1718899, 20241108101500)
 (3425., 3429., 3384., 3388., 462569., 1716287, 20241108104500)
 (3388., 3397., 3382., 3397., 251619., 1737629, 20241108110000)
 (3396., 3403., 3387., 3389., 127333., 1744610, 20241108111500)
 (3389., 3389., 3368., 3374., 299441., 1770566, 20241108113000)
 (3385., 3393., 3378., 3380., 155740., 1773899, 20241108134500)
 (3380., 3384., 3374., 3375.,  86867., 1781073, 20241108140000)
 (3375., 3378., 3369., 3370., 118896., 1787496, 20241108141500)
 (3371., 3375., 3356., 3366., 183749., 1799648, 20241108143000)
 (3365., 3374., 3358., 3364., 113143., 1806402, 20241108144500)
 (3365., 3378., 3362., 3367., 158953., 1777628, 20241108150000)]
2024-11-11 15:30:00  INFO  [(3348., 3379., 3331., 3375., 321512., 1793667, 20241108211500)
 (3375., 3387., 3374., 3385., 150054., 1789931, 20241108213000)
 (3385., 3388., 3368., 3368., 136046., 1785698, 20241108214500)
 (3368., 3374., 3365., 3368.,  79897., 1789387, 20241108220000)
 (3368., 3371., 3364., 3367.,  52780., 1792881, 20241108221500)
 (3366., 3367., 3357., 3361.,  88925., 1798570, 20241108223000)
 (3361., 3365., 3344., 3346., 139390., 1796201, 20241108224500)
 (3345., 3356., 3336., 3343., 204551., 1790940, 20241108230000)
 (3340., 3346., 3324., 3335., 253876., 1813769, 20241111091500)
 (3335., 3338., 3326., 3331.,  90005., 1828183, 20241111093000)
 (3331., 3342., 3330., 3334., 103008., 1825756, 20241111094500)
 (3334., 3336., 3317., 3320., 117630., 1835626, 20241111100000)
 (3319., 3335., 3316., 3330., 106249., 1833109, 20241111101500)
 (3321., 3328., 3319., 3324.,  91236., 1839365, 20241111104500)
 (3324., 3331., 3322., 3329.,  54676., 1846321, 20241111110000)
 (3330., 3334., 3324., 3330.,  48098., 1851060, 20241111111500)
 (3330., 3335., 3325., 3333.,  42289., 1848437, 20241111113000)
 (3340., 3342., 3317., 3325., 143058., 1858744, 20241111134500)
 (3325., 3325., 3311., 3312., 115876., 1869032, 20241111140000)
 (3312., 3318., 3307., 3313., 114497., 1883888, 20241111141500)
 (3314., 3322., 3312., 3322.,  65759., 1879669, 20241111143000)
 (3323., 3333., 3319., 3332., 122692., 1861443, 20241111144500)
 (3333., 3335., 3327., 3331., 102746., 1832002, 20241111150000)]
2024-11-12 15:30:00  INFO  [(3333., 3337., 3322., 3324., 114408., 1838811, 20241111211500)
 (3324., 3327., 3319., 3324.,  61655., 1845059, 20241111213000)
 (3323., 3336., 3323., 3332., 101654., 1846798, 20241111214500)
 (3333., 3336., 3324., 3335.,  61770., 1844627, 20241111220000)
 (3334., 3340., 3333., 3337.,  64521., 1847755, 20241111221500)
 (3337., 3337., 3329., 3331.,  36689., 1844528, 20241111223000)
 (3332., 3336., 3327., 3329.,  35956., 1843699, 20241111224500)
 (3329., 3335., 3327., 3331.,  40518., 1832751, 20241111230000)
 (3331., 3338., 3327., 3335.,  80407., 1834109, 20241112091500)
 (3335., 3339., 3331., 3331.,  46259., 1835787, 20241112093000)
 (3332., 3337., 3327., 3337.,  58982., 1836503, 20241112094500)
 (3337., 3346., 3329., 3330., 105197., 1834580, 20241112100000)
 (3331., 3331., 3312., 3315., 148109., 1847391, 20241112101500)
 (3314., 3319., 3311., 3313.,  81513., 1855326, 20241112104500)
 (3313., 3322., 3311., 3320.,  56429., 1858567, 20241112110000)
 (3321., 3328., 3316., 3318.,  72438., 1850962, 20241112111500)
 (3319., 3326., 3314., 3325.,  50860., 1847470, 20241112113000)
 (3313., 3318., 3308., 3312., 120550., 1853740, 20241112134500)
 (3312., 3321., 3312., 3320.,  60287., 1854674, 20241112140000)
 (3320., 3323., 3314., 3316.,  56837., 1854370, 20241112141500)
 (3316., 3332., 3312., 3328., 128521., 1845748, 20241112143000)
 (3329., 3339., 3328., 3333., 174170., 1843676, 20241112144500)
 (3334., 3353., 3331., 3344., 274867., 1817779, 20241112150000)]
2024-11-13 15:30:00  INFO  [(3344., 3348., 3335., 3338., 114133., 1820664, 20241112211500)
 (3338., 3342., 3335., 3336.,  58685., 1821216, 20241112213000)
 (3336., 3338., 3333., 3335.,  51516., 1818464, 20241112214500)
 (3335., 3337., 3332., 3333.,  28956., 1818124, 20241112220000)
 (3333., 3333., 3323., 3330.,  88497., 1820848, 20241112221500)
 (3331., 3334., 3327., 3333.,  40432., 1821643, 20241112223000)
 (3333., 3333., 3327., 3330.,  22790., 1820178, 20241112224500)
 (3329., 3339., 3329., 3333.,  48522., 1808025, 20241112230000)
 (3332., 3337., 3325., 3329.,  76770., 1804126, 20241113091500)
 (3329., 3337., 3326., 3336.,  55023., 1803249, 20241113093000)
 (3337., 3341., 3334., 3337.,  55971., 1804936, 20241113094500)
 (3337., 3345., 3335., 3344.,  83658., 1807342, 20241113100000)
 (3344., 3350., 3338., 3347.,  96620., 1809367, 20241113101500)
 (3340., 3345., 3336., 3345.,  97279., 1800901, 20241113104500)
 (3345., 3352., 3343., 3350., 104221., 1805404, 20241113110000)
 (3350., 3355., 3348., 3352.,  76591., 1800773, 20241113111500)
 (3353., 3359., 3351., 3353.,  85671., 1794881, 20241113113000)
 (3350., 3359., 3346., 3349., 116229., 1798477, 20241113134500)
 (3349., 3363., 3349., 3361.,  98768., 1799103, 20241113140000)
 (3361., 3367., 3360., 3366., 109081., 1797919, 20241113141500)
 (3365., 3366., 3344., 3345., 148936., 1778331, 20241113143000)
 (3345., 3349., 3333., 3337., 149245., 1772172, 20241113144500)
 (3338., 3341., 3335., 3337.,  91640., 1761405, 20241113150000)]
2024-11-14 15:30:00  INFO  [(3345., 3349., 3338., 3343., 149189., 1766717, 20241113211500)
 (3342., 3344., 3340., 3340.,  35335., 1769235, 20241113213000)
 (3341., 3347., 3340., 3342.,  49084., 1774287, 20241113214500)
 (3341., 3344., 3339., 3342.,  26316., 1776095, 20241113220000)
 (3341., 3348., 3340., 3347.,  45614., 1773825, 20241113221500)
 (3348., 3350., 3342., 3345.,  48110., 1772642, 20241113223000)
 (3345., 3350., 3342., 3343.,  46449., 1769543, 20241113224500)
 (3344., 3344., 3340., 3342.,  36696., 1759831, 20241113230000)
 (3342., 3343., 3334., 3341.,  73033., 1764634, 20241114091500)
 (3341., 3344., 3338., 3343.,  40025., 1762243, 20241114093000)
 (3342., 3346., 3335., 3339.,  55523., 1762286, 20241114094500)
 (3338., 3340., 3328., 3332.,  75487., 1772715, 20241114100000)
 (3331., 3333., 3316., 3318., 171194., 1783013, 20241114101500)
 (3315., 3319., 3313., 3315., 119800., 1800725, 20241114104500)
 (3316., 3324., 3311., 3323.,  90693., 1805290, 20241114110000)
 (3322., 3330., 3320., 3329.,  72676., 1793985, 20241114111500)
 (3330., 3330., 3311., 3312.,  82552., 1802995, 20241114113000)
 (3309., 3323., 3304., 3321., 186925., 1805094, 20241114134500)
 (3321., 3325., 3312., 3316.,  68983., 1804658, 20241114140000)
 (3316., 3316., 3306., 3307.,  85719., 1824168, 20241114141500)
 (3307., 3317., 3306., 3314.,  85548., 1829570, 20241114143000)
 (3315., 3316., 3307., 3313.,  58065., 1828351, 20241114144500)
 (3313., 3320., 3310., 3313., 100355., 1804837, 20241114150000)]
2024-11-15 15:30:00  INFO  [(3304., 3317., 3303., 3315., 123701., 1815568, 20241114211500)
 (3315., 3321., 3314., 3317.,  69790., 1815331, 20241114213000)
 (3317., 3319., 3309., 3312.,  69268., 1815663, 20241114214500)
 (3311., 3315., 3308., 3310.,  40412., 1819194, 20241114220000)
 (3310., 3312., 3292., 3295., 179297., 1829460, 20241114221500)
 (3295., 3311., 3291., 3308., 153178., 1833657, 20241114223000)
 (3307., 3311., 3297., 3297.,  77448., 1831307, 20241114224500)
 (3298., 3304., 3285., 3295., 165731., 1825000, 20241114230000)
 (3295., 3299., 3287., 3289.,  86592., 1830478, 20241115091500)
 (3289., 3293., 3272., 3278., 185533., 1836116, 20241115093000)
 (3278., 3285., 3263., 3267., 193336., 1834201, 20241115094500)
 (3267., 3269., 3255., 3263., 173677., 1843335, 20241115100000)
 (3263., 3277., 3262., 3273., 114418., 1836819, 20241115101500)
 (3273., 3273., 3262., 3271.,  68629., 1838497, 20241115104500)
 (3270., 3274., 3264., 3274.,  88371., 1826977, 20241115110000)
 (3274., 3276., 3269., 3270.,  64872., 1819570, 20241115111500)
 (3270., 3272., 3266., 3268.,  45098., 1820464, 20241115113000)
 (3273., 3277., 3269., 3274.,  78072., 1823744, 20241115134500)
 (3275., 3277., 3267., 3267.,  52963., 1819452, 20241115140000)
 (3267., 3268., 3253., 3259., 152980., 1829509, 20241115141500)
 (3259., 3260., 3251., 3254.,  87430., 1834309, 20241115143000)
 (3255., 3256., 3242., 3243., 154331., 1832301, 20241115144500)
 (3242., 3245., 3231., 3232., 192402., 1803336, 20241115150000)]
2024-11-18 15:30:00  INFO  [(3243., 3250., 3241., 3249., 194429., 1797729, 20241115211500)
 (3248., 3250., 3239., 3243.,  66640., 1799021, 20241115213000)
 (3244., 3248., 3241., 3246.,  43431., 1798209, 20241115214500)
 (3245., 3248., 3244., 3245.,  25560., 1797666, 20241115220000)
 (3245., 3251., 3238., 3241.,  67674., 1798768, 20241115221500)
 (3242., 3246., 3238., 3239.,  50926., 1798990, 20241115223000)
 (3240., 3241., 3226., 3234.,  88663., 1804238, 20241115224500)
 (3233., 3250., 3233., 3238., 116892., 1795650, 20241115230000)
 (3240., 3258., 3238., 3257., 172732., 1797049, 20241118091500)
 (3257., 3267., 3253., 3266., 155050., 1792918, 20241118093000)
 (3266., 3272., 3263., 3269., 121004., 1786645, 20241118094500)
 (3269., 3271., 3260., 3268., 110803., 1790382, 20241118100000)
 (3268., 3279., 3266., 3279., 118009., 1803349, 20241118101500)
 (3279., 3282., 3272., 3276., 124189., 1795067, 20241118104500)
 (3277., 3284., 3273., 3281.,  79387., 1796704, 20241118110000)
 (3282., 3295., 3282., 3292., 153553., 1791543, 20241118111500)
 (3291., 3293., 3285., 3290.,  69234., 1788423, 20241118113000)
 (3284., 3284., 3271., 3275., 151492., 1780705, 20241118134500)
 (3275., 3276., 3267., 3268.,  86156., 1783513, 20241118140000)
 (3268., 3269., 3262., 3266.,  91632., 1781754, 20241118141500)
 (3266., 3274., 3263., 3264.,  93081., 1783215, 20241118143000)
 (3265., 3270., 3263., 3268.,  56358., 1781542, 20241118144500)
 (3268., 3279., 3266., 3279., 105943., 1766798, 20241118150000)]
2024-11-19 15:30:00  INFO  [(3285., 3285., 3274., 3278., 123305., 1767157, 20241118211500)
 (3277., 3282., 3273., 3281.,  66069., 1762476, 20241118213000)
 (3280., 3281., 3274., 3276.,  34799., 1760896, 20241118214500)
 (3275., 3278., 3274., 3275.,  25728., 1759570, 20241118220000)
 (3276., 3279., 3274., 3276.,  26089., 1759797, 20241118221500)
 (3277., 3282., 3276., 3278.,  34966., 1758651, 20241118223000)
 (3278., 3289., 3276., 3285.,  69956., 1758545, 20241118224500)
 (3285., 3286., 3278., 3283.,  50429., 1746697, 20241118230000)
 (3285., 3285., 3269., 3270., 109006., 1750223, 20241119091500)
 (3270., 3272., 3267., 3272.,  58363., 1753606, 20241119093000)
 (3271., 3275., 3268., 3273.,  54023., 1755114, 20241119094500)
 (3273., 3275., 3271., 3273.,  33879., 1751760, 20241119100000)
 (3274., 3277., 3263., 3263.,  89650., 1753243, 20241119101500)
 (3263., 3263., 3254., 3258., 131704., 1756330, 20241119104500)
 (3257., 3272., 3256., 3271.,  98607., 1751811, 20241119110000)
 (3271., 3288., 3269., 3282., 177880., 1743123, 20241119111500)
 (3282., 3294., 3281., 3288., 157691., 1749536, 20241119113000)
 (3287., 3287., 3277., 3281., 115040., 1748265, 20241119134500)
 (3281., 3290., 3279., 3290.,  61330., 1749693, 20241119140000)
 (3289., 3326., 3287., 3317., 424841., 1717534, 20241119141500)
 (3317., 3330., 3314., 3328., 198908., 1709717, 20241119143000)
 (3327., 3330., 3317., 3320., 131221., 1704011, 20241119144500)
 (3319., 3326., 3316., 3322., 116514., 1684167, 20241119150000)]
2024-11-20 15:30:00  INFO  [(3315., 3322., 3314., 3318., 113751., 1677190, 20241119211500)
 (3317., 3322., 3311., 3318.,  74353., 1679181, 20241119213000)
 (3319., 3320., 3315., 3316.,  30660., 1679442, 20241119214500)
 (3315., 3319., 3313., 3314.,  35007., 1679008, 20241119220000)
 (3315., 3318., 3313., 3318.,  27567., 1677135, 20241119221500)
 (3318., 3318., 3311., 3312.,  34272., 1676991, 20241119223000)
 (3312., 3314., 3309., 3313.,  39820., 1669936, 20241119224500)
 (3314., 3315., 3308., 3311.,  42303., 1660379, 20241119230000)
 (3312., 3317., 3306., 3307.,  82237., 1659509, 20241120091500)
 (3308., 3315., 3306., 3314.,  38973., 1658979, 20241120093000)
 (3313., 3323., 3312., 3321.,  82367., 1657351, 20241120094500)
 (3321., 3326., 3304., 3308., 115929., 1653440, 20241120100000)
 (3307., 3319., 3306., 3318.,  67967., 1648444, 20241120101500)
 (3317., 3319., 3312., 3316.,  50011., 1645012, 20241120104500)
 (3316., 3325., 3315., 3324.,  56623., 1645773, 20241120110000)
 (3325., 3328., 3319., 3322.,  73852., 1641246, 20241120111500)
 (3322., 3327., 3317., 3319.,  54087., 1633600, 20241120113000)
 (3324., 3325., 3314., 3316.,  63632., 1632608, 20241120134500)
 (3316., 3317., 3305., 3315., 105655., 1634866, 20241120140000)
 (3314., 3320., 3311., 3312.,  76031., 1629947, 20241120141500)
 (3313., 3316., 3309., 3314.,  45676., 1629042, 20241120143000)
 (3313., 3318., 3313., 3318.,  40625., 1624817, 20241120144500)
 (3318., 3323., 3315., 3319.,  82623., 1605126, 20241120150000)]
2024-11-21 15:30:00  INFO  [(3319., 3321., 3311., 3319.,  96935., 1602127, 20241120211500)
 (3319., 3340., 3317., 3333., 170449., 1596208, 20241120213000)
 (3333., 3337., 3319., 3322., 140398., 1592472, 20241120214500)
 (3323., 3329., 3322., 3328.,  49082., 1595806, 20241120220000)
 (3328., 3331., 3323., 3328.,  50678., 1592906, 20241120221500)
 (3328., 3328., 3320., 3322.,  39790., 1589557, 20241120223000)
 (3323., 3326., 3321., 3326.,  26723., 1586916, 20241120224500)
 (3326., 3326., 3316., 3316.,  49499., 1570195, 20241120230000)
 (3317., 3321., 3311., 3316.,  85832., 1572622, 20241121091500)
 (3316., 3318., 3313., 3316.,  30848., 1576495, 20241121093000)
 (3315., 3320., 3315., 3318.,  35596., 1578812, 20241121094500)
 (3319., 3322., 3315., 3319.,  29537., 1578747, 20241121100000)
 (3319., 3328., 3318., 3324.,  65298., 1576738, 20241121101500)
 (3325., 3334., 3324., 3330., 103576., 1572339, 20241121104500)
 (3330., 3336., 3328., 3333.,  66789., 1571889, 20241121110000)
 (3333., 3335., 3329., 3330.,  34278., 1572008, 20241121111500)
 (3330., 3345., 3327., 3334., 123091., 1565126, 20241121113000)
 (3336., 3340., 3332., 3338.,  67021., 1571806, 20241121134500)
 (3339., 3340., 3333., 3334.,  45437., 1571898, 20241121140000)
 (3334., 3334., 3315., 3319., 157248., 1556899, 20241121141500)
 (3320., 3336., 3318., 3333., 104416., 1553684, 20241121143000)
 (3334., 3338., 3332., 3335.,  81871., 1555777, 20241121144500)
 (3335., 3339., 3330., 3332.,  83331., 1536631, 20241121150000)]
2024-11-22 15:30:00  INFO  [(3338., 3339., 3330., 3335.,  78051., 1539662, 20241121211500)
 (3335., 3337., 3332., 3332.,  33279., 1542830, 20241121213000)
 (3333., 3333., 3328., 3333.,  41166., 1541795, 20241121214500)
 (3333., 3337., 3332., 3335.,  35963., 1544682, 20241121220000)
 (3334., 3338., 3333., 3335.,  30944., 1544856, 20241121221500)
 (3334., 3335., 3331., 3332.,  19244., 1541514, 20241121223000)
 (3332., 3336., 3325., 3330.,  74839., 1537826, 20241121224500)
 (3329., 3343., 3327., 3332.,  96426., 1527125, 20241121230000)
 (3329., 3333., 3321., 3323.,  74521., 1528526, 20241122091500)
 (3323., 3331., 3322., 3328.,  35105., 1529193, 20241122093000)
 (3327., 3332., 3323., 3323.,  37841., 1529941, 20241122094500)
 (3324., 3329., 3318., 3320.,  67190., 1531815, 20241122100000)
 (3320., 3326., 3315., 3316.,  81731., 1539038, 20241122101500)
 (3316., 3319., 3306., 3311., 113260., 1545932, 20241122104500)
 (3311., 3311., 3286., 3292., 254167., 1547524, 20241122110000)
 (3293., 3297., 3284., 3294., 118852., 1548002, 20241122111500)
 (3294., 3302., 3277., 3279., 130630., 1533349, 20241122113000)
 (3274., 3282., 3269., 3278., 145908., 1535798, 20241122134500)
 (3278., 3286., 3277., 3279.,  67538., 1536214, 20241122140000)
 (3279., 3281., 3273., 3274.,  60736., 1537612, 20241122141500)
 (3274., 3282., 3273., 3281.,  48638., 1537292, 20241122143000)
 (3281., 3281., 3273., 3273.,  51399., 1535590, 20241122144500)
 (3274., 3280., 3270., 3277.,  96629., 1516855, 20241122150000)]
2024-11-25 15:30:00  INFO  [(3277., 3289., 3277., 3286., 143761., 1507186, 20241122211500)
 (3286., 3294., 3286., 3291.,  68985., 1511195, 20241122213000)
 (3291., 3295., 3286., 3286.,  57928., 1516049, 20241122214500)
 (3287., 3298., 3285., 3296.,  58695., 1515402, 20241122220000)
 (3295., 3344., 3294., 3327., 466170., 1505322, 20241122221500)
 (3327., 3335., 3316., 3318., 164417., 1494593, 20241122223000)
 (3317., 3326., 3315., 3322.,  95439., 1487785, 20241122224500)
 (3323., 3324., 3319., 3320.,  73179., 1467764, 20241122230000)
 (3320., 3323., 3308., 3309., 146471., 1464398, 20241125091500)
 (3309., 3315., 3305., 3310.,  78869., 1465509, 20241125093000)
 (3309., 3316., 3308., 3313.,  49691., 1465563, 20241125094500)
 (3313., 3314., 3305., 3309.,  59519., 1463313, 20241125100000)
 (3308., 3319., 3306., 3317.,  68136., 1462878, 20241125101500)
 (3316., 3317., 3311., 3311.,  37976., 1461097, 20241125104500)
 (3311., 3313., 3306., 3307.,  48904., 1459851, 20241125110000)
 (3307., 3309., 3291., 3298., 145816., 1459413, 20241125111500)
 (3298., 3304., 3287., 3288., 102730., 1456911, 20241125113000)
 (3290., 3294., 3287., 3290.,  72333., 1459308, 20241125134500)
 (3290., 3292., 3284., 3287.,  67701., 1457983, 20241125140000)
 (3287., 3294., 3282., 3288.,  82583., 1453753, 20241125141500)
 (3288., 3296., 3287., 3291.,  50164., 1446805, 20241125143000)
 (3291., 3303., 3288., 3296.,  81428., 1436661, 20241125144500)
 (3297., 3299., 3292., 3297.,  66047., 1418516, 20241125150000)]
2024-11-26 15:30:00  INFO  [(3300., 3305., 3294., 3300., 101823., 1421640, 20241125211500)
 (3300., 3305., 3296., 3305.,  61468., 1423044, 20241125213000)
 (3305., 3307., 3297., 3301.,  53382., 1423274, 20241125214500)
 (3301., 3305., 3300., 3304.,  24039., 1421613, 20241125220000)
 (3303., 3304., 3298., 3299.,  28684., 1420849, 20241125221500)
 (3298., 3307., 3297., 3305.,  45554., 1416701, 20241125223000)
 (3305., 3316., 3304., 3311., 110313., 1411995, 20241125224500)
 (3311., 3315., 3310., 3311.,  48614., 1406448, 20241125230000)
 (3306., 3319., 3302., 3317.,  94060., 1410393, 20241126091500)
 (3317., 3318., 3313., 3317.,  38219., 1409771, 20241126093000)
 (3318., 3328., 3317., 3325., 121155., 1410637, 20241126094500)
 (3325., 3329., 3318., 3324.,  70596., 1410090, 20241126100000)
 (3323., 3329., 3321., 3326.,  50551., 1415384, 20241126101500)
 (3327., 3328., 3320., 3321.,  43666., 1417685, 20241126104500)
 (3321., 3326., 3316., 3320.,  47783., 1413660, 20241126110000)
 (3319., 3326., 3319., 3326.,  37502., 1413226, 20241126111500)
 (3325., 3326., 3318., 3320.,  33929., 1407036, 20241126113000)
 (3317., 3317., 3310., 3310., 104516., 1396220, 20241126134500)
 (3310., 3312., 3298., 3302., 142022., 1385492, 20241126140000)
 (3303., 3308., 3294., 3307., 109887., 1381351, 20241126141500)
 (3308., 3311., 3300., 3304.,  64079., 1377592, 20241126143000)
 (3304., 3305., 3299., 3301.,  46626., 1375992, 20241126144500)
 (3301., 3309., 3301., 3303.,  62240., 1363289, 20241126150000)]
2024-11-27 15:30:00  INFO  [(3305., 3314., 3298., 3300., 123316., 1364973, 20241126211500)
 (3301., 3303., 3297., 3302.,  64941., 1369928, 20241126213000)
 (3301., 3302., 3292., 3292.,  70519., 1373429, 20241126214500)
 (3293., 3299., 3292., 3297.,  45205., 1372150, 20241126220000)
 (3298., 3299., 3292., 3296.,  38516., 1374168, 20241126221500)
 (3296., 3296., 3290., 3292.,  38319., 1375995, 20241126223000)
 (3291., 3295., 3288., 3293.,  50629., 1374113, 20241126224500)
 (3293., 3298., 3289., 3293.,  50747., 1365777, 20241126230000)
 (3294., 3295., 3288., 3291.,  54723., 1366265, 20241127091500)
 (3291., 3292., 3275., 3275., 128812., 1378542, 20241127093000)
 (3276., 3288., 3274., 3285.,  92140., 1384078, 20241127094500)
 (3286., 3290., 3279., 3283.,  65203., 1377498, 20241127100000)
 (3283., 3294., 3282., 3293.,  70402., 1369583, 20241127101500)
 (3293., 3304., 3293., 3303., 127677., 1350402, 20241127104500)
 (3303., 3312., 3300., 3311.,  97944., 1340601, 20241127110000)
 (3311., 3313., 3300., 3303.,  84426., 1331245, 20241127111500)
 (3303., 3310., 3300., 3310.,  47017., 1327778, 20241127113000)
 (3307., 3309., 3302., 3304.,  59119., 1326199, 20241127134500)
 (3304., 3310., 3302., 3309.,  56501., 1326286, 20241127140000)
 (3309., 3312., 3305., 3309.,  47467., 1321965, 20241127141500)
 (3308., 3312., 3307., 3311.,  39030., 1320135, 20241127143000)
 (3310., 3316., 3308., 3309.,  69375., 1313253, 20241127144500)
 (3309., 3311., 3308., 3309.,  50830., 1299346, 20241127150000)]
2024-11-28 15:30:00  INFO  [(3311., 3315., 3302., 3303.,  98450., 1302436, 20241127211500)
 (3303., 3306., 3299., 3305.,  61448., 1309857, 20241127213000)
 (3304., 3307., 3300., 3301.,  43000., 1309955, 20241127214500)
 (3301., 3307., 3301., 3306.,  21206., 1307337, 20241127220000)
 (3306., 3307., 3301., 3305.,  21750., 1305061, 20241127221500)
 (3305., 3306., 3302., 3306.,  16221., 1301726, 20241127223000)
 (3306., 3312., 3305., 3311.,  67326., 1299143, 20241127224500)
 (3311., 3314., 3308., 3309.,  44200., 1293427, 20241127230000)
 (3309., 3310., 3301., 3303.,  63788., 1283665, 20241128091500)
 (3302., 3305., 3296., 3301.,  73493., 1284932, 20241128093000)
 (3301., 3301., 3289., 3291.,  95265., 1289946, 20241128094500)
 (3292., 3293., 3285., 3287.,  92490., 1295964, 20241128100000)
 (3287., 3292., 3284., 3290.,  75974., 1297804, 20241128101500)
 (3291., 3301., 3289., 3299.,  92905., 1288012, 20241128104500)
 (3298., 3299., 3288., 3292.,  60788., 1289362, 20241128110000)
 (3292., 3292., 3287., 3288.,  46815., 1296292, 20241128111500)
 (3289., 3294., 3286., 3287.,  41243., 1293694, 20241128113000)
 (3288., 3311., 3288., 3310., 193670., 1276070, 20241128134500)
 (3310., 3319., 3302., 3306., 224452., 1272793, 20241128140000)
 (3306., 3308., 3302., 3304.,  72725., 1265183, 20241128141500)
 (3305., 3313., 3304., 3312.,  55190., 1262262, 20241128143000)
 (3311., 3313., 3303., 3306.,  57120., 1256880, 20241128144500)
 (3305., 3312., 3304., 3312.,  75923., 1233968, 20241128150000)]
2024-11-29 15:30:00  INFO  [(3309., 3315., 3309., 3312.,  88719., 1234745, 20241128211500)
 (3311., 3318., 3309., 3315.,  56933., 1237795, 20241128213000)
 (3315., 3317., 3310., 3313.,  38324., 1239152, 20241128214500)
 (3312., 3313., 3310., 3311.,  15634., 1237772, 20241128220000)
 (3311., 3315., 3309., 3313.,  23935., 1235189, 20241128221500)
 (3312., 3313., 3306., 3309.,  38917., 1228024, 20241128223000)
 (3308., 3314., 3305., 3313.,  37634., 1226122, 20241128224500)
 (3313., 3314., 3310., 3310.,  26462., 1221378, 20241128230000)
 (3311., 3312., 3308., 3310.,  37425., 1219454, 20241129091500)
 (3309., 3318., 3308., 3317.,  54447., 1217303, 20241129093000)
 (3317., 3324., 3315., 3319., 102263., 1222221, 20241129094500)
 (3319., 3321., 3312., 3315.,  57072., 1218644, 20241129100000)
 (3315., 3329., 3312., 3328., 100911., 1225045, 20241129101500)
 (3329., 3339., 3328., 3329., 164974., 1229493, 20241129104500)
 (3330., 3338., 3326., 3338.,  68235., 1233990, 20241129110000)
 (3337., 3351., 3337., 3345., 208185., 1243798, 20241129111500)
 (3345., 3354., 3337., 3341., 122005., 1234891, 20241129113000)
 (3338., 3342., 3333., 3340., 107659., 1217570, 20241129134500)
 (3340., 3341., 3334., 3335.,  55742., 1208407, 20241129140000)
 (3335., 3339., 3329., 3330.,  77987., 1194745, 20241129141500)
 (3330., 3332., 3326., 3330.,  75447., 1178896, 20241129143000)
 (3330., 3332., 3318., 3321., 109041., 1150038, 20241129144500)
 (3321., 3322., 3315., 3318., 117584., 1116449, 20241129150000)]
2024-12-02 15:30:00  INFO  [(3318., 3324., 3316., 3317.,  92963., 1103695, 20241129211500)
 (3316., 3317., 3306., 3309.,  87781., 1087735, 20241129213000)
 (3308., 3308., 3298., 3305., 119873., 1077858, 20241129214500)
 (3304., 3304., 3301., 3302.,  32228., 1077949, 20241129220000)
 (3301., 3304., 3298., 3303.,  60365., 1077027, 20241129221500)
 (3303., 3305., 3298., 3301.,  37034., 1080169, 20241129223000)
 (3302., 3306., 3300., 3302.,  26683., 1077113, 20241129224500)
 (3302., 3308., 3302., 3306.,  48776., 1058765, 20241129230000)
 (3308., 3346., 3308., 3336., 275065., 1037774, 20241202091500)
 (3337., 3339., 3330., 3336.,  89349., 1033073, 20241202093000)
 (3336., 3340., 3333., 3338.,  46009., 1035099, 20241202094500)
 (3338., 3340., 3336., 3338.,  35803., 1037777, 20241202100000)
 (3339., 3341., 3330., 3335.,  50294., 1034016, 20241202101500)
 (3336., 3340., 3336., 3339.,  35246., 1036023, 20241202104500)
 (3339., 3340., 3336., 3337.,  27664., 1039897, 20241202110000)
 (3337., 3338., 3332., 3337.,  27790., 1038230, 20241202111500)
 (3337., 3343., 3335., 3342.,  33155., 1040160, 20241202113000)
 (3343., 3349., 3341., 3345.,  73163., 1048312, 20241202134500)
 (3345., 3346., 3340., 3341.,  38007., 1048859, 20241202140000)
 (3341., 3343., 3338., 3339.,  26496., 1043755, 20241202141500)
 (3338., 3339., 3328., 3329.,  58747., 1032159, 20241202143000)
 (3329., 3335., 3328., 3334.,  46926., 1021704, 20241202144500)
 (3335., 3338., 3332., 3333.,  45265., 1010298, 20241202150000)]
2024-12-03 15:30:00  INFO  [(3333., 3347., 3333., 3341., 94410., 1016150, 20241202211500)
 (3340., 3342., 3337., 3339., 29586., 1017066, 20241202213000)
 (3340., 3341., 3337., 3338., 15438., 1015679, 20241202214500)
 (3337., 3342., 3336., 3342., 21597., 1017658, 20241202220000)
 (3342., 3343., 3336., 3341., 23634., 1014730, 20241202221500)
 (3340., 3345., 3339., 3345., 21849., 1018209, 20241202223000)
 (3345., 3346., 3341., 3344., 23525., 1021836, 20241202224500)
 (3344., 3347., 3339., 3347., 27023., 1014607, 20241202230000)
 (3347., 3356., 3341., 3345., 97890., 1013981, 20241203091500)
 (3345., 3347., 3340., 3344., 37671., 1007716, 20241203093000)
 (3344., 3345., 3337., 3342., 33666., 1005311, 20241203094500)
 (3341., 3344., 3331., 3333., 45062., 1000907, 20241203100000)
 (3333., 3336., 3330., 3335., 59943.,  992515, 20241203101500)
 (3335., 3338., 3333., 3334., 23174.,  989401, 20241203104500)
 (3334., 3340., 3333., 3335., 22576.,  989048, 20241203110000)
 (3335., 3340., 3332., 3339., 25376.,  986387, 20241203111500)
 (3339., 3344., 3332., 3342., 43434.,  983826, 20241203113000)
 (3339., 3342., 3336., 3340., 25392.,  982124, 20241203134500)
 (3340., 3344., 3337., 3344., 21694.,  982913, 20241203140000)
 (3344., 3351., 3343., 3350., 67562.,  986327, 20241203141500)
 (3350., 3355., 3342., 3352., 68094.,  991289, 20241203143000)
 (3353., 3355., 3347., 3349., 40584.,  988302, 20241203144500)
 (3349., 3353., 3347., 3352., 38677.,  980405, 20241203150000)]
2024-12-04 15:30:00  INFO  [(3352., 3352., 3338., 3344.,  88106., 969907, 20241203211500)
 (3343., 3346., 3339., 3344.,  39942., 963979, 20241203213000)
 (3344., 3348., 3343., 3344.,  22042., 964934, 20241203214500)
 (3344., 3345., 3341., 3341.,  12706., 960854, 20241203220000)
 (3341., 3342., 3338., 3339.,  29483., 955693, 20241203221500)
 (3340., 3344., 3338., 3342.,  15233., 954276, 20241203223000)
 (3343., 3345., 3342., 3344.,  10499., 952798, 20241203224500)
 (3344., 3351., 3343., 3347.,  34751., 952044, 20241203230000)
 (3348., 3350., 3342., 3342.,  39794., 948571, 20241204091500)
 (3342., 3346., 3340., 3341.,  27609., 948513, 20241204093000)
 (3340., 3343., 3339., 3339.,  29288., 948844, 20241204094500)
 (3340., 3346., 3338., 3343.,  18193., 945973, 20241204100000)
 (3342., 3343., 3300., 3305., 243989., 921343, 20241204101500)
 (3306., 3327., 3304., 3315., 138688., 903879, 20241204104500)
 (3314., 3316., 3309., 3312.,  37588., 906100, 20241204110000)
 (3312., 3319., 3309., 3317.,  30825., 903119, 20241204111500)
 (3316., 3321., 3309., 3310.,  42886., 901810, 20241204113000)
 (3310., 3317., 3310., 3316.,  29619., 898363, 20241204134500)
 (3316., 3326., 3312., 3325.,  46944., 891449, 20241204140000)
 (3324., 3328., 3319., 3321.,  50515., 880521, 20241204141500)
 (3321., 3327., 3319., 3323.,  34069., 875088, 20241204143000)
 (3323., 3334., 3321., 3333.,  65193., 870894, 20241204144500)
 (3334., 3345., 3333., 3339., 108564., 863032, 20241204150000)]
2024-12-05 15:30:00  INFO  [(3333., 3341., 3333., 3339.,  73320., 864526, 20241204211500)
 (3338., 3342., 3335., 3336.,  25249., 863618, 20241204213000)
 (3337., 3341., 3335., 3335.,  27984., 861966, 20241204214500)
 (3336., 3337., 3332., 3334.,  19304., 860927, 20241204220000)
 (3335., 3338., 3333., 3338.,  14945., 860316, 20241204221500)
 (3338., 3339., 3336., 3339.,   9146., 858562, 20241204223000)
 (3339., 3341., 3337., 3338.,  10387., 857732, 20241204224500)
 (3338., 3338., 3328., 3334.,  25976., 849860, 20241204230000)
 (3334., 3334., 3324., 3327.,  45261., 847472, 20241205091500)
 (3328., 3328., 3321., 3324.,  21916., 844225, 20241205093000)
 (3324., 3329., 3320., 3323.,  28104., 840878, 20241205094500)
 (3322., 3327., 3310., 3311.,  64113., 832889, 20241205100000)
 (3311., 3313., 3300., 3302., 106373., 834721, 20241205101500)
 (3301., 3311., 3296., 3305.,  70646., 833433, 20241205104500)
 (3305., 3305., 3292., 3293.,  66342., 837781, 20241205110000)
 (3292., 3297., 3282., 3282.,  81677., 836390, 20241205111500)
 (3283., 3294., 3280., 3293.,  72177., 830725, 20241205113000)
 (3295., 3296., 3291., 3294.,  34198., 829689, 20241205134500)
 (3294., 3300., 3285., 3285.,  49120., 831410, 20241205140000)
 (3285., 3290., 3280., 3287.,  39826., 834189, 20241205141500)
 (3287., 3289., 3275., 3276.,  46862., 833201, 20241205143000)
 (3276., 3285., 3268., 3282.,  64932., 829058, 20241205144500)
 (3281., 3285., 3277., 3280.,  46872., 820430, 20241205150000)]
2024-12-06 15:30:00  INFO  [(3280., 3294., 3273., 3277., 113886., 789734, 20241205211500)
 (3276., 3276., 3270., 3273.,  36493., 786842, 20241205213000)
 (3273., 3274., 3263., 3268.,  50359., 779704, 20241205214500)
 (3267., 3277., 3267., 3275.,  29911., 773345, 20241205220000)
 (3275., 3275., 3271., 3272.,  10626., 771879, 20241205221500)
 (3272., 3274., 3269., 3273.,   8007., 771034, 20241205223000)
 (3273., 3274., 3270., 3271.,   7951., 769391, 20241205224500)
 (3271., 3272., 3266., 3270.,  20121., 763198, 20241205230000)
 (3270., 3280., 3269., 3277.,  31524., 756354, 20241206091500)
 (3277., 3279., 3271., 3272.,  13954., 752256, 20241206093000)
 (3272., 3275., 3266., 3268.,  19804., 747736, 20241206094500)
 (3268., 3273., 3261., 3266.,  26789., 745464, 20241206100000)
 (3265., 3274., 3262., 3270.,  19181., 742006, 20241206101500)
 (3271., 3284., 3270., 3281.,  34049., 733287, 20241206104500)
 (3282., 3285., 3273., 3279.,  25526., 731157, 20241206110000)
 (3280., 3286., 3279., 3284.,  17615., 727303, 20241206111500)
 (3284., 3286., 3279., 3279.,  16548., 724044, 20241206113000)
 (3275., 3282., 3274., 3277.,  18106., 721685, 20241206134500)
 (3276., 3280., 3272., 3278.,  12103., 720003, 20241206140000)
 (3278., 3283., 3275., 3281.,  15816., 716497, 20241206141500)
 (3282., 3284., 3275., 3277.,  12060., 714389, 20241206143000)
 (3276., 3279., 3265., 3267.,  23808., 710563, 20241206144500)
 (3266., 3269., 3258., 3260.,  48549., 702734, 20241206150000)]
2024-12-09 15:30:00  INFO  [(3260., 3269., 3253., 3262., 39961., 698638, 20241206211500)
 (3261., 3265., 3260., 3262.,  9608., 697114, 20241206213000)
 (3262., 3267., 3262., 3263.,  9619., 695505, 20241206214500)
 (3262., 3263., 3258., 3258., 10251., 694321, 20241206220000)
 (3257., 3257., 3241., 3246., 36163., 691905, 20241206221500)
 (3245., 3249., 3244., 3246., 10943., 689741, 20241206223000)
 (3246., 3249., 3242., 3247., 13550., 688370, 20241206224500)
 (3248., 3253., 3243., 3247., 17457., 685216, 20241206230000)
 (3254., 3276., 3254., 3274., 57099., 667841, 20241209091500)
 (3273., 3281., 3268., 3277., 29249., 659155, 20241209093000)
 (3278., 3286., 3275., 3283., 26798., 651661, 20241209094500)
 (3283., 3284., 3274., 3277., 17291., 645684, 20241209100000)
 (3277., 3279., 3274., 3277.,  8527., 643911, 20241209101500)
 (3277., 3278., 3264., 3270., 21350., 635854, 20241209104500)
 (3271., 3274., 3268., 3274.,  7212., 634445, 20241209110000)
 (3274., 3275., 3264., 3267.,  8782., 633173, 20241209111500)
 (3267., 3269., 3258., 3260., 12514., 630997, 20241209113000)
 (3260., 3263., 3256., 3259., 14408., 630087, 20241209134500)
 (3259., 3262., 3253., 3261., 12558., 630966, 20241209140000)
 (3261., 3265., 3259., 3260.,  9343., 628945, 20241209141500)
 (3259., 3268., 3259., 3267.,  6984., 626726, 20241209143000)
 (3268., 3274., 3266., 3267., 13578., 622403, 20241209144500)
 (3266., 3273., 3266., 3267., 11384., 618784, 20241209150000)]
2024-12-10 15:30:00  INFO  [(3300., 3349., 3300., 3336., 181835., 579473, 20241209211500)
 (3337., 3340., 3321., 3322.,  45950., 568688, 20241209213000)
 (3322., 3332., 3322., 3331.,  23180., 563915, 20241209214500)
 (3330., 3338., 3330., 3337.,  19590., 560372, 20241209220000)
 (3337., 3340., 3334., 3336.,  16504., 554593, 20241209221500)
 (3337., 3340., 3336., 3338.,   8773., 552283, 20241209223000)
 (3338., 3343., 3333., 3342.,  15106., 549180, 20241209224500)
 (3342., 3347., 3339., 3344.,  18162., 544187, 20241209230000)
 (3345., 3360., 3341., 3359.,  48393., 537121, 20241210091500)
 (3359., 3372., 3359., 3363.,  49645., 527713, 20241210093000)
 (3364., 3365., 3344., 3349.,  38537., 517604, 20241210094500)
 (3348., 3350., 3337., 3340.,  27298., 508865, 20241210100000)
 (3341., 3350., 3339., 3347.,  15167., 504880, 20241210101500)
 (3345., 3348., 3341., 3342.,  12541., 500688, 20241210104500)
 (3341., 3343., 3336., 3337.,  20792., 497457, 20241210110000)
 (3336., 3340., 3325., 3331.,  22445., 492723, 20241210111500)
 (3332., 3334., 3325., 3330.,  10437., 491043, 20241210113000)
 (3327., 3335., 3321., 3332.,  18054., 491906, 20241210134500)
 (3332., 3335., 3328., 3330.,  11660., 488147, 20241210140000)
 (3330., 3332., 3325., 3330.,   8808., 486753, 20241210141500)
 (3330., 3331., 3324., 3331.,   8511., 484811, 20241210143000)
 (3331., 3333., 3321., 3323.,   9055., 483305, 20241210144500)
 (3322., 3330., 3315., 3326.,  18879., 478287, 20241210150000)]
2024-12-11 15:30:00  INFO  [(3327., 3332., 3323., 3330., 25288., 470500, 20241210211500)
 (3329., 3331., 3323., 3329.,  8021., 468469, 20241210213000)
 (3328., 3332., 3328., 3329.,  5438., 468422, 20241210214500)
 (3329., 3335., 3329., 3333.,  5713., 467871, 20241210220000)
 (3333., 3334., 3328., 3330.,  4775., 467694, 20241210221500)
 (3330., 3331., 3327., 3329.,  3781., 468083, 20241210223000)
 (3330., 3333., 3328., 3330.,  2675., 467694, 20241210224500)
 (3330., 3331., 3328., 3330.,  4155., 466525, 20241210230000)
 (3331., 3337., 3326., 3336.,  9448., 465597, 20241211091500)
 (3336., 3344., 3334., 3339., 19957., 468594, 20241211093000)
 (3338., 3342., 3335., 3339., 11010., 467665, 20241211094500)
 (3340., 3344., 3338., 3343., 10918., 466759, 20241211100000)
 (3343., 3349., 3341., 3345., 16867., 464247, 20241211101500)
 (3345., 3346., 3336., 3337.,  9363., 461585, 20241211104500)
 (3338., 3341., 3332., 3340.,  7100., 461197, 20241211110000)
 (3341., 3342., 3331., 3339.,  6225., 461567, 20241211111500)
 (3340., 3342., 3336., 3337.,  8150., 461159, 20241211113000)
 (3337., 3337., 3326., 3329., 14525., 459920, 20241211134500)
 (3328., 3336., 3328., 3334.,  5496., 459224, 20241211140000)
 (3334., 3335., 3330., 3330.,  2948., 458468, 20241211141500)
 (3332., 3332., 3328., 3329.,  3312., 458407, 20241211143000)
 (3329., 3332., 3325., 3331.,  5415., 458314, 20241211144500)
 (3331., 3339., 3329., 3338., 10144., 456907, 20241211150000)]
2024-12-12 15:30:00  INFO  [(3345., 3345., 3335., 3338., 10985., 456159, 20241211211500)
 (3338., 3339., 3336., 3338.,  2713., 455694, 20241211213000)
 (3338., 3339., 3335., 3335.,  4583., 454997, 20241211214500)
 (3335., 3337., 3334., 3335.,  2316., 454131, 20241211220000)
 (3336., 3339., 3335., 3338.,  1996., 453494, 20241211221500)
 (3338., 3339., 3335., 3335.,  2666., 452670, 20241211223000)
 (3336., 3340., 3334., 3338.,  2413., 452105, 20241211224500)
 (3337., 3339., 3335., 3335.,  2317., 451605, 20241211230000)
 (3339., 3339., 3328., 3334.,  7309., 450754, 20241212091500)
 (3333., 3336., 3331., 3333.,  3887., 449988, 20241212093000)
 (3333., 3334., 3330., 3332.,  3072., 450426, 20241212094500)
 (3332., 3342., 3330., 3336.,  9654., 447326, 20241212100000)
 (3335., 3341., 3331., 3339.,  9230., 446639, 20241212101500)
 (3339., 3339., 3333., 3334.,  2677., 446229, 20241212104500)
 (3334., 3334., 3327., 3332.,  4283., 445217, 20241212110000)
 (3332., 3337., 3331., 3335.,  2544., 444939, 20241212111500)
 (3335., 3349., 3335., 3347., 16684., 441128, 20241212113000)
 (3346., 3352., 3340., 3347., 21238., 438655, 20241212134500)
 (3347., 3350., 3345., 3346.,  8372., 436153, 20241212140000)
 (3347., 3352., 3346., 3349.,  7234., 433274, 20241212141500)
 (3350., 3352., 3343., 3348.,  8387., 430849, 20241212143000)
 (3348., 3351., 3345., 3349.,  8469., 428580, 20241212144500)
 (3350., 3350., 3345., 3349.,  7018., 426072, 20241212150000)]
2024-12-13 15:30:00  INFO  [(3339., 3339., 3306., 3316., 46108., 415708, 20241212211500)
 (3315., 3324., 3314., 3318.,  9631., 414688, 20241212213000)
 (3318., 3321., 3316., 3319.,  5211., 413187, 20241212214500)
 (3318., 3324., 3318., 3321.,  4571., 412309, 20241212220000)
 (3321., 3322., 3317., 3317.,  3227., 411237, 20241212221500)
 (3317., 3318., 3314., 3315.,  4809., 410759, 20241212223000)
 (3315., 3319., 3311., 3319.,  4014., 409915, 20241212224500)
 (3319., 3321., 3315., 3318.,  5180., 408111, 20241212230000)
 (3319., 3323., 3312., 3314.,  8033., 406535, 20241213091500)
 (3313., 3316., 3307., 3309.,  6635., 405749, 20241213093000)
 (3309., 3314., 3307., 3310.,  6061., 404386, 20241213094500)
 (3310., 3311., 3292., 3293., 16498., 404150, 20241213100000)
 (3293., 3297., 3286., 3293., 16727., 404019, 20241213101500)
 (3293., 3299., 3289., 3294.,  8103., 403102, 20241213104500)
 (3293., 3296., 3286., 3289.,  6304., 401358, 20241213110000)
 (3290., 3292., 3285., 3288.,  5220., 401314, 20241213111500)
 (3287., 3295., 3286., 3292.,  6338., 400368, 20241213113000)
 (3294., 3294., 3285., 3289.,  9621., 398273, 20241213134500)
 (3289., 3296., 3288., 3294.,  4124., 398158, 20241213140000)
 (3293., 3297., 3289., 3291.,  5749., 397932, 20241213141500)
 (3290., 3291., 3282., 3284.,  6127., 397505, 20241213143000)
 (3284., 3284., 3280., 3282.,  8771., 396350, 20241213144500)
 (3283., 3291., 3282., 3287., 11234., 393581, 20241213150000)]
2024-12-16 15:30:00  INFO  [(3290., 3290., 3281., 3283., 10508., 392075, 20241213211500)
 (3284., 3289., 3280., 3286.,  4543., 392058, 20241213213000)
 (3285., 3289., 3283., 3286.,  3220., 391857, 20241213214500)
 (3285., 3286., 3279., 3282.,  2432., 391534, 20241213220000)
 (3281., 3285., 3281., 3285.,  1615., 391472, 20241213221500)
 (3285., 3288., 3283., 3284.,  1544., 391008, 20241213223000)
 (3283., 3288., 3282., 3284.,  2014., 391238, 20241213224500)
 (3284., 3288., 3283., 3287.,  1930., 390881, 20241213230000)
 (3290., 3305., 3282., 3283., 15092., 387294, 20241216091500)
 (3283., 3286., 3274., 3284., 10871., 387115, 20241216093000)
 (3284., 3286., 3276., 3279.,  5031., 386387, 20241216094500)
 (3278., 3281., 3274., 3280.,  5134., 386736, 20241216100000)
 (3279., 3279., 3272., 3274.,  4283., 387079, 20241216101500)
 (3273., 3279., 3272., 3276.,  4160., 387317, 20241216104500)
 (3276., 3280., 3275., 3276.,  3004., 387359, 20241216110000)
 (3277., 3281., 3273., 3281.,  4352., 386197, 20241216111500)
 (3280., 3284., 3277., 3283.,  4535., 385127, 20241216113000)
 (3283., 3284., 3278., 3279.,  3703., 384348, 20241216134500)
 (3279., 3285., 3279., 3282.,  2104., 383988, 20241216140000)
 (3283., 3284., 3277., 3277.,  1767., 383298, 20241216141500)
 (3279., 3289., 3277., 3287.,  6402., 382348, 20241216143000)
 (3287., 3292., 3283., 3292.,  5358., 380553, 20241216144500)
 (3292., 3293., 3289., 3289.,  6779., 379322, 20241216150000)]
2024-12-17 15:30:00  INFO  [(3298., 3298., 3288., 3294., 9069., 378706, 20241216211500)
 (3294., 3297., 3291., 3296., 4815., 377812, 20241216213000)
 (3295., 3296., 3292., 3294., 1600., 377369, 20241216214500)
 (3294., 3295., 3290., 3292., 1141., 377222, 20241216220000)
 (3292., 3294., 3292., 3292.,  750., 376942, 20241216221500)
 (3293., 3295., 3290., 3291., 1329., 376658, 20241216223000)
 (3290., 3293., 3287., 3293., 1693., 376536, 20241216224500)
 (3292., 3292., 3288., 3288., 1259., 376123, 20241216230000)
 (3291., 3291., 3283., 3289., 6497., 374027, 20241217091500)
 (3289., 3290., 3283., 3283., 4087., 373839, 20241217093000)
 (3283., 3287., 3280., 3284., 5015., 373726, 20241217094500)
 (3284., 3296., 3284., 3294., 6308., 372674, 20241217100000)
 (3295., 3299., 3288., 3289., 5759., 372795, 20241217101500)
 (3288., 3292., 3285., 3289., 6212., 370802, 20241217104500)
 (3288., 3292., 3286., 3289., 1619., 370548, 20241217110000)
 (3289., 3295., 3288., 3292., 2196., 370139, 20241217111500)
 (3291., 3295., 3288., 3290., 2396., 369109, 20241217113000)
 (3290., 3298., 3289., 3295., 5401., 369009, 20241217134500)
 (3295., 3297., 3291., 3292., 2433., 368752, 20241217140000)
 (3291., 3293., 3289., 3290., 1652., 368361, 20241217141500)
 (3291., 3292., 3285., 3286., 2066., 368010, 20241217143000)
 (3286., 3289., 3281., 3285., 4333., 367634, 20241217144500)
 (3285., 3290., 3284., 3288., 4459., 367218, 20241217150000)]
2024-12-18 15:30:00  INFO  [(3270., 3287., 3270., 3281.,  9338., 364376, 20241217211500)
 (3281., 3283., 3276., 3278.,  2807., 363800, 20241217213000)
 (3278., 3279., 3272., 3277.,  5189., 362843, 20241217214500)
 (3277., 3277., 3273., 3273.,  4166., 362639, 20241217220000)
 (3274., 3282., 3273., 3280.,  5244., 361624, 20241217221500)
 (3279., 3282., 3278., 3278.,  2895., 361191, 20241217223000)
 (3278., 3278., 3274., 3275.,  2017., 361192, 20241217224500)
 (3275., 3279., 3273., 3279.,  2074., 360701, 20241217230000)
 (3277., 3283., 3277., 3277.,  3882., 358863, 20241218091500)
 (3278., 3278., 3267., 3270.,  8162., 357977, 20241218093000)
 (3270., 3279., 3269., 3279.,  3612., 357517, 20241218094500)
 (3279., 3280., 3273., 3275.,  3071., 357083, 20241218100000)
 (3274., 3280., 3271., 3279.,  3631., 355928, 20241218101500)
 (3277., 3278., 3273., 3276.,  1991., 355180, 20241218104500)
 (3277., 3277., 3265., 3267.,  7259., 353476, 20241218110000)
 (3267., 3269., 3258., 3265.,  8471., 352298, 20241218111500)
 (3262., 3275., 3262., 3273.,  5651., 350457, 20241218113000)
 (3274., 3279., 3270., 3271.,  5515., 349094, 20241218134500)
 (3271., 3274., 3269., 3270.,  2778., 348315, 20241218140000)
 (3270., 3271., 3267., 3268.,  2555., 348328, 20241218141500)
 (3269., 3269., 3260., 3260.,  4253., 347627, 20241218143000)
 (3261., 3261., 3244., 3244., 18747., 346890, 20241218144500)
 (3244., 3255., 3242., 3247., 16289., 344307, 20241218150000)]
2024-12-19 15:30:00  INFO  [(3263., 3263., 3235., 3245., 12693., 343312, 20241218211500)
 (3244., 3247., 3239., 3245.,  5992., 341855, 20241218213000)
 (3245., 3246., 3241., 3243.,  1933., 341159, 20241218214500)
 (3244., 3244., 3242., 3243.,  1030., 341188, 20241218220000)
 (3244., 3245., 3241., 3244.,  1838., 341201, 20241218221500)
 (3244., 3246., 3243., 3244.,  1114., 340732, 20241218223000)
 (3244., 3253., 3243., 3249.,  3558., 340531, 20241218224500)
 (3249., 3256., 3249., 3253.,  4168., 339643, 20241218230000)
 (3247., 3247., 3238., 3240.,  7972., 338643, 20241219091500)
 (3240., 3240., 3220., 3225., 11605., 336604, 20241219093000)
 (3225., 3230., 3221., 3227., 19930., 338787, 20241219094500)
 (3227., 3233., 3214., 3215., 15309., 336793, 20241219100000)
 (3215., 3215., 3202., 3211., 23355., 337428, 20241219101500)
 (3211., 3221., 3209., 3217.,  9729., 336815, 20241219104500)
 (3218., 3220., 3214., 3218.,  7395., 337012, 20241219110000)
 (3219., 3221., 3213., 3214.,  4562., 335962, 20241219111500)
 (3214., 3222., 3212., 3220., 12738., 332901, 20241219113000)
 (3225., 3229., 3218., 3219.,  9929., 330782, 20241219134500)
 (3219., 3221., 3213., 3215.,  4485., 330152, 20241219140000)
 (3214., 3222., 3210., 3221.,  5216., 329385, 20241219141500)
 (3222., 3244., 3221., 3232., 15876., 326673, 20241219143000)
 (3232., 3236., 3223., 3233.,  6025., 325806, 20241219144500)
 (3233., 3234., 3227., 3231.,  8164., 325637, 20241219150000)]
2024-12-20 15:30:00  INFO  [(3230., 3231., 3218., 3225., 10417., 325662, 20241219211500)
 (3225., 3229., 3222., 3228.,  3935., 326419, 20241219213000)
 (3228., 3229., 3225., 3225.,   879., 326259, 20241219214500)
 (3226., 3230., 3224., 3229.,  1126., 326229, 20241219220000)
 (3229., 3233., 3228., 3232.,  1830., 326265, 20241219221500)
 (3232., 3232., 3226., 3226.,  1068., 326139, 20241219223000)
 (3226., 3230., 3226., 3228.,  1534., 326115, 20241219224500)
 (3228., 3230., 3222., 3227.,  2937., 325114, 20241219230000)
 (3222., 3225., 3215., 3218.,  7067., 323502, 20241220091500)
 (3218., 3227., 3218., 3225.,  3513., 323201, 20241220093000)
 (3225., 3230., 3219., 3221.,  2835., 322751, 20241220094500)
 (3220., 3229., 3220., 3225.,  1803., 322804, 20241220100000)
 (3225., 3226., 3220., 3222.,  2150., 322384, 20241220101500)
 (3222., 3224., 3219., 3220.,  3742., 322748, 20241220104500)
 (3220., 3223., 3219., 3223.,  1595., 322562, 20241220110000)
 (3223., 3224., 3217., 3222.,  1564., 322196, 20241220111500)
 (3221., 3230., 3220., 3229.,  2097., 321650, 20241220113000)
 (3227., 3229., 3223., 3224.,  3541., 321180, 20241220134500)
 (3223., 3224., 3220., 3221.,  3923., 320616, 20241220140000)
 (3220., 3222., 3218., 3219.,  1904., 320276, 20241220141500)
 (3219., 3222., 3217., 3219.,  2324., 319703, 20241220143000)
 (3218., 3222., 3217., 3218.,  1946., 319461, 20241220144500)
 (3218., 3221., 3214., 3214.,  6136., 318344, 20241220150000)]
2024-12-23 15:30:00  INFO  [(3185., 3215., 3185., 3210., 11062., 318431, 20241220211500)
 (3209., 3210., 3204., 3204.,  2442., 317742, 20241220213000)
 (3205., 3206., 3197., 3198.,  7232., 316775, 20241220214500)
 (3198., 3200., 3194., 3198.,  5543., 317023, 20241220220000)
 (3197., 3206., 3197., 3200.,  4227., 316606, 20241220221500)
 (3200., 3203., 3198., 3201.,  2011., 316125, 20241220223000)
 (3201., 3210., 3200., 3209.,  2885., 315192, 20241220224500)
 (3210., 3223., 3209., 3220.,  6556., 313116, 20241220230000)
 (3201., 3230., 3201., 3224.,  9731., 310775, 20241223091500)
 (3226., 3230., 3224., 3230.,  3425., 309632, 20241223093000)
 (3230., 3232., 3224., 3228.,  8056., 306106, 20241223094500)
 (3227., 3235., 3227., 3228.,  5512., 304190, 20241223100000)
 (3228., 3231., 3226., 3229.,  2231., 303463, 20241223101500)
 (3228., 3233., 3226., 3233.,  5224., 301390, 20241223104500)
 (3233., 3236., 3230., 3235.,  3353., 300016, 20241223110000)
 (3235., 3242., 3234., 3240.,  5895., 297089, 20241223111500)
 (3240., 3240., 3231., 3236.,  5929., 294476, 20241223113000)
 (3236., 3238., 3233., 3234.,  2055., 293867, 20241223134500)
 (3233., 3234., 3230., 3231.,  2584., 294349, 20241223140000)
 (3231., 3232., 3226., 3229.,  2420., 293777, 20241223141500)
 (3229., 3232., 3227., 3230.,  3657., 293361, 20241223143000)
 (3230., 3234., 3229., 3233.,  1906., 293148, 20241223144500)
 (3232., 3233., 3228., 3230.,  5983., 293035, 20241223150000)]
2024-12-24 15:30:00  INFO  [(3227., 3233., 3225., 3228.,  9210., 290020, 20241223211500)
 (3228., 3232., 3227., 3228.,  4298., 288461, 20241223213000)
 (3228., 3230., 3226., 3228.,  2528., 287734, 20241223214500)
 (3228., 3230., 3226., 3230.,  1195., 287028, 20241223220000)
 (3228., 3231., 3228., 3229.,   972., 286825, 20241223221500)
 (3229., 3229., 3226., 3226.,   986., 286493, 20241223223000)
 (3227., 3227., 3222., 3223.,  1806., 286268, 20241223224500)
 (3223., 3225., 3221., 3224.,  1492., 285869, 20241223230000)
 (3210., 3230., 3210., 3219.,  7343., 284108, 20241224091500)
 (3219., 3220., 3215., 3218.,  3024., 283564, 20241224093000)
 (3217., 3225., 3217., 3220.,  1874., 283010, 20241224094500)
 (3220., 3225., 3219., 3225.,  1775., 282111, 20241224100000)
 (3224., 3236., 3224., 3232.,  4639., 280477, 20241224101500)
 (3233., 3238., 3229., 3230.,  2775., 279251, 20241224104500)
 (3229., 3233., 3229., 3232.,  1484., 278377, 20241224110000)
 (3232., 3235., 3230., 3233.,  1375., 277917, 20241224111500)
 (3234., 3235., 3226., 3227.,  1972., 277312, 20241224113000)
 (3235., 3235., 3225., 3234.,  3696., 275396, 20241224134500)
 (3234., 3239., 3233., 3237., 10226., 270899, 20241224140000)
 (3237., 3238., 3232., 3237.,  4414., 268622, 20241224141500)
 (3236., 3236., 3232., 3233.,  2239., 267442, 20241224143000)
 (3233., 3240., 3232., 3239.,  4687., 264875, 20241224144500)
 (3239., 3251., 3239., 3250., 14625., 258193, 20241224150000)]
2024-12-25 15:30:00  INFO  [(3250., 3253., 3242., 3244.,  9962., 255908, 20241224211500)
 (3245., 3247., 3244., 3245.,  1941., 255173, 20241224213000)
 (3245., 3247., 3244., 3246.,  1359., 254747, 20241224214500)
 (3245., 3246., 3243., 3244.,  1315., 254223, 20241224220000)
 (3244., 3248., 3243., 3248.,  2508., 253468, 20241224221500)
 (3248., 3253., 3247., 3250.,  2925., 251820, 20241224223000)
 (3250., 3252., 3248., 3250.,   586., 251779, 20241224224500)
 (3250., 3250., 3246., 3246.,  1086., 251283, 20241224230000)
 (3245., 3249., 3243., 3244.,  4748., 250855, 20241225091500)
 (3243., 3245., 3242., 3244.,  2290., 250960, 20241225093000)
 (3243., 3248., 3239., 3247.,  3257., 250386, 20241225094500)
 (3248., 3249., 3245., 3247.,  1962., 249548, 20241225100000)
 (3247., 3249., 3244., 3249.,  2579., 248233, 20241225101500)
 (3249., 3249., 3241., 3243.,  3171., 246741, 20241225104500)
 (3243., 3244., 3240., 3241.,  1192., 246170, 20241225110000)
 (3241., 3244., 3237., 3240.,  2444., 245447, 20241225111500)
 (3238., 3249., 3236., 3249.,  3754., 244008, 20241225113000)
 (3247., 3250., 3245., 3248.,  4631., 242131, 20241225134500)
 (3248., 3248., 3245., 3246.,  1308., 241487, 20241225140000)
 (3247., 3247., 3240., 3240.,  2528., 240443, 20241225141500)
 (3240., 3244., 3239., 3244.,  3338., 240185, 20241225143000)
 (3245., 3245., 3237., 3244.,  4512., 239112, 20241225144500)
 (3245., 3250., 3244., 3249., 56269., 247806, 20241225150000)]
2024-12-26 15:30:00  INFO  [(3252., 3258., 3246., 3257., 22268., 237857, 20241225211500)
 (3257., 3272., 3256., 3267., 20841., 229860, 20241225213000)
 (3267., 3279., 3266., 3270., 17281., 222432, 20241225214500)
 (3268., 3269., 3260., 3262.,  7257., 220015, 20241225220000)
 (3262., 3262., 3257., 3259.,  4360., 217942, 20241225221500)
 (3259., 3259., 3253., 3254.,  4597., 216265, 20241225223000)
 (3255., 3257., 3253., 3256.,  1660., 215461, 20241225224500)
 (3256., 3258., 3251., 3256.,  2854., 214158, 20241225230000)
 (3257., 3265., 3251., 3265.,  5806., 211954, 20241226091500)
 (3265., 3273., 3263., 3269.,  5443., 209803, 20241226093000)
 (3269., 3280., 3266., 3273.,  7669., 205983, 20241226094500)
 (3274., 3278., 3271., 3273.,  3496., 204669, 20241226100000)
 (3274., 3280., 3273., 3278.,  4027., 202882, 20241226101500)
 (3277., 3284., 3277., 3284.,  3994., 201081, 20241226104500)
 (3282., 3285., 3282., 3284.,  3021., 199607, 20241226110000)
 (3285., 3287., 3283., 3285.,  2119., 198540, 20241226111500)
 (3284., 3285., 3276., 3277.,  3189., 197302, 20241226113000)
 (3276., 3276., 3270., 3270.,  3733., 195649, 20241226134500)
 (3270., 3271., 3263., 3265.,  2974., 194422, 20241226140000)
 (3265., 3266., 3263., 3264.,   972., 194001, 20241226141500)
 (3264., 3266., 3257., 3263.,  6890., 190135, 20241226143000)
 (3263., 3267., 3259., 3264.,  2637., 188565, 20241226144500)
 (3263., 3266., 3260., 3261.,  2803., 187524, 20241226150000)]
2024-12-27 15:30:00  INFO  [(3265., 3279., 3262., 3275., 13436., 179664, 20241226211500)
 (3276., 3277., 3270., 3273.,  3630., 178810, 20241226213000)
 (3272., 3277., 3272., 3275.,  3223., 178959, 20241226214500)
 (3276., 3276., 3267., 3267.,  3308., 179431, 20241226220000)
 (3267., 3275., 3264., 3271.,  2151., 179313, 20241226221500)
 (3270., 3274., 3269., 3271.,   880., 178953, 20241226223000)
 (3271., 3275., 3269., 3271.,  1066., 178534, 20241226224500)
 (3272., 3275., 3271., 3274.,  1063., 177897, 20241226230000)
 (3273., 3273., 3260., 3265.,  7028., 175224, 20241227091500)
 (3263., 3267., 3259., 3267.,  7219., 172011, 20241227093000)
 (3267., 3272., 3264., 3264.,  5250., 169381, 20241227094500)
 (3265., 3269., 3261., 3261.,  4228., 167171, 20241227100000)
 (3261., 3263., 3254., 3260.,  3343., 166195, 20241227101500)
 (3260., 3266., 3257., 3266.,  3642., 163985, 20241227104500)
 (3265., 3270., 3265., 3267.,  5389., 162016, 20241227110000)
 (3268., 3270., 3263., 3270.,  4625., 159149, 20241227111500)
 (3270., 3271., 3266., 3269.,  3170., 157077, 20241227113000)
 (3267., 3271., 3265., 3269.,  5939., 153904, 20241227134500)
 (3269., 3270., 3265., 3269.,  4784., 151634, 20241227140000)
 (3267., 3271., 3263., 3264.,  7650., 147326, 20241227141500)
 (3263., 3265., 3258., 3260.,  2689., 145589, 20241227143000)
 (3260., 3270., 3260., 3268.,  3189., 143877, 20241227144500)
 (3267., 3271., 3264., 3269.,  6735., 139810, 20241227150000)]
2024-12-30 15:30:00  INFO  [(3270., 3285., 3268., 3284., 14148., 130394, 20241227211500)
 (3285., 3290., 3271., 3274.,  9412., 126381, 20241227213000)
 (3273., 3286., 3273., 3285.,  5540., 123579, 20241227214500)
 (3285., 3289., 3283., 3289.,  3120., 121904, 20241227220000)
 (3288., 3290., 3284., 3285.,  2269., 120605, 20241227221500)
 (3287., 3287., 3282., 3283.,   681., 120299, 20241227223000)
 (3282., 3285., 3281., 3284.,  1353., 119501, 20241227224500)
 (3285., 3289., 3283., 3286.,  1655., 118477, 20241227230000)
 (3285., 3296., 3282., 3296.,  5625., 115511, 20241230091500)
 (3296., 3297., 3283., 3284.,  8061., 112919, 20241230093000)
 (3284., 3289., 3282., 3287.,  3564., 110803, 20241230094500)
 (3289., 3294., 3288., 3292.,  2419., 109475, 20241230100000)
 (3293., 3295., 3290., 3292.,  2397., 108017, 20241230101500)
 (3291., 3295., 3291., 3293.,  1509., 107420, 20241230104500)
 (3293., 3299., 3293., 3296.,  3601., 105150, 20241230110000)
 (3297., 3298., 3295., 3295.,  1646., 104001, 20241230111500)
 (3295., 3299., 3292., 3293.,  2295., 103073, 20241230113000)
 (3296., 3300., 3293., 3300.,  6890.,  98879, 20241230134500)
 (3300., 3304., 3298., 3299.,  4683.,  96266, 20241230140000)
 (3299., 3304., 3295., 3301.,  3550.,  94359, 20241230141500)
 (3302., 3303., 3298., 3301.,  2127.,  93377, 20241230143000)
 (3301., 3303., 3295., 3296.,  1303.,  92899, 20241230144500)
 (3296., 3298., 3293., 3298.,  3254.,  90554, 20241230150000)]
2024-12-31 15:30:00  INFO  [(3314., 3314., 3298., 3305., 7104., 84895, 20241230211500)
 (3305., 3308., 3303., 3305., 1679., 83702, 20241230213000)
 (3304., 3306., 3300., 3301., 1277., 82707, 20241230214500)
 (3301., 3304., 3301., 3304., 1508., 81386, 20241230220000)
 (3304., 3310., 3302., 3305., 2207., 79752, 20241230221500)
 (3305., 3306., 3303., 3304., 1266., 78894, 20241230223000)
 (3304., 3305., 3302., 3302.,  821., 78378, 20241230224500)
 (3303., 3303., 3300., 3300., 1209., 77306, 20241230230000)
 (3303., 3304., 3293., 3295., 5328., 74049, 20241231091500)
 (3295., 3299., 3295., 3299., 2860., 72343, 20241231093000)
 (3298., 3303., 3296., 3299., 2391., 70367, 20241231094500)
 (3300., 3304., 3296., 3296., 3633., 67708, 20241231100000)
 (3296., 3299., 3289., 3290., 2014., 66236, 20241231101500)
 (3289., 3294., 3288., 3291., 4098., 62828, 20241231104500)
 (3291., 3292., 3286., 3287., 2951., 60917, 20241231110000)
 (3287., 3290., 3286., 3286., 1447., 59673, 20241231111500)
 (3286., 3293., 3285., 3293., 2189., 57859, 20241231113000)
 (3292., 3298., 3289., 3294., 3443., 55222, 20241231134500)
 (3294., 3298., 3293., 3297., 3547., 52394, 20241231140000)
 (3297., 3299., 3293., 3294., 3833., 49754, 20241231141500)
 (3294., 3310., 3292., 3305., 5460., 45696, 20241231143000)
 (3305., 3305., 3297., 3302., 3427., 43044, 20241231144500)
 (3301., 3310., 3297., 3310., 2989., 40509, 20241231150000)]
2025-01-02 15:30:00  INFO  [(3287., 3290., 3286., 3286., 1447., 59673, 20241231111500)
 (3286., 3293., 3285., 3293., 2189., 57859, 20241231113000)
 (3292., 3298., 3289., 3294., 3443., 55222, 20241231134500)
 (3294., 3298., 3293., 3297., 3547., 52394, 20241231140000)
 (3297., 3299., 3293., 3294., 3833., 49754, 20241231141500)
 (3294., 3310., 3292., 3305., 5460., 45696, 20241231143000)
 (3305., 3305., 3297., 3302., 3427., 43044, 20241231144500)
 (3301., 3310., 3297., 3310., 2989., 40509, 20241231150000)
 (3310., 3310., 3287., 3291.,  870., 39999, 20250102091500)
 (3291., 3302., 3291., 3300.,  270., 39759, 20250102093000)
 (3300., 3304., 3300., 3300.,  510., 39339, 20250102094500)
 (3300., 3300., 3294., 3296.,  480., 38919, 20250102100000)
 (3296., 3305., 3291., 3298., 1590., 37869, 20250102101500)
 (3298., 3300., 3295., 3300.,  459., 37500, 20250102104500)
 (3301., 3303., 3299., 3301.,  450., 37140, 20250102110000)
 (3304., 3304., 3300., 3300.,  480., 36660, 20250102111500)
 (3300., 3300., 3300., 3300.,    0., 36660, 20250102113000)
 (3300., 3300., 3294., 3297.,  240., 36450, 20250102134500)
 (3297., 3297., 3297., 3297.,   30., 36420, 20250102140000)
 (3297., 3297., 3293., 3293.,  240., 36270, 20250102141500)
 (3293., 3293., 3290., 3290.,  300., 36240, 20250102143000)
 (3290., 3290., 3281., 3283.,  360., 35910, 20250102144500)
 (3283., 3288., 3282., 3283.,  330., 35640, 20250102150000)]
2025-01-03 15:30:00  INFO  [(3283., 3288., 3283., 3288.,  420., 35280, 20250102211500)
 (3289., 3290., 3281., 3282.,  450., 34830, 20250102213000)
 (3277., 3281., 3272., 3273.,  660., 34260, 20250102214500)
 (3272., 3278., 3271., 3278.,  390., 34020, 20250102220000)
 (3278., 3278., 3278., 3278.,  150., 33900, 20250102221500)
 (3278., 3280., 3278., 3279.,   60., 33840, 20250102223000)
 (3279., 3279., 3273., 3273.,   60., 33780, 20250102224500)
 (3273., 3278., 3273., 3273.,   60., 33720, 20250102230000)
 (3273., 3280., 3273., 3275.,  240., 33510, 20250103091500)
 (3272., 3272., 3268., 3268.,  300., 33210, 20250103093000)
 (3268., 3272., 3265., 3271.,  480., 32790, 20250103094500)
 (3271., 3273., 3265., 3266.,  480., 32460, 20250103100000)
 (3266., 3271., 3266., 3270.,  420., 32070, 20250103101500)
 (3270., 3280., 3256., 3259., 3900., 29610, 20250103104500)
 (3260., 3260., 3236., 3244., 1980., 28110, 20250103110000)
 (3244., 3245., 3237., 3244.,  810., 27480, 20250103111500)
 (3244., 3250., 3244., 3246.,  270., 27300, 20250103113000)
 (3246., 3246., 3241., 3242.,  390., 27030, 20250103134500)
 (3242., 3258., 3241., 3251.,  570., 26610, 20250103140000)
 (3256., 3256., 3253., 3253.,   60., 26580, 20250103141500)
 (3253., 3263., 3246., 3262.,  780., 25890, 20250103143000)
 (3262., 3262., 3250., 3250.,   60., 25860, 20250103144500)
 (3251., 3254., 3250., 3254.,   90., 25800, 20250103150000)]
2025-01-06 15:30:00  INFO  [(3254., 3254., 3254., 3254., 1050., 24750, 20250103211500)
 (3254., 3256., 3250., 3256.,  240., 24540, 20250103213000)
 (3256., 3256., 3244., 3244.,   90., 24480, 20250103214500)
 (3244., 3250., 3244., 3250.,   60., 24420, 20250103220000)
 (3250., 3257., 3250., 3257.,   30., 24390, 20250103221500)
 (3257., 3258., 3254., 3258.,  300., 24090, 20250103223000)
 (3254., 3266., 3254., 3266.,  720., 23370, 20250103224500)
 (3266., 3268., 3260., 3260.,  630., 22830, 20250103230000)
 (3260., 3268., 3260., 3266.,   90., 22770, 20250106091500)
 (3266., 3268., 3262., 3263.,  240., 22560, 20250106093000)
 (3263., 3263., 3260., 3260.,  210., 22500, 20250106094500)
 (3260., 3260., 3259., 3259.,   60., 22500, 20250106100000)
 (3259., 3266., 3254., 3266.,  390., 22260, 20250106101500)
 (3266., 3266., 3261., 3264.,  210., 22140, 20250106104500)
 (3264., 3264., 3264., 3264.,    0., 22140, 20250106110000)
 (3264., 3264., 3263., 3263.,  180., 21960, 20250106111500)
 (3263., 3263., 3249., 3250.,  720., 21420, 20250106113000)
 (3250., 3250., 3250., 3250.,    0., 21420, 20250106134500)
 (3250., 3250., 3250., 3250.,   30., 21390, 20250106140000)
 (3250., 3251., 3247., 3247.,  150., 21240, 20250106141500)
 (3247., 3248., 3245., 3248.,  300., 20940, 20250106143000)
 (3248., 3249., 3243., 3249.,  270., 20670, 20250106144500)
 (3249., 3256., 3245., 3250., 1230., 19590, 20250106150000)]
2025-01-07 15:30:00  INFO  [(3254., 3257., 3254., 3257., 120., 19470, 20250106211500)
 (3257., 3260., 3257., 3260.,  90., 19380, 20250106213000)
 (3260., 3260., 3260., 3260.,   0., 19380, 20250106214500)
 (3260., 3260., 3256., 3256., 150., 19260, 20250106220000)
 (3256., 3257., 3256., 3257., 150., 19170, 20250106221500)
 (3257., 3257., 3250., 3250.,  60., 19110, 20250106223000)
 (3250., 3250., 3248., 3248.,  90., 19020, 20250106224500)
 (3248., 3251., 3248., 3251.,  60., 18960, 20250106230000)
 (3251., 3251., 3240., 3241., 540., 18450, 20250107091500)
 (3241., 3241., 3240., 3240.,  60., 18420, 20250107093000)
 (3240., 3245., 3240., 3245.,  90., 18330, 20250107094500)
 (3239., 3240., 3238., 3240., 210., 18240, 20250107100000)
 (3240., 3240., 3239., 3239.,  30., 18210, 20250107101500)
 (3239., 3239., 3232., 3232., 150., 18150, 20250107104500)
 (3231., 3237., 3231., 3236., 180., 18000, 20250107110000)
 (3236., 3236., 3230., 3234., 450., 17610, 20250107111500)
 (3232., 3232., 3226., 3231., 750., 16920, 20250107113000)
 (3228., 3239., 3228., 3239., 780., 16170, 20250107134500)
 (3239., 3239., 3236., 3236.,  90., 16080, 20250107140000)
 (3236., 3236., 3231., 3231., 210., 15900, 20250107141500)
 (3231., 3234., 3226., 3234., 150., 15780, 20250107143000)
 (3229., 3234., 3229., 3234.,  60., 15750, 20250107144500)
 (3234., 3236., 3227., 3230., 300., 15510, 20250107150000)]
2025-01-08 15:30:00  INFO  [(3230., 3233., 3224., 3233.,  150., 15390, 20250107211500)
 (3233., 3236., 3232., 3234.,  120., 15330, 20250107213000)
 (3234., 3234., 3234., 3234.,    0., 15330, 20250107214500)
 (3234., 3234., 3233., 3233.,   90., 15240, 20250107220000)
 (3233., 3240., 3233., 3240.,   90., 15150, 20250107221500)
 (3240., 3240., 3236., 3236.,   60., 15090, 20250107223000)
 (3236., 3237., 3236., 3237.,  180., 14910, 20250107224500)
 (3237., 3237., 3236., 3236.,   30., 14880, 20250107230000)
 (3236., 3236., 3233., 3235., 1410., 13500, 20250108091500)
 (3235., 3236., 3232., 3232.,  420., 13230, 20250108093000)
 (3231., 3231., 3226., 3230.,  480., 12750, 20250108094500)
 (3233., 3233., 3229., 3229.,   60., 12720, 20250108100000)
 (3225., 3227., 3225., 3225.,  120., 12720, 20250108101500)
 (3225., 3225., 3223., 3223.,  240., 12510, 20250108104500)
 (3222., 3222., 3221., 3222.,  180., 12330, 20250108110000)
 (3221., 3221., 3213., 3213.,  390., 11940, 20250108111500)
 (3210., 3215., 3210., 3211.,  210., 11730, 20250108113000)
 (3211., 3211., 3176., 3185., 1350., 11040, 20250108134500)
 (3185., 3187., 3173., 3181.,  510., 10920, 20250108140000)
 (3181., 3189., 3175., 3175.,  690., 10560, 20250108141500)
 (3175., 3175., 3163., 3163.,  540., 10230, 20250108143000)
 (3163., 3163., 3136., 3143., 1200.,  9660, 20250108144500)
 (3143., 3143., 3129., 3129.,  960.,  9150, 20250108150000)]
2025-01-09 15:30:00  INFO  [(3129., 3134., 3129., 3134.,   30., 9120, 20250108211500)
 (3134., 3144., 3134., 3144.,   30., 9090, 20250108213000)
 (3144., 3145., 3144., 3145.,  150., 8940, 20250108214500)
 (3145., 3145., 3145., 3145.,    0., 8940, 20250108220000)
 (3145., 3145., 3145., 3145.,    0., 8940, 20250108221500)
 (3145., 3145., 3144., 3144.,   30., 8910, 20250108223000)
 (3144., 3144., 3139., 3139.,   30., 8910, 20250108224500)
 (3139., 3139., 3139., 3139.,   30., 8880, 20250108230000)
 (3139., 3145., 3135., 3145., 1080., 7950, 20250109091500)
 (3145., 3145., 3145., 3145.,    0., 7950, 20250109093000)
 (3145., 3145., 3145., 3145.,    0., 7950, 20250109094500)
 (3130., 3130., 3130., 3130.,   30., 7950, 20250109100000)
 (3130., 3130., 3125., 3125.,   30., 7920, 20250109101500)
 (3125., 3136., 3125., 3136.,   30., 7890, 20250109104500)
 (3136., 3136., 3136., 3136.,    0., 7890, 20250109110000)
 (3136., 3136., 3125., 3125.,   30., 7860, 20250109111500)
 (3125., 3125., 3125., 3125.,    0., 7860, 20250109113000)
 (3135., 3135., 3135., 3135.,   30., 7830, 20250109134500)
 (3135., 3135., 3135., 3135.,    0., 7830, 20250109140000)
 (3135., 3135., 3135., 3135.,    0., 7830, 20250109141500)
 (3135., 3142., 3135., 3142.,   30., 7800, 20250109143000)
 (3142., 3150., 3142., 3150.,   90., 7740, 20250109144500)
 (3150., 3150., 3150., 3150.,    0., 7740, 20250109150000)]
2025-01-10 15:30:00  INFO  [(3150., 3150., 3128., 3130., 360., 7380, 20250109211500)
 (3130., 3130., 3125., 3125., 480., 7080, 20250109213000)
 (3125., 3125., 3124., 3124.,  60., 7050, 20250109214500)
 (3124., 3124., 3122., 3122.,  60., 7020, 20250109220000)
 (3122., 3122., 3122., 3122.,   0., 7020, 20250109221500)
 (3122., 3122., 3120., 3120., 150., 6930, 20250109223000)
 (3120., 3124., 3120., 3124.,  30., 6930, 20250109224500)
 (3124., 3124., 3124., 3124.,   0., 6930, 20250109230000)
 (3124., 3124., 3124., 3124., 300., 6630, 20250110091500)
 (3124., 3134., 3124., 3134., 210., 6540, 20250110093000)
 (3134., 3150., 3134., 3145.,  60., 6480, 20250110094500)
 (3145., 3150., 3145., 3150.,  30., 6450, 20250110100000)
 (3150., 3150., 3150., 3150.,   0., 6450, 20250110101500)
 (3150., 3150., 3134., 3134.,  30., 6450, 20250110104500)
 (3134., 3134., 3134., 3134.,   0., 6450, 20250110110000)
 (3134., 3134., 3134., 3134.,   0., 6450, 20250110111500)
 (3134., 3134., 3134., 3134.,   0., 6450, 20250110113000)
 (3134., 3134., 3134., 3134.,   0., 6450, 20250110134500)
 (3134., 3134., 3134., 3134.,   0., 6450, 20250110140000)
 (3134., 3135., 3130., 3134., 120., 6360, 20250110141500)
 (3134., 3136., 3131., 3136.,  60., 6330, 20250110143000)
 (3136., 3136., 3136., 3136.,   0., 6330, 20250110144500)
 (3136., 3139., 3134., 3134.,  60., 6330, 20250110150000)]
2025-01-13 15:30:00  INFO  [(3134., 3134., 3134., 3134.,   0., 6330, 20250110211500)
 (3134., 3150., 3134., 3150.,  60., 6270, 20250110213000)
 (3150., 3150., 3150., 3150.,  30., 6240, 20250110214500)
 (3150., 3150., 3150., 3150.,   0., 6240, 20250110220000)
 (3150., 3150., 3150., 3150.,   0., 6240, 20250110221500)
 (3150., 3150., 3150., 3150.,   0., 6240, 20250110223000)
 (3150., 3180., 3150., 3180.,  30., 6210, 20250110224500)
 (3180., 3180., 3180., 3180.,   0., 6210, 20250110230000)
 (3180., 3180., 3180., 3180.,   0., 6210, 20250113091500)
 (3180., 3180., 3180., 3180.,   0., 6210, 20250113093000)
 (3180., 3180., 3180., 3180.,   0., 6210, 20250113094500)
 (3180., 3185., 3180., 3185.,  60., 6180, 20250113100000)
 (3185., 3186., 3185., 3186.,  60., 6120, 20250113101500)
 (3186., 3186., 3186., 3186.,   0., 6120, 20250113104500)
 (3186., 3186., 3186., 3186.,   0., 6120, 20250113110000)
 (3186., 3186., 3180., 3180.,  30., 6090, 20250113111500)
 (3180., 3185., 3180., 3185.,  60., 6030, 20250113113000)
 (3185., 3185., 3185., 3185.,  90., 5940, 20250113134500)
 (3185., 3185., 3180., 3180.,  30., 5940, 20250113140000)
 (3180., 3180., 3170., 3170., 150., 5820, 20250113141500)
 (3170., 3170., 3170., 3170.,   0., 5820, 20250113143000)
 (3170., 3177., 3170., 3177.,  30., 5790, 20250113144500)
 (3177., 3199., 3177., 3199.,  90., 5730, 20250113150000)]
2025-01-14 15:30:00  INFO  [(3199., 3199., 3199., 3199.,   0., 5730, 20250113211500)
 (3199., 3199., 3199., 3199.,   0., 5730, 20250113213000)
 (3199., 3199., 3199., 3199.,   0., 5730, 20250113214500)
 (3199., 3199., 3199., 3199.,   0., 5730, 20250113220000)
 (3199., 3199., 3183., 3183.,  60., 5670, 20250113221500)
 (3183., 3183., 3183., 3183.,   0., 5670, 20250113223000)
 (3183., 3183., 3183., 3183.,   0., 5670, 20250113224500)
 (3183., 3183., 3183., 3183.,   0., 5670, 20250113230000)
 (3183., 3200., 3183., 3200.,  60., 5610, 20250114091500)
 (3200., 3200., 3200., 3200., 150., 5490, 20250114093000)
 (3200., 3200., 3200., 3200.,   0., 5490, 20250114094500)
 (3200., 3200., 3200., 3200.,   0., 5490, 20250114100000)
 (3200., 3200., 3200., 3200.,   0., 5490, 20250114101500)
 (3200., 3200., 3200., 3200.,   0., 5490, 20250114104500)
 (3200., 3200., 3200., 3200.,   0., 5490, 20250114110000)
 (3200., 3200., 3200., 3200.,   0., 5490, 20250114111500)
 (3200., 3200., 3200., 3200.,   0., 5490, 20250114113000)
 (3200., 3200., 3200., 3200.,   0., 5490, 20250114134500)
 (3200., 3219., 3200., 3219.,  30., 5490, 20250114140000)
 (3219., 3220., 3219., 3220.,  30., 5490, 20250114141500)
 (3220., 3220., 3220., 3220.,   0., 5490, 20250114143000)
 (3220., 3220., 3220., 3220.,   0., 5490, 20250114144500)
 (3220., 3220., 3220., 3220.,   0., 5490, 20250114150000)]
2025-01-15 15:30:00  INFO  [(3220., 3220., 3220., 3220.,  0., 5490, 20250114211500)
 (3220., 3220., 3220., 3220.,  0., 5490, 20250114213000)
 (3220., 3220., 3220., 3220.,  0., 5490, 20250114214500)
 (3220., 3220., 3220., 3220.,  0., 5490, 20250114220000)
 (3220., 3220., 3220., 3220.,  0., 5490, 20250114221500)
 (3220., 3220., 3220., 3220.,  0., 5490, 20250114223000)
 (3220., 3220., 3220., 3220.,  0., 5490, 20250114224500)
 (3220., 3220., 3220., 3220.,  0., 5490, 20250114230000)
 (3220., 3220., 3200., 3200., 30., 5490, 20250115091500)
 (3200., 3200., 3200., 3200.,  0., 5490, 20250115093000)
 (3200., 3200., 3200., 3200.,  0., 5490, 20250115094500)
 (3200., 3200., 3200., 3200.,  0., 5490, 20250115100000)
 (3200., 3220., 3200., 3220., 60., 5490, 20250115101500)
 (3220., 3220., 3220., 3220.,  0., 5490, 20250115104500)
 (3220., 3220., 3220., 3220.,  0., 5490, 20250115110000)
 (3220., 3220., 3220., 3220., 90., 5400, 20250115111500)
 (3220., 3220., 3220., 3220.,  0., 5400, 20250115113000)
 (3220., 3220., 3220., 3220.,  0., 5400, 20250115134500)
 (3220., 3220., 3220., 3220.,  0., 5400, 20250115140000)
 (3220., 3220., 3220., 3220.,  0., 5400, 20250115141500)
 (3220., 3220., 3220., 3220.,  0., 5400, 20250115143000)
 (3220., 3220., 3220., 3220.,  0., 5400, 20250115144500)
 (3220., 3220., 3220., 3220.,  0., 5400, 20250115150000)]
