2025-01-16 15:30:00  INFO  [(3340., 3345., 3322., 3335.,  70.,  67, 20250115211500)
 (3335., 3342., 3335., 3338.,  27.,  91, 20250115213000)
 (3342., 3353., 3338., 3348.,  82., 152, 20250115214500)
 (3348., 3352., 3347., 3352.,  15., 159, 20250115220000)
 (3352., 3357., 3350., 3352.,  38., 190, 20250115221500)
 (3352., 3357., 3352., 3352.,   3., 191, 20250115223000)
 (3352., 3358., 3350., 3351.,  49., 240, 20250115224500)
 (3351., 3359., 3351., 3352.,  12., 252, 20250115230000)
 (3352., 3363., 3352., 3352.,  12., 263, 20250116091500)
 (3352., 3355., 3352., 3355.,   1., 264, 20250116093000)
 (3355., 3360., 3355., 3358.,  16., 279, 20250116094500)
 (3360., 3360., 3354., 3354.,  23., 295, 20250116100000)
 (3353., 3355., 3343., 3343.,  24., 310, 20250116101500)
 (3343., 3350., 3343., 3350.,   1., 310, 20250116104500)
 (3350., 3350., 3349., 3350.,   7., 314, 20250116110000)
 (3350., 3353., 3350., 3353.,   1., 313, 20250116111500)
 (3353., 3353., 3343., 3343.,   4., 316, 20250116113000)
 (3343., 3350., 3343., 3347.,   4., 318, 20250116134500)
 (3348., 3357., 3348., 3354.,  10., 324, 20250116140000)
 (3354., 3362., 3328., 3362., 103., 340, 20250116141500)
 (3362., 3362., 3358., 3358.,   6., 337, 20250116143000)
 (3358., 3370., 3358., 3367.,  23., 353, 20250116144500)
 (3367., 3376., 3367., 3369.,  15., 361, 20250116150000)]
2025-01-17 15:30:00  INFO  [(3369., 3377., 3364., 3368., 21., 372, 20250116211500)
 (3368., 3369., 3365., 3365., 18., 389, 20250116213000)
 (3365., 3365., 3365., 3365.,  0., 389, 20250116214500)
 (3366., 3369., 3366., 3367., 11., 393, 20250116220000)
 (3367., 3368., 3363., 3363.,  8., 400, 20250116221500)
 (3363., 3368., 3363., 3368.,  2., 402, 20250116223000)
 (3368., 3368., 3365., 3368.,  3., 404, 20250116224500)
 (3368., 3368., 3365., 3368., 14., 412, 20250116230000)
 (3368., 3370., 3362., 3368., 20., 427, 20250117091500)
 (3368., 3370., 3368., 3368.,  4., 429, 20250117093000)
 (3370., 3374., 3370., 3372., 10., 436, 20250117094500)
 (3372., 3372., 3370., 3370., 12., 447, 20250117100000)
 (3370., 3374., 3370., 3374.,  1., 447, 20250117101500)
 (3374., 3374., 3374., 3374.,  0., 447, 20250117104500)
 (3372., 3377., 3372., 3377.,  7., 450, 20250117110000)
 (3378., 3393., 3378., 3387., 37., 478, 20250117111500)
 (3387., 3394., 3387., 3392., 36., 501, 20250117113000)
 (3398., 3407., 3393., 3400., 27., 518, 20250117134500)
 (3400., 3401., 3397., 3400., 19., 532, 20250117140000)
 (3400., 3405., 3398., 3404., 18., 543, 20250117141500)
 (3404., 3404., 3402., 3402., 25., 561, 20250117143000)
 (3402., 3405., 3402., 3404., 74., 628, 20250117144500)
 (3404., 3407., 3404., 3407., 24., 641, 20250117150000)]
2025-01-20 15:30:00  INFO  [(3401., 3410., 3400., 3403.,  53., 684, 20250117211500)
 (3403., 3404., 3400., 3403.,  10., 693, 20250117213000)
 (3403., 3406., 3403., 3406.,  13., 704, 20250117214500)
 (3406., 3407., 3402., 3402.,  28., 732, 20250117220000)
 (3402., 3408., 3402., 3404.,   4., 736, 20250117221500)
 (3404., 3408., 3403., 3404.,  30., 759, 20250117223000)
 (3404., 3408., 3404., 3408.,   6., 760, 20250117224500)
 (3409., 3415., 3406., 3414., 140., 867, 20250117230000)
 (3415., 3415., 3401., 3401.,  67., 879, 20250120091500)
 (3401., 3411., 3401., 3408.,  32., 870, 20250120093000)
 (3408., 3411., 3406., 3406.,  81., 847, 20250120094500)
 (3406., 3409., 3405., 3408.,  19., 846, 20250120100000)
 (3408., 3409., 3403., 3403.,  70., 808, 20250120101500)
 (3404., 3406., 3402., 3402.,  82., 815, 20250120104500)
 (3402., 3402., 3401., 3401.,   3., 815, 20250120110000)
 (3401., 3401., 3397., 3397.,  80., 789, 20250120111500)
 (3396., 3409., 3396., 3407.,  65., 771, 20250120113000)
 (3407., 3407., 3402., 3402.,   8., 766, 20250120134500)
 (3402., 3409., 3402., 3409.,   2., 768, 20250120140000)
 (3409., 3410., 3404., 3408.,   4., 768, 20250120141500)
 (3408., 3409., 3406., 3406.,  12., 778, 20250120143000)
 (3406., 3412., 3406., 3409.,   7., 776, 20250120144500)
 (3409., 3413., 3406., 3413.,  34., 784, 20250120150000)]
2025-01-21 15:30:00  INFO  [(3413., 3428., 3409., 3422., 221.,  980, 20250120211500)
 (3421., 3432., 3421., 3426., 153., 1065, 20250120213000)
 (3433., 3440., 3432., 3433., 200., 1230, 20250120214500)
 (3433., 3433., 3427., 3433.,  30., 1256, 20250120220000)
 (3433., 3433., 3423., 3427.,  26., 1249, 20250120221500)
 (3427., 3427., 3427., 3427.,   0., 1249, 20250120223000)
 (3427., 3427., 3424., 3425.,   7., 1251, 20250120224500)
 (3425., 3426., 3425., 3426.,   1., 1251, 20250120230000)
 (3423., 3437., 3423., 3430., 113., 1305, 20250121091500)
 (3432., 3435., 3428., 3428., 151., 1427, 20250121093000)
 (3428., 3429., 3427., 3427.,   4., 1427, 20250121094500)
 (3427., 3432., 3427., 3428.,  50., 1453, 20250121100000)
 (3431., 3434., 3426., 3426.,  23., 1457, 20250121101500)
 (3426., 3426., 3411., 3412.,  79., 1453, 20250121104500)
 (3412., 3415., 3412., 3415.,  22., 1448, 20250121110000)
 (3420., 3423., 3420., 3423.,  23., 1448, 20250121111500)
 (3423., 3429., 3423., 3426.,   5., 1449, 20250121113000)
 (3426., 3427., 3426., 3427.,  11., 1459, 20250121134500)
 (3427., 3428., 3421., 3422.,  42., 1441, 20250121140000)
 (3422., 3429., 3422., 3429.,  25., 1443, 20250121141500)
 (3429., 3429., 3420., 3422.,  12., 1442, 20250121143000)
 (3421., 3423., 3421., 3423.,  12., 1441, 20250121144500)
 (3423., 3423., 3415., 3419.,   7., 1438, 20250121150000)]
2025-01-22 15:30:00  INFO  [(3401., 3416., 3401., 3401., 49., 1431, 20250121211500)
 (3405., 3410., 3392., 3392., 61., 1417, 20250121213000)
 (3392., 3399., 3392., 3399.,  8., 1416, 20250121214500)
 (3400., 3400., 3399., 3399., 10., 1417, 20250121220000)
 (3399., 3399., 3393., 3395., 15., 1426, 20250121221500)
 (3395., 3399., 3394., 3396., 15., 1426, 20250121223000)
 (3396., 3396., 3386., 3388., 57., 1433, 20250121224500)
 (3388., 3392., 3386., 3391., 55., 1430, 20250121230000)
 (3397., 3397., 3388., 3388.,  6., 1430, 20250122091500)
 (3388., 3391., 3388., 3391., 12., 1431, 20250122093000)
 (3391., 3391., 3387., 3391.,  9., 1431, 20250122094500)
 (3391., 3392., 3391., 3392.,  2., 1433, 20250122100000)
 (3392., 3392., 3392., 3392.,  2., 1433, 20250122101500)
 (3392., 3396., 3392., 3395., 23., 1451, 20250122104500)
 (3395., 3402., 3395., 3400., 32., 1473, 20250122110000)
 (3400., 3407., 3398., 3407., 35., 1484, 20250122111500)
 (3403., 3403., 3402., 3402.,  3., 1485, 20250122113000)
 (3397., 3404., 3397., 3403., 44., 1472, 20250122134500)
 (3404., 3405., 3401., 3405., 61., 1476, 20250122140000)
 (3405., 3405., 3397., 3399., 29., 1467, 20250122141500)
 (3399., 3405., 3398., 3405., 11., 1458, 20250122143000)
 (3406., 3416., 3406., 3416., 58., 1455, 20250122144500)
 (3416., 3416., 3407., 3410.,  8., 1450, 20250122150000)]
2025-01-23 15:30:00  INFO  [(3396., 3432., 3396., 3426., 135., 1443, 20250122211500)
 (3428., 3436., 3428., 3429.,  89., 1467, 20250122213000)
 (3429., 3430., 3425., 3425.,  27., 1468, 20250122214500)
 (3424., 3431., 3424., 3431.,  11., 1466, 20250122220000)
 (3434., 3437., 3431., 3434.,  70., 1447, 20250122221500)
 (3434., 3434., 3432., 3434.,  10., 1450, 20250122223000)
 (3434., 3434., 3428., 3428.,   2., 1452, 20250122224500)
 (3430., 3431., 3426., 3431.,   7., 1453, 20250122230000)
 (3429., 3431., 3424., 3430.,  33., 1458, 20250123091500)
 (3430., 3436., 3429., 3436.,   6., 1457, 20250123093000)
 (3436., 3438., 3431., 3433.,  24., 1475, 20250123094500)
 (3433., 3433., 3421., 3421.,  31., 1473, 20250123100000)
 (3421., 3421., 3409., 3418.,  78., 1490, 20250123101500)
 (3419., 3420., 3411., 3411.,  38., 1479, 20250123104500)
 (3411., 3415., 3411., 3415.,  43., 1498, 20250123110000)
 (3415., 3415., 3411., 3411.,  11., 1502, 20250123111500)
 (3411., 3418., 3411., 3418.,   8., 1504, 20250123113000)
 (3418., 3418., 3417., 3417.,  31., 1527, 20250123134500)
 (3417., 3417., 3413., 3415.,   4., 1528, 20250123140000)
 (3415., 3417., 3410., 3410.,  15., 1519, 20250123141500)
 (3410., 3411., 3407., 3410.,  28., 1512, 20250123143000)
 (3410., 3416., 3410., 3416.,   4., 1513, 20250123144500)
 (3416., 3419., 3413., 3419.,  21., 1520, 20250123150000)]
2025-01-24 15:30:00  INFO  [(3413., 3421., 3413., 3421.,  15., 1522, 20250123211500)
 (3412., 3412., 3411., 3411.,  13., 1520, 20250123213000)
 (3411., 3418., 3411., 3414.,  18., 1526, 20250123214500)
 (3414., 3415., 3410., 3410.,  18., 1523, 20250123220000)
 (3410., 3414., 3410., 3410.,  20., 1529, 20250123221500)
 (3410., 3410., 3406., 3406., 105., 1619, 20250123223000)
 (3403., 3412., 3403., 3411.,   9., 1619, 20250123224500)
 (3411., 3411., 3407., 3410.,   6., 1615, 20250123230000)
 (3410., 3410., 3402., 3403.,  17., 1609, 20250124091500)
 (3403., 3408., 3401., 3401.,  17., 1609, 20250124093000)
 (3402., 3409., 3402., 3409.,   5., 1608, 20250124094500)
 (3409., 3409., 3409., 3409.,   0., 1608, 20250124100000)
 (3409., 3412., 3407., 3411.,  26., 1597, 20250124101500)
 (3411., 3414., 3411., 3412.,  56., 1599, 20250124104500)
 (3412., 3414., 3406., 3406.,  30., 1595, 20250124110000)
 (3406., 3406., 3400., 3402.,  21., 1587, 20250124111500)
 (3399., 3404., 3398., 3399.,   9., 1584, 20250124113000)
 (3402., 3406., 3401., 3404.,  31., 1589, 20250124134500)
 (3404., 3404., 3402., 3403.,  36., 1567, 20250124140000)
 (3403., 3420., 3403., 3420.,  39., 1579, 20250124141500)
 (3420., 3440., 3420., 3439., 173., 1685, 20250124143000)
 (3440., 3440., 3428., 3433.,  51., 1707, 20250124144500)
 (3433., 3434., 3427., 3430.,  57., 1755, 20250124150000)]
2025-01-27 15:30:00  INFO  [(3421., 3431., 3415., 3430., 120., 1671, 20250124211500)
 (3431., 3431., 3428., 3428.,  37., 1659, 20250124213000)
 (3428., 3428., 3424., 3426.,  10., 1663, 20250124214500)
 (3426., 3428., 3423., 3428.,  21., 1673, 20250124220000)
 (3428., 3430., 3428., 3428.,   7., 1673, 20250124221500)
 (3428., 3428., 3428., 3428.,   0., 1673, 20250124223000)
 (3428., 3430., 3428., 3430.,  13., 1674, 20250124224500)
 (3430., 3430., 3427., 3427.,   9., 1672, 20250124230000)
 (3430., 3450., 3430., 3448.,  81., 1690, 20250127091500)
 (3448., 3450., 3448., 3448.,  63., 1651, 20250127093000)
 (3448., 3448., 3441., 3441.,  10., 1653, 20250127094500)
 (3441., 3445., 3441., 3445.,   5., 1649, 20250127100000)
 (3445., 3447., 3441., 3447.,   6., 1652, 20250127101500)
 (3440., 3444., 3440., 3443.,   8., 1655, 20250127104500)
 (3443., 3444., 3440., 3440.,   6., 1657, 20250127110000)
 (3440., 3444., 3440., 3443.,   5., 1657, 20250127111500)
 (3443., 3443., 3440., 3441.,  15., 1661, 20250127113000)
 (3441., 3441., 3431., 3434.,   7., 1662, 20250127134500)
 (3434., 3434., 3433., 3434.,   3., 1662, 20250127140000)
 (3434., 3436., 3434., 3436.,  11., 1658, 20250127141500)
 (3436., 3444., 3436., 3444.,  11., 1656, 20250127143000)
 (3444., 3444., 3444., 3444.,  20., 1674, 20250127144500)
 (3444., 3450., 3440., 3450.,  30., 1689, 20250127150000)]
2025-02-05 15:30:00  INFO  [(3440., 3444., 3440., 3443.,  5., 1657, 20250127111500)
 (3443., 3443., 3440., 3441., 15., 1661, 20250127113000)
 (3441., 3441., 3431., 3434.,  7., 1662, 20250127134500)
 (3434., 3434., 3433., 3434.,  3., 1662, 20250127140000)
 (3434., 3436., 3434., 3436., 11., 1658, 20250127141500)
 (3436., 3444., 3436., 3444., 11., 1656, 20250127143000)
 (3444., 3444., 3444., 3444., 20., 1674, 20250127144500)
 (3444., 3450., 3440., 3450., 30., 1689, 20250127150000)
 (3459., 3459., 3424., 3440., 63., 1677, 20250205091500)
 (3442., 3442., 3421., 3421., 57., 1690, 20250205093000)
 (3421., 3428., 3411., 3414., 45., 1694, 20250205094500)
 (3414., 3414., 3396., 3396., 94., 1691, 20250205100000)
 (3395., 3395., 3390., 3393., 50., 1713, 20250205101500)
 (3394., 3399., 3380., 3389., 51., 1719, 20250205104500)
 (3389., 3391., 3387., 3388., 25., 1712, 20250205110000)
 (3388., 3397., 3388., 3394., 16., 1717, 20250205111500)
 (3394., 3399., 3391., 3396., 36., 1726, 20250205113000)
 (3396., 3396., 3396., 3396.,  0., 1726, 20250205134500)
 (3396., 3396., 3383., 3386., 34., 1732, 20250205140000)
 (3385., 3386., 3382., 3384., 24., 1738, 20250205141500)
 (3384., 3384., 3378., 3378., 24., 1741, 20250205143000)
 (3377., 3382., 3375., 3382., 28., 1755, 20250205144500)
 (3382., 3388., 3378., 3382., 69., 1782, 20250205150000)]
2025-02-06 15:30:00  INFO  [(3386., 3406., 3384., 3394., 269., 1907, 20250205211500)
 (3393., 3395., 3380., 3389., 132., 1986, 20250205213000)
 (3389., 3392., 3384., 3386., 117., 2065, 20250205214500)
 (3386., 3389., 3382., 3389., 161., 2197, 20250205220000)
 (3382., 3385., 3379., 3379.,  61., 2238, 20250205221500)
 (3379., 3392., 3376., 3391., 137., 2307, 20250205223000)
 (3392., 3395., 3386., 3386., 244., 2454, 20250205224500)
 (3386., 3392., 3381., 3388., 350., 2690, 20250205230000)
 (3384., 3385., 3375., 3381., 243., 2600, 20250206091500)
 (3380., 3381., 3380., 3381.,  12., 2590, 20250206093000)
 (3381., 3388., 3381., 3385.,  13., 2588, 20250206094500)
 (3385., 3388., 3383., 3388.,  79., 2598, 20250206100000)
 (3388., 3389., 3383., 3388.,  59., 2592, 20250206101500)
 (3390., 3410., 3388., 3407., 264., 2657, 20250206104500)
 (3407., 3407., 3402., 3402.,  30., 2683, 20250206110000)
 (3406., 3412., 3403., 3410.,  94., 2711, 20250206111500)
 (3410., 3410., 3401., 3401.,  60., 2703, 20250206113000)
 (3401., 3403., 3401., 3401.,  26., 2724, 20250206134500)
 (3404., 3406., 3396., 3401., 197., 2827, 20250206140000)
 (3403., 3418., 3403., 3416., 185., 2908, 20250206141500)
 (3416., 3417., 3407., 3413., 193., 2991, 20250206143000)
 (3414., 3419., 3410., 3412., 328., 3116, 20250206144500)
 (3413., 3422., 3413., 3416., 308., 3257, 20250206150000)]
2025-02-07 15:30:00  INFO  [(3416., 3422., 3413., 3414.,  40., 3267, 20250206211500)
 (3414., 3418., 3409., 3418., 127., 3317, 20250206213000)
 (3418., 3427., 3416., 3423.,  69., 3349, 20250206214500)
 (3423., 3427., 3419., 3420., 371., 3517, 20250206220000)
 (3424., 3424., 3415., 3419., 220., 3624, 20250206221500)
 (3418., 3420., 3411., 3412.,  80., 3682, 20250206223000)
 (3412., 3415., 3409., 3412., 130., 3798, 20250206224500)
 (3412., 3414., 3409., 3409.,   8., 3799, 20250206230000)
 (3408., 3408., 3404., 3408.,  39., 3793, 20250207091500)
 (3408., 3411., 3406., 3406.,   6., 3795, 20250207093000)
 (3406., 3409., 3406., 3409.,   3., 3794, 20250207094500)
 (3410., 3411., 3410., 3411.,   2., 3793, 20250207100000)
 (3412., 3419., 3412., 3415.,  27., 3793, 20250207101500)
 (3417., 3421., 3410., 3419.,  65., 3815, 20250207104500)
 (3419., 3427., 3418., 3419.,  31., 3833, 20250207110000)
 (3420., 3427., 3420., 3426.,  64., 3837, 20250207111500)
 (3424., 3428., 3420., 3420., 137., 3943, 20250207113000)
 (3420., 3424., 3415., 3422., 183., 4041, 20250207134500)
 (3423., 3423., 3407., 3408., 212., 4200, 20250207140000)
 (3407., 3409., 3403., 3403., 286., 4417, 20250207141500)
 (3407., 3407., 3396., 3401., 149., 4523, 20250207143000)
 (3401., 3404., 3399., 3402., 184., 4644, 20250207144500)
 (3402., 3405., 3400., 3403.,  39., 4627, 20250207150000)]
2025-02-10 15:30:00  INFO  [(3409., 3415., 3396., 3415.,  105., 4609, 20250207211500)
 (3416., 3416., 3411., 3414.,   20., 4628, 20250207213000)
 (3414., 3420., 3413., 3417.,   94., 4690, 20250207214500)
 (3417., 3430., 3417., 3428.,  378., 4782, 20250207220000)
 (3427., 3429., 3425., 3427.,  191., 4840, 20250207221500)
 (3427., 3427., 3424., 3427.,   16., 4851, 20250207223000)
 (3424., 3424., 3423., 3423.,   21., 4856, 20250207224500)
 (3423., 3423., 3419., 3420.,   20., 4854, 20250207230000)
 (3420., 3424., 3405., 3405.,  348., 5041, 20250210091500)
 (3406., 3417., 3405., 3413.,   97., 5114, 20250210093000)
 (3413., 3413., 3403., 3403.,   31., 5122, 20250210094500)
 (3401., 3407., 3400., 3407.,  112., 5113, 20250210100000)
 (3405., 3410., 3398., 3400.,   52., 5098, 20250210101500)
 (3400., 3400., 3386., 3386.,  165., 5026, 20250210104500)
 (3388., 3388., 3377., 3386.,  141., 5027, 20250210110000)
 (3386., 3386., 3380., 3380.,  122., 4984, 20250210111500)
 (3381., 3387., 3380., 3382.,   47., 4965, 20250210113000)
 (3385., 3385., 3377., 3378.,  115., 4991, 20250210134500)
 (3378., 3381., 3376., 3378.,   96., 5043, 20250210140000)
 (3380., 3383., 3377., 3378., 1211., 6162, 20250210141500)
 (3378., 3386., 3377., 3384.,  429., 6502, 20250210143000)
 (3384., 3386., 3381., 3383., 1236., 7579, 20250210144500)
 (3383., 3392., 3383., 3385.,  250., 7664, 20250210150000)]
2025-02-11 15:30:00  INFO  [(3366., 3397., 3366., 3388., 559.,  7923, 20250210211500)
 (3390., 3391., 3380., 3381., 878.,  8558, 20250210213000)
 (3382., 3389., 3378., 3389., 637.,  8947, 20250210214500)
 (3389., 3389., 3382., 3387., 173.,  9041, 20250210220000)
 (3385., 3389., 3385., 3389.,  61.,  9097, 20250210221500)
 (3389., 3393., 3386., 3387., 782.,  9747, 20250210223000)
 (3387., 3392., 3384., 3392., 267.,  9922, 20250210224500)
 (3392., 3393., 3391., 3392.,  20.,  9928, 20250210230000)
 (3392., 3392., 3380., 3385., 227.,  9953, 20250211091500)
 (3385., 3385., 3379., 3380.,  45.,  9941, 20250211093000)
 (3377., 3382., 3377., 3382.,  56.,  9971, 20250211094500)
 (3384., 3388., 3384., 3388.,  67., 10005, 20250211100000)
 (3387., 3393., 3385., 3386., 154., 10026, 20250211101500)
 (3386., 3386., 3369., 3370., 307., 10061, 20250211104500)
 (3370., 3372., 3360., 3362., 152., 10073, 20250211110000)
 (3358., 3360., 3356., 3357.,  56., 10087, 20250211111500)
 (3355., 3366., 3355., 3366.,  99., 10152, 20250211113000)
 (3368., 3368., 3357., 3359.,  55., 10155, 20250211134500)
 (3359., 3360., 3354., 3356., 137., 10205, 20250211140000)
 (3354., 3356., 3352., 3353.,  87., 10231, 20250211141500)
 (3352., 3356., 3348., 3348., 267., 10302, 20250211143000)
 (3344., 3350., 3344., 3347.,  57., 10324, 20250211144500)
 (3343., 3348., 3343., 3346., 134., 10335, 20250211150000)]
2025-02-12 15:30:00  INFO  [(3349., 3349., 3342., 3344.,  139., 10412, 20250211211500)
 (3341., 3347., 3340., 3346.,  106., 10466, 20250211213000)
 (3343., 3348., 3339., 3341.,  175., 10561, 20250211214500)
 (3339., 3344., 3339., 3344.,   47., 10566, 20250211220000)
 (3340., 3344., 3340., 3344.,   43., 10585, 20250211221500)
 (3341., 3349., 3341., 3347.,  166., 10651, 20250211223000)
 (3345., 3351., 3345., 3349.,  117., 10695, 20250211224500)
 (3345., 3349., 3345., 3349.,   34., 10709, 20250211230000)
 (3345., 3349., 3333., 3336.,  765., 11189, 20250212091500)
 (3334., 3338., 3330., 3330.,   94., 11233, 20250212093000)
 (3331., 3337., 3329., 3335.,   92., 11298, 20250212094500)
 (3333., 3353., 3333., 3353.,  496., 11612, 20250212100000)
 (3354., 3363., 3350., 3353.,  181., 11648, 20250212101500)
 (3350., 3361., 3350., 3356., 1141., 12321, 20250212104500)
 (3357., 3361., 3357., 3358.,   20., 12322, 20250212110000)
 (3354., 3360., 3354., 3357.,   59., 12340, 20250212111500)
 (3354., 3355., 3349., 3353.,   53., 12352, 20250212113000)
 (3353., 3356., 3350., 3356.,   26., 12363, 20250212134500)
 (3356., 3356., 3351., 3355.,  249., 12531, 20250212140000)
 (3353., 3357., 3351., 3357.,   53., 12558, 20250212141500)
 (3353., 3358., 3352., 3352.,  130., 12610, 20250212143000)
 (3352., 3360., 3347., 3360.,  103., 12640, 20250212144500)
 (3357., 3362., 3357., 3361.,  364., 12686, 20250212150000)]
2025-02-13 15:30:00  INFO  [(3357., 3363., 3353., 3363., 174., 12788, 20250212211500)
 (3360., 3364., 3360., 3363.,  80., 12842, 20250212213000)
 (3362., 3362., 3358., 3358.,  52., 12854, 20250212214500)
 (3358., 3359., 3357., 3357.,  25., 12862, 20250212220000)
 (3357., 3357., 3353., 3354.,  13., 12859, 20250212221500)
 (3354., 3359., 3354., 3357.,  38., 12856, 20250212223000)
 (3357., 3360., 3355., 3359.,  63., 12886, 20250212224500)
 (3355., 3359., 3354., 3356.,  52., 12908, 20250212230000)
 (3359., 3362., 3358., 3359.,  93., 12976, 20250213091500)
 (3356., 3358., 3355., 3356.,  85., 13009, 20250213093000)
 (3355., 3357., 3348., 3350.,  50., 13012, 20250213094500)
 (3347., 3353., 3345., 3348.,  67., 13021, 20250213100000)
 (3348., 3355., 3344., 3344., 182., 13121, 20250213101500)
 (3342., 3343., 3339., 3340.,  95., 13150, 20250213104500)
 (3340., 3351., 3340., 3351.,  40., 13163, 20250213110000)
 (3351., 3351., 3342., 3348.,  24., 13171, 20250213111500)
 (3347., 3354., 3346., 3348.,  64., 13180, 20250213113000)
 (3348., 3352., 3346., 3349.,  27., 13186, 20250213134500)
 (3346., 3348., 3341., 3343.,  50., 13178, 20250213140000)
 (3341., 3343., 3337., 3343.,  40., 13182, 20250213141500)
 (3343., 3345., 3343., 3345.,   1., 13183, 20250213143000)
 (3341., 3341., 3330., 3331., 211., 13127, 20250213144500)
 (3330., 3336., 3327., 3330., 186., 13164, 20250213150000)]
2025-02-14 15:30:00  INFO  [(3330., 3335., 3328., 3334.,  64., 13182, 20250213211500)
 (3333., 3337., 3332., 3333.,  55., 13220, 20250213213000)
 (3333., 3333., 3326., 3328.,  88., 13248, 20250213214500)
 (3329., 3330., 3322., 3322., 618., 13560, 20250213220000)
 (3322., 3324., 3317., 3323.,  93., 13590, 20250213221500)
 (3320., 3327., 3320., 3326.,  61., 13616, 20250213223000)
 (3322., 3328., 3322., 3328.,  63., 13646, 20250213224500)
 (3325., 3329., 3324., 3324.,  82., 13665, 20250213230000)
 (3329., 3338., 3329., 3335., 260., 13835, 20250214091500)
 (3336., 3338., 3333., 3335.,  79., 13875, 20250214093000)
 (3336., 3346., 3335., 3346., 243., 13995, 20250214094500)
 (3347., 3351., 3342., 3350., 239., 14094, 20250214100000)
 (3350., 3355., 3349., 3351.,  59., 14093, 20250214101500)
 (3353., 3353., 3345., 3346.,  55., 14104, 20250214104500)
 (3347., 3353., 3347., 3348.,  36., 14111, 20250214110000)
 (3348., 3353., 3348., 3352.,  38., 14133, 20250214111500)
 (3353., 3355., 3350., 3350., 129., 14169, 20250214113000)
 (3350., 3350., 3342., 3344.,  57., 14154, 20250214134500)
 (3344., 3346., 3343., 3344.,  11., 14151, 20250214140000)
 (3346., 3347., 3341., 3347.,  81., 14153, 20250214141500)
 (3344., 3344., 3329., 3332., 167., 14156, 20250214143000)
 (3331., 3336., 3331., 3334., 335., 14174, 20250214144500)
 (3331., 3336., 3329., 3330., 260., 14265, 20250214150000)]
2025-02-17 15:30:00  INFO  [(3325., 3333., 3321., 3323., 296., 14324, 20250214211500)
 (3322., 3327., 3322., 3327., 171., 14416, 20250214213000)
 (3327., 3332., 3325., 3328., 153., 14497, 20250214214500)
 (3328., 3330., 3327., 3327.,  41., 14525, 20250214220000)
 (3327., 3330., 3326., 3329., 132., 14587, 20250214221500)
 (3325., 3337., 3325., 3335., 255., 14765, 20250214223000)
 (3335., 3335., 3331., 3331.,  79., 14779, 20250214224500)
 (3332., 3335., 3329., 3329.,  82., 14762, 20250214230000)
 (3328., 3346., 3328., 3343., 339., 14989, 20250217091500)
 (3346., 3348., 3338., 3340.,  89., 15011, 20250217093000)
 (3338., 3342., 3336., 3338.,  16., 15007, 20250217094500)
 (3338., 3344., 3338., 3340., 115., 15066, 20250217100000)
 (3341., 3346., 3339., 3342., 121., 15119, 20250217101500)
 (3342., 3347., 3341., 3345.,  85., 15169, 20250217104500)
 (3345., 3349., 3344., 3346., 169., 15207, 20250217110000)
 (3345., 3350., 3343., 3343., 240., 15319, 20250217111500)
 (3345., 3350., 3341., 3350., 214., 15444, 20250217113000)
 (3347., 3348., 3340., 3341., 103., 15454, 20250217134500)
 (3340., 3349., 3340., 3347., 131., 15483, 20250217140000)
 (3349., 3359., 3348., 3359., 296., 15591, 20250217141500)
 (3358., 3361., 3355., 3361., 300., 15781, 20250217143000)
 (3361., 3364., 3359., 3359.,  97., 15808, 20250217144500)
 (3359., 3376., 3358., 3365., 172., 15827, 20250217150000)]
2025-02-18 15:30:00  INFO  [(3363., 3363., 3358., 3361., 326., 16012, 20250217211500)
 (3361., 3370., 3361., 3368., 216., 16099, 20250217213000)
 (3371., 3371., 3366., 3367.,  71., 16122, 20250217214500)
 (3368., 3370., 3365., 3370.,  91., 16181, 20250217220000)
 (3370., 3370., 3367., 3369.,   6., 16183, 20250217221500)
 (3369., 3369., 3366., 3366.,  46., 16186, 20250217223000)
 (3366., 3369., 3362., 3367.,  46., 16199, 20250217224500)
 (3367., 3367., 3362., 3363.,  43., 16191, 20250217230000)
 (3360., 3362., 3357., 3358., 101., 16243, 20250218091500)
 (3358., 3361., 3355., 3355.,  70., 16245, 20250218093000)
 (3355., 3363., 3355., 3362.,  54., 16232, 20250218094500)
 (3362., 3362., 3359., 3360.,  33., 16234, 20250218100000)
 (3360., 3364., 3359., 3360.,  13., 16234, 20250218101500)
 (3363., 3367., 3363., 3366.,  66., 16257, 20250218104500)
 (3366., 3366., 3363., 3365.,  19., 16252, 20250218110000)
 (3366., 3370., 3366., 3370.,  49., 16249, 20250218111500)
 (3370., 3380., 3368., 3375., 201., 16267, 20250218113000)
 (3374., 3388., 3374., 3386., 420., 16310, 20250218134500)
 (3388., 3394., 3385., 3392., 888., 16259, 20250218140000)
 (3392., 3393., 3383., 3384., 304., 16269, 20250218141500)
 (3385., 3389., 3382., 3389., 154., 16270, 20250218143000)
 (3389., 3391., 3387., 3388.,  52., 16275, 20250218144500)
 (3388., 3395., 3386., 3394., 145., 16298, 20250218150000)]
2025-02-19 15:30:00  INFO  [(3389., 3395., 3386., 3391., 156., 16251, 20250218211500)
 (3391., 3393., 3390., 3391.,  29., 16248, 20250218213000)
 (3391., 3393., 3391., 3391.,  70., 16240, 20250218214500)
 (3391., 3393., 3391., 3392.,  52., 16251, 20250218220000)
 (3392., 3395., 3392., 3393.,  52., 16262, 20250218221500)
 (3393., 3393., 3391., 3391.,  53., 16264, 20250218223000)
 (3391., 3394., 3391., 3393.,  28., 16272, 20250218224500)
 (3394., 3395., 3393., 3394.,  35., 16271, 20250218230000)
 (3395., 3395., 3392., 3393.,  47., 16273, 20250219091500)
 (3393., 3399., 3393., 3399.,  86., 16282, 20250219093000)
 (3400., 3405., 3398., 3404., 170., 16252, 20250219094500)
 (3403., 3405., 3400., 3405.,  37., 16230, 20250219100000)
 (3405., 3405., 3398., 3405.,  86., 16247, 20250219101500)
 (3405., 3405., 3396., 3402., 230., 16296, 20250219104500)
 (3403., 3408., 3399., 3402., 146., 16308, 20250219110000)
 (3406., 3409., 3400., 3405., 130., 16304, 20250219111500)
 (3409., 3410., 3403., 3403.,  81., 16323, 20250219113000)
 (3406., 3407., 3396., 3396., 248., 16251, 20250219134500)
 (3400., 3403., 3396., 3398., 173., 16239, 20250219140000)
 (3402., 3403., 3396., 3400., 218., 16223, 20250219141500)
 (3401., 3407., 3396., 3404., 213., 16239, 20250219143000)
 (3408., 3410., 3403., 3410., 234., 16246, 20250219144500)
 (3413., 3413., 3403., 3404., 559., 16313, 20250219150000)]
2025-02-20 15:30:00  INFO  [(3401., 3413., 3396., 3412.,  288., 16361, 20250219211500)
 (3413., 3417., 3410., 3413.,  588., 16517, 20250219213000)
 (3416., 3419., 3411., 3417.,  302., 16525, 20250219214500)
 (3421., 3430., 3418., 3427., 1245., 16541, 20250219220000)
 (3430., 3431., 3417., 3419.,  339., 16743, 20250219221500)
 (3420., 3420., 3416., 3418.,   64., 16732, 20250219223000)
 (3418., 3422., 3416., 3420.,  115., 16734, 20250219224500)
 (3420., 3422., 3419., 3420.,   20., 16723, 20250219230000)
 (3423., 3423., 3410., 3411.,  190., 16710, 20250220091500)
 (3411., 3411., 3406., 3408.,   89., 16698, 20250220093000)
 (3408., 3414., 3407., 3412.,   33., 16708, 20250220094500)
 (3411., 3412., 3410., 3410.,   21., 16709, 20250220100000)
 (3411., 3412., 3401., 3408.,  198., 16697, 20250220101500)
 (3407., 3412., 3407., 3408.,   43., 16699, 20250220104500)
 (3408., 3409., 3404., 3406.,   33., 16702, 20250220110000)
 (3406., 3408., 3404., 3406.,   72., 16653, 20250220111500)
 (3406., 3415., 3406., 3412.,  113., 16678, 20250220113000)
 (3412., 3424., 3412., 3424.,  231., 16648, 20250220134500)
 (3424., 3431., 3421., 3429.,  259., 16647, 20250220140000)
 (3430., 3433., 3428., 3430.,  167., 16627, 20250220141500)
 (3430., 3433., 3428., 3431.,   58., 16619, 20250220143000)
 (3431., 3438., 3431., 3436.,  114., 16636, 20250220144500)
 (3438., 3443., 3436., 3438.,  295., 16571, 20250220150000)]
2025-02-21 15:30:00  INFO  [(3431., 3448., 3431., 3439., 217., 16624, 20250220211500)
 (3440., 3444., 3439., 3440., 119., 16651, 20250220213000)
 (3440., 3448., 3440., 3447.,  79., 16653, 20250220214500)
 (3448., 3448., 3444., 3448.,  46., 16666, 20250220220000)
 (3447., 3450., 3445., 3448.,  76., 16688, 20250220221500)
 (3448., 3451., 3448., 3450.,  49., 16711, 20250220223000)
 (3450., 3453., 3448., 3450., 195., 16652, 20250220224500)
 (3449., 3450., 3446., 3447.,  99., 16651, 20250220230000)
 (3447., 3453., 3445., 3452., 156., 16678, 20250221091500)
 (3452., 3452., 3448., 3449.,  22., 16691, 20250221093000)
 (3449., 3450., 3445., 3446.,  47., 16708, 20250221094500)
 (3446., 3449., 3445., 3448.,  13., 16704, 20250221100000)
 (3448., 3448., 3441., 3446., 141., 16697, 20250221101500)
 (3446., 3449., 3446., 3448.,  57., 16706, 20250221104500)
 (3448., 3449., 3447., 3447.,  18., 16711, 20250221110000)
 (3447., 3448., 3444., 3444.,  37., 16717, 20250221111500)
 (3444., 3450., 3443., 3446.,  83., 16735, 20250221113000)
 (3444., 3447., 3443., 3444.,  14., 16737, 20250221134500)
 (3444., 3444., 3439., 3442., 114., 16703, 20250221140000)
 (3443., 3444., 3438., 3441.,  30., 16683, 20250221141500)
 (3441., 3444., 3438., 3444.,  52., 16687, 20250221143000)
 (3444., 3444., 3438., 3438.,  35., 16711, 20250221144500)
 (3438., 3442., 3436., 3440.,  58., 16691, 20250221150000)]
2025-02-24 15:30:00  INFO  [(3433., 3436., 3424., 3427., 463., 16719, 20250221211500)
 (3426., 3430., 3410., 3422., 307., 16836, 20250221213000)
 (3421., 3427., 3421., 3425., 296., 16873, 20250221214500)
 (3425., 3427., 3424., 3424.,  56., 16894, 20250221220000)
 (3425., 3425., 3419., 3421.,  88., 16869, 20250221221500)
 (3421., 3424., 3420., 3421.,  30., 16888, 20250221223000)
 (3420., 3420., 3414., 3415., 169., 16910, 20250221224500)
 (3414., 3415., 3408., 3415., 228., 16870, 20250221230000)
 (3414., 3414., 3398., 3410., 542., 16902, 20250224091500)
 (3410., 3411., 3407., 3411., 106., 16899, 20250224093000)
 (3413., 3415., 3408., 3415.,  99., 16886, 20250224094500)
 (3415., 3419., 3412., 3413.,  64., 16881, 20250224100000)
 (3412., 3419., 3408., 3419.,  67., 16875, 20250224101500)
 (3417., 3417., 3415., 3417.,  43., 16896, 20250224104500)
 (3417., 3417., 3414., 3416.,  26., 16904, 20250224110000)
 (3416., 3416., 3411., 3412.,  35., 16905, 20250224111500)
 (3411., 3415., 3408., 3411.,  39., 16909, 20250224113000)
 (3412., 3414., 3410., 3414.,  50., 16909, 20250224134500)
 (3414., 3414., 3408., 3408.,  55., 16915, 20250224140000)
 (3408., 3417., 3408., 3414.,  38., 16932, 20250224141500)
 (3414., 3417., 3414., 3417.,  30., 16929, 20250224143000)
 (3417., 3419., 3414., 3418.,  41., 16914, 20250224144500)
 (3418., 3421., 3413., 3421., 106., 16909, 20250224150000)]
2025-02-25 15:30:00  INFO  [(3418., 3423., 3413., 3413.,  38., 16920, 20250224211500)
 (3413., 3413., 3411., 3411.,  66., 16929, 20250224213000)
 (3410., 3413., 3407., 3411.,  38., 16936, 20250224214500)
 (3410., 3411., 3408., 3408.,  24., 16933, 20250224220000)
 (3407., 3409., 3405., 3405., 150., 16885, 20250224221500)
 (3405., 3408., 3404., 3407.,  50., 16890, 20250224223000)
 (3407., 3407., 3404., 3407.,  42., 16907, 20250224224500)
 (3407., 3409., 3402., 3402.,  69., 16893, 20250224230000)
 (3402., 3403., 3392., 3394., 564., 16703, 20250225091500)
 (3394., 3395., 3380., 3384., 317., 16734, 20250225093000)
 (3383., 3385., 3378., 3378., 320., 16573, 20250225094500)
 (3378., 3386., 3377., 3380.,  65., 16557, 20250225100000)
 (3381., 3382., 3378., 3380., 131., 16548, 20250225101500)
 (3380., 3392., 3380., 3385.,  69., 16560, 20250225104500)
 (3385., 3386., 3382., 3384.,  54., 16551, 20250225110000)
 (3384., 3384., 3382., 3382.,  10., 16547, 20250225111500)
 (3382., 3388., 3382., 3384.,  33., 16552, 20250225113000)
 (3382., 3382., 3371., 3371., 367., 16646, 20250225134500)
 (3371., 3374., 3370., 3370., 251., 16539, 20250225140000)
 (3369., 3373., 3366., 3368., 524., 16402, 20250225141500)
 (3368., 3370., 3364., 3365., 405., 16342, 20250225143000)
 (3365., 3368., 3361., 3361., 159., 16345, 20250225144500)
 (3362., 3365., 3360., 3365., 617., 16023, 20250225150000)]
2025-02-26 15:30:00  INFO  [(3365., 3369., 3360., 3369., 462., 15990, 20250225211500)
 (3369., 3370., 3367., 3368.,  67., 16028, 20250225213000)
 (3368., 3369., 3367., 3369.,  11., 16027, 20250225214500)
 (3369., 3370., 3365., 3368., 146., 16058, 20250225220000)
 (3368., 3374., 3368., 3371., 177., 16038, 20250225221500)
 (3371., 3372., 3369., 3370.,  34., 16038, 20250225223000)
 (3370., 3370., 3365., 3367.,  55., 16044, 20250225224500)
 (3367., 3370., 3367., 3370.,  20., 16038, 20250225230000)
 (3370., 3372., 3364., 3366.,  97., 16061, 20250226091500)
 (3366., 3371., 3365., 3365.,  52., 16036, 20250226093000)
 (3365., 3375., 3364., 3372., 143., 16038, 20250226094500)
 (3371., 3375., 3368., 3370., 156., 16040, 20250226100000)
 (3370., 3370., 3361., 3362.,  83., 16048, 20250226101500)
 (3364., 3386., 3360., 3377., 398., 16131, 20250226104500)
 (3376., 3399., 3372., 3398., 528., 16236, 20250226110000)
 (3398., 3418., 3396., 3410., 814., 16278, 20250226111500)
 (3411., 3411., 3398., 3403., 299., 16312, 20250226113000)
 (3404., 3416., 3403., 3415., 348., 16384, 20250226134500)
 (3416., 3417., 3405., 3410., 868., 16567, 20250226140000)
 (3413., 3413., 3406., 3407., 128., 16571, 20250226141500)
 (3407., 3410., 3404., 3410., 119., 16594, 20250226143000)
 (3410., 3412., 3407., 3412., 106., 16623, 20250226144500)
 (3411., 3412., 3406., 3410., 102., 16612, 20250226150000)]
2025-02-27 15:30:00  INFO  [(3411., 3423., 3411., 3422., 812., 16680, 20250226211500)
 (3423., 3425., 3419., 3419., 416., 16895, 20250226213000)
 (3419., 3421., 3417., 3418., 206., 16965, 20250226214500)
 (3418., 3419., 3416., 3416.,  80., 16987, 20250226220000)
 (3416., 3418., 3415., 3417., 114., 16971, 20250226221500)
 (3416., 3419., 3416., 3418.,  58., 16973, 20250226223000)
 (3417., 3419., 3416., 3416.,  45., 16962, 20250226224500)
 (3418., 3425., 3417., 3420., 124., 16949, 20250226230000)
 (3420., 3424., 3417., 3420.,  99., 16979, 20250227091500)
 (3422., 3423., 3417., 3419.,  55., 16991, 20250227093000)
 (3419., 3421., 3417., 3417.,  59., 17015, 20250227094500)
 (3417., 3420., 3407., 3411., 227., 17054, 20250227100000)
 (3411., 3412., 3403., 3403., 134., 17090, 20250227101500)
 (3404., 3408., 3395., 3400., 406., 17030, 20250227104500)
 (3400., 3403., 3396., 3399.,  80., 17001, 20250227110000)
 (3399., 3399., 3382., 3393., 245., 17016, 20250227111500)
 (3391., 3397., 3381., 3393., 473., 17039, 20250227113000)
 (3391., 3393., 3385., 3391., 120., 17044, 20250227134500)
 (3391., 3407., 3391., 3406., 203., 17081, 20250227140000)
 (3405., 3416., 3402., 3415., 346., 17270, 20250227141500)
 (3416., 3418., 3412., 3415., 457., 17531, 20250227143000)
 (3418., 3421., 3412., 3417., 498., 17570, 20250227144500)
 (3417., 3422., 3417., 3419.,  88., 17572, 20250227150000)]
2025-02-28 15:30:00  INFO  [(3420., 3426., 3414., 3425., 600., 17806, 20250227211500)
 (3426., 3426., 3417., 3418., 258., 17903, 20250227213000)
 (3417., 3420., 3417., 3420.,  45., 17922, 20250227214500)
 (3422., 3422., 3417., 3417.,  38., 17925, 20250227220000)
 (3417., 3418., 3417., 3417.,   9., 17925, 20250227221500)
 (3417., 3417., 3411., 3414., 229., 17901, 20250227223000)
 (3416., 3416., 3413., 3414.,  67., 17883, 20250227224500)
 (3414., 3419., 3414., 3419.,  55., 17884, 20250227230000)
 (3416., 3416., 3408., 3408., 380., 17913, 20250228091500)
 (3407., 3411., 3405., 3406., 105., 17925, 20250228093000)
 (3406., 3411., 3405., 3407.,  71., 17914, 20250228094500)
 (3408., 3411., 3405., 3405.,  39., 17909, 20250228100000)
 (3404., 3409., 3404., 3408.,  51., 17931, 20250228101500)
 (3407., 3407., 3404., 3404.,  55., 17956, 20250228104500)
 (3404., 3407., 3402., 3403.,  90., 17974, 20250228110000)
 (3402., 3409., 3401., 3408., 108., 17987, 20250228111500)
 (3405., 3409., 3404., 3406.,  78., 18009, 20250228113000)
 (3405., 3419., 3400., 3418., 367., 17983, 20250228134500)
 (3419., 3421., 3411., 3417., 233., 17974, 20250228140000)
 (3415., 3417., 3406., 3406.,  97., 17962, 20250228141500)
 (3409., 3411., 3405., 3408.,  83., 17940, 20250228143000)
 (3408., 3412., 3405., 3412.,  79., 17939, 20250228144500)
 (3412., 3420., 3411., 3419., 196., 17960, 20250228150000)]
2025-03-03 15:30:00  INFO  [(3421., 3428., 3417., 3425., 363., 17970, 20250228211500)
 (3425., 3425., 3419., 3420.,  38., 17973, 20250228213000)
 (3420., 3421., 3419., 3419.,  65., 18010, 20250228214500)
 (3419., 3421., 3416., 3418., 110., 17992, 20250228220000)
 (3419., 3421., 3419., 3421.,  30., 17998, 20250228221500)
 (3421., 3421., 3416., 3416.,  31., 18010, 20250228223000)
 (3416., 3417., 3412., 3412.,  54., 18018, 20250228224500)
 (3413., 3418., 3412., 3415., 113., 17954, 20250228230000)
 (3421., 3427., 3414., 3425., 442., 18096, 20250303091500)
 (3425., 3429., 3423., 3425., 131., 18122, 20250303093000)
 (3425., 3425., 3422., 3423.,  62., 18130, 20250303094500)
 (3427., 3430., 3422., 3423., 164., 18156, 20250303100000)
 (3423., 3430., 3423., 3426.,  42., 18153, 20250303101500)
 (3426., 3428., 3420., 3420., 121., 18103, 20250303104500)
 (3421., 3423., 3416., 3417., 383., 17974, 20250303110000)
 (3416., 3416., 3406., 3408., 554., 17783, 20250303111500)
 (3408., 3412., 3406., 3408., 309., 17735, 20250303113000)
 (3412., 3421., 3404., 3408., 401., 17610, 20250303134500)
 (3409., 3409., 3400., 3404., 216., 17597, 20250303140000)
 (3405., 3406., 3401., 3401., 122., 17642, 20250303141500)
 (3403., 3403., 3399., 3401., 209., 17606, 20250303143000)
 (3400., 3402., 3398., 3400.,  84., 17610, 20250303144500)
 (3399., 3399., 3391., 3394., 350., 17517, 20250303150000)]
2025-03-04 15:30:00  INFO  [(3394., 3397., 3390., 3395.,  892., 17701, 20250303211500)
 (3395., 3396., 3391., 3395.,  105., 17738, 20250303213000)
 (3395., 3396., 3393., 3396.,   24., 17750, 20250303214500)
 (3396., 3400., 3394., 3400.,  162., 17856, 20250303220000)
 (3400., 3400., 3397., 3399.,   66., 17854, 20250303221500)
 (3399., 3399., 3395., 3396.,   38., 17864, 20250303223000)
 (3396., 3398., 3395., 3395.,   45., 17849, 20250303224500)
 (3395., 3399., 3394., 3396.,   92., 17862, 20250303230000)
 (3394., 3394., 3372., 3379.,  602., 17887, 20250304091500)
 (3378., 3383., 3378., 3378.,   60., 17905, 20250304093000)
 (3377., 3377., 3365., 3366.,  551., 17793, 20250304094500)
 (3366., 3372., 3365., 3370.,  308., 17773, 20250304100000)
 (3370., 3370., 3366., 3369.,   97., 17785, 20250304101500)
 (3370., 3374., 3367., 3369.,  277., 17968, 20250304104500)
 (3369., 3380., 3368., 3377.,  240., 18037, 20250304110000)
 (3373., 3378., 3368., 3368.,  150., 18016, 20250304111500)
 (3368., 3380., 3368., 3369.,  323., 18088, 20250304113000)
 (3366., 3380., 3366., 3374.,  245., 18122, 20250304134500)
 (3377., 3378., 3371., 3376.,  342., 18256, 20250304140000)
 (3376., 3385., 3376., 3382.,  491., 18246, 20250304141500)
 (3378., 3384., 3377., 3379.,  347., 18485, 20250304143000)
 (3377., 3380., 3371., 3373.,  908., 18870, 20250304144500)
 (3370., 3375., 3367., 3374., 1020., 19490, 20250304150000)]
2025-03-05 15:30:00  INFO  [(3372., 3378., 3365., 3367.,  267., 19513, 20250304211500)
 (3363., 3370., 3362., 3367., 1022., 19960, 20250304213000)
 (3364., 3373., 3364., 3366., 1532., 20622, 20250304214500)
 (3364., 3367., 3361., 3364., 1105., 21241, 20250304220000)
 (3362., 3370., 3362., 3365.,  769., 21685, 20250304221500)
 (3363., 3369., 3361., 3368.,  985., 22272, 20250304223000)
 (3369., 3369., 3364., 3364.,  742., 22641, 20250304224500)
 (3364., 3364., 3347., 3348., 1241., 23387, 20250304230000)
 (3348., 3360., 3344., 3357.,  446., 23447, 20250305091500)
 (3354., 3357., 3340., 3343.,  839., 23779, 20250305093000)
 (3339., 3350., 3339., 3349.,  404., 23883, 20250305094500)
 (3345., 3348., 3339., 3339.,  356., 23995, 20250305100000)
 (3338., 3350., 3338., 3350.,  389., 24126, 20250305101500)
 (3350., 3364., 3350., 3353.,  505., 24356, 20250305104500)
 (3350., 3361., 3345., 3347.,  341., 24489, 20250305110000)
 (3345., 3354., 3344., 3354.,  253., 24525, 20250305111500)
 (3351., 3360., 3350., 3358.,  235., 24606, 20250305113000)
 (3355., 3357., 3350., 3353.,  211., 24669, 20250305134500)
 (3351., 3354., 3350., 3353.,  125., 24698, 20250305140000)
 (3351., 3359., 3351., 3357.,  125., 24738, 20250305141500)
 (3357., 3362., 3354., 3354.,  932., 25100, 20250305143000)
 (3352., 3355., 3348., 3355.,  182., 25096, 20250305144500)
 (3351., 3354., 3348., 3349.,  247., 25110, 20250305150000)]
2025-03-06 15:30:00  INFO  [(3341., 3359., 3341., 3355.,  577., 25521, 20250305211500)
 (3356., 3358., 3349., 3352.,  214., 25563, 20250305213000)
 (3352., 3354., 3350., 3351.,  457., 25374, 20250305214500)
 (3353., 3355., 3350., 3353.,  157., 25390, 20250305220000)
 (3353., 3354., 3352., 3353.,   77., 25458, 20250305221500)
 (3353., 3355., 3351., 3353.,  115., 25492, 20250305223000)
 (3354., 3354., 3353., 3353.,   16., 25503, 20250305224500)
 (3353., 3356., 3352., 3354.,   56., 25504, 20250305230000)
 (3356., 3368., 3356., 3366.,  363., 25643, 20250306091500)
 (3367., 3372., 3365., 3370.,  192., 25695, 20250306093000)
 (3371., 3371., 3364., 3367.,  116., 25728, 20250306094500)
 (3366., 3380., 3366., 3380.,  248., 25861, 20250306100000)
 (3381., 3383., 3377., 3377.,  204., 25895, 20250306101500)
 (3376., 3377., 3372., 3374.,   76., 25896, 20250306104500)
 (3375., 3375., 3369., 3371.,   61., 25897, 20250306110000)
 (3372., 3379., 3372., 3374.,   49., 25924, 20250306111500)
 (3374., 3380., 3371., 3376.,   68., 25942, 20250306113000)
 (3379., 3388., 3307., 3365., 1034., 25845, 20250306134500)
 (3365., 3371., 3351., 3355.,  158., 25841, 20250306140000)
 (3357., 3360., 3351., 3359.,  322., 25856, 20250306141500)
 (3356., 3368., 3356., 3363.,  131., 25903, 20250306143000)
 (3364., 3370., 3364., 3364.,   52., 25920, 20250306144500)
 (3369., 3374., 3368., 3372.,  348., 26045, 20250306150000)]
2025-03-07 15:30:00  INFO  [(3376., 3376., 3358., 3360., 592., 25868, 20250306211500)
 (3359., 3365., 3359., 3363.,  77., 25888, 20250306213000)
 (3365., 3366., 3357., 3359., 121., 25892, 20250306214500)
 (3360., 3361., 3358., 3359.,  41., 25896, 20250306220000)
 (3359., 3364., 3359., 3364., 175., 25955, 20250306221500)
 (3362., 3362., 3357., 3360., 339., 26111, 20250306223000)
 (3360., 3366., 3353., 3363., 130., 26148, 20250306224500)
 (3364., 3367., 3356., 3358., 200., 26248, 20250306230000)
 (3359., 3359., 3340., 3340., 347., 26210, 20250307091500)
 (3340., 3346., 3339., 3344.,  62., 26228, 20250307093000)
 (3344., 3346., 3335., 3343., 171., 26231, 20250307094500)
 (3342., 3347., 3342., 3346.,  65., 26266, 20250307100000)
 (3346., 3353., 3344., 3350., 172., 26329, 20250307101500)
 (3351., 3358., 3346., 3354.,  99., 26335, 20250307104500)
 (3354., 3361., 3353., 3355.,  97., 26361, 20250307110000)
 (3354., 3359., 3354., 3355.,  65., 26385, 20250307111500)
 (3355., 3359., 3355., 3355.,  50., 26395, 20250307113000)
 (3355., 3356., 3352., 3352.,  63., 26414, 20250307134500)
 (3353., 3355., 3349., 3355.,  82., 26405, 20250307140000)
 (3354., 3354., 3342., 3344., 245., 26398, 20250307141500)
 (3343., 3352., 3343., 3348.,  89., 26386, 20250307143000)
 (3349., 3349., 3341., 3341., 163., 26337, 20250307144500)
 (3341., 3344., 3338., 3339., 175., 26299, 20250307150000)]
2025-03-10 15:30:00  INFO  [(3331., 3342., 3320., 3322., 438., 26353, 20250307211500)
 (3323., 3324., 3318., 3320., 186., 26424, 20250307213000)
 (3320., 3327., 3318., 3324., 168., 26384, 20250307214500)
 (3323., 3328., 3323., 3326.,  39., 26381, 20250307220000)
 (3327., 3331., 3323., 3323., 181., 26404, 20250307221500)
 (3326., 3329., 3324., 3327.,  52., 26393, 20250307223000)
 (3327., 3328., 3325., 3328.,  46., 26367, 20250307224500)
 (3326., 3332., 3325., 3331., 219., 26323, 20250307230000)
 (3326., 3355., 3326., 3352., 816., 26389, 20250310091500)
 (3352., 3353., 3346., 3347., 427., 26470, 20250310093000)
 (3346., 3348., 3343., 3344., 415., 26636, 20250310094500)
 (3342., 3344., 3340., 3341., 124., 26617, 20250310100000)
 (3342., 3343., 3331., 3336., 315., 26529, 20250310101500)
 (3338., 3342., 3335., 3335., 204., 26460, 20250310104500)
 (3334., 3334., 3323., 3326., 543., 26361, 20250310110000)
 (3325., 3326., 3321., 3325., 291., 26249, 20250310111500)
 (3326., 3327., 3321., 3323.,  41., 26246, 20250310113000)
 (3325., 3325., 3320., 3325.,  87., 26267, 20250310134500)
 (3325., 3326., 3314., 3318., 314., 26356, 20250310140000)
 (3315., 3322., 3315., 3320.,  52., 26367, 20250310141500)
 (3321., 3325., 3314., 3320., 152., 26395, 20250310143000)
 (3319., 3320., 3316., 3318., 133., 26425, 20250310144500)
 (3318., 3323., 3317., 3319., 209., 26394, 20250310150000)]
2025-03-11 15:30:00  INFO  [(3320., 3325., 3317., 3319.,  174., 26354, 20250310211500)
 (3318., 3322., 3317., 3319.,   71., 26328, 20250310213000)
 (3319., 3322., 3315., 3318.,  135., 26361, 20250310214500)
 (3317., 3318., 3312., 3312.,   60., 26385, 20250310220000)
 (3313., 3315., 3310., 3314.,   71., 26393, 20250310221500)
 (3314., 3316., 3310., 3314.,   75., 26407, 20250310223000)
 (3314., 3314., 3309., 3309.,  139., 26468, 20250310224500)
 (3309., 3310., 3302., 3308.,  179., 26502, 20250310230000)
 (3306., 3306., 3288., 3290., 1225., 27152, 20250311091500)
 (3291., 3300., 3291., 3292.,  231., 27214, 20250311093000)
 (3292., 3300., 3292., 3300.,  120., 27263, 20250311094500)
 (3298., 3306., 3298., 3305.,  239., 27265, 20250311100000)
 (3306., 3313., 3302., 3307.,  297., 27161, 20250311101500)
 (3305., 3311., 3301., 3309.,  146., 27171, 20250311104500)
 (3307., 3310., 3303., 3307.,   92., 27171, 20250311110000)
 (3307., 3310., 3304., 3310.,   57., 27188, 20250311111500)
 (3310., 3313., 3305., 3306.,   91., 27187, 20250311113000)
 (3306., 3313., 3305., 3306.,  137., 27146, 20250311134500)
 (3306., 3310., 3305., 3308.,   48., 27126, 20250311140000)
 (3311., 3313., 3307., 3312.,  101., 27086, 20250311141500)
 (3311., 3313., 3308., 3310.,   47., 27079, 20250311143000)
 (3310., 3314., 3309., 3309.,   73., 27085, 20250311144500)
 (3310., 3310., 3304., 3304.,  165., 27113, 20250311150000)]
2025-03-12 15:30:00  INFO  [(3305., 3323., 3305., 3323., 208., 27128, 20250311211500)
 (3324., 3326., 3320., 3325., 398., 27089, 20250311213000)
 (3322., 3326., 3322., 3325.,  66., 27098, 20250311214500)
 (3326., 3326., 3319., 3319.,  61., 27095, 20250311220000)
 (3322., 3322., 3317., 3317.,  76., 27073, 20250311221500)
 (3317., 3321., 3316., 3316.,  59., 27066, 20250311223000)
 (3316., 3317., 3313., 3316.,  41., 27071, 20250311224500)
 (3316., 3319., 3315., 3319.,  53., 27066, 20250311230000)
 (3315., 3316., 3309., 3312., 389., 27087, 20250312091500)
 (3312., 3314., 3309., 3314.,  54., 27078, 20250312093000)
 (3313., 3315., 3308., 3312.,  71., 27090, 20250312094500)
 (3311., 3314., 3308., 3310.,  58., 27075, 20250312100000)
 (3309., 3310., 3304., 3307., 145., 27047, 20250312101500)
 (3308., 3309., 3303., 3304., 152., 27101, 20250312104500)
 (3304., 3313., 3304., 3310.,  83., 27107, 20250312110000)
 (3314., 3314., 3309., 3309.,  40., 27097, 20250312111500)
 (3309., 3318., 3307., 3315., 154., 27095, 20250312113000)
 (3314., 3325., 3314., 3321., 315., 27056, 20250312134500)
 (3319., 3323., 3315., 3321., 103., 27066, 20250312140000)
 (3322., 3325., 3320., 3323., 140., 27096, 20250312141500)
 (3321., 3323., 3310., 3312., 184., 27105, 20250312143000)
 (3312., 3324., 3312., 3319., 400., 27231, 20250312144500)
 (3321., 3321., 3311., 3319., 444., 27274, 20250312150000)]
2025-03-13 15:30:00  INFO  [(3325., 3336., 3325., 3334., 374., 27384, 20250312211500)
 (3334., 3334., 3329., 3334., 217., 27399, 20250312213000)
 (3334., 3336., 3332., 3334., 234., 27507, 20250312214500)
 (3333., 3333., 3332., 3332.,  26., 27511, 20250312220000)
 (3332., 3332., 3329., 3330.,  22., 27503, 20250312221500)
 (3330., 3330., 3327., 3328., 112., 27417, 20250312223000)
 (3326., 3328., 3325., 3325., 172., 27410, 20250312224500)
 (3325., 3328., 3324., 3327., 109., 27431, 20250312230000)
 (3329., 3334., 3325., 3326., 206., 27524, 20250313091500)
 (3327., 3328., 3326., 3327.,  67., 27524, 20250313093000)
 (3327., 3329., 3324., 3326., 107., 27497, 20250313094500)
 (3325., 3335., 3325., 3332., 210., 27534, 20250313100000)
 (3333., 3345., 3333., 3341., 553., 27625, 20250313101500)
 (3342., 3345., 3336., 3345., 246., 27690, 20250313104500)
 (3344., 3345., 3339., 3345., 227., 27778, 20250313110000)
 (3345., 3346., 3341., 3345.,  86., 27791, 20250313111500)
 (3345., 3345., 3331., 3332.,  97., 27773, 20250313113000)
 (3330., 3335., 3327., 3333., 452., 27645, 20250313134500)
 (3333., 3337., 3330., 3335.,  79., 27670, 20250313140000)
 (3335., 3336., 3333., 3335.,  45., 27701, 20250313141500)
 (3333., 3339., 3330., 3339., 412., 27691, 20250313143000)
 (3339., 3353., 3339., 3352., 663., 27895, 20250313144500)
 (3353., 3353., 3345., 3351., 380., 27965, 20250313150000)]
2025-03-14 15:30:00  INFO  [(3343., 3354., 3343., 3345.,  364., 28129, 20250313211500)
 (3345., 3352., 3345., 3349.,  197., 28178, 20250313213000)
 (3349., 3349., 3347., 3349.,   35., 28185, 20250313214500)
 (3349., 3349., 3345., 3345.,   37., 28179, 20250313220000)
 (3347., 3348., 3343., 3345.,   64., 28170, 20250313221500)
 (3345., 3346., 3340., 3341.,   65., 28136, 20250313223000)
 (3341., 3346., 3339., 3346.,   52., 28129, 20250313224500)
 (3346., 3349., 3342., 3344.,   91., 28123, 20250313230000)
 (3344., 3352., 3341., 3352.,  202., 28122, 20250314091500)
 (3352., 3355., 3350., 3355.,  225., 28142, 20250314093000)
 (3355., 3361., 3352., 3359.,  280., 28151, 20250314094500)
 (3360., 3363., 3354., 3361.,  223., 28140, 20250314100000)
 (3361., 3362., 3357., 3361.,  192., 28075, 20250314101500)
 (3361., 3369., 3357., 3357., 1171., 28317, 20250314104500)
 (3357., 3361., 3356., 3361.,  165., 28303, 20250314110000)
 (3364., 3368., 3362., 3367.,  108., 28286, 20250314111500)
 (3368., 3370., 3360., 3362.,  228., 28334, 20250314113000)
 (3362., 3368., 3361., 3367.,  198., 28391, 20250314134500)
 (3368., 3370., 3365., 3369.,  441., 28274, 20250314140000)
 (3369., 3370., 3363., 3365.,  155., 28309, 20250314141500)
 (3365., 3370., 3364., 3370.,   82., 28319, 20250314143000)
 (3370., 3375., 3370., 3375.,  372., 28428, 20250314144500)
 (3375., 3376., 3369., 3372.,  373., 28446, 20250314150000)]
2025-03-17 15:30:00  INFO  [(3370., 3373., 3356., 3360.,  283., 28406, 20250314211500)
 (3360., 3362., 3355., 3359.,  412., 28471, 20250314213000)
 (3359., 3359., 3354., 3354.,   93., 28470, 20250314214500)
 (3354., 3356., 3352., 3353.,   76., 28456, 20250314220000)
 (3353., 3354., 3349., 3354.,  176., 28414, 20250314221500)
 (3354., 3356., 3352., 3354.,  154., 28475, 20250314223000)
 (3354., 3359., 3354., 3357.,  835., 28628, 20250314224500)
 (3357., 3359., 3349., 3352.,  538., 28642, 20250314230000)
 (3361., 3361., 3341., 3346.,  623., 28671, 20250317091500)
 (3346., 3349., 3341., 3345.,  202., 28669, 20250317093000)
 (3346., 3346., 3335., 3345.,  267., 28637, 20250317094500)
 (3343., 3343., 3335., 3335.,  197., 28688, 20250317100000)
 (3334., 3336., 3326., 3331.,  314., 28696, 20250317101500)
 (3331., 3336., 3331., 3335.,   91., 28713, 20250317104500)
 (3334., 3335., 3327., 3332.,  131., 28694, 20250317110000)
 (3333., 3333., 3328., 3331.,   50., 28695, 20250317111500)
 (3331., 3337., 3331., 3333.,  261., 28606, 20250317113000)
 (3331., 3331., 3326., 3329.,  172., 28613, 20250317134500)
 (3330., 3330., 3326., 3327.,  115., 28629, 20250317140000)
 (3327., 3328., 3323., 3325.,  193., 28673, 20250317141500)
 (3324., 3325., 3315., 3315., 2323., 30007, 20250317143000)
 (3315., 3318., 3313., 3318.,  781., 30120, 20250317144500)
 (3316., 3325., 3314., 3320.,  312., 30152, 20250317150000)]
2025-03-18 15:30:00  INFO  [(3321., 3323., 3309., 3312., 406., 30216, 20250317211500)
 (3312., 3316., 3309., 3310., 379., 30213, 20250317213000)
 (3312., 3315., 3308., 3309., 217., 30223, 20250317214500)
 (3309., 3314., 3309., 3314.,  91., 30222, 20250317220000)
 (3312., 3315., 3310., 3312., 394., 30196, 20250317221500)
 (3313., 3314., 3308., 3308.,  99., 30201, 20250317223000)
 (3308., 3310., 3305., 3309., 115., 30199, 20250317224500)
 (3308., 3314., 3307., 3314., 123., 30148, 20250317230000)
 (3309., 3319., 3309., 3311., 230., 30160, 20250318091500)
 (3310., 3310., 3304., 3308., 563., 30006, 20250318093000)
 (3308., 3312., 3306., 3312., 635., 30104, 20250318094500)
 (3312., 3316., 3310., 3310., 258., 30145, 20250318100000)
 (3310., 3325., 3310., 3322., 380., 30089, 20250318101500)
 (3323., 3325., 3315., 3316., 228., 30001, 20250318104500)
 (3315., 3318., 3315., 3317.,  36., 30012, 20250318110000)
 (3317., 3317., 3313., 3317.,  64., 30024, 20250318111500)
 (3315., 3316., 3308., 3311., 390., 29929, 20250318113000)
 (3310., 3313., 3308., 3311., 368., 29897, 20250318134500)
 (3311., 3313., 3306., 3310., 111., 29894, 20250318140000)
 (3309., 3309., 3305., 3307., 221., 29811, 20250318141500)
 (3307., 3309., 3306., 3307.,  71., 29807, 20250318143000)
 (3310., 3310., 3301., 3307., 213., 29764, 20250318144500)
 (3309., 3315., 3304., 3307., 172., 29732, 20250318150000)]
2025-03-19 15:30:00  INFO  [(3301., 3307., 3289., 3293., 636., 29744, 20250318211500)
 (3295., 3297., 3293., 3296., 227., 29792, 20250318213000)
 (3297., 3298., 3291., 3292.,  97., 29811, 20250318214500)
 (3294., 3295., 3291., 3292.,  50., 29819, 20250318220000)
 (3292., 3294., 3292., 3292., 123., 29855, 20250318221500)
 (3293., 3293., 3291., 3293.,  74., 29812, 20250318223000)
 (3293., 3293., 3291., 3293.,  60., 29780, 20250318224500)
 (3293., 3293., 3291., 3293., 100., 29753, 20250318230000)
 (3290., 3292., 3281., 3284., 629., 29961, 20250319091500)
 (3285., 3291., 3283., 3287., 185., 29920, 20250319093000)
 (3285., 3294., 3285., 3291., 315., 29914, 20250319094500)
 (3291., 3291., 3287., 3287.,  80., 29919, 20250319100000)
 (3287., 3294., 3287., 3287., 133., 29947, 20250319101500)
 (3288., 3290., 3283., 3288., 641., 29611, 20250319104500)
 (3288., 3294., 3287., 3288., 905., 29451, 20250319110000)
 (3288., 3292., 3283., 3288., 803., 29314, 20250319111500)
 (3287., 3288., 3284., 3284., 109., 29328, 20250319113000)
 (3286., 3286., 3281., 3282., 194., 29311, 20250319134500)
 (3282., 3292., 3281., 3292.,  88., 29329, 20250319140000)
 (3291., 3291., 3287., 3290., 100., 29360, 20250319141500)
 (3288., 3288., 3281., 3285.,  76., 29362, 20250319143000)
 (3285., 3285., 3280., 3284., 241., 29405, 20250319144500)
 (3282., 3284., 3280., 3281., 545., 29316, 20250319150000)]
2025-03-20 15:30:00  INFO  [(3280., 3284., 3273., 3284., 273., 29286, 20250319211500)
 (3283., 3286., 3281., 3285., 239., 29378, 20250319213000)
 (3285., 3285., 3277., 3280., 164., 29333, 20250319214500)
 (3280., 3280., 3278., 3278.,  18., 29339, 20250319220000)
 (3278., 3279., 3273., 3276.,  55., 29358, 20250319221500)
 (3276., 3277., 3273., 3273.,  44., 29358, 20250319223000)
 (3273., 3276., 3273., 3275.,  45., 29371, 20250319224500)
 (3275., 3277., 3272., 3273.,  52., 29367, 20250319230000)
 (3272., 3279., 3266., 3267., 804., 29290, 20250320091500)
 (3267., 3275., 3265., 3267., 678., 29276, 20250320093000)
 (3266., 3266., 3261., 3262., 135., 29285, 20250320094500)
 (3262., 3263., 3257., 3257., 495., 29417, 20250320100000)
 (3259., 3274., 3259., 3270., 253., 29348, 20250320101500)
 (3272., 3272., 3268., 3269.,  45., 29356, 20250320104500)
 (3269., 3270., 3265., 3270.,  68., 29343, 20250320110000)
 (3270., 3282., 3269., 3281., 270., 29383, 20250320111500)
 (3281., 3287., 3278., 3282., 470., 29338, 20250320113000)
 (3284., 3286., 3277., 3285., 337., 29283, 20250320134500)
 (3286., 3289., 3283., 3284., 258., 29270, 20250320140000)
 (3285., 3286., 3281., 3283., 235., 29237, 20250320141500)
 (3282., 3285., 3280., 3281.,  91., 29209, 20250320143000)
 (3281., 3287., 3281., 3285., 152., 29267, 20250320144500)
 (3287., 3293., 3285., 3291., 823., 29570, 20250320150000)]
2025-03-21 15:30:00  INFO  [(3296., 3296., 3279., 3285., 264., 29495, 20250320211500)
 (3286., 3286., 3279., 3280., 285., 29434, 20250320213000)
 (3280., 3280., 3277., 3280.,  97., 29454, 20250320214500)
 (3281., 3282., 3278., 3282.,  29., 29454, 20250320220000)
 (3282., 3284., 3280., 3280.,  65., 29464, 20250320221500)
 (3280., 3282., 3273., 3275.,  84., 29463, 20250320223000)
 (3275., 3279., 3274., 3278., 291., 29471, 20250320224500)
 (3278., 3283., 3277., 3280., 114., 29510, 20250320230000)
 (3282., 3286., 3279., 3280., 140., 29550, 20250321091500)
 (3280., 3281., 3279., 3280., 143., 29656, 20250321093000)
 (3278., 3286., 3277., 3285., 122., 29684, 20250321094500)
 (3286., 3286., 3280., 3280.,  47., 29685, 20250321100000)
 (3279., 3287., 3279., 3284.,  67., 29678, 20250321101500)
 (3283., 3283., 3281., 3281.,  34., 29680, 20250321104500)
 (3281., 3285., 3278., 3278., 136., 29619, 20250321110000)
 (3277., 3279., 3270., 3275., 270., 29605, 20250321111500)
 (3273., 3280., 3271., 3277., 144., 29606, 20250321113000)
 (3276., 3281., 3274., 3281., 168., 29631, 20250321134500)
 (3279., 3281., 3276., 3281., 258., 29502, 20250321140000)
 (3278., 3281., 3274., 3278., 204., 29500, 20250321141500)
 (3278., 3281., 3277., 3278., 124., 29490, 20250321143000)
 (3276., 3278., 3274., 3277.,  60., 29458, 20250321144500)
 (3277., 3277., 3273., 3274., 107., 29456, 20250321150000)]
2025-03-24 15:30:00  INFO  [(3281., 3281., 3272., 3273.,  100., 29442, 20250321211500)
 (3273., 3279., 3273., 3279.,   72., 29414, 20250321213000)
 (3279., 3279., 3276., 3276.,   61., 29464, 20250321214500)
 (3276., 3276., 3270., 3272.,  205., 29416, 20250321220000)
 (3272., 3273., 3262., 3264.,  246., 29397, 20250321221500)
 (3264., 3273., 3263., 3273.,   93., 29382, 20250321223000)
 (3272., 3283., 3272., 3278.,  228., 29396, 20250321224500)
 (3280., 3293., 3279., 3290.,  387., 29423, 20250321230000)
 (3288., 3305., 3288., 3302., 1175., 29861, 20250324091500)
 (3303., 3305., 3300., 3301.,  684., 30089, 20250324093000)
 (3301., 3309., 3301., 3306.,  284., 30159, 20250324094500)
 (3307., 3307., 3300., 3302.,  212., 30212, 20250324100000)
 (3301., 3310., 3300., 3308.,  248., 30276, 20250324101500)
 (3307., 3312., 3306., 3312.,  257., 30367, 20250324104500)
 (3312., 3315., 3308., 3313.,  217., 30349, 20250324110000)
 (3314., 3320., 3314., 3318.,  202., 30370, 20250324111500)
 (3319., 3319., 3310., 3310.,  176., 30418, 20250324113000)
 (3310., 3313., 3309., 3313.,   76., 30413, 20250324134500)
 (3313., 3315., 3309., 3313.,  140., 30488, 20250324140000)
 (3313., 3314., 3309., 3311.,  262., 30673, 20250324141500)
 (3309., 3315., 3308., 3314.,  136., 30697, 20250324143000)
 (3315., 3319., 3313., 3316.,  210., 30795, 20250324144500)
 (3318., 3321., 3315., 3318.,  175., 30855, 20250324150000)]
2025-03-25 15:30:00  INFO  [(3310., 3322., 3310., 3320.,  396., 30901, 20250324211500)
 (3320., 3321., 3314., 3316.,  234., 30920, 20250324213000)
 (3317., 3318., 3314., 3316.,   55., 30925, 20250324214500)
 (3315., 3320., 3315., 3319.,   28., 30927, 20250324220000)
 (3319., 3319., 3315., 3316.,  521., 31406, 20250324221500)
 (3315., 3317., 3309., 3309.,  792., 32016, 20250324223000)
 (3309., 3309., 3307., 3309.,  367., 32153, 20250324224500)
 (3308., 3312., 3308., 3309.,  330., 32340, 20250324230000)
 (3310., 3312., 3306., 3308.,  479., 32337, 20250325091500)
 (3308., 3311., 3308., 3309.,  278., 32390, 20250325093000)
 (3309., 3311., 3308., 3310.,  339., 32555, 20250325094500)
 (3311., 3311., 3303., 3306.,  766., 32389, 20250325100000)
 (3307., 3307., 3298., 3298.,  475., 32553, 20250325101500)
 (3299., 3300., 3294., 3295.,  390., 32666, 20250325104500)
 (3294., 3297., 3293., 3294.,  203., 32748, 20250325110000)
 (3294., 3308., 3294., 3307.,  353., 32819, 20250325111500)
 (3307., 3316., 3307., 3314.,  978., 33216, 20250325113000)
 (3316., 3324., 3315., 3318., 2912., 34653, 20250325134500)
 (3318., 3322., 3316., 3318., 3086., 36173, 20250325140000)
 (3319., 3322., 3318., 3319.,  190., 36218, 20250325141500)
 (3320., 3322., 3318., 3321.,   85., 36254, 20250325143000)
 (3322., 3322., 3317., 3320.,  165., 36245, 20250325144500)
 (3320., 3323., 3317., 3319.,  565., 36374, 20250325150000)]
2025-03-26 15:30:00  INFO  [(3316., 3321., 3315., 3315., 491., 36461, 20250325211500)
 (3315., 3317., 3312., 3316., 175., 36400, 20250325213000)
 (3317., 3318., 3314., 3316., 113., 36346, 20250325214500)
 (3317., 3318., 3316., 3316.,  74., 36360, 20250325220000)
 (3316., 3317., 3315., 3315., 134., 36310, 20250325221500)
 (3315., 3316., 3310., 3315., 148., 36296, 20250325223000)
 (3315., 3319., 3315., 3317.,  28., 36285, 20250325224500)
 (3318., 3321., 3317., 3320.,  95., 36300, 20250325230000)
 (3320., 3325., 3316., 3316., 262., 36384, 20250326091500)
 (3317., 3318., 3314., 3315., 245., 36381, 20250326093000)
 (3314., 3316., 3314., 3315.,  80., 36384, 20250326094500)
 (3315., 3317., 3312., 3315., 103., 36392, 20250326100000)
 (3315., 3316., 3308., 3309., 177., 36360, 20250326101500)
 (3311., 3314., 3309., 3312., 241., 36459, 20250326104500)
 (3313., 3314., 3307., 3314., 148., 36514, 20250326110000)
 (3313., 3314., 3311., 3311., 173., 36625, 20250326111500)
 (3311., 3314., 3308., 3309., 203., 36687, 20250326113000)
 (3308., 3309., 3304., 3309., 207., 36739, 20250326134500)
 (3309., 3314., 3309., 3312., 156., 36789, 20250326140000)
 (3314., 3318., 3313., 3316., 243., 36853, 20250326141500)
 (3317., 3318., 3311., 3312.,  97., 36898, 20250326143000)
 (3312., 3315., 3309., 3312.,  63., 36906, 20250326144500)
 (3311., 3311., 3305., 3306., 160., 36846, 20250326150000)]
2025-03-27 15:30:00  INFO  [(3305., 3311., 3302., 3310., 766., 36509, 20250326211500)
 (3309., 3309., 3306., 3308.,  90., 36478, 20250326213000)
 (3308., 3311., 3307., 3309.,  78., 36457, 20250326214500)
 (3309., 3311., 3308., 3311.,  43., 36465, 20250326220000)
 (3311., 3315., 3310., 3315.,  71., 36467, 20250326221500)
 (3315., 3317., 3312., 3315., 131., 36474, 20250326223000)
 (3316., 3320., 3315., 3316., 174., 36527, 20250326224500)
 (3316., 3319., 3315., 3315., 271., 36581, 20250326230000)
 (3315., 3315., 3307., 3308., 374., 36623, 20250327091500)
 (3308., 3310., 3307., 3308., 369., 36525, 20250327093000)
 (3309., 3313., 3308., 3309., 186., 36479, 20250327094500)
 (3309., 3316., 3308., 3313., 336., 36373, 20250327100000)
 (3312., 3314., 3309., 3311.,  91., 36353, 20250327101500)
 (3309., 3313., 3309., 3312.,  22., 36340, 20250327104500)
 (3312., 3313., 3310., 3310.,  21., 36343, 20250327110000)
 (3310., 3314., 3308., 3309., 117., 36393, 20250327111500)
 (3309., 3311., 3297., 3300., 744., 36522, 20250327113000)
 (3297., 3298., 3285., 3295., 961., 36379, 20250327134500)
 (3295., 3295., 3288., 3288., 155., 36344, 20250327140000)
 (3289., 3298., 3289., 3297., 144., 36340, 20250327141500)
 (3296., 3298., 3292., 3292., 132., 36395, 20250327143000)
 (3292., 3304., 3289., 3304., 752., 36443, 20250327144500)
 (3304., 3308., 3301., 3305., 369., 36385, 20250327150000)]
2025-03-28 15:30:00  INFO  [(3304., 3304., 3290., 3291.,  756., 36335, 20250327211500)
 (3291., 3293., 3289., 3292.,  561., 36278, 20250327213000)
 (3292., 3292., 3286., 3288.,  137., 36317, 20250327214500)
 (3290., 3291., 3288., 3288.,   41., 36327, 20250327220000)
 (3288., 3288., 3284., 3287.,  112., 36324, 20250327221500)
 (3286., 3288., 3285., 3288.,   27., 36328, 20250327223000)
 (3288., 3289., 3285., 3286.,   28., 36322, 20250327224500)
 (3285., 3290., 3285., 3286.,  118., 36269, 20250327230000)
 (3287., 3293., 3287., 3291.,  443., 36326, 20250328091500)
 (3292., 3293., 3289., 3291.,  145., 36367, 20250328093000)
 (3290., 3290., 3285., 3286.,   79., 36387, 20250328094500)
 (3287., 3290., 3283., 3285.,  309., 36413, 20250328100000)
 (3283., 3291., 3282., 3287.,  122., 36391, 20250328101500)
 (3287., 3287., 3283., 3286.,  390., 36486, 20250328104500)
 (3287., 3288., 3279., 3283.,  271., 36544, 20250328110000)
 (3283., 3284., 3276., 3277., 1250., 36770, 20250328111500)
 (3276., 3279., 3272., 3278., 2039., 37792, 20250328113000)
 (3275., 3283., 3272., 3282.,  211., 37758, 20250328134500)
 (3282., 3286., 3280., 3286.,  213., 37774, 20250328140000)
 (3286., 3286., 3281., 3285.,   59., 37752, 20250328141500)
 (3285., 3287., 3284., 3285.,  363., 37759, 20250328143000)
 (3286., 3291., 3284., 3285.,  646., 37735, 20250328144500)
 (3285., 3286., 3280., 3281.,  949., 37582, 20250328150000)]
2025-03-31 15:30:00  INFO  [(3283., 3289., 3277., 3281., 227., 37531, 20250328211500)
 (3281., 3284., 3280., 3284., 106., 37569, 20250328213000)
 (3283., 3283., 3281., 3282.,  23., 37584, 20250328214500)
 (3282., 3285., 3281., 3284., 297., 37459, 20250328220000)
 (3284., 3284., 3276., 3278.,  96., 37492, 20250328221500)
 (3277., 3279., 3276., 3277., 380., 37359, 20250328223000)
 (3277., 3280., 3276., 3279.,  30., 37349, 20250328224500)
 (3279., 3280., 3277., 3278., 189., 37295, 20250328230000)
 (3278., 3280., 3270., 3278., 785., 37287, 20250331091500)
 (3279., 3282., 3279., 3279., 346., 37339, 20250331093000)
 (3279., 3280., 3275., 3275., 326., 37332, 20250331094500)
 (3274., 3276., 3271., 3273., 322., 37263, 20250331100000)
 (3272., 3274., 3268., 3270., 614., 37514, 20250331101500)
 (3266., 3271., 3264., 3268., 978., 37878, 20250331104500)
 (3268., 3268., 3262., 3265., 344., 37817, 20250331110000)
 (3263., 3264., 3262., 3264., 414., 37644, 20250331111500)
 (3263., 3264., 3258., 3260., 557., 37599, 20250331113000)
 (3259., 3265., 3259., 3263., 158., 37598, 20250331134500)
 (3263., 3267., 3263., 3265., 139., 37611, 20250331140000)
 (3265., 3272., 3264., 3269., 482., 37699, 20250331141500)
 (3268., 3272., 3265., 3266., 443., 37885, 20250331143000)
 (3266., 3270., 3266., 3266., 287., 38113, 20250331144500)
 (3267., 3272., 3263., 3271., 701., 38406, 20250331150000)]
2025-04-01 15:30:00  INFO  [(3274., 3274., 3255., 3257.,  987., 38205, 20250331211500)
 (3256., 3257., 3252., 3253.,  292., 38323, 20250331213000)
 (3253., 3253., 3250., 3251.,  119., 38293, 20250331214500)
 (3251., 3259., 3251., 3259.,  147., 38331, 20250331220000)
 (3259., 3262., 3257., 3258.,  365., 38407, 20250331221500)
 (3258., 3259., 3256., 3258.,   98., 38407, 20250331223000)
 (3259., 3267., 3258., 3262.,  142., 38447, 20250331224500)
 (3262., 3263., 3259., 3262.,   82., 38454, 20250331230000)
 (3262., 3262., 3252., 3254.,  354., 38393, 20250401091500)
 (3255., 3263., 3255., 3259.,  613., 38118, 20250401093000)
 (3259., 3261., 3256., 3260.,  271., 38169, 20250401094500)
 (3260., 3263., 3258., 3260.,  629., 38181, 20250401100000)
 (3261., 3274., 3259., 3273.,  446., 38296, 20250401101500)
 (3274., 3277., 3266., 3277.,  612., 38630, 20250401104500)
 (3277., 3281., 3272., 3276., 2570., 40298, 20250401110000)
 (3276., 3280., 3274., 3279.,  840., 40617, 20250401111500)
 (3278., 3279., 3275., 3276.,  348., 40783, 20250401113000)
 (3277., 3277., 3273., 3274.,  175., 40882, 20250401134500)
 (3276., 3278., 3274., 3277.,  307., 41007, 20250401140000)
 (3278., 3280., 3275., 3279., 1003., 41725, 20250401141500)
 (3278., 3287., 3277., 3287., 1125., 42009, 20250401143000)
 (3287., 3295., 3283., 3285., 1269., 42291, 20250401144500)
 (3284., 3286., 3276., 3283., 1466., 43096, 20250401150000)]
2025-04-02 15:30:00  INFO  [(3280., 3286., 3279., 3281.,  761., 43219, 20250401211500)
 (3280., 3282., 3279., 3279.,  410., 43338, 20250401213000)
 (3278., 3280., 3277., 3277.,  519., 43689, 20250401214500)
 (3277., 3282., 3276., 3280.,  410., 43889, 20250401220000)
 (3280., 3282., 3278., 3282.,  157., 43989, 20250401221500)
 (3281., 3284., 3278., 3282.,  354., 44197, 20250401223000)
 (3282., 3285., 3280., 3284.,  125., 44244, 20250401224500)
 (3284., 3286., 3282., 3284.,   50., 44247, 20250401230000)
 (3287., 3290., 3283., 3287., 1396., 43961, 20250402091500)
 (3288., 3289., 3284., 3285.,  462., 44171, 20250402093000)
 (3284., 3287., 3283., 3284.,  149., 44180, 20250402094500)
 (3284., 3285., 3280., 3281.,  336., 44361, 20250402100000)
 (3281., 3285., 3278., 3284.,  598., 44446, 20250402101500)
 (3284., 3289., 3284., 3285.,  201., 44504, 20250402104500)
 (3285., 3291., 3285., 3288.,  523., 44728, 20250402110000)
 (3287., 3288., 3285., 3285.,  425., 44851, 20250402111500)
 (3286., 3288., 3284., 3284.,   62., 44873, 20250402113000)
 (3283., 3289., 3283., 3289.,  125., 44890, 20250402134500)
 (3289., 3289., 3285., 3285.,  119., 44929, 20250402140000)
 (3285., 3286., 3280., 3283.,  313., 44919, 20250402141500)
 (3283., 3284., 3274., 3274.,  327., 44845, 20250402143000)
 (3274., 3275., 3267., 3275.,  405., 44797, 20250402144500)
 (3275., 3281., 3274., 3276.,  193., 44729, 20250402150000)]
2025-04-03 15:30:00  INFO  [(3276., 3280., 3271., 3275., 1659., 44777, 20250402211500)
 (3275., 3275., 3270., 3272.,  271., 44824, 20250402213000)
 (3271., 3275., 3270., 3273.,   73., 44813, 20250402214500)
 (3274., 3276., 3272., 3274.,   73., 44813, 20250402220000)
 (3275., 3275., 3272., 3272.,   69., 44822, 20250402221500)
 (3273., 3278., 3271., 3276., 1196., 45432, 20250402223000)
 (3276., 3277., 3271., 3271.,   96., 45423, 20250402224500)
 (3271., 3273., 3267., 3267.,  175., 45374, 20250402230000)
 (3262., 3264., 3249., 3258., 1294., 45346, 20250403091500)
 (3259., 3264., 3257., 3261.,  373., 45330, 20250403093000)
 (3262., 3283., 3262., 3283.,  611., 45358, 20250403094500)
 (3284., 3293., 3276., 3277.,  747., 45388, 20250403100000)
 (3276., 3278., 3264., 3266.,  260., 45375, 20250403101500)
 (3266., 3271., 3263., 3267.,  282., 45442, 20250403104500)
 (3268., 3270., 3260., 3262.,  276., 45517, 20250403110000)
 (3262., 3262., 3258., 3260.,  815., 45366, 20250403111500)
 (3258., 3263., 3258., 3260.,  243., 45334, 20250403113000)
 (3261., 3264., 3259., 3260.,  162., 45373, 20250403134500)
 (3260., 3263., 3258., 3262.,  236., 45404, 20250403140000)
 (3262., 3264., 3261., 3263.,  328., 45343, 20250403141500)
 (3262., 3262., 3255., 3257., 1172., 45601, 20250403143000)
 (3256., 3260., 3256., 3258.,  402., 45589, 20250403144500)
 (3258., 3267., 3257., 3266.,  508., 45405, 20250403150000)]
2025-04-07 15:30:00  INFO  [(3262., 3262., 3258., 3260.,  815., 45366, 20250403111500)
 (3258., 3263., 3258., 3260.,  243., 45334, 20250403113000)
 (3261., 3264., 3259., 3260.,  162., 45373, 20250403134500)
 (3260., 3263., 3258., 3262.,  236., 45404, 20250403140000)
 (3262., 3264., 3261., 3263.,  328., 45343, 20250403141500)
 (3262., 3262., 3255., 3257., 1172., 45601, 20250403143000)
 (3256., 3260., 3256., 3258.,  402., 45589, 20250403144500)
 (3258., 3267., 3257., 3266.,  508., 45405, 20250403150000)
 (3132., 3190., 3132., 3172., 7279., 44288, 20250407091500)
 (3171., 3198., 3168., 3183., 4862., 43647, 20250407093000)
 (3182., 3191., 3169., 3176., 1469., 43376, 20250407094500)
 (3176., 3176., 3165., 3172., 2045., 42358, 20250407100000)
 (3172., 3185., 3171., 3184.,  974., 42264, 20250407101500)
 (3182., 3200., 3181., 3198.,  949., 42559, 20250407104500)
 (3199., 3205., 3192., 3196.,  847., 42606, 20250407110000)
 (3194., 3196., 3190., 3193.,  468., 42663, 20250407111500)
 (3193., 3196., 3190., 3192.,  347., 42682, 20250407113000)
 (3194., 3194., 3180., 3181., 1772., 42655, 20250407134500)
 (3183., 3187., 3180., 3181.,  640., 42751, 20250407140000)
 (3180., 3183., 3172., 3173.,  527., 42749, 20250407141500)
 (3173., 3176., 3170., 3174.,  883., 43069, 20250407143000)
 (3174., 3190., 3171., 3181.,  782., 43222, 20250407144500)
 (3182., 3185., 3179., 3182.,  552., 43020, 20250407150000)]
2025-04-08 15:30:00  INFO  [(3178., 3198., 3174., 3193., 1698., 42910, 20250407211500)
 (3193., 3194., 3189., 3190., 1098., 43183, 20250407213000)
 (3189., 3191., 3185., 3188.,  407., 43232, 20250407214500)
 (3186., 3192., 3186., 3192.,  325., 43337, 20250407220000)
 (3192., 3198., 3191., 3198.,  304., 43442, 20250407221500)
 (3198., 3203., 3193., 3193.,  520., 43490, 20250407223000)
 (3194., 3200., 3193., 3197.,  414., 43332, 20250407224500)
 (3196., 3201., 3195., 3200.,  392., 43197, 20250407230000)
 (3201., 3201., 3177., 3178., 1761., 43462, 20250408091500)
 (3179., 3179., 3171., 3175.,  901., 43455, 20250408093000)
 (3175., 3182., 3171., 3172., 1145., 43738, 20250408094500)
 (3171., 3175., 3169., 3174.,  724., 43874, 20250408100000)
 (3172., 3174., 3168., 3170.,  606., 43988, 20250408101500)
 (3170., 3170., 3161., 3162.,  880., 44170, 20250408104500)
 (3162., 3165., 3156., 3158.,  765., 44535, 20250408110000)
 (3157., 3161., 3152., 3158., 1878., 45062, 20250408111500)
 (3157., 3166., 3156., 3161.,  761., 45154, 20250408113000)
 (3158., 3160., 3152., 3155.,  950., 45145, 20250408134500)
 (3156., 3157., 3150., 3154., 1764., 45153, 20250408140000)
 (3154., 3155., 3148., 3152., 3664., 44458, 20250408141500)
 (3151., 3156., 3143., 3149., 8150., 42814, 20250408143000)
 (3149., 3167., 3148., 3159., 6044., 42266, 20250408144500)
 (3160., 3164., 3155., 3156., 1832., 41948, 20250408150000)]
2025-04-09 15:30:00  INFO  [(3155., 3162., 3147., 3157., 2754., 42258, 20250408211500)
 (3157., 3158., 3148., 3151.,  851., 42368, 20250408213000)
 (3150., 3154., 3149., 3154.,  546., 42301, 20250408214500)
 (3154., 3155., 3150., 3154.,  110., 42284, 20250408220000)
 (3154., 3155., 3150., 3152.,  481., 42456, 20250408221500)
 (3152., 3156., 3151., 3153.,  867., 42637, 20250408223000)
 (3154., 3155., 3149., 3149.,  122., 42651, 20250408224500)
 (3150., 3151., 3144., 3147.,  776., 42829, 20250408230000)
 (3131., 3131., 3102., 3103., 3747., 42872, 20250409091500)
 (3103., 3109., 3081., 3104., 2998., 43012, 20250409093000)
 (3104., 3112., 3096., 3099., 1550., 42923, 20250409094500)
 (3100., 3109., 3092., 3108.,  871., 43025, 20250409100000)
 (3107., 3118., 3105., 3112., 1175., 43200, 20250409101500)
 (3110., 3110., 3099., 3104.,  536., 43159, 20250409104500)
 (3104., 3125., 3103., 3123.,  993., 43303, 20250409110000)
 (3123., 3130., 3117., 3119., 1122., 43501, 20250409111500)
 (3119., 3131., 3116., 3130.,  557., 43571, 20250409113000)
 (3130., 3133., 3123., 3130.,  749., 43574, 20250409134500)
 (3130., 3134., 3128., 3131.,  599., 43778, 20250409140000)
 (3131., 3137., 3126., 3137.,  533., 43904, 20250409141500)
 (3137., 3144., 3131., 3131., 1361., 43866, 20250409143000)
 (3131., 3143., 3131., 3134.,  773., 43882, 20250409144500)
 (3133., 3134., 3125., 3128.,  930., 43889, 20250409150000)]
2025-04-10 15:30:00  INFO  [(3116., 3127., 3108., 3124., 1992., 44123, 20250409211500)
 (3125., 3135., 3121., 3134.,  645., 44206, 20250409213000)
 (3134., 3142., 3133., 3140.,  797., 44412, 20250409214500)
 (3138., 3140., 3133., 3134.,  302., 44506, 20250409220000)
 (3134., 3142., 3134., 3137.,  205., 44522, 20250409221500)
 (3137., 3142., 3137., 3138.,  271., 44636, 20250409223000)
 (3138., 3144., 3138., 3139.,  289., 44658, 20250409224500)
 (3138., 3139., 3129., 3138.,  498., 44641, 20250409230000)
 (3155., 3186., 3155., 3158., 3930., 43947, 20250410091500)
 (3160., 3174., 3159., 3174.,  622., 43932, 20250410093000)
 (3174., 3181., 3167., 3173.,  920., 43955, 20250410094500)
 (3172., 3176., 3169., 3176.,  488., 44113, 20250410100000)
 (3176., 3191., 3176., 3185., 1406., 44029, 20250410101500)
 (3186., 3186., 3172., 3176.,  575., 44033, 20250410104500)
 (3178., 3179., 3172., 3178.,  443., 44110, 20250410110000)
 (3177., 3182., 3172., 3176.,  497., 44336, 20250410111500)
 (3176., 3176., 3164., 3168.,  505., 44350, 20250410113000)
 (3171., 3177., 3166., 3170., 1230., 44751, 20250410134500)
 (3172., 3176., 3169., 3171.,  442., 44832, 20250410140000)
 (3171., 3184., 3170., 3181.,  778., 44901, 20250410141500)
 (3180., 3181., 3173., 3174.,  323., 45072, 20250410143000)
 (3174., 3178., 3174., 3176.,  513., 45258, 20250410144500)
 (3175., 3176., 3171., 3171.,  429., 45138, 20250410150000)]
2025-04-11 15:30:00  INFO  [(3182., 3182., 3160., 3164., 1054., 45212, 20250410211500)
 (3163., 3167., 3160., 3162.,  311., 45271, 20250410213000)
 (3162., 3163., 3159., 3162.,  258., 45353, 20250410214500)
 (3162., 3166., 3161., 3164.,  167., 45344, 20250410220000)
 (3164., 3169., 3164., 3169.,  355., 45356, 20250410221500)
 (3169., 3172., 3167., 3168.,  554., 45636, 20250410223000)
 (3169., 3174., 3168., 3169.,  243., 45565, 20250410224500)
 (3169., 3170., 3165., 3165.,  247., 45599, 20250410230000)
 (3165., 3166., 3156., 3162.,  993., 45451, 20250411091500)
 (3163., 3165., 3157., 3163.,  398., 45522, 20250411093000)
 (3163., 3164., 3157., 3157.,  518., 45645, 20250411094500)
 (3157., 3158., 3152., 3156.,  842., 45923, 20250411100000)
 (3156., 3156., 3140., 3140., 1035., 46160, 20250411101500)
 (3141., 3147., 3140., 3141.,  710., 46461, 20250411104500)
 (3141., 3146., 3138., 3146.,  617., 46575, 20250411110000)
 (3145., 3151., 3142., 3150.,  845., 46881, 20250411111500)
 (3149., 3150., 3139., 3149.,  466., 46992, 20250411113000)
 (3149., 3173., 3149., 3170., 2728., 46511, 20250411134500)
 (3171., 3174., 3164., 3167., 1442., 46148, 20250411140000)
 (3167., 3170., 3164., 3164.,  808., 46418, 20250411141500)
 (3164., 3165., 3160., 3164.,  502., 46670, 20250411143000)
 (3165., 3166., 3159., 3160.,  418., 46749, 20250411144500)
 (3159., 3167., 3159., 3164., 1121., 46316, 20250411150000)]
2025-04-14 15:30:00  INFO  [(3161., 3167., 3155., 3163.,  847., 46534, 20250411211500)
 (3163., 3164., 3158., 3160.,  401., 46737, 20250411213000)
 (3160., 3162., 3156., 3158.,  160., 46774, 20250411214500)
 (3158., 3161., 3157., 3159.,  286., 46843, 20250411220000)
 (3159., 3164., 3158., 3164.,  116., 46883, 20250411221500)
 (3164., 3168., 3160., 3160.,  280., 47015, 20250411223000)
 (3161., 3163., 3158., 3159.,  114., 47030, 20250411224500)
 (3161., 3162., 3159., 3160.,  241., 46931, 20250411230000)
 (3167., 3177., 3166., 3168., 1121., 47094, 20250414091500)
 (3168., 3176., 3168., 3173.,  489., 47259, 20250414093000)
 (3173., 3175., 3167., 3169.,  299., 47339, 20250414094500)
 (3169., 3171., 3167., 3168.,  229., 47433, 20250414100000)
 (3168., 3170., 3163., 3167.,  290., 47534, 20250414101500)
 (3166., 3166., 3158., 3158.,  537., 47566, 20250414104500)
 (3158., 3161., 3153., 3160.,  307., 47648, 20250414110000)
 (3159., 3163., 3157., 3160.,  506., 47708, 20250414111500)
 (3160., 3164., 3159., 3159.,  188., 47695, 20250414113000)
 (3159., 3166., 3158., 3163.,  437., 47783, 20250414134500)
 (3162., 3165., 3160., 3163.,  634., 48061, 20250414140000)
 (3163., 3167., 3161., 3163., 1150., 48468, 20250414141500)
 (3162., 3162., 3157., 3157.,  371., 48624, 20250414143000)
 (3157., 3159., 3156., 3158.,  270., 48733, 20250414144500)
 (3158., 3159., 3155., 3157.,  835., 49094, 20250414150000)]
2025-04-15 15:30:00  INFO  [(3159., 3166., 3155., 3160.,  930., 49599, 20250414211500)
 (3160., 3163., 3159., 3161.,  302., 49726, 20250414213000)
 (3161., 3161., 3159., 3160.,  150., 49761, 20250414214500)
 (3160., 3164., 3159., 3164.,  162., 49773, 20250414220000)
 (3164., 3167., 3164., 3165.,  490., 49608, 20250414221500)
 (3166., 3166., 3163., 3163.,  342., 49785, 20250414223000)
 (3163., 3166., 3162., 3166.,   63., 49794, 20250414224500)
 (3166., 3169., 3166., 3169.,  268., 49906, 20250414230000)
 (3167., 3171., 3160., 3161.,  959., 50100, 20250415091500)
 (3162., 3163., 3158., 3162.,  314., 50184, 20250415093000)
 (3160., 3161., 3157., 3160.,  177., 50204, 20250415094500)
 (3160., 3161., 3153., 3153.,  434., 50354, 20250415100000)
 (3154., 3160., 3151., 3160., 1310., 51123, 20250415101500)
 (3159., 3164., 3158., 3162.,  770., 50973, 20250415104500)
 (3163., 3163., 3156., 3157.,  672., 51195, 20250415110000)
 (3156., 3162., 3156., 3160.,  525., 51139, 20250415111500)
 (3160., 3162., 3156., 3160., 1743., 52165, 20250415113000)
 (3158., 3160., 3150., 3154.,  886., 52499, 20250415134500)
 (3154., 3170., 3152., 3170., 2402., 53833, 20250415140000)
 (3170., 3170., 3162., 3168., 1286., 54058, 20250415141500)
 (3169., 3170., 3161., 3164.,  361., 54068, 20250415143000)
 (3164., 3164., 3159., 3160.,  354., 54195, 20250415144500)
 (3161., 3162., 3157., 3157., 2012., 55092, 20250415150000)]
2025-04-16 15:30:00  INFO  [(3158., 3167., 3151., 3163.,  756., 55328, 20250415211500)
 (3164., 3164., 3160., 3160.,  185., 55266, 20250415213000)
 (3160., 3162., 3160., 3161.,   46., 55276, 20250415214500)
 (3161., 3161., 3160., 3161.,   30., 55280, 20250415220000)
 (3161., 3162., 3160., 3162.,   13., 55283, 20250415221500)
 (3163., 3164., 3158., 3160.,   88., 55285, 20250415223000)
 (3160., 3160., 3158., 3160.,  174., 55322, 20250415224500)
 (3158., 3161., 3157., 3161.,  196., 55282, 20250415230000)
 (3161., 3161., 3154., 3159.,  340., 55381, 20250416091500)
 (3158., 3160., 3153., 3153.,  315., 55410, 20250416093000)
 (3153., 3157., 3152., 3155.,  422., 55458, 20250416094500)
 (3155., 3156., 3145., 3148.,  953., 55649, 20250416100000)
 (3147., 3150., 3141., 3142., 1221., 55985, 20250416101500)
 (3141., 3143., 3135., 3135., 1240., 56062, 20250416104500)
 (3135., 3140., 3135., 3137.,  944., 56250, 20250416110000)
 (3137., 3138., 3133., 3134.,  658., 56442, 20250416111500)
 (3134., 3136., 3127., 3129.,  418., 56416, 20250416113000)
 (3132., 3137., 3128., 3130.,  939., 56793, 20250416134500)
 (3130., 3131., 3127., 3129.,  509., 56941, 20250416140000)
 (3130., 3131., 3125., 3128.,  416., 56915, 20250416141500)
 (3130., 3130., 3125., 3128.,  327., 57015, 20250416143000)
 (3128., 3132., 3125., 3127.,  570., 57099, 20250416144500)
 (3128., 3134., 3126., 3131.,  693., 57074, 20250416150000)]
2025-04-17 15:30:00  INFO  [(3135., 3139., 3126., 3127.,  706., 57408, 20250416211500)
 (3126., 3128., 3124., 3127.,  529., 57757, 20250416213000)
 (3127., 3136., 3127., 3136.,  225., 57810, 20250416214500)
 (3136., 3142., 3134., 3137.,  322., 57837, 20250416220000)
 (3137., 3139., 3136., 3137.,  348., 57914, 20250416221500)
 (3137., 3145., 3137., 3141.,  865., 58137, 20250416223000)
 (3140., 3140., 3137., 3138.,  646., 58632, 20250416224500)
 (3138., 3138., 3132., 3132.,   95., 58635, 20250416230000)
 (3132., 3134., 3128., 3131.,  387., 58656, 20250417091500)
 (3132., 3136., 3132., 3133.,  102., 58635, 20250417093000)
 (3134., 3141., 3134., 3141.,  272., 58705, 20250417094500)
 (3140., 3143., 3140., 3142.,  318., 58901, 20250417100000)
 (3141., 3141., 3133., 3133.,  315., 59029, 20250417101500)
 (3133., 3138., 3132., 3137.,  593., 59117, 20250417104500)
 (3136., 3148., 3135., 3144.,  872., 59501, 20250417110000)
 (3143., 3146., 3142., 3142.,  923., 59541, 20250417111500)
 (3142., 3150., 3140., 3150.,  686., 59409, 20250417113000)
 (3150., 3153., 3145., 3152.,  678., 59458, 20250417134500)
 (3152., 3153., 3145., 3147.,  471., 59678, 20250417140000)
 (3147., 3147., 3141., 3144.,  360., 59738, 20250417141500)
 (3145., 3146., 3140., 3142., 1975., 60891, 20250417143000)
 (3142., 3143., 3130., 3131., 1305., 61096, 20250417144500)
 (3130., 3136., 3129., 3131.,  733., 61246, 20250417150000)]
2025-04-18 15:30:00  INFO  [(3124., 3136., 3124., 3132.,  550., 61301, 20250417211500)
 (3132., 3137., 3131., 3134.,  282., 61435, 20250417213000)
 (3134., 3137., 3132., 3134.,  174., 61452, 20250417214500)
 (3134., 3135., 3130., 3131.,  356., 61561, 20250417220000)
 (3130., 3132., 3129., 3132.,  434., 61811, 20250417221500)
 (3132., 3132., 3124., 3125.,  270., 61809, 20250417223000)
 (3125., 3127., 3124., 3125.,  218., 61848, 20250417224500)
 (3126., 3126., 3123., 3124.,  228., 61880, 20250417230000)
 (3122., 3131., 3120., 3123.,  732., 61829, 20250418091500)
 (3123., 3124., 3120., 3122.,  565., 61737, 20250418093000)
 (3122., 3128., 3120., 3126.,  400., 61876, 20250418094500)
 (3126., 3135., 3123., 3132.,  675., 61976, 20250418100000)
 (3132., 3134., 3128., 3128.,  182., 62073, 20250418101500)
 (3128., 3128., 3121., 3127.,  684., 62162, 20250418104500)
 (3128., 3132., 3125., 3126.,  388., 62274, 20250418110000)
 (3125., 3127., 3123., 3124.,  224., 62248, 20250418111500)
 (3125., 3128., 3117., 3119.,  461., 62323, 20250418113000)
 (3118., 3124., 3116., 3117.,  395., 62352, 20250418134500)
 (3116., 3124., 3114., 3121., 1379., 62467, 20250418140000)
 (3120., 3125., 3118., 3124., 1004., 63005, 20250418141500)
 (3124., 3130., 3121., 3129.,  670., 63317, 20250418143000)
 (3129., 3129., 3116., 3117.,  690., 63437, 20250418144500)
 (3116., 3117., 3110., 3111.,  993., 63537, 20250418150000)]
2025-04-21 15:30:00  INFO  [(3111., 3117., 3108., 3111., 1097., 63867, 20250418211500)
 (3112., 3117., 3111., 3115.,  440., 63941, 20250418213000)
 (3115., 3117., 3112., 3116.,  519., 63951, 20250418214500)
 (3116., 3119., 3115., 3119.,  178., 63988, 20250418220000)
 (3119., 3120., 3118., 3119.,  571., 64077, 20250418221500)
 (3120., 3124., 3119., 3124.,  366., 64156, 20250418223000)
 (3125., 3126., 3122., 3122.,  267., 64170, 20250418224500)
 (3123., 3128., 3122., 3128.,  617., 64069, 20250418230000)
 (3133., 3144., 3130., 3142., 2379., 64535, 20250421091500)
 (3143., 3145., 3131., 3135., 2872., 65994, 20250421093000)
 (3134., 3136., 3129., 3136., 4110., 68226, 20250421094500)
 (3136., 3139., 3134., 3138.,  505., 68382, 20250421100000)
 (3139., 3140., 3137., 3138.,  511., 68513, 20250421101500)
 (3138., 3138., 3134., 3137.,  195., 68520, 20250421104500)
 (3137., 3139., 3136., 3137.,  535., 68767, 20250421110000)
 (3136., 3139., 3134., 3136.,  750., 69152, 20250421111500)
 (3136., 3143., 3134., 3143., 1341., 69805, 20250421113000)
 (3141., 3145., 3141., 3143., 1854., 70470, 20250421134500)
 (3143., 3146., 3140., 3145., 2478., 71016, 20250421140000)
 (3145., 3148., 3141., 3145., 3570., 71988, 20250421141500)
 (3144., 3147., 3142., 3146.,  792., 72057, 20250421143000)
 (3145., 3146., 3139., 3141.,  878., 72482, 20250421144500)
 (3140., 3144., 3139., 3142.,  950., 72776, 20250421150000)]
2025-04-22 15:30:00  INFO  [(3150., 3151., 3138., 3141., 1600., 73260, 20250421211500)
 (3140., 3141., 3139., 3140.,  284., 73304, 20250421213000)
 (3140., 3141., 3137., 3138.,  183., 73341, 20250421214500)
 (3139., 3140., 3138., 3138.,  141., 73365, 20250421220000)
 (3138., 3141., 3136., 3137., 1131., 74090, 20250421221500)
 (3138., 3140., 3137., 3138.,  191., 74169, 20250421223000)
 (3138., 3139., 3136., 3137.,  112., 74194, 20250421224500)
 (3137., 3138., 3133., 3134.,  297., 74208, 20250421230000)
 (3133., 3137., 3129., 3137.,  912., 73981, 20250422091500)
 (3137., 3139., 3134., 3136.,  480., 74073, 20250422093000)
 (3137., 3139., 3135., 3136.,  478., 74192, 20250422094500)
 (3135., 3135., 3126., 3128.,  923., 74395, 20250422100000)
 (3127., 3132., 3124., 3132.,  484., 74366, 20250422101500)
 (3131., 3133., 3125., 3126.,  474., 74274, 20250422104500)
 (3126., 3128., 3124., 3128.,  410., 74376, 20250422110000)
 (3128., 3128., 3123., 3128.,  931., 74652, 20250422111500)
 (3126., 3126., 3121., 3126.,  675., 74547, 20250422113000)
 (3126., 3130., 3124., 3129.,  732., 74744, 20250422134500)
 (3128., 3128., 3123., 3124.,  807., 75194, 20250422140000)
 (3123., 3124., 3119., 3121., 1892., 75933, 20250422141500)
 (3121., 3121., 3104., 3108., 3525., 76755, 20250422143000)
 (3107., 3107., 3097., 3105., 2267., 76946, 20250422144500)
 (3103., 3109., 3103., 3108.,  953., 76819, 20250422150000)]
2025-04-23 15:30:00  INFO  [(3111., 3112., 3106., 3110., 1543., 77275, 20250422211500)
 (3110., 3115., 3108., 3114., 1627., 77584, 20250422213000)
 (3115., 3116., 3112., 3114.,  933., 78039, 20250422214500)
 (3115., 3116., 3113., 3116.,  833., 78419, 20250422220000)
 (3116., 3118., 3115., 3117.,  823., 78640, 20250422221500)
 (3118., 3123., 3117., 3117.,  765., 78752, 20250422223000)
 (3118., 3119., 3115., 3117.,  147., 78698, 20250422224500)
 (3117., 3118., 3110., 3113.,  468., 78760, 20250422230000)
 (3117., 3143., 3117., 3139., 4269., 78744, 20250423091500)
 (3140., 3140., 3130., 3131.,  578., 78731, 20250423093000)
 (3132., 3136., 3127., 3134., 1902., 79029, 20250423094500)
 (3134., 3136., 3130., 3130.,  706., 79410, 20250423100000)
 (3130., 3132., 3127., 3130.,  518., 79474, 20250423101500)
 (3129., 3130., 3126., 3130.,  278., 79450, 20250423104500)
 (3129., 3135., 3128., 3133.,  299., 79463, 20250423110000)
 (3134., 3139., 3132., 3134.,  364., 79489, 20250423111500)
 (3136., 3146., 3133., 3140., 1241., 79415, 20250423113000)
 (3140., 3154., 3140., 3153., 1486., 79151, 20250423134500)
 (3153., 3158., 3152., 3155., 1363., 79326, 20250423140000)
 (3156., 3158., 3152., 3158., 1009., 79813, 20250423141500)
 (3159., 3167., 3159., 3167., 1739., 79840, 20250423143000)
 (3167., 3174., 3166., 3172., 1541., 80252, 20250423144500)
 (3173., 3174., 3166., 3166.,  951., 80346, 20250423150000)]
2025-04-24 15:30:00  INFO  [(3166., 3171., 3161., 3163., 2526., 79803, 20250423211500)
 (3163., 3163., 3161., 3161.,  305., 79757, 20250423213000)
 (3160., 3165., 3160., 3163.,  413., 79753, 20250423214500)
 (3164., 3166., 3161., 3162.,  203., 79751, 20250423220000)
 (3162., 3163., 3159., 3159.,  189., 79791, 20250423221500)
 (3159., 3160., 3157., 3158.,  259., 79842, 20250423223000)
 (3157., 3162., 3157., 3162.,  290., 79820, 20250423224500)
 (3162., 3164., 3160., 3164.,  181., 79812, 20250423230000)
 (3164., 3165., 3153., 3155.,  894., 79848, 20250424091500)
 (3155., 3158., 3153., 3156.,  226., 79871, 20250424093000)
 (3155., 3156., 3151., 3152.,  663., 80022, 20250424094500)
 (3153., 3157., 3153., 3156.,  194., 80064, 20250424100000)
 (3157., 3158., 3153., 3155.,  241., 79983, 20250424101500)
 (3153., 3158., 3153., 3157.,  138., 79971, 20250424104500)
 (3157., 3157., 3152., 3153.,   84., 79971, 20250424110000)
 (3152., 3159., 3147., 3150.,  759., 80093, 20250424111500)
 (3150., 3152., 3143., 3145.,  650., 80129, 20250424113000)
 (3146., 3147., 3136., 3138., 1201., 80178, 20250424134500)
 (3136., 3144., 3136., 3140.,  386., 80209, 20250424140000)
 (3139., 3141., 3131., 3131., 1169., 80353, 20250424141500)
 (3130., 3135., 3128., 3129.,  919., 80478, 20250424143000)
 (3130., 3135., 3129., 3131.,  500., 80459, 20250424144500)
 (3132., 3140., 3130., 3140., 1016., 80505, 20250424150000)]
2025-04-25 15:30:00  INFO  [(3143., 3147., 3137., 3140., 1137., 81020, 20250424211500)
 (3140., 3142., 3139., 3140.,  224., 81082, 20250424213000)
 (3140., 3141., 3131., 3132.,  342., 81172, 20250424214500)
 (3132., 3139., 3131., 3138.,  201., 81214, 20250424220000)
 (3138., 3138., 3132., 3136.,  185., 81239, 20250424221500)
 (3136., 3139., 3134., 3139.,  205., 81205, 20250424223000)
 (3139., 3142., 3137., 3140.,  236., 81220, 20250424224500)
 (3142., 3145., 3136., 3136.,  272., 81166, 20250424230000)
 (3140., 3149., 3140., 3146., 1231., 80885, 20250425091500)
 (3146., 3147., 3141., 3143.,  598., 80901, 20250425093000)
 (3144., 3150., 3142., 3147.,  509., 80948, 20250425094500)
 (3149., 3153., 3146., 3150., 2351., 81645, 20250425100000)
 (3151., 3155., 3147., 3147.,  559., 81527, 20250425101500)
 (3147., 3158., 3145., 3158.,  507., 81424, 20250425104500)
 (3158., 3158., 3152., 3154.,  557., 81448, 20250425110000)
 (3155., 3161., 3154., 3161.,  968., 81185, 20250425111500)
 (3162., 3164., 3157., 3158.,  525., 81164, 20250425113000)
 (3158., 3160., 3153., 3154.,  940., 81456, 20250425134500)
 (3156., 3157., 3139., 3139., 1383., 81312, 20250425140000)
 (3138., 3141., 3131., 3132., 1727., 81556, 20250425141500)
 (3132., 3137., 3131., 3135., 1485., 81571, 20250425143000)
 (3135., 3139., 3132., 3139., 1255., 81434, 20250425144500)
 (3138., 3144., 3135., 3137., 1245., 81467, 20250425150000)]
2025-04-28 15:30:00  INFO  [(3133., 3179., 3133., 3177., 4122., 81889, 20250425211500)
 (3177., 3186., 3169., 3176., 4134., 81428, 20250425213000)
 (3176., 3181., 3173., 3174., 1860., 81355, 20250425214500)
 (3173., 3175., 3168., 3174.,  654., 81356, 20250425220000)
 (3175., 3180., 3174., 3177.,  406., 81392, 20250425221500)
 (3178., 3185., 3175., 3176., 1256., 81592, 20250425223000)
 (3176., 3189., 3176., 3188., 1326., 81861, 20250425224500)
 (3188., 3194., 3185., 3193., 1145., 81815, 20250425230000)
 (3189., 3190., 3168., 3171., 6028., 82422, 20250428091500)
 (3173., 3176., 3166., 3169.,  848., 82698, 20250428093000)
 (3169., 3175., 3166., 3170.,  536., 82529, 20250428094500)
 (3171., 3173., 3167., 3167.,  818., 82293, 20250428100000)
 (3168., 3171., 3163., 3165.,  941., 82054, 20250428101500)
 (3165., 3168., 3154., 3159., 2650., 80920, 20250428104500)
 (3158., 3159., 3150., 3154.,  937., 80888, 20250428110000)
 (3153., 3162., 3151., 3159.,  856., 81016, 20250428111500)
 (3159., 3167., 3157., 3165.,  498., 81204, 20250428113000)
 (3168., 3170., 3163., 3166.,  705., 81248, 20250428134500)
 (3168., 3170., 3164., 3165.,  249., 81238, 20250428140000)
 (3166., 3167., 3159., 3161.,  546., 81182, 20250428141500)
 (3161., 3161., 3154., 3156.,  743., 81126, 20250428143000)
 (3157., 3161., 3154., 3157.,  275., 81151, 20250428144500)
 (3157., 3162., 3155., 3157., 1225., 81096, 20250428150000)]
2025-04-29 15:30:00  INFO  [(3164., 3164., 3150., 3151., 1323., 81260, 20250428211500)
 (3151., 3152., 3146., 3150., 1736., 82139, 20250428213000)
 (3150., 3155., 3149., 3153.,  415., 82255, 20250428214500)
 (3153., 3155., 3152., 3154.,  150., 82299, 20250428220000)
 (3154., 3159., 3154., 3155.,  198., 82375, 20250428221500)
 (3155., 3158., 3155., 3157.,  111., 82370, 20250428223000)
 (3157., 3160., 3154., 3155.,  103., 82363, 20250428224500)
 (3156., 3159., 3155., 3155.,  295., 82379, 20250428230000)
 (3154., 3157., 3141., 3141., 1230., 82370, 20250429091500)
 (3141., 3143., 3130., 3131., 1627., 82604, 20250429093000)
 (3131., 3137., 3127., 3135., 2640., 82584, 20250429094500)
 (3134., 3139., 3134., 3137., 1913., 82659, 20250429100000)
 (3137., 3140., 3133., 3139.,  849., 82673, 20250429101500)
 (3138., 3138., 3131., 3135.,  363., 82678, 20250429104500)
 (3133., 3138., 3132., 3135.,  339., 82718, 20250429110000)
 (3133., 3136., 3132., 3132.,  233., 82773, 20250429111500)
 (3132., 3136., 3127., 3132.,  995., 83064, 20250429113000)
 (3128., 3134., 3128., 3134., 1476., 83282, 20250429134500)
 (3133., 3136., 3132., 3136., 1156., 83862, 20250429140000)
 (3136., 3138., 3122., 3122., 1978., 83710, 20250429141500)
 (3123., 3128., 3122., 3127.,  906., 83688, 20250429143000)
 (3126., 3132., 3126., 3129.,  533., 83597, 20250429144500)
 (3129., 3130., 3122., 3128., 1676., 83351, 20250429150000)]
2025-04-30 15:30:00  INFO  [(3121., 3133., 3121., 3130., 1013., 83349, 20250429211500)
 (3130., 3133., 3129., 3131.,  424., 83587, 20250429213000)
 (3130., 3131., 3128., 3131.,  166., 83533, 20250429214500)
 (3131., 3131., 3127., 3129.,  147., 83468, 20250429220000)
 (3128., 3129., 3125., 3126.,  122., 83449, 20250429221500)
 (3127., 3129., 3125., 3128.,   83., 83433, 20250429223000)
 (3128., 3128., 3125., 3125.,   54., 83419, 20250429224500)
 (3127., 3127., 3122., 3122.,  353., 83351, 20250429230000)
 (3128., 3128., 3114., 3122., 1193., 83631, 20250430091500)
 (3123., 3128., 3122., 3126.,  532., 83558, 20250430093000)
 (3127., 3131., 3125., 3129.,  525., 83504, 20250430094500)
 (3130., 3130., 3123., 3124.,  763., 83387, 20250430100000)
 (3124., 3127., 3119., 3120., 1942., 83622, 20250430101500)
 (3120., 3121., 3117., 3120.,  851., 83552, 20250430104500)
 (3120., 3123., 3118., 3123.,  543., 83561, 20250430110000)
 (3123., 3124., 3118., 3118.,  151., 83554, 20250430111500)
 (3118., 3123., 3118., 3118.,  674., 83410, 20250430113000)
 (3121., 3129., 3119., 3123.,  544., 83304, 20250430134500)
 (3124., 3129., 3122., 3126., 1122., 82924, 20250430140000)
 (3126., 3130., 3124., 3127.,  722., 82735, 20250430141500)
 (3128., 3129., 3124., 3127.,  454., 82679, 20250430143000)
 (3127., 3131., 3126., 3129.,  732., 82778, 20250430144500)
 (3129., 3129., 3120., 3122., 1590., 83497, 20250430150000)]
2025-05-06 15:30:00  INFO  [(3123., 3124., 3118., 3118.,  151., 83554, 20250430111500)
 (3118., 3123., 3118., 3118.,  674., 83410, 20250430113000)
 (3121., 3129., 3119., 3123.,  544., 83304, 20250430134500)
 (3124., 3129., 3122., 3126., 1122., 82924, 20250430140000)
 (3126., 3130., 3124., 3127.,  722., 82735, 20250430141500)
 (3128., 3129., 3124., 3127.,  454., 82679, 20250430143000)
 (3127., 3131., 3126., 3129.,  732., 82778, 20250430144500)
 (3129., 3129., 3120., 3122., 1590., 83497, 20250430150000)
 (3129., 3154., 3129., 3143., 3705., 84236, 20250506091500)
 (3144., 3146., 3134., 3134.,  994., 84426, 20250506093000)
 (3134., 3138., 3117., 3118., 2818., 85497, 20250506094500)
 (3118., 3118., 3102., 3117., 2211., 85597, 20250506100000)
 (3118., 3118., 3100., 3102., 1139., 85663, 20250506101500)
 (3105., 3121., 3102., 3115., 1403., 85378, 20250506104500)
 (3114., 3120., 3113., 3117., 1050., 85212, 20250506110000)
 (3118., 3118., 3111., 3111.,  275., 85218, 20250506111500)
 (3111., 3120., 3109., 3118., 1022., 84963, 20250506113000)
 (3118., 3119., 3109., 3111., 1210., 84872, 20250506134500)
 (3111., 3111., 3104., 3106.,  820., 85106, 20250506140000)
 (3106., 3113., 3104., 3110.,  452., 85193, 20250506141500)
 (3111., 3112., 3108., 3110.,  358., 85273, 20250506143000)
 (3109., 3110., 3105., 3110.,  804., 85242, 20250506144500)
 (3109., 3111., 3107., 3109.,  575., 85068, 20250506150000)]
2025-05-07 15:30:00  INFO  [(3112., 3145., 3112., 3139., 3288., 85349, 20250506211500)
 (3140., 3141., 3135., 3138.,  920., 85628, 20250506213000)
 (3138., 3142., 3137., 3140.,  926., 85680, 20250506214500)
 (3140., 3140., 3135., 3136., 1058., 86111, 20250506220000)
 (3135., 3138., 3135., 3135., 1183., 86520, 20250506221500)
 (3135., 3136., 3133., 3134., 1928., 87041, 20250506223000)
 (3133., 3134., 3128., 3128., 1485., 87668, 20250506224500)
 (3128., 3134., 3128., 3134.,  696., 87722, 20250506230000)
 (3134., 3161., 3134., 3155., 6898., 88008, 20250507091500)
 (3156., 3158., 3141., 3145., 2032., 87697, 20250507093000)
 (3144., 3145., 3131., 3133., 1758., 87828, 20250507094500)
 (3133., 3134., 3130., 3133., 1212., 88258, 20250507100000)
 (3134., 3137., 3132., 3134.,  907., 88530, 20250507101500)
 (3134., 3135., 3116., 3123., 2342., 88882, 20250507104500)
 (3122., 3126., 3121., 3124.,  552., 89011, 20250507110000)
 (3123., 3123., 3112., 3112., 1202., 89407, 20250507111500)
 (3112., 3118., 3109., 3118., 1650., 89888, 20250507113000)
 (3118., 3118., 3113., 3115., 1090., 90441, 20250507134500)
 (3116., 3118., 3115., 3118.,  931., 90832, 20250507140000)
 (3118., 3126., 3116., 3122., 1247., 91161, 20250507141500)
 (3122., 3127., 3121., 3127., 1055., 91390, 20250507143000)
 (3127., 3129., 3124., 3129., 1108., 91616, 20250507144500)
 (3128., 3129., 3124., 3126.,  850., 91473, 20250507150000)]
2025-05-08 15:30:00  INFO  [(3127., 3128., 3117., 3119., 2033.,  91766, 20250507211500)
 (3117., 3120., 3114., 3117., 1297.,  92271, 20250507213000)
 (3116., 3117., 3112., 3114.,  888.,  92757, 20250507214500)
 (3114., 3118., 3112., 3115.,  694.,  93154, 20250507220000)
 (3115., 3117., 3114., 3116.,  533.,  93194, 20250507221500)
 (3115., 3117., 3113., 3116.,  807.,  93509, 20250507223000)
 (3116., 3117., 3114., 3117.,  237.,  93581, 20250507224500)
 (3117., 3121., 3116., 3121.,  561.,  93590, 20250507230000)
 (3119., 3120., 3112., 3115., 1440.,  93945, 20250508091500)
 (3114., 3115., 3111., 3114.,  654.,  94047, 20250508093000)
 (3114., 3124., 3113., 3120., 1143.,  94352, 20250508094500)
 (3120., 3125., 3117., 3123., 1220.,  94859, 20250508100000)
 (3123., 3127., 3116., 3117., 1450.,  95130, 20250508101500)
 (3118., 3119., 3098., 3102., 2825.,  96123, 20250508104500)
 (3101., 3110., 3097., 3109., 3195.,  96514, 20250508110000)
 (3109., 3111., 3103., 3108.,  852.,  96665, 20250508111500)
 (3108., 3108., 3100., 3101., 1479.,  96942, 20250508113000)
 (3101., 3101., 3082., 3083., 4359.,  98094, 20250508134500)
 (3082., 3083., 3072., 3080., 5417.,  98417, 20250508140000)
 (3080., 3089., 3076., 3081., 4112.,  99473, 20250508141500)
 (3082., 3083., 3071., 3072., 2729., 100538, 20250508143000)
 (3072., 3075., 3070., 3073., 1718., 101413, 20250508144500)
 (3073., 3075., 3069., 3074., 1660., 101998, 20250508150000)]
2025-05-09 15:30:00  INFO  [(3069., 3071., 3054., 3060., 7368., 103348, 20250508211500)
 (3060., 3064., 3058., 3060., 1615., 103852, 20250508213000)
 (3060., 3063., 3054., 3057., 2304., 105282, 20250508214500)
 (3057., 3060., 3050., 3053., 2939., 106190, 20250508220000)
 (3053., 3053., 3049., 3052.,  693., 106524, 20250508221500)
 (3052., 3053., 3046., 3051.,  741., 106807, 20250508223000)
 (3052., 3052., 3047., 3049.,  511., 106772, 20250508224500)
 (3049., 3050., 3044., 3045.,  900., 106900, 20250508230000)
 (3048., 3056., 3048., 3050., 3492., 108387, 20250509091500)
 (3050., 3058., 3048., 3053., 1515., 108930, 20250509093000)
 (3054., 3068., 3050., 3068., 4689., 110275, 20250509094500)
 (3068., 3070., 3063., 3064., 2339., 110116, 20250509100000)
 (3064., 3066., 3057., 3058.,  913., 110213, 20250509101500)
 (3059., 3064., 3058., 3060.,  584., 110332, 20250509104500)
 (3060., 3062., 3054., 3056.,  654., 110462, 20250509110000)
 (3056., 3058., 3054., 3056.,  930., 110652, 20250509111500)
 (3056., 3059., 3051., 3055., 2133., 110918, 20250509113000)
 (3055., 3062., 3052., 3054., 1108., 110843, 20250509134500)
 (3052., 3054., 3048., 3051., 1077., 110904, 20250509140000)
 (3050., 3052., 3048., 3048.,  742., 110989, 20250509141500)
 (3048., 3049., 3040., 3041., 2063., 111754, 20250509143000)
 (3041., 3043., 3036., 3036., 1798., 112439, 20250509144500)
 (3036., 3042., 3033., 3037., 2410., 113138, 20250509150000)]
2025-05-12 15:30:00  INFO  [(3043., 3046., 3030., 3035.,  3348., 112902, 20250509211500)
 (3035., 3044., 3033., 3036.,  3916., 114746, 20250509213000)
 (3036., 3042., 3035., 3037.,  1325., 114692, 20250509214500)
 (3039., 3042., 3036., 3041.,   866., 114889, 20250509220000)
 (3040., 3043., 3039., 3041.,   331., 114966, 20250509221500)
 (3040., 3042., 3036., 3036.,   613., 115253, 20250509223000)
 (3037., 3039., 3035., 3035.,   456., 115297, 20250509224500)
 (3036., 3042., 3034., 3041.,   869., 115397, 20250509230000)
 (3062., 3081., 3057., 3067., 10204., 115261, 20250512091500)
 (3068., 3069., 3063., 3064.,  1435., 115100, 20250512093000)
 (3065., 3065., 3052., 3053.,  1348., 115240, 20250512094500)
 (3053., 3057., 3046., 3055.,  2297., 115830, 20250512100000)
 (3056., 3065., 3056., 3065.,  1383., 115805, 20250512101500)
 (3065., 3077., 3062., 3077.,  3059., 115472, 20250512104500)
 (3077., 3078., 3073., 3077.,  1510., 115011, 20250512110000)
 (3078., 3086., 3077., 3081.,  2481., 114817, 20250512111500)
 (3080., 3086., 3080., 3083.,  1304., 114575, 20250512113000)
 (3083., 3096., 3083., 3095.,  1766., 114380, 20250512134500)
 (3095., 3097., 3088., 3092.,  1451., 114394, 20250512140000)
 (3092., 3102., 3091., 3098.,  2322., 114353, 20250512141500)
 (3099., 3100., 3095., 3098.,   768., 114352, 20250512143000)
 (3099., 3101., 3093., 3094.,   645., 114320, 20250512144500)
 (3095., 3105., 3094., 3103.,  3236., 113690, 20250512150000)]
2025-05-13 15:30:00  INFO  [(3112., 3133., 3111., 3132., 6335., 114773, 20250512211500)
 (3131., 3133., 3122., 3122., 2087., 114993, 20250512213000)
 (3123., 3125., 3118., 3118., 1105., 115165, 20250512214500)
 (3119., 3119., 3110., 3112.,  812., 115228, 20250512220000)
 (3112., 3112., 3109., 3111.,  580., 115274, 20250512221500)
 (3111., 3113., 3102., 3103., 1637., 115602, 20250512223000)
 (3103., 3106., 3101., 3106., 1166., 115439, 20250512224500)
 (3104., 3107., 3102., 3106., 1119., 115594, 20250512230000)
 (3103., 3107., 3094., 3101., 2930., 115508, 20250513091500)
 (3102., 3106., 3101., 3104.,  412., 115535, 20250513093000)
 (3103., 3103., 3096., 3101.,  374., 115516, 20250513094500)
 (3102., 3105., 3100., 3103.,  519., 115736, 20250513100000)
 (3103., 3109., 3101., 3107., 1077., 115938, 20250513101500)
 (3106., 3108., 3103., 3105., 1305., 116420, 20250513104500)
 (3105., 3108., 3102., 3106.,  735., 116553, 20250513110000)
 (3105., 3110., 3100., 3104., 1135., 117007, 20250513111500)
 (3105., 3105., 3100., 3103.,  411., 116952, 20250513113000)
 (3102., 3105., 3091., 3094., 1721., 117560, 20250513134500)
 (3093., 3096., 3086., 3094., 1788., 118031, 20250513140000)
 (3093., 3096., 3089., 3095., 1597., 118636, 20250513141500)
 (3094., 3100., 3092., 3098., 2456., 119090, 20250513143000)
 (3098., 3101., 3096., 3100.,  969., 119395, 20250513144500)
 (3100., 3103., 3098., 3102., 1106., 119653, 20250513150000)]
2025-05-14 15:30:00  INFO  [(3106., 3106., 3094., 3097., 1564., 120191, 20250513211500)
 (3097., 3097., 3089., 3092.,  920., 120409, 20250513213000)
 (3092., 3098., 3091., 3096., 1307., 120911, 20250513214500)
 (3096., 3098., 3093., 3094., 1131., 121470, 20250513220000)
 (3093., 3106., 3093., 3106., 2254., 121696, 20250513221500)
 (3106., 3111., 3104., 3109., 2706., 122157, 20250513223000)
 (3108., 3118., 3108., 3117., 1581., 122487, 20250513224500)
 (3117., 3124., 3113., 3118., 2401., 123074, 20250513230000)
 (3128., 3130., 3120., 3125., 6271., 123323, 20250514091500)
 (3124., 3130., 3124., 3126., 1314., 123406, 20250514093000)
 (3127., 3145., 3126., 3139., 4233., 123016, 20250514094500)
 (3139., 3143., 3132., 3133., 1825., 122749, 20250514100000)
 (3134., 3137., 3131., 3132., 2276., 122739, 20250514101500)
 (3131., 3132., 3126., 3130., 1077., 122804, 20250514104500)
 (3130., 3139., 3128., 3136.,  657., 122800, 20250514110000)
 (3136., 3141., 3136., 3138.,  988., 122775, 20250514111500)
 (3138., 3144., 3136., 3139., 1379., 122919, 20250514113000)
 (3140., 3158., 3140., 3157., 5616., 123198, 20250514134500)
 (3157., 3157., 3148., 3148., 1923., 123014, 20250514140000)
 (3148., 3149., 3143., 3147.,  842., 122794, 20250514141500)
 (3147., 3152., 3146., 3151., 1002., 122843, 20250514143000)
 (3150., 3157., 3150., 3156., 2148., 122682, 20250514144500)
 (3157., 3157., 3153., 3155., 3115., 123241, 20250514150000)]
2025-05-15 15:30:00  INFO  [(3155., 3156., 3149., 3153., 4669., 124381, 20250514211500)
 (3153., 3154., 3151., 3152., 2744., 125109, 20250514213000)
 (3152., 3153., 3148., 3150.,  734., 124955, 20250514214500)
 (3150., 3151., 3146., 3148.,  345., 124852, 20250514220000)
 (3148., 3149., 3145., 3148.,  924., 124815, 20250514221500)
 (3149., 3149., 3146., 3148.,  459., 124866, 20250514223000)
 (3148., 3151., 3147., 3148.,  371., 124892, 20250514224500)
 (3148., 3150., 3147., 3148.,  560., 124610, 20250514230000)
 (3145., 3148., 3142., 3146., 1819., 124616, 20250515091500)
 (3146., 3159., 3146., 3156., 2076., 124573, 20250515093000)
 (3156., 3156., 3150., 3152.,  897., 124799, 20250515094500)
 (3152., 3155., 3147., 3150., 1086., 124582, 20250515100000)
 (3150., 3155., 3146., 3152., 1655., 124384, 20250515101500)
 (3152., 3153., 3148., 3150.,  891., 124125, 20250515104500)
 (3150., 3150., 3145., 3147., 1634., 123593, 20250515110000)
 (3146., 3148., 3143., 3145., 1241., 123825, 20250515111500)
 (3145., 3151., 3144., 3149., 2256., 123867, 20250515113000)
 (3148., 3148., 3139., 3142., 1518., 123612, 20250515134500)
 (3144., 3152., 3144., 3147., 2264., 123738, 20250515140000)
 (3147., 3150., 3145., 3148., 1304., 123773, 20250515141500)
 (3148., 3152., 3146., 3147., 1174., 123780, 20250515143000)
 (3147., 3149., 3145., 3147., 1100., 123776, 20250515144500)
 (3146., 3150., 3145., 3150.,  523., 123597, 20250515150000)]
2025-05-16 15:30:00  INFO  [(3147., 3150., 3137., 3140., 2004., 123767, 20250515211500)
 (3140., 3143., 3136., 3138., 1644., 124028, 20250515213000)
 (3138., 3138., 3131., 3134., 1903., 123774, 20250515214500)
 (3135., 3138., 3134., 3137.,  652., 123649, 20250515220000)
 (3137., 3138., 3132., 3136., 2482., 122834, 20250515221500)
 (3137., 3139., 3134., 3134.,  456., 122814, 20250515223000)
 (3134., 3140., 3134., 3140.,  288., 122765, 20250515224500)
 (3140., 3144., 3137., 3137.,  769., 122563, 20250515230000)
 (3131., 3144., 3131., 3138.,  992., 122701, 20250516091500)
 (3139., 3142., 3138., 3140.,  363., 122853, 20250516093000)
 (3141., 3144., 3139., 3139.,  513., 122896, 20250516094500)
 (3139., 3139., 3128., 3133., 1697., 122870, 20250516100000)
 (3132., 3133., 3124., 3132., 1285., 122957, 20250516101500)
 (3132., 3142., 3131., 3139., 1476., 122851, 20250516104500)
 (3139., 3139., 3133., 3133.,  771., 122921, 20250516110000)
 (3133., 3135., 3129., 3134.,  781., 122937, 20250516111500)
 (3133., 3136., 3125., 3125.,  759., 122859, 20250516113000)
 (3125., 3128., 3122., 3123., 3302., 123265, 20250516134500)
 (3122., 3123., 3115., 3116., 1300., 123465, 20250516140000)
 (3116., 3120., 3114., 3119., 1017., 123636, 20250516141500)
 (3120., 3125., 3116., 3119., 1161., 123578, 20250516143000)
 (3119., 3119., 3116., 3117.,  722., 123773, 20250516144500)
 (3117., 3117., 3107., 3107., 2157., 123718, 20250516150000)]
2025-05-19 15:30:00  INFO  [(3104., 3116., 3101., 3116., 1614., 123716, 20250516211500)
 (3116., 3124., 3115., 3116., 1599., 123957, 20250516213000)
 (3116., 3119., 3115., 3116., 1001., 124049, 20250516214500)
 (3117., 3119., 3112., 3118.,  579., 123929, 20250516220000)
 (3118., 3120., 3111., 3112.,  364., 123863, 20250516221500)
 (3112., 3112., 3106., 3111.,  610., 123762, 20250516223000)
 (3111., 3115., 3109., 3115.,  824., 123606, 20250516224500)
 (3114., 3116., 3111., 3116.,  659., 123357, 20250516230000)
 (3113., 3120., 3103., 3105., 1947., 123312, 20250519091500)
 (3105., 3107., 3101., 3106., 2104., 122707, 20250519093000)
 (3106., 3109., 3102., 3105., 1028., 122567, 20250519094500)
 (3105., 3106., 3101., 3102.,  567., 122566, 20250519100000)
 (3102., 3108., 3101., 3102.,  468., 122540, 20250519101500)
 (3102., 3103., 3096., 3098.,  938., 122438, 20250519104500)
 (3097., 3099., 3095., 3097.,  516., 122397, 20250519110000)
 (3098., 3100., 3092., 3095.,  999., 122661, 20250519111500)
 (3095., 3097., 3090., 3093., 1200., 122625, 20250519113000)
 (3093., 3098., 3092., 3096.,  599., 122584, 20250519134500)
 (3096., 3097., 3091., 3092.,  811., 122736, 20250519140000)
 (3091., 3100., 3090., 3096., 2388., 122246, 20250519141500)
 (3097., 3098., 3093., 3095., 1396., 121887, 20250519143000)
 (3095., 3096., 3093., 3093.,  713., 121932, 20250519144500)
 (3094., 3099., 3093., 3097., 1161., 121996, 20250519150000)]
2025-05-20 15:30:00  INFO  [(3097., 3099., 3090., 3093., 1506., 122310, 20250519211500)
 (3093., 3098., 3092., 3093.,  587., 122300, 20250519213000)
 (3093., 3093., 3089., 3089.,  915., 122157, 20250519214500)
 (3090., 3095., 3089., 3090., 1097., 122091, 20250519220000)
 (3090., 3092., 3089., 3090.,  410., 122004, 20250519221500)
 (3090., 3093., 3087., 3089., 2143., 122432, 20250519223000)
 (3089., 3090., 3085., 3087., 1543., 122955, 20250519224500)
 (3087., 3091., 3083., 3083.,  405., 122962, 20250519230000)
 (3086., 3099., 3081., 3098., 4619., 123392, 20250520091500)
 (3098., 3101., 3094., 3098., 1352., 123383, 20250520093000)
 (3098., 3100., 3095., 3097.,  523., 123359, 20250520094500)
 (3097., 3100., 3095., 3097.,  277., 123321, 20250520100000)
 (3099., 3105., 3095., 3096., 1379., 123274, 20250520101500)
 (3096., 3096., 3089., 3092.,  796., 123303, 20250520104500)
 (3092., 3093., 3089., 3092.,  442., 123349, 20250520110000)
 (3093., 3095., 3089., 3094.,  479., 123445, 20250520111500)
 (3094., 3094., 3090., 3091.,  271., 123396, 20250520113000)
 (3093., 3096., 3091., 3091.,  494., 123212, 20250520134500)
 (3092., 3092., 3087., 3089.,  445., 123320, 20250520140000)
 (3088., 3090., 3086., 3087.,  468., 123358, 20250520141500)
 (3086., 3087., 3076., 3082., 2319., 123821, 20250520143000)
 (3082., 3084., 3080., 3081.,  717., 123922, 20250520144500)
 (3082., 3085., 3081., 3083.,  615., 123846, 20250520150000)]
2025-05-21 15:30:00  INFO  [(3088., 3088., 3080., 3085., 1370., 123780, 20250520211500)
 (3085., 3086., 3079., 3081.,  778., 124116, 20250520213000)
 (3081., 3085., 3080., 3085.,  337., 124127, 20250520214500)
 (3085., 3086., 3082., 3083., 1484., 124773, 20250520220000)
 (3083., 3091., 3081., 3091., 2349., 125233, 20250520221500)
 (3090., 3091., 3088., 3090.,  443., 125228, 20250520223000)
 (3090., 3092., 3086., 3087.,  839., 125656, 20250520224500)
 (3087., 3087., 3078., 3082., 2344., 126214, 20250520230000)
 (3082., 3087., 3075., 3084., 1395., 126523, 20250521091500)
 (3083., 3083., 3080., 3081.,  225., 126588, 20250521093000)
 (3081., 3085., 3080., 3085.,  544., 126789, 20250521094500)
 (3085., 3090., 3084., 3084.,  782., 127115, 20250521100000)
 (3084., 3093., 3083., 3092.,  634., 127179, 20250521101500)
 (3092., 3098., 3091., 3095., 2442., 127819, 20250521104500)
 (3096., 3096., 3090., 3090.,  588., 127866, 20250521110000)
 (3091., 3093., 3086., 3088.,  803., 127879, 20250521111500)
 (3089., 3090., 3082., 3082.,  436., 127823, 20250521113000)
 (3084., 3088., 3082., 3085.,  836., 127904, 20250521134500)
 (3085., 3088., 3083., 3086.,  306., 127979, 20250521140000)
 (3086., 3086., 3083., 3086.,  644., 128354, 20250521141500)
 (3086., 3086., 3081., 3084., 1272., 128936, 20250521143000)
 (3084., 3089., 3083., 3088., 1480., 129263, 20250521144500)
 (3088., 3089., 3084., 3085.,  423., 129161, 20250521150000)]
2025-05-22 15:30:00  INFO  [(3085., 3091., 3081., 3085., 2790., 129653, 20250521211500)
 (3085., 3087., 3084., 3085.,  459., 129726, 20250521213000)
 (3085., 3088., 3085., 3087.,  205., 129830, 20250521214500)
 (3087., 3089., 3087., 3089.,  201., 129825, 20250521220000)
 (3090., 3095., 3088., 3089.,  634., 129973, 20250521221500)
 (3089., 3091., 3088., 3089., 1068., 130692, 20250521223000)
 (3089., 3090., 3088., 3089.,  480., 130990, 20250521224500)
 (3090., 3090., 3087., 3089.,  628., 130812, 20250521230000)
 (3087., 3087., 3080., 3082.,  837., 130831, 20250522091500)
 (3082., 3083., 3080., 3082.,  511., 130726, 20250522093000)
 (3081., 3083., 3080., 3083.,  521., 130741, 20250522094500)
 (3083., 3087., 3083., 3085.,  656., 130876, 20250522100000)
 (3086., 3087., 3085., 3086.,  464., 130789, 20250522101500)
 (3085., 3099., 3085., 3092., 1550., 131114, 20250522104500)
 (3093., 3094., 3088., 3091.,  535., 131131, 20250522110000)
 (3091., 3093., 3089., 3090.,  376., 131155, 20250522111500)
 (3090., 3093., 3083., 3084.,  483., 131274, 20250522113000)
 (3084., 3085., 3069., 3071., 4455., 132425, 20250522134500)
 (3071., 3074., 3067., 3068., 1719., 132986, 20250522140000)
 (3068., 3072., 3067., 3071.,  727., 133238, 20250522141500)
 (3071., 3075., 3069., 3071., 1362., 133907, 20250522143000)
 (3072., 3076., 3072., 3073., 1122., 134180, 20250522144500)
 (3073., 3083., 3072., 3081., 1550., 134146, 20250522150000)]
2025-05-23 15:30:00  INFO  [(3081., 3085., 3075., 3081., 2433., 134947, 20250522211500)
 (3082., 3083., 3075., 3076., 1507., 135887, 20250522213000)
 (3076., 3076., 3071., 3073., 2369., 137286, 20250522214500)
 (3073., 3074., 3068., 3069., 3501., 139514, 20250522220000)
 (3068., 3072., 3067., 3072.,  960., 139890, 20250522221500)
 (3072., 3076., 3072., 3074.,  716., 140319, 20250522223000)
 (3074., 3075., 3072., 3073.,  246., 140380, 20250522224500)
 (3074., 3076., 3072., 3073.,  584., 140525, 20250522230000)
 (3075., 3075., 3069., 3072., 1502., 140922, 20250523091500)
 (3072., 3076., 3069., 3075., 1089., 140957, 20250523093000)
 (3076., 3076., 3070., 3072., 1004., 141143, 20250523094500)
 (3072., 3074., 3068., 3069.,  682., 141297, 20250523100000)
 (3070., 3084., 3070., 3078., 2478., 142099, 20250523101500)
 (3076., 3078., 3072., 3075., 3615., 142332, 20250523104500)
 (3075., 3076., 3070., 3072.,  675., 142533, 20250523110000)
 (3073., 3073., 3069., 3071., 1023., 143191, 20250523111500)
 (3071., 3073., 3060., 3060., 4318., 144557, 20250523113000)
 (3062., 3068., 3060., 3065., 1490., 144817, 20250523134500)
 (3066., 3070., 3065., 3068., 1761., 145762, 20250523140000)
 (3068., 3068., 3060., 3061., 3337., 146393, 20250523141500)
 (3061., 3063., 3060., 3061., 2696., 147501, 20250523143000)
 (3061., 3065., 3059., 3060.,  654., 147579, 20250523144500)
 (3060., 3062., 3057., 3059., 1664., 148187, 20250523150000)]
2025-05-26 15:30:00  INFO  [(3055., 3056., 3048., 3052., 2565., 148603, 20250523211500)
 (3053., 3058., 3050., 3056., 1144., 148997, 20250523213000)
 (3056., 3058., 3054., 3054.,  397., 149146, 20250523214500)
 (3055., 3055., 3048., 3051., 2269., 150316, 20250523220000)
 (3052., 3053., 3050., 3051.,  858., 150369, 20250523221500)
 (3052., 3054., 3051., 3052.,  557., 150516, 20250523223000)
 (3052., 3057., 3052., 3056.,  422., 150518, 20250523224500)
 (3054., 3055., 3049., 3050.,  509., 150703, 20250523230000)
 (3047., 3052., 3032., 3033., 5218., 152327, 20250526091500)
 (3034., 3037., 3030., 3032., 1490., 152819, 20250526093000)
 (3031., 3037., 3031., 3035., 1254., 152820, 20250526094500)
 (3036., 3037., 3029., 3030., 1145., 153304, 20250526100000)
 (3029., 3030., 3023., 3024., 2125., 153699, 20250526101500)
 (3025., 3025., 3019., 3019., 3075., 154691, 20250526104500)
 (3019., 3019., 3010., 3015., 4144., 155611, 20250526110000)
 (3014., 3024., 3014., 3024., 1793., 156062, 20250526111500)
 (3025., 3028., 3017., 3021., 2013., 156560, 20250526113000)
 (3021., 3025., 3018., 3020., 1271., 157054, 20250526134500)
 (3019., 3022., 3017., 3021., 1375., 157581, 20250526140000)
 (3021., 3025., 3020., 3021., 1078., 157916, 20250526141500)
 (3021., 3021., 3018., 3020.,  740., 158027, 20250526143000)
 (3020., 3024., 3020., 3021., 1079., 158125, 20250526144500)
 (3020., 3021., 3016., 3020., 1230., 158298, 20250526150000)]
2025-05-27 15:30:00  INFO  [(3015., 3032., 3015., 3025., 3826., 159427, 20250526211500)
 (3025., 3027., 3022., 3023.,  641., 159627, 20250526213000)
 (3024., 3024., 3020., 3020., 1375., 160324, 20250526214500)
 (3021., 3024., 3019., 3023., 1884., 161632, 20250526220000)
 (3022., 3024., 3021., 3022.,  365., 161629, 20250526221500)
 (3022., 3023., 3021., 3022.,  351., 161754, 20250526223000)
 (3023., 3023., 3020., 3022.,  486., 161929, 20250526224500)
 (3022., 3024., 3021., 3023.,  811., 162297, 20250526230000)
 (3024., 3024., 3003., 3008., 6193., 163948, 20250527091500)
 (3007., 3008., 3003., 3005., 4442., 165228, 20250527093000)
 (3004., 3009., 3003., 3005., 2274., 165436, 20250527094500)
 (3005., 3010., 3004., 3007., 2148., 165581, 20250527100000)
 (3006., 3007., 2993., 3000., 3455., 166624, 20250527101500)
 (2999., 3007., 2996., 2999., 3566., 167103, 20250527104500)
 (2999., 3004., 2998., 3001., 1596., 167046, 20250527110000)
 (3000., 3002., 2997., 3001.,  853., 167178, 20250527111500)
 (3000., 3000., 2992., 2997., 1298., 167538, 20250527113000)
 (2998., 2999., 2986., 2987., 5363., 169252, 20250527134500)
 (2987., 2997., 2985., 2996., 3643., 169502, 20250527140000)
 (2995., 3006., 2993., 3005., 2692., 169369, 20250527141500)
 (3005., 3007., 3002., 3003., 2419., 169564, 20250527143000)
 (3002., 3002., 2992., 2993., 1404., 169802, 20250527144500)
 (2993., 2999., 2989., 2998., 2713., 169945, 20250527150000)]
2025-05-28 15:30:00  INFO  [(2998., 3000., 2992., 2993., 4891., 169115, 20250527211500)
 (2993., 2995., 2988., 2991., 2854., 170658, 20250527213000)
 (2991., 2994., 2989., 2993.,  630., 170763, 20250527214500)
 (2993., 2995., 2990., 2992.,  527., 170799, 20250527220000)
 (2992., 2993., 2990., 2991.,  217., 170809, 20250527221500)
 (2992., 2994., 2991., 2993.,  410., 170829, 20250527223000)
 (2993., 2994., 2988., 2989.,  976., 171054, 20250527224500)
 (2989., 2991., 2986., 2987., 1183., 170823, 20250527230000)
 (2986., 2990., 2978., 2987., 4044., 171537, 20250528091500)
 (2987., 2994., 2987., 2993., 1434., 171535, 20250528093000)
 (2994., 2994., 2983., 2984., 1393., 171698, 20250528094500)
 (2985., 2986., 2983., 2985.,  677., 171790, 20250528100000)
 (2985., 2985., 2975., 2976., 2823., 172655, 20250528101500)
 (2976., 2977., 2972., 2977., 2537., 172434, 20250528104500)
 (2976., 2979., 2975., 2976.,  977., 172867, 20250528110000)
 (2975., 2983., 2974., 2981., 1638., 172966, 20250528111500)
 (2981., 2982., 2971., 2974., 1722., 173128, 20250528113000)
 (2974., 2976., 2966., 2968., 4047., 173495, 20250528134500)
 (2968., 2971., 2967., 2970., 1324., 173740, 20250528140000)
 (2970., 2971., 2966., 2968., 1947., 174024, 20250528141500)
 (2968., 2974., 2967., 2973., 2050., 174320, 20250528143000)
 (2974., 2979., 2973., 2975., 1137., 174312, 20250528144500)
 (2975., 2979., 2974., 2978., 1002., 174102, 20250528150000)]
2025-05-29 15:30:00  INFO  [(2978., 2978., 2972., 2974., 3224., 176078, 20250528211500)
 (2974., 2984., 2974., 2978., 2413., 176306, 20250528213000)
 (2977., 2978., 2972., 2973., 2591., 177022, 20250528214500)
 (2973., 2974., 2970., 2970., 1514., 177394, 20250528220000)
 (2970., 2973., 2969., 2972.,  692., 177605, 20250528221500)
 (2972., 2973., 2970., 2971.,  592., 177843, 20250528223000)
 (2971., 2972., 2965., 2966., 1261., 178235, 20250528224500)
 (2966., 2971., 2963., 2967., 3745., 179466, 20250528230000)
 (2978., 2986., 2976., 2978., 3825., 179888, 20250529091500)
 (2977., 2980., 2970., 2971., 1983., 180272, 20250529093000)
 (2970., 2978., 2968., 2977., 2960., 181149, 20250529094500)
 (2978., 2984., 2976., 2983., 4088., 180839, 20250529100000)
 (2984., 2990., 2980., 2983., 2854., 180462, 20250529101500)
 (2983., 2988., 2980., 2988., 1235., 180446, 20250529104500)
 (2987., 2988., 2984., 2985., 1192., 179940, 20250529110000)
 (2984., 2985., 2979., 2982., 1506., 180053, 20250529111500)
 (2982., 2985., 2971., 2973., 2349., 180748, 20250529113000)
 (2974., 2992., 2973., 2987., 3102., 180731, 20250529134500)
 (2987., 2996., 2984., 2995., 4236., 182040, 20250529140000)
 (2994., 2994., 2986., 2990., 2669., 182121, 20250529141500)
 (2991., 2997., 2988., 2993., 3403., 182262, 20250529143000)
 (2994., 2995., 2988., 2989., 2308., 183264, 20250529144500)
 (2989., 2989., 2985., 2985., 1723., 183068, 20250529150000)]
2025-05-30 15:30:00  INFO  [(2982., 2984., 2975., 2979., 2107., 183509, 20250529211500)
 (2979., 2983., 2978., 2978., 1380., 184077, 20250529213000)
 (2977., 2978., 2973., 2976., 1076., 184479, 20250529214500)
 (2976., 2978., 2974., 2976., 1057., 184844, 20250529220000)
 (2976., 2979., 2975., 2976., 2387., 184426, 20250529221500)
 (2976., 2978., 2973., 2975., 1194., 184654, 20250529223000)
 (2975., 2977., 2973., 2976., 1191., 185164, 20250529224500)
 (2975., 2980., 2975., 2980., 1255., 185648, 20250529230000)
 (2979., 2979., 2965., 2967., 1972., 186001, 20250530091500)
 (2968., 2971., 2959., 2961., 2971., 187106, 20250530093000)
 (2962., 2963., 2955., 2958., 3902., 188575, 20250530094500)
 (2958., 2964., 2957., 2960., 2615., 189380, 20250530100000)
 (2960., 2964., 2958., 2962., 1425., 189721, 20250530101500)
 (2962., 2962., 2951., 2961., 3338., 190939, 20250530104500)
 (2961., 2972., 2961., 2967., 3514., 190796, 20250530110000)
 (2967., 2979., 2967., 2973., 4253., 191031, 20250530111500)
 (2974., 2974., 2964., 2968., 1827., 191234, 20250530113000)
 (2971., 2976., 2966., 2976., 1609., 191501, 20250530134500)
 (2976., 2976., 2969., 2970., 4706., 191608, 20250530140000)
 (2971., 2974., 2967., 2972., 1687., 192325, 20250530141500)
 (2971., 2972., 2965., 2967., 1473., 192740, 20250530143000)
 (2967., 2971., 2966., 2968., 1609., 193378, 20250530144500)
 (2968., 2970., 2964., 2967., 2935., 194475, 20250530150000)]
2025-06-03 15:30:00  INFO  [(2967., 2979., 2967., 2973.,  4253., 191031, 20250530111500)
 (2974., 2974., 2964., 2968.,  1827., 191234, 20250530113000)
 (2971., 2976., 2966., 2976.,  1609., 191501, 20250530134500)
 (2976., 2976., 2969., 2970.,  4706., 191608, 20250530140000)
 (2971., 2974., 2967., 2972.,  1687., 192325, 20250530141500)
 (2971., 2972., 2965., 2967.,  1473., 192740, 20250530143000)
 (2967., 2971., 2966., 2968.,  1609., 193378, 20250530144500)
 (2968., 2970., 2964., 2967.,  2935., 194475, 20250530150000)
 (2948., 2952., 2915., 2917., 13674., 198280, 20250603091500)
 (2918., 2921., 2905., 2907., 18306., 202021, 20250603093000)
 (2907., 2911., 2898., 2901., 29368., 199484, 20250603094500)
 (2902., 2907., 2900., 2906., 12734., 201555, 20250603100000)
 (2905., 2911., 2901., 2902.,  8568., 202477, 20250603101500)
 (2901., 2902., 2894., 2899., 13806., 203257, 20250603104500)
 (2899., 2907., 2893., 2904.,  8258., 205511, 20250603110000)
 (2905., 2916., 2904., 2915.,  5749., 204907, 20250603111500)
 (2915., 2922., 2913., 2920.,  7870., 202972, 20250603113000)
 (2921., 2921., 2909., 2911.,  3634., 203292, 20250603134500)
 (2911., 2915., 2907., 2909.,  2976., 203945, 20250603140000)
 (2908., 2910., 2905., 2905.,  1933., 203895, 20250603141500)
 (2906., 2907., 2902., 2904.,  3759., 203376, 20250603143000)
 (2904., 2912., 2903., 2910.,  1992., 203770, 20250603144500)
 (2910., 2912., 2905., 2905.,  3996., 204281, 20250603150000)]
2025-06-04 15:30:00  INFO  [(2907., 2914., 2906., 2909.,  6198., 206058, 20250603211500)
 (2909., 2927., 2907., 2924.,  5536., 206835, 20250603213000)
 (2925., 2929., 2922., 2928.,  5365., 206176, 20250603214500)
 (2928., 2937., 2926., 2937.,  5377., 206822, 20250603220000)
 (2937., 2940., 2931., 2932.,  7097., 207912, 20250603221500)
 (2933., 2938., 2931., 2934.,  2150., 207966, 20250603223000)
 (2933., 2937., 2931., 2937.,  1207., 207977, 20250603224500)
 (2938., 2938., 2935., 2935.,  1636., 207950, 20250603230000)
 (2939., 2939., 2923., 2930.,  6641., 210365, 20250604091500)
 (2930., 2931., 2923., 2924.,  3322., 211160, 20250604093000)
 (2925., 2931., 2924., 2930.,  2757., 212229, 20250604094500)
 (2931., 2932., 2928., 2931.,  1020., 212071, 20250604100000)
 (2931., 2939., 2928., 2936.,  3276., 213360, 20250604101500)
 (2936., 2937., 2928., 2930.,  2673., 213504, 20250604104500)
 (2930., 2930., 2924., 2929.,  2053., 213789, 20250604110000)
 (2929., 2931., 2927., 2930.,  1516., 214182, 20250604111500)
 (2930., 2941., 2929., 2937.,  5974., 215219, 20250604113000)
 (2937., 2938., 2929., 2937.,  1426., 214843, 20250604134500)
 (2936., 2940., 2934., 2939.,  3246., 214708, 20250604140000)
 (2939., 2961., 2939., 2961.,  8776., 213837, 20250604141500)
 (2960., 2978., 2960., 2969., 12519., 215316, 20250604143000)
 (2968., 2975., 2967., 2975.,  7385., 218159, 20250604144500)
 (2975., 2976., 2965., 2970.,  5206., 219120, 20250604150000)]
2025-06-05 15:30:00  INFO  [(2965., 2974., 2963., 2970., 8879., 218141, 20250604211500)
 (2969., 2971., 2965., 2967., 2131., 218058, 20250604213000)
 (2966., 2969., 2965., 2965., 2155., 218305, 20250604214500)
 (2966., 2967., 2963., 2964., 1375., 218447, 20250604220000)
 (2963., 2967., 2961., 2966., 1636., 219034, 20250604221500)
 (2967., 2970., 2967., 2967., 1425., 219525, 20250604223000)
 (2966., 2968., 2962., 2962., 1358., 219969, 20250604224500)
 (2961., 2965., 2961., 2964.,  945., 219719, 20250604230000)
 (2961., 2964., 2955., 2962., 6495., 220787, 20250605091500)
 (2963., 2963., 2957., 2961., 1451., 221240, 20250605093000)
 (2961., 2963., 2955., 2960., 2275., 222074, 20250605094500)
 (2960., 2962., 2954., 2955., 1131., 222068, 20250605100000)
 (2954., 2957., 2952., 2956., 2029., 222695, 20250605101500)
 (2956., 2956., 2947., 2947., 3044., 222745, 20250605104500)
 (2947., 2951., 2947., 2947., 2073., 222780, 20250605110000)
 (2946., 2951., 2944., 2947., 2838., 222851, 20250605111500)
 (2946., 2946., 2933., 2933., 3826., 222854, 20250605113000)
 (2933., 2941., 2928., 2940., 3466., 222899, 20250605134500)
 (2940., 2942., 2937., 2938., 2009., 223296, 20250605140000)
 (2938., 2943., 2937., 2940., 1339., 223513, 20250605141500)
 (2940., 2947., 2936., 2946., 2438., 222926, 20250605143000)
 (2946., 2949., 2941., 2945., 5696., 223947, 20250605144500)
 (2944., 2953., 2943., 2951., 4730., 224458, 20250605150000)]
2025-06-06 15:30:00  INFO  [(2957., 2966., 2956., 2965., 4683., 225261, 20250605211500)
 (2965., 2984., 2965., 2978., 9504., 228643, 20250605213000)
 (2979., 2982., 2972., 2973., 8071., 229005, 20250605214500)
 (2972., 2974., 2964., 2966., 3126., 229583, 20250605220000)
 (2965., 2973., 2965., 2971., 3648., 229561, 20250605221500)
 (2969., 2973., 2969., 2973., 1190., 229659, 20250605223000)
 (2972., 2975., 2970., 2971.,  958., 229727, 20250605224500)
 (2971., 2993., 2970., 2987., 5624., 229074, 20250605230000)
 (2995., 2999., 2983., 2984., 9239., 228483, 20250606091500)
 (2984., 2988., 2982., 2983., 3191., 227520, 20250606093000)
 (2982., 2987., 2982., 2987., 1622., 227437, 20250606094500)
 (2987., 2988., 2975., 2976., 2534., 227140, 20250606100000)
 (2976., 2980., 2973., 2980., 1910., 227426, 20250606101500)
 (2979., 2984., 2976., 2983., 1060., 227486, 20250606104500)
 (2983., 2987., 2982., 2984., 1322., 227194, 20250606110000)
 (2985., 2986., 2978., 2979., 2217., 226573, 20250606111500)
 (2979., 2981., 2973., 2976., 1820., 226769, 20250606113000)
 (2974., 2975., 2967., 2972., 2520., 226317, 20250606134500)
 (2971., 2979., 2970., 2979., 2983., 226371, 20250606140000)
 (2979., 2979., 2974., 2975., 1088., 226459, 20250606141500)
 (2975., 2975., 2968., 2969., 2020., 227043, 20250606143000)
 (2970., 2973., 2970., 2972.,  346., 227038, 20250606144500)
 (2971., 2973., 2969., 2971., 1123., 226887, 20250606150000)]
2025-06-09 15:30:00  INFO  [(2963., 2972., 2957., 2970., 4433., 227710, 20250606211500)
 (2969., 2974., 2966., 2974., 1386., 227811, 20250606213000)
 (2974., 2978., 2973., 2975., 1731., 227939, 20250606214500)
 (2974., 2976., 2972., 2975.,  972., 228219, 20250606220000)
 (2975., 2976., 2969., 2969.,  835., 228418, 20250606221500)
 (2970., 2970., 2961., 2963., 2125., 228932, 20250606223000)
 (2963., 2964., 2957., 2962., 2365., 229106, 20250606224500)
 (2961., 2964., 2958., 2960., 1824., 228805, 20250606230000)
 (2961., 2969., 2958., 2966., 4103., 228979, 20250609091500)
 (2964., 2968., 2963., 2967., 2253., 230008, 20250609093000)
 (2968., 2970., 2964., 2968.,  710., 230052, 20250609094500)
 (2968., 2969., 2965., 2968., 1229., 230305, 20250609100000)
 (2969., 2981., 2968., 2980., 4466., 231382, 20250609101500)
 (2980., 2982., 2976., 2978., 2510., 230527, 20250609104500)
 (2978., 2981., 2974., 2980.,  728., 230536, 20250609110000)
 (2980., 2984., 2980., 2984., 4150., 231514, 20250609111500)
 (2984., 2986., 2979., 2981., 2787., 230899, 20250609113000)
 (2983., 2984., 2978., 2983., 5582., 231006, 20250609134500)
 (2983., 2989., 2983., 2988., 4814., 230731, 20250609140000)
 (2988., 2988., 2983., 2983., 1369., 230692, 20250609141500)
 (2983., 2983., 2974., 2977., 2255., 230750, 20250609143000)
 (2977., 2978., 2971., 2977., 2115., 230271, 20250609144500)
 (2977., 2981., 2977., 2979., 1315., 230176, 20250609150000)]
2025-06-10 15:30:00  INFO  [(2975., 2983., 2967., 2968., 9848., 229047, 20250609211500)
 (2967., 2970., 2964., 2964., 2264., 229271, 20250609213000)
 (2965., 2966., 2960., 2961., 3061., 229975, 20250609214500)
 (2962., 2964., 2958., 2962., 2855., 228926, 20250609220000)
 (2962., 2967., 2962., 2966., 1202., 229127, 20250609221500)
 (2966., 2967., 2964., 2965.,  491., 229208, 20250609223000)
 (2964., 2966., 2961., 2965., 1069., 229218, 20250609224500)
 (2965., 2970., 2964., 2970., 1317., 228823, 20250609230000)
 (2963., 2967., 2957., 2964., 3751., 229189, 20250610091500)
 (2964., 2969., 2962., 2964., 2062., 228577, 20250610093000)
 (2964., 2970., 2963., 2967., 1872., 228874, 20250610094500)
 (2968., 2976., 2965., 2971., 2928., 228470, 20250610100000)
 (2971., 2979., 2970., 2977., 3327., 228574, 20250610101500)
 (2977., 2980., 2975., 2976., 1257., 228619, 20250610104500)
 (2976., 2983., 2972., 2981., 2145., 228446, 20250610110000)
 (2981., 2982., 2977., 2978., 3607., 229140, 20250610111500)
 (2977., 2979., 2975., 2977.,  543., 229058, 20250610113000)
 (2972., 2976., 2959., 2975., 6557., 229677, 20250610134500)
 (2976., 2977., 2966., 2969., 2782., 230398, 20250610140000)
 (2970., 2976., 2969., 2972.,  977., 230542, 20250610141500)
 (2971., 2974., 2969., 2973., 1470., 231026, 20250610143000)
 (2973., 2974., 2965., 2967., 1328., 231174, 20250610144500)
 (2968., 2972., 2967., 2970., 1912., 231191, 20250610150000)]
2025-06-11 15:30:00  INFO  [(2976., 2983., 2969., 2977., 2821., 231373, 20250610211500)
 (2976., 2976., 2973., 2974., 1348., 231630, 20250610213000)
 (2975., 2977., 2972., 2974., 1508., 231287, 20250610214500)
 (2974., 2978., 2972., 2974., 2108., 231634, 20250610220000)
 (2975., 2976., 2972., 2976., 2069., 232443, 20250610221500)
 (2976., 2976., 2972., 2975.,  763., 232603, 20250610223000)
 (2975., 2979., 2974., 2977., 1879., 233261, 20250610224500)
 (2977., 2978., 2975., 2976., 1565., 233382, 20250610230000)
 (2980., 2989., 2971., 2982., 4202., 234160, 20250611091500)
 (2982., 2984., 2978., 2980., 2483., 233864, 20250611093000)
 (2979., 2985., 2977., 2984., 2495., 233113, 20250611094500)
 (2984., 2989., 2982., 2988., 2362., 233110, 20250611100000)
 (2988., 2989., 2983., 2985., 3287., 231949, 20250611101500)
 (2983., 2984., 2977., 2980., 1961., 232326, 20250611104500)
 (2980., 2981., 2975., 2978., 1387., 232502, 20250611110000)
 (2977., 2978., 2973., 2978., 2892., 232487, 20250611111500)
 (2978., 2986., 2977., 2985., 2030., 232125, 20250611113000)
 (2984., 2987., 2983., 2985., 3107., 231528, 20250611134500)
 (2987., 2989., 2984., 2986., 1450., 231202, 20250611140000)
 (2987., 2999., 2987., 2997., 6773., 232566, 20250611141500)
 (2998., 2998., 2988., 2989., 2960., 232395, 20250611143000)
 (2989., 2990., 2985., 2987.,  855., 232376, 20250611144500)
 (2986., 2989., 2983., 2985., 2008., 231970, 20250611150000)]
2025-06-12 15:30:00  INFO  [(2987., 2987., 2980., 2982., 2840., 231406, 20250611211500)
 (2982., 2983., 2976., 2977., 2146., 231150, 20250611213000)
 (2976., 2976., 2974., 2976., 1330., 231215, 20250611214500)
 (2976., 2978., 2975., 2976.,  283., 231132, 20250611220000)
 (2975., 2975., 2972., 2973.,  944., 231195, 20250611221500)
 (2974., 2975., 2972., 2972.,  796., 231481, 20250611223000)
 (2972., 2973., 2969., 2972., 1752., 231616, 20250611224500)
 (2973., 2975., 2971., 2973., 1882., 231651, 20250611230000)
 (2974., 2978., 2972., 2973., 3315., 232242, 20250612091500)
 (2974., 2976., 2972., 2974., 1245., 232297, 20250612093000)
 (2975., 2977., 2973., 2974.,  801., 232320, 20250612094500)
 (2976., 2979., 2970., 2970., 1386., 232571, 20250612100000)
 (2971., 2980., 2971., 2975., 1405., 232160, 20250612101500)
 (2975., 2977., 2972., 2973.,  960., 232062, 20250612104500)
 (2972., 2974., 2971., 2974.,  709., 232304, 20250612110000)
 (2973., 2973., 2964., 2966., 2629., 232473, 20250612111500)
 (2966., 2968., 2962., 2965., 1684., 232220, 20250612113000)
 (2965., 2970., 2961., 2963., 3135., 233077, 20250612134500)
 (2962., 2970., 2961., 2967., 1373., 233189, 20250612140000)
 (2968., 2968., 2963., 2965.,  634., 233401, 20250612141500)
 (2964., 2966., 2961., 2962.,  730., 233608, 20250612143000)
 (2961., 2964., 2960., 2961., 1145., 233723, 20250612144500)
 (2961., 2966., 2960., 2962., 1779., 233271, 20250612150000)]
2025-06-13 15:30:00  INFO  [(2962., 2962., 2951., 2955.,  5451., 233098, 20250612211500)
 (2954., 2955., 2949., 2950.,  2456., 233127, 20250612213000)
 (2950., 2951., 2944., 2950.,  2751., 233445, 20250612214500)
 (2950., 2950., 2941., 2945.,  2653., 232997, 20250612220000)
 (2945., 2945., 2939., 2939.,  2845., 232413, 20250612221500)
 (2939., 2950., 2939., 2946.,  1976., 232546, 20250612223000)
 (2946., 2946., 2944., 2944.,  1238., 232762, 20250612224500)
 (2944., 2950., 2943., 2950.,  2221., 232423, 20250612230000)
 (2945., 2954., 2941., 2952.,  4361., 233331, 20250613091500)
 (2952., 2953., 2940., 2941.,  3332., 234631, 20250613093000)
 (2941., 2946., 2938., 2944.,  1597., 234682, 20250613094500)
 (2946., 2950., 2942., 2947.,  2101., 234681, 20250613100000)
 (2947., 2955., 2944., 2953.,  2796., 234296, 20250613101500)
 (2953., 2976., 2953., 2973., 12428., 237091, 20250613104500)
 (2972., 2980., 2967., 2979.,  8331., 237628, 20250613110000)
 (2980., 2987., 2969., 2972., 10037., 236706, 20250613111500)
 (2972., 2979., 2966., 2971.,  6586., 235253, 20250613113000)
 (2970., 2972., 2966., 2968.,  5085., 234253, 20250613134500)
 (2968., 2974., 2967., 2972.,  3185., 233866, 20250613140000)
 (2973., 2983., 2973., 2977.,  3993., 233604, 20250613141500)
 (2978., 2979., 2972., 2975.,  1733., 232713, 20250613143000)
 (2976., 2976., 2968., 2968.,  1532., 231941, 20250613144500)
 (2969., 2971., 2965., 2968.,  3070., 230681, 20250613150000)]
2025-06-16 15:30:00  INFO  [(2966., 2967., 2953., 2954., 5131., 231636, 20250613211500)
 (2954., 2961., 2953., 2960., 1554., 231975, 20250613213000)
 (2960., 2963., 2958., 2959.,  793., 231905, 20250613214500)
 (2959., 2965., 2958., 2964., 1684., 231042, 20250613220000)
 (2963., 2969., 2962., 2968., 1592., 231240, 20250613221500)
 (2967., 2976., 2965., 2975., 1474., 231115, 20250613223000)
 (2975., 2981., 2974., 2976., 2451., 231554, 20250613224500)
 (2977., 2981., 2974., 2980., 2554., 231141, 20250613230000)
 (2973., 2981., 2969., 2978., 6481., 231488, 20250616091500)
 (2978., 2979., 2969., 2972., 4775., 232326, 20250616093000)
 (2972., 2981., 2972., 2978., 1493., 232708, 20250616094500)
 (2980., 2981., 2975., 2979., 1363., 232795, 20250616100000)
 (2979., 2985., 2976., 2979., 4444., 231577, 20250616101500)
 (2978., 2982., 2978., 2979., 1704., 231320, 20250616104500)
 (2978., 2981., 2976., 2979., 1082., 231292, 20250616110000)
 (2979., 2981., 2975., 2980., 1058., 231083, 20250616111500)
 (2979., 2982., 2978., 2980., 1126., 230901, 20250616113000)
 (2979., 2982., 2977., 2980., 1653., 230712, 20250616134500)
 (2981., 2986., 2979., 2986., 1757., 230983, 20250616140000)
 (2986., 2988., 2981., 2984., 1376., 230942, 20250616141500)
 (2984., 2988., 2983., 2986., 1020., 230644, 20250616143000)
 (2986., 2989., 2985., 2987., 1895., 231292, 20250616144500)
 (2987., 2988., 2984., 2985., 1728., 231013, 20250616150000)]
2025-06-17 15:30:00  INFO  [(2980., 2988., 2978., 2986., 2337., 230625, 20250616211500)
 (2986., 2988., 2983., 2988.,  876., 230453, 20250616213000)
 (2988., 2990., 2985., 2988., 1933., 230480, 20250616214500)
 (2988., 2989., 2976., 2977., 2869., 231304, 20250616220000)
 (2976., 2980., 2976., 2979., 1001., 231464, 20250616221500)
 (2979., 2980., 2974., 2974.,  885., 231360, 20250616223000)
 (2974., 2977., 2972., 2975., 1196., 231329, 20250616224500)
 (2976., 2980., 2975., 2978., 1537., 230924, 20250616230000)
 (2976., 2982., 2976., 2978., 2129., 230372, 20250617091500)
 (2978., 2982., 2977., 2980.,  584., 230208, 20250617093000)
 (2980., 2982., 2977., 2979.,  691., 230310, 20250617094500)
 (2979., 2984., 2977., 2978., 1250., 230779, 20250617100000)
 (2978., 2982., 2976., 2982.,  608., 230702, 20250617101500)
 (2982., 2982., 2978., 2979.,  507., 230721, 20250617104500)
 (2979., 2980., 2970., 2973., 2553., 231171, 20250617110000)
 (2972., 2978., 2971., 2974., 1286., 231292, 20250617111500)
 (2974., 2977., 2973., 2977.,  477., 231129, 20250617113000)
 (2976., 2976., 2971., 2972., 1684., 230796, 20250617134500)
 (2972., 2975., 2967., 2971., 3388., 230637, 20250617140000)
 (2971., 2972., 2970., 2971.,  625., 230690, 20250617141500)
 (2971., 2976., 2970., 2973.,  911., 230635, 20250617143000)
 (2975., 2975., 2969., 2970.,  625., 230478, 20250617144500)
 (2970., 2974., 2969., 2974., 2333., 230460, 20250617150000)]
2025-06-18 15:30:00  INFO  [(2977., 2979., 2968., 2974., 3556., 231332, 20250617211500)
 (2973., 2978., 2973., 2977., 1524., 231826, 20250617213000)
 (2977., 2977., 2973., 2974.,  919., 232040, 20250617214500)
 (2974., 2979., 2974., 2978.,  953., 232204, 20250617220000)
 (2978., 2980., 2975., 2976.,  542., 232263, 20250617221500)
 (2977., 2978., 2974., 2977., 1021., 232033, 20250617223000)
 (2975., 2980., 2973., 2979., 1086., 231797, 20250617224500)
 (2979., 2980., 2977., 2980.,  671., 231383, 20250617230000)
 (2977., 2990., 2977., 2987., 3733., 231009, 20250618091500)
 (2987., 2992., 2984., 2984., 1653., 230652, 20250618093000)
 (2984., 2986., 2982., 2983.,  803., 230734, 20250618094500)
 (2983., 2984., 2970., 2973., 5099., 230748, 20250618100000)
 (2973., 2976., 2966., 2966., 2683., 231572, 20250618101500)
 (2965., 2973., 2964., 2970., 3163., 232084, 20250618104500)
 (2970., 2975., 2968., 2972., 1413., 232013, 20250618110000)
 (2973., 2974., 2969., 2971., 2263., 232605, 20250618111500)
 (2971., 2980., 2970., 2976., 1153., 232479, 20250618113000)
 (2979., 2981., 2974., 2978., 5218., 231871, 20250618134500)
 (2979., 2980., 2974., 2978., 1698., 231546, 20250618140000)
 (2978., 2980., 2976., 2978., 1757., 231015, 20250618141500)
 (2978., 2983., 2977., 2979., 1287., 230771, 20250618143000)
 (2978., 2979., 2974., 2979.,  898., 230823, 20250618144500)
 (2979., 2981., 2977., 2978., 1931., 230245, 20250618150000)]
2025-06-19 15:30:00  INFO  [(2979., 2990., 2975., 2990., 3864., 230248, 20250618211500)
 (2990., 2992., 2984., 2989., 5150., 230725, 20250618213000)
 (2989., 2990., 2985., 2986., 1968., 231058, 20250618214500)
 (2987., 2987., 2983., 2985., 1274., 231194, 20250618220000)
 (2985., 2987., 2978., 2981., 1992., 231500, 20250618221500)
 (2980., 2982., 2978., 2980., 1040., 231485, 20250618223000)
 (2982., 2982., 2977., 2980.,  614., 231549, 20250618224500)
 (2980., 2983., 2979., 2982.,  810., 231483, 20250618230000)
 (2985., 2985., 2976., 2979., 1855., 231307, 20250619091500)
 (2979., 2984., 2978., 2982., 2884., 230962, 20250619093000)
 (2982., 2982., 2975., 2978., 2347., 231200, 20250619094500)
 (2978., 2981., 2977., 2978.,  373., 231235, 20250619100000)
 (2977., 2979., 2975., 2977.,  738., 231217, 20250619101500)
 (2976., 2979., 2971., 2977., 2466., 231742, 20250619104500)
 (2978., 2979., 2971., 2972., 1396., 232189, 20250619110000)
 (2971., 2976., 2970., 2976.,  861., 232326, 20250619111500)
 (2976., 2976., 2971., 2971.,  670., 232327, 20250619113000)
 (2971., 2976., 2971., 2974.,  644., 232198, 20250619134500)
 (2975., 2977., 2970., 2975., 1633., 231897, 20250619140000)
 (2976., 2976., 2971., 2972.,  710., 231686, 20250619141500)
 (2972., 2978., 2971., 2976., 1553., 231481, 20250619143000)
 (2977., 2979., 2977., 2979.,  869., 231138, 20250619144500)
 (2978., 2980., 2977., 2979., 1551., 230644, 20250619150000)]
2025-06-20 15:30:00  INFO  [(2979., 2985., 2975., 2979., 12106., 227995, 20250619211500)
 (2981., 2981., 2976., 2978.,  1949., 227225, 20250619213000)
 (2978., 2981., 2977., 2979.,   972., 226848, 20250619214500)
 (2979., 2980., 2976., 2978.,  1140., 226657, 20250619220000)
 (2977., 2982., 2976., 2981.,   901., 226692, 20250619221500)
 (2981., 2983., 2979., 2979.,   395., 226617, 20250619223000)
 (2979., 2981., 2978., 2980.,   460., 226526, 20250619224500)
 (2980., 2983., 2979., 2981.,   671., 226507, 20250619230000)
 (2984., 2987., 2975., 2987.,  4341., 226181, 20250620091500)
 (2987., 2989., 2985., 2987.,  2789., 227038, 20250620093000)
 (2987., 2994., 2986., 2993.,  1917., 226907, 20250620094500)
 (2994., 2996., 2988., 2995.,  3873., 227292, 20250620100000)
 (2995., 3003., 2992., 2995.,  7804., 227589, 20250620101500)
 (2995., 2998., 2988., 2993.,  3206., 228949, 20250620104500)
 (2995., 2995., 2987., 2990.,  1566., 229526, 20250620110000)
 (2991., 2992., 2987., 2990.,  1043., 229730, 20250620111500)
 (2991., 2991., 2980., 2982.,  1822., 229912, 20250620113000)
 (2984., 2988., 2983., 2986.,   860., 229702, 20250620134500)
 (2986., 2988., 2983., 2984.,   903., 229610, 20250620140000)
 (2983., 2987., 2982., 2983.,  1044., 229516, 20250620141500)
 (2982., 2984., 2980., 2983.,  1311., 229574, 20250620143000)
 (2982., 2987., 2982., 2985.,  1169., 229508, 20250620144500)
 (2985., 2988., 2984., 2985.,  2748., 229547, 20250620150000)]
2025-06-23 15:30:00  INFO  [(2990., 2990., 2978., 2980., 4988., 229680, 20250620211500)
 (2981., 2985., 2979., 2982., 1330., 229589, 20250620213000)
 (2982., 2985., 2982., 2985.,  641., 229559, 20250620214500)
 (2984., 2987., 2981., 2984.,  858., 229695, 20250620220000)
 (2984., 2987., 2983., 2985., 1764., 230880, 20250620221500)
 (2985., 2986., 2983., 2984.,  772., 231249, 20250620223000)
 (2984., 2987., 2983., 2986., 1180., 231121, 20250620224500)
 (2987., 2992., 2986., 2988.,  962., 231136, 20250620230000)
 (2996., 2999., 2988., 2991., 4840., 231101, 20250623091500)
 (2990., 2992., 2985., 2989., 1112., 231372, 20250623093000)
 (2989., 2990., 2985., 2986.,  802., 231446, 20250623094500)
 (2985., 2986., 2981., 2983., 1849., 232244, 20250623100000)
 (2984., 2988., 2983., 2987., 1632., 232894, 20250623101500)
 (2987., 2989., 2985., 2989.,  905., 232760, 20250623104500)
 (2988., 2989., 2986., 2989.,  635., 232637, 20250623110000)
 (2988., 2990., 2987., 2989., 1838., 233508, 20250623111500)
 (2989., 2991., 2985., 2986., 2084., 233104, 20250623113000)
 (2986., 2992., 2985., 2992., 2286., 232947, 20250623134500)
 (2992., 2994., 2990., 2993., 2719., 233451, 20250623140000)
 (2993., 2995., 2991., 2992.,  959., 233249, 20250623141500)
 (2992., 2992., 2989., 2991., 1220., 233549, 20250623143000)
 (2992., 2993., 2987., 2991., 1031., 233273, 20250623144500)
 (2991., 2992., 2988., 2991., 1244., 232996, 20250623150000)]
2025-06-24 15:30:00  INFO  [(2991., 2993., 2987., 2990., 2828., 233001, 20250623211500)
 (2990., 2994., 2989., 2993., 1352., 233119, 20250623213000)
 (2992., 2994., 2991., 2992.,  340., 233192, 20250623214500)
 (2993., 2996., 2992., 2994., 2567., 234117, 20250623220000)
 (2995., 2996., 2992., 2993., 4573., 235363, 20250623221500)
 (2994., 2996., 2993., 2996., 2476., 236308, 20250623223000)
 (2997., 2997., 2995., 2996., 1882., 237029, 20250623224500)
 (2997., 3006., 2996., 3005., 4284., 237624, 20250623230000)
 (2999., 2999., 2987., 2991., 5359., 237648, 20250624091500)
 (2990., 2993., 2988., 2992., 1843., 237820, 20250624093000)
 (2992., 2994., 2979., 2982., 4565., 239514, 20250624094500)
 (2980., 2984., 2976., 2982., 5269., 239745, 20250624100000)
 (2982., 2984., 2977., 2983., 2404., 240169, 20250624101500)
 (2983., 2991., 2981., 2991., 2788., 239841, 20250624104500)
 (2991., 2993., 2987., 2988., 3346., 239960, 20250624110000)
 (2988., 2991., 2988., 2990., 1030., 240199, 20250624111500)
 (2989., 2989., 2981., 2984., 2897., 240215, 20250624113000)
 (2982., 2991., 2981., 2989., 1462., 240223, 20250624134500)
 (2989., 2990., 2984., 2985., 1643., 240408, 20250624140000)
 (2986., 2987., 2983., 2984.,  832., 240573, 20250624141500)
 (2983., 2985., 2980., 2981., 2575., 241634, 20250624143000)
 (2981., 2983., 2973., 2976., 6055., 243951, 20250624144500)
 (2976., 2979., 2975., 2977., 2405., 244534, 20250624150000)]
2025-06-25 15:30:00  INFO  [(2970., 2980., 2967., 2968., 7554., 244760, 20250624211500)
 (2967., 2972., 2965., 2972., 8297., 243380, 20250624213000)
 (2972., 2976., 2970., 2974., 7313., 242718, 20250624214500)
 (2974., 2979., 2972., 2975., 7581., 242566, 20250624220000)
 (2974., 2976., 2973., 2976.,  675., 242714, 20250624221500)
 (2975., 2977., 2974., 2976.,  962., 242527, 20250624223000)
 (2976., 2978., 2974., 2977., 2331., 242269, 20250624224500)
 (2975., 2977., 2973., 2976., 2103., 241540, 20250624230000)
 (2975., 2977., 2973., 2975., 2537., 241656, 20250625091500)
 (2975., 2976., 2969., 2969., 2009., 241971, 20250625093000)
 (2969., 2975., 2969., 2969., 1788., 242218, 20250625094500)
 (2969., 2972., 2969., 2971., 1196., 242468, 20250625100000)
 (2970., 2974., 2968., 2973., 2037., 242680, 20250625101500)
 (2973., 2979., 2972., 2974., 4399., 243214, 20250625104500)
 (2974., 2976., 2973., 2974.,  875., 243112, 20250625110000)
 (2974., 2978., 2972., 2976., 1779., 242726, 20250625111500)
 (2976., 2978., 2972., 2975., 1278., 242570, 20250625113000)
 (2975., 2976., 2970., 2970., 1233., 242794, 20250625134500)
 (2970., 2976., 2966., 2974., 4996., 243156, 20250625140000)
 (2975., 2978., 2970., 2976., 2392., 242985, 20250625141500)
 (2975., 2985., 2974., 2982., 4753., 243276, 20250625143000)
 (2982., 2982., 2977., 2979., 1441., 243273, 20250625144500)
 (2979., 2982., 2976., 2978., 3281., 242989, 20250625150000)]
2025-06-26 15:30:00  INFO  [(2978., 2982., 2975., 2980., 2160., 243028, 20250625211500)
 (2981., 2981., 2976., 2977., 1172., 242954, 20250625213000)
 (2976., 2977., 2973., 2974., 1869., 243571, 20250625214500)
 (2973., 2975., 2970., 2971., 1850., 243992, 20250625220000)
 (2971., 2971., 2968., 2969., 1895., 244229, 20250625221500)
 (2968., 2975., 2968., 2972., 1667., 244342, 20250625223000)
 (2973., 2975., 2971., 2972.,  478., 244348, 20250625224500)
 (2972., 2975., 2971., 2973.,  569., 244287, 20250625230000)
 (2973., 2976., 2972., 2976., 1368., 244659, 20250626091500)
 (2976., 2976., 2972., 2975., 2414., 246132, 20250626093000)
 (2975., 2979., 2973., 2975., 1160., 246159, 20250626094500)
 (2975., 2980., 2975., 2975., 1265., 246090, 20250626100000)
 (2976., 2976., 2971., 2971., 1491., 245891, 20250626101500)
 (2972., 2974., 2971., 2972., 1098., 245899, 20250626104500)
 (2972., 2974., 2971., 2972.,  971., 245743, 20250626110000)
 (2971., 2973., 2965., 2967., 2420., 246253, 20250626111500)
 (2966., 2969., 2958., 2961., 7252., 249187, 20250626113000)
 (2962., 2976., 2957., 2970., 7263., 249037, 20250626134500)
 (2970., 2974., 2969., 2970., 1312., 249026, 20250626140000)
 (2970., 2974., 2967., 2973., 2259., 249336, 20250626141500)
 (2973., 2977., 2972., 2977., 1441., 249546, 20250626143000)
 (2977., 2978., 2973., 2975., 1589., 249866, 20250626144500)
 (2975., 2981., 2975., 2978., 5234., 249567, 20250626150000)]
2025-06-27 15:30:00  INFO  [(2983., 2985., 2976., 2980., 6859., 249732, 20250626211500)
 (2979., 2982., 2979., 2981., 1209., 249701, 20250626213000)
 (2981., 2988., 2981., 2987., 2461., 249279, 20250626214500)
 (2988., 2988., 2985., 2986., 1885., 249291, 20250626220000)
 (2986., 2995., 2986., 2994., 3077., 249224, 20250626221500)
 (2995., 2999., 2993., 2997., 3799., 250005, 20250626223000)
 (2998., 2998., 2993., 2995., 1595., 250015, 20250626224500)
 (2996., 2996., 2992., 2993., 1090., 249964, 20250626230000)
 (3000., 3008., 2992., 3007., 8058., 250545, 20250627091500)
 (3007., 3010., 3001., 3003., 5028., 251032, 20250627093000)
 (3003., 3006., 2999., 3002., 1972., 251017, 20250627094500)
 (3003., 3004., 2999., 3000., 1680., 251173, 20250627100000)
 (3001., 3005., 3000., 3005., 1840., 251295, 20250627101500)
 (3004., 3007., 2999., 3000., 2146., 251250, 20250627104500)
 (3001., 3003., 2999., 3002., 1337., 251254, 20250627110000)
 (3003., 3004., 2998., 2998., 2695., 251664, 20250627111500)
 (2998., 3001., 2996., 2997., 2119., 251750, 20250627113000)
 (2996., 3001., 2995., 2999., 1796., 251944, 20250627134500)
 (3000., 3002., 2999., 3000., 1721., 252409, 20250627140000)
 (3002., 3004., 3000., 3003., 1470., 252273, 20250627141500)
 (3004., 3004., 3000., 3003., 1887., 252365, 20250627143000)
 (3003., 3005., 3001., 3004., 3146., 253381, 20250627144500)
 (3006., 3008., 3002., 3005., 4059., 254213, 20250627150000)]
2025-06-30 15:30:00  INFO  [(3009., 3023., 3004., 3018., 7284., 254839, 20250627211500)
 (3019., 3027., 3018., 3024., 4078., 255786, 20250627213000)
 (3025., 3027., 3022., 3025., 2190., 255903, 20250627214500)
 (3025., 3030., 3024., 3030., 3364., 255321, 20250627220000)
 (3030., 3035., 3028., 3029., 4570., 255819, 20250627221500)
 (3029., 3037., 3028., 3035., 6902., 257874, 20250627223000)
 (3036., 3036., 3030., 3032., 4669., 257949, 20250627224500)
 (3033., 3037., 3032., 3037., 4840., 257496, 20250627230000)
 (3028., 3035., 3028., 3029., 6619., 256456, 20250630091500)
 (3028., 3033., 3024., 3025., 6349., 257076, 20250630093000)
 (3026., 3028., 3025., 3026., 5670., 256915, 20250630094500)
 (3027., 3027., 3014., 3014., 5793., 255696, 20250630100000)
 (3015., 3019., 3013., 3017., 4179., 255996, 20250630101500)
 (3017., 3019., 3014., 3017., 2817., 255881, 20250630104500)
 (3018., 3019., 3011., 3013., 4821., 255599, 20250630110000)
 (3012., 3015., 3010., 3014., 1951., 255759, 20250630111500)
 (3014., 3023., 3014., 3020., 2987., 256380, 20250630113000)
 (3019., 3023., 3018., 3022., 3076., 256368, 20250630134500)
 (3021., 3022., 3017., 3021., 1713., 256230, 20250630140000)
 (3021., 3026., 3020., 3025., 2319., 256692, 20250630141500)
 (3025., 3026., 3020., 3021., 1710., 256553, 20250630143000)
 (3022., 3022., 3017., 3020., 2138., 257233, 20250630144500)
 (3019., 3023., 3014., 3015., 4967., 257558, 20250630150000)]
2025-07-01 15:30:00  INFO  [(3015., 3015., 3005., 3008., 5853., 257718, 20250630211500)
 (3008., 3009., 3005., 3006., 2455., 257867, 20250630213000)
 (3006., 3008., 3005., 3008., 1639., 257800, 20250630214500)
 (3007., 3009., 3006., 3009., 1360., 258025, 20250630220000)
 (3008., 3009., 3005., 3006., 1022., 257939, 20250630221500)
 (3006., 3008., 3005., 3008.,  580., 257878, 20250630223000)
 (3007., 3008., 3004., 3004.,  818., 257728, 20250630224500)
 (3004., 3008., 3003., 3006., 1046., 257360, 20250630230000)
 (3006., 3008., 3000., 3002., 3254., 256509, 20250701091500)
 (3002., 3002., 2996., 2998., 3118., 256278, 20250701093000)
 (2999., 3001., 2994., 3000., 2465., 256089, 20250701094500)
 (3000., 3006., 2998., 3003., 2364., 256286, 20250701100000)
 (3002., 3005., 2999., 3001., 1400., 256005, 20250701101500)
 (3001., 3003., 2997., 3002., 1509., 256052, 20250701104500)
 (3002., 3005., 2998., 3000., 1962., 255867, 20250701110000)
 (3000., 3001., 2997., 3000., 1038., 255513, 20250701111500)
 (2999., 3008., 2996., 3006., 2455., 255638, 20250701113000)
 (3005., 3011., 3002., 3006., 3535., 255823, 20250701134500)
 (3006., 3009., 3005., 3007., 1791., 256369, 20250701140000)
 (3007., 3009., 3005., 3009.,  807., 256315, 20250701141500)
 (3009., 3012., 3005., 3011., 2954., 256875, 20250701143000)
 (3011., 3014., 3009., 3012., 3004., 256841, 20250701144500)
 (3011., 3018., 3010., 3016., 3643., 256918, 20250701150000)]
2025-07-02 15:30:00  INFO  [(3011., 3030., 3011., 3026., 13056., 259234, 20250701211500)
 (3025., 3033., 3025., 3030.,  5563., 259576, 20250701213000)
 (3030., 3033., 3027., 3032.,  5403., 259509, 20250701214500)
 (3031., 3035., 3030., 3031.,  2094., 259744, 20250701220000)
 (3031., 3032., 3026., 3028.,  1691., 259665, 20250701221500)
 (3029., 3030., 3026., 3027.,  1300., 259786, 20250701223000)
 (3028., 3031., 3026., 3027.,  1457., 259468, 20250701224500)
 (3027., 3028., 3022., 3026.,  2194., 258523, 20250701230000)
 (3031., 3031., 3022., 3029.,  3044., 258808, 20250702091500)
 (3030., 3032., 3028., 3031.,  2696., 258521, 20250702093000)
 (3030., 3031., 3027., 3030.,  1388., 258803, 20250702094500)
 (3028., 3031., 3027., 3028.,   839., 258511, 20250702100000)
 (3028., 3030., 3024., 3027.,  3984., 258302, 20250702101500)
 (3028., 3039., 3028., 3037.,  5111., 258541, 20250702104500)
 (3037., 3046., 3035., 3046.,  5865., 259714, 20250702110000)
 (3046., 3049., 3042., 3046., 17936., 265235, 20250702111500)
 (3046., 3049., 3042., 3048.,  4988., 266753, 20250702113000)
 (3048., 3069., 3048., 3063., 18025., 270446, 20250702134500)
 (3063., 3067., 3060., 3062.,  3836., 271025, 20250702140000)
 (3062., 3067., 3060., 3066.,  3103., 271647, 20250702141500)
 (3066., 3072., 3062., 3069.,  4667., 272931, 20250702143000)
 (3069., 3078., 3069., 3078.,  6761., 275094, 20250702144500)
 (3078., 3085., 3076., 3079., 10364., 277684, 20250702150000)]
2025-07-03 15:30:00  INFO  [(3082., 3092., 3081., 3088., 18538., 282845, 20250702211500)
 (3088., 3091., 3079., 3080.,  7978., 281236, 20250702213000)
 (3080., 3081., 3076., 3076.,  2091., 281567, 20250702214500)
 (3077., 3080., 3076., 3080.,  1013., 281686, 20250702220000)
 (3080., 3081., 3077., 3078.,   704., 281639, 20250702221500)
 (3078., 3084., 3077., 3082.,  2257., 282426, 20250702223000)
 (3083., 3087., 3081., 3086.,  3005., 282510, 20250702224500)
 (3085., 3086., 3075., 3078.,  6266., 280739, 20250702230000)
 (3078., 3082., 3074., 3079.,  3636., 280205, 20250703091500)
 (3079., 3081., 3074., 3077.,  6343., 278874, 20250703093000)
 (3077., 3077., 3069., 3070.,  4402., 278303, 20250703094500)
 (3070., 3072., 3068., 3071.,  1677., 278723, 20250703100000)
 (3071., 3074., 3066., 3068.,  2151., 278898, 20250703101500)
 (3069., 3071., 3066., 3067.,  1618., 278515, 20250703104500)
 (3066., 3071., 3066., 3067.,  1516., 278455, 20250703110000)
 (3068., 3072., 3066., 3070.,  5759., 278513, 20250703111500)
 (3070., 3073., 3067., 3072.,  4847., 279548, 20250703113000)
 (3072., 3086., 3070., 3084.,  6225., 280150, 20250703134500)
 (3084., 3085., 3079., 3085.,  2900., 280264, 20250703140000)
 (3084., 3092., 3083., 3087.,  6020., 281133, 20250703141500)
 (3087., 3103., 3087., 3099., 11817., 283980, 20250703143000)
 (3100., 3100., 3093., 3096.,  8294., 282778, 20250703144500)
 (3095., 3098., 3090., 3090.,  3493., 282805, 20250703150000)]
2025-07-04 15:30:00  INFO  [(3090., 3099., 3084., 3095., 8286., 282032, 20250703211500)
 (3094., 3105., 3094., 3102., 5659., 282622, 20250703213000)
 (3102., 3104., 3098., 3101., 2520., 282788, 20250703214500)
 (3101., 3104., 3099., 3102., 3523., 283076, 20250703220000)
 (3101., 3108., 3101., 3102., 2965., 283510, 20250703221500)
 (3102., 3103., 3100., 3101., 1042., 283573, 20250703223000)
 (3101., 3103., 3097., 3102., 1607., 283429, 20250703224500)
 (3102., 3106., 3100., 3103.,  941., 283502, 20250703230000)
 (3104., 3112., 3102., 3109., 3074., 284104, 20250704091500)
 (3110., 3112., 3101., 3104., 5508., 285419, 20250704093000)
 (3104., 3105., 3100., 3100., 2748., 285548, 20250704094500)
 (3099., 3102., 3097., 3102., 2259., 285558, 20250704100000)
 (3102., 3111., 3102., 3106., 5141., 284846, 20250704101500)
 (3105., 3108., 3102., 3107., 2680., 283802, 20250704104500)
 (3107., 3108., 3099., 3099., 1377., 284156, 20250704110000)
 (3100., 3101., 3094., 3097., 4439., 283517, 20250704111500)
 (3097., 3103., 3095., 3102., 2220., 283343, 20250704113000)
 (3103., 3111., 3102., 3104., 6414., 283423, 20250704134500)
 (3103., 3104., 3098., 3099., 3001., 283614, 20250704140000)
 (3099., 3100., 3092., 3095., 5284., 283618, 20250704141500)
 (3095., 3099., 3093., 3096., 2527., 283443, 20250704143000)
 (3096., 3098., 3093., 3096., 2215., 283507, 20250704144500)
 (3095., 3095., 3090., 3093., 3648., 282469, 20250704150000)]
2025-07-07 15:30:00  INFO  [(3088., 3097., 3088., 3093., 4595., 282239, 20250704211500)
 (3092., 3093., 3088., 3089., 2240., 282249, 20250704213000)
 (3090., 3095., 3089., 3094., 1672., 282026, 20250704214500)
 (3094., 3095., 3092., 3094.,  691., 281885, 20250704220000)
 (3093., 3099., 3093., 3098., 2421., 281904, 20250704221500)
 (3098., 3103., 3097., 3103., 1241., 282080, 20250704223000)
 (3103., 3104., 3097., 3101., 1975., 282186, 20250704224500)
 (3102., 3104., 3100., 3101., 3200., 281830, 20250704230000)
 (3100., 3100., 3090., 3095., 5075., 281234, 20250707091500)
 (3095., 3098., 3087., 3087., 3794., 281305, 20250707093000)
 (3087., 3090., 3081., 3083., 5460., 280831, 20250707094500)
 (3082., 3089., 3081., 3084., 2260., 281036, 20250707100000)
 (3084., 3087., 3082., 3087., 1343., 280555, 20250707101500)
 (3085., 3087., 3082., 3084., 1335., 280322, 20250707104500)
 (3084., 3086., 3080., 3081., 2168., 280095, 20250707110000)
 (3082., 3084., 3079., 3084., 3914., 280291, 20250707111500)
 (3084., 3084., 3077., 3077., 3686., 280546, 20250707113000)
 (3077., 3081., 3074., 3075., 3822., 280521, 20250707134500)
 (3075., 3078., 3073., 3074., 1700., 280415, 20250707140000)
 (3073., 3076., 3071., 3072., 3099., 280476, 20250707141500)
 (3072., 3075., 3070., 3074., 2856., 281242, 20250707143000)
 (3074., 3079., 3074., 3079., 2052., 281799, 20250707144500)
 (3079., 3082., 3078., 3080., 2232., 281449, 20250707150000)]
2025-07-08 15:30:00  INFO  [(3085., 3085., 3070., 3074., 6108., 281503, 20250707211500)
 (3075., 3080., 3074., 3078., 4599., 282066, 20250707213000)
 (3079., 3079., 3076., 3078., 1344., 282444, 20250707214500)
 (3078., 3084., 3077., 3081., 1587., 282583, 20250707220000)
 (3080., 3082., 3077., 3080.,  607., 282596, 20250707221500)
 (3080., 3083., 3079., 3079., 1074., 282506, 20250707223000)
 (3080., 3080., 3076., 3078.,  788., 282589, 20250707224500)
 (3078., 3079., 3076., 3076.,  799., 282459, 20250707230000)
 (3076., 3078., 3073., 3075., 1767., 282549, 20250708091500)
 (3074., 3080., 3074., 3078., 1214., 282723, 20250708093000)
 (3079., 3081., 3078., 3079.,  761., 282576, 20250708094500)
 (3079., 3085., 3079., 3082., 1189., 282741, 20250708100000)
 (3083., 3083., 3078., 3082.,  729., 282646, 20250708101500)
 (3082., 3084., 3080., 3084., 1289., 282567, 20250708104500)
 (3083., 3085., 3082., 3082., 1107., 282731, 20250708110000)
 (3083., 3088., 3082., 3085., 1526., 282678, 20250708111500)
 (3085., 3088., 3083., 3086.,  942., 282777, 20250708113000)
 (3086., 3095., 3086., 3090., 3584., 282560, 20250708134500)
 (3091., 3091., 3084., 3085., 1687., 282684, 20250708140000)
 (3085., 3085., 3079., 3084., 3482., 283067, 20250708141500)
 (3084., 3090., 3082., 3089., 3654., 282934, 20250708143000)
 (3090., 3093., 3087., 3088., 1378., 283124, 20250708144500)
 (3087., 3089., 3083., 3083., 1658., 283246, 20250708150000)]
2025-07-09 15:30:00  INFO  [(3093., 3100., 3085., 3094., 9116., 283362, 20250708211500)
 (3094., 3096., 3090., 3093., 5198., 284264, 20250708213000)
 (3094., 3095., 3090., 3091.,  587., 284340, 20250708214500)
 (3092., 3095., 3091., 3094.,  631., 284251, 20250708220000)
 (3094., 3095., 3088., 3088.,  815., 284400, 20250708221500)
 (3089., 3090., 3087., 3088.,  840., 284566, 20250708223000)
 (3088., 3090., 3087., 3089.,  398., 284505, 20250708224500)
 (3089., 3090., 3085., 3089., 1137., 284333, 20250708230000)
 (3088., 3089., 3082., 3085., 2878., 284069, 20250709091500)
 (3084., 3089., 3083., 3088., 1266., 283935, 20250709093000)
 (3088., 3089., 3079., 3080., 2359., 284521, 20250709094500)
 (3081., 3085., 3077., 3083., 2745., 284291, 20250709100000)
 (3084., 3087., 3083., 3086., 1234., 284053, 20250709101500)
 (3088., 3090., 3086., 3087., 1973., 283798, 20250709104500)
 (3087., 3088., 3080., 3081., 1382., 283634, 20250709110000)
 (3081., 3083., 3078., 3082., 2308., 283512, 20250709111500)
 (3082., 3085., 3081., 3083., 1256., 283544, 20250709113000)
 (3084., 3088., 3082., 3087., 5132., 283817, 20250709134500)
 (3087., 3094., 3085., 3092., 4686., 282731, 20250709140000)
 (3092., 3093., 3087., 3088., 2087., 283034, 20250709141500)
 (3089., 3094., 3088., 3092., 1363., 283029, 20250709143000)
 (3092., 3093., 3086., 3088., 4949., 282129, 20250709144500)
 (3088., 3093., 3084., 3087., 2761., 282071, 20250709150000)]
2025-07-10 15:30:00  INFO  [(3090., 3105., 3085., 3102., 15544., 284081, 20250709211500)
 (3103., 3112., 3103., 3108., 10112., 284820, 20250709213000)
 (3109., 3114., 3106., 3113.,  4895., 285594, 20250709214500)
 (3112., 3114., 3108., 3110.,  3440., 285577, 20250709220000)
 (3111., 3112., 3107., 3111.,  3309., 286378, 20250709221500)
 (3111., 3112., 3107., 3108.,  1933., 286517, 20250709223000)
 (3108., 3110., 3107., 3108.,  1462., 286706, 20250709224500)
 (3108., 3109., 3106., 3108.,  1618., 286623, 20250709230000)
 (3110., 3117., 3110., 3111.,  5249., 285769, 20250710091500)
 (3111., 3111., 3105., 3108.,  3084., 285671, 20250710093000)
 (3106., 3111., 3106., 3110.,  1339., 286204, 20250710094500)
 (3111., 3114., 3110., 3112.,  1675., 286535, 20250710100000)
 (3112., 3118., 3112., 3117.,  4963., 286118, 20250710101500)
 (3119., 3128., 3118., 3122., 10695., 285858, 20250710104500)
 (3122., 3125., 3117., 3125.,  5376., 285437, 20250710110000)
 (3125., 3126., 3119., 3121.,  3985., 286662, 20250710111500)
 (3121., 3130., 3121., 3127.,  3147., 287325, 20250710113000)
 (3131., 3142., 3131., 3138., 11781., 288478, 20250710134500)
 (3138., 3143., 3137., 3142.,  6657., 289256, 20250710140000)
 (3142., 3150., 3140., 3149.,  9010., 289687, 20250710141500)
 (3150., 3159., 3148., 3156., 12426., 291416, 20250710143000)
 (3156., 3157., 3151., 3151.,  6425., 291129, 20250710144500)
 (3151., 3155., 3148., 3151., 11373., 290550, 20250710150000)]
2025-07-11 15:30:00  INFO  [(3149., 3161., 3146., 3158., 14163., 291116, 20250710211500)
 (3158., 3159., 3153., 3156.,  3722., 291032, 20250710213000)
 (3155., 3159., 3151., 3152.,  2666., 290805, 20250710214500)
 (3151., 3155., 3148., 3154.,  2278., 290434, 20250710220000)
 (3153., 3156., 3153., 3155.,  3159., 290183, 20250710221500)
 (3156., 3159., 3153., 3153.,  1599., 290023, 20250710223000)
 (3155., 3162., 3154., 3162.,  1823., 290118, 20250710224500)
 (3162., 3170., 3161., 3170.,  5295., 290278, 20250710230000)
 (3170., 3174., 3161., 3171.,  8679., 292062, 20250711091500)
 (3171., 3176., 3164., 3166.,  4807., 292709, 20250711093000)
 (3166., 3168., 3162., 3167.,  2443., 293203, 20250711094500)
 (3167., 3172., 3166., 3171.,  4734., 292603, 20250711100000)
 (3170., 3174., 3166., 3166.,  6407., 292502, 20250711101500)
 (3168., 3178., 3167., 3177., 14476., 295948, 20250711104500)
 (3178., 3178., 3166., 3167.,  4080., 296191, 20250711110000)
 (3167., 3172., 3165., 3166.,  3379., 296709, 20250711111500)
 (3166., 3171., 3164., 3165.,  4334., 296723, 20250711113000)
 (3167., 3169., 3164., 3166.,  4070., 298345, 20250711134500)
 (3166., 3170., 3165., 3167.,  2024., 298120, 20250711140000)
 (3167., 3170., 3161., 3164.,  3896., 298845, 20250711141500)
 (3164., 3170., 3163., 3165.,  3008., 299488, 20250711143000)
 (3165., 3165., 3160., 3161.,  4048., 300254, 20250711144500)
 (3161., 3163., 3157., 3161.,  9514., 302213, 20250711150000)]
2025-07-14 15:30:00  INFO  [(3156., 3169., 3156., 3168., 6752., 302360, 20250711211500)
 (3168., 3169., 3164., 3168., 2315., 302972, 20250711213000)
 (3169., 3169., 3163., 3164., 1561., 303150, 20250711214500)
 (3163., 3164., 3151., 3152., 6446., 304044, 20250711220000)
 (3152., 3156., 3151., 3155., 2228., 304345, 20250711221500)
 (3156., 3158., 3153., 3156.,  979., 304154, 20250711223000)
 (3157., 3160., 3154., 3159., 1141., 303918, 20250711224500)
 (3159., 3161., 3158., 3161., 2003., 303965, 20250711230000)
 (3161., 3162., 3153., 3159., 5611., 305141, 20250714091500)
 (3159., 3167., 3156., 3164., 5890., 305590, 20250714093000)
 (3164., 3165., 3155., 3158., 3085., 306243, 20250714094500)
 (3158., 3160., 3154., 3158., 1606., 306227, 20250714100000)
 (3157., 3159., 3152., 3155., 2101., 306298, 20250714101500)
 (3157., 3158., 3153., 3154., 2417., 305826, 20250714104500)
 (3155., 3160., 3154., 3158., 3200., 305472, 20250714110000)
 (3159., 3161., 3157., 3158., 2682., 305379, 20250714111500)
 (3157., 3162., 3155., 3155., 1863., 305403, 20250714113000)
 (3156., 3164., 3156., 3160., 2821., 305707, 20250714134500)
 (3159., 3163., 3159., 3161., 1852., 305942, 20250714140000)
 (3161., 3166., 3161., 3165., 2102., 305778, 20250714141500)
 (3165., 3168., 3163., 3167., 2342., 306311, 20250714143000)
 (3168., 3173., 3164., 3172., 2625., 306612, 20250714144500)
 (3172., 3173., 3167., 3170., 3627., 307004, 20250714150000)]
2025-07-15 15:30:00  INFO  [(3161., 3173., 3161., 3169., 12729., 309238, 20250714211500)
 (3169., 3171., 3162., 3164., 10501., 312074, 20250714213000)
 (3164., 3167., 3160., 3165.,  4499., 311403, 20250714214500)
 (3166., 3167., 3162., 3163.,  1961., 311847, 20250714220000)
 (3163., 3163., 3159., 3161.,  2479., 312463, 20250714221500)
 (3162., 3163., 3160., 3162.,  1674., 312807, 20250714223000)
 (3162., 3164., 3161., 3162.,   576., 312874, 20250714224500)
 (3162., 3165., 3160., 3163.,  1629., 312686, 20250714230000)
 (3164., 3166., 3162., 3166.,  6254., 313280, 20250715091500)
 (3165., 3171., 3165., 3170.,  3029., 313079, 20250715093000)
 (3170., 3174., 3168., 3173.,  2786., 313343, 20250715094500)
 (3173., 3175., 3170., 3172.,  7704., 315364, 20250715100000)
 (3173., 3176., 3169., 3172., 14219., 319654, 20250715101500)
 (3170., 3172., 3166., 3169., 12016., 323955, 20250715104500)
 (3169., 3169., 3163., 3166.,  5903., 325981, 20250715110000)
 (3167., 3168., 3156., 3159.,  6992., 325593, 20250715111500)
 (3158., 3159., 3152., 3156.,  9456., 325851, 20250715113000)
 (3150., 3154., 3145., 3147., 17504., 327508, 20250715134500)
 (3147., 3156., 3143., 3153., 10205., 326586, 20250715140000)
 (3153., 3160., 3152., 3157.,  8557., 325933, 20250715141500)
 (3158., 3161., 3155., 3159.,  5564., 326118, 20250715143000)
 (3158., 3162., 3157., 3160.,  3890., 326001, 20250715144500)
 (3161., 3161., 3158., 3160.,  4922., 325919, 20250715150000)]
2025-07-16 15:30:00  INFO  [(3167., 3167., 3151., 3153., 9944., 324099, 20250715211500)
 (3154., 3154., 3148., 3150., 3817., 324337, 20250715213000)
 (3150., 3152., 3148., 3149., 1277., 324545, 20250715214500)
 (3148., 3150., 3145., 3147., 2551., 324135, 20250715220000)
 (3147., 3149., 3146., 3149., 1979., 324652, 20250715221500)
 (3148., 3151., 3148., 3149.,  764., 324736, 20250715223000)
 (3150., 3151., 3147., 3148., 1031., 324770, 20250715224500)
 (3148., 3149., 3146., 3149., 1087., 324558, 20250715230000)
 (3146., 3152., 3146., 3151., 6313., 325434, 20250716091500)
 (3152., 3157., 3150., 3153., 6547., 325611, 20250716093000)
 (3154., 3157., 3151., 3155., 2204., 325687, 20250716094500)
 (3155., 3161., 3153., 3159., 2968., 326006, 20250716100000)
 (3160., 3160., 3152., 3152., 2728., 326597, 20250716101500)
 (3153., 3154., 3147., 3152., 3136., 326944, 20250716104500)
 (3152., 3153., 3149., 3150.,  844., 326975, 20250716110000)
 (3151., 3153., 3149., 3152., 2853., 327195, 20250716111500)
 (3152., 3158., 3149., 3156., 5544., 327017, 20250716113000)
 (3157., 3163., 3151., 3152., 5963., 327839, 20250716134500)
 (3153., 3154., 3146., 3150., 5688., 329028, 20250716140000)
 (3149., 3152., 3148., 3150., 1747., 329035, 20250716141500)
 (3149., 3152., 3147., 3147., 1619., 328998, 20250716143000)
 (3148., 3150., 3138., 3140., 5465., 329589, 20250716144500)
 (3141., 3152., 3141., 3150., 8119., 330070, 20250716150000)]
2025-07-17 15:30:00  INFO  [(3151., 3169., 3148., 3166., 14945., 331037, 20250716211500)
 (3166., 3174., 3163., 3171., 10462., 333140, 20250716213000)
 (3173., 3175., 3168., 3173.,  7039., 334855, 20250716214500)
 (3174., 3185., 3172., 3181., 17532., 338403, 20250716220000)
 (3180., 3181., 3172., 3175.,  6675., 338419, 20250716221500)
 (3175., 3176., 3169., 3171.,  7200., 338646, 20250716223000)
 (3171., 3175., 3170., 3173.,  2075., 338165, 20250716224500)
 (3173., 3175., 3172., 3174.,  1654., 337736, 20250716230000)
 (3179., 3181., 3171., 3174.,  5447., 338096, 20250717091500)
 (3175., 3177., 3168., 3169.,  2669., 338018, 20250717093000)
 (3169., 3173., 3164., 3168.,  3738., 338039, 20250717094500)
 (3168., 3170., 3164., 3167.,  6113., 337076, 20250717100000)
 (3168., 3172., 3164., 3170.,  3074., 337049, 20250717101500)
 (3170., 3174., 3169., 3173.,  2827., 337321, 20250717104500)
 (3173., 3173., 3167., 3171.,  2946., 336839, 20250717110000)
 (3172., 3172., 3166., 3167.,  2671., 336983, 20250717111500)
 (3168., 3171., 3160., 3162.,  6674., 336990, 20250717113000)
 (3162., 3174., 3161., 3173.,  5006., 336662, 20250717134500)
 (3174., 3175., 3171., 3174.,  4029., 336553, 20250717140000)
 (3174., 3174., 3167., 3168.,  4361., 336618, 20250717141500)
 (3169., 3175., 3168., 3175.,  3246., 336062, 20250717143000)
 (3174., 3178., 3173., 3177.,  3854., 336011, 20250717144500)
 (3177., 3180., 3175., 3179.,  8165., 334137, 20250717150000)]
2025-07-18 15:30:00  INFO  [(3180., 3204., 3179., 3202., 26679., 333630, 20250717211500)
 (3202., 3205., 3194., 3198., 10327., 333242, 20250717213000)
 (3197., 3200., 3195., 3199.,  3437., 332717, 20250717214500)
 (3199., 3206., 3197., 3204.,  5014., 332842, 20250717220000)
 (3203., 3213., 3200., 3207., 10421., 333432, 20250717221500)
 (3207., 3209., 3202., 3203.,  3840., 333001, 20250717223000)
 (3203., 3210., 3202., 3209.,  1562., 332965, 20250717224500)
 (3208., 3214., 3205., 3208.,  7211., 332138, 20250717230000)
 (3214., 3218., 3206., 3218., 13083., 335023, 20250718091500)
 (3217., 3219., 3213., 3217.,  5381., 335665, 20250718093000)
 (3217., 3223., 3216., 3216.,  6807., 335175, 20250718094500)
 (3216., 3220., 3207., 3208.,  6908., 335013, 20250718100000)
 (3208., 3211., 3205., 3208.,  4765., 334392, 20250718101500)
 (3207., 3208., 3196., 3199., 10396., 333282, 20250718104500)
 (3201., 3207., 3197., 3206.,  7152., 333279, 20250718110000)
 (3205., 3209., 3188., 3191.,  9322., 331181, 20250718111500)
 (3191., 3195., 3187., 3189.,  8396., 331589, 20250718113000)
 (3191., 3193., 3186., 3192.,  5578., 332796, 20250718134500)
 (3192., 3193., 3188., 3189.,  3351., 333056, 20250718140000)
 (3189., 3194., 3188., 3194.,  1835., 332795, 20250718141500)
 (3193., 3195., 3190., 3192.,  3464., 332719, 20250718143000)
 (3192., 3195., 3186., 3192.,  3844., 333450, 20250718144500)
 (3191., 3195., 3190., 3191.,  7896., 334959, 20250718150000)]
2025-07-21 15:30:00  INFO  [(3209., 3231., 3201., 3229., 32778., 343319, 20250718211500)
 (3229., 3230., 3221., 3227., 11134., 344832, 20250718213000)
 (3228., 3234., 3225., 3233.,  8761., 345932, 20250718214500)
 (3233., 3238., 3230., 3237., 11573., 346915, 20250718220000)
 (3238., 3242., 3235., 3237.,  9402., 348498, 20250718221500)
 (3237., 3243., 3236., 3240.,  5724., 348820, 20250718223000)
 (3240., 3245., 3239., 3245.,  5483., 350094, 20250718224500)
 (3244., 3250., 3243., 3249.,  8233., 350695, 20250718230000)
 (3255., 3274., 3252., 3274., 34599., 359381, 20250721091500)
 (3273., 3283., 3267., 3270., 20010., 364018, 20250721093000)
 (3270., 3277., 3264., 3275., 12784., 366614, 20250721094500)
 (3275., 3280., 3269., 3274.,  9364., 369275, 20250721100000)
 (3273., 3273., 3264., 3267., 11243., 369898, 20250721101500)
 (3268., 3272., 3265., 3267.,  7817., 371387, 20250721104500)
 (3267., 3273., 3266., 3268.,  3302., 371468, 20250721110000)
 (3268., 3278., 3267., 3274.,  7309., 372718, 20250721111500)
 (3274., 3281., 3270., 3281.,  5893., 373773, 20250721113000)
 (3278., 3297., 3278., 3287., 27069., 379410, 20250721134500)
 (3287., 3291., 3272., 3274., 24229., 378661, 20250721140000)
 (3272., 3278., 3262., 3267., 12164., 380608, 20250721141500)
 (3267., 3272., 3264., 3271.,  7080., 380158, 20250721143000)
 (3271., 3279., 3271., 3278.,  6963., 380658, 20250721144500)
 (3278., 3280., 3273., 3277.,  5640., 380576, 20250721150000)]
2025-07-22 15:30:00  INFO  [(3277., 3283., 3264., 3281.,  17876., 384824, 20250721211500)
 (3281., 3282., 3271., 3272.,  11132., 384173, 20250721213000)
 (3271., 3277., 3271., 3275.,   2761., 384168, 20250721214500)
 (3275., 3277., 3271., 3274.,   5763., 382456, 20250721220000)
 (3274., 3278., 3273., 3277.,   2994., 382642, 20250721221500)
 (3276., 3282., 3276., 3280.,   2522., 382847, 20250721223000)
 (3280., 3288., 3280., 3285.,   9661., 384783, 20250721224500)
 (3284., 3285., 3281., 3282.,   4706., 386108, 20250721230000)
 (3285., 3288., 3276., 3280.,  11792., 389067, 20250722091500)
 (3279., 3281., 3272., 3279.,  11180., 386975, 20250722093000)
 (3280., 3282., 3277., 3277.,   2938., 387269, 20250722094500)
 (3278., 3285., 3277., 3281.,   4730., 387389, 20250722100000)
 (3281., 3284., 3278., 3280.,   3079., 387227, 20250722101500)
 (3280., 3288., 3279., 3287.,   5613., 388477, 20250722104500)
 (3287., 3294., 3285., 3289.,  10868., 391626, 20250722110000)
 (3290., 3293., 3286., 3291.,   5595., 393790, 20250722111500)
 (3290., 3292., 3280., 3282.,   5916., 393124, 20250722113000)
 (3285., 3393., 3285., 3339., 105406., 409247, 20250722134500)
 (3339., 3339., 3303., 3336.,  40845., 411205, 20250722140000)
 (3336., 3337., 3323., 3335.,  15792., 411996, 20250722141500)
 (3335., 3349., 3333., 3346.,  14999., 411902, 20250722143000)
 (3347., 3370., 3347., 3363.,  23234., 412611, 20250722144500)
 (3362., 3376., 3359., 3367.,  20344., 413101, 20250722150000)]
2025-07-23 15:30:00  INFO  [(3370., 3385., 3358., 3359., 49169., 413863, 20250722211500)
 (3358., 3367., 3346., 3364., 24714., 414860, 20250722213000)
 (3364., 3365., 3340., 3342., 25285., 417278, 20250722214500)
 (3342., 3352., 3340., 3351., 11599., 419298, 20250722220000)
 (3351., 3355., 3344., 3348.,  8889., 421101, 20250722221500)
 (3349., 3358., 3346., 3355.,  6736., 420488, 20250722223000)
 (3354., 3363., 3354., 3360.,  6650., 421366, 20250722224500)
 (3360., 3373., 3358., 3364., 10554., 419107, 20250722230000)
 (3368., 3370., 3339., 3341., 16227., 419416, 20250723091500)
 (3341., 3345., 3335., 3337., 12187., 422185, 20250723093000)
 (3338., 3338., 3325., 3334., 16699., 421849, 20250723094500)
 (3334., 3341., 3326., 3334., 12880., 420850, 20250723100000)
 (3335., 3337., 3330., 3336.,  4778., 420704, 20250723101500)
 (3336., 3337., 3318., 3318., 12660., 421570, 20250723104500)
 (3320., 3325., 3306., 3307., 33239., 421905, 20250723110000)
 (3306., 3312., 3296., 3307., 21927., 421582, 20250723111500)
 (3307., 3322., 3307., 3320., 11332., 421116, 20250723113000)
 (3323., 3323., 3310., 3314., 11230., 422454, 20250723134500)
 (3315., 3315., 3302., 3302.,  8319., 421510, 20250723140000)
 (3303., 3308., 3298., 3304.,  9227., 420578, 20250723141500)
 (3305., 3307., 3296., 3301.,  7633., 420674, 20250723143000)
 (3302., 3307., 3301., 3305.,  7110., 422023, 20250723144500)
 (3305., 3330., 3304., 3324., 17525., 421111, 20250723150000)]
2025-07-24 15:30:00  INFO  [(3329., 3329., 3300., 3313., 28454., 426966, 20250723211500)
 (3313., 3322., 3308., 3319., 10072., 427873, 20250723213000)
 (3320., 3329., 3317., 3328.,  8315., 426640, 20250723214500)
 (3328., 3331., 3315., 3322.,  7599., 427141, 20250723220000)
 (3322., 3325., 3319., 3320.,  3707., 428574, 20250723221500)
 (3320., 3326., 3319., 3323.,  3792., 429462, 20250723223000)
 (3324., 3337., 3312., 3313., 14271., 429561, 20250723224500)
 (3314., 3322., 3312., 3313.,  8843., 428250, 20250723230000)
 (3316., 3318., 3308., 3315.,  9055., 427472, 20250724091500)
 (3315., 3318., 3311., 3315.,  3127., 427553, 20250724093000)
 (3316., 3322., 3315., 3322.,  5344., 426800, 20250724094500)
 (3321., 3325., 3316., 3319.,  3618., 427281, 20250724100000)
 (3319., 3324., 3314., 3321.,  3756., 427219, 20250724101500)
 (3322., 3332., 3322., 3330.,  5970., 427634, 20250724104500)
 (3329., 3333., 3323., 3331.,  4402., 428012, 20250724110000)
 (3331., 3332., 3325., 3331.,  4210., 428781, 20250724111500)
 (3330., 3333., 3325., 3330.,  6330., 429757, 20250724113000)
 (3335., 3350., 3329., 3333., 30482., 432735, 20250724134500)
 (3333., 3349., 3327., 3348., 10673., 433438, 20250724140000)
 (3349., 3359., 3347., 3354., 17321., 436842, 20250724141500)
 (3353., 3368., 3353., 3363., 19263., 441004, 20250724143000)
 (3364., 3387., 3363., 3381., 22609., 446530, 20250724144500)
 (3381., 3382., 3343., 3353., 38960., 445921, 20250724150000)]
2025-07-25 15:30:00  INFO  [(3366., 3380., 3351., 3357., 30206., 444549, 20250724211500)
 (3357., 3367., 3349., 3359., 17849., 446842, 20250724213000)
 (3359., 3371., 3354., 3370., 10886., 447096, 20250724214500)
 (3371., 3374., 3361., 3368., 10663., 447051, 20250724220000)
 (3368., 3369., 3345., 3352., 19134., 447994, 20250724221500)
 (3352., 3369., 3352., 3367.,  8636., 448514, 20250724223000)
 (3367., 3371., 3364., 3368.,  6752., 449531, 20250724224500)
 (3368., 3371., 3362., 3367.,  4242., 447996, 20250724230000)
 (3366., 3369., 3344., 3346., 15313., 447552, 20250725091500)
 (3347., 3358., 3346., 3357.,  6380., 446920, 20250725093000)
 (3357., 3363., 3355., 3358.,  3409., 446855, 20250725094500)
 (3358., 3363., 3356., 3362.,  5913., 449410, 20250725100000)
 (3361., 3367., 3358., 3365.,  6642., 450938, 20250725101500)
 (3364., 3377., 3364., 3375., 10540., 452440, 20250725104500)
 (3376., 3379., 3366., 3369., 14011., 456792, 20250725110000)
 (3369., 3372., 3352., 3360.,  7488., 456480, 20250725111500)
 (3359., 3376., 3357., 3373., 10268., 457915, 20250725113000)
 (3373., 3375., 3358., 3362., 15360., 459109, 20250725134500)
 (3362., 3375., 3356., 3371., 11764., 460513, 20250725140000)
 (3372., 3381., 3370., 3374., 11621., 462307, 20250725141500)
 (3374., 3387., 3374., 3382., 16270., 464767, 20250725143000)
 (3383., 3389., 3380., 3385., 12569., 467553, 20250725144500)
 (3384., 3399., 3384., 3399., 23939., 472628, 20250725150000)]
2025-07-28 15:30:00  INFO  [(3390., 3392., 3345., 3367., 58056., 473431, 20250725211500)
 (3367., 3379., 3364., 3364., 13458., 474166, 20250725213000)
 (3364., 3384., 3364., 3377., 19169., 472204, 20250725214500)
 (3377., 3379., 3365., 3371., 12438., 473180, 20250725220000)
 (3370., 3372., 3345., 3349., 20962., 473026, 20250725221500)
 (3350., 3354., 3336., 3353., 22273., 472360, 20250725223000)
 (3354., 3355., 3330., 3330., 13181., 471130, 20250725224500)
 (3329., 3332., 3300., 3316., 33171., 465997, 20250725230000)
 (3305., 3321., 3270., 3317., 33829., 464322, 20250728091500)
 (3317., 3324., 3313., 3319., 11911., 465051, 20250728093000)
 (3319., 3320., 3308., 3315.,  8002., 465160, 20250728094500)
 (3316., 3322., 3313., 3317.,  6451., 466985, 20250728100000)
 (3317., 3334., 3316., 3330., 12464., 467296, 20250728101500)
 (3329., 3334., 3326., 3329.,  5680., 467710, 20250728104500)
 (3329., 3330., 3322., 3325.,  3692., 468009, 20250728110000)
 (3325., 3327., 3319., 3322.,  3330., 468577, 20250728111500)
 (3322., 3325., 3294., 3301., 21047., 462753, 20250728113000)
 (3307., 3310., 3289., 3291., 27227., 466115, 20250728134500)
 (3292., 3296., 3284., 3290., 16685., 465632, 20250728140000)
 (3289., 3290., 3278., 3280., 13003., 463908, 20250728141500)
 (3279., 3285., 3274., 3280., 15685., 460145, 20250728143000)
 (3279., 3293., 3277., 3291., 13516., 460064, 20250728144500)
 (3291., 3292., 3284., 3289.,  8735., 459131, 20250728150000)]
2025-07-29 15:30:00  INFO  [(3280., 3309., 3280., 3302., 30707., 465326, 20250728211500)
 (3303., 3307., 3296., 3299., 10743., 466634, 20250728213000)
 (3299., 3302., 3292., 3299., 11943., 468522, 20250728214500)
 (3299., 3304., 3296., 3299.,  9419., 471479, 20250728220000)
 (3300., 3307., 3299., 3306., 11594., 473589, 20250728221500)
 (3306., 3307., 3300., 3304.,  3487., 474182, 20250728223000)
 (3304., 3311., 3303., 3310.,  5731., 475002, 20250728224500)
 (3310., 3311., 3302., 3307.,  6824., 474743, 20250728230000)
 (3307., 3310., 3297., 3309.,  9101., 475123, 20250729091500)
 (3308., 3310., 3304., 3308.,  3979., 475451, 20250729093000)
 (3308., 3311., 3304., 3309.,  3022., 475764, 20250729094500)
 (3309., 3316., 3303., 3306., 14434., 478708, 20250729100000)
 (3306., 3308., 3298., 3302., 10627., 480681, 20250729101500)
 (3302., 3318., 3295., 3317., 24430., 486828, 20250729104500)
 (3318., 3345., 3317., 3344., 40719., 494711, 20250729110000)
 (3344., 3357., 3343., 3355., 40733., 506919, 20250729111500)
 (3356., 3367., 3351., 3358., 32995., 515412, 20250729113000)
 (3359., 3378., 3359., 3369., 42581., 527179, 20250729134500)
 (3369., 3380., 3369., 3376., 21289., 533200, 20250729140000)
 (3376., 3383., 3370., 3373., 12335., 534052, 20250729141500)
 (3373., 3386., 3372., 3384., 17998., 537394, 20250729143000)
 (3384., 3385., 3375., 3378., 17493., 537520, 20250729144500)
 (3377., 3386., 3376., 3384., 15165., 536646, 20250729150000)]
2025-07-30 15:30:00  INFO  [(3395., 3415., 3389., 3413., 51446., 547334, 20250729211500)
 (3414., 3417., 3405., 3416., 17657., 551170, 20250729213000)
 (3416., 3428., 3415., 3425., 25613., 556788, 20250729214500)
 (3425., 3427., 3413., 3418., 17673., 557966, 20250729220000)
 (3418., 3424., 3418., 3424.,  7712., 558710, 20250729221500)
 (3424., 3430., 3419., 3420.,  9680., 560946, 20250729223000)
 (3420., 3436., 3420., 3434., 14996., 564387, 20250729224500)
 (3433., 3439., 3432., 3435., 18765., 567987, 20250729230000)
 (3437., 3438., 3415., 3418., 49654., 571845, 20250730091500)
 (3418., 3419., 3396., 3398., 48682., 572407, 20250730093000)
 (3398., 3401., 3392., 3397., 35131., 572613, 20250730094500)
 (3396., 3409., 3394., 3400., 25228., 578981, 20250730100000)
 (3400., 3411., 3394., 3404.,  9909., 579831, 20250730101500)
 (3404., 3411., 3401., 3404., 14906., 581519, 20250730104500)
 (3404., 3414., 3403., 3409., 14866., 582708, 20250730110000)
 (3409., 3410., 3393., 3396., 16729., 582340, 20250730111500)
 (3396., 3402., 3392., 3401.,  9735., 581325, 20250730113000)
 (3400., 3410., 3398., 3404., 12791., 584451, 20250730134500)
 (3404., 3405., 3370., 3387., 40330., 581040, 20250730140000)
 (3387., 3387., 3346., 3353., 48674., 579005, 20250730141500)
 (3353., 3373., 3350., 3370., 25421., 582074, 20250730143000)
 (3370., 3381., 3369., 3369., 18135., 585566, 20250730144500)
 (3370., 3374., 3357., 3371., 11623., 584273, 20250730150000)]
2025-07-31 15:30:00  INFO  [(3355., 3360., 3326., 3332., 68820., 586497, 20250730211500)
 (3331., 3340., 3325., 3335., 22859., 586670, 20250730213000)
 (3335., 3338., 3330., 3331., 10448., 586127, 20250730214500)
 (3331., 3336., 3328., 3334.,  7098., 586753, 20250730220000)
 (3334., 3340., 3333., 3337.,  9593., 589017, 20250730221500)
 (3337., 3338., 3329., 3331.,  7395., 587458, 20250730223000)
 (3331., 3332., 3322., 3330., 16293., 583288, 20250730224500)
 (3330., 3331., 3323., 3325., 12249., 579239, 20250730230000)
 (3321., 3326., 3312., 3321., 29857., 574720, 20250731091500)
 (3322., 3324., 3313., 3318.,  8730., 575274, 20250731093000)
 (3318., 3325., 3314., 3315., 16030., 578147, 20250731094500)
 (3315., 3316., 3307., 3311., 22174., 576563, 20250731100000)
 (3312., 3320., 3309., 3312., 14269., 575934, 20250731101500)
 (3311., 3311., 3294., 3294., 20180., 575232, 20250731104500)
 (3295., 3310., 3292., 3307., 21756., 574329, 20250731110000)
 (3307., 3310., 3302., 3304.,  9463., 573743, 20250731111500)
 (3304., 3306., 3297., 3301., 10239., 572521, 20250731113000)
 (3301., 3301., 3284., 3286., 36782., 573069, 20250731134500)
 (3287., 3294., 3282., 3285., 16839., 575018, 20250731140000)
 (3285., 3286., 3265., 3265., 33503., 573306, 20250731141500)
 (3265., 3267., 3257., 3258., 32624., 569382, 20250731143000)
 (3258., 3260., 3244., 3247., 33127., 569964, 20250731144500)
 (3247., 3266., 3242., 3261., 30141., 568796, 20250731150000)]
2025-08-01 15:30:00  INFO  [(3272., 3278., 3261., 3276., 35210., 563706, 20250731211500)
 (3275., 3279., 3267., 3267., 13306., 564991, 20250731213000)
 (3267., 3274., 3257., 3274., 18213., 564735, 20250731214500)
 (3274., 3277., 3269., 3276.,  6430., 565123, 20250731220000)
 (3276., 3278., 3274., 3276.,  3956., 565557, 20250731221500)
 (3277., 3281., 3272., 3274.,  6419., 565904, 20250731223000)
 (3274., 3276., 3272., 3274.,  3312., 565982, 20250731224500)
 (3275., 3283., 3274., 3282.,  7230., 565623, 20250731230000)
 (3283., 3285., 3276., 3281., 16949., 566782, 20250801091500)
 (3282., 3287., 3277., 3278.,  9982., 567528, 20250801093000)
 (3278., 3284., 3277., 3279.,  5264., 568823, 20250801094500)
 (3279., 3290., 3275., 3289., 10454., 569349, 20250801100000)
 (3288., 3294., 3283., 3285., 11361., 570952, 20250801101500)
 (3283., 3286., 3264., 3273., 17860., 570065, 20250801104500)
 (3272., 3284., 3269., 3280., 11378., 573119, 20250801110000)
 (3279., 3281., 3272., 3274.,  4404., 573674, 20250801111500)
 (3273., 3274., 3260., 3262., 16084., 574901, 20250801113000)
 (3262., 3262., 3252., 3257., 21589., 572395, 20250801134500)
 (3257., 3274., 3257., 3271., 16066., 573272, 20250801140000)
 (3272., 3276., 3263., 3265., 10639., 574527, 20250801141500)
 (3265., 3267., 3256., 3259., 10612., 575418, 20250801143000)
 (3260., 3263., 3247., 3258., 23376., 573192, 20250801144500)
 (3257., 3263., 3253., 3257., 11611., 571091, 20250801150000)]
2025-08-04 15:30:00  INFO  [(3261., 3271., 3258., 3265., 20875., 573591, 20250801211500)
 (3265., 3270., 3262., 3268.,  9085., 575104, 20250801213000)
 (3267., 3271., 3262., 3265.,  7782., 577242, 20250801214500)
 (3266., 3266., 3247., 3251., 15686., 577523, 20250801220000)
 (3251., 3256., 3247., 3254., 11533., 577604, 20250801221500)
 (3255., 3257., 3243., 3246., 12163., 578060, 20250801223000)
 (3247., 3250., 3238., 3240., 13896., 579219, 20250801224500)
 (3239., 3245., 3232., 3233., 14154., 578528, 20250801230000)
 (3233., 3239., 3220., 3228., 41462., 580751, 20250804091500)
 (3228., 3239., 3226., 3232., 14246., 581581, 20250804093000)
 (3233., 3246., 3233., 3240., 14919., 582794, 20250804094500)
 (3241., 3243., 3235., 3242.,  6507., 583918, 20250804100000)
 (3242., 3246., 3235., 3237.,  7285., 584762, 20250804101500)
 (3238., 3254., 3238., 3252., 20056., 590537, 20250804104500)
 (3252., 3253., 3245., 3250., 10618., 592520, 20250804110000)
 (3249., 3253., 3245., 3246.,  4771., 593279, 20250804111500)
 (3246., 3251., 3241., 3244.,  7951., 594707, 20250804113000)
 (3248., 3265., 3244., 3263., 23482., 600233, 20250804134500)
 (3263., 3268., 3259., 3263., 13868., 602965, 20250804140000)
 (3264., 3273., 3260., 3271., 13126., 604368, 20250804141500)
 (3271., 3274., 3266., 3271., 11025., 605943, 20250804143000)
 (3270., 3275., 3265., 3266.,  9660., 607358, 20250804144500)
 (3267., 3272., 3264., 3271.,  6584., 607183, 20250804150000)]
2025-08-05 15:30:00  INFO  [(3271., 3293., 3269., 3288., 55758., 621520, 20250804211500)
 (3288., 3295., 3280., 3282., 22762., 622528, 20250804213000)
 (3282., 3289., 3281., 3286.,  9367., 625614, 20250804214500)
 (3286., 3288., 3284., 3286.,  4519., 627393, 20250804220000)
 (3286., 3287., 3277., 3285.,  8595., 626190, 20250804221500)
 (3284., 3288., 3284., 3286.,  3601., 626794, 20250804223000)
 (3286., 3287., 3273., 3278.,  8990., 625589, 20250804224500)
 (3278., 3279., 3264., 3265.,  6903., 624529, 20250804230000)
 (3271., 3273., 3263., 3266., 18744., 623588, 20250805091500)
 (3266., 3270., 3261., 3266., 13509., 624222, 20250805093000)
 (3266., 3271., 3261., 3269.,  6839., 625199, 20250805094500)
 (3270., 3271., 3264., 3265.,  7058., 627369, 20250805100000)
 (3266., 3276., 3264., 3274.,  7127., 628708, 20250805101500)
 (3275., 3275., 3264., 3265.,  7326., 629794, 20250805104500)
 (3265., 3269., 3258., 3268., 13133., 629043, 20250805110000)
 (3269., 3273., 3266., 3266.,  7429., 630354, 20250805111500)
 (3267., 3275., 3266., 3273.,  4929., 631042, 20250805113000)
 (3273., 3288., 3273., 3281., 16674., 633910, 20250805134500)
 (3282., 3283., 3275., 3282.,  9578., 635953, 20250805140000)
 (3281., 3288., 3280., 3288.,  9787., 636769, 20250805141500)
 (3288., 3294., 3284., 3292., 15586., 638846, 20250805143000)
 (3292., 3303., 3290., 3303., 27383., 644661, 20250805144500)
 (3301., 3318., 3297., 3306., 45637., 650657, 20250805150000)]
2025-08-06 15:30:00  INFO  [(3303., 3309., 3291., 3300., 40949., 657095, 20250805211500)
 (3300., 3302., 3291., 3294., 18416., 660582, 20250805213000)
 (3293., 3302., 3290., 3301., 10914., 662781, 20250805214500)
 (3302., 3303., 3297., 3300.,  6573., 663533, 20250805220000)
 (3300., 3301., 3295., 3300.,  3803., 664478, 20250805221500)
 (3299., 3302., 3293., 3297.,  7179., 664867, 20250805223000)
 (3296., 3299., 3292., 3294.,  5485., 664921, 20250805224500)
 (3293., 3295., 3288., 3294.,  9181., 664595, 20250805230000)
 (3289., 3302., 3287., 3299., 10989., 665895, 20250806091500)
 (3298., 3303., 3295., 3301.,  6793., 666686, 20250806093000)
 (3302., 3307., 3301., 3305.,  8559., 667487, 20250806094500)
 (3304., 3310., 3302., 3308., 11785., 668678, 20250806100000)
 (3310., 3317., 3305., 3317., 18484., 668124, 20250806101500)
 (3317., 3320., 3312., 3316., 17486., 670587, 20250806104500)
 (3317., 3319., 3313., 3318.,  7306., 671552, 20250806110000)
 (3318., 3323., 3317., 3321., 11035., 671876, 20250806111500)
 (3321., 3322., 3314., 3320., 11346., 673302, 20250806113000)
 (3317., 3320., 3308., 3316., 15044., 673094, 20250806134500)
 (3315., 3321., 3313., 3316.,  8988., 675261, 20250806140000)
 (3316., 3318., 3305., 3313., 19395., 673741, 20250806141500)
 (3313., 3315., 3308., 3314.,  7649., 673824, 20250806143000)
 (3314., 3317., 3308., 3312., 15819., 674652, 20250806144500)
 (3312., 3315., 3308., 3309., 14698., 676774, 20250806150000)]
2025-08-07 15:30:00  INFO  [(3311., 3333., 3311., 3323., 63314., 703029, 20250806211500)
 (3323., 3328., 3307., 3308., 23052., 702598, 20250806213000)
 (3308., 3313., 3303., 3310., 16459., 702749, 20250806214500)
 (3309., 3315., 3308., 3308.,  4978., 703096, 20250806220000)
 (3308., 3318., 3308., 3314.,  6735., 702863, 20250806221500)
 (3313., 3315., 3311., 3311.,  2432., 702923, 20250806223000)
 (3311., 3315., 3307., 3308.,  4596., 702705, 20250806224500)
 (3309., 3312., 3307., 3311.,  4343., 701975, 20250806230000)
 (3313., 3314., 3302., 3306., 13921., 703317, 20250807091500)
 (3305., 3312., 3303., 3310.,  7691., 705893, 20250807093000)
 (3311., 3315., 3306., 3309.,  6113., 706011, 20250807094500)
 (3309., 3310., 3296., 3297., 14422., 705437, 20250807100000)
 (3298., 3304., 3289., 3291., 18351., 703236, 20250807101500)
 (3289., 3304., 3288., 3301., 15402., 703441, 20250807104500)
 (3300., 3307., 3295., 3302.,  9782., 704895, 20250807110000)
 (3303., 3312., 3294., 3309., 13825., 706503, 20250807111500)
 (3310., 3327., 3309., 3326., 32637., 713093, 20250807113000)
 (3325., 3330., 3308., 3310., 43233., 712827, 20250807134500)
 (3309., 3310., 3287., 3302., 46703., 716100, 20250807140000)
 (3301., 3305., 3293., 3296., 10975., 716229, 20250807141500)
 (3295., 3304., 3294., 3299.,  8203., 716804, 20250807143000)
 (3299., 3305., 3296., 3304.,  9111., 718682, 20250807144500)
 (3304., 3305., 3298., 3304.,  9106., 718766, 20250807150000)]
2025-08-08 15:30:00  INFO  [(3307., 3308., 3281., 3287., 33688., 721292, 20250807211500)
 (3287., 3290., 3280., 3280., 18360., 726219, 20250807213000)
 (3281., 3283., 3280., 3282.,  7829., 727058, 20250807214500)
 (3282., 3283., 3277., 3279.,  9031., 727588, 20250807220000)
 (3277., 3285., 3275., 3283.,  9163., 727438, 20250807221500)
 (3283., 3286., 3280., 3280.,  5692., 728078, 20250807223000)
 (3280., 3284., 3278., 3281.,  5001., 727815, 20250807224500)
 (3281., 3290., 3281., 3287., 10832., 724501, 20250807230000)
 (3286., 3289., 3281., 3283.,  9297., 724266, 20250808091500)
 (3283., 3285., 3276., 3284., 10281., 725765, 20250808093000)
 (3284., 3285., 3275., 3277.,  8139., 724927, 20250808094500)
 (3277., 3277., 3270., 3277., 15578., 721352, 20250808100000)
 (3277., 3288., 3276., 3285., 11544., 719335, 20250808101500)
 (3285., 3289., 3280., 3281.,  8425., 719693, 20250808104500)
 (3282., 3291., 3280., 3287.,  7653., 721336, 20250808110000)
 (3287., 3287., 3273., 3274., 11092., 720429, 20250808111500)
 (3275., 3286., 3273., 3284., 11985., 718378, 20250808113000)
 (3283., 3283., 3276., 3279.,  7706., 718920, 20250808134500)
 (3280., 3285., 3278., 3280.,  4294., 719299, 20250808140000)
 (3280., 3294., 3280., 3285., 19904., 721062, 20250808141500)
 (3285., 3290., 3281., 3283.,  8197., 721322, 20250808143000)
 (3284., 3287., 3280., 3286.,  5664., 721369, 20250808144500)
 (3286., 3289., 3285., 3286., 10837., 721494, 20250808150000)]
2025-08-11 15:30:00  INFO  [(3273., 3281., 3260., 3270., 38231., 719957, 20250808211500)
 (3270., 3277., 3269., 3273., 17856., 718259, 20250808213000)
 (3272., 3286., 3272., 3286., 13737., 718235, 20250808214500)
 (3286., 3287., 3282., 3283.,  7202., 718970, 20250808220000)
 (3283., 3284., 3272., 3272.,  9986., 718416, 20250808221500)
 (3272., 3274., 3267., 3272., 10133., 719323, 20250808223000)
 (3273., 3274., 3270., 3270.,  5333., 719908, 20250808224500)
 (3270., 3276., 3270., 3274.,  5602., 718031, 20250808230000)
 (3278., 3310., 3278., 3299., 59124., 716278, 20250811091500)
 (3300., 3305., 3294., 3305., 18876., 716790, 20250811093000)
 (3304., 3307., 3293., 3296., 18557., 716795, 20250811094500)
 (3296., 3304., 3290., 3304., 10295., 717742, 20250811100000)
 (3304., 3311., 3301., 3306., 16790., 718586, 20250811101500)
 (3307., 3313., 3302., 3312., 12222., 720420, 20250811104500)
 (3313., 3314., 3308., 3309.,  8743., 721576, 20250811110000)
 (3309., 3311., 3305., 3307.,  7676., 722406, 20250811111500)
 (3308., 3312., 3301., 3303., 12993., 722608, 20250811113000)
 (3304., 3311., 3304., 3306., 10151., 724816, 20250811134500)
 (3305., 3312., 3304., 3312.,  6348., 725646, 20250811140000)
 (3310., 3321., 3310., 3315., 19058., 730349, 20250811141500)
 (3315., 3320., 3310., 3319., 13638., 731472, 20250811143000)
 (3319., 3321., 3313., 3314., 11683., 732876, 20250811144500)
 (3315., 3322., 3314., 3319., 10863., 733217, 20250811150000)]
2025-08-12 15:30:00  INFO  [(3310., 3319., 3310., 3316., 24024., 737771, 20250811211500)
 (3316., 3316., 3307., 3309., 11972., 737929, 20250811213000)
 (3309., 3313., 3308., 3312.,  5378., 738614, 20250811214500)
 (3311., 3313., 3309., 3310.,  2972., 738610, 20250811220000)
 (3311., 3318., 3311., 3317.,  5592., 738799, 20250811221500)
 (3317., 3318., 3315., 3318.,  3947., 739626, 20250811223000)
 (3317., 3322., 3317., 3317.,  6343., 740850, 20250811224500)
 (3317., 3322., 3317., 3321.,  7257., 741621, 20250811230000)
 (3319., 3330., 3318., 3323., 20719., 745346, 20250812091500)
 (3323., 3325., 3312., 3313., 15516., 745024, 20250812093000)
 (3312., 3325., 3312., 3323., 13257., 749370, 20250812094500)
 (3323., 3328., 3323., 3326., 12568., 750517, 20250812100000)
 (3327., 3330., 3323., 3330., 11021., 752199, 20250812101500)
 (3330., 3338., 3330., 3337., 25226., 756917, 20250812104500)
 (3337., 3338., 3324., 3327., 21674., 755251, 20250812110000)
 (3327., 3338., 3326., 3337.,  9321., 755594, 20250812111500)
 (3337., 3339., 3329., 3334., 22556., 755115, 20250812113000)
 (3335., 3342., 3335., 3342., 24049., 756906, 20250812134500)
 (3342., 3345., 3337., 3340., 14122., 758309, 20250812140000)
 (3340., 3341., 3335., 3337., 11630., 761350, 20250812141500)
 (3338., 3344., 3337., 3342., 12536., 761941, 20250812143000)
 (3342., 3346., 3334., 3338., 14745., 764767, 20250812144500)
 (3339., 3339., 3330., 3336., 16087., 762683, 20250812150000)]
2025-08-13 15:30:00  INFO  [(3323., 3344., 3323., 3338., 27634., 767212, 20250812211500)
 (3337., 3345., 3336., 3343.,  9076., 768945, 20250812213000)
 (3343., 3343., 3335., 3337.,  8608., 769717, 20250812214500)
 (3337., 3337., 3318., 3325., 33890., 764885, 20250812220000)
 (3324., 3326., 3313., 3315., 23048., 764235, 20250812221500)
 (3316., 3322., 3315., 3319., 12339., 764151, 20250812223000)
 (3320., 3326., 3319., 3325., 15238., 764421, 20250812224500)
 (3325., 3326., 3320., 3323.,  6842., 762804, 20250812230000)
 (3322., 3328., 3321., 3325.,  9701., 763167, 20250813091500)
 (3324., 3325., 3316., 3323., 11977., 765497, 20250813093000)
 (3324., 3327., 3321., 3321.,  8751., 766706, 20250813094500)
 (3322., 3327., 3320., 3323.,  8796., 765917, 20250813100000)
 (3323., 3326., 3318., 3323.,  6479., 766545, 20250813101500)
 (3322., 3324., 3318., 3320.,  7886., 765690, 20250813104500)
 (3320., 3321., 3310., 3313., 17580., 762145, 20250813110000)
 (3313., 3323., 3312., 3322., 11895., 763798, 20250813111500)
 (3322., 3326., 3319., 3324., 11932., 765044, 20250813113000)
 (3323., 3324., 3312., 3313., 14353., 765546, 20250813134500)
 (3313., 3317., 3309., 3312., 14444., 765005, 20250813140000)
 (3312., 3317., 3302., 3304., 27772., 764681, 20250813141500)
 (3303., 3308., 3300., 3307., 26935., 768221, 20250813143000)
 (3307., 3311., 3303., 3311., 10466., 769196, 20250813144500)
 (3310., 3311., 3294., 3296., 26566., 768665, 20250813150000)]
2025-08-14 15:30:00  INFO  [(3285., 3294., 3277., 3286., 48597., 770617, 20250813211500)
 (3286., 3292., 3283., 3287., 13575., 772563, 20250813213000)
 (3287., 3293., 3287., 3292.,  8032., 772157, 20250813214500)
 (3291., 3295., 3291., 3294.,  6919., 773631, 20250813220000)
 (3294., 3295., 3291., 3292.,  3997., 774386, 20250813221500)
 (3292., 3293., 3288., 3292.,  5625., 775456, 20250813223000)
 (3292., 3295., 3289., 3291.,  3761., 775589, 20250813224500)
 (3290., 3296., 3290., 3293.,  7087., 773958, 20250813230000)
 (3292., 3303., 3291., 3298., 16886., 775561, 20250814091500)
 (3298., 3300., 3294., 3295.,  8320., 776168, 20250814093000)
 (3295., 3296., 3292., 3293.,  3815., 776421, 20250814094500)
 (3293., 3293., 3288., 3289., 10008., 775938, 20250814100000)
 (3289., 3299., 3288., 3295.,  8027., 777072, 20250814101500)
 (3296., 3298., 3280., 3281., 23361., 774898, 20250814104500)
 (3281., 3287., 3278., 3280., 29189., 774154, 20250814110000)
 (3280., 3285., 3275., 3278., 14475., 772626, 20250814111500)
 (3277., 3279., 3256., 3258., 51849., 770983, 20250814113000)
 (3251., 3270., 3247., 3266., 41136., 772437, 20250814134500)
 (3266., 3270., 3262., 3266., 16564., 773497, 20250814140000)
 (3267., 3271., 3264., 3264., 14457., 776247, 20250814141500)
 (3265., 3274., 3263., 3273., 17246., 777836, 20250814143000)
 (3273., 3275., 3265., 3265., 17274., 778419, 20250814144500)
 (3266., 3270., 3261., 3267., 14714., 778858, 20250814150000)]
2025-08-15 15:30:00  INFO  [(3268., 3276., 3266., 3275., 28112., 780434, 20250814211500)
 (3275., 3279., 3273., 3275., 15492., 781397, 20250814213000)
 (3276., 3278., 3273., 3274.,  5186., 781176, 20250814214500)
 (3275., 3276., 3269., 3269.,  6207., 780546, 20250814220000)
 (3269., 3273., 3266., 3269.,  5600., 781008, 20250814221500)
 (3268., 3269., 3265., 3266.,  4984., 781797, 20250814223000)
 (3266., 3269., 3265., 3268.,  4149., 781281, 20250814224500)
 (3269., 3273., 3266., 3267.,  6637., 780948, 20250814230000)
 (3266., 3266., 3252., 3255., 30889., 780196, 20250815091500)
 (3254., 3259., 3254., 3256.,  7687., 780280, 20250815093000)
 (3256., 3265., 3256., 3258.,  8706., 780501, 20250815094500)
 (3258., 3265., 3256., 3263.,  7021., 780725, 20250815100000)
 (3263., 3265., 3250., 3259., 19903., 783032, 20250815101500)
 (3260., 3263., 3254., 3254.,  7110., 783677, 20250815104500)
 (3254., 3258., 3252., 3254.,  5474., 783640, 20250815110000)
 (3253., 3254., 3246., 3253., 16726., 785750, 20250815111500)
 (3252., 3256., 3247., 3253., 10628., 785991, 20250815113000)
 (3256., 3268., 3256., 3267., 30970., 791086, 20250815134500)
 (3267., 3273., 3262., 3265., 26554., 795023, 20250815140000)
 (3265., 3265., 3255., 3259., 15554., 796131, 20250815141500)
 (3260., 3260., 3252., 3258., 10581., 797374, 20250815143000)
 (3259., 3263., 3256., 3261.,  9387., 797154, 20250815144500)
 (3261., 3271., 3260., 3269., 16521., 796350, 20250815150000)]
2025-08-18 15:30:00  INFO  [(3275., 3283., 3267., 3275., 33513., 799059, 20250815211500)
 (3275., 3280., 3273., 3276., 13080., 798300, 20250815213000)
 (3276., 3280., 3274., 3276.,  6890., 797740, 20250815214500)
 (3277., 3277., 3270., 3272.,  7802., 797412, 20250815220000)
 (3272., 3275., 3270., 3275.,  4617., 797605, 20250815221500)
 (3275., 3275., 3271., 3274.,  2282., 797530, 20250815223000)
 (3274., 3277., 3272., 3275.,  4421., 796475, 20250815224500)
 (3275., 3276., 3270., 3276.,  6798., 795859, 20250815230000)
 (3272., 3272., 3253., 3264., 46115., 795164, 20250818091500)
 (3264., 3267., 3259., 3264., 15654., 794112, 20250818093000)
 (3264., 3265., 3257., 3259., 13100., 792906, 20250818094500)
 (3260., 3269., 3259., 3260., 13781., 793495, 20250818100000)
 (3260., 3263., 3255., 3256., 15123., 796086, 20250818101500)
 (3255., 3258., 3251., 3257., 17356., 800559, 20250818104500)
 (3258., 3258., 3247., 3250., 20083., 803880, 20250818110000)
 (3249., 3253., 3241., 3245., 30140., 804541, 20250818111500)
 (3245., 3247., 3234., 3237., 32904., 804244, 20250818113000)
 (3237., 3242., 3235., 3235., 16034., 805966, 20250818134500)
 (3236., 3237., 3228., 3232., 29721., 808156, 20250818140000)
 (3230., 3232., 3221., 3225., 31702., 808103, 20250818141500)
 (3225., 3233., 3220., 3231., 28311., 808984, 20250818143000)
 (3232., 3237., 3230., 3233., 18777., 808818, 20250818144500)
 (3234., 3239., 3231., 3237., 24667., 809052, 20250818150000)]
2025-08-19 15:30:00  INFO  [(3235., 3251., 3235., 3245., 30511., 812173, 20250818211500)
 (3244., 3246., 3239., 3245., 12747., 814273, 20250818213000)
 (3246., 3246., 3239., 3240.,  6254., 814644, 20250818214500)
 (3239., 3241., 3237., 3239.,  4310., 815334, 20250818220000)
 (3238., 3243., 3236., 3240.,  7438., 816961, 20250818221500)
 (3240., 3241., 3237., 3238.,  2670., 817309, 20250818223000)
 (3238., 3241., 3235., 3237.,  3868., 818022, 20250818224500)
 (3238., 3239., 3235., 3236.,  3946., 817247, 20250818230000)
 (3238., 3240., 3224., 3228., 29980., 822862, 20250819091500)
 (3228., 3239., 3226., 3235., 22905., 826471, 20250819093000)
 (3235., 3239., 3228., 3230., 16256., 828440, 20250819094500)
 (3231., 3235., 3225., 3230., 17155., 829697, 20250819100000)
 (3230., 3231., 3221., 3223., 17769., 832161, 20250819101500)
 (3223., 3225., 3214., 3216., 30370., 837115, 20250819104500)
 (3216., 3218., 3212., 3212., 19904., 840107, 20250819110000)
 (3212., 3219., 3210., 3217., 21353., 844794, 20250819111500)
 (3217., 3221., 3213., 3221., 15618., 845377, 20250819113000)
 (3221., 3223., 3211., 3216., 19511., 845746, 20250819134500)
 (3216., 3216., 3208., 3210., 19206., 847912, 20250819140000)
 (3210., 3214., 3209., 3212., 20129., 853187, 20250819141500)
 (3213., 3213., 3209., 3212., 10260., 854169, 20250819143000)
 (3211., 3215., 3208., 3215., 12233., 855277, 20250819144500)
 (3214., 3217., 3208., 3208., 24650., 853001, 20250819150000)]
2025-08-20 15:30:00  INFO  [(3206., 3216., 3206., 3211., 33868., 856865, 20250819211500)
 (3211., 3211., 3202., 3202., 27034., 860105, 20250819213000)
 (3202., 3204., 3193., 3198., 32064., 860614, 20250819214500)
 (3198., 3205., 3196., 3200., 26022., 861912, 20250819220000)
 (3200., 3202., 3194., 3195., 12793., 862291, 20250819221500)
 (3195., 3199., 3190., 3190., 17136., 862097, 20250819223000)
 (3191., 3191., 3182., 3183., 33908., 867752, 20250819224500)
 (3183., 3191., 3180., 3188., 23736., 867430, 20250819230000)
 (3186., 3190., 3179., 3186., 40272., 864957, 20250820091500)
 (3186., 3193., 3185., 3188., 14263., 865360, 20250820093000)
 (3189., 3196., 3187., 3193., 17039., 868272, 20250820094500)
 (3193., 3194., 3186., 3186., 10500., 869110, 20250820100000)
 (3187., 3190., 3176., 3188., 45463., 866121, 20250820101500)
 (3186., 3194., 3186., 3189., 19069., 867847, 20250820104500)
 (3188., 3194., 3187., 3188., 13925., 867032, 20250820110000)
 (3189., 3194., 3188., 3192.,  7503., 867868, 20250820111500)
 (3191., 3205., 3190., 3203., 25493., 866531, 20250820113000)
 (3205., 3213., 3201., 3212., 42543., 874670, 20250820134500)
 (3211., 3213., 3204., 3210., 25224., 881114, 20250820140000)
 (3211., 3212., 3202., 3207., 20608., 883076, 20250820141500)
 (3208., 3210., 3202., 3203., 15334., 885960, 20250820143000)
 (3203., 3207., 3200., 3206., 15795., 888070, 20250820144500)
 (3206., 3209., 3201., 3207., 15068., 886592, 20250820150000)]
2025-08-21 15:30:00  INFO  [(3210., 3217., 3206., 3213., 39687., 889993, 20250820211500)
 (3213., 3222., 3213., 3215., 32966., 892186, 20250820213000)
 (3214., 3217., 3212., 3216., 11861., 893527, 20250820214500)
 (3216., 3217., 3213., 3215.,  8267., 895196, 20250820220000)
 (3216., 3216., 3211., 3212.,  4756., 895028, 20250820221500)
 (3212., 3220., 3210., 3219., 16293., 896369, 20250820223000)
 (3219., 3220., 3216., 3219.,  9764., 897749, 20250820224500)
 (3219., 3221., 3214., 3214.,  9701., 896777, 20250820230000)
 (3217., 3218., 3198., 3200., 53160., 894200, 20250821091500)
 (3200., 3210., 3199., 3206., 17676., 892420, 20250821093000)
 (3206., 3208., 3202., 3203., 10112., 893776, 20250821094500)
 (3203., 3209., 3200., 3203., 13214., 894552, 20250821100000)
 (3203., 3207., 3196., 3196., 26513., 898133, 20250821101500)
 (3197., 3205., 3193., 3201., 27579., 903431, 20250821104500)
 (3200., 3208., 3199., 3204., 10969., 904297, 20250821110000)
 (3204., 3216., 3204., 3215., 28259., 910220, 20250821111500)
 (3215., 3221., 3211., 3218., 23369., 906592, 20250821113000)
 (3217., 3219., 3208., 3215., 18841., 906613, 20250821134500)
 (3216., 3216., 3210., 3213., 12128., 909900, 20250821140000)
 (3213., 3216., 3208., 3214., 10979., 911278, 20250821141500)
 (3214., 3217., 3206., 3211., 12647., 910621, 20250821143000)
 (3211., 3212., 3198., 3198., 19988., 908958, 20250821144500)
 (3199., 3203., 3196., 3200., 24970., 907049, 20250821150000)]
2025-08-22 15:30:00  INFO  [(3193., 3199., 3187., 3194., 43396., 902515, 20250821211500)
 (3193., 3196., 3191., 3195., 11020., 900700, 20250821213000)
 (3193., 3194., 3186., 3187., 12931., 902044, 20250821214500)
 (3188., 3193., 3186., 3189.,  8512., 901460, 20250821220000)
 (3190., 3198., 3189., 3195., 10797., 901224, 20250821221500)
 (3195., 3202., 3194., 3200., 10482., 900916, 20250821223000)
 (3200., 3203., 3196., 3196.,  8531., 900766, 20250821224500)
 (3197., 3201., 3195., 3200.,  7740., 900491, 20250821230000)
 (3199., 3201., 3192., 3194., 20555., 903239, 20250822091500)
 (3194., 3199., 3191., 3199., 14530., 903519, 20250822093000)
 (3199., 3201., 3194., 3200., 10853., 904659, 20250822094500)
 (3200., 3204., 3195., 3199., 15195., 907279, 20250822100000)
 (3198., 3204., 3195., 3199., 13837., 908552, 20250822101500)
 (3199., 3201., 3192., 3194., 15713., 912714, 20250822104500)
 (3193., 3204., 3193., 3199., 16491., 918268, 20250822110000)
 (3199., 3200., 3193., 3196.,  9336., 919140, 20250822111500)
 (3196., 3202., 3190., 3193., 17817., 921806, 20250822113000)
 (3195., 3199., 3194., 3197., 12977., 923805, 20250822134500)
 (3197., 3204., 3195., 3196., 19008., 927268, 20250822140000)
 (3195., 3198., 3193., 3194., 12465., 929108, 20250822141500)
 (3193., 3195., 3181., 3187., 35958., 934124, 20250822143000)
 (3186., 3193., 3185., 3189., 18007., 936507, 20250822144500)
 (3189., 3196., 3186., 3195., 23088., 937573, 20250822150000)]
2025-08-25 15:30:00  INFO  [(3200., 3221., 3200., 3220., 64777.,  945386, 20250822211500)
 (3219., 3229., 3217., 3221., 37933.,  952309, 20250822213000)
 (3221., 3222., 3215., 3218., 21081.,  955321, 20250822214500)
 (3218., 3220., 3215., 3218.,  7710.,  955936, 20250822220000)
 (3219., 3232., 3219., 3230., 28673.,  960773, 20250822221500)
 (3229., 3232., 3223., 3225., 20693.,  961337, 20250822223000)
 (3226., 3227., 3221., 3226., 12692.,  963331, 20250822224500)
 (3227., 3236., 3225., 3234., 30987.,  963497, 20250822230000)
 (3235., 3237., 3224., 3224., 61322.,  970557, 20250825091500)
 (3224., 3227., 3219., 3223., 28554.,  979552, 20250825093000)
 (3222., 3224., 3212., 3216., 27524.,  978255, 20250825094500)
 (3216., 3219., 3208., 3212., 30298.,  978890, 20250825100000)
 (3211., 3220., 3211., 3220., 17184.,  980414, 20250825101500)
 (3221., 3238., 3221., 3233., 56407.,  984231, 20250825104500)
 (3233., 3242., 3230., 3238., 29725.,  986920, 20250825110000)
 (3237., 3239., 3228., 3233., 22029.,  991134, 20250825111500)
 (3233., 3233., 3221., 3229., 26941.,  995509, 20250825113000)
 (3229., 3229., 3220., 3224., 20172.,  998497, 20250825134500)
 (3223., 3229., 3223., 3225., 14656., 1001810, 20250825140000)
 (3225., 3226., 3222., 3225.,  9723., 1005524, 20250825141500)
 (3224., 3231., 3224., 3230., 14082., 1010098, 20250825143000)
 (3231., 3231., 3226., 3231., 13195., 1012031, 20250825144500)
 (3231., 3232., 3222., 3224., 22042., 1015822, 20250825150000)]
2025-08-26 15:30:00  INFO  [(3221., 3230., 3221., 3223., 46613., 1030070, 20250825211500)
 (3223., 3225., 3222., 3222., 12910., 1033451, 20250825213000)
 (3222., 3226., 3221., 3223.,  9214., 1034513, 20250825214500)
 (3224., 3225., 3220., 3222., 12893., 1036495, 20250825220000)
 (3221., 3222., 3218., 3220., 11870., 1039292, 20250825221500)
 (3221., 3222., 3219., 3220.,  6773., 1038298, 20250825223000)
 (3219., 3221., 3216., 3216.,  9069., 1038120, 20250825224500)
 (3216., 3218., 3212., 3213., 14239., 1036503, 20250825230000)
 (3213., 3214., 3205., 3213., 44602., 1044345, 20250826091500)
 (3213., 3216., 3208., 3211., 18191., 1048965, 20250826093000)
 (3211., 3212., 3208., 3211., 11436., 1051825, 20250826094500)
 (3211., 3214., 3208., 3211., 12171., 1050957, 20250826100000)
 (3212., 3215., 3209., 3215., 14952., 1050962, 20250826101500)
 (3214., 3216., 3209., 3210., 13368., 1053816, 20250826104500)
 (3209., 3212., 3202., 3204., 25098., 1058155, 20250826110000)
 (3205., 3206., 3200., 3205., 30937., 1061496, 20250826111500)
 (3206., 3210., 3204., 3205., 22278., 1063583, 20250826113000)
 (3205., 3205., 3192., 3194., 49272., 1065665, 20250826134500)
 (3194., 3200., 3192., 3199., 21065., 1065342, 20250826140000)
 (3198., 3203., 3196., 3197., 19443., 1067193, 20250826141500)
 (3196., 3199., 3189., 3189., 34587., 1065920, 20250826143000)
 (3190., 3194., 3186., 3187., 33927., 1072753, 20250826144500)
 (3187., 3191., 3184., 3185., 35972., 1071838, 20250826150000)]
2025-08-27 15:30:00  INFO  [(3182., 3189., 3179., 3187., 59873., 1088771, 20250826211500)
 (3188., 3188., 3180., 3185., 29367., 1098474, 20250826213000)
 (3185., 3185., 3180., 3183., 12738., 1102621, 20250826214500)
 (3182., 3186., 3178., 3184., 18644., 1107989, 20250826220000)
 (3184., 3194., 3183., 3192., 30283., 1108537, 20250826221500)
 (3192., 3195., 3190., 3191., 10891., 1107940, 20250826223000)
 (3192., 3192., 3184., 3185., 11858., 1109974, 20250826224500)
 (3185., 3188., 3185., 3188.,  7767., 1110184, 20250826230000)
 (3189., 3193., 3187., 3187., 13707., 1111382, 20250827091500)
 (3187., 3191., 3185., 3186., 13994., 1113778, 20250827093000)
 (3185., 3187., 3183., 3185.,  9366., 1115853, 20250827094500)
 (3185., 3185., 3169., 3171., 44942., 1119674, 20250827100000)
 (3172., 3181., 3170., 3176., 28677., 1128637, 20250827101500)
 (3176., 3176., 3171., 3174., 22345., 1133981, 20250827104500)
 (3174., 3177., 3167., 3176., 35562., 1139893, 20250827110000)
 (3176., 3195., 3175., 3193., 51472., 1142260, 20250827111500)
 (3194., 3194., 3182., 3185., 51906., 1151964, 20250827113000)
 (3185., 3185., 3174., 3176., 38355., 1153794, 20250827134500)
 (3175., 3179., 3171., 3175., 25088., 1158594, 20250827140000)
 (3175., 3182., 3175., 3179., 23672., 1161040, 20250827141500)
 (3179., 3181., 3171., 3173., 20150., 1163461, 20250827143000)
 (3173., 3185., 3171., 3173., 36132., 1170556, 20250827144500)
 (3173., 3173., 3166., 3172., 35182., 1172576, 20250827150000)]
2025-08-28 15:30:00  INFO  [(3172., 3175., 3160., 3163.,  60125., 1192318, 20250827211500)
 (3163., 3168., 3162., 3163.,  21116., 1194982, 20250827213000)
 (3162., 3166., 3162., 3164.,  18116., 1198122, 20250827214500)
 (3164., 3168., 3163., 3165.,  15359., 1200586, 20250827220000)
 (3165., 3171., 3164., 3168.,   9279., 1201581, 20250827221500)
 (3167., 3169., 3160., 3161.,  16251., 1201228, 20250827223000)
 (3160., 3164., 3159., 3161.,  11359., 1203510, 20250827224500)
 (3161., 3164., 3159., 3164.,  14035., 1204138, 20250827230000)
 (3165., 3166., 3159., 3165.,  30921., 1205342, 20250828091500)
 (3165., 3169., 3164., 3165.,  19923., 1208845, 20250828093000)
 (3165., 3171., 3165., 3170.,  19751., 1210557, 20250828094500)
 (3170., 3171., 3163., 3166.,  21098., 1214306, 20250828100000)
 (3166., 3177., 3165., 3175.,  44218., 1219361, 20250828101500)
 (3176., 3181., 3174., 3180.,  32804., 1218617, 20250828104500)
 (3179., 3182., 3174., 3175.,  33989., 1226352, 20250828110000)
 (3176., 3178., 3173., 3175.,  24438., 1229366, 20250828111500)
 (3176., 3178., 3169., 3175.,  37129., 1223313, 20250828113000)
 (3170., 3192., 3170., 3189.,  68879., 1229569, 20250828134500)
 (3188., 3196., 3188., 3195.,  56174., 1237014, 20250828140000)
 (3196., 3214., 3196., 3209., 104728., 1244587, 20250828141500)
 (3208., 3212., 3203., 3208.,  49980., 1250688, 20250828143000)
 (3208., 3210., 3205., 3206.,  26183., 1255349, 20250828144500)
 (3206., 3209., 3203., 3205.,  30621., 1255043, 20250828150000)]
2025-08-29 15:30:00  INFO  [(3205., 3210., 3201., 3201.,  76932., 1278490, 20250828211500)
 (3202., 3203., 3199., 3201.,  30506., 1289291, 20250828213000)
 (3201., 3203., 3199., 3200.,  18458., 1293928, 20250828214500)
 (3200., 3202., 3196., 3197.,  20172., 1296856, 20250828220000)
 (3197., 3198., 3190., 3192.,  32646., 1297708, 20250828221500)
 (3192., 3192., 3185., 3187.,  44711., 1299532, 20250828223000)
 (3187., 3188., 3176., 3176.,  45587., 1307501, 20250828224500)
 (3176., 3180., 3173., 3177.,  40261., 1308205, 20250828230000)
 (3177., 3181., 3171., 3175.,  56327., 1326184, 20250829091500)
 (3174., 3176., 3167., 3172.,  39851., 1337018, 20250829093000)
 (3172., 3173., 3168., 3171.,  27631., 1347241, 20250829094500)
 (3171., 3175., 3169., 3170.,  25441., 1350979, 20250829100000)
 (3171., 3175., 3166., 3167.,  36119., 1355540, 20250829101500)
 (3167., 3175., 3167., 3173.,  31516., 1360423, 20250829104500)
 (3173., 3174., 3165., 3166.,  28033., 1365098, 20250829110000)
 (3167., 3171., 3165., 3169.,  25081., 1370483, 20250829111500)
 (3169., 3171., 3166., 3169.,  21727., 1374794, 20250829113000)
 (3168., 3177., 3164., 3174.,  45447., 1378904, 20250829134500)
 (3174., 3177., 3171., 3177.,  21013., 1382435, 20250829140000)
 (3176., 3179., 3164., 3167.,  41095., 1385724, 20250829141500)
 (3166., 3166., 3152., 3154., 109829., 1415253, 20250829143000)
 (3154., 3162., 3154., 3158.,  47172., 1425630, 20250829144500)
 (3159., 3163., 3157., 3160.,  57350., 1429783, 20250829150000)]
2025-09-01 15:30:00  INFO  [(3150., 3161., 3150., 3152., 135147., 1466041, 20250829211500)
 (3153., 3153., 3144., 3146.,  67488., 1477337, 20250829213000)
 (3146., 3147., 3137., 3141.,  66840., 1491978, 20250829214500)
 (3141., 3142., 3134., 3135.,  43614., 1503125, 20250829220000)
 (3135., 3138., 3127., 3128.,  58469., 1514084, 20250829221500)
 (3128., 3137., 3128., 3137.,  58598., 1517637, 20250829223000)
 (3137., 3139., 3132., 3133.,  41197., 1520845, 20250829224500)
 (3132., 3134., 3124., 3125.,  55897., 1523119, 20250829230000)
 (3124., 3125., 3112., 3114., 148615., 1548820, 20250901091500)
 (3114., 3120., 3112., 3119.,  66023., 1565433, 20250901093000)
 (3119., 3121., 3111., 3112.,  44095., 1573269, 20250901094500)
 (3112., 3112., 3107., 3110.,  54523., 1585356, 20250901100000)
 (3110., 3115., 3110., 3114.,  42492., 1590472, 20250901101500)
 (3113., 3116., 3105., 3110.,  48209., 1601607, 20250901104500)
 (3110., 3110., 3105., 3110.,  29848., 1608401, 20250901110000)
 (3110., 3110., 3105., 3107.,  23384., 1615360, 20250901111500)
 (3107., 3111., 3101., 3103.,  36397., 1618079, 20250901113000)
 (3105., 3107., 3094., 3099.,  76800., 1636963, 20250901134500)
 (3099., 3110., 3096., 3110.,  48494., 1638010, 20250901140000)
 (3110., 3114., 3107., 3111.,  49178., 1640488, 20250901141500)
 (3111., 3116., 3107., 3114.,  47650., 1641598, 20250901143000)
 (3114., 3118., 3109., 3112.,  41362., 1639346, 20250901144500)
 (3112., 3115., 3104., 3115.,  58496., 1633714, 20250901150000)]
2025-09-02 15:30:00  INFO  [(3115., 3120., 3106., 3114., 83511., 1651207, 20250901211500)
 (3115., 3120., 3113., 3119., 41253., 1654028, 20250901213000)
 (3119., 3120., 3115., 3117., 26092., 1656596, 20250901214500)
 (3116., 3118., 3114., 3114., 18484., 1654261, 20250901220000)
 (3114., 3116., 3108., 3109., 37152., 1659134, 20250901221500)
 (3110., 3111., 3108., 3109., 17677., 1662117, 20250901223000)
 (3109., 3111., 3107., 3108., 18410., 1663568, 20250901224500)
 (3108., 3109., 3106., 3107., 19891., 1663246, 20250901230000)
 (3108., 3108., 3101., 3105., 49871., 1668266, 20250902091500)
 (3104., 3111., 3103., 3108., 24483., 1670788, 20250902093000)
 (3108., 3110., 3105., 3110., 21507., 1674519, 20250902094500)
 (3110., 3113., 3107., 3113., 29615., 1673669, 20250902100000)
 (3112., 3116., 3108., 3109., 28940., 1671961, 20250902101500)
 (3111., 3116., 3107., 3109., 36921., 1673168, 20250902104500)
 (3109., 3123., 3107., 3122., 56330., 1674788, 20250902110000)
 (3123., 3130., 3119., 3120., 93555., 1677218, 20250902111500)
 (3119., 3135., 3118., 3125., 71232., 1674637, 20250902113000)
 (3124., 3130., 3124., 3127., 39809., 1676451, 20250902134500)
 (3128., 3130., 3117., 3117., 36478., 1676121, 20250902140000)
 (3118., 3125., 3116., 3121., 35775., 1676755, 20250902141500)
 (3121., 3122., 3116., 3116., 24443., 1679256, 20250902143000)
 (3117., 3122., 3115., 3119., 25753., 1680021, 20250902144500)
 (3118., 3120., 3115., 3117., 32585., 1675244, 20250902150000)]
2025-09-03 15:30:00  INFO  [(3120., 3138., 3117., 3138., 110305., 1679867, 20250902211500)
 (3137., 3144., 3137., 3140.,  98034., 1679614, 20250902213000)
 (3140., 3142., 3137., 3139.,  33622., 1676722, 20250902214500)
 (3139., 3143., 3138., 3141.,  23848., 1678593, 20250902220000)
 (3142., 3146., 3138., 3138.,  42180., 1677336, 20250902221500)
 (3138., 3139., 3133., 3134.,  35913., 1677320, 20250902223000)
 (3135., 3136., 3129., 3130.,  42008., 1676431, 20250902224500)
 (3131., 3138., 3129., 3137.,  33712., 1673449, 20250902230000)
 (3138., 3143., 3117., 3119., 125790., 1687830, 20250903091500)
 (3119., 3123., 3115., 3122.,  42273., 1696638, 20250903093000)
 (3123., 3124., 3111., 3112.,  59463., 1712506, 20250903094500)
 (3112., 3113., 3105., 3109.,  55602., 1724409, 20250903100000)
 (3109., 3111., 3103., 3106.,  45346., 1730875, 20250903101500)
 (3106., 3113., 3103., 3113.,  49779., 1736594, 20250903104500)
 (3113., 3113., 3102., 3106.,  49325., 1746914, 20250903110000)
 (3107., 3110., 3105., 3106.,  24223., 1750898, 20250903111500)
 (3106., 3110., 3101., 3103.,  37967., 1755243, 20250903113000)
 (3102., 3111., 3099., 3109.,  73112., 1760658, 20250903134500)
 (3109., 3112., 3104., 3109.,  43030., 1759925, 20250903140000)
 (3108., 3109., 3104., 3109.,  25435., 1760903, 20250903141500)
 (3108., 3108., 3103., 3105.,  22231., 1761371, 20250903143000)
 (3104., 3112., 3104., 3109.,  36069., 1761339, 20250903144500)
 (3108., 3109., 3101., 3106.,  59881., 1754813, 20250903150000)]
2025-09-04 15:30:00  INFO  [(3107., 3108., 3095., 3098.,  96030., 1768222, 20250903211500)
 (3098., 3107., 3092., 3104.,  78155., 1770038, 20250903213000)
 (3103., 3105., 3095., 3097.,  43063., 1772271, 20250903214500)
 (3096., 3099., 3093., 3098.,  29522., 1771373, 20250903220000)
 (3097., 3098., 3093., 3095.,  19303., 1771616, 20250903221500)
 (3095., 3098., 3091., 3091.,  23512., 1768631, 20250903223000)
 (3092., 3094., 3090., 3091.,  23201., 1769646, 20250903224500)
 (3090., 3095., 3088., 3092.,  41494., 1767354, 20250903230000)
 (3092., 3098., 3090., 3097.,  47860., 1771191, 20250904091500)
 (3097., 3102., 3096., 3101.,  34392., 1773584, 20250904093000)
 (3101., 3106., 3100., 3105.,  52596., 1766789, 20250904094500)
 (3105., 3112., 3103., 3111.,  46648., 1769476, 20250904100000)
 (3111., 3112., 3107., 3108.,  39185., 1770409, 20250904101500)
 (3109., 3109., 3101., 3108.,  43435., 1767363, 20250904104500)
 (3108., 3124., 3105., 3123., 101967., 1755447, 20250904110000)
 (3124., 3125., 3116., 3117.,  76366., 1751970, 20250904111500)
 (3118., 3130., 3116., 3129.,  84590., 1750640, 20250904113000)
 (3130., 3132., 3113., 3116., 108511., 1745820, 20250904134500)
 (3116., 3125., 3115., 3122.,  48241., 1750455, 20250904140000)
 (3123., 3123., 3116., 3121.,  35775., 1748542, 20250904141500)
 (3122., 3123., 3115., 3119.,  33582., 1746477, 20250904143000)
 (3119., 3128., 3117., 3128.,  36330., 1747033, 20250904144500)
 (3128., 3131., 3116., 3117.,  87568., 1736432, 20250904150000)]
2025-09-05 15:30:00  INFO  [(3117., 3124., 3110., 3116.,  89628., 1736551, 20250904211500)
 (3116., 3121., 3115., 3118.,  31990., 1737803, 20250904213000)
 (3119., 3124., 3117., 3123.,  32978., 1736152, 20250904214500)
 (3123., 3123., 3120., 3122.,  16220., 1737521, 20250904220000)
 (3122., 3122., 3116., 3117.,  22930., 1740718, 20250904221500)
 (3117., 3118., 3114., 3115.,  18982., 1742129, 20250904223000)
 (3115., 3115., 3108., 3112.,  48077., 1748618, 20250904224500)
 (3111., 3116., 3109., 3115.,  32521., 1741962, 20250904230000)
 (3116., 3117., 3110., 3112.,  44516., 1741869, 20250905091500)
 (3112., 3115., 3109., 3113.,  24447., 1741157, 20250905093000)
 (3112., 3114., 3105., 3107.,  37322., 1740352, 20250905094500)
 (3106., 3110., 3102., 3103.,  51027., 1750110, 20250905100000)
 (3103., 3106., 3100., 3103.,  45063., 1758131, 20250905101500)
 (3104., 3110., 3102., 3104.,  48184., 1761897, 20250905104500)
 (3104., 3109., 3102., 3107.,  24684., 1765527, 20250905110000)
 (3107., 3110., 3104., 3109.,  27962., 1765354, 20250905111500)
 (3109., 3125., 3105., 3124.,  97100., 1757950, 20250905113000)
 (3125., 3139., 3125., 3134., 174723., 1754788, 20250905134500)
 (3134., 3144., 3134., 3139., 109369., 1749000, 20250905140000)
 (3140., 3150., 3139., 3144., 150946., 1748158, 20250905141500)
 (3144., 3152., 3143., 3149.,  79492., 1751580, 20250905143000)
 (3148., 3153., 3144., 3145.,  74594., 1752247, 20250905144500)
 (3145., 3146., 3137., 3143., 102412., 1737894, 20250905150000)]
2025-09-08 15:30:00  INFO  [(3146., 3151., 3134., 3136., 120364., 1741765, 20250905211500)
 (3136., 3136., 3129., 3131.,  70739., 1745502, 20250905213000)
 (3131., 3135., 3130., 3134.,  30358., 1749749, 20250905214500)
 (3134., 3134., 3126., 3128.,  38706., 1752216, 20250905220000)
 (3129., 3130., 3125., 3126.,  30838., 1757072, 20250905221500)
 (3127., 3127., 3120., 3122.,  59122., 1759383, 20250905223000)
 (3122., 3123., 3114., 3117.,  66234., 1770036, 20250905224500)
 (3117., 3122., 3115., 3120.,  56035., 1765658, 20250905230000)
 (3118., 3120., 3110., 3114., 129315., 1781550, 20250908091500)
 (3114., 3114., 3106., 3108.,  72785., 1796330, 20250908093000)
 (3107., 3112., 3106., 3111.,  51044., 1801773, 20250908094500)
 (3111., 3114., 3108., 3109.,  36925., 1803292, 20250908100000)
 (3110., 3116., 3109., 3114.,  38124., 1803765, 20250908101500)
 (3114., 3118., 3113., 3116.,  30445., 1803479, 20250908104500)
 (3116., 3123., 3115., 3120.,  48184., 1799786, 20250908110000)
 (3120., 3121., 3116., 3118.,  35824., 1804352, 20250908111500)
 (3118., 3124., 3115., 3123.,  30359., 1802511, 20250908113000)
 (3123., 3134., 3117., 3131.,  98324., 1804141, 20250908134500)
 (3131., 3133., 3127., 3127.,  41835., 1806057, 20250908140000)
 (3127., 3131., 3126., 3128.,  31437., 1806283, 20250908141500)
 (3129., 3132., 3123., 3124.,  48123., 1807840, 20250908143000)
 (3124., 3128., 3121., 3125.,  33899., 1810492, 20250908144500)
 (3125., 3133., 3125., 3132.,  58934., 1798654, 20250908150000)]
2025-09-09 15:30:00  INFO  [(3138., 3138., 3125., 3130.,  79158., 1800789, 20250908211500)
 (3130., 3134., 3129., 3134.,  25370., 1800562, 20250908213000)
 (3134., 3134., 3129., 3131.,  24774., 1800318, 20250908214500)
 (3130., 3131., 3125., 3125.,  24985., 1801117, 20250908220000)
 (3126., 3127., 3123., 3126.,  22708., 1802744, 20250908221500)
 (3127., 3128., 3125., 3126.,  11579., 1802573, 20250908223000)
 (3126., 3128., 3124., 3127.,  14153., 1803711, 20250908224500)
 (3127., 3128., 3125., 3125.,  20286., 1801545, 20250908230000)
 (3127., 3127., 3117., 3122.,  63308., 1808642, 20250909091500)
 (3122., 3125., 3118., 3119.,  26083., 1811957, 20250909093000)
 (3118., 3132., 3118., 3132.,  46005., 1811705, 20250909094500)
 (3131., 3150., 3130., 3149., 182045., 1794101, 20250909100000)
 (3149., 3152., 3143., 3143., 106630., 1791671, 20250909101500)
 (3143., 3151., 3143., 3146.,  59207., 1793887, 20250909104500)
 (3146., 3151., 3143., 3147.,  55171., 1792378, 20250909110000)
 (3147., 3151., 3133., 3134., 109656., 1782837, 20250909111500)
 (3133., 3136., 3123., 3128., 105627., 1774164, 20250909113000)
 (3126., 3131., 3120., 3120.,  84411., 1778512, 20250909134500)
 (3120., 3126., 3115., 3126.,  81787., 1788051, 20250909140000)
 (3125., 3129., 3123., 3128.,  41788., 1785015, 20250909141500)
 (3127., 3130., 3122., 3123.,  40218., 1783226, 20250909143000)
 (3124., 3124., 3119., 3124.,  55405., 1785322, 20250909144500)
 (3124., 3127., 3121., 3123.,  49005., 1778829, 20250909150000)]
2025-09-10 15:30:00  INFO  [(3115., 3116., 3095., 3097., 240263., 1843451, 20250909211500)
 (3097., 3099., 3092., 3094., 100685., 1868600, 20250909213000)
 (3095., 3100., 3094., 3099.,  49616., 1873619, 20250909214500)
 (3099., 3100., 3095., 3096.,  35949., 1880332, 20250909220000)
 (3096., 3107., 3094., 3102.,  67029., 1872779, 20250909221500)
 (3102., 3105., 3101., 3103.,  20775., 1875210, 20250909223000)
 (3103., 3107., 3099., 3099.,  36201., 1879697, 20250909224500)
 (3100., 3101., 3096., 3097.,  31579., 1879868, 20250909230000)
 (3095., 3101., 3094., 3099.,  54019., 1890368, 20250910091500)
 (3099., 3103., 3097., 3102.,  24242., 1892042, 20250910093000)
 (3102., 3113., 3101., 3109.,  61954., 1889287, 20250910094500)
 (3109., 3114., 3109., 3113.,  44861., 1888614, 20250910100000)
 (3113., 3116., 3110., 3111.,  39360., 1886945, 20250910101500)
 (3110., 3123., 3108., 3121.,  94542., 1876586, 20250910104500)
 (3121., 3126., 3120., 3124.,  53679., 1872519, 20250910110000)
 (3124., 3125., 3121., 3123.,  26569., 1869491, 20250910111500)
 (3122., 3126., 3121., 3121.,  35479., 1866094, 20250910113000)
 (3123., 3124., 3114., 3118.,  56755., 1864141, 20250910134500)
 (3117., 3123., 3117., 3117.,  29603., 1866626, 20250910140000)
 (3118., 3119., 3114., 3115.,  29538., 1868645, 20250910141500)
 (3116., 3122., 3115., 3118.,  23708., 1868372, 20250910143000)
 (3118., 3119., 3111., 3113.,  42498., 1871270, 20250910144500)
 (3112., 3113., 3107., 3109.,  65645., 1867674, 20250910150000)]
2025-09-11 15:30:00  INFO  [(3110., 3114., 3103., 3109., 105796., 1885779, 20250910211500)
 (3109., 3111., 3106., 3108.,  35770., 1890556, 20250910213000)
 (3108., 3111., 3107., 3110.,  18709., 1893503, 20250910214500)
 (3109., 3111., 3105., 3106.,  31196., 1900347, 20250910220000)
 (3107., 3110., 3104., 3106.,  27340., 1902747, 20250910221500)
 (3105., 3108., 3105., 3106.,  14967., 1905616, 20250910223000)
 (3106., 3110., 3105., 3109.,  19792., 1904954, 20250910224500)
 (3109., 3118., 3107., 3115.,  58354., 1894357, 20250910230000)
 (3116., 3119., 3109., 3113.,  84058., 1906072, 20250911091500)
 (3113., 3114., 3110., 3114.,  26999., 1909330, 20250911093000)
 (3114., 3114., 3106., 3107.,  36362., 1919444, 20250911094500)
 (3107., 3111., 3105., 3108.,  41792., 1929723, 20250911100000)
 (3108., 3112., 3105., 3107.,  47723., 1932527, 20250911101500)
 (3108., 3112., 3094., 3096., 124700., 1961564, 20250911104500)
 (3096., 3099., 3092., 3097.,  84242., 1983656, 20250911110000)
 (3097., 3106., 3097., 3100.,  77030., 1976643, 20250911111500)
 (3101., 3103., 3085., 3086., 106127., 1996075, 20250911113000)
 (3085., 3097., 3082., 3089., 136684., 2011378, 20250911134500)
 (3089., 3094., 3086., 3088.,  55652., 2028289, 20250911140000)
 (3088., 3095., 3088., 3093.,  54792., 2032164, 20250911141500)
 (3093., 3103., 3090., 3102.,  93957., 2017958, 20250911143000)
 (3102., 3111., 3101., 3103., 132916., 1991288, 20250911144500)
 (3102., 3103., 3088., 3092., 127852., 2000701, 20250911150000)]
2025-09-12 15:30:00  INFO  [(3092., 3093., 3078., 3078., 172289., 2032384, 20250911211500)
 (3078., 3083., 3078., 3079.,  51733., 2042396, 20250911213000)
 (3079., 3081., 3075., 3080.,  54734., 2050860, 20250911214500)
 (3080., 3087., 3078., 3085.,  53214., 2052816, 20250911220000)
 (3085., 3087., 3082., 3083.,  35960., 2052156, 20250911221500)
 (3083., 3087., 3083., 3086.,  26202., 2045362, 20250911223000)
 (3085., 3088., 3082., 3083.,  34293., 2043536, 20250911224500)
 (3082., 3087., 3082., 3085.,  36435., 2036931, 20250911230000)
 (3085., 3089., 3083., 3087.,  51567., 2035520, 20250912091500)
 (3087., 3089., 3084., 3085.,  28085., 2036657, 20250912093000)
 (3086., 3088., 3082., 3085.,  32281., 2039793, 20250912094500)
 (3085., 3086., 3081., 3082.,  24295., 2040580, 20250912100000)
 (3082., 3086., 3080., 3086.,  35276., 2044723, 20250912101500)
 (3086., 3098., 3086., 3089., 106482., 2029474, 20250912104500)
 (3090., 3097., 3089., 3091.,  48153., 2029273, 20250912110000)
 (3091., 3116., 3090., 3114., 228465., 2000797, 20250912111500)
 (3114., 3137., 3114., 3136., 423512., 1955925, 20250912113000)
 (3134., 3135., 3123., 3126., 153506., 1942794, 20250912134500)
 (3125., 3130., 3119., 3119.,  77925., 1932805, 20250912140000)
 (3120., 3120., 3108., 3112., 157131., 1931756, 20250912141500)
 (3113., 3120., 3111., 3117.,  80798., 1932702, 20250912143000)
 (3118., 3124., 3117., 3120.,  63909., 1928384, 20250912144500)
 (3119., 3130., 3118., 3127., 132456., 1912183, 20250912150000)]
2025-09-15 15:30:00  INFO  [(3127., 3131., 3124., 3128., 121184., 1917035, 20250912211500)
 (3128., 3129., 3125., 3126.,  33450., 1921608, 20250912213000)
 (3127., 3134., 3125., 3133.,  44014., 1922011, 20250912214500)
 (3133., 3133., 3129., 3131.,  30743., 1921818, 20250912220000)
 (3132., 3134., 3128., 3128.,  33385., 1921841, 20250912221500)
 (3128., 3132., 3126., 3129.,  30717., 1919586, 20250912223000)
 (3130., 3131., 3126., 3126.,  21144., 1918733, 20250912224500)
 (3126., 3127., 3117., 3120.,  77952., 1911028, 20250912230000)
 (3119., 3129., 3110., 3117., 143459., 1927544, 20250915091500)
 (3118., 3121., 3117., 3119.,  50534., 1934078, 20250915093000)
 (3119., 3127., 3118., 3124.,  51432., 1937598, 20250915094500)
 (3124., 3124., 3120., 3124.,  21488., 1940229, 20250915100000)
 (3124., 3125., 3111., 3115.,  97675., 1957008, 20250915101500)
 (3115., 3122., 3114., 3118.,  54137., 1961504, 20250915104500)
 (3118., 3123., 3118., 3123.,  27494., 1963117, 20250915110000)
 (3123., 3132., 3123., 3128.,  88791., 1960762, 20250915111500)
 (3129., 3144., 3128., 3137., 149590., 1969311, 20250915113000)
 (3136., 3142., 3133., 3137.,  84791., 1977238, 20250915134500)
 (3138., 3139., 3134., 3136.,  38105., 1984026, 20250915140000)
 (3137., 3138., 3124., 3126.,  84372., 1981574, 20250915141500)
 (3126., 3132., 3121., 3128.,  86058., 1982678, 20250915143000)
 (3128., 3133., 3127., 3131.,  37171., 1987199, 20250915144500)
 (3131., 3136., 3131., 3136.,  63327., 1978070, 20250915150000)]
2025-09-16 15:30:00  INFO  [(3150., 3173., 3144., 3172., 392554., 1988129, 20250915211500)
 (3171., 3178., 3170., 3174., 140579., 1996224, 20250915213000)
 (3174., 3176., 3168., 3170.,  76486., 1997810, 20250915214500)
 (3170., 3175., 3169., 3174.,  49890., 2002723, 20250915220000)
 (3173., 3175., 3170., 3174.,  29845., 2000052, 20250915221500)
 (3173., 3178., 3173., 3174.,  47176., 1992486, 20250915223000)
 (3175., 3176., 3170., 3172.,  32221., 1989954, 20250915224500)
 (3172., 3177., 3171., 3175.,  51876., 1981421, 20250915230000)
 (3175., 3177., 3162., 3167., 151921., 1975908, 20250916091500)
 (3167., 3169., 3161., 3163.,  52710., 1977171, 20250916093000)
 (3163., 3165., 3158., 3161.,  58312., 1975247, 20250916094500)
 (3161., 3163., 3157., 3161.,  59152., 1978992, 20250916100000)
 (3161., 3179., 3159., 3176., 160927., 2016337, 20250916101500)
 (3177., 3180., 3169., 3171., 131944., 2018801, 20250916104500)
 (3171., 3172., 3159., 3160.,  88252., 1998903, 20250916110000)
 (3159., 3163., 3154., 3157., 123164., 1983517, 20250916111500)
 (3156., 3163., 3156., 3162.,  60367., 1973323, 20250916113000)
 (3163., 3166., 3159., 3166.,  44224., 1973596, 20250916134500)
 (3166., 3169., 3165., 3168.,  36792., 1974716, 20250916140000)
 (3167., 3173., 3166., 3169.,  63494., 1972936, 20250916141500)
 (3168., 3170., 3165., 3167.,  30607., 1971941, 20250916143000)
 (3167., 3172., 3167., 3170.,  33127., 1967355, 20250916144500)
 (3170., 3171., 3166., 3166.,  49736., 1956248, 20250916150000)]
2025-09-17 15:30:00  INFO  [(3168., 3170., 3155., 3158., 118398., 1966431, 20250916211500)
 (3158., 3160., 3151., 3154.,  88552., 1980782, 20250916213000)
 (3154., 3159., 3153., 3157.,  41439., 1984599, 20250916214500)
 (3157., 3159., 3151., 3153.,  45201., 1992385, 20250916220000)
 (3152., 3154., 3148., 3149.,  59789., 2000076, 20250916221500)
 (3150., 3152., 3148., 3151.,  37494., 2002416, 20250916223000)
 (3151., 3156., 3149., 3153.,  39066., 2004031, 20250916224500)
 (3153., 3156., 3151., 3151.,  34935., 1998681, 20250916230000)
 (3151., 3154., 3144., 3149.,  92549., 1995263, 20250917091500)
 (3149., 3151., 3146., 3146.,  38023., 1996104, 20250917093000)
 (3146., 3153., 3146., 3151.,  41827., 1994716, 20250917094500)
 (3151., 3154., 3149., 3150.,  33014., 1998494, 20250917100000)
 (3150., 3153., 3141., 3146.,  74589., 2003725, 20250917101500)
 (3145., 3151., 3144., 3147.,  34727., 2003809, 20250917104500)
 (3147., 3155., 3146., 3152.,  46018., 2001862, 20250917110000)
 (3153., 3159., 3152., 3158.,  46993., 1999036, 20250917111500)
 (3158., 3161., 3155., 3156.,  55748., 1992682, 20250917113000)
 (3156., 3161., 3155., 3161.,  46070., 1991734, 20250917134500)
 (3161., 3166., 3158., 3161.,  67413., 1987871, 20250917140000)
 (3162., 3164., 3159., 3162.,  27631., 1984284, 20250917141500)
 (3162., 3162., 3154., 3159.,  63239., 1975758, 20250917143000)
 (3159., 3163., 3158., 3162.,  28306., 1974334, 20250917144500)
 (3161., 3169., 3160., 3168.,  81073., 1963371, 20250917150000)]
2025-09-18 15:30:00  INFO  [(3166., 3176., 3160., 3164., 147557., 1968386, 20250917211500)
 (3165., 3170., 3164., 3166.,  36240., 1970436, 20250917213000)
 (3166., 3170., 3164., 3170.,  34165., 1972554, 20250917214500)
 (3170., 3174., 3168., 3170.,  55143., 1977679, 20250917220000)
 (3170., 3171., 3168., 3169.,  22593., 1979834, 20250917221500)
 (3169., 3169., 3166., 3166.,  24327., 1979530, 20250917223000)
 (3166., 3170., 3164., 3168.,  33369., 1975991, 20250917224500)
 (3168., 3171., 3166., 3169.,  40863., 1966991, 20250917230000)
 (3165., 3165., 3154., 3157., 132349., 1970322, 20250918091500)
 (3157., 3160., 3156., 3157.,  30663., 1971476, 20250918093000)
 (3157., 3163., 3156., 3158.,  46937., 1970447, 20250918094500)
 (3158., 3163., 3156., 3161.,  39817., 1975283, 20250918100000)
 (3160., 3161., 3147., 3148., 102504., 1984978, 20250918101500)
 (3148., 3151., 3134., 3135., 201556., 2026929, 20250918104500)
 (3135., 3143., 3134., 3143.,  79948., 2042622, 20250918110000)
 (3142., 3143., 3136., 3136.,  38284., 2045974, 20250918111500)
 (3137., 3138., 3123., 3135., 145516., 2058947, 20250918113000)
 (3135., 3147., 3134., 3140., 157043., 2048487, 20250918134500)
 (3139., 3148., 3137., 3140.,  81617., 2041417, 20250918140000)
 (3141., 3141., 3134., 3137.,  75339., 2034310, 20250918141500)
 (3138., 3143., 3132., 3142.,  64639., 2026894, 20250918143000)
 (3142., 3146., 3138., 3143.,  67482., 2015250, 20250918144500)
 (3143., 3149., 3143., 3147.,  69767., 1999684, 20250918150000)]
2025-09-19 15:30:00  INFO  [(3144., 3157., 3144., 3153., 126827., 2006702, 20250918211500)
 (3152., 3155., 3149., 3150.,  43661., 2008196, 20250918213000)
 (3150., 3154., 3146., 3147.,  46604., 2006990, 20250918214500)
 (3147., 3151., 3145., 3151.,  26276., 2005145, 20250918220000)
 (3151., 3156., 3149., 3154.,  47033., 2003961, 20250918221500)
 (3154., 3155., 3151., 3151.,  17954., 2002271, 20250918223000)
 (3151., 3152., 3141., 3145.,  58239., 1995861, 20250918224500)
 (3144., 3148., 3143., 3146.,  36015., 1992879, 20250918230000)
 (3146., 3152., 3145., 3151.,  44894., 1995795, 20250919091500)
 (3150., 3160., 3150., 3158.,  70114., 1992665, 20250919093000)
 (3158., 3160., 3156., 3158.,  41942., 1992485, 20250919094500)
 (3157., 3159., 3153., 3153.,  31436., 1991909, 20250919100000)
 (3154., 3159., 3153., 3158.,  32726., 1992959, 20250919101500)
 (3159., 3165., 3158., 3160.,  79738., 2000488, 20250919104500)
 (3160., 3165., 3158., 3162.,  39454., 2000539, 20250919110000)
 (3162., 3167., 3162., 3165.,  60547., 1998927, 20250919111500)
 (3165., 3167., 3159., 3160.,  42408., 1994894, 20250919113000)
 (3159., 3164., 3156., 3159.,  53702., 1988435, 20250919134500)
 (3158., 3169., 3157., 3165.,  62676., 1985267, 20250919140000)
 (3165., 3175., 3164., 3171., 103588., 1990529, 20250919141500)
 (3170., 3173., 3168., 3173.,  36213., 1992139, 20250919143000)
 (3172., 3175., 3166., 3167.,  68531., 1981486, 20250919144500)
 (3167., 3173., 3163., 3172.,  80013., 1970510, 20250919150000)]
2025-09-22 15:30:00  INFO  [(3172., 3194., 3171., 3186., 273293., 1967566, 20250919211500)
 (3185., 3191., 3185., 3190.,  73648., 1969439, 20250919213000)
 (3190., 3190., 3186., 3187.,  33801., 1965184, 20250919214500)
 (3188., 3189., 3183., 3184.,  39248., 1962478, 20250919220000)
 (3185., 3188., 3183., 3186.,  32590., 1962188, 20250919221500)
 (3185., 3189., 3184., 3188.,  22888., 1960549, 20250919223000)
 (3188., 3190., 3186., 3187.,  28362., 1957230, 20250919224500)
 (3187., 3188., 3184., 3188.,  51169., 1943990, 20250919230000)
 (3188., 3190., 3179., 3184., 129758., 1941323, 20250922091500)
 (3185., 3196., 3181., 3195., 100803., 1932889, 20250922093000)
 (3194., 3202., 3193., 3198., 132486., 1919120, 20250922094500)
 (3198., 3198., 3189., 3192.,  73079., 1906943, 20250922100000)
 (3192., 3198., 3190., 3191.,  55803., 1907923, 20250922101500)
 (3190., 3196., 3185., 3186.,  61145., 1905287, 20250922104500)
 (3187., 3187., 3181., 3186.,  73644., 1894674, 20250922110000)
 (3186., 3186., 3182., 3185.,  35529., 1892701, 20250922111500)
 (3184., 3186., 3176., 3182.,  97060., 1884094, 20250922113000)
 (3183., 3188., 3182., 3185.,  57388., 1882610, 20250922134500)
 (3186., 3188., 3181., 3184.,  36202., 1881219, 20250922140000)
 (3183., 3184., 3175., 3180.,  79566., 1875909, 20250922141500)
 (3180., 3191., 3179., 3190.,  59033., 1870025, 20250922143000)
 (3190., 3192., 3183., 3189.,  54070., 1868323, 20250922144500)
 (3189., 3190., 3184., 3185.,  51964., 1861142, 20250922150000)]
2025-09-23 15:30:00  INFO  [(3182., 3182., 3166., 3168., 181230., 1867269, 20250922211500)
 (3169., 3173., 3167., 3168.,  50541., 1871652, 20250922213000)
 (3169., 3173., 3168., 3172.,  35299., 1870901, 20250922214500)
 (3171., 3174., 3171., 3174.,  21853., 1870469, 20250922220000)
 (3173., 3175., 3171., 3171.,  21233., 1868260, 20250922221500)
 (3171., 3173., 3165., 3165.,  49681., 1873176, 20250922223000)
 (3166., 3169., 3164., 3168.,  38443., 1873276, 20250922224500)
 (3168., 3172., 3168., 3170.,  31981., 1864844, 20250922230000)
 (3170., 3175., 3168., 3173.,  44935., 1866476, 20250923091500)
 (3173., 3181., 3171., 3180.,  49456., 1870816, 20250923093000)
 (3180., 3180., 3173., 3174.,  36694., 1869889, 20250923094500)
 (3175., 3179., 3173., 3173.,  26994., 1872316, 20250923100000)
 (3173., 3174., 3157., 3164., 145461., 1869416, 20250923101500)
 (3161., 3162., 3152., 3158., 116272., 1871791, 20250923104500)
 (3157., 3162., 3157., 3158.,  35851., 1873607, 20250923110000)
 (3158., 3160., 3153., 3153.,  41994., 1876265, 20250923111500)
 (3153., 3155., 3150., 3153.,  56150., 1878206, 20250923113000)
 (3153., 3157., 3148., 3149.,  58916., 1882855, 20250923134500)
 (3150., 3153., 3148., 3152.,  48597., 1886778, 20250923140000)
 (3152., 3153., 3146., 3148.,  43752., 1891747, 20250923141500)
 (3148., 3153., 3146., 3152.,  53011., 1895541, 20250923143000)
 (3152., 3155., 3149., 3154.,  39320., 1897868, 20250923144500)
 (3153., 3157., 3152., 3155.,  62712., 1881412, 20250923150000)]
2025-09-24 15:30:00  INFO  [(3156., 3159., 3145., 3151., 104679., 1895765, 20250923211500)
 (3151., 3151., 3142., 3144.,  73601., 1906782, 20250923213000)
 (3144., 3147., 3143., 3146.,  28205., 1911274, 20250923214500)
 (3147., 3150., 3144., 3148.,  26746., 1912510, 20250923220000)
 (3149., 3151., 3148., 3150.,  21541., 1914420, 20250923221500)
 (3149., 3152., 3149., 3152.,  18792., 1914807, 20250923223000)
 (3152., 3152., 3144., 3146.,  28682., 1911540, 20250923224500)
 (3146., 3147., 3144., 3145.,  24552., 1908945, 20250923230000)
 (3145., 3153., 3140., 3153.,  67796., 1909206, 20250924091500)
 (3153., 3154., 3147., 3148.,  34833., 1914958, 20250924093000)
 (3148., 3152., 3147., 3151.,  18894., 1916906, 20250924094500)
 (3150., 3154., 3148., 3154.,  24428., 1920103, 20250924100000)
 (3153., 3156., 3150., 3154.,  38722., 1921595, 20250924101500)
 (3154., 3158., 3149., 3149.,  41602., 1919534, 20250924104500)
 (3149., 3157., 3146., 3156.,  50986., 1920534, 20250924110000)
 (3156., 3160., 3151., 3152.,  60050., 1915632, 20250924111500)
 (3152., 3157., 3150., 3155.,  31069., 1915367, 20250924113000)
 (3155., 3170., 3154., 3168., 130796., 1916785, 20250924134500)
 (3169., 3170., 3163., 3164.,  69862., 1914675, 20250924140000)
 (3164., 3173., 3163., 3173.,  63364., 1913397, 20250924141500)
 (3173., 3179., 3169., 3171., 127150., 1894957, 20250924143000)
 (3170., 3172., 3162., 3163.,  66300., 1887723, 20250924144500)
 (3163., 3169., 3163., 3164.,  52502., 1882224, 20250924150000)]
2025-09-25 15:30:00  INFO  [(3168., 3170., 3159., 3167., 86549., 1892126, 20250924211500)
 (3167., 3168., 3163., 3166., 31544., 1897794, 20250924213000)
 (3166., 3169., 3165., 3168., 16733., 1898146, 20250924214500)
 (3167., 3169., 3166., 3167., 16134., 1897890, 20250924220000)
 (3167., 3169., 3163., 3164., 22208., 1897468, 20250924221500)
 (3164., 3165., 3161., 3163., 26669., 1897148, 20250924223000)
 (3163., 3165., 3160., 3163., 22806., 1896404, 20250924224500)
 (3163., 3165., 3161., 3164., 20815., 1890217, 20250924230000)
 (3162., 3162., 3155., 3159., 66962., 1887649, 20250925091500)
 (3158., 3161., 3156., 3158., 34241., 1895006, 20250925093000)
 (3158., 3159., 3155., 3158., 27668., 1898198, 20250925094500)
 (3158., 3159., 3154., 3157., 28006., 1900365, 20250925100000)
 (3156., 3164., 3152., 3163., 56956., 1899095, 20250925101500)
 (3164., 3168., 3163., 3166., 56833., 1899160, 20250925104500)
 (3165., 3169., 3165., 3168., 38915., 1898574, 20250925110000)
 (3169., 3171., 3166., 3170., 36543., 1898666, 20250925111500)
 (3170., 3171., 3167., 3170., 42902., 1893486, 20250925113000)
 (3169., 3175., 3165., 3172., 90653., 1882475, 20250925134500)
 (3173., 3173., 3168., 3170., 37431., 1878503, 20250925140000)
 (3169., 3173., 3168., 3169., 30564., 1876999, 20250925141500)
 (3170., 3171., 3168., 3169., 20690., 1878562, 20250925143000)
 (3169., 3172., 3168., 3171., 28392., 1879266, 20250925144500)
 (3171., 3172., 3166., 3167., 42801., 1870449, 20250925150000)]
2025-09-26 15:30:00  INFO  [(3165., 3171., 3156., 3157., 123952., 1875346, 20250925211500)
 (3157., 3158., 3155., 3156.,  39676., 1876384, 20250925213000)
 (3156., 3157., 3153., 3153.,  38102., 1882066, 20250925214500)
 (3154., 3157., 3153., 3156.,  23271., 1884652, 20250925220000)
 (3155., 3158., 3155., 3156.,  24365., 1886015, 20250925221500)
 (3157., 3158., 3155., 3157.,  11497., 1885199, 20250925223000)
 (3157., 3158., 3156., 3157.,   8967., 1884452, 20250925224500)
 (3157., 3157., 3155., 3157.,  25900., 1877082, 20250925230000)
 (3156., 3157., 3149., 3153.,  76551., 1886057, 20250926091500)
 (3154., 3155., 3143., 3144.,  77105., 1899730, 20250926093000)
 (3144., 3145., 3132., 3134., 151509., 1919488, 20250926094500)
 (3134., 3140., 3131., 3137.,  80753., 1924019, 20250926100000)
 (3137., 3141., 3135., 3140.,  42624., 1924670, 20250926101500)
 (3141., 3143., 3136., 3140.,  36740., 1925167, 20250926104500)
 (3139., 3143., 3137., 3143.,  37954., 1927016, 20250926110000)
 (3143., 3147., 3139., 3143.,  47467., 1924927, 20250926111500)
 (3144., 3144., 3137., 3138.,  30760., 1922406, 20250926113000)
 (3137., 3146., 3136., 3145.,  48432., 1921562, 20250926134500)
 (3145., 3145., 3137., 3138.,  35126., 1923706, 20250926140000)
 (3138., 3142., 3126., 3127., 100714., 1943216, 20250926141500)
 (3127., 3130., 3122., 3126.,  99915., 1962283, 20250926143000)
 (3126., 3126., 3116., 3120., 110977., 1978828, 20250926144500)
 (3121., 3121., 3113., 3114., 116399., 1976545, 20250926150000)]
2025-09-29 15:30:00  INFO  [(3115., 3117., 3107., 3114., 136078., 1973110, 20250926211500)
 (3113., 3116., 3112., 3115.,  35736., 1974571, 20250926213000)
 (3116., 3116., 3109., 3111.,  43648., 1974896, 20250926214500)
 (3111., 3114., 3109., 3112.,  25870., 1976101, 20250926220000)
 (3112., 3116., 3111., 3113.,  20007., 1974533, 20250926221500)
 (3113., 3114., 3110., 3111.,  12183., 1974336, 20250926223000)
 (3111., 3113., 3108., 3108.,  24221., 1975464, 20250926224500)
 (3109., 3110., 3098., 3099.,  75958., 1963946, 20250926230000)
 (3105., 3113., 3101., 3104., 134003., 1956184, 20250929091500)
 (3103., 3109., 3102., 3103.,  56112., 1952641, 20250929093000)
 (3103., 3108., 3097., 3107.,  72458., 1953449, 20250929094500)
 (3107., 3113., 3106., 3112.,  68004., 1946995, 20250929100000)
 (3113., 3113., 3104., 3105.,  31380., 1945096, 20250929101500)
 (3106., 3111., 3101., 3110.,  49965., 1946196, 20250929104500)
 (3111., 3113., 3105., 3105.,  28540., 1947613, 20250929110000)
 (3106., 3107., 3101., 3104.,  29844., 1950535, 20250929111500)
 (3104., 3109., 3104., 3106.,  27823., 1946811, 20250929113000)
 (3107., 3111., 3107., 3108.,  41702., 1943404, 20250929134500)
 (3107., 3112., 3107., 3110.,  40093., 1946339, 20250929140000)
 (3111., 3113., 3109., 3110.,  50407., 1940246, 20250929141500)
 (3110., 3113., 3109., 3110.,  28623., 1937722, 20250929143000)
 (3109., 3110., 3100., 3101.,  42750., 1934394, 20250929144500)
 (3101., 3102., 3097., 3097.,  70283., 1926639, 20250929150000)]
2025-09-30 15:30:00  INFO  [(3106., 3106., 3097., 3101., 89627., 1933058, 20250929211500)
 (3102., 3106., 3099., 3105., 33186., 1929328, 20250929213000)
 (3104., 3109., 3104., 3106., 33692., 1923803, 20250929214500)
 (3106., 3107., 3104., 3106., 20202., 1922970, 20250929220000)
 (3105., 3110., 3104., 3109., 23825., 1919524, 20250929221500)
 (3110., 3111., 3108., 3109., 18987., 1917579, 20250929223000)
 (3110., 3111., 3107., 3107., 13664., 1915801, 20250929224500)
 (3107., 3108., 3098., 3100., 35883., 1914400, 20250929230000)
 (3101., 3103., 3094., 3098., 47645., 1915891, 20250930091500)
 (3098., 3103., 3098., 3103., 20938., 1914544, 20250930093000)
 (3102., 3103., 3100., 3101., 12024., 1913274, 20250930094500)
 (3101., 3102., 3093., 3098., 49206., 1917879, 20250930100000)
 (3099., 3100., 3090., 3094., 43105., 1913225, 20250930101500)
 (3093., 3095., 3088., 3090., 41309., 1912655, 20250930104500)
 (3091., 3093., 3089., 3089., 23070., 1914052, 20250930110000)
 (3089., 3092., 3086., 3088., 36627., 1913521, 20250930111500)
 (3088., 3088., 3082., 3083., 35665., 1910141, 20250930113000)
 (3083., 3091., 3083., 3086., 57508., 1905660, 20250930134500)
 (3085., 3086., 3080., 3082., 46032., 1903823, 20250930140000)
 (3081., 3082., 3071., 3072., 91611., 1898596, 20250930141500)
 (3071., 3077., 3068., 3076., 65803., 1897997, 20250930143000)
 (3076., 3080., 3072., 3072., 47739., 1889581, 20250930144500)
 (3073., 3076., 3070., 3072., 72480., 1873832, 20250930150000)]
