{
  "Code" : 0,
  "Msg" : "",
  "Obj" : [ {
    "TS" : "1655704106,762.50,16,-1,0",
    "N" : "铁矿石2209",
    "M" : "DCE",
    "S" : "I",
    "C" : "2209",
    "FS" : "DCEI2209",
    "P" : 762.5,
    "NV" : 16,
    "Tick" : 1655704106,
    "B1" : 762.5,
    "B2" : 0,
    "B3" : 0,
    "B4" : 0,
    "B5" : 0,
    "B1V" : 66,
    "B2V" : 0,
    "B3V" : 0,
    "B4V" : 0,
    "B5V" : 0,
    "S1" : 763.0,
    "S2" : 0,
    "S3" : 0,
    "S4" : 0,
    "S5" : 0,
    "S1V" : 410,
    "S2V" : 0,
    "S3V" : 0,
    "S4V" : 0,
    "S5V" : 0,
    "ZT" : 930.0,
    "DT" : 746.0,
    "O" : 814.5,
    "H" : 820.0,
    "L" : 747.5,
    "YC" : 821.5,
    "A" : 5.41964242E10,
    "V" : 696407,
    "OV" : 334110,
    "IV" : 362297,
    "SY" : 0.0,
    "SJ" : 0.0,
    "HS" : 0,
    "ZS" : 0.0,
    "LS" : 0.0,
    "Z" : 0,
    "Z2" : 0,
    "VF" : 8.825,
    "ZF" : -9.01,
    "JS" : 0,
    "YJS" : 838.0,
    "HD" : 640657,
    "YHD" : 616541,
    "AVP" : 77822.92,
    "SY2" : 0,
    "QJ" : 0
  }, {
    "TS" : "1655704106,702.00,5,0,0",
    "N" : "铁矿石2301",
    "M" : "DCE",
    "S" : "I",
    "C" : "2301",
    "FS" : "DCEI2301",
    "P" : 702.0,
    "NV" : 5,
    "Tick" : 1655704106,
    "B1" : 701.5,
    "B2" : 0,
    "B3" : 0,
    "B4" : 0,
    "B5" : 0,
    "B1V" : 51,
    "B2V" : 0,
    "B3V" : 0,
    "B4V" : 0,
    "B5V" : 0,
    "S1" : 702.5,
    "S2" : 0,
    "S3" : 0,
    "S4" : 0,
    "S5" : 0,
    "S1V" : 45,
    "S2V" : 0,
    "S3V" : 0,
    "S4V" : 0,
    "S5V" : 0,
    "ZT" : 846.5,
    "DT" : 679.5,
    "O" : 745.0,
    "H" : 752.5,
    "L" : 690.0,
    "YC" : 748.0,
    "A" : 1.67834003E10,
    "V" : 234275,
    "OV" : 116897,
    "IV" : 117378,
    "SY" : 0.0,
    "SJ" : 0.0,
    "HS" : 0,
    "ZS" : 0.0,
    "LS" : 0.0,
    "Z" : 0,
    "Z2" : 0,
    "VF" : 8.356,
    "ZF" : -7.995,
    "JS" : 0,
    "YJS" : 763.0,
    "HD" : 235526,
    "YHD" : 218439,
    "AVP" : 71639.74,
    "SY2" : 0,
    "QJ" : 0
  }, {
    "TS" : "1655704106,2973.00,1,-1,0",
    "N" : "焦炭2209",
    "M" : "DCE",
    "S" : "J",
    "C" : "2209",
    "FS" : "DCEJ2209",
    "P" : 2973.0,
    "NV" : 1,
    "Tick" : 1655704106,
    "B1" : 2972.0,
    "B2" : 0,
    "B3" : 0,
    "B4" : 0,
    "B5" : 0,
    "B1V" : 4,
    "B2V" : 0,
    "B3V" : 0,
    "B4V" : 0,
    "B5V" : 0,
    "S1" : 2973.0,
    "S2" : 0,
    "S3" : 0,
    "S4" : 0,
    "S5" : 0,
    "S1V" : 4,
    "S2V" : 0,
    "S3V" : 0,
    "S4V" : 0,
    "S5V" : 0,
    "ZT" : 3795.0,
    "DT" : 2805.0,
    "O" : 3238.5,
    "H" : 3238.5,
    "L" : 2920.0,
    "YC" : 3263.5,
    "A" : 1.66774095E10,
    "V" : 54275,
    "OV" : 26280,
    "IV" : 27995,
    "SY" : 0.0,
    "SJ" : 0.0,
    "HS" : 0,
    "ZS" : 0.0,
    "LS" : 0.0,
    "Z" : 0,
    "Z2" : 0,
    "VF" : 9.759,
    "ZF" : -9.909,
    "JS" : 0,
    "YJS" : 3300.0,
    "HD" : 35082,
    "YHD" : 32669,
    "AVP" : 307276.08,
    "SY2" : 0,
    "QJ" : 0
  }, {
    "TS" : "1655704030,2873.50,1,1,0",
    "N" : "焦炭2301",
    "M" : "DCE",
    "S" : "J",
    "C" : "2301",
    "FS" : "DCEJ2301",
    "P" : 2873.5,
    "NV" : 1,
    "Tick" : 1655704093,
    "B1" : 2860.5,
    "B2" : 0,
    "B3" : 0,
    "B4" : 0,
    "B5" : 0,
    "B1V" : 1,
    "B2V" : 0,
    "B3V" : 0,
    "B4V" : 0,
    "B5V" : 0,
    "S1" : 2879.0,
    "S2" : 0,
    "S3" : 0,
    "S4" : 0,
    "S5" : 0,
    "S1V" : 1,
    "S2V" : 0,
    "S3V" : 0,
    "S4V" : 0,
    "S5V" : 0,
    "ZT" : 3634.0,
    "DT" : 2686.0,
    "O" : 3112.0,
    "H" : 3112.0,
    "L" : 2829.0,
    "YC" : 3131.0,
    "A" : 3.1956155E8,
    "V" : 1084,
    "OV" : 484,
    "IV" : 600,
    "SY" : 0.0,
    "SJ" : 0.0,
    "HS" : 0,
    "ZS" : 0.0,
    "LS" : 0.0,
    "Z" : 0,
    "Z2" : 0,
    "VF" : 9.039,
    "ZF" : -9.066,
    "JS" : 0,
    "YJS" : 3160.0,
    "HD" : 1659,
    "YHD" : 1510,
    "AVP" : 294798.48,
    "SY2" : 0,
    "QJ" : 0
  } ]
}